timestamp,x,y,z,enmo
1970-01-01 00:00:00,0.3428406255950948,0.2787162996315141,0.6236242175038863,0.012145747694663632
1970-01-01 00:01:00,0.326979458955852,0.27811741723693667,0.6240866100475154,0.012126842459534265
1970-01-01 00:02:00,0.311287800607882,0.2727945329667368,0.633027133688513,0.011712670252901633
1970-01-01 00:03:00,0.3257786034371521,0.2546025088086008,0.6327529455072926,0.012176472455534567
1970-01-01 00:04:00,0.2896049007015032,0.21699711497251717,0.6322443510878674,0.012175463122725399
1970-01-01 00:05:00,0.2883244845377778,0.2035992173556845,0.6252116393302617,0.0119438957383535
1970-01-01 00:06:00,0.2949672091699477,0.25671819099508264,0.6294758944262318,0.011987366139916035
1970-01-01 00:07:00,0.3462166366831884,0.28230465378866404,0.6399647301090261,0.012066292765219299
1970-01-01 00:08:00,0.343577847073317,0.27627943965980345,0.634039066576267,0.0122118238373961
1970-01-01 00:09:00,0.33927264918048833,0.2816366388198214,0.6317772567139996,0.012242892707854733
1970-01-01 00:10:00,0.3110781352204823,0.30301770034027803,0.6186423201568869,0.0075257843435051
1970-01-01 00:11:00,0.22612412363021675,0.3748856157403966,0.59044759184436,0.009600307810211267
1970-01-01 00:12:00,0.2268278338341229,0.37550632414612,0.5931722401700003,0.009864692678777468
1970-01-01 00:13:00,0.2216528499035341,0.36748639549428413,0.5917285258174925,0.009928929479943232
1970-01-01 00:14:00,0.30269029479529747,0.03192870074667511,0.36840277354604867,0.0
1970-01-01 00:15:00,0.13325290003414317,-0.30359175007931705,0.5341683724818244,0.0
1970-01-01 00:16:00,0.12897541408960483,-0.3300781815143061,0.5401050954799912,0.0
1970-01-01 00:17:00,0.13853851266486625,-0.3651091521179532,0.5358151639317211,0.0
1970-01-01 00:18:00,0.1475406550812983,0.05484849774015136,0.9245786296956444,0.0
1970-01-01 00:19:00,0.10922691141317632,0.15924508285783504,0.9223020143142402,0.0
1970-01-01 00:20:00,0.11674446620210814,0.1454214936621414,0.9213031360548648,0.0
1970-01-01 00:21:00,0.09863573540793234,0.0997036485263237,0.9259185627854524,0.0
1970-01-01 00:22:00,0.09338299005081034,0.08311172946886752,0.9283222800485044,0.0
1970-01-01 00:23:00,0.0851487670332778,0.07064468355683264,0.9283034727275501,0.0
1970-01-01 00:24:00,0.07909475366291474,0.061854697934909754,0.9285969141494684,0.0
1970-01-01 00:25:00,0.08376808759329647,-0.2829533803407303,0.5509353187936151,0.0
1970-01-01 00:26:00,0.059012261924985765,-0.16365893299823156,0.7107108286301341,0.0
1970-01-01 00:27:00,0.11717187354257493,-0.0831923892005345,0.9175056867964577,0.0
1970-01-01 00:28:00,0.10754016565403328,-0.11464474771477713,0.9167052838082932,0.0
1970-01-01 00:29:00,0.11073773875021907,-0.166585217986112,0.9070009324345781,0.0
1970-01-01 00:30:00,0.11533333117161543,-0.12536765642444045,0.9199611143556691,0.0
1970-01-01 00:31:00,0.1135421261727953,-0.1201146032418494,0.9203157615412301,0.0
1970-01-01 00:32:00,0.10753260362501967,0.0010944927970228575,0.9198874490697766,0.0
1970-01-01 00:33:00,0.11348237352914116,0.07526269699954176,0.9182074693871916,0.0
1970-01-01 00:34:00,0.1034568592034143,0.097167214971296,0.9199147124717526,0.0
1970-01-01 00:35:00,0.10182357712218076,0.07316382300129724,0.9198752354591498,0.0
1970-01-01 00:36:00,0.08673894588109321,0.07006184334793665,0.8914384743692726,0.0
1970-01-01 00:37:00,0.05429415666655054,0.09633366246337245,0.8704468745693371,0.0
1970-01-01 00:38:00,0.06068195328375257,0.09569754627055989,0.8725100173493273,0.0
1970-01-01 00:39:00,0.0785309310369856,0.1358287609830914,0.8766996530223062,0.0
1970-01-01 00:40:00,0.08883803965470653,0.1362404215547871,0.8756173795738075,0.0
1970-01-01 00:41:00,0.08001988724665521,0.16151251622462592,0.8787565463682417,0.0
1970-01-01 00:42:00,0.0760683254165197,0.1664931998200732,0.8793368715687889,0.0
1970-01-01 00:43:00,0.06762487851723215,0.17637969447922605,0.879644474221391,0.0
1970-01-01 00:44:00,0.03598387190635103,0.2295686982994083,0.8831239597507987,0.0
1970-01-01 00:45:00,0.01816622777553203,0.2025017651567174,0.8839932409452546,0.0
1970-01-01 00:46:00,0.0321362597586258,0.16281279712673916,0.8804759112564232,0.0
1970-01-01 00:47:00,0.030605977956686733,0.15439623100178856,0.8841499981292683,0.0
1970-01-01 00:48:00,0.034060135543905995,0.15871698821044586,0.8847634230343195,0.0
1970-01-01 00:49:00,0.0492504758508004,0.17696939834097777,0.8846733997072412,0.0
1970-01-01 00:50:00,0.05130327792353833,0.19162616885392927,0.8831020309916386,0.0
1970-01-01 00:51:00,0.033219233270170005,0.16560138724993023,0.88681927043615,0.0
1970-01-01 00:52:00,0.04122512815793483,0.18283300617735374,0.8836439021719364,0.0
1970-01-01 00:53:00,0.03572974391288993,0.19596506378829928,0.8831214940769218,0.0
1970-01-01 00:54:00,0.030425090106389097,0.20167849800469562,0.8775979124424582,0.0
1970-01-01 00:55:00,0.027990900187572037,0.19742201414704272,0.8772660956920096,0.0
1970-01-01 00:56:00,0.020497334425271733,0.1852821424367188,0.8779155122222554,0.0
1970-01-01 00:57:00,0.009618519152250636,0.2122647916770609,0.8723918256654991,0.0
1970-01-01 00:58:00,0.0030239916663704672,0.2205505468369415,0.8746824891582402,0.0
1970-01-01 00:59:00,0.009628248874392306,0.20777056019799678,0.8761856059224858,0.0
1970-01-01 01:00:00,0.014631045603517702,0.21141533533634027,0.8737701898238052,0.0
1970-01-01 01:01:00,-0.0015976728252070037,0.17293187310812808,0.8779612583418429,0.0
1970-01-01 01:02:00,0.003615645745877196,0.17335457828936007,0.8779393295826826,0.0
1970-01-01 01:03:00,0.0055410087080661015,0.18118127857845026,0.8777812641488326,0.0
1970-01-01 01:04:00,0.04047385153008877,0.08307091536793833,0.9046715591734992,0.0
1970-01-01 01:05:00,0.0771032279262441,-0.015652401737843432,0.9335797262877069,0.0
1970-01-01 01:06:00,0.0840768029463269,0.0517568793680562,0.9260919009705236,0.0
1970-01-01 01:07:00,0.0687468273503954,0.13058186956555184,0.9108323994675495,0.0
1970-01-01 01:08:00,0.0397132402114673,0.13918852580489233,0.9070411537396943,0.0
1970-01-01 01:09:00,0.011524505659939033,0.10740514620385729,0.9028351370737783,0.0
1970-01-01 01:10:00,0.011562800465338733,0.10198909982547599,0.9029176125534303,0.0
1970-01-01 01:11:00,0.020910165440278166,0.1250263263605221,0.9020104445748695,0.0
1970-01-01 01:12:00,-0.003343004391657333,0.16212736656675172,0.8997224631582338,0.0
1970-01-01 01:13:00,0.012809911169409502,0.16373777389563635,0.9005274597755227,0.0
1970-01-01 01:14:00,0.0005362069457870317,0.1592135130917132,0.9006397003980657,0.0
1970-01-01 01:15:00,0.006558317383825764,0.17159378137501755,0.8970698079194475,0.0
1970-01-01 01:16:00,-0.01568383407124263,0.1834609055586108,0.885696234676964,0.0
1970-01-01 01:17:00,0.003906910007369299,0.1900752262696974,0.8831690763366306,0.0
1970-01-01 01:18:00,0.022759795246226764,0.17651560087979853,0.8868144964718354,0.0
1970-01-01 01:19:00,0.025588568386596598,0.17051762539688264,0.8864390156535437,0.0
1970-01-01 01:20:00,-0.0022999788419872332,0.1909306655290577,0.8792513828520455,0.0
1970-01-01 01:21:00,-0.014484060739311166,0.19972802266015624,0.8754798461210967,0.0
1970-01-01 01:22:00,-0.0032460225314153344,0.18101898389600365,0.8808277353765481,0.0
1970-01-01 01:23:00,0.0062603209911485614,0.19383867106388042,0.880048851294838,0.0
1970-01-01 01:24:00,0.00603565437060033,0.18969295050088653,0.879885598765146,0.0
1970-01-01 01:25:00,-0.01898931380268513,0.06315531122139194,0.8202666995493133,0.0
1970-01-01 01:26:00,-0.019708297446227534,0.16303140143317954,0.8610371515509759,0.0
1970-01-01 01:27:00,0.032298637567755965,0.24792809907765098,0.8792004791460108,0.0
1970-01-01 01:28:00,0.0799856788581632,0.21373968404280222,0.8973216378158724,0.0
1970-01-01 01:29:00,0.08144191053665817,0.13820788730843594,0.9016075626440925,0.0
1970-01-01 01:30:00,0.11814160915521187,-0.030943307635236672,0.9286724352484121,0.0
1970-01-01 01:31:00,0.13167887265786662,-0.022797299012088726,0.92041224742577,0.0
1970-01-01 01:32:00,0.16794292139072056,0.10630212951936457,0.9291227322189938,0.0
1970-01-01 01:33:00,0.16758247352665098,0.10430118911658649,0.9290818387554404,0.0
1970-01-01 01:34:00,0.17476835964841086,0.11748686690642962,0.9272509185184394,0.0
1970-01-01 01:35:00,0.13648635127325193,0.06748808488423777,0.9268804870854807,0.0
1970-01-01 01:36:00,0.11867294294094975,-0.01430652849859466,0.9085092756405254,0.0
1970-01-01 01:37:00,0.10441983944772708,-0.15939212329114968,0.8739435640759147,0.0
1970-01-01 01:38:00,0.1315616811257043,-0.06274996763993522,0.9037926939833758,0.0
1970-01-01 01:39:00,0.14438304488514753,0.06256863762525697,0.9303045670867353,0.0
1970-01-01 01:40:00,0.1420938381169746,0.011702531493479737,0.9315856125398035,0.0
1970-01-01 01:41:00,0.14351106127793745,-0.0005579704342908998,0.9297745816348998,0.0
1970-01-01 01:42:00,0.09941582442858939,0.012898784524286935,0.9258955749669012,0.0
1970-01-01 01:43:00,0.0685979768758703,0.027983804457232402,0.928279209447379,0.0
1970-01-01 01:44:00,0.04728649940244566,0.029977594378003864,0.9272957203373933,0.0
1970-01-01 01:45:00,0.06591038263449868,0.0591039000831827,0.9254171391489643,0.0
1970-01-01 01:46:00,0.07545313211500453,0.08426165790458946,0.922756204885525,0.0
1970-01-01 01:47:00,0.04438074493950147,0.06386062072876043,0.9177366404354705,0.0
1970-01-01 01:48:00,0.023172599704502694,-0.10549236020973363,0.8940373798848364,0.0
1970-01-01 01:49:00,0.03087836038278413,-0.07196618981610546,0.9073853119748138,0.0
1970-01-01 01:50:00,0.07743134297091424,0.06408835632557826,0.9223401978317041,0.0
1970-01-01 01:51:00,0.08287715575886541,0.06287904750671854,0.9236786292211989,0.0
1970-01-01 01:52:00,0.10100453103765694,0.0723817006473431,0.9226326588859508,0.0
1970-01-01 01:53:00,0.0548690667274688,0.022708645183265833,0.9244962886476799,0.0
1970-01-01 01:54:00,0.0426673080063972,0.0039465801452809686,0.9222938418512906,0.0
1970-01-01 01:55:00,0.020158550214118,-0.04759787355368913,0.9136353362176012,0.0
1970-01-01 01:56:00,0.030245055391059168,-0.035750493339053,0.9209254125225682,0.0
1970-01-01 01:57:00,0.01047043914955816,-0.12689899676706026,0.8945437348690785,0.0
1970-01-01 01:58:00,0.019810587332980762,-0.06936254375489274,0.9159184649782027,0.0
1970-01-01 01:59:00,0.0173915380701474,-0.055320836175084744,0.9008786412466051,0.0
1970-01-01 02:00:00,0.055316408213776834,0.010366504930254969,0.9180225930287524,0.0
1970-01-01 02:01:00,0.07958406806179846,-0.18876818294854633,0.8915608858965576,0.0
1970-01-01 02:02:00,0.21816353784429832,-0.26672302798739694,0.7199360097298638,0.0
1970-01-01 02:03:00,0.21362956035728328,-0.37991663279011917,0.6571215250355559,0.0
1970-01-01 02:04:00,0.18879290927965645,-0.30111919506340384,0.6587374594949539,0.0
1970-01-01 02:05:00,0.024778455322299036,-0.036324198883111065,0.8218546033624703,0.0
1970-01-01 02:06:00,0.10857867987910746,0.11392411140737387,0.9280099788444853,0.0
1970-01-01 02:07:00,0.115991118149282,0.13351452216058013,0.9274152792898475,0.0
1970-01-01 02:08:00,-0.011580517124182205,-0.05171613613079953,0.784067187226162,0.0
1970-01-01 02:09:00,0.08637150031853336,0.025174579507486302,0.5239285796970571,0.0
1970-01-01 02:10:00,0.028147906897955894,0.34755096301726573,0.6251241505323148,0.0
1970-01-01 02:11:00,0.02405315117689454,0.3497126795952213,0.6234109104829657,0.0
1970-01-01 02:12:00,0.025371460475470564,0.3616206010074408,0.6226823300829293,0.0
1970-01-01 02:13:00,0.11196028115897405,0.0365252273115283,0.9354511202990908,0.0
1970-01-01 02:14:00,0.12279990865653201,0.055942567042369204,0.935073645957239,0.0
1970-01-01 02:15:00,0.102473075080336,0.057941059273983644,0.9271704791870289,0.0
1970-01-01 02:16:00,0.0517394307273222,-0.06718679448254145,0.9282751781361668,0.0
1970-01-01 02:17:00,0.03026093465611025,-0.05737207460030185,0.9324502312498806,0.0
1970-01-01 02:18:00,0.006117117141448851,-0.07596798288568604,0.926416455131029,0.0
1970-01-01 02:19:00,0.128343753955376,-0.060563480833962104,0.9056307063115943,0.0
1970-01-01 02:20:00,0.2081207732623076,-0.08785587012533709,0.8719590359630897,0.0
1970-01-01 02:21:00,0.2607102102425448,-0.025072863141689758,0.8825222336813761,0.0
1970-01-01 02:22:00,0.22533999632672613,0.027290612637870304,0.887255702909407,0.0
1970-01-01 02:23:00,0.09987013539686145,0.0190475983959202,0.9065922060042195,0.0
1970-01-01 02:24:00,-0.1253451870388804,0.4408319686306039,0.5494648131894483,0.0
1970-01-01 02:25:00,-0.1335297755270842,0.5275934708139602,0.5074068039949307,0.0
1970-01-01 02:26:00,-0.12737237514503855,0.5208308746169803,0.5038803722972136,0.0
1970-01-01 02:27:00,0.39302489584337436,0.15748634267722683,0.43717590016121866,0.0
1970-01-01 02:28:00,0.46951301013829483,0.0801475020460265,0.4185213591802975,0.0230344177849537
1970-01-01 02:29:00,0.46837019601392677,0.08930298224420785,0.4174994685112085,0.02313320168121535
1970-01-01 02:30:00,0.6203932852879057,0.07634492700675255,0.3344527771434078,0.02318789794459515
1970-01-01 02:31:00,1.032979483754527,0.1242083976051658,-0.005231214026633756,0.0441747489945267
1970-01-01 02:32:00,1.031215187362899,0.1361449783112416,-0.006151946490338997,0.044321890412969245
1970-01-01 02:33:00,1.0341439432740591,0.1190133868320856,-0.010177426318262649,0.0443297255784281
1970-01-01 02:34:00,1.0322648421364236,0.1319692149255464,-0.011701222610621599,0.04450744658746015
1970-01-01 02:35:00,1.0317468265510379,0.13124421881505088,-0.013044332878603397,0.0445216221354285
1970-01-01 02:36:00,1.0304740703442699,0.123724160822165,0.005128698389089005,0.0436508425798266
1970-01-01 02:37:00,1.017879821403969,0.1728530996999353,0.018626329999489794,0.0433186743690281
1970-01-01 02:38:00,0.7343103364119221,0.284410241009863,0.28641334952090336,0.01986609533821725
1970-01-01 02:39:00,0.7394891754569668,0.30519936798704084,0.28221834280391306,0.01982070290931155
1970-01-01 02:40:00,0.7426241822962143,0.3228323475656695,0.28490482800827194,0.01969979284038155
1970-01-01 02:41:00,0.7488659900371342,0.32735376162257357,0.2845389867090899,0.0196101114202761
1970-01-01 02:42:00,0.7565659585546061,0.3299090118848908,0.2834046165987955,0.01961173280742785
1970-01-01 02:43:00,0.7653912598495773,0.3302664256551549,0.282360382875842,0.0195316312600496
1970-01-01 02:44:00,0.7682812555331273,0.3361293531311307,0.2765104116755294,0.01952179991971725
1970-01-01 02:45:00,0.7701368218291715,0.34347637619615334,0.2710735917080419,0.01943792990205725
1970-01-01 02:46:00,0.7718382636604871,0.35268893762197756,0.26430529290368476,0.01939024467102565
1970-01-01 02:47:00,0.7766788289337538,0.35923537487371104,0.25768945086879247,0.0193910531196424
1970-01-01 02:48:00,0.7817211928091783,0.36715863184661657,0.2508768955551211,0.0193557859793758
1970-01-01 02:49:00,0.7888263952635447,0.3734794021662738,0.2436439934655269,0.0193596094520051
1970-01-01 02:50:00,0.7955844874237774,0.3808333695902252,0.23698811159437982,0.01937248543385725
1970-01-01 02:51:00,0.8007040099527876,0.39390863443553614,0.23050740324117686,0.0192742089301735
1970-01-01 02:52:00,0.8082135208545391,0.401650297603736,0.22193626074160794,0.01930511237617825
1970-01-01 02:53:00,0.8169289539751318,0.40835502601954105,0.21379199298105583,0.01928361181151435
1970-01-01 02:54:00,0.8273618407152337,0.4125737482570804,0.2049866772405167,0.0193103760904505
1970-01-01 02:55:00,0.8387567345170228,0.4167909985709759,0.1956202227899445,0.0192480150717168
1970-01-01 02:56:00,0.8504017805602646,0.42228119812266296,0.186078317315845,0.01924840023745465
1970-01-01 02:57:00,0.8616384065838374,0.4301037546553428,0.1756033938793116,0.0192424253597416
1970-01-01 02:58:00,0.8744977464773447,0.436996413511582,0.16448295761873505,0.01921762783388335
1970-01-01 02:59:00,0.8888239182546066,0.44358741452967043,0.1526810842036844,0.01921501598180095
1970-01-01 03:00:00,0.9172932739759978,0.446170845558112,0.1034311174948033,0.028681894058189848
1970-01-01 03:01:00,0.9182266374306245,0.44299657179597124,0.10184664066008615,0.0284465577983762
1970-01-01 03:02:00,0.919143502681,0.4400149997559032,0.10035224553812855,0.028295851007522903
1970-01-01 03:03:00,0.9628372894323809,0.29824648469920284,0.018006947475510147,0.0427194167495477
1970-01-01 03:04:00,0.9622168179806765,0.29976345827582795,0.018178888882560744,0.0426863918929185
1970-01-01 03:05:00,0.9615199428152861,0.3012584792990347,0.017962565345726808,0.04266525826137755
1970-01-01 03:06:00,0.9578874601022636,0.3400771739408652,0.03978957283370625,0.04186972393149205
1970-01-01 03:07:00,0.6719937562630232,0.6231936723324278,0.07936032858671764,0.0190906205262906
1970-01-01 03:08:00,0.5791465233533767,0.7559245755657791,0.0907595668056254,0.0283440205732867
1970-01-01 03:09:00,0.5822839703518855,0.7557622522004173,0.0900702371794983,0.02864809754915735
1970-01-01 03:10:00,0.5867662551629571,0.7550103127092793,0.0929803258209004,0.028657544687040702
1970-01-01 03:11:00,0.5831270054630409,0.7562520973369316,0.09342783087485151,0.02845062299490215
1970-01-01 03:12:00,0.614331962177469,0.7473094409941867,0.095353968092416,0.029464275044156902
1970-01-01 03:13:00,0.6361954096760356,0.7401431293929883,0.0984362391342596,0.030604429688837802
1970-01-01 03:14:00,0.9584780353145932,0.26663222125271274,0.03541138688263534,0.0398936119183276
1970-01-01 03:15:00,0.9600405470286011,0.2585529527112662,0.03053057724635419,0.042001367080187604
1970-01-01 03:16:00,0.9577828531407733,0.25822025789201736,0.0297778122578662,0.0419054982265091
1970-01-01 03:17:00,1.0036493309667784,0.1238231270025745,-0.010056791912309005,0.02611663330241905
1970-01-01 03:18:00,1.0331110192407578,0.0846208827330575,-0.024922139707724604,0.0453454276278948
1970-01-01 03:19:00,1.0292821495055922,0.09933272781742415,-0.02581395296452315,0.0453316211001284
1970-01-01 03:20:00,1.027117590071673,0.10591179216418589,-0.0266393504100857,0.04534219078087915
1970-01-01 03:21:00,1.025418065545766,0.1086137632582945,-0.0277377294305034,0.04530653719019815
1970-01-01 03:22:00,1.0256797821249712,0.1055023216174181,-0.02865818647319045,0.0452795055691187
1970-01-01 03:23:00,1.0248254388260043,0.10643324249865815,-0.028643431775789104,0.04524313671258845
1970-01-01 03:24:00,1.0393593731052189,0.00031438668327594954,-0.04288829044491985,0.0446435065893688
1970-01-01 03:25:00,1.0374441216181727,-0.017255830682212002,-0.054859145314086595,0.0451448296384305
1970-01-01 03:26:00,1.035126754756882,-0.02697443917770785,-0.055231278455479,0.04488596141263075
1970-01-01 03:27:00,1.0340156692862943,-0.026813654566378742,-0.05705039493455885,0.04442665776257665
1970-01-01 03:28:00,1.0391230912346625,0.011835468368726246,-0.0620762776739227,0.04576378459608825
1970-01-01 03:29:00,1.0393024288358164,0.01859274472857385,-0.0623572071124448,0.045816882806262005
1970-01-01 03:30:00,1.0382313427807681,0.012011934098452852,-0.06120201267056685,0.045627932334813145
1970-01-01 03:31:00,1.0394959477310644,0.0286022182297494,-0.06304930078521839,0.0459661222646011
1970-01-01 03:32:00,1.0397945516089522,0.0368301132009915,-0.0644759029675621,0.0460850647941313
1970-01-01 03:33:00,1.0401129136943412,0.0454313078758546,-0.06478280067351061,0.0462099979628588
1970-01-01 03:34:00,1.0395899585570803,0.03477400374190155,-0.0628455039864782,0.0459991789896112
1970-01-01 03:35:00,1.0391205417885334,0.0336297325893717,-0.06273744550094305,0.0460002527607118
1970-01-01 03:36:00,1.039309200802097,0.0386474424537273,-0.0634718654823287,0.04604583803693655
1970-01-01 03:37:00,1.0396188788366088,0.0610432633289739,-0.06637207831293684,0.0464314842957087
1970-01-01 03:38:00,1.0395847003244385,0.06666376490050946,-0.06644011222265456,0.0465232317194258
1970-01-01 03:39:00,1.039418269294314,0.07037297198950555,-0.06588599464351365,0.046549980124697
1970-01-01 03:40:00,1.0391756735610782,0.07655630828028366,-0.0664516208866276,0.0466430015753425
1970-01-01 03:41:00,1.038936423975887,0.07526922658079835,-0.0651034497574372,0.046607802487239
1970-01-01 03:42:00,1.0367942020719205,0.0927362360689055,-0.06581684429502585,0.04662019674930605
1970-01-01 03:43:00,1.031486305024706,0.11110399369881846,-0.06418145822622034,0.04641382637338925
1970-01-01 03:44:00,1.0207820322031855,0.1347377573783266,-0.0610049882779339,0.04614769134648785
1970-01-01 03:45:00,1.0104704935908557,0.1651966848159871,-0.0557870780701237,0.045777142389387654
1970-01-01 03:46:00,1.0025051574697668,0.20134764564093316,-0.05505327778602885,0.04586548183405645
1970-01-01 03:47:00,1.0040986509295096,0.1979340969788957,-0.05512567908617745,0.04403043526511555
1970-01-01 03:48:00,1.0311961461871215,0.12147229046765075,-0.071634872310242,0.04681756019779465
1970-01-01 03:49:00,1.016469405064996,0.1725484871417805,-0.07411979450955869,0.04641293757390915
1970-01-01 03:50:00,0.989249924785364,0.2365294698183702,-0.0635071538002803,0.04494374531790875
1970-01-01 03:51:00,0.9685478894215028,0.2769870033068513,-0.0551303169793939,0.044855927397680254
1970-01-01 03:52:00,0.9575308513455489,0.27990791277899957,-0.050009532026344554,0.04429606673995895
1970-01-01 03:53:00,0.9499325557968793,0.2811062984689045,-0.048717886142898695,0.044173320489105244
1970-01-01 03:54:00,0.9468476313721425,0.28218994574956635,-0.04963267738178365,0.04407208542849845
1970-01-01 03:55:00,0.9435032111747897,0.29216359766426697,-0.05244940813449479,0.0440744379527453
1970-01-01 03:56:00,0.9407876277992531,0.3119298144401529,-0.05551039798445315,0.0444119852213368
1970-01-01 03:57:00,0.9381973506968461,0.31914625196629987,-0.05723838945238225,0.04443314956398185
1970-01-01 03:58:00,0.936396311408758,0.32304519653855335,-0.05809148638319955,0.04448406078534475
1970-01-01 03:59:00,0.940782314793355,0.31689084855153987,-0.058316544700895145,0.044051502551318455
1970-01-01 04:00:00,0.9706609819116876,0.2738398261282451,-0.053851261771063946,0.04526216121166145
1970-01-01 04:01:00,0.9493778122531943,0.30552034710857123,-0.053119979621992254,0.04414895261777845
1970-01-01 04:02:00,0.9321967711280708,0.33063193724731055,-0.0574562622324433,0.0443537288883515
1970-01-01 04:03:00,0.9290523480084154,0.3320798035581249,-0.0587944395132606,0.0442601087705436
1970-01-01 04:04:00,0.9268661979525894,0.3358779445561735,-0.05934339294831105,0.0442281679406237
1970-01-01 04:05:00,0.924283768364049,0.3396128954050695,-0.0606696631883254,0.0441799773006554
1970-01-01 04:06:00,0.9727704892432536,0.2195717980384198,-0.0556769932728121,0.02371267313428825
1970-01-01 04:07:00,1.0003652076076608,0.17743349026022215,-0.019889152452134802,0.02283955359602015
1970-01-01 04:08:00,1.0371462347720088,0.0976774688455051,-0.06578843166606335,0.04697869222073655
1970-01-01 04:09:00,1.0367221503424475,0.0995256845360917,-0.06803643277097375,0.047048431694457354
1970-01-01 04:10:00,1.0362846016505163,0.1021292108039532,-0.0677405420692867,0.0470311227713451
1970-01-01 04:11:00,1.0363870575168352,0.1020054625849142,-0.06679046743068259,0.04697903830438205
1970-01-01 04:12:00,1.0360157147540727,0.0846571446866404,-0.0653045907106451,0.0466243687252606
1970-01-01 04:13:00,0.7269472567955667,0.49652790984572936,0.0007964782386558501,0.02294273558233295
1970-01-01 04:14:00,0.665498335175826,0.5923162442914403,0.01763095843986345,0.0329263378626032
1970-01-01 04:15:00,0.6475479887224294,0.5990898850979565,0.01692067714342645,0.0320772334552056
1970-01-01 04:16:00,0.647267499854343,0.6121453627000977,0.0159067146650744,0.031072459643479648
1970-01-01 04:17:00,0.6100805018288332,0.1695485747981188,0.3540334114614235,0.0207564504860953
1970-01-01 04:18:00,0.5637335231188834,0.0758795045288143,0.43502584565589103,0.0227992035949216
1970-01-01 04:19:00,0.5844371170308666,-0.023517724415704603,0.42819522734918114,0.02282142239207985
1970-01-01 04:20:00,0.6067947288512271,-0.05623595783180631,0.4265658366057531,0.0227871535605264
1970-01-01 04:21:00,0.6355729564283166,-0.0031932081956193986,0.4483670037003502,0.0227506053715678
1970-01-01 04:22:00,0.6165858916487468,-0.0516520652474309,0.4399811615958165,0.02271396083247
1970-01-01 04:23:00,0.5923142233942132,-0.13197144713123185,0.4182740065148285,0.02272081007943725
1970-01-01 04:24:00,0.5914648047089609,-0.12980113580213384,0.4255275190402239,0.0227007124616384
1970-01-01 04:25:00,0.5858208289175134,-0.15222817212513948,0.4171754897839017,0.0226624676040309
1970-01-01 04:26:00,0.5936861241749644,-0.14448071260703488,0.41960177189751285,0.02263914737129045
1970-01-01 04:27:00,0.609156257895565,-0.08333783013952585,0.43602774862823374,0.02259746239272485
1970-01-01 04:28:00,0.6219670703340162,-0.04632941381501231,0.44583648948606336,0.02259980698185425
1970-01-01 04:29:00,0.633216182698536,-0.002721519344351199,0.44920869033184385,0.02257851219974415
1970-01-01 04:30:00,0.6147482439076464,-0.00636400322394885,0.4545737343821405,0.0222704818396473
1970-01-01 04:31:00,0.604357363743318,-0.1329241079748726,0.4240454441138835,0.02249958829307495
1970-01-01 04:32:00,0.5894466541901553,-0.24401988654936585,0.4505671995856802,0.0156126777899389
1970-01-01 04:33:00,0.5815267400370175,-0.1353734956315522,0.47034536979250535,0.01721031876047795
1970-01-01 04:34:00,0.5927244950043167,-0.17938277206692838,0.45104999295758297,0.0203649724034026
1970-01-01 04:35:00,0.4257398317392643,0.2388461196929786,0.4515751126380977,0.0
1970-01-01 04:36:00,0.4203738849987395,0.44486976550753177,0.4612068118818083,0.0156405228305488
1970-01-01 04:37:00,0.4052439479753968,0.4686936311120419,0.45589402405147494,0.01609849084962865
1970-01-01 04:38:00,0.4408106435217112,0.4514704078425855,0.46174272708258846,0.01682068376648645
1970-01-01 04:39:00,0.440559134685797,0.44100768016838704,0.46421937189666285,0.01705274095505925
1970-01-01 04:40:00,0.46083906243672446,0.0940181194118401,0.4409705624212278,0.0
1970-01-01 04:41:00,0.5886069353507228,-0.1775917686685456,0.41908014416204964,0.02135341366989295
1970-01-01 04:42:00,0.5647035475359647,-0.015355084763500962,0.4449306986125932,0.01954171415404235
1970-01-01 04:43:00,0.5651553970272774,-0.05139515406428531,0.43085500254916903,0.0176827233417824
1970-01-01 04:44:00,0.5873462591367469,-0.011181254943728151,0.4776626717929994,0.02183156095762905
1970-01-01 04:45:00,0.5711414417654838,-0.12270059581244529,0.3907130826232856,0.014399052112085
1970-01-01 04:46:00,0.5513813869112821,-0.06007271446970475,0.3718374670929672,0.0224936433650976
1970-01-01 04:47:00,0.41671907471453834,0.08074790463510334,0.6252477080077647,0.0
1970-01-01 04:48:00,0.1641894146773637,-0.06823428104343836,0.9167332669116202,0.0
1970-01-01 04:49:00,0.1559900473686294,-0.004214308161872501,0.9278189087919594,0.0
1970-01-01 04:50:00,0.19149733384899065,-0.08819258392715774,0.9059757891744177,0.0
1970-01-01 04:51:00,0.16126063386926914,0.0009681597411659998,0.924154938723299,0.0
1970-01-01 04:52:00,0.11426070814578865,0.06442758578777455,0.9361481420407964,0.0
1970-01-01 04:53:00,0.12451341032166685,-0.055895331342922606,0.9197866335012546,0.0
1970-01-01 04:54:00,0.1727827212069358,-0.07119111839757035,0.9182887858033921,0.0
1970-01-01 04:55:00,0.13692396967660092,-0.22843305226816613,0.8795932688637651,0.0
1970-01-01 04:56:00,0.14210787002945935,-0.1617928697855437,0.9087632220163222,0.0
1970-01-01 04:57:00,0.189520671582429,-0.0407319176286015,0.9217657450007225,0.0
1970-01-01 04:58:00,0.18633061736056972,-0.01659374632786975,0.9293767146618284,0.0
1970-01-01 04:59:00,0.16713753044506735,-0.03591072285161375,0.9309233217163699,0.0
1970-01-01 05:00:00,0.13897535760343904,-0.1628532231646996,0.8742221655510689,0.0
1970-01-01 05:01:00,0.15132987395801245,-0.1647344562650044,0.882221828042284,0.0
1970-01-01 05:02:00,0.16785050396853554,-0.023613734568630453,0.9264294540194398,0.0
1970-01-01 05:03:00,0.17359495383028745,0.026920208221442102,0.9312944662930365,0.0
1970-01-01 05:04:00,0.17580120069192925,0.0294875484610842,0.9310866414619057,0.0
1970-01-01 05:05:00,0.1743772553585553,0.017629813714104,0.9314267470734723,0.0
1970-01-01 05:06:00,0.1696731288991438,-0.0052668311052114,0.9327262621288654,0.0
1970-01-01 05:07:00,0.1911808539718765,-0.004841487095792051,0.9310353344608087,0.0
1970-01-01 05:08:00,0.20009885636706526,0.006382230372867351,0.9299008359411525,0.0
1970-01-01 05:09:00,0.19153508258161916,-0.0218583553507776,0.9303004324926412,0.0
1970-01-01 05:10:00,0.19880564981800652,-0.030205635363505852,0.9286424569821141,0.0
1970-01-01 05:11:00,0.2002010134701659,-0.0015537973778974989,0.9206475455034622,0.0
1970-01-01 05:12:00,0.18250143890341186,-0.1296138937324884,0.9015515882403842,0.0
1970-01-01 05:13:00,0.16363176317168748,-0.036708764223437496,0.9257740306879412,0.0
1970-01-01 05:14:00,0.14615074883725934,-0.021453663040216203,0.9227793287751747,0.0
1970-01-01 05:15:00,0.18054693988825884,-0.076036194232208,0.9219461162582219,0.0
1970-01-01 05:16:00,0.16723049062043233,-0.14510897474280626,0.910314939114397,0.0
1970-01-01 05:17:00,0.17925154738831994,-0.07563382523776815,0.9184804886684956,0.0
1970-01-01 05:18:00,0.17538569574611926,-0.0760450673763497,0.9217265122603322,0.0
1970-01-01 05:19:00,0.18408515782652995,-0.0527238276778676,0.9231118652269741,0.0
1970-01-01 05:20:00,0.16887347420728135,-0.05936648710905365,0.9253174514950882,0.0
1970-01-01 05:21:00,0.1682730846232316,-0.048484423652529945,0.9270056938082178,0.0
1970-01-01 05:22:00,0.169789541987143,-0.0512144516992782,0.9267700858818804,0.0
1970-01-01 05:23:00,0.16772832475042376,-0.066652973375518,0.9261883966915287,0.0
1970-01-01 05:24:00,0.1825804418570965,-0.06559167346016445,0.9250568884572123,0.0
1970-01-01 05:25:00,0.1847244613197595,-0.0604207107805338,0.9262790938164549,0.0
1970-01-01 05:26:00,0.1996485903208095,-0.0501334111894281,0.9243920221193768,0.0
1970-01-01 05:27:00,0.21741248362907023,-0.0618375337410796,0.9216454450345768,0.0
1970-01-01 05:28:00,0.2162899903829315,-0.05651526699716915,0.9226549811037084,0.0
1970-01-01 05:29:00,0.2070933763485445,-0.0678114729411581,0.9235611162534509,0.0
1970-01-01 05:30:00,0.184499263564601,-0.056591394828253344,0.9270009673868169,0.0
1970-01-01 05:31:00,0.17703495833993893,-0.05473975743462065,0.9266127417887922,0.0
1970-01-01 05:32:00,0.156057498144541,-0.0571561985452546,0.9268876808201691,0.0
1970-01-01 05:33:00,0.16162445775770523,-0.0750167848707144,0.9263214348797644,0.0
1970-01-01 05:34:00,0.17083968474059055,-0.0358374903077224,0.9287156255265276,0.0
1970-01-01 05:35:00,0.16556949161152154,-0.04825893544647025,0.92685578608262,0.0
1970-01-01 05:36:00,0.22064922956255828,-0.1293844017289294,0.755571612273032,0.0
1970-01-01 05:37:00,0.17205786188676744,-0.5442087900684311,0.3739590253593804,0.0
1970-01-01 05:38:00,0.23955718098011308,-0.10351413090018015,0.9181508248427823,0.0
1970-01-01 05:39:00,0.2397689706937854,-0.10176464142539154,0.9183938063642376,0.0
1970-01-01 05:40:00,0.23932730226796575,-0.0976601560404301,0.9189914916447248,0.0
1970-01-01 05:41:00,0.23304891922059462,-0.10556570400752485,0.9187162879040389,0.0
1970-01-01 05:42:00,0.22761361304924121,-0.1343238807350852,0.9145539579398727,0.0
1970-01-01 05:43:00,0.2213637839884176,-0.12265691772783,0.9173299618385156,0.0
1970-01-01 05:44:00,0.2246909089875834,-0.110815522762896,0.9191267685781657,0.0
1970-01-01 05:45:00,0.22058646162346052,-0.1088850927241999,0.9198532769720068,0.0
1970-01-01 05:46:00,0.22386877035604624,-0.1043897902578087,0.9201757457224596,0.0
1970-01-01 05:47:00,0.2224553827968656,-0.1036656813076294,0.9204312839592329,0.0
1970-01-01 05:48:00,0.2164496164879759,-0.09903514160933244,0.9217337624375933,0.0
1970-01-01 05:49:00,0.2156332106988146,-0.10373214090428076,0.921275652492011,0.0
1970-01-01 05:50:00,0.22129642164959695,-0.10901626360361315,0.9199932956622301,0.0
1970-01-01 05:51:00,0.21728242076461718,-0.10740298888523969,0.9207697645891385,0.0
1970-01-01 05:52:00,0.2262082488880145,-0.11310644710316656,0.9182721639896336,0.0
1970-01-01 05:53:00,0.2719049864598108,-0.15161803344202435,0.9033189209156681,0.0
1970-01-01 05:54:00,0.25387394762747706,-0.13692835821417834,0.9105988905335349,0.0
1970-01-01 05:55:00,0.25397775625096786,-0.14685556035737435,0.908494463516905,0.0
1970-01-01 05:56:00,0.25212353625641826,-0.1460157323026922,0.9093004373663203,0.0
1970-01-01 05:57:00,0.24917179383520394,-0.1434379849558882,0.9105152775014886,0.0
1970-01-01 05:58:00,0.24494621395408825,-0.1428237927677904,0.9115134521182873,0.0
1970-01-01 05:59:00,0.24060007075293827,-0.13236747464338006,0.9143423597403131,0.0
1970-01-01 06:00:00,0.256415549053798,-0.13729774722638505,0.9099156741469678,0.0
1970-01-01 06:01:00,0.25699161229957856,-0.1443663943181361,0.9082151676956447,0.0
1970-01-01 06:02:00,0.25840266695729575,-0.1267386867275988,0.9107844368645301,0.0
1970-01-01 06:03:00,0.2620496763217336,-0.1362161437498948,0.9081861073607805,0.0
1970-01-01 06:04:00,0.24700099688920563,-0.12383753170714759,0.9125775567846369,0.0
1970-01-01 06:05:00,0.25383796145952003,-0.1169033620693984,0.9118087694360392,0.0
1970-01-01 06:06:00,0.25745358296266113,-0.11827100148771871,0.911279526526535,0.0
1970-01-01 06:07:00,0.2759813677908136,-0.11351403470092081,0.9075389450457934,0.0
1970-01-01 06:08:00,0.2990849445065279,-0.13181953060235346,0.8989370701111248,0.0
1970-01-01 06:09:00,0.28779763332067615,-0.12718267805229644,0.9027161944578229,0.0
1970-01-01 06:10:00,0.2791428664332898,-0.1272423788322376,0.9045157502087108,0.0
1970-01-01 06:11:00,0.27554120229999235,-0.13130171733382326,0.9040549184470192,0.0
1970-01-01 06:12:00,0.27369131018843007,-0.1381427440136418,0.9028206263817086,0.0
1970-01-01 06:13:00,0.2737174605155201,-0.13867720617632645,0.9024656111172242,0.0
1970-01-01 06:14:00,0.26977521476381494,-0.1231147925162442,0.9063384360290274,0.0
1970-01-01 06:15:00,0.28964284676940233,-0.08198386677770965,0.9080815853611184,0.0
1970-01-01 06:16:00,0.28810264412545594,-0.06731343691181779,0.9103949461994477,0.0
1970-01-01 06:17:00,0.26277609409849106,-0.09766813002580091,0.9120213717152327,0.0
1970-01-01 06:18:00,0.2604184031262527,-0.1022784031101311,0.9116337667638512,0.0
1970-01-01 06:19:00,0.2578527016906867,-0.11167409984073526,0.9103071370271404,0.0
1970-01-01 06:20:00,0.2595699433187,-0.10404156456937386,0.9113311047680224,0.0
1970-01-01 06:21:00,0.2602287190351374,-0.1134627172242208,0.9090988321742508,0.0
1970-01-01 06:22:00,0.2576518231318434,-0.1118902929983017,0.9098898176787784,0.0
1970-01-01 06:23:00,0.25483730234013213,-0.10341505342025406,0.9119509539883313,0.0
1970-01-01 06:24:00,0.2564324384510162,-0.12140680682033761,0.9069239958683306,0.0
1970-01-01 06:25:00,0.290919625849193,-0.0696612306397214,0.9092576858269158,0.0
1970-01-01 06:26:00,0.27563727419910483,-0.036870728741555,0.9132131390073694,0.0
1970-01-01 06:27:00,0.2490778758432762,-0.02074367397052365,0.921129777688081,0.0
1970-01-01 06:28:00,0.2602669265627685,-0.020721714654378602,0.9193372896952396,0.0
1970-01-01 06:29:00,0.2647739663750682,0.002427985983953801,0.9183978243287169,0.0
1970-01-01 06:30:00,0.26804195796180036,0.015317905800250553,0.9174053643627111,0.0
1970-01-01 06:31:00,0.2655056541016027,0.01458291686813025,0.9180292227505448,0.0
1970-01-01 06:32:00,0.26430651813847916,0.016371159256128552,0.9183039894167018,0.0
1970-01-01 06:33:00,0.26349057552993416,0.0163136893642782,0.9185548425932186,0.0
1970-01-01 06:34:00,0.2619196909782942,0.0205429718393556,0.9187137635961322,0.0
1970-01-01 06:35:00,0.25908910771166466,0.0229879418938014,0.9192821806806787,0.0
1970-01-01 06:36:00,0.26196525274121724,0.0236860091406522,0.9188203084761088,0.0
1970-01-01 06:37:00,0.2620753562499928,0.026660407576823402,0.9187457527942353,0.0
1970-01-01 06:38:00,0.26460498331336335,0.0265074280102095,0.9183691731780905,0.0
1970-01-01 06:39:00,0.2860810134389352,-0.4427712087085834,0.45218268648592375,0.0
1970-01-01 06:40:00,0.2243460907697311,-0.0497185853736918,0.8406105123933605,0.0
1970-01-01 06:41:00,0.173287162983438,-0.06593800447468864,0.9150467361433892,0.0
1970-01-01 06:42:00,0.14674982884253576,-0.036236230069789495,0.9175578331758958,0.0
1970-01-01 06:43:00,0.12114966014409201,0.0563278983852513,0.9302425153871083,0.0
1970-01-01 06:44:00,0.10607969485743014,0.0708975555106428,0.9274236993038312,0.0
1970-01-01 06:45:00,0.1200390775915883,0.0713945578780847,0.9297969628714466,0.0
1970-01-01 06:46:00,0.1304787308512993,0.09359586303386755,0.9283166191629348,0.0
1970-01-01 06:47:00,0.15122017308365043,-0.03276731157103469,0.9169918085559519,0.0
1970-01-01 06:48:00,0.17738791222661698,0.0012804356993381498,0.9315528112080695,0.0
1970-01-01 06:49:00,0.17584685171168096,-0.0052953183015772495,0.9310008674876791,0.0
1970-01-01 06:50:00,0.1844691731291341,-0.008769764166791101,0.9299643401587678,0.0
1970-01-01 06:51:00,0.2193113081184985,0.0160025357694612,0.9292165327486066,0.0
1970-01-01 06:52:00,0.21285227639128673,0.030248143443655097,0.9286937836561411,0.0
1970-01-01 06:53:00,0.15441433529976095,-0.1154924240275325,0.8942893999529169,0.0
1970-01-01 06:54:00,0.18800347726924585,0.035328041242365854,0.9243247800450862,0.0
1970-01-01 06:55:00,0.1935267825968338,0.0020653116131398516,0.929957887437771,0.0
1970-01-01 06:56:00,0.18290243391558775,-0.0059783833646856535,0.9278025556690059,0.0
1970-01-01 06:57:00,0.17247137507778895,-0.0005358255366185033,0.929407989702087,0.0
1970-01-01 06:58:00,0.1903733418073736,-0.03533600328214615,0.9247082841399425,0.0
1970-01-01 06:59:00,0.18158182082063973,-0.01046468654857545,0.928700088830164,0.0
1970-01-01 07:00:00,0.1814184321959545,0.0013875005851820554,0.9288640725370828,0.0
1970-01-01 07:01:00,0.17582436480011915,0.02874749888186235,0.9306671604965523,0.0
1970-01-01 07:02:00,0.18101901067006143,0.013842494611192253,0.9298723593751679,0.0
1970-01-01 07:03:00,0.17602242489628475,0.006353768484956002,0.9311264594719595,0.0
1970-01-01 07:04:00,0.17915069488460567,0.0012056593397233029,0.9304424710462917,0.0
1970-01-01 07:05:00,0.1732521280167088,-0.009400385050520297,0.9307702220579008,0.0
1970-01-01 07:06:00,0.1778136697302006,0.0008588272178003988,0.930961679011381,0.0
1970-01-01 07:07:00,0.17537536351815405,-0.0026725829167632484,0.932209336223641,0.0
1970-01-01 07:08:00,0.17846465486526455,-0.004176927574601454,0.931418248367769,0.0
1970-01-01 07:09:00,0.17385430022129425,0.0006606569575093521,0.931935095581274,0.0
1970-01-01 07:10:00,0.1710486347560621,-0.002374955492045798,0.9324683893641492,0.0
1970-01-01 07:11:00,0.1771364631433464,0.0052684761547527985,0.9328350140851784,0.0
1970-01-01 07:12:00,0.18667068459376635,0.0285479265331929,0.9335816411195476,0.0
1970-01-01 07:13:00,0.18139766815228464,0.04891825611758285,0.933729502860439,0.0
1970-01-01 07:14:00,0.1481956237259392,-0.11097295158319749,0.9197572175528688,0.0
1970-01-01 07:15:00,0.1476516008024031,-0.12103631184565776,0.9177800438369929,0.0
1970-01-01 07:16:00,0.1421755050426889,-0.09705061892149384,0.9253324176764856,0.0
1970-01-01 07:17:00,0.1403431553693259,-0.10301267327134724,0.9161782788053325,0.0
1970-01-01 07:18:00,0.14533320320800944,-0.06606373687655905,0.9038311299701063,0.0
1970-01-01 07:19:00,0.21063702679800106,-0.06431446205792746,0.8980341519898495,0.0
1970-01-01 07:20:00,0.13197530552303485,-0.04214740430275066,0.9151666229780075,0.0
1970-01-01 07:21:00,0.1229278191490476,-0.049888815100233894,0.9118845782515819,0.0
1970-01-01 07:22:00,0.1298440133734702,-0.053536411287637115,0.9125691076828211,0.0
1970-01-01 07:23:00,0.11831507439933114,-0.10403572705028641,0.8895107174138155,0.0
1970-01-01 07:24:00,0.11973243698312915,-0.0496169364971072,0.9158594150397916,0.0
1970-01-01 07:25:00,0.1086968357525466,-0.1005866756883006,0.9014904005102609,0.0
1970-01-01 07:26:00,0.13472849322897773,-0.14698103605920654,0.9021630671647892,0.0
1970-01-01 07:27:00,0.14145113868183065,-0.07925567260358066,0.9213072575336723,0.0
1970-01-01 07:28:00,0.15141645055928035,-0.09030684209126731,0.9114196183906051,0.0
1970-01-01 07:29:00,0.1597421747917953,-0.0764791478642566,0.9163696865764881,0.0
1970-01-01 07:30:00,0.19784145626306848,-0.0010008025857578956,0.9174390676982798,0.0
1970-01-01 07:31:00,0.20429848627671784,0.01999867999200125,0.9280732994480888,0.0
1970-01-01 07:32:00,0.2049585637723912,0.019068260218159945,0.9269693333155884,0.0
1970-01-01 07:33:00,0.20434271817118288,0.00317930373072655,0.921830134500182,0.0
1970-01-01 07:34:00,0.16243038149776434,0.010838421557613553,0.9210930291638693,0.0
1970-01-01 07:35:00,0.15409720810234054,-0.0019459569417990957,0.91895969664893,0.0
1970-01-01 07:36:00,0.18617766055158907,-0.050995295668530095,0.9222469645382356,0.0
1970-01-01 07:37:00,0.2083771867943885,0.0214288455697504,0.9279568357032673,0.0
1970-01-01 07:38:00,0.20306840341629284,0.007106932905290846,0.9227139998933138,0.0
1970-01-01 07:39:00,0.1622167209822181,0.02671086174765145,0.9246517638124305,0.0
1970-01-01 07:40:00,0.11336033041427324,-0.08942525244950511,0.9032818519317131,0.0
1970-01-01 07:41:00,0.10290965777119496,-0.0903456146435349,0.8971066913841292,0.0
1970-01-01 07:42:00,0.12079891710522911,-0.0391219810369703,0.9109226457544997,0.0
1970-01-01 07:43:00,0.1199633460951436,0.04417150869030165,0.9305587774076742,0.0
1970-01-01 07:44:00,0.11868763213251471,0.0496705549887744,0.9312644847479168,0.0
1970-01-01 07:45:00,0.1231160798116539,0.0520090966765104,0.932983190592948,0.0
1970-01-01 07:46:00,0.14261313838419876,0.057133694267528595,0.9335325374865957,0.0
1970-01-01 07:47:00,0.12949198565276884,0.04566927314997435,0.9361344004992832,0.0
1970-01-01 07:48:00,0.10574212727649304,0.045004313755202904,0.9369721525448031,0.0
1970-01-01 07:49:00,0.1126271903735718,0.02157360992939185,0.938602044947943,0.0
1970-01-01 07:50:00,0.11209767738366974,-0.09826644213653744,0.9170954062046395,0.0
1970-01-01 07:51:00,0.1440071725400368,-0.028611638036507903,0.9287508548256895,0.0
1970-01-01 07:52:00,0.14618542030873966,-0.12314721410870291,0.9183276250851851,0.0
1970-01-01 07:53:00,0.09574082439001574,0.26135667391577744,0.7662993592949711,0.0
1970-01-01 07:54:00,0.09106031516300855,0.3783981930103645,0.7301729892856601,0.0
1970-01-01 07:55:00,0.0636481973396227,0.2929949753323354,0.6821048557522256,0.0
1970-01-01 07:56:00,0.09476834015577071,0.2929606165745295,0.6768549426057517,0.0
1970-01-01 07:57:00,0.14818359352701688,0.3494015374558101,0.6871531705498719,0.0
1970-01-01 07:58:00,0.1274226370771257,0.352823280995409,0.6978708892958103,0.0
1970-01-01 07:59:00,0.15226534142951376,0.11834409462990675,0.7993424057606904,0.0
1970-01-01 08:00:00,0.1957966510858063,-0.19431012876459763,0.900759138034119,0.0
1970-01-01 08:01:00,0.18177089312332234,-0.24615799540098,0.8711870652768174,0.0
1970-01-01 08:02:00,0.1888782260960206,-0.2357652101715901,0.8793438161130326,0.0
1970-01-01 08:03:00,0.2018906987274177,-0.1547395351251565,0.8884349229168869,0.0
1970-01-01 08:04:00,0.21483354957018364,-0.03313215318916755,0.9214776742886581,0.0
1970-01-01 08:05:00,0.2090558573210122,-0.0297487114645829,0.9222153304670071,0.0
1970-01-01 08:06:00,0.215619565721132,-0.0398847474849359,0.9211130955523352,0.0
1970-01-01 08:07:00,0.2118309294326935,-0.03631966698252835,0.9207505628007187,0.0
1970-01-01 08:08:00,0.2162588393380398,-0.013722962780670103,0.9194674156229761,0.0
1970-01-01 08:09:00,0.20424078016110891,-0.1006895646791548,0.903373104816908,0.0
1970-01-01 08:10:00,0.18074175342411924,-0.20231713660680495,0.8960425235887528,0.0
1970-01-01 08:11:00,0.1828641922236491,-0.22265847282573942,0.8819529187639117,0.0
1970-01-01 08:12:00,0.20954671035046998,-0.09513899036735521,0.9155743739589269,0.0
1970-01-01 08:13:00,0.22397232802490047,-0.03713560143167135,0.9189767727520557,0.0
1970-01-01 08:14:00,0.24325763318710905,-0.002443971647420301,0.9160945311428824,0.0
1970-01-01 08:15:00,0.25524079184075893,-0.0557249042104355,0.9161163779315014,0.0
1970-01-01 08:16:00,0.24430481320530878,-0.059923799523528054,0.9115773362693608,0.0
1970-01-01 08:17:00,0.1798694843320561,-0.2312931252774287,0.8830018597115699,0.0
1970-01-01 08:18:00,0.18881683523405296,-0.1673292612394512,0.9016480052696697,0.0
1970-01-01 08:19:00,0.16181422219517685,-0.2802591991889114,0.8560849832798294,0.0
1970-01-01 08:20:00,0.1736748680117879,-0.138253962193437,0.9007770404002993,0.0
1970-01-01 08:21:00,0.15536364048765514,-0.28734754556523007,0.864619478960682,0.0
1970-01-01 08:22:00,0.15053951578162525,-0.27373356605125376,0.8760231485070425,0.0
1970-01-01 08:23:00,0.17730665859002134,-0.28166551407915597,0.8696878601467941,0.0
1970-01-01 08:24:00,0.12170114218931094,-0.33433055527895095,0.8365108754562977,0.0
1970-01-01 08:25:00,0.06675324844649695,-0.23857191777373032,0.8925268038013491,0.0
1970-01-01 08:26:00,0.08099928452981185,-0.17637383472839804,0.9098586845248868,0.0
1970-01-01 08:27:00,0.06618858596396535,-0.15828220246027414,0.9151485976560159,0.0
1970-01-01 08:28:00,0.0655616114328764,-0.16106827354862904,0.9140924760889554,0.0
1970-01-01 08:29:00,0.0568465738300199,-0.17149615654269565,0.913964705327692,0.0
1970-01-01 08:30:00,0.0566293779497241,-0.1557940068194906,0.9151757217080719,0.0
1970-01-01 08:31:00,0.07894293713355044,-0.12783244174482744,0.914194052344099,0.0
1970-01-01 08:32:00,0.09558650322900496,-0.12383638863272349,0.9135247054964859,0.0
1970-01-01 08:33:00,0.0960510202807722,-0.13060657230435735,0.9098802854018826,0.0
1970-01-01 08:34:00,0.0796220259286797,-0.1307875631857455,0.9100901512994872,0.0
1970-01-01 08:35:00,0.0610809548813444,-0.12276584100810195,0.9089010308900509,0.0
1970-01-01 08:36:00,0.058997056536971446,-0.1378969257026667,0.8974031870284098,0.0
1970-01-01 08:37:00,0.05387543337696145,-0.129906525268291,0.9035401771738163,0.0
1970-01-01 08:38:00,0.07101057451298465,-0.10625455468662792,0.9030253611903201,0.0
1970-01-01 08:39:00,0.09539925836134075,-0.1380093306724065,0.8931681904973866,0.0
1970-01-01 08:40:00,0.07920066522379166,-0.08766265526043374,0.9130877844788039,0.0
1970-01-01 08:41:00,0.08312356072313411,-0.08977390678015075,0.9042421319026864,0.0
1970-01-01 08:42:00,0.0812512962838102,-0.08425750900528466,0.9059825025617353,0.0
1970-01-01 08:43:00,0.06610834812231176,-0.11062335071635421,0.9095776124576233,0.0
1970-01-01 08:44:00,0.0593975038165806,-0.11415804588830969,0.91449646954027,0.0
1970-01-01 08:45:00,0.0655880420189194,-0.1187776132701241,0.9126661837552572,0.0
1970-01-01 08:46:00,0.06264786339404779,-0.1109024574140812,0.9165492118980031,0.0
1970-01-01 08:47:00,0.06478209338192539,-0.11672424218580915,0.9174464598016778,0.0
1970-01-01 08:48:00,0.0633310651628153,-0.1167219138079968,0.9166259166515605,0.0
1970-01-01 08:49:00,0.0601827780388702,-0.1254820708854662,0.9126485223824677,0.0
1970-01-01 08:50:00,0.06217167963860705,-0.11333575901709154,0.917363558075212,0.0
1970-01-01 08:51:00,0.06357530907313855,-0.11971125227937561,0.915115320895143,0.0
1970-01-01 08:52:00,0.0716714586693473,-0.1261811562002622,0.912965851659479,0.0
1970-01-01 08:53:00,0.10409880509132995,-0.11776523965897664,0.9135836455943718,0.0
1970-01-01 08:54:00,0.06782053024989931,-0.13752532166549605,0.9074723138677463,0.0
1970-01-01 08:55:00,0.0579771137655041,-0.14986064719532985,0.9046012415645059,0.0
1970-01-01 08:56:00,0.04739257030370565,-0.14167462759287494,0.9077158303118911,0.0
1970-01-01 08:57:00,0.02863069829990745,-0.1651884089513712,0.8841781287795695,0.0
1970-01-01 08:58:00,0.0205684384114245,-0.13707812127478536,0.9022524658763442,0.0
1970-01-01 08:59:00,0.0455250412613913,-0.0160064940117423,0.9321254459324491,0.0
1970-01-01 09:00:00,0.05467037756874915,-0.020702594159912553,0.9181332565380843,0.0
1970-01-01 09:01:00,0.0648845641864053,0.09648625557160055,0.9307424045350666,0.0
1970-01-01 09:02:00,0.09411150424101555,0.029390495599833553,0.9354277783678018,0.0
1970-01-01 09:03:00,0.17401589128728295,-0.037498418373445544,0.9187065847332418,0.0
1970-01-01 09:04:00,0.20467451962200725,-0.006537887491318249,0.9249528629223003,0.0
1970-01-01 09:05:00,0.2233977565622962,0.006310678310353646,0.9225546540796115,0.0
1970-01-01 09:06:00,0.2192385692336235,0.024839620425176453,0.9245610519328068,0.0
1970-01-01 09:07:00,0.21229285720323574,0.0257125140819784,0.9251715472107185,0.0
1970-01-01 09:08:00,0.2083270991408454,0.02061360963395115,0.9247807592135782,0.0
1970-01-01 09:09:00,0.20942528799917784,0.031106965599764648,0.925250391395399,0.0
1970-01-01 09:10:00,0.20865750138393097,0.0227534242753974,0.9256795022599229,0.0
1970-01-01 09:11:00,0.18248286081062237,0.01571502666484595,0.9262325329096888,0.0
1970-01-01 09:12:00,0.15515251945946415,0.015520490698618598,0.9264944287885629,0.0
1970-01-01 09:13:00,0.15209684893318304,0.023677805451999098,0.9258599522091416,0.0
1970-01-01 09:14:00,0.14317243806696245,0.027777992730917852,0.9266855119563756,0.0
1970-01-01 09:15:00,0.13227618498076835,0.05405994703875875,0.921766192559877,0.0
1970-01-01 09:16:00,0.1015837565672836,0.0762496406756249,0.917464612997714,0.0
1970-01-01 09:17:00,0.09374485206077984,0.050865934034286846,0.9163883365140035,0.0
1970-01-01 09:18:00,0.07406117104394219,0.0092257668379709,0.9180681981590092,0.0
1970-01-01 09:19:00,0.09864890588647118,0.01252650053330585,0.9215086837443633,0.0
1970-01-01 09:20:00,0.1369179545771397,0.00760938671382835,0.9274190663288471,0.0
1970-01-01 09:21:00,0.1306034246598316,0.023111543968019597,0.920796199079781,0.0
1970-01-01 09:22:00,0.16297845266290803,-0.0764236312385031,0.9114549706455788,0.0
1970-01-01 09:23:00,0.1643488646069548,-0.029612283709848,0.9194503395198501,0.0
1970-01-01 09:24:00,0.14276141456942654,-0.023215404803525998,0.9253845607771021,0.0
1970-01-01 09:25:00,0.14115017955390574,-0.02378511329900605,0.9246651659959033,0.0
1970-01-01 09:26:00,0.1357497057441228,-0.0361397491796102,0.9245348475902221,0.0
1970-01-01 09:27:00,0.1311329127527988,-0.03165999582374055,0.9258859844135903,0.0
1970-01-01 09:28:00,0.13881364205277608,-0.037054219565436496,0.9238598939575964,0.0
1970-01-01 09:29:00,0.12662865390702344,0.040319111427532944,0.8991784820562077,0.0
1970-01-01 09:30:00,0.12032278314365816,0.24992949165814923,0.8377547210383955,0.0
1970-01-01 09:31:00,0.140515048786958,0.24071647521954675,0.8272631278665981,0.0
1970-01-01 09:32:00,0.15341992682468186,0.2609495165617494,0.825001527848916,0.0
1970-01-01 09:33:00,0.14639538611915334,0.27684219339199173,0.8275516215466545,0.0
1970-01-01 09:34:00,0.11957936066886124,0.2639817478017856,0.8312365285309273,0.0
1970-01-01 09:35:00,0.11320509304605986,0.26902875473305055,0.8270435632145681,0.0
1970-01-01 09:36:00,0.11309475978955251,0.26824170229216326,0.8265410477304723,0.0
1970-01-01 09:37:00,0.08357635629797129,0.23238286683393006,0.8224534161988616,0.0
1970-01-01 09:38:00,0.1094187871107238,0.23575969799020385,0.813286204665811,0.0
1970-01-01 09:39:00,0.116479657423594,0.2526479334944352,0.8146785316860914,0.0
1970-01-01 09:40:00,0.11354039500592507,0.2315610355148926,0.8034407147749871,0.0
1970-01-01 09:41:00,0.10117519786629844,0.26024108230386744,0.8075350006751258,0.0
1970-01-01 09:42:00,0.0908456139555853,0.26949616645551117,0.8090126442740133,0.0
1970-01-01 09:43:00,0.08738651847628626,0.2629974817601868,0.8104687312599974,0.0
1970-01-01 09:44:00,0.0833861785713811,0.2733368104720182,0.8063929280774701,0.0
1970-01-01 09:45:00,0.07919668669360176,0.28539887555711047,0.8049028167592785,0.0
1970-01-01 09:46:00,0.0735184477404056,0.29350894448766257,0.8047686768869702,0.0
1970-01-01 09:47:00,0.06009377647614744,0.2751335032109687,0.8040971069982819,0.0
1970-01-01 09:48:00,0.053411314676151955,0.28124605681624937,0.8046100884810679,0.0
1970-01-01 09:49:00,0.06972968696729269,0.29931688047309746,0.803634306241358,0.0
1970-01-01 09:50:00,0.045605079927566114,0.2691961195425452,0.8044055834568524,0.0
1970-01-01 09:51:00,0.1722289586024841,-0.014991619925291952,0.9225509555687961,0.0
1970-01-01 09:52:00,0.16047836719671005,-0.08157504060620044,0.9111375331674532,0.0
1970-01-01 09:53:00,0.1868251252600644,-0.0982789596981247,0.9069556683017723,0.0
1970-01-01 09:54:00,0.1902002583162554,-0.08707218370889595,0.9106205777528339,0.0
1970-01-01 09:55:00,0.21059883489993209,-0.02695437463499385,0.9129874722094045,0.0
1970-01-01 09:56:00,0.12434490786656224,0.24857536280104808,0.831055694959576,0.0
1970-01-01 09:57:00,0.10727298004813818,0.25300281876657454,0.8242080202226703,0.0
1970-01-01 09:58:00,0.09938732407736205,0.27594564139193933,0.8250652878146197,0.0
1970-01-01 09:59:00,0.1034831686243744,0.2774759170922405,0.8068333410402037,0.0
1970-01-01 10:00:00,-0.008021423935932297,0.3145674261345119,0.7806776987932595,0.0
1970-01-01 10:01:00,-0.16497633209735385,0.5764174225684494,0.7182711814820993,0.0
1970-01-01 10:02:00,-0.1791834941065848,0.5650764965853894,0.7157843116627256,0.0
1970-01-01 10:03:00,-0.19233737634857628,0.6043210363440381,0.6940500718755411,0.0
1970-01-01 10:04:00,-0.2117694439623734,0.5921693489599313,0.694274943300403,0.0
1970-01-01 10:05:00,-0.2110640938803581,0.6069525385774849,0.6856787680661802,0.0
1970-01-01 10:06:00,-0.21506609690051165,0.6036387102878005,0.6869500278760499,0.0
1970-01-01 10:07:00,-0.21770963352596223,0.6031512542693895,0.6862743561814839,0.0
1970-01-01 10:08:00,-0.2197705420406893,0.6031200843768485,0.6854350155468771,0.0
1970-01-01 10:09:00,-0.22786049230011896,0.6011100818601354,0.6836129087824573,0.0
1970-01-01 10:10:00,-0.23233303743027495,0.6002783195035588,0.6822984177092016,0.0
1970-01-01 10:11:00,-0.2647220575107404,0.6072383317688862,0.6615732467590644,0.0
1970-01-01 10:12:00,-0.1391641261635164,0.5801130845726064,0.7168540321425574,0.0
1970-01-01 10:13:00,-0.15889391132432018,0.6158333359957827,0.6948971341351213,0.0
1970-01-01 10:14:00,-0.16824217258891444,0.6138450734414702,0.693947236552886,0.0
1970-01-01 10:15:00,-0.17710779183316638,0.6162563060721716,0.6893333344743633,0.0
1970-01-01 10:16:00,-0.1855517964237947,0.6135557623748957,0.688499979328669,0.0
1970-01-01 10:17:00,-0.18011669595701418,0.6110560007704137,0.6926675223014055,0.0
1970-01-01 10:18:00,-0.20433916288888543,0.603855988431226,0.6885974095138427,0.0
1970-01-01 10:19:00,-0.20148025781815737,0.6007293718410417,0.6921578901349297,0.0
1970-01-01 10:20:00,-0.1999241695133423,0.6030551985612456,0.6906374726682756,0.0
1970-01-01 10:21:00,-0.1889402493401336,0.6091072801453851,0.6906020712309773,0.0
1970-01-01 10:22:00,-0.1968922904980095,0.6225290621943282,0.6758761897536318,0.0
1970-01-01 10:23:00,-0.1828748381529935,0.6207770186307762,0.6825280057189995,0.0
1970-01-01 10:24:00,-0.14291238958239266,0.6217997332764253,0.6988488060484108,0.0
1970-01-01 10:25:00,-0.13654399265683032,0.6228688433808323,0.6997515328630539,0.0
1970-01-01 10:26:00,-0.1226615016162811,0.6324778763917995,0.6959357172852038,0.0
1970-01-01 10:27:00,-0.1244437238010052,0.6291122973743888,0.6984547966090047,0.0
1970-01-01 10:28:00,-0.12863239407993432,0.6305348349839568,0.6960193665830046,0.0
1970-01-01 10:29:00,-0.13515179589478465,0.6298865184288532,0.694572107824299,0.0
1970-01-01 10:30:00,-0.13786138906779488,0.6290274431881989,0.6943114464217739,0.0
1970-01-01 10:31:00,-0.14898728650171283,0.6173676914189467,0.699365328658573,0.0
1970-01-01 10:32:00,-0.23032440251997133,0.5790086894209595,0.685764974844864,0.0
1970-01-01 10:33:00,-0.23755669818809833,0.6046170946445776,0.6750418853890714,0.0
1970-01-01 10:34:00,-0.24251085460549354,0.6024664024293946,0.6736864992128517,0.0
1970-01-01 10:35:00,-0.2377461290066428,0.6008578881729053,0.6762553117033601,0.0
1970-01-01 10:36:00,-0.23461377094161856,0.6030578610106572,0.6750028542962123,0.0
1970-01-01 10:37:00,-0.2023319819595774,0.5771191298391299,0.6966032493050366,0.0
1970-01-01 10:38:00,-0.21243327093643605,0.5879986067716054,0.6887216145565674,0.0
1970-01-01 10:39:00,-0.23767535200023446,0.5757308396301679,0.677424562453629,0.0
1970-01-01 10:40:00,-0.257631848649836,0.5869385773406669,0.6708562679120182,0.0
1970-01-01 10:41:00,-0.26289418430626454,0.5980850230360995,0.6625621754341587,0.0
1970-01-01 10:42:00,-0.2602786915882356,0.5991477807184312,0.6622766523665125,0.0
1970-01-01 10:43:00,-0.26245442974590494,0.5966802317148148,0.6635652489458286,0.0
1970-01-01 10:44:00,-0.26180796091482383,0.6000185585884384,0.6607402653990375,0.0
1970-01-01 10:45:00,-0.16919764225787903,0.6038477226899921,0.6967384515155577,0.0
1970-01-01 10:46:00,-0.12238193891417126,0.607638205349714,0.7140016540409246,0.0
1970-01-01 10:47:00,-0.12495950862102775,0.6077402692849523,0.7131150639470061,0.0
1970-01-01 10:48:00,-0.13214942472664296,0.6146214811464021,0.705921725995846,0.0
1970-01-01 10:49:00,-0.134181651972416,0.6143196879500767,0.705645557406352,0.0
1970-01-01 10:50:00,-0.1348814749348933,0.6150989706954377,0.7047950671387422,0.0
1970-01-01 10:51:00,-0.13341202796337676,0.6055007697029892,0.7095161916032808,0.0
1970-01-01 10:52:00,-0.1472484248187338,0.5858405093026408,0.7215873292324522,0.0
1970-01-01 10:53:00,-0.15209969714253055,0.5997863180867227,0.7098970546073022,0.0
1970-01-01 10:54:00,-0.15649480284651074,0.6034078161958631,0.7055246967617049,0.0
1970-01-01 10:55:00,-0.15841756324910938,0.603455193622655,0.7050075396995544,0.0
1970-01-01 10:56:00,-0.1585336427181815,0.6037814904646106,0.7046250930246785,0.0
1970-01-01 10:57:00,-0.17193877984735173,0.6226326345134536,0.6854707415875183,0.0
1970-01-01 10:58:00,-0.19015912857987344,0.6317375737280329,0.6714496379044792,0.0
1970-01-01 10:59:00,-0.1594008676912428,0.594757254849686,0.6936201150750327,0.0
1970-01-01 11:00:00,-0.17303250219557104,0.6234689574535279,0.6831238397459265,0.0
1970-01-01 11:01:00,-0.16667991980302915,0.6240064685332151,0.6846542363062564,0.0
1970-01-01 11:02:00,-0.16774463224275435,0.6262916802456648,0.6813633289249249,0.0
1970-01-01 11:03:00,-0.15650802311891926,0.5992623470301839,0.6942972130570141,0.0
1970-01-01 11:04:00,-0.1806114677640184,0.604016196009793,0.6936989740144106,0.0
1970-01-01 11:05:00,-0.17838386929104422,0.6115859699306649,0.6903427820153105,0.0
1970-01-01 11:06:00,-0.1694026485988694,0.6089691972177269,0.6960344753931436,0.0
1970-01-01 11:07:00,-0.16840613384310144,0.610612424550385,0.6951860212737753,0.0
1970-01-01 11:08:00,-0.15718341222952897,0.6042327351463477,0.6979452431342483,0.0
1970-01-01 11:09:00,-0.17316003425467685,0.6217892960697966,0.6844729846851454,0.0
1970-01-01 11:10:00,-0.19740872263833825,0.6224827780927702,0.6739215907247801,0.0
1970-01-01 11:11:00,-0.21022292105992998,0.6269338417846382,0.6641207337935953,0.0
1970-01-01 11:12:00,-0.20510230373608818,0.6435246725785515,0.6536785786945574,0.0
1970-01-01 11:13:00,-0.21906488821606884,0.6452222270396022,0.6455849779632201,0.0
1970-01-01 11:14:00,-0.20902766403198136,0.5054414614658189,0.6887667836035454,0.0
1970-01-01 11:15:00,-0.16133800358402733,0.11218477606243285,0.7770019397213757,0.0
1970-01-01 11:16:00,-0.16302856023399903,0.12568925095555314,0.7871665048617367,0.0
1970-01-01 11:17:00,-0.15170351719755581,0.1172787048683088,0.7863462568055672,0.0
1970-01-01 11:18:00,-0.1513541136137882,0.134871421449832,0.7918693335014975,0.0
1970-01-01 11:19:00,-0.15780221558659824,0.1511038997133419,0.7955846548353469,0.0
1970-01-01 11:20:00,-0.10116445234921465,0.6080349710523316,0.495718393379886,0.0
1970-01-01 11:21:00,-0.08969931426033725,0.7476238479242263,0.4137713696094094,0.0046904164362097
1970-01-01 11:22:00,0.13141143476303166,0.4527696477236044,0.5238624917679855,0.00481366982336535
1970-01-01 11:23:00,0.17117462320520685,0.3253119938195217,0.5059934712037834,0.00507913831310035
1970-01-01 11:24:00,0.1567365670221224,0.39058254854751767,0.5329430637178952,0.0043689772446219
1970-01-01 11:25:00,0.11741275968628395,0.40874401696494134,0.5357529532092447,0.00262951485343985
1970-01-01 11:26:00,0.16603214637256153,0.40598628122222535,0.5285532707382019,0.0042607102380031
1970-01-01 11:27:00,0.5075122109108343,0.33533187415718035,0.4708682959413398,0.0
1970-01-01 11:28:00,0.6325473165848585,0.30432355585129867,0.29211041542057103,0.0211340224229871
1970-01-01 11:29:00,0.6611048228756766,0.4574249557048393,0.06590309533780185,0.02119397007994945
1970-01-01 11:30:00,1.0393240045195626,-0.046844471233882204,0.0186670923101773,0.042587792004014496
1970-01-01 11:31:00,1.0424177125829166,0.018153319095080202,-0.0022158112734131027,0.044051629837781145
1970-01-01 11:32:00,1.0418440672862888,-0.00036836961668775003,-0.02010179973962685,0.0444484938397171
1970-01-01 11:33:00,1.0420811657763087,-0.0009736263673343,-0.0210643568522325,0.04475739675111075
1970-01-01 11:34:00,1.0416436967545688,-0.0133181591129089,-0.019906860677559902,0.0443349243111459
1970-01-01 11:35:00,1.0314016255698741,0.06289423257940825,-0.015898063494164755,0.03779881389108515
1970-01-01 11:36:00,1.03996507071578,0.0216797333407291,-0.019250768466445647,0.04297545525375675
1970-01-01 11:37:00,1.0404853718397855,-0.0256020629249246,-0.03192648965810305,0.0443462179122886
1970-01-01 11:38:00,1.039181091134103,-0.048888321277620606,-0.030840543929362252,0.0441705496737546
1970-01-01 11:39:00,1.0389334761788,-0.05294091347703905,-0.031128634314356446,0.04409032639553695
1970-01-01 11:40:00,1.0387256963192666,-0.05736499329473755,-0.0313836741771716,0.0440274779044731
1970-01-01 11:41:00,1.038384946910055,-0.0641040070738304,-0.031744790477837695,0.043918131504531
1970-01-01 11:42:00,1.0376838492245133,-0.0724712250870002,-0.03300661219960285,0.04378381372486675
1970-01-01 11:43:00,1.0371053440462017,-0.07372436814902411,-0.0345572964688596,0.04371892953662575
1970-01-01 11:44:00,1.0377403353903143,-0.0664955547886351,-0.037554442743162296,0.04400754155681315
1970-01-01 11:45:00,1.0372933059455898,-0.07226693018072436,-0.036850579740094855,0.04387581677440685
1970-01-01 11:46:00,1.0371159600992241,-0.07294536885835325,-0.03592306011558495,0.0438073395898509
1970-01-01 11:47:00,1.0379785492630154,-0.044570850793585505,-0.03879390126189945,0.04416865140086295
1970-01-01 11:48:00,1.0374052425647018,-0.02270585450435155,-0.037577027266651256,0.0445410653171619
1970-01-01 11:49:00,1.03660009560901,-0.011632317404593001,-0.036716375930764406,0.04460927537002365
1970-01-01 11:50:00,1.0360483795326036,-0.006680379151747205,-0.0353986830881727,0.04459919835225665
1970-01-01 11:51:00,1.035490210170682,-0.001951221100331503,-0.03434340745709685,0.044583506200515696
1970-01-01 11:52:00,1.034795406430272,0.003517333572180349,-0.03494298917716385,0.044618753160850205
1970-01-01 11:53:00,1.0342863935765303,0.006626279799444752,-0.033685249588346344,0.044619948969074355
1970-01-01 11:54:00,1.0337102187513214,0.010532366417553354,-0.0332945206099958,0.0445962990191581
1970-01-01 11:55:00,1.033122890099297,0.012909579423738944,-0.0325512478101693,0.044553317711973
1970-01-01 11:56:00,1.0326824732804702,0.015442773496592857,-0.0326278886267045,0.04455433156071515
1970-01-01 11:57:00,1.0291894289443637,0.09742865130610305,0.05189939906791205,0.0361978376232219
1970-01-01 11:58:00,1.0344518052327785,0.0941992512296841,0.051738356519897596,0.0416904265555443
1970-01-01 11:59:00,1.034117900758949,0.09585384023680835,0.05230992674442185,0.0416258575823389
1970-01-01 12:00:00,1.0272080681029454,0.16923208016550484,0.06018231347067354,0.0428418647166275
1970-01-01 12:01:00,1.0267263755091434,0.1727139441683406,0.059421815548252196,0.04286245311923535
1970-01-01 12:02:00,1.026718366061463,0.17185619124170703,0.0612001917322552,0.04281011906342385
1970-01-01 12:03:00,1.026749853556698,0.17186238655286676,0.06042771493706825,0.0427937284776127
1970-01-01 12:04:00,1.0266922751644567,0.17165698179217165,0.0615973581829529,0.042766449051025696
1970-01-01 12:05:00,1.0265668455289907,0.1724916690990565,0.06123798885797595,0.04275793537521305
1970-01-01 12:06:00,1.026048876358071,0.1760185735231078,0.060237583439418804,0.04279651794053235
1970-01-01 12:07:00,1.0257808248936822,0.17682948148278643,0.0611192442540863,0.04273673512284465
1970-01-01 12:08:00,1.0256289300716896,0.17707345580370745,0.06176887326392155,0.042682756569395
1970-01-01 12:09:00,1.0256803179070093,0.17644335452201682,0.06233923060391,0.042670321099280456
1970-01-01 12:10:00,1.0251759536632057,0.17941879278773046,0.0611284082028172,0.04267149370830465
1970-01-01 12:11:00,1.0253733515992196,0.17764439904583984,0.062326376703821504,0.0426306146107664
1970-01-01 12:12:00,1.0251801962929632,0.17846724190428487,0.0626031827872005,0.0426239583948557
1970-01-01 12:13:00,1.0247420404316385,0.1803526488716926,0.06336369220077659,0.04260911063446155
1970-01-01 12:14:00,1.024786647409744,0.1801649917178296,0.0630280968642299,0.042611902522970604
1970-01-01 12:15:00,1.015921510297284,0.16947252353857128,0.06323032177261956,0.0323841352313818
1970-01-01 12:16:00,1.0061068494829222,0.1586649797152497,0.06266411063997454,0.02148069103102965
1970-01-01 12:17:00,0.997239632955341,0.1479027477397289,0.060525654062866405,0.0214556628775699
1970-01-01 12:18:00,0.9889091318769795,0.13731604643739226,0.058905815114602744,0.02146189468572335
1970-01-01 12:19:00,0.981648804747336,0.12604198519312285,0.05902053620396355,0.0214351764645337
1970-01-01 12:20:00,0.9740870255306371,0.1239969961736727,0.06647785680944196,0.0214222280437247
1970-01-01 12:21:00,0.965958421089695,0.12265767507580085,0.072760126553497,0.02144256192394555
1970-01-01 12:22:00,0.9597402779947328,0.11910416162003215,0.07916679218842501,0.02141516420598775
1970-01-01 12:23:00,0.9542259939584399,0.11467806834388329,0.085584311335062,0.0210678807688603
1970-01-01 12:24:00,0.9551189521249115,0.07709225529748365,0.08730461790922729,0.021430989212726
1970-01-01 12:25:00,0.9495924679772618,0.0779654407947622,0.09231003063529855,0.02146724930828565
1970-01-01 12:26:00,0.9449301061815412,0.07788295912481115,0.09748825032517269,0.0214939078059234
1970-01-01 12:27:00,0.9397917551740078,0.07994863676567139,0.10379794079533411,0.02145350318573135
1970-01-01 12:28:00,0.9354562007612224,0.07997862864463004,0.1085056754853764,0.02146024857085035
1970-01-01 12:29:00,0.9316593721170428,0.07851287466118034,0.1123428253810055,0.02146732374989755
1970-01-01 12:30:00,0.9319612424727837,0.07639376739719185,0.11191963115013939,0.02146327323488435
1970-01-01 12:31:00,0.9304304192589591,0.07699056066047726,0.1125601752155993,0.0214694483067288
1970-01-01 12:32:00,0.9291338089375727,0.0755411532353194,0.1131719004831793,0.0214748308698268
1970-01-01 12:33:00,0.9275714294283732,0.0749555104309636,0.11463252156671436,0.02141916509327045
1970-01-01 12:34:00,0.9272528674788456,0.06415686816544006,0.1159516987726575,0.02136563747193085
1970-01-01 12:35:00,0.9262811660783723,0.059330098757818,0.11567653386774335,0.02140023961311395
1970-01-01 12:36:00,0.9248488089913303,0.0574180192017806,0.1163840600467224,0.02140329668307415
1970-01-01 12:37:00,0.9233284070699773,0.0556162620123842,0.1172560867543064,0.02138394988052735
1970-01-01 12:38:00,0.9217315400209154,0.053877465451627804,0.1184339131391636,0.02135926507182095
1970-01-01 12:39:00,0.9203664988175313,0.05026762959277895,0.1186378612575247,0.02136907097201745
1970-01-01 12:40:00,0.9190793869499125,0.04454569232089755,0.11936897197925345,0.0213504698743165
1970-01-01 12:41:00,0.9170963472425179,0.042928410870217655,0.12018800258372456,0.02108812474174145
1970-01-01 12:42:00,0.9139004929882315,0.057903081969596946,0.12108026441455094,0.02146701086822895
1970-01-01 12:43:00,0.9115337071772776,0.060569523676490794,0.1221183253757712,0.021502413219711
1970-01-01 12:44:00,0.9102373379459636,0.05224081325172905,0.12338393075281295,0.0212855771509096
1970-01-01 12:45:00,0.6222622483936677,-0.3897577612009966,0.0403291865453016,0.013800973269011767
1970-01-01 12:46:00,0.5428957098310921,-0.43861489233931267,-0.006195399074186002,0.014405598547472533
1970-01-01 12:47:00,0.5426034447128188,-0.45997352719463697,-0.005321257026641834,0.013244845455919368
1970-01-01 12:48:00,0.5424405789237656,-0.5283584542825386,-0.007532066457635833,0.013662255023041766
1970-01-01 12:49:00,0.5564293101647317,-0.5140085808375664,-0.0074776412971547,0.013408598346066334
1970-01-01 12:50:00,0.5355610678431596,-0.16555593326567913,0.4267924244937458,0.013305570618880267
1970-01-01 12:51:00,0.469884606849793,-0.15300438242412623,0.4573761727513022,0.012819179091301333
1970-01-01 12:52:00,0.5140100569594864,-0.0829063058055218,0.4773964331148566,0.014239293441221634
1970-01-01 12:53:00,0.534353217945561,-0.046079745911539634,0.4865955147942942,0.014264169900428133
1970-01-01 12:54:00,0.5178640178256,-0.024972813759428402,0.48507150701793916,0.014263930380084134
1970-01-01 12:55:00,0.5158290469376058,-0.02247692434848213,0.48576820415630184,0.014265420294472734
1970-01-01 12:56:00,0.5462101391807175,-0.012984335536590202,0.49309892309496606,0.0142719119511266
1970-01-01 12:57:00,0.5294659894684451,-0.046479639739131134,0.4854771775865247,0.014279105526160032
1970-01-01 12:58:00,0.53762225022417,-0.028017066515343966,0.49234794834309614,0.014244774430693033
1970-01-01 12:59:00,0.5415574049742355,-0.0205358823085436,0.4938639148093675,0.0143019069747782
1970-01-01 13:00:00,0.5411847476533126,-0.034369351924867335,0.4888645659341638,0.014289697451883033
1970-01-01 13:01:00,0.5295284260016768,-0.05721707550166754,0.4839407561914227,0.014293730290349834
1970-01-01 13:02:00,0.5210580057631663,-0.07571193725168375,0.471250481949895,0.014326719296527799
1970-01-01 13:03:00,0.5208412779452457,-0.0407957556741889,0.4849422066863782,0.014327928366022168
1970-01-01 13:04:00,0.5382325836440013,-0.03787582817007453,0.4774346969634508,0.014325833685054001
1970-01-01 13:05:00,0.57668750289153,-0.0383326963903977,0.48673437125153834,0.0143182521271646
1970-01-01 13:06:00,0.5792684187464312,-0.0775268672629347,0.4789772956585316,0.014300906403243767
1970-01-01 13:07:00,0.5769734392089628,-0.08429402404341241,0.47698080312552493,0.014305324763571799
1970-01-01 13:08:00,0.5789190649565332,-0.08167054965172753,0.4778159976901619,0.014306816076181799
1970-01-01 13:09:00,0.5672630819032116,-0.04330355524381476,0.48746168930524164,0.014294631958621533
1970-01-01 13:10:00,0.2548803655380007,-0.15538946220005817,0.7265630540971051,0.0
1970-01-01 13:11:00,0.2677073574581842,-0.11076660434828454,0.7308092068827691,0.0
1970-01-01 13:12:00,0.26902584106736355,-0.12847675192027963,0.7232973714761455,0.0
1970-01-01 13:13:00,0.2800654481667902,-0.14191495872107654,0.7185377611899438,0.0
1970-01-01 13:14:00,0.2835759409322638,-0.1279442293891385,0.7176832242126476,0.0
1970-01-01 13:15:00,0.27635713859240835,-0.14258051304155656,0.7117962449532428,0.0
1970-01-01 13:16:00,0.2931478043387467,-0.14729877408285605,0.7086262820411467,0.0
1970-01-01 13:17:00,0.29764541168056524,-0.14397512410893712,0.706210502250381,0.0
1970-01-01 13:18:00,0.3059066412241656,-0.15247001896464646,0.701787843710329,0.0
1970-01-01 13:19:00,0.30471528351305155,-0.1422633002214974,0.7015492000429923,0.0
1970-01-01 13:20:00,0.31073293148563824,-0.1446948547999515,0.6984468929485376,0.0
1970-01-01 13:21:00,0.31328423767488883,-0.13250316196232312,0.6974393566788644,0.0
1970-01-01 13:22:00,0.3187653593810858,-0.13818276566471308,0.6942781691958672,0.0
1970-01-01 13:23:00,0.2828655120743036,-0.12271299920061624,0.6939038978696358,0.0
1970-01-01 13:24:00,0.27712925380666825,-0.10727796527765439,0.6966584663962694,0.0
1970-01-01 13:25:00,0.2680299515015912,-0.11785812097529309,0.6895413526747186,0.0
1970-01-01 13:26:00,0.2829450443995951,-0.09303837486838057,0.6954660707709852,0.0
1970-01-01 13:27:00,0.5169662692104052,-0.1694422539808366,0.3973693053249438,0.014701986303403533
1970-01-01 13:28:00,0.6930021517298774,-0.04918729173765601,0.29891576548827553,0.02890693300731333
1970-01-01 13:29:00,0.6894633379249656,-0.04764835210977017,0.29901726796993205,0.02888731767358464
1970-01-01 13:30:00,0.6836588997285761,-0.11550082137272981,0.2934883057891495,0.018773492873012897
1970-01-01 13:31:00,0.6718875957327977,-0.20884276805723237,0.2837093415500866,0.026171344199502067
1970-01-01 13:32:00,0.6748424701884169,-0.023706635156115565,0.2961359968919657,0.014614590030852734
1970-01-01 13:33:00,0.6535862041577287,0.08169936248354105,0.30492718332233143,0.028091119540478465
1970-01-01 13:34:00,0.652640240138492,0.07160841263123396,0.30275112776136087,0.028050630429529638
1970-01-01 13:35:00,0.6301238439665992,0.005092405236916102,0.31458240811134314,0.02457803382149577
1970-01-01 13:36:00,0.6214970925545373,-0.0223320182614955,0.3187967070807337,0.025126594656710632
1970-01-01 13:37:00,0.6353440274525209,-0.083333596878706,0.3102486583906126,0.017454468073819535
1970-01-01 13:38:00,0.6613449289154268,-0.18542498672828023,0.29447358185693157,0.0260251439446884
1970-01-01 13:39:00,0.660051835232473,-0.1843270384836053,0.29423701487526294,0.0259404290014618
1970-01-01 13:40:00,0.6600296603624947,-0.17920816060330022,0.29546217937103986,0.025874312453215736
1970-01-01 13:41:00,0.661136763983301,-0.18524682195764264,0.2944368885639052,0.025831775201910934
1970-01-01 13:42:00,0.6606443258489908,-0.17928549649127842,0.29489597933413797,0.02576616388766433
1970-01-01 13:43:00,0.6583912594714546,-0.17245341171444026,0.2927858248094053,0.025945033457893802
1970-01-01 13:44:00,0.6584084748720095,-0.1740442302995552,0.29207359261408966,0.025980861238298833
1970-01-01 13:45:00,0.6561521818517162,-0.17392582047718172,0.2905465207789076,0.02601371131627267
1970-01-01 13:46:00,0.6561594783134247,-0.16420964159331627,0.2934543962156994,0.02598164229716603
1970-01-01 13:47:00,0.6558020512774508,-0.16854860401689822,0.2935095132075477,0.025959573237726564
1970-01-01 13:48:00,0.6567471488833544,-0.16253294973491092,0.29515077000650813,0.025919068037192333
1970-01-01 13:49:00,0.654014388282563,-0.16822113286265464,0.2929783736104932,0.02593058727262627
1970-01-01 13:50:00,0.6484703388288531,-0.18109303305935964,0.28556049867427896,0.025906780860699464
1970-01-01 13:51:00,0.6509233209540993,-0.059010579375353256,0.29355404288430503,0.025858336389253334
1970-01-01 13:52:00,0.6511497834735486,-0.091612940563451,0.29806913439374166,0.025824563703615033
1970-01-01 13:53:00,0.6465118496649406,-0.11042872026523014,0.2983313679912453,0.025815305674070466
1970-01-01 13:54:00,0.6458419826944819,-0.11035995888163076,0.2982737492584822,0.0258117258072622
1970-01-01 13:55:00,0.6453393334972893,-0.1115942420833741,0.2991721332738569,0.0257756996313082
1970-01-01 13:56:00,0.44755136912865656,-0.2846004444350877,0.43128554461934104,0.011035599140287266
1970-01-01 13:57:00,0.5524202015593703,-0.07711296267494154,0.40559880665581255,0.0109939669117843
1970-01-01 13:58:00,0.5172421670837043,-0.02794746320382535,0.3947604682586179,0.010977770143728265
1970-01-01 13:59:00,0.5214111289490014,-0.061552459309785625,0.40905392398275636,0.0109613087217312
1970-01-01 14:00:00,0.35489257558951753,0.21930119713237098,0.5926446895436346,0.0
1970-01-01 14:01:00,0.35560997988451737,0.22489227889269423,0.5929037764762208,0.0
1970-01-01 14:02:00,0.3723873955532175,0.21711559985346537,0.5944441076139331,0.0
1970-01-01 14:03:00,0.5194744262628834,-0.030965400228769757,0.39510387400416985,0.010952710291611668
1970-01-01 14:04:00,0.4671430161361057,0.0037807642132006714,0.3772963461005041,0.010953866944911834
1970-01-01 14:05:00,0.468370131281896,-0.009259295478469634,0.3840220388357603,0.010941250910703833
1970-01-01 14:06:00,0.5057414014810482,0.0580443835702551,0.36473888872675114,0.011532197184862732
1970-01-01 14:07:00,0.5114930117012646,0.08642479344322655,0.3501792435067946,0.013227671446668067
1970-01-01 14:08:00,0.680829867660084,0.1124565348722083,0.24596132373466173,0.027812900196464402
1970-01-01 14:09:00,0.6770170647468786,0.1068716642301239,0.24938014450599807,0.027747819178071897
1970-01-01 14:10:00,0.6829342130271562,0.10969781209976748,0.24730186996411727,0.027715261371466803
1970-01-01 14:11:00,0.6860746426784607,0.10966298091747795,0.24749097928129984,0.027697749409621136
1970-01-01 14:12:00,0.6763110939012874,0.10806783289941617,0.2486414227106145,0.027669336534440602
1970-01-01 14:13:00,0.6830357526862724,0.11298257953478436,0.2460201851408282,0.02764241536285163
1970-01-01 14:14:00,0.6757600317843697,0.10698342973958046,0.24895249107769515,0.02761829625867343
1970-01-01 14:15:00,0.6766638336743257,0.1107752132538629,0.24774031399445307,0.027596933045130567
1970-01-01 14:16:00,0.6765294831746607,0.10814657931192413,0.2481472026452799,0.027589666190558398
1970-01-01 14:17:00,0.6894442901100052,0.10833286303475982,0.25048612055616676,0.027587672627958665
1970-01-01 14:18:00,0.6888639325997404,0.10154139664013624,0.2540904701714496,0.0276064984505692
1970-01-01 14:19:00,0.6764264961737315,0.13288392321084483,0.23775860381898717,0.0273885862627866
1970-01-01 14:20:00,0.6787925216045044,-0.0711865071971636,0.2412856060316705,0.025327607450879298
1970-01-01 14:21:00,0.6543377496724712,-0.21691347896660307,0.2689615559047435,0.026056446606843336
1970-01-01 14:22:00,0.670385978601856,-0.09352515289927303,0.2446326468395601,0.025968565395276467
1970-01-01 14:23:00,0.6685176462184437,-0.07654726641311212,0.25149263683056355,0.02587281299470683
1970-01-01 14:24:00,0.6730191912983198,-0.08363089023182431,0.2535345426827608,0.025824799379819564
1970-01-01 14:25:00,0.678500683053715,-0.081808414926677,0.25179962306469644,0.025816912936460434
1970-01-01 14:26:00,0.6704511986124045,-0.08362087483277032,0.25202425841439985,0.02579504577872487
1970-01-01 14:27:00,0.6716934095996955,-0.09410362993061623,0.2561470585869721,0.025789049848385034
1970-01-01 14:28:00,0.6838580054960056,-0.056867348092551756,0.2532316680909705,0.023291493416035435
1970-01-01 14:29:00,0.5350066977534974,0.1189076025540385,0.4358921332861852,0.0141569957247664
1970-01-01 14:30:00,0.5458241769378076,0.10832422441562968,0.4375100006109429,0.014115094049901133
1970-01-01 14:31:00,0.5319036632983464,0.10119127948082146,0.4379668945706736,0.0141005914471898
1970-01-01 14:32:00,0.5218256380174172,-0.1336767814111904,0.45086571662350483,0.014080084777708099
1970-01-01 14:33:00,0.5142103677385631,-0.1412303275510479,0.4523346893785527,0.014064823500989665
1970-01-01 14:34:00,0.5025675800607149,-0.1096612447575004,0.45605657163451335,0.0140675336903079
1970-01-01 14:35:00,0.5043410634213046,-0.11010668874147,0.45453427048482437,0.014063529013872466
1970-01-01 14:36:00,0.5245405840314216,-0.212900939927249,0.42888502912562515,0.014049698020966834
1970-01-01 14:37:00,0.30813809195251884,-0.0396569925970638,0.5983015024644032,0.0
1970-01-01 14:38:00,0.3044304287795942,0.021144889756019303,0.5868857967051321,0.0
1970-01-01 14:39:00,0.3126329974405907,0.06473390337249056,0.6012829398391139,0.0
1970-01-01 14:40:00,0.2904267924033006,-0.017276997972168872,0.6049809747599536,0.0
1970-01-01 14:41:00,0.2638083948540597,0.015824167338164833,0.604023923084392,0.0
1970-01-01 14:42:00,0.24038035857053205,0.01621949744039743,0.602338477279294,0.0
1970-01-01 14:43:00,0.24262713413055437,-0.006509728437987967,0.6033274404314687,0.0
1970-01-01 14:44:00,0.23715793917217887,-0.007964835265223902,0.6038188575879454,0.0
1970-01-01 14:45:00,0.2341595605675911,-0.015214022684407332,0.6043487798834543,0.0
1970-01-01 14:46:00,0.2567641765594399,0.0138525889303377,0.6131929236938385,0.0
1970-01-01 14:47:00,0.26324362168595694,0.007630710858773033,0.6158500933419654,0.0
1970-01-01 14:48:00,0.32527105406481444,0.07167949566977096,0.5434822948331287,0.0
1970-01-01 14:49:00,0.3647691487447033,0.3342286259065323,0.32542915832446284,0.005658206313374966
1970-01-01 14:50:00,0.5393474934487791,0.11664498231324394,0.35266774439423515,0.0
1970-01-01 14:51:00,0.6348574507888692,-0.026501540287947434,0.3683201720887206,0.012465266813795367
1970-01-01 14:52:00,0.6307841816902503,-0.0476358576793993,0.3679233080110336,0.012292149190415234
1970-01-01 14:53:00,0.6277008268478265,-0.0530410321758781,0.3700529054166817,0.012223711227824133
1970-01-01 14:54:00,0.6255434419080932,-0.052914107479924,0.37204500386910183,0.012280392468989501
1970-01-01 14:55:00,1.0347374812216366,-0.06133263513583911,0.04769930052602756,0.04003379825920203
1970-01-01 14:56:00,1.0349038524991174,0.0012332455551095332,0.0572308743931725,0.0388234716192156
1970-01-01 14:57:00,1.0349184470823296,-0.02068118826911103,0.05353429152502281,0.03940708652032537
1970-01-01 14:58:00,1.033760520518504,-0.0465954967820624,0.04903304647939197,0.0396037369937532
1970-01-01 14:59:00,1.0232573203222668,-0.115500664460312,0.04999978900782714,0.03290340507181063
1970-01-01 15:00:00,1.014695403848161,-0.14349763100110582,-0.0064480519548437655,0.04083758963898973
1970-01-01 15:01:00,1.0005233382180987,-0.24534147717015364,0.008882196682759103,0.03650042075047233
1970-01-01 15:02:00,0.995942591009059,-0.26708898823921784,0.010326875008830297,0.03796344608481353
1970-01-01 15:03:00,0.9976202062322926,-0.25877971646343184,0.0057618076998844315,0.03742798646498597
1970-01-01 15:04:00,1.007061040939864,-0.22108704220398856,-0.005846952140355234,0.039608887940200864
1970-01-01 15:05:00,1.0069751863497067,-0.22098553168028845,-0.006119382873174137,0.039627711617166196
1970-01-01 15:06:00,1.006975929938161,-0.22077259984211275,-0.006263178875226233,0.03966101178799707
1970-01-01 15:07:00,1.005581223565082,-0.22618492756491534,-0.0041082323680046344,0.03944238021479204
1970-01-01 15:08:00,0.947297588696406,-0.11861816831965227,0.0732071525382619,0.0253808256228108
1970-01-01 15:09:00,0.7143368796208661,-0.12083590431799036,0.3222455651371577,0.026462402156557364
1970-01-01 15:10:00,0.7124412834339909,-0.015915673779215694,0.3240521335658031,0.026482682058986268
1970-01-01 15:11:00,0.7107599270313463,-0.027892697395555,0.3271239435271892,0.026466113681808633
1970-01-01 15:12:00,0.8076960034699238,-0.10920679433819552,0.23970099415544466,0.026454811977639436
1970-01-01 15:13:00,1.0278062326506043,-0.11598376405009143,0.013807098273107934,0.041324634711745266
1970-01-01 15:14:00,1.0272489861350682,-0.08605409038703547,0.01750620255510243,0.0409971576940256
1970-01-01 15:15:00,0.9022754953954255,0.010127319788629102,0.154038231001359,0.02766037567027857
1970-01-01 15:16:00,0.7171982677458972,-0.0001946456361967691,0.3293778973327957,0.02785134078248293
1970-01-01 15:17:00,0.7126883971310051,0.06721709207701802,0.33145006342995237,0.02801088195043297
1970-01-01 15:18:00,0.7140223383850796,0.025042300652056305,0.33289978786253477,0.0279581454071867
1970-01-01 15:19:00,0.975167854935623,-0.04733098409055614,0.08596682795813314,0.02794782455896963
1970-01-01 15:20:00,1.0047587085076348,-0.1373338581456429,0.03609388508386554,0.0352304125401436
1970-01-01 15:21:00,0.9736261305024242,-0.19699539459151738,0.04720453945512157,0.036508481158234234
1970-01-01 15:22:00,0.9834124417172383,-0.1788122385158322,0.0434208546899791,0.0351479565594267
1970-01-01 15:23:00,1.0105816633843743,-0.13682025849375112,0.023620722935777435,0.03940658555887553
1970-01-01 15:24:00,1.0114834038081242,-0.16213538091067123,0.0032285638665782387,0.04027792317012457
1970-01-01 15:25:00,1.0110993470106286,-0.16512748137804933,0.0023622663998191054,0.0402187387773219
1970-01-01 15:26:00,1.0108368934821517,-0.1662844016961297,0.0015822970281445987,0.04022361433714237
1970-01-01 15:27:00,0.9956464303503786,-0.2526607193256399,0.0541735535446346,0.03423442063351017
1970-01-01 15:28:00,1.001074455108273,-0.184397839728636,0.0515702691627641,0.022476698441764902
1970-01-01 15:29:00,1.0225472248844683,0.07690598001079953,0.0557501519807605,0.03732119542316716
1970-01-01 15:30:00,1.023703926519099,0.05878988965226343,0.05760656341663859,0.03718978004419977
1970-01-01 15:31:00,1.0287109142322584,0.0529736120002309,0.05256524234556046,0.038958589174840165
1970-01-01 15:32:00,1.0291678875127643,0.07561599290073957,0.057762707461004835,0.03908883791517923
1970-01-01 15:33:00,1.0185321908086111,0.0828836294303052,0.050518554331994335,0.02783648022931483
1970-01-01 15:34:00,0.6807138230467208,0.5788238111609628,0.003701176497273933,0.022200489264114564
1970-01-01 15:35:00,1.0196182897153774,0.0622916635866278,0.08565740719892893,0.028761773574392968
1970-01-01 15:36:00,1.0202034124989736,-0.06992876305811474,0.08716854887915004,0.03489512317933236
1970-01-01 15:37:00,1.021751454114443,-0.0529170982213708,0.06356701360763771,0.035421866413132434
1970-01-01 15:38:00,0.9938766317361477,0.01786691850077136,0.0662393106274869,0.0206896677992815
1970-01-01 15:39:00,1.0222203231504234,-0.10805341382928213,0.05200633932622909,0.036184363585182504
1970-01-01 15:40:00,1.0227711031020794,-0.14379024735183563,0.0451905150627804,0.0381472048715091
1970-01-01 15:41:00,1.0176094307326602,-0.18163694042910963,0.049057991754465236,0.037278477730763565
1970-01-01 15:42:00,1.0168694539936471,-0.19391386416937903,0.04747411925252034,0.03825249576415727
1970-01-01 15:43:00,1.0200754621713624,-0.16922431275590366,0.03940232596394234,0.03775496597263613
1970-01-01 15:44:00,1.0211718833473198,-0.16030844794307442,0.040194328611053036,0.03815343304285283
1970-01-01 15:45:00,1.0179972652250713,-0.18429795232048332,0.0444668020734757,0.038207774222126366
1970-01-01 15:46:00,1.018102190867328,-0.18338798683955504,0.04425614434044384,0.0382246389330788
1970-01-01 15:47:00,1.0317091276122792,-0.06315109314564483,0.03270822795405493,0.035357488026375866
1970-01-01 15:48:00,1.0365764335621233,-0.022421139453111204,0.029642777267248833,0.04103942927998347
1970-01-01 15:49:00,1.0374457150220033,-0.012177962621550733,0.028733415757007566,0.0413935659630899
1970-01-01 15:50:00,1.0375516763767505,-0.008605360446470934,0.0300435541945298,0.04147099061868397
1970-01-01 15:51:00,1.0338918070353864,0.012773430062003365,0.03535405996499854,0.0390954262555279
1970-01-01 15:52:00,1.0279736462797577,0.06036963831938757,0.0486809010347459,0.038954263255691235
1970-01-01 15:53:00,1.027598080996844,0.05400670311221794,0.0496805219472238,0.038649107661776004
1970-01-01 15:54:00,1.0260207257302747,0.05833862472376276,0.0512716685149876,0.03648989872830697
1970-01-01 15:55:00,1.0277791813009853,0.1637127438341528,0.0494310987058861,0.042998896028292495
1970-01-01 15:56:00,1.0303916913662188,0.0248403189385201,0.0704339333881873,0.03376009902321216
1970-01-01 15:57:00,1.0303738153669921,-0.090853373104132,0.07137651755874401,0.03816280152476773
1970-01-01 15:58:00,1.025650622834868,-0.051307667798829226,0.07147280179575283,0.032657810519793766
1970-01-01 15:59:00,1.027511638839024,-0.004058185367859125,0.079419145728792,0.03775275978104717
1970-01-01 16:00:00,0.9145335759625283,0.12128990762126608,0.048571893330344534,0.013749258547485634
1970-01-01 16:01:00,0.7247387791685617,0.39588261977684674,-0.0004943069541081658,0.02315277199924747
1970-01-01 16:02:00,0.7299207375605015,0.3917667058243124,0.0099987174233372,0.02303123565098697
1970-01-01 16:03:00,0.6799108919182312,0.2946598616403396,0.010582875566387333,0.019023428328494133
1970-01-01 16:04:00,0.6799315862504832,0.2659558224365151,0.007465168659618066,0.020069821785333602
1970-01-01 16:05:00,0.6894254447901148,0.25967773129215344,0.0075397684096794,0.020487535793054203
1970-01-01 16:06:00,0.7849857116291687,0.14845883214829225,0.0328182143867172,0.0110593585985379
1970-01-01 16:07:00,1.0186352143250446,-0.0006464943463807643,0.06549982978489254,0.03384192751004193
1970-01-01 16:08:00,1.0189308903233931,0.028629090746719234,0.05667471082932524,0.0342793601312533
1970-01-01 16:09:00,0.9956702218613268,-0.11148407100654993,0.06147043012569261,0.02682961794925327
1970-01-01 16:10:00,0.9891033565298675,-0.10282300159007146,0.06409952047331803,0.02563042525558103
1970-01-01 16:11:00,0.9893283401713862,-0.11314555079658073,0.0667737798679216,0.025329931483210864
1970-01-01 16:12:00,0.99661645476746,-0.08877391406493625,0.05770241976742283,0.020228055127739966
1970-01-01 16:13:00,1.0362032583849552,0.10881378103576274,0.012469357075569334,0.04403509672086673
1970-01-01 16:14:00,1.0076316903053304,0.2052690742441491,0.0102614444834985,0.0355615104760956
1970-01-01 16:15:00,0.8502247832709872,0.3860843098964937,-0.01885533273962393,0.015728989915317966
1970-01-01 16:16:00,0.752878171314797,0.49872019397500944,-0.03212005161507914,0.0251664200166473
1970-01-01 16:17:00,0.7291919544833997,0.3439061102663284,-0.012292944995206133,0.022681989586700035
1970-01-01 16:18:00,0.7652651682105834,0.2745246222896401,-0.012126487417356335,0.0135861172173721
1970-01-01 16:19:00,1.0264998274064807,-0.06129767741127723,-0.02626709595229237,0.0417048728631761
1970-01-01 16:20:00,1.0172365609578933,-0.07576979744032236,-0.0178700173259821,0.04044794453359393
1970-01-01 16:21:00,0.9926572280009802,-0.054885797340368164,-0.0219958536873974,0.036525857224410534
1970-01-01 16:22:00,1.0275385906009034,0.0535496391731801,-0.0412271197227001,0.034186872518149
1970-01-01 16:23:00,1.0288649432692336,-0.003991193888843235,-0.033616630408965065,0.042720188785767894
1970-01-01 16:24:00,1.023493217120231,-0.013701271747948064,-0.030006306780645434,0.04152638254389363
1970-01-01 16:25:00,0.8305807116177095,0.22534560135490914,-0.06806346829484554,0.033636901938427166
1970-01-01 16:26:00,0.8049703169182226,0.13655294722304342,-0.0469132259884505,0.03551771241122
1970-01-01 16:27:00,0.8223337181323914,0.2156586722955045,-0.06594548722284677,0.03605653072394704
1970-01-01 16:28:00,0.8277207177210304,0.23913009067565708,-0.06952324231576913,0.038848470724604865
1970-01-01 16:29:00,0.8446524957137637,0.3042929832382835,-0.0720341377007447,0.03583390460237184
1970-01-01 16:30:00,0.8587726130593515,0.29964946224791633,-0.07042478383638767,0.03796730085076597
1970-01-01 16:31:00,0.846205712572092,0.23477597354953086,-0.06909772995800019,0.0396344336281047
1970-01-01 16:32:00,0.8444718103585361,0.2346233838157633,-0.06985348523182823,0.0396104683392669
1970-01-01 16:33:00,0.7801951878264203,0.07612332617930138,0.11108411001486661,0.02770493292891027
1970-01-01 16:34:00,0.6767061119893024,-0.12803920000733957,0.2660331583232771,0.027314019414695533
1970-01-01 16:35:00,0.6398970361565398,-0.2275398477330266,0.2793225798410039,0.01823934514092593
1970-01-01 16:36:00,0.6109901047046107,-0.329272380570338,0.28085508796247294,0.022203041879377602
1970-01-01 16:37:00,0.6002977608344776,-0.3372677633957862,0.27956675696771,0.022008478006728168
1970-01-01 16:38:00,0.6292735505690356,-0.3292422533861217,0.2815177181439468,0.021881971135286633
1970-01-01 16:39:00,0.6336796142439436,-0.2947126736359239,0.27787019956288916,0.021616438314177002
1970-01-01 16:40:00,0.6488979652623466,-0.24414259543454084,0.26695560888952424,0.0236353154936637
1970-01-01 16:41:00,0.6385186223376303,-0.2207485534358935,0.26520163931770396,0.023950213633019236
1970-01-01 16:42:00,0.6397185151748492,-0.200306091381767,0.260586501123421,0.016337008134373734
1970-01-01 16:43:00,0.6935093653651269,-0.0916136154555705,0.24527128260423772,0.02979382488497967
1970-01-01 16:44:00,0.6866141360196486,-0.12125418558137878,0.2537603911964728,0.027036365328345097
1970-01-01 16:45:00,0.6718634058708917,-0.15957976017268502,0.2623427494762845,0.027001089094201364
1970-01-01 16:46:00,0.6355797283945973,-0.16062261359918123,0.252147804413974,0.027061837987612736
1970-01-01 16:47:00,0.6251253959020953,-0.16758996025461773,0.24976746842807065,0.0269824192895867
1970-01-01 16:48:00,0.6241298006731214,-0.17756176802660165,0.2533803069125918,0.026794036030787737
1970-01-01 16:49:00,0.6236070613092957,-0.18808541146351,0.2560559401334645,0.026498565882038732
1970-01-01 16:50:00,0.6354763961561715,-0.19494780901989728,0.25774183153147495,0.0263534382452069
1970-01-01 16:51:00,0.626616732258737,-0.18238353140020014,0.2562908513102026,0.026618231543081728
1970-01-01 16:52:00,0.6194056637172684,-0.09813372797569035,0.25947172143713626,0.014980030043855367
1970-01-01 16:53:00,0.671342980262212,-0.15668450672446108,0.2547511002717203,0.023994202464867064
1970-01-01 16:54:00,0.7040556604958041,-0.17226568709692933,0.23787703813561722,0.0286900861490957
1970-01-01 16:55:00,0.696428667080224,-0.24436738512725684,0.24310682095660294,0.0272653303019884
1970-01-01 16:56:00,0.6970697797507199,-0.18088510217178969,0.24764939882788758,0.02790563954198763
1970-01-01 16:57:00,0.7293420863201722,-0.16573080456277337,0.23499818682802456,0.0287098362057208
1970-01-01 16:58:00,0.809102112639167,-0.28518680083192655,0.17612011441107137,0.028692746411455267
1970-01-01 16:59:00,0.7080484084953739,-0.18718344514142846,0.22968560064522228,0.02722151620317803
1970-01-01 17:00:00,0.6819679862225382,-0.25194961586942516,0.2150570657430987,0.027593206580417234
1970-01-01 17:01:00,0.6904764672352606,-0.1716132317659027,0.23953352506111755,0.028128280172249432
1970-01-01 17:02:00,0.6884264237429049,-0.201233183937459,0.2297630562489362,0.028994896964635836
1970-01-01 17:03:00,0.654317403897307,-0.27579204606891355,0.24022838605935926,0.02319371412612223
1970-01-01 17:04:00,0.6602693116182348,-0.29177198307575186,0.21248481376868492,0.026494972678385464
1970-01-01 17:05:00,0.6684359842721163,-0.29417834467258047,0.20668852925920597,0.0275614652511086
1970-01-01 17:06:00,0.6775225289575056,-0.13168880062433783,0.22021591781544367,0.019413122524355633
1970-01-01 17:07:00,0.6908780813512166,-0.11164158239109923,0.21981211781460627,0.020280978684743434
1970-01-01 17:08:00,0.6802997886798628,-0.19899439467945176,0.2384257981201906,0.027846697922458735
1970-01-01 17:09:00,0.7143490293250759,-0.18465952408629704,0.2502882305546196,0.027585471787958334
1970-01-01 17:10:00,0.6890390675982907,-0.23722015610073852,0.23673281463096255,0.027750726313899965
1970-01-01 17:11:00,0.6750937001786608,-0.276609704867422,0.23031596722171185,0.027459054465523866
1970-01-01 17:12:00,0.6802729829800013,-0.25766442011682417,0.22534344402579468,0.027488272756660232
1970-01-01 17:13:00,0.685933500294967,-0.3383018904671768,0.1555798903140386,0.027422561560381333
1970-01-01 17:14:00,0.684663497689194,-0.11165231317579993,0.25055043792155013,0.0274753221515735
1970-01-01 17:15:00,0.6848918092210052,-0.1884225268261417,0.2535158566782074,0.026912740831692965
1970-01-01 17:16:00,0.6900683135244158,-0.1720703463218495,0.2544406942266118,0.026980989527834603
1970-01-01 17:17:00,0.6781567468368418,-0.21891805028898428,0.2572659564732427,0.025808742331777632
1970-01-01 17:18:00,0.6757465874395477,-0.20005581101369593,0.25425953933073947,0.026617348003993402
1970-01-01 17:19:00,0.6726062241800695,-0.19642657526640483,0.250169747055665,0.026949446714886634
1970-01-01 17:20:00,0.691903420118365,-0.18945886416922378,0.2531552748254694,0.02697165055350807
1970-01-01 17:21:00,0.6918018904180228,-0.19728451162660743,0.2531972011178409,0.026811917523822736
1970-01-01 17:22:00,0.6710269120144208,-0.20054968356893346,0.2560666553225996,0.0266163264197861
1970-01-01 17:23:00,0.6639605643758824,-0.1689835348688757,0.2518387918680646,0.026584776474167904
1970-01-01 17:24:00,0.6600056597172935,-0.15244885003761718,0.25342778752882944,0.026567286806486835
1970-01-01 17:25:00,0.6566169976667019,-0.17351788530998594,0.2630780055571896,0.023976998644728836
1970-01-01 17:26:00,0.6678945722071488,-0.1446758137954123,0.24437267562899123,0.026015404168343536
1970-01-01 17:27:00,0.6747605825098802,-0.2486136308714563,0.20545794159242867,0.0280588223813721
1970-01-01 17:28:00,0.6813816966025952,-0.26706746930398634,0.20004632515949003,0.0278474468811318
1970-01-01 17:29:00,0.6869249559935721,-0.18939154705476022,0.23430730631925956,0.027795633225536066
1970-01-01 17:30:00,0.6973839193159576,-0.13781254225373016,0.23402654082181973,0.027823218158350867
1970-01-01 17:31:00,0.7138052072368142,-0.14809781379401665,0.2386073169652656,0.027744044189438866
1970-01-01 17:32:00,0.7363969880078597,-0.18826387318668006,0.2370802090630454,0.027735395027452498
1970-01-01 17:33:00,0.7343735078851991,-0.19378703506781425,0.23656455206179736,0.027679763452878533
1970-01-01 17:34:00,0.7392404835357075,-0.16536429427387497,0.24143885815534602,0.025473356513570664
1970-01-01 17:35:00,0.7225209668507816,-0.2206185084733792,0.2548091091842591,0.02563011597364027
1970-01-01 17:36:00,0.7192855736507541,-0.22515383750806275,0.2540294086759595,0.025625926789052834
1970-01-01 17:37:00,0.7188209370936994,-0.21937901847893362,0.2539488119611099,0.025577950192627597
1970-01-01 17:38:00,0.7015406119717577,-0.2320226634118887,0.2509271482979587,0.025752772297839368
1970-01-01 17:39:00,0.6938283847295964,-0.2025431495414877,0.2529819071310033,0.0257512653976977
1970-01-01 17:40:00,0.6932722303596028,-0.25027027843391125,0.2758471895598306,0.023107754802611267
1970-01-01 17:41:00,0.8345503154266373,-0.34690791905684604,0.09210076552058838,0.023108008481652
1970-01-01 17:42:00,0.9466733495085599,-0.41556320286614473,-0.04944899451442313,0.03506389086724306
1970-01-01 17:43:00,0.9557352395892592,-0.3918728191122678,-0.05782509851867193,0.035341904991918964
1970-01-01 17:44:00,0.9751491789148897,-0.2629311128691511,-0.0731692526388702,0.037167772541417066
1970-01-01 17:45:00,0.9739358948463098,-0.31861732888883393,-0.06542858426937377,0.0374183079091649
1970-01-01 17:46:00,0.9716289747388848,-0.3377307022707246,-0.062077615433153766,0.03768535970624687
1970-01-01 17:47:00,0.9712827811999181,-0.3384188222758084,-0.0629082294839531,0.037689563463974396
1970-01-01 17:48:00,0.9708324255246966,-0.33796499444448375,-0.0677688268242051,0.037768082896062365
1970-01-01 17:49:00,0.9631212638713471,-0.3670566511882454,-0.059125436558297995,0.03518624090832167
1970-01-01 17:50:00,0.9667526245625057,-0.3623832122302189,-0.055592735753596134,0.035594879570713535
1970-01-01 17:51:00,0.9816381832320767,-0.31572234877191846,-0.07398829900690687,0.0387815891631389
1970-01-01 17:52:00,0.9826086491548027,-0.31237985106499605,-0.07410907440219117,0.0388773056446672
1970-01-01 17:53:00,0.9787859936945771,-0.3268258223988696,-0.06981552631364697,0.03797680161107544
1970-01-01 17:54:00,0.970022181336542,-0.34042921454272057,-0.07966160475295621,0.034663196349365495
1970-01-01 17:55:00,0.9790170306108571,-0.3074770449584528,-0.07413936415654533,0.03499831656021154
1970-01-01 17:56:00,0.9762315217040842,-0.3195903141086546,-0.07564273994770083,0.035264728056432104
1970-01-01 17:57:00,0.9757093632687387,-0.32218778153251304,-0.07780712126420523,0.0354084863325702
1970-01-01 17:58:00,0.9759659660175243,-0.32192590989228886,-0.07556591223833191,0.0353517391841679
1970-01-01 17:59:00,0.9755599019894117,-0.3220388210311183,-0.0780116459613506,0.035329736559404405
1970-01-01 18:00:00,0.9982271022153183,-0.2484495696588868,-0.10495904002554961,0.034453448654520366
1970-01-01 18:01:00,0.9756217459755939,-0.3155428679616477,-0.07920142869275897,0.03713002360084177
1970-01-01 18:02:00,1.0147478733084723,-0.19669357946119814,-0.10264597070509913,0.04148157713992397
1970-01-01 18:03:00,1.0151427752107909,-0.1351210623576198,-0.12439103716135463,0.04124723395212093
1970-01-01 18:04:00,0.999050910253582,-0.06383302438999243,-0.15765252200386873,0.04493853102995333
1970-01-01 18:05:00,0.9971045044020531,-0.060413126680340455,-0.16039235455254564,0.0449612471970833
1970-01-01 18:06:00,0.9957202846179353,-0.05999008067858813,-0.16672839868118314,0.045125312125490834
1970-01-01 18:07:00,0.9979219504435634,-0.07056072697716184,-0.1588590824656333,0.0437473845404611
1970-01-01 18:08:00,1.0144327113091096,-0.15512469943223903,-0.12571629752430238,0.04206758537679647
1970-01-01 18:09:00,1.013427482626142,-0.1905252747051525,-0.12146958084531013,0.04307009543099174
1970-01-01 18:10:00,1.0117189354510436,-0.1983720901538656,-0.12066251857038507,0.04291092852855607
1970-01-01 18:11:00,1.0107543236276,-0.2362876222273327,-0.07758811237244423,0.04163449453296713
1970-01-01 18:12:00,1.0140863351926208,-0.22061865694964553,-0.07884077634535563,0.04198729664035067
1970-01-01 18:13:00,1.0112589197650983,-0.2331282008184479,-0.0793373850322585,0.04185569004486273
1970-01-01 18:14:00,1.011798685312774,-0.23221717744412215,-0.07467277597699971,0.0417709363223406
1970-01-01 18:15:00,1.0110272388481034,-0.23540328914910455,-0.0756958224307185,0.04176791389735443
1970-01-01 18:16:00,1.0074543743352868,-0.24807065654006152,-0.07519215608022534,0.041012518453168605
1970-01-01 18:17:00,1.0064841607015005,-0.25301676372499454,-0.07662299286072323,0.04131141333997847
1970-01-01 18:18:00,1.0023673927704353,-0.26942551537397696,-0.06661771451527483,0.04027390491767937
1970-01-01 18:19:00,0.9951784874803752,-0.29535471538154606,-0.06076970987317156,0.039914232480788334
1970-01-01 18:20:00,1.0023698476082121,-0.26326155017426,-0.0693628210485673,0.0389714628616406
1970-01-01 18:21:00,0.9634271127572779,-0.3555296405755249,-0.0602224237189275,0.030635414129067163
1970-01-01 18:22:00,1.016184683717984,-0.2076941455377617,-0.07729340696478172,0.0419603958475906
1970-01-01 18:23:00,1.0161165955805398,-0.20583302253538882,-0.07958855916435449,0.0418618254191683
1970-01-01 18:24:00,1.016514309176702,-0.20514388344320456,-0.08352921423691763,0.04214376772743847
1970-01-01 18:25:00,1.016597619300117,-0.20532542604890044,-0.08581591691311184,0.04236614185408003
1970-01-01 18:26:00,1.0124566316308234,-0.058810698263539136,-0.08871033114764126,0.032615634508705
1970-01-01 18:27:00,0.9983985574468969,-0.007761252625797702,-0.1273827717405326,0.0424512548772732
1970-01-01 18:28:00,1.0175269953215567,-0.1659493076353959,-0.12062271367561779,0.0426287696575596
1970-01-01 18:29:00,1.0087621555500101,-0.22011781782050396,-0.12809453342494223,0.041277821462938236
1970-01-01 18:30:00,1.0088189504378031,-0.1508533308288896,-0.1460044933562007,0.035832498851891464
1970-01-01 18:31:00,0.9991778912605298,-0.050893560743200235,-0.14987123231301544,0.02918156882968857
1970-01-01 18:32:00,1.0120150546148323,-0.19176529280268162,-0.12472203748521364,0.040867673241938435
1970-01-01 18:33:00,1.0077317510865162,-0.21766514512643245,-0.12845012655054774,0.04103030544396637
1970-01-01 18:34:00,1.0080758566025465,-0.21616351859660574,-0.12382803069673474,0.04080896656532703
1970-01-01 18:35:00,0.9884512261358002,-0.09005474963785526,-0.13234176651834353,0.016313506654417668
1970-01-01 18:36:00,0.9918272056877763,-0.08953372448541824,-0.12575160551518386,0.022132280634137937
1970-01-01 18:37:00,0.9698847950706204,0.1054503684220558,-0.15924220621717886,0.015772265712168967
1970-01-01 18:38:00,1.020242211882253,0.07983091858890144,-0.2047656905362161,0.046388253460490435
1970-01-01 18:39:00,1.0252023983372702,-0.0198430937372229,-0.19671843922764895,0.045604667278005134
1970-01-01 18:40:00,1.0198138800356054,0.028698962327855234,-0.21014667457793865,0.04254366090386907
1970-01-01 18:41:00,1.016441037497421,0.07771724758093583,-0.21709784368065013,0.04349086925202907
1970-01-01 18:42:00,0.9874350079457871,0.13388024113846833,-0.20096181150856363,0.021398855981283566
1970-01-01 18:43:00,0.945962117110736,0.2822388264985543,-0.1943067741009301,0.027846172070414
1970-01-01 18:44:00,1.0143385610602589,0.0689809715611164,-0.19914954120907793,0.037655486032799064
1970-01-01 18:45:00,1.0181912770796293,0.055560576415478825,-0.19880849129687775,0.04046667474178257
1970-01-01 18:46:00,0.9925178815163873,0.16680686943047215,-0.19252540505603535,0.0311282562911649
1970-01-01 18:47:00,1.0121424173747813,0.09253718001270754,-0.1855727014647942,0.0358800749690563
1970-01-01 18:48:00,1.0034158823674084,0.14508443060364876,-0.1890517410744581,0.036135319690401534
1970-01-01 18:49:00,0.9823789533534136,0.23159244330690565,-0.200003739823968,0.0409290351180692
1970-01-01 18:50:00,1.0151943384226731,0.04979679355973443,-0.19747946684668183,0.0370334878735405
1970-01-01 18:51:00,1.0161111232342586,0.12084150254812193,-0.20589209856346394,0.04637175591898146
1970-01-01 18:52:00,1.014823817258761,0.11965448541597062,-0.212295356896408,0.0459030226119631
1970-01-01 18:53:00,1.0140443141459707,-0.010162797180123037,-0.19890370827744122,0.036900308672862696
1970-01-01 18:54:00,1.0077771431781455,0.13321788345281774,-0.21285431401629654,0.04138030215997646
1970-01-01 18:55:00,1.0240043030587482,0.0035802908835516644,-0.20359570696930943,0.04608728248183416
1970-01-01 18:56:00,1.0106456219502233,-0.17112660080310782,-0.13056654034580029,0.04155477614629696
1970-01-01 18:57:00,0.9695210840482891,-0.13516667156705833,-0.102760529454545,0.0258779627093659
1970-01-01 18:58:00,0.9773105548607387,-0.11202957112170199,-0.11107119801522956,0.02616592385865593
1970-01-01 18:59:00,1.0138041931680597,-0.0815809290399434,-0.14807740866410316,0.036097595938433764
1970-01-01 19:00:00,0.9976627467949832,0.023951658114575464,-0.13300960346858934,0.031964610099062866
1970-01-01 19:01:00,0.8196938596141168,-0.022229454906088946,0.08145901215392624,0.027746433084598565
1970-01-01 19:02:00,0.71315472667963,-0.026664532090875298,0.1872377526724307,0.0306184426269083
1970-01-01 19:03:00,0.7052561209831375,-0.0698939740565827,0.1782838973426256,0.029854513240309532
1970-01-01 19:04:00,0.6780150699991466,-0.0744265090378914,0.21256875488161212,0.016533810889458933
1970-01-01 19:05:00,0.566546944809221,0.28071469569100155,0.14867994788129388,0.028321257866332234
1970-01-01 19:06:00,0.6114324999998605,0.15922821899099807,0.24782325178795703,0.015948507622384332
1970-01-01 19:07:00,0.1931119067135778,-0.012627143820632363,0.878534330788912,0.0
1970-01-01 19:08:00,0.13484603165843245,-0.0643858588952537,0.9119808264215528,0.0
1970-01-01 19:09:00,0.1302489022662576,-0.039687422527024625,0.9111840629254138,0.0
1970-01-01 19:10:00,0.1231693127779671,0.047890182828504636,0.9181633266113884,0.0
1970-01-01 19:11:00,0.11228055532896027,0.1614329430692714,0.9170396777125545,0.0
1970-01-01 19:12:00,0.10098943685595163,0.10604403727500983,0.9077286177163056,0.0
1970-01-01 19:13:00,0.1146122395875886,0.0297175145763571,0.9186807476186813,0.0
1970-01-01 19:14:00,0.1061047112975733,-0.16338326318862328,0.9016528694015796,0.0
1970-01-01 19:15:00,0.1229810521153608,-0.16939428096174936,0.8941408660535881,0.0
1970-01-01 19:16:00,0.1032894787701738,-0.10126566609023724,0.9111047449510057,0.0
1970-01-01 19:17:00,0.0696676388262449,-0.14827592794774522,0.8868645017807396,0.0
1970-01-01 19:18:00,0.05764174541381264,-0.047605378354058404,0.9069597668288285,0.0
1970-01-01 19:19:00,0.08998702987871454,-0.05085544283628853,0.9052920532180164,0.0
1970-01-01 19:20:00,0.09489672534984421,0.10066486700204025,0.9249539859187136,0.0
1970-01-01 19:21:00,0.0723335163012395,0.1176010046616864,0.9017062387814913,0.0
1970-01-01 19:22:00,0.0752470950409111,0.08887242638039532,0.9026186758264353,0.0
1970-01-01 19:23:00,0.10552329815727067,0.07175406447401263,0.9163078447214464,0.0
1970-01-01 19:24:00,0.10188427916895075,0.04235331726288313,0.9233697707799068,0.0
1970-01-01 19:25:00,0.10372009615544132,0.09043897247043094,0.928456019904572,0.0
1970-01-01 19:26:00,0.08450776556909102,-0.024700339564006264,0.9019091486589765,0.0
1970-01-01 19:27:00,0.0856919501002114,0.014735226721848104,0.9306669260608046,0.0
1970-01-01 19:28:00,0.08521718547005741,-0.02997183417376363,0.922855884342347,0.0
1970-01-01 19:29:00,0.08859343888831694,-0.007952442814342403,0.918359780489055,0.0
1970-01-01 19:30:00,0.11368782967475462,0.0816674569585897,0.9331494924267697,0.0
1970-01-01 19:31:00,0.12636217869366947,0.05096391149774116,0.9318722012244844,0.0
1970-01-01 19:32:00,0.15026635657116033,0.02865855822388866,0.9100290881645862,0.0
1970-01-01 19:33:00,0.1748234150703555,0.054624418371391203,0.9188348227265896,0.0
1970-01-01 19:34:00,0.15660955447905722,0.05657788011355957,0.9133933198343591,0.0
1970-01-01 19:35:00,0.11153960263010099,-0.011037064242388294,0.9168287150491098,0.0
1970-01-01 19:36:00,0.10028806696392197,0.033060447588696605,0.9298639164094326,0.0
1970-01-01 19:37:00,0.08766413257829464,-0.014582576247789766,0.9107840827517925,0.0
1970-01-01 19:38:00,0.11100758832814377,-0.009075638773209363,0.9110168135121368,0.0
1970-01-01 19:39:00,0.10282552272933859,0.051045617312193335,0.9294597131135328,0.0
1970-01-01 19:40:00,0.1316787166370749,0.0381651662323338,0.9267145492008616,0.0
1970-01-01 19:41:00,0.13499364724498866,0.05838215020378231,0.9152794521490359,0.0
1970-01-01 19:42:00,0.12658688846890478,0.06810857057556179,0.9075725917095187,0.0
1970-01-01 19:43:00,0.15117102155485793,0.09377365830106972,0.9096662308096266,0.0
1970-01-01 19:44:00,0.1461695393838929,0.059592650207233,0.9235422171254907,0.0
1970-01-01 19:45:00,0.14357701491816635,0.0848037919952954,0.9244472768217339,0.0
1970-01-01 19:46:00,0.13278269984204613,0.07619773303548073,0.925760317016412,0.0
1970-01-01 19:47:00,0.09572252016350963,0.0964117002391549,0.9262270277681471,0.0
1970-01-01 19:48:00,0.0746410372546924,0.026980243249935826,0.917014827523309,0.0
1970-01-01 19:49:00,0.07993345836720077,0.0705147803216635,0.9250202640194405,0.0
1970-01-01 19:50:00,0.09643614598667104,0.15535566101338827,0.9177800094093657,0.0
1970-01-01 19:51:00,0.1213714586377448,0.17931119975765106,0.9156990331184497,0.0
1970-01-01 19:52:00,0.11472062424399455,0.17708676208056587,0.9160466275586527,0.0
1970-01-01 19:53:00,0.10905192081684822,0.1252928547563711,0.9251396295214177,0.0
1970-01-01 19:54:00,0.10705194340069187,0.1098405821531957,0.9290228789846244,0.0
1970-01-01 19:55:00,0.10865615582078769,0.111346587045648,0.9295449493610096,0.0
1970-01-01 19:56:00,0.1019609816458548,0.1199807552622415,0.9287795641880109,0.0
1970-01-01 19:57:00,0.1050396038264817,0.12497631010554287,0.929290883308223,0.0
1970-01-01 19:58:00,0.10827246749792789,0.12732786033888296,0.9264521680563838,0.0
1970-01-01 19:59:00,0.10433088767887393,0.14837329125937074,0.9247396755783694,0.0
1970-01-01 20:00:00,0.08849324034409156,0.1761651024064362,0.9142372163916411,0.0
1970-01-01 20:01:00,0.08827939891081871,0.21993794388557367,0.9023910272396405,0.0
1970-01-01 20:02:00,0.10774679693497191,0.14799884086468598,0.9261232202748744,0.0
1970-01-01 20:03:00,0.11050469016160268,0.14844827177385175,0.9257012654385899,0.0
1970-01-01 20:04:00,0.10486611866481456,0.14101834393630017,0.9269348433907073,0.0
1970-01-01 20:05:00,0.11573035097319273,0.1533241108785284,0.9237300772116267,0.0
1970-01-01 20:06:00,0.11569391181933765,0.15013125025235052,0.9239566077202407,0.0
1970-01-01 20:07:00,0.11345927913236886,0.14927347924071724,0.9244563329271168,0.0
1970-01-01 20:08:00,0.11445375233947863,0.13644795763046708,0.9249130465516572,0.0
1970-01-01 20:09:00,0.11076750220594139,0.13775239249357613,0.9246355369241105,0.0
1970-01-01 20:10:00,0.10321716479298704,0.22605296253432094,0.8568400631163987,0.0
1970-01-01 20:11:00,0.0993715643175982,0.3204844415587677,0.7972355087452616,0.0
1970-01-01 20:12:00,0.10127073238472739,0.31751766304371487,0.7958227825361185,0.0
1970-01-01 20:13:00,0.0995019578644168,0.31904543995594353,0.7951204589398132,0.0
1970-01-01 20:14:00,0.09484859791497209,0.4747994999108785,0.7219680266559806,0.0
1970-01-01 20:15:00,0.08848126989781291,0.5195877773241558,0.7182080117042916,0.0
1970-01-01 20:16:00,0.08137094763313628,0.5270289522388795,0.7136236780393612,0.0
1970-01-01 20:17:00,0.06987081109303417,0.5458855291692849,0.702538582082826,0.0
1970-01-01 20:18:00,0.13678006871272516,0.46898078927275494,0.726308071714269,0.0
1970-01-01 20:19:00,0.20529434541320132,0.48574857171872104,0.7030066568243655,0.0
1970-01-01 20:20:00,0.17295115561041854,0.4901266913830788,0.6926818671461014,0.0
1970-01-01 20:21:00,0.17105781342604562,0.4858031502444284,0.6903064723444166,0.0
1970-01-01 20:22:00,0.17799821577012642,0.48234868456041347,0.6905981727120416,0.0
1970-01-01 20:23:00,0.17764411828424068,0.48540430249962213,0.6888739027066796,0.0
1970-01-01 20:24:00,0.16979952897761144,0.49907918596569617,0.6840381227674565,0.0
1970-01-01 20:25:00,0.1790953639365819,0.3445540269478511,0.8005552009018123,0.0
1970-01-01 20:26:00,0.17613094233634327,0.305809496201037,0.825519686591079,0.0
1970-01-01 20:27:00,0.10062369756332723,0.13670730854862484,0.8839957689167427,0.0
1970-01-01 20:28:00,0.10771958624497006,0.39019861423132296,0.8407807094672962,0.0
1970-01-01 20:29:00,0.1060257780553062,0.4782658706918819,0.7963629684020909,0.0
1970-01-01 20:30:00,0.15343023581550783,0.4306470687335659,0.7989373024282491,0.0
1970-01-01 20:31:00,0.10130633168198004,0.4287057887941552,0.8078606843896878,0.0
1970-01-01 20:32:00,0.09341944414282634,0.14761120982690656,0.9159960287830309,0.0
1970-01-01 20:33:00,0.10184823172687074,0.1258941228945912,0.92304965942273,0.0
1970-01-01 20:34:00,0.1133651886361615,0.14954260934568714,0.9181703793567463,0.0
1970-01-01 20:35:00,0.0971719632777673,0.1865429117796936,0.9112217628166851,0.0
1970-01-01 20:36:00,0.09746260013650103,0.15779575371835156,0.9166268117698694,0.0
1970-01-01 20:37:00,0.09459498777775606,0.1934817003750917,0.9075664799859727,0.0
1970-01-01 20:38:00,0.09737048479712557,0.21744918470987037,0.8995430919413362,0.0
1970-01-01 20:39:00,0.09306853346460216,0.2312783451400108,0.899477341730894,0.0
1970-01-01 20:40:00,0.09245113595445446,0.22114693550513728,0.8992857142786882,0.0
1970-01-01 20:41:00,0.0911240230997134,0.23380151706488952,0.8934107249344487,0.0
1970-01-01 20:42:00,0.086850922335301,0.24563185962796785,0.8902252677360339,0.0
1970-01-01 20:43:00,0.0942737077716017,0.23601049971243723,0.8912400040162942,0.0
1970-01-01 20:44:00,0.1111999022117446,0.1404240035656872,0.915109507544367,0.0
1970-01-01 20:45:00,0.11578488189970977,0.3205570768231332,0.8550406687495119,0.0
1970-01-01 20:46:00,0.08531900729443537,0.4564572548903145,0.792249322699551,0.0
1970-01-01 20:47:00,0.10847810290147226,0.42626871960588747,0.7969386343970811,0.0
1970-01-01 20:48:00,0.11883946360003983,0.4361864887658598,0.7947989147375777,0.0
1970-01-01 20:49:00,0.12405964044677903,0.44936551886832543,0.7923762852312787,0.0
1970-01-01 20:50:00,0.11854014269042844,0.42934560002132227,0.7952104101328153,0.0
1970-01-01 20:51:00,0.08251739505019777,0.30413261874729874,0.8270081175131776,0.0
1970-01-01 20:52:00,0.08151017461244177,0.32154895902230113,0.8277546724134704,0.0
1970-01-01 20:53:00,0.07643627887655054,0.3173676480233833,0.8278217964501818,0.0
1970-01-01 20:54:00,0.07755861942148885,0.31945358096523574,0.8286375574389305,0.0
1970-01-01 20:55:00,0.1429337013586293,0.19672941623274579,0.9047991381236963,0.0
1970-01-01 20:56:00,0.11415793691829486,0.14174772009665146,0.9274427197481923,0.0
1970-01-01 20:57:00,0.11947702430782953,0.1242946184478977,0.9304188733669146,0.0
1970-01-01 20:58:00,0.1220097529752149,0.12968459711816177,0.9279832761210106,0.0
1970-01-01 20:59:00,0.12229816238817683,0.12939945857211638,0.927185928994619,0.0
1970-01-01 21:00:00,0.1163376071318758,0.11577675439026468,0.9274619074124573,0.0
1970-01-01 21:01:00,0.1190647443449812,0.05871170677467517,0.9313640035424783,0.0
1970-01-01 21:02:00,0.12892928172911253,0.06610882810629583,0.9264733459653872,0.0
1970-01-01 21:03:00,0.1143953507694893,0.11590930657700306,0.927188197939197,0.0
1970-01-01 21:04:00,0.07534319057027224,0.07745900854754507,0.9281239408483919,0.0
1970-01-01 21:05:00,0.04168800201200166,0.06584623433150373,0.9302369446691339,0.0
1970-01-01 21:06:00,0.06714999770138216,0.0378045106325723,0.9328020717641136,0.0
1970-01-01 21:07:00,0.0548405282009413,0.08949716051761185,0.9307918590019346,0.0
1970-01-01 21:08:00,0.01844347340290457,0.1491884259613521,0.9036318907334523,0.0
1970-01-01 21:09:00,0.05775277578449597,0.018821317191619967,0.9283212570561513,0.0
1970-01-01 21:10:00,0.01612627916036233,-0.014730519349314299,0.9315483684047408,0.0
1970-01-01 21:11:00,0.04316535625002834,0.006725590174835201,0.9281739855031557,0.0
1970-01-01 21:12:00,0.08322067038764167,-0.0253090551367654,0.8878981273524951,0.0
1970-01-01 21:13:00,0.0630608653680069,-0.07186199659623017,0.8588840379050536,0.0
1970-01-01 21:14:00,0.09692507863255363,0.04928461793021505,0.9035207222855872,0.0
1970-01-01 21:15:00,0.08028777162652194,0.045195274480427004,0.8961357765551511,0.0
1970-01-01 21:16:00,0.09089419119508037,0.08095292842486836,0.8959479656513399,0.0
1970-01-01 21:17:00,0.11658965374158291,0.19830483715415337,0.8986802962560936,0.0
1970-01-01 21:18:00,0.14300107578394067,0.26458180788311164,0.8954952062857031,0.0
1970-01-01 21:19:00,0.1599892801898313,0.265313566412645,0.896545376791478,0.0
1970-01-01 21:20:00,0.1253996598725494,0.166054651546335,0.9095256841198244,0.0
1970-01-01 21:21:00,0.08968018677518526,0.01000346358685103,0.9286337517106474,0.0
1970-01-01 21:22:00,0.08555952828309987,0.01979666790831973,0.9304522943959395,0.0
1970-01-01 21:23:00,0.03546060804709777,-0.041124254351684465,0.932006865708256,0.0
1970-01-01 21:24:00,0.053162408399827936,-0.03168011435782403,0.933318620604849,0.0
1970-01-01 21:25:00,0.0312147378902351,-0.08965765661255982,0.9014224174222786,0.0
1970-01-01 21:26:00,0.0827395321421646,0.11632161841959414,0.8948064143863257,0.0
1970-01-01 21:27:00,0.18733501116632176,0.09352626984573087,0.914027365248734,0.0
1970-01-01 21:28:00,0.113758998392938,0.04361282793205493,0.9242753059052887,0.0
1970-01-01 21:29:00,0.16529680212322762,0.08785135172259674,0.9195255688036671,0.0
1970-01-01 21:30:00,0.1493241370509261,0.07991648309904714,0.9115645636196437,0.0
1970-01-01 21:31:00,0.1652540623850583,0.15763671876484234,0.9173615202875598,0.0
1970-01-01 21:32:00,0.16754519119660208,0.15849517816643757,0.9187586130751008,0.0
1970-01-01 21:33:00,0.1490470109288408,0.15307568646378603,0.9112159297929793,0.0
1970-01-01 21:34:00,0.08299022767820691,0.23619086463138453,0.881783525001279,0.0
1970-01-01 21:35:00,0.07412491051676454,0.21166114454411944,0.8825428476330567,0.0
1970-01-01 21:36:00,0.08799504603844256,0.04891785455677173,0.9299170234836125,0.0
1970-01-01 21:37:00,0.1316092674671922,0.1601671491544667,0.8635778415882372,0.0
1970-01-01 21:38:00,0.35409073383700873,0.18519886412362804,0.6474545227191962,0.0
1970-01-01 21:39:00,0.375163994118141,0.14419051574455352,0.6575680710341758,0.0
1970-01-01 21:40:00,0.3122447325568204,0.27428932115216226,0.6537090586205668,0.011458721029457067
1970-01-01 21:41:00,0.34237722724560044,0.2002263326310797,0.6572006823477033,0.0
1970-01-01 21:42:00,0.278204408333877,0.28304859074649447,0.6309900181947387,0.008990110021236666
1970-01-01 21:43:00,0.2796264714589758,0.28367157016420014,0.6459125486396387,0.0113508133995442
1970-01-01 21:44:00,0.27506219274244553,0.2948067367250849,0.6460635285399144,0.011286716848945734
1970-01-01 21:45:00,0.2771711623002183,0.3331724167805948,0.64342658541445,0.011256544237036467
1970-01-01 21:46:00,0.27377364026040923,0.3099548961902741,0.6395808719014321,0.011235607813161234
1970-01-01 21:47:00,0.3033308896095483,0.31974941992583644,0.6434905486670957,0.011033880523073332
1970-01-01 21:48:00,0.33372604032187536,0.22280096786062895,0.6426628134217003,0.0
1970-01-01 21:49:00,0.36228120132143005,0.4201769914841855,0.3735717670137408,0.013851855057422766
1970-01-01 21:50:00,0.3621923756970468,0.4540373785787921,0.33132536000633755,0.0178158201996608
1970-01-01 21:51:00,0.3601997943303383,0.45109930660004394,0.3340880393842351,0.0174608241783358
1970-01-01 21:52:00,0.3882641139190046,0.4194769866288767,0.33502851363306335,0.0185110030506323
1970-01-01 21:53:00,0.3991994020794616,0.3152118468748555,0.3267070643068108,0.01856674629606767
1970-01-01 21:54:00,0.3971935755434098,0.3202858208079869,0.32605884782528727,0.018666250802585934
1970-01-01 21:55:00,0.3878461574550092,0.31444461264105844,0.31082870817014185,0.018691244730079166
1970-01-01 21:56:00,0.40405806879291056,0.3393238829782579,0.33278701279206363,0.018750297066889837
1970-01-01 21:57:00,0.4067613115877369,0.35374249756006587,0.3358118864216051,0.0187858456248846
1970-01-01 21:58:00,0.4204462072749045,0.31931746197364563,0.32639378601394164,0.0187849350086976
1970-01-01 21:59:00,0.40957498390721886,0.3743426380345413,0.33840068005121665,0.018756555706605133
1970-01-01 22:00:00,0.40200794894995456,0.3744134207200387,0.33502831690376467,0.018633978617083467
1970-01-01 22:01:00,0.5480371360130865,-0.030083026024918608,0.4784896479911838,0.013845160862079833
1970-01-01 22:02:00,0.5365501184978577,0.08353470460694733,0.5047851500147956,0.013848576158589499
1970-01-01 22:03:00,0.546403020714433,-0.010966214067678864,0.4805210353835448,0.0138361807224522
1970-01-01 22:04:00,0.4087946442574175,0.32700931881725165,0.3184802089850094,0.018583283954306497
1970-01-01 22:05:00,0.4275861768096075,0.38444193630236706,0.33663886425920037,0.018568702723138465
1970-01-01 22:06:00,0.41470143873238646,0.34915905884064086,0.3262247168546518,0.0185001059913825
1970-01-01 22:07:00,0.4302242493877553,0.448797219210145,0.33349002166209263,0.0184185842333173
1970-01-01 22:08:00,0.13765345484726543,0.5837668914547396,0.4617058009932253,0.0045906300809594
1970-01-01 22:09:00,0.0891489824535087,0.363765067342821,0.4300239392998044,0.0046605243678038664
1970-01-01 22:10:00,0.3916801874948727,0.10733765530467294,0.49516266262049574,0.0
1970-01-01 22:11:00,0.5503342566869522,0.008731194082159333,0.5217836827781765,0.013373864801902833
1970-01-01 22:12:00,0.5377114310448239,-0.0544235586660037,0.5227523089896466,0.013223662625491567
1970-01-01 22:13:00,0.5817564491167717,-0.014874689803890636,0.5067197908562956,0.013240184593754466
1970-01-01 22:14:00,0.5276261756940124,0.3170610074144093,0.5048718584531908,0.0
1970-01-01 22:15:00,0.4569634113609646,0.41602302205226055,0.49210215967555165,0.004007538377356934
1970-01-01 22:16:00,0.4978536193120353,0.3286131324501282,0.49886330303043086,0.0
1970-01-01 22:17:00,0.6004621635943092,0.1398393900777471,0.511708880298573,0.0138467686791314
1970-01-01 22:18:00,0.590396561883873,0.1300515528358591,0.5142100080738687,0.004567496520914867
1970-01-01 22:19:00,0.2910121352122019,0.536685269878972,0.4851037116041337,0.006381266103329633
1970-01-01 22:20:00,0.22359509464735097,0.349522106932966,0.449697469192659,0.008208667636637966
1970-01-01 22:21:00,0.2745967843804103,0.3617535665656025,0.47675897608656026,0.009137558764232433
1970-01-01 22:22:00,0.275048628892336,0.3847349440905263,0.474581635227505,0.009002507386753367
1970-01-01 22:23:00,0.5339117006822135,0.16429435236493073,0.5153613072756328,0.0036116628050242
1970-01-01 22:24:00,0.5681530029220875,0.0813287032953377,0.5265800414447647,0.013552652285985433
1970-01-01 22:25:00,0.577885981582849,0.042117302426988856,0.5176951954741167,0.0139019868669295
1970-01-01 22:26:00,0.5631182551265638,0.03296580577954313,0.5121215642666568,0.0138476040524685
1970-01-01 22:27:00,0.5554987722863319,-0.04606227801625564,0.505184785912144,0.0136391564427991
1970-01-01 22:28:00,0.5434863647136134,0.028996453086918533,0.5221978028701407,0.013694994266861901
1970-01-01 22:29:00,0.5215215368963134,0.010024769931064931,0.5166989828967384,0.0136480795538393
1970-01-01 22:30:00,0.5978533382754349,0.12560123827424372,0.5451637549599267,0.0
1970-01-01 22:31:00,0.41832133355514567,0.017101749436860266,0.6329611965852371,0.013936387455020733
1970-01-01 22:32:00,0.45756780603193487,0.025888473642615362,0.6274974632822552,0.013688676917440233
1970-01-01 22:33:00,0.28854826814703655,0.12109693909198638,0.5861508698564638,0.0
1970-01-01 22:34:00,0.2918561744997297,0.3822454560313339,0.6275823945993192,0.0077331751188540665
1970-01-01 22:35:00,0.4038945258072293,0.20394413109675757,0.6271035194192819,0.013511713524515067
1970-01-01 22:36:00,0.3237213962667403,0.299424524078934,0.6234020543857032,0.0
1970-01-01 22:37:00,0.263883591817029,0.370843190790759,0.6241157784448671,0.0106104481019422
1970-01-01 22:38:00,0.3113028881504046,0.3374923978633148,0.6322167925919432,0.005389890117956667
1970-01-01 22:39:00,0.13549267144846622,0.12300616840464007,0.9269532211860261,0.0
1970-01-01 22:40:00,0.10204384528423781,-0.0003364438449728659,0.9145520160577535,0.0
1970-01-01 22:41:00,0.10802928419702947,-0.1352249350037383,0.9058496430692791,0.0
1970-01-01 22:42:00,0.07190888413911137,-0.12830044062343202,0.9134241243637115,0.0
1970-01-01 22:43:00,0.10274666915726303,-0.23211902788317731,0.8416300619837952,0.0
1970-01-01 22:44:00,0.15061374184340892,-0.1634440675941334,0.887717838065537,0.0
1970-01-01 22:45:00,0.13159067775583308,-0.10563214723999349,0.9084223540787231,0.0
1970-01-01 22:46:00,0.1361829970601938,-0.2258571999516664,0.8515058891718873,0.0
1970-01-01 22:47:00,0.1359169816102369,-0.06231495580090344,0.9164384172358053,0.0
1970-01-01 22:48:00,0.1663347254610479,0.06544843941840403,0.9124355170131384,0.0
1970-01-01 22:49:00,0.16861675195320833,0.13320498626441335,0.8853240162862089,0.0
1970-01-01 22:50:00,0.12816478316906227,0.07656004886985622,0.9022287190105821,0.0
1970-01-01 22:51:00,0.16164471390390397,-0.07080415719021953,0.9179651808617528,0.0
1970-01-01 22:52:00,0.15121168654845588,-0.02681074409411324,0.9168144128290953,0.0
1970-01-01 22:53:00,0.2027051073428757,0.010733926323514734,0.9208068241013209,0.0
1970-01-01 22:54:00,0.22679472091076455,1.0973745863736862e-05,0.9215043048780567,0.0
1970-01-01 22:55:00,0.20939396101594654,-0.014882616411834632,0.9178622094679995,0.0
1970-01-01 22:56:00,0.15988110466767813,-0.0578474196796277,0.9129262812004594,0.0
1970-01-01 22:57:00,0.21164371444135113,0.0040593883630622,0.9179865751729848,0.0
1970-01-01 22:58:00,0.20682414255480852,0.010060603328151896,0.8885683742366498,0.0
1970-01-01 22:59:00,0.10432945693501754,0.14476074559419594,0.889716486423775,0.0
1970-01-01 23:00:00,0.10529573685309647,0.09507091231202684,0.874381401524246,0.0
1970-01-01 23:01:00,0.11594685803829086,0.002380887793776529,0.9265762714556377,0.0
1970-01-01 23:02:00,0.09101731815651237,-0.017785975314414268,0.9225863488090403,0.0
1970-01-01 23:03:00,0.08846653091237816,0.05131874615297147,0.9290946655057146,0.0
1970-01-01 23:04:00,0.10043717304697826,0.09828257543265506,0.901284477395684,0.0
1970-01-01 23:05:00,0.11293240355776586,0.1842688627829009,0.9177746452571549,0.0
1970-01-01 23:06:00,0.0798760062003273,0.110095860097412,0.9112611873681415,0.0
1970-01-01 23:07:00,0.06786148238814593,0.11323943335209974,0.9287462448024572,0.0
1970-01-01 23:08:00,0.056965332209282536,0.10669878723924293,0.9241232538303351,0.0
1970-01-01 23:09:00,0.0209766402563434,0.08333956967396396,0.920129131013211,0.0
1970-01-01 23:10:00,0.07204045614084646,0.050284605583738574,0.9314025526485556,0.0
1970-01-01 23:11:00,0.04172553663099033,0.13369223137903705,0.8796629307084295,0.0
1970-01-01 23:12:00,0.028691556367469163,0.1633320861191986,0.8941004021156701,0.0
1970-01-01 23:13:00,0.07999887091404546,0.050206702786379974,0.9361642181033205,0.0
1970-01-01 23:14:00,0.08402681654031886,0.07091108372317903,0.936051964365491,0.0
1970-01-01 23:15:00,0.07483564165630001,0.0576773434910428,0.9367496713809204,0.0
1970-01-01 23:16:00,0.0757112237004946,0.06794034696584504,0.9354933449642319,0.0
1970-01-01 23:17:00,0.20301980459945412,0.17306945999007825,0.7635243695812083,0.0
1970-01-01 23:18:00,0.23650471472126702,0.33449616368170454,0.6420772617794511,0.007855603533162767
1970-01-01 23:19:00,0.2434953325231565,0.3216157362230691,0.64798801323137,0.008245442462895767
1970-01-01 23:20:00,0.24006672914987334,0.3077816423315349,0.6436322134350786,0.008220201679640934
1970-01-01 23:21:00,0.23247357564814944,0.3231000534572599,0.6472349138030742,0.0082251844071832
1970-01-01 23:22:00,0.22804771393064394,0.3490221940932586,0.6452338719050354,0.008239335811549701
1970-01-01 23:23:00,0.23634831217650232,0.33867832167023243,0.6482615554847265,0.008280860728418967
1970-01-01 23:24:00,0.24665584902150275,0.3277126610140915,0.6487178592565613,0.0082022730073193
1970-01-01 23:25:00,0.25324716314299084,0.31703548299444834,0.6480600948464081,0.008252401019597367
1970-01-01 23:26:00,0.2562850439794196,0.29241207438314853,0.6444501122155396,0.0082610094989473
1970-01-01 23:27:00,0.254510393782483,0.28791409050389977,0.6404799018446706,0.008255380256576033
1970-01-01 23:28:00,0.2697104770898843,0.18677006696928858,0.6187295171397073,0.008213478858882567
1970-01-01 23:29:00,0.258888377034465,0.2952566231864315,0.6461210259562769,0.0082018219251003
1970-01-01 23:30:00,0.25541754514007486,0.31975899664501267,0.6459608981436121,0.008110636692443633
1970-01-01 23:31:00,0.2447621516408592,0.30931319189071177,0.6445294957663805,0.0080702000551141
1970-01-01 23:32:00,0.25660134459860284,0.28888355278685657,0.6469255504232488,0.008182608767122533
1970-01-01 23:33:00,0.25430206287079155,0.28400770693325866,0.6469311342565098,0.008168577509524367
1970-01-01 23:34:00,0.28137786459916575,0.27993861699597805,0.651814555474231,0.008838705774784433
1970-01-01 23:35:00,0.3003572727413695,0.2806087072580883,0.649709332297252,0.009150142907487667
1970-01-01 23:36:00,0.299653980805969,0.2794595853184492,0.6519232287388245,0.0090243133951863
1970-01-01 23:37:00,0.2908978881575351,0.29293579066791225,0.6487560673651874,0.0084052871738685
1970-01-01 23:38:00,0.22361866208588563,0.2634472062474245,0.6464143755711891,0.0083494175140505
1970-01-01 23:39:00,0.1947690832130904,0.2121292598416147,0.6292402553510886,0.008212059756012734
1970-01-01 23:40:00,0.20628212300463053,0.22948005796842788,0.649108235761585,0.008200318411449466
1970-01-01 23:41:00,0.21455829237800828,0.2543185985662131,0.6505421529950182,0.008167331021490467
1970-01-01 23:42:00,0.2302122932821109,0.26986368233366764,0.6528888253190949,0.0082378423992356
1970-01-01 23:43:00,0.24209922196295153,0.27349516884617736,0.6532298949042249,0.008348949911603966
1970-01-01 23:44:00,0.25423526273477753,0.2906174822459201,0.6503220456980061,0.008339790440230466
1970-01-01 23:45:00,0.25501833772782156,0.24517051012397095,0.6407051241034484,0.008409486040301867
1970-01-01 23:46:00,0.24697150563997106,0.27195967791702247,0.6471082102982563,0.0083106843876422
1970-01-01 23:47:00,0.25448343538142104,0.27652947369225095,0.6486535222182479,0.008437476435665068
1970-01-01 23:48:00,0.24966106507940067,0.35057464168691693,0.6496101643366066,0.008336785176016166
1970-01-01 23:49:00,0.2566345073158309,0.36166516750855476,0.6460577119103167,0.008312805366888667
1970-01-01 23:50:00,0.22852009841382573,0.18571064156679706,0.603120991630293,0.008293883602832034
1970-01-01 23:51:00,0.25272383953109395,0.26455439713967654,0.6478666738787627,0.008362714640552634
1970-01-01 23:52:00,0.2460617384444236,0.2986778538080194,0.6508157313154127,0.008303793174606234
1970-01-01 23:53:00,0.23615429534255736,0.32961707834593285,0.6515238879354238,0.008323327399069267
1970-01-01 23:54:00,0.28882497600061624,0.26947376678606355,0.6563187055558392,0.0
1970-01-01 23:55:00,0.37291860595531445,0.19323090708900967,0.6628621646629017,0.012148608123430467
1970-01-01 23:56:00,0.3602924009692283,0.24323561128955054,0.6538988958361546,0.011887911990127833
1970-01-01 23:57:00,0.36630298910581566,0.24162632765604494,0.6493932866789146,0.012158809005123566
1970-01-01 23:58:00,0.3677503674342759,0.24841424749258034,0.644746737373275,0.0119031760196749
1970-01-01 23:59:00,0.3526207291741515,0.27621102247118506,0.6333399824557467,0.0119037380281345
1970-01-02 00:00:00,0.3428406255950948,0.2787162996315141,0.6236242175038863,0.012145747694663632
1970-01-02 00:01:00,0.326979458955852,0.27811741723693667,0.6240866100475154,0.012126842459534265
1970-01-02 00:02:00,0.311287800607882,0.2727945329667368,0.633027133688513,0.011712670252901633
1970-01-02 00:03:00,0.3257786034371521,0.2546025088086008,0.6327529455072926,0.012176472455534567
1970-01-02 00:04:00,0.2896049007015032,0.21699711497251717,0.6322443510878674,0.012175463122725399
1970-01-02 00:05:00,0.2883244845377778,0.2035992173556845,0.6252116393302617,0.0119438957383535
1970-01-02 00:06:00,0.2949672091699477,0.25671819099508264,0.6294758944262318,0.011987366139916035
1970-01-02 00:07:00,0.3462166366831884,0.28230465378866404,0.6399647301090261,0.012066292765219299
1970-01-02 00:08:00,0.343577847073317,0.27627943965980345,0.634039066576267,0.0122118238373961
1970-01-02 00:09:00,0.33927264918048833,0.2816366388198214,0.6317772567139996,0.012242892707854733
1970-01-02 00:10:00,0.3110781352204823,0.30301770034027803,0.6186423201568869,0.0075257843435051
1970-01-02 00:11:00,0.22612412363021675,0.3748856157403966,0.59044759184436,0.009600307810211267
1970-01-02 00:12:00,0.2268278338341229,0.37550632414612,0.5931722401700003,0.009864692678777468
1970-01-02 00:13:00,0.2216528499035341,0.36748639549428413,0.5917285258174925,0.009928929479943232
1970-01-02 00:14:00,0.30269029479529747,0.03192870074667511,0.36840277354604867,0.0
1970-01-02 00:15:00,0.13325290003414317,-0.30359175007931705,0.5341683724818244,0.0
1970-01-02 00:16:00,0.12897541408960483,-0.3300781815143061,0.5401050954799912,0.0
1970-01-02 00:17:00,0.13853851266486625,-0.3651091521179532,0.5358151639317211,0.0
1970-01-02 00:18:00,0.1475406550812983,0.05484849774015136,0.9245786296956444,0.0
1970-01-02 00:19:00,0.10922691141317632,0.15924508285783504,0.9223020143142402,0.0
1970-01-02 00:20:00,0.11674446620210814,0.1454214936621414,0.9213031360548648,0.0
1970-01-02 00:21:00,0.09863573540793234,0.0997036485263237,0.9259185627854524,0.0
1970-01-02 00:22:00,0.09338299005081034,0.08311172946886752,0.9283222800485044,0.0
1970-01-02 00:23:00,0.0851487670332778,0.07064468355683264,0.9283034727275501,0.0
1970-01-02 00:24:00,0.07909475366291474,0.061854697934909754,0.9285969141494684,0.0
1970-01-02 00:25:00,0.08376808759329647,-0.2829533803407303,0.5509353187936151,0.0
1970-01-02 00:26:00,0.059012261924985765,-0.16365893299823156,0.7107108286301341,0.0
1970-01-02 00:27:00,0.11717187354257493,-0.0831923892005345,0.9175056867964577,0.0
1970-01-02 00:28:00,0.10754016565403328,-0.11464474771477713,0.9167052838082932,0.0
1970-01-02 00:29:00,0.11073773875021907,-0.166585217986112,0.9070009324345781,0.0
1970-01-02 00:30:00,0.11533333117161543,-0.12536765642444045,0.9199611143556691,0.0
1970-01-02 00:31:00,0.1135421261727953,-0.1201146032418494,0.9203157615412301,0.0
1970-01-02 00:32:00,0.10753260362501967,0.0010944927970228575,0.9198874490697766,0.0
1970-01-02 00:33:00,0.11348237352914116,0.07526269699954176,0.9182074693871916,0.0
1970-01-02 00:34:00,0.1034568592034143,0.097167214971296,0.9199147124717526,0.0
1970-01-02 00:35:00,0.10182357712218076,0.07316382300129724,0.9198752354591498,0.0
1970-01-02 00:36:00,0.08673894588109321,0.07006184334793665,0.8914384743692726,0.0
1970-01-02 00:37:00,0.05429415666655054,0.09633366246337245,0.8704468745693371,0.0
1970-01-02 00:38:00,0.06068195328375257,0.09569754627055989,0.8725100173493273,0.0
1970-01-02 00:39:00,0.0785309310369856,0.1358287609830914,0.8766996530223062,0.0
1970-01-02 00:40:00,0.08883803965470653,0.1362404215547871,0.8756173795738075,0.0
1970-01-02 00:41:00,0.08001988724665521,0.16151251622462592,0.8787565463682417,0.0
1970-01-02 00:42:00,0.0760683254165197,0.1664931998200732,0.8793368715687889,0.0
1970-01-02 00:43:00,0.06762487851723215,0.17637969447922605,0.879644474221391,0.0
1970-01-02 00:44:00,0.03598387190635103,0.2295686982994083,0.8831239597507987,0.0
1970-01-02 00:45:00,0.01816622777553203,0.2025017651567174,0.8839932409452546,0.0
1970-01-02 00:46:00,0.0321362597586258,0.16281279712673916,0.8804759112564232,0.0
1970-01-02 00:47:00,0.030605977956686733,0.15439623100178856,0.8841499981292683,0.0
1970-01-02 00:48:00,0.034060135543905995,0.15871698821044586,0.8847634230343195,0.0
1970-01-02 00:49:00,0.0492504758508004,0.17696939834097777,0.8846733997072412,0.0
1970-01-02 00:50:00,0.05130327792353833,0.19162616885392927,0.8831020309916386,0.0
1970-01-02 00:51:00,0.033219233270170005,0.16560138724993023,0.88681927043615,0.0
1970-01-02 00:52:00,0.04122512815793483,0.18283300617735374,0.8836439021719364,0.0
1970-01-02 00:53:00,0.03572974391288993,0.19596506378829928,0.8831214940769218,0.0
1970-01-02 00:54:00,0.030425090106389097,0.20167849800469562,0.8775979124424582,0.0
1970-01-02 00:55:00,0.027990900187572037,0.19742201414704272,0.8772660956920096,0.0
1970-01-02 00:56:00,0.020497334425271733,0.1852821424367188,0.8779155122222554,0.0
1970-01-02 00:57:00,0.009618519152250636,0.2122647916770609,0.8723918256654991,0.0
1970-01-02 00:58:00,0.0030239916663704672,0.2205505468369415,0.8746824891582402,0.0
1970-01-02 00:59:00,0.009628248874392306,0.20777056019799678,0.8761856059224858,0.0
1970-01-02 01:00:00,0.014631045603517702,0.21141533533634027,0.8737701898238052,0.0
1970-01-02 01:01:00,-0.0015976728252070037,0.17293187310812808,0.8779612583418429,0.0
1970-01-02 01:02:00,0.003615645745877196,0.17335457828936007,0.8779393295826826,0.0
1970-01-02 01:03:00,0.0055410087080661015,0.18118127857845026,0.8777812641488326,0.0
1970-01-02 01:04:00,0.04047385153008877,0.08307091536793833,0.9046715591734992,0.0
1970-01-02 01:05:00,0.0771032279262441,-0.015652401737843432,0.9335797262877069,0.0
1970-01-02 01:06:00,0.0840768029463269,0.0517568793680562,0.9260919009705236,0.0
1970-01-02 01:07:00,0.0687468273503954,0.13058186956555184,0.9108323994675495,0.0
1970-01-02 01:08:00,0.0397132402114673,0.13918852580489233,0.9070411537396943,0.0
1970-01-02 01:09:00,0.011524505659939033,0.10740514620385729,0.9028351370737783,0.0
1970-01-02 01:10:00,0.011562800465338733,0.10198909982547599,0.9029176125534303,0.0
1970-01-02 01:11:00,0.020910165440278166,0.1250263263605221,0.9020104445748695,0.0
1970-01-02 01:12:00,-0.003343004391657333,0.16212736656675172,0.8997224631582338,0.0
1970-01-02 01:13:00,0.012809911169409502,0.16373777389563635,0.9005274597755227,0.0
1970-01-02 01:14:00,0.0005362069457870317,0.1592135130917132,0.9006397003980657,0.0
1970-01-02 01:15:00,0.006558317383825764,0.17159378137501755,0.8970698079194475,0.0
1970-01-02 01:16:00,-0.01568383407124263,0.1834609055586108,0.885696234676964,0.0
1970-01-02 01:17:00,0.003906910007369299,0.1900752262696974,0.8831690763366306,0.0
1970-01-02 01:18:00,0.022759795246226764,0.17651560087979853,0.8868144964718354,0.0
1970-01-02 01:19:00,0.025588568386596598,0.17051762539688264,0.8864390156535437,0.0
1970-01-02 01:20:00,-0.0022999788419872332,0.1909306655290577,0.8792513828520455,0.0
1970-01-02 01:21:00,-0.014484060739311166,0.19972802266015624,0.8754798461210967,0.0
1970-01-02 01:22:00,-0.0032460225314153344,0.18101898389600365,0.8808277353765481,0.0
1970-01-02 01:23:00,0.0062603209911485614,0.19383867106388042,0.880048851294838,0.0
1970-01-02 01:24:00,0.00603565437060033,0.18969295050088653,0.879885598765146,0.0
1970-01-02 01:25:00,-0.01898931380268513,0.06315531122139194,0.8202666995493133,0.0
1970-01-02 01:26:00,-0.019708297446227534,0.16303140143317954,0.8610371515509759,0.0
1970-01-02 01:27:00,0.032298637567755965,0.24792809907765098,0.8792004791460108,0.0
1970-01-02 01:28:00,0.0799856788581632,0.21373968404280222,0.8973216378158724,0.0
1970-01-02 01:29:00,0.08144191053665817,0.13820788730843594,0.9016075626440925,0.0
1970-01-02 01:30:00,0.11814160915521187,-0.030943307635236672,0.9286724352484121,0.0
1970-01-02 01:31:00,0.13167887265786662,-0.022797299012088726,0.92041224742577,0.0
1970-01-02 01:32:00,0.16794292139072056,0.10630212951936457,0.9291227322189938,0.0
1970-01-02 01:33:00,0.16758247352665098,0.10430118911658649,0.9290818387554404,0.0
1970-01-02 01:34:00,0.17476835964841086,0.11748686690642962,0.9272509185184394,0.0
1970-01-02 01:35:00,0.13648635127325193,0.06748808488423777,0.9268804870854807,0.0
1970-01-02 01:36:00,0.11867294294094975,-0.01430652849859466,0.9085092756405254,0.0
1970-01-02 01:37:00,0.10441983944772708,-0.15939212329114968,0.8739435640759147,0.0
1970-01-02 01:38:00,0.1315616811257043,-0.06274996763993522,0.9037926939833758,0.0
1970-01-02 01:39:00,0.14438304488514753,0.06256863762525697,0.9303045670867353,0.0
1970-01-02 01:40:00,0.1420938381169746,0.011702531493479737,0.9315856125398035,0.0
1970-01-02 01:41:00,0.14351106127793745,-0.0005579704342908998,0.9297745816348998,0.0
1970-01-02 01:42:00,0.09941582442858939,0.012898784524286935,0.9258955749669012,0.0
1970-01-02 01:43:00,0.0685979768758703,0.027983804457232402,0.928279209447379,0.0
1970-01-02 01:44:00,0.04728649940244566,0.029977594378003864,0.9272957203373933,0.0
1970-01-02 01:45:00,0.06591038263449868,0.0591039000831827,0.9254171391489643,0.0
1970-01-02 01:46:00,0.07545313211500453,0.08426165790458946,0.922756204885525,0.0
1970-01-02 01:47:00,0.04438074493950147,0.06386062072876043,0.9177366404354705,0.0
1970-01-02 01:48:00,0.023172599704502694,-0.10549236020973363,0.8940373798848364,0.0
1970-01-02 01:49:00,0.03087836038278413,-0.07196618981610546,0.9073853119748138,0.0
1970-01-02 01:50:00,0.07743134297091424,0.06408835632557826,0.9223401978317041,0.0
1970-01-02 01:51:00,0.08287715575886541,0.06287904750671854,0.9236786292211989,0.0
1970-01-02 01:52:00,0.10100453103765694,0.0723817006473431,0.9226326588859508,0.0
1970-01-02 01:53:00,0.0548690667274688,0.022708645183265833,0.9244962886476799,0.0
1970-01-02 01:54:00,0.0426673080063972,0.0039465801452809686,0.9222938418512906,0.0
1970-01-02 01:55:00,0.020158550214118,-0.04759787355368913,0.9136353362176012,0.0
1970-01-02 01:56:00,0.030245055391059168,-0.035750493339053,0.9209254125225682,0.0
1970-01-02 01:57:00,0.01047043914955816,-0.12689899676706026,0.8945437348690785,0.0
1970-01-02 01:58:00,0.019810587332980762,-0.06936254375489274,0.9159184649782027,0.0
1970-01-02 01:59:00,0.0173915380701474,-0.055320836175084744,0.9008786412466051,0.0
1970-01-02 02:00:00,0.055316408213776834,0.010366504930254969,0.9180225930287524,0.0
1970-01-02 02:01:00,0.07958406806179846,-0.18876818294854633,0.8915608858965576,0.0
1970-01-02 02:02:00,0.21816353784429832,-0.26672302798739694,0.7199360097298638,0.0
1970-01-02 02:03:00,0.21362956035728328,-0.37991663279011917,0.6571215250355559,0.0
1970-01-02 02:04:00,0.18879290927965645,-0.30111919506340384,0.6587374594949539,0.0
1970-01-02 02:05:00,0.024778455322299036,-0.036324198883111065,0.8218546033624703,0.0
1970-01-02 02:06:00,0.10857867987910746,0.11392411140737387,0.9280099788444853,0.0
1970-01-02 02:07:00,0.115991118149282,0.13351452216058013,0.9274152792898475,0.0
1970-01-02 02:08:00,-0.011580517124182205,-0.05171613613079953,0.784067187226162,0.0
1970-01-02 02:09:00,0.08637150031853336,0.025174579507486302,0.5239285796970571,0.0
1970-01-02 02:10:00,0.028147906897955894,0.34755096301726573,0.6251241505323148,0.0
1970-01-02 02:11:00,0.02405315117689454,0.3497126795952213,0.6234109104829657,0.0
1970-01-02 02:12:00,0.025371460475470564,0.3616206010074408,0.6226823300829293,0.0
1970-01-02 02:13:00,0.11196028115897405,0.0365252273115283,0.9354511202990908,0.0
1970-01-02 02:14:00,0.12279990865653201,0.055942567042369204,0.935073645957239,0.0
1970-01-02 02:15:00,0.102473075080336,0.057941059273983644,0.9271704791870289,0.0
1970-01-02 02:16:00,0.0517394307273222,-0.06718679448254145,0.9282751781361668,0.0
1970-01-02 02:17:00,0.03026093465611025,-0.05737207460030185,0.9324502312498806,0.0
1970-01-02 02:18:00,0.006117117141448851,-0.07596798288568604,0.926416455131029,0.0
1970-01-02 02:19:00,0.128343753955376,-0.060563480833962104,0.9056307063115943,0.0
1970-01-02 02:20:00,0.2081207732623076,-0.08785587012533709,0.8719590359630897,0.0
1970-01-02 02:21:00,0.2607102102425448,-0.025072863141689758,0.8825222336813761,0.0
1970-01-02 02:22:00,0.22533999632672613,0.027290612637870304,0.887255702909407,0.0
1970-01-02 02:23:00,0.09987013539686145,0.0190475983959202,0.9065922060042195,0.0
1970-01-02 02:24:00,-0.1253451870388804,0.4408319686306039,0.5494648131894483,0.0
1970-01-02 02:25:00,-0.1335297755270842,0.5275934708139602,0.5074068039949307,0.0
1970-01-02 02:26:00,-0.12737237514503855,0.5208308746169803,0.5038803722972136,0.0
1970-01-02 02:27:00,0.39302489584337436,0.15748634267722683,0.43717590016121866,0.0
1970-01-02 02:28:00,0.46951301013829483,0.0801475020460265,0.4185213591802975,0.0230344177849537
1970-01-02 02:29:00,0.46837019601392677,0.08930298224420785,0.4174994685112085,0.02313320168121535
1970-01-02 02:30:00,0.6203932852879057,0.07634492700675255,0.3344527771434078,0.02318789794459515
1970-01-02 02:31:00,1.032979483754527,0.1242083976051658,-0.005231214026633756,0.0441747489945267
1970-01-02 02:32:00,1.031215187362899,0.1361449783112416,-0.006151946490338997,0.044321890412969245
1970-01-02 02:33:00,1.0341439432740591,0.1190133868320856,-0.010177426318262649,0.0443297255784281
1970-01-02 02:34:00,1.0322648421364236,0.1319692149255464,-0.011701222610621599,0.04450744658746015
1970-01-02 02:35:00,1.0317468265510379,0.13124421881505088,-0.013044332878603397,0.0445216221354285
1970-01-02 02:36:00,1.0304740703442699,0.123724160822165,0.005128698389089005,0.0436508425798266
1970-01-02 02:37:00,1.017879821403969,0.1728530996999353,0.018626329999489794,0.0433186743690281
1970-01-02 02:38:00,0.7343103364119221,0.284410241009863,0.28641334952090336,0.01986609533821725
1970-01-02 02:39:00,0.7394891754569668,0.30519936798704084,0.28221834280391306,0.01982070290931155
1970-01-02 02:40:00,0.7426241822962143,0.3228323475656695,0.28490482800827194,0.01969979284038155
1970-01-02 02:41:00,0.7488659900371342,0.32735376162257357,0.2845389867090899,0.0196101114202761
1970-01-02 02:42:00,0.7565659585546061,0.3299090118848908,0.2834046165987955,0.01961173280742785
1970-01-02 02:43:00,0.7653912598495773,0.3302664256551549,0.282360382875842,0.0195316312600496
1970-01-02 02:44:00,0.7682812555331273,0.3361293531311307,0.2765104116755294,0.01952179991971725
1970-01-02 02:45:00,0.7701368218291715,0.34347637619615334,0.2710735917080419,0.01943792990205725
1970-01-02 02:46:00,0.7718382636604871,0.35268893762197756,0.26430529290368476,0.01939024467102565
1970-01-02 02:47:00,0.7766788289337538,0.35923537487371104,0.25768945086879247,0.0193910531196424
1970-01-02 02:48:00,0.7817211928091783,0.36715863184661657,0.2508768955551211,0.0193557859793758
1970-01-02 02:49:00,0.7888263952635447,0.3734794021662738,0.2436439934655269,0.0193596094520051
1970-01-02 02:50:00,0.7955844874237774,0.3808333695902252,0.23698811159437982,0.01937248543385725
1970-01-02 02:51:00,0.8007040099527876,0.39390863443553614,0.23050740324117686,0.0192742089301735
1970-01-02 02:52:00,0.8082135208545391,0.401650297603736,0.22193626074160794,0.01930511237617825
1970-01-02 02:53:00,0.8169289539751318,0.40835502601954105,0.21379199298105583,0.01928361181151435
1970-01-02 02:54:00,0.8273618407152337,0.4125737482570804,0.2049866772405167,0.0193103760904505
1970-01-02 02:55:00,0.8387567345170228,0.4167909985709759,0.1956202227899445,0.0192480150717168
1970-01-02 02:56:00,0.8504017805602646,0.42228119812266296,0.186078317315845,0.01924840023745465
1970-01-02 02:57:00,0.8616384065838374,0.4301037546553428,0.1756033938793116,0.0192424253597416
1970-01-02 02:58:00,0.8744977464773447,0.436996413511582,0.16448295761873505,0.01921762783388335
1970-01-02 02:59:00,0.8888239182546066,0.44358741452967043,0.1526810842036844,0.01921501598180095
1970-01-02 03:00:00,0.9172932739759978,0.446170845558112,0.1034311174948033,0.028681894058189848
1970-01-02 03:01:00,0.9182266374306245,0.44299657179597124,0.10184664066008615,0.0284465577983762
1970-01-02 03:02:00,0.919143502681,0.4400149997559032,0.10035224553812855,0.028295851007522903
1970-01-02 03:03:00,0.9628372894323809,0.29824648469920284,0.018006947475510147,0.0427194167495477
1970-01-02 03:04:00,0.9622168179806765,0.29976345827582795,0.018178888882560744,0.0426863918929185
1970-01-02 03:05:00,0.9615199428152861,0.3012584792990347,0.017962565345726808,0.04266525826137755
1970-01-02 03:06:00,0.9578874601022636,0.3400771739408652,0.03978957283370625,0.04186972393149205
1970-01-02 03:07:00,0.6719937562630232,0.6231936723324278,0.07936032858671764,0.0190906205262906
1970-01-02 03:08:00,0.5791465233533767,0.7559245755657791,0.0907595668056254,0.0283440205732867
1970-01-02 03:09:00,0.5822839703518855,0.7557622522004173,0.0900702371794983,0.02864809754915735
1970-01-02 03:10:00,0.5867662551629571,0.7550103127092793,0.0929803258209004,0.028657544687040702
1970-01-02 03:11:00,0.5831270054630409,0.7562520973369316,0.09342783087485151,0.02845062299490215
1970-01-02 03:12:00,0.614331962177469,0.7473094409941867,0.095353968092416,0.029464275044156902
1970-01-02 03:13:00,0.6361954096760356,0.7401431293929883,0.0984362391342596,0.030604429688837802
1970-01-02 03:14:00,0.9584780353145932,0.26663222125271274,0.03541138688263534,0.0398936119183276
1970-01-02 03:15:00,0.9600405470286011,0.2585529527112662,0.03053057724635419,0.042001367080187604
1970-01-02 03:16:00,0.9577828531407733,0.25822025789201736,0.0297778122578662,0.0419054982265091
1970-01-02 03:17:00,1.0036493309667784,0.1238231270025745,-0.010056791912309005,0.02611663330241905
1970-01-02 03:18:00,1.0331110192407578,0.0846208827330575,-0.024922139707724604,0.0453454276278948
1970-01-02 03:19:00,1.0292821495055922,0.09933272781742415,-0.02581395296452315,0.0453316211001284
1970-01-02 03:20:00,1.027117590071673,0.10591179216418589,-0.0266393504100857,0.04534219078087915
1970-01-02 03:21:00,1.025418065545766,0.1086137632582945,-0.0277377294305034,0.04530653719019815
1970-01-02 03:22:00,1.0256797821249712,0.1055023216174181,-0.02865818647319045,0.0452795055691187
1970-01-02 03:23:00,1.0248254388260043,0.10643324249865815,-0.028643431775789104,0.04524313671258845
1970-01-02 03:24:00,1.0393593731052189,0.00031438668327594954,-0.04288829044491985,0.0446435065893688
1970-01-02 03:25:00,1.0374441216181727,-0.017255830682212002,-0.054859145314086595,0.0451448296384305
1970-01-02 03:26:00,1.035126754756882,-0.02697443917770785,-0.055231278455479,0.04488596141263075
1970-01-02 03:27:00,1.0340156692862943,-0.026813654566378742,-0.05705039493455885,0.04442665776257665
1970-01-02 03:28:00,1.0391230912346625,0.011835468368726246,-0.0620762776739227,0.04576378459608825
1970-01-02 03:29:00,1.0393024288358164,0.01859274472857385,-0.0623572071124448,0.045816882806262005
1970-01-02 03:30:00,1.0382313427807681,0.012011934098452852,-0.06120201267056685,0.045627932334813145
1970-01-02 03:31:00,1.0394959477310644,0.0286022182297494,-0.06304930078521839,0.0459661222646011
1970-01-02 03:32:00,1.0397945516089522,0.0368301132009915,-0.0644759029675621,0.0460850647941313
1970-01-02 03:33:00,1.0401129136943412,0.0454313078758546,-0.06478280067351061,0.0462099979628588
1970-01-02 03:34:00,1.0395899585570803,0.03477400374190155,-0.0628455039864782,0.0459991789896112
1970-01-02 03:35:00,1.0391205417885334,0.0336297325893717,-0.06273744550094305,0.0460002527607118
1970-01-02 03:36:00,1.039309200802097,0.0386474424537273,-0.0634718654823287,0.04604583803693655
1970-01-02 03:37:00,1.0396188788366088,0.0610432633289739,-0.06637207831293684,0.0464314842957087
1970-01-02 03:38:00,1.0395847003244385,0.06666376490050946,-0.06644011222265456,0.0465232317194258
1970-01-02 03:39:00,1.039418269294314,0.07037297198950555,-0.06588599464351365,0.046549980124697
1970-01-02 03:40:00,1.0391756735610782,0.07655630828028366,-0.0664516208866276,0.0466430015753425
1970-01-02 03:41:00,1.038936423975887,0.07526922658079835,-0.0651034497574372,0.046607802487239
1970-01-02 03:42:00,1.0367942020719205,0.0927362360689055,-0.06581684429502585,0.04662019674930605
1970-01-02 03:43:00,1.031486305024706,0.11110399369881846,-0.06418145822622034,0.04641382637338925
1970-01-02 03:44:00,1.0207820322031855,0.1347377573783266,-0.0610049882779339,0.04614769134648785
1970-01-02 03:45:00,1.0104704935908557,0.1651966848159871,-0.0557870780701237,0.045777142389387654
1970-01-02 03:46:00,1.0025051574697668,0.20134764564093316,-0.05505327778602885,0.04586548183405645
1970-01-02 03:47:00,1.0040986509295096,0.1979340969788957,-0.05512567908617745,0.04403043526511555
1970-01-02 03:48:00,1.0311961461871215,0.12147229046765075,-0.071634872310242,0.04681756019779465
1970-01-02 03:49:00,1.016469405064996,0.1725484871417805,-0.07411979450955869,0.04641293757390915
1970-01-02 03:50:00,0.989249924785364,0.2365294698183702,-0.0635071538002803,0.04494374531790875
1970-01-02 03:51:00,0.9685478894215028,0.2769870033068513,-0.0551303169793939,0.044855927397680254
1970-01-02 03:52:00,0.9575308513455489,0.27990791277899957,-0.050009532026344554,0.04429606673995895
1970-01-02 03:53:00,0.9499325557968793,0.2811062984689045,-0.048717886142898695,0.044173320489105244
1970-01-02 03:54:00,0.9468476313721425,0.28218994574956635,-0.04963267738178365,0.04407208542849845
1970-01-02 03:55:00,0.9435032111747897,0.29216359766426697,-0.05244940813449479,0.0440744379527453
1970-01-02 03:56:00,0.9407876277992531,0.3119298144401529,-0.05551039798445315,0.0444119852213368
1970-01-02 03:57:00,0.9381973506968461,0.31914625196629987,-0.05723838945238225,0.04443314956398185
1970-01-02 03:58:00,0.936396311408758,0.32304519653855335,-0.05809148638319955,0.04448406078534475
1970-01-02 03:59:00,0.940782314793355,0.31689084855153987,-0.058316544700895145,0.044051502551318455
1970-01-02 04:00:00,0.9706609819116876,0.2738398261282451,-0.053851261771063946,0.04526216121166145
1970-01-02 04:01:00,0.9493778122531943,0.30552034710857123,-0.053119979621992254,0.04414895261777845
1970-01-02 04:02:00,0.9321967711280708,0.33063193724731055,-0.0574562622324433,0.0443537288883515
1970-01-02 04:03:00,0.9290523480084154,0.3320798035581249,-0.0587944395132606,0.0442601087705436
1970-01-02 04:04:00,0.9268661979525894,0.3358779445561735,-0.05934339294831105,0.0442281679406237
1970-01-02 04:05:00,0.924283768364049,0.3396128954050695,-0.0606696631883254,0.0441799773006554
1970-01-02 04:06:00,0.9727704892432536,0.2195717980384198,-0.0556769932728121,0.02371267313428825
1970-01-02 04:07:00,1.0003652076076608,0.17743349026022215,-0.019889152452134802,0.02283955359602015
1970-01-02 04:08:00,1.0371462347720088,0.0976774688455051,-0.06578843166606335,0.04697869222073655
1970-01-02 04:09:00,1.0367221503424475,0.0995256845360917,-0.06803643277097375,0.047048431694457354
1970-01-02 04:10:00,1.0362846016505163,0.1021292108039532,-0.0677405420692867,0.0470311227713451
1970-01-02 04:11:00,1.0363870575168352,0.1020054625849142,-0.06679046743068259,0.04697903830438205
1970-01-02 04:12:00,1.0360157147540727,0.0846571446866404,-0.0653045907106451,0.0466243687252606
1970-01-02 04:13:00,0.7269472567955667,0.49652790984572936,0.0007964782386558501,0.02294273558233295
1970-01-02 04:14:00,0.665498335175826,0.5923162442914403,0.01763095843986345,0.0329263378626032
1970-01-02 04:15:00,0.6475479887224294,0.5990898850979565,0.01692067714342645,0.0320772334552056
1970-01-02 04:16:00,0.647267499854343,0.6121453627000977,0.0159067146650744,0.031072459643479648
1970-01-02 04:17:00,0.6100805018288332,0.1695485747981188,0.3540334114614235,0.0207564504860953
1970-01-02 04:18:00,0.5637335231188834,0.0758795045288143,0.43502584565589103,0.0227992035949216
1970-01-02 04:19:00,0.5844371170308666,-0.023517724415704603,0.42819522734918114,0.02282142239207985
1970-01-02 04:20:00,0.6067947288512271,-0.05623595783180631,0.4265658366057531,0.0227871535605264
1970-01-02 04:21:00,0.6355729564283166,-0.0031932081956193986,0.4483670037003502,0.0227506053715678
1970-01-02 04:22:00,0.6165858916487468,-0.0516520652474309,0.4399811615958165,0.02271396083247
1970-01-02 04:23:00,0.5923142233942132,-0.13197144713123185,0.4182740065148285,0.02272081007943725
1970-01-02 04:24:00,0.5914648047089609,-0.12980113580213384,0.4255275190402239,0.0227007124616384
1970-01-02 04:25:00,0.5858208289175134,-0.15222817212513948,0.4171754897839017,0.0226624676040309
1970-01-02 04:26:00,0.5936861241749644,-0.14448071260703488,0.41960177189751285,0.02263914737129045
1970-01-02 04:27:00,0.609156257895565,-0.08333783013952585,0.43602774862823374,0.02259746239272485
1970-01-02 04:28:00,0.6219670703340162,-0.04632941381501231,0.44583648948606336,0.02259980698185425
1970-01-02 04:29:00,0.633216182698536,-0.002721519344351199,0.44920869033184385,0.02257851219974415
1970-01-02 04:30:00,0.6147482439076464,-0.00636400322394885,0.4545737343821405,0.0222704818396473
1970-01-02 04:31:00,0.604357363743318,-0.1329241079748726,0.4240454441138835,0.02249958829307495
1970-01-02 04:32:00,0.5894466541901553,-0.24401988654936585,0.4505671995856802,0.0156126777899389
1970-01-02 04:33:00,0.5815267400370175,-0.1353734956315522,0.47034536979250535,0.01721031876047795
1970-01-02 04:34:00,0.5927244950043167,-0.17938277206692838,0.45104999295758297,0.0203649724034026
1970-01-02 04:35:00,0.4257398317392643,0.2388461196929786,0.4515751126380977,0.0
1970-01-02 04:36:00,0.4203738849987395,0.44486976550753177,0.4612068118818083,0.0156405228305488
1970-01-02 04:37:00,0.4052439479753968,0.4686936311120419,0.45589402405147494,0.01609849084962865
1970-01-02 04:38:00,0.4408106435217112,0.4514704078425855,0.46174272708258846,0.01682068376648645
1970-01-02 04:39:00,0.440559134685797,0.44100768016838704,0.46421937189666285,0.01705274095505925
1970-01-02 04:40:00,0.46083906243672446,0.0940181194118401,0.4409705624212278,0.0
1970-01-02 04:41:00,0.5886069353507228,-0.1775917686685456,0.41908014416204964,0.02135341366989295
1970-01-02 04:42:00,0.5647035475359647,-0.015355084763500962,0.4449306986125932,0.01954171415404235
1970-01-02 04:43:00,0.5651553970272774,-0.05139515406428531,0.43085500254916903,0.0176827233417824
1970-01-02 04:44:00,0.5873462591367469,-0.011181254943728151,0.4776626717929994,0.02183156095762905
1970-01-02 04:45:00,0.5711414417654838,-0.12270059581244529,0.3907130826232856,0.014399052112085
1970-01-02 04:46:00,0.5513813869112821,-0.06007271446970475,0.3718374670929672,0.0224936433650976
1970-01-02 04:47:00,0.41671907471453834,0.08074790463510334,0.6252477080077647,0.0
1970-01-02 04:48:00,0.1641894146773637,-0.06823428104343836,0.9167332669116202,0.0
1970-01-02 04:49:00,0.1559900473686294,-0.004214308161872501,0.9278189087919594,0.0
1970-01-02 04:50:00,0.19149733384899065,-0.08819258392715774,0.9059757891744177,0.0
1970-01-02 04:51:00,0.16126063386926914,0.0009681597411659998,0.924154938723299,0.0
1970-01-02 04:52:00,0.11426070814578865,0.06442758578777455,0.9361481420407964,0.0
1970-01-02 04:53:00,0.12451341032166685,-0.055895331342922606,0.9197866335012546,0.0
1970-01-02 04:54:00,0.1727827212069358,-0.07119111839757035,0.9182887858033921,0.0
1970-01-02 04:55:00,0.13692396967660092,-0.22843305226816613,0.8795932688637651,0.0
1970-01-02 04:56:00,0.14210787002945935,-0.1617928697855437,0.9087632220163222,0.0
1970-01-02 04:57:00,0.189520671582429,-0.0407319176286015,0.9217657450007225,0.0
1970-01-02 04:58:00,0.18633061736056972,-0.01659374632786975,0.9293767146618284,0.0
1970-01-02 04:59:00,0.16713753044506735,-0.03591072285161375,0.9309233217163699,0.0
1970-01-02 05:00:00,0.13897535760343904,-0.1628532231646996,0.8742221655510689,0.0
1970-01-02 05:01:00,0.15132987395801245,-0.1647344562650044,0.882221828042284,0.0
1970-01-02 05:02:00,0.16785050396853554,-0.023613734568630453,0.9264294540194398,0.0
1970-01-02 05:03:00,0.17359495383028745,0.026920208221442102,0.9312944662930365,0.0
1970-01-02 05:04:00,0.17580120069192925,0.0294875484610842,0.9310866414619057,0.0
1970-01-02 05:05:00,0.1743772553585553,0.017629813714104,0.9314267470734723,0.0
1970-01-02 05:06:00,0.1696731288991438,-0.0052668311052114,0.9327262621288654,0.0
1970-01-02 05:07:00,0.1911808539718765,-0.004841487095792051,0.9310353344608087,0.0
1970-01-02 05:08:00,0.20009885636706526,0.006382230372867351,0.9299008359411525,0.0
1970-01-02 05:09:00,0.19153508258161916,-0.0218583553507776,0.9303004324926412,0.0
1970-01-02 05:10:00,0.19880564981800652,-0.030205635363505852,0.9286424569821141,0.0
1970-01-02 05:11:00,0.2002010134701659,-0.0015537973778974989,0.9206475455034622,0.0
1970-01-02 05:12:00,0.18250143890341186,-0.1296138937324884,0.9015515882403842,0.0
1970-01-02 05:13:00,0.16363176317168748,-0.036708764223437496,0.9257740306879412,0.0
1970-01-02 05:14:00,0.14615074883725934,-0.021453663040216203,0.9227793287751747,0.0
1970-01-02 05:15:00,0.18054693988825884,-0.076036194232208,0.9219461162582219,0.0
1970-01-02 05:16:00,0.16723049062043233,-0.14510897474280626,0.910314939114397,0.0
1970-01-02 05:17:00,0.17925154738831994,-0.07563382523776815,0.9184804886684956,0.0
1970-01-02 05:18:00,0.17538569574611926,-0.0760450673763497,0.9217265122603322,0.0
1970-01-02 05:19:00,0.18408515782652995,-0.0527238276778676,0.9231118652269741,0.0
1970-01-02 05:20:00,0.16887347420728135,-0.05936648710905365,0.9253174514950882,0.0
1970-01-02 05:21:00,0.1682730846232316,-0.048484423652529945,0.9270056938082178,0.0
1970-01-02 05:22:00,0.169789541987143,-0.0512144516992782,0.9267700858818804,0.0
1970-01-02 05:23:00,0.16772832475042376,-0.066652973375518,0.9261883966915287,0.0
1970-01-02 05:24:00,0.1825804418570965,-0.06559167346016445,0.9250568884572123,0.0
1970-01-02 05:25:00,0.1847244613197595,-0.0604207107805338,0.9262790938164549,0.0
1970-01-02 05:26:00,0.1996485903208095,-0.0501334111894281,0.9243920221193768,0.0
1970-01-02 05:27:00,0.21741248362907023,-0.0618375337410796,0.9216454450345768,0.0
1970-01-02 05:28:00,0.2162899903829315,-0.05651526699716915,0.9226549811037084,0.0
1970-01-02 05:29:00,0.2070933763485445,-0.0678114729411581,0.9235611162534509,0.0
1970-01-02 05:30:00,0.184499263564601,-0.056591394828253344,0.9270009673868169,0.0
1970-01-02 05:31:00,0.17703495833993893,-0.05473975743462065,0.9266127417887922,0.0
1970-01-02 05:32:00,0.156057498144541,-0.0571561985452546,0.9268876808201691,0.0
1970-01-02 05:33:00,0.16162445775770523,-0.0750167848707144,0.9263214348797644,0.0
1970-01-02 05:34:00,0.17083968474059055,-0.0358374903077224,0.9287156255265276,0.0
1970-01-02 05:35:00,0.16556949161152154,-0.04825893544647025,0.92685578608262,0.0
1970-01-02 05:36:00,0.22064922956255828,-0.1293844017289294,0.755571612273032,0.0
1970-01-02 05:37:00,0.17205786188676744,-0.5442087900684311,0.3739590253593804,0.0
1970-01-02 05:38:00,0.23955718098011308,-0.10351413090018015,0.9181508248427823,0.0
1970-01-02 05:39:00,0.2397689706937854,-0.10176464142539154,0.9183938063642376,0.0
1970-01-02 05:40:00,0.23932730226796575,-0.0976601560404301,0.9189914916447248,0.0
1970-01-02 05:41:00,0.23304891922059462,-0.10556570400752485,0.9187162879040389,0.0
1970-01-02 05:42:00,0.22761361304924121,-0.1343238807350852,0.9145539579398727,0.0
1970-01-02 05:43:00,0.2213637839884176,-0.12265691772783,0.9173299618385156,0.0
1970-01-02 05:44:00,0.2246909089875834,-0.110815522762896,0.9191267685781657,0.0
1970-01-02 05:45:00,0.22058646162346052,-0.1088850927241999,0.9198532769720068,0.0
1970-01-02 05:46:00,0.22386877035604624,-0.1043897902578087,0.9201757457224596,0.0
1970-01-02 05:47:00,0.2224553827968656,-0.1036656813076294,0.9204312839592329,0.0
1970-01-02 05:48:00,0.2164496164879759,-0.09903514160933244,0.9217337624375933,0.0
1970-01-02 05:49:00,0.2156332106988146,-0.10373214090428076,0.921275652492011,0.0
1970-01-02 05:50:00,0.22129642164959695,-0.10901626360361315,0.9199932956622301,0.0
1970-01-02 05:51:00,0.21728242076461718,-0.10740298888523969,0.9207697645891385,0.0
1970-01-02 05:52:00,0.2262082488880145,-0.11310644710316656,0.9182721639896336,0.0
1970-01-02 05:53:00,0.2719049864598108,-0.15161803344202435,0.9033189209156681,0.0
1970-01-02 05:54:00,0.25387394762747706,-0.13692835821417834,0.9105988905335349,0.0
1970-01-02 05:55:00,0.25397775625096786,-0.14685556035737435,0.908494463516905,0.0
1970-01-02 05:56:00,0.25212353625641826,-0.1460157323026922,0.9093004373663203,0.0
1970-01-02 05:57:00,0.24917179383520394,-0.1434379849558882,0.9105152775014886,0.0
1970-01-02 05:58:00,0.24494621395408825,-0.1428237927677904,0.9115134521182873,0.0
1970-01-02 05:59:00,0.24060007075293827,-0.13236747464338006,0.9143423597403131,0.0
1970-01-02 06:00:00,0.256415549053798,-0.13729774722638505,0.9099156741469678,0.0
1970-01-02 06:01:00,0.25699161229957856,-0.1443663943181361,0.9082151676956447,0.0
1970-01-02 06:02:00,0.25840266695729575,-0.1267386867275988,0.9107844368645301,0.0
1970-01-02 06:03:00,0.2620496763217336,-0.1362161437498948,0.9081861073607805,0.0
1970-01-02 06:04:00,0.24700099688920563,-0.12383753170714759,0.9125775567846369,0.0
1970-01-02 06:05:00,0.25383796145952003,-0.1169033620693984,0.9118087694360392,0.0
1970-01-02 06:06:00,0.25745358296266113,-0.11827100148771871,0.911279526526535,0.0
1970-01-02 06:07:00,0.2759813677908136,-0.11351403470092081,0.9075389450457934,0.0
1970-01-02 06:08:00,0.2990849445065279,-0.13181953060235346,0.8989370701111248,0.0
1970-01-02 06:09:00,0.28779763332067615,-0.12718267805229644,0.9027161944578229,0.0
1970-01-02 06:10:00,0.2791428664332898,-0.1272423788322376,0.9045157502087108,0.0
1970-01-02 06:11:00,0.27554120229999235,-0.13130171733382326,0.9040549184470192,0.0
1970-01-02 06:12:00,0.27369131018843007,-0.1381427440136418,0.9028206263817086,0.0
1970-01-02 06:13:00,0.2737174605155201,-0.13867720617632645,0.9024656111172242,0.0
1970-01-02 06:14:00,0.26977521476381494,-0.1231147925162442,0.9063384360290274,0.0
1970-01-02 06:15:00,0.28964284676940233,-0.08198386677770965,0.9080815853611184,0.0
1970-01-02 06:16:00,0.28810264412545594,-0.06731343691181779,0.9103949461994477,0.0
1970-01-02 06:17:00,0.26277609409849106,-0.09766813002580091,0.9120213717152327,0.0
1970-01-02 06:18:00,0.2604184031262527,-0.1022784031101311,0.9116337667638512,0.0
1970-01-02 06:19:00,0.2578527016906867,-0.11167409984073526,0.9103071370271404,0.0
1970-01-02 06:20:00,0.2595699433187,-0.10404156456937386,0.9113311047680224,0.0
1970-01-02 06:21:00,0.2602287190351374,-0.1134627172242208,0.9090988321742508,0.0
1970-01-02 06:22:00,0.2576518231318434,-0.1118902929983017,0.9098898176787784,0.0
1970-01-02 06:23:00,0.25483730234013213,-0.10341505342025406,0.9119509539883313,0.0
1970-01-02 06:24:00,0.2564324384510162,-0.12140680682033761,0.9069239958683306,0.0
1970-01-02 06:25:00,0.290919625849193,-0.0696612306397214,0.9092576858269158,0.0
1970-01-02 06:26:00,0.27563727419910483,-0.036870728741555,0.9132131390073694,0.0
1970-01-02 06:27:00,0.2490778758432762,-0.02074367397052365,0.921129777688081,0.0
1970-01-02 06:28:00,0.2602669265627685,-0.020721714654378602,0.9193372896952396,0.0
1970-01-02 06:29:00,0.2647739663750682,0.002427985983953801,0.9183978243287169,0.0
1970-01-02 06:30:00,0.26804195796180036,0.015317905800250553,0.9174053643627111,0.0
1970-01-02 06:31:00,0.2655056541016027,0.01458291686813025,0.9180292227505448,0.0
1970-01-02 06:32:00,0.26430651813847916,0.016371159256128552,0.9183039894167018,0.0
1970-01-02 06:33:00,0.26349057552993416,0.0163136893642782,0.9185548425932186,0.0
1970-01-02 06:34:00,0.2619196909782942,0.0205429718393556,0.9187137635961322,0.0
1970-01-02 06:35:00,0.25908910771166466,0.0229879418938014,0.9192821806806787,0.0
1970-01-02 06:36:00,0.26196525274121724,0.0236860091406522,0.9188203084761088,0.0
1970-01-02 06:37:00,0.2620753562499928,0.026660407576823402,0.9187457527942353,0.0
1970-01-02 06:38:00,0.26460498331336335,0.0265074280102095,0.9183691731780905,0.0
1970-01-02 06:39:00,0.2860810134389352,-0.4427712087085834,0.45218268648592375,0.0
1970-01-02 06:40:00,0.2243460907697311,-0.0497185853736918,0.8406105123933605,0.0
1970-01-02 06:41:00,0.173287162983438,-0.06593800447468864,0.9150467361433892,0.0
1970-01-02 06:42:00,0.14674982884253576,-0.036236230069789495,0.9175578331758958,0.0
1970-01-02 06:43:00,0.12114966014409201,0.0563278983852513,0.9302425153871083,0.0
1970-01-02 06:44:00,0.10607969485743014,0.0708975555106428,0.9274236993038312,0.0
1970-01-02 06:45:00,0.1200390775915883,0.0713945578780847,0.9297969628714466,0.0
1970-01-02 06:46:00,0.1304787308512993,0.09359586303386755,0.9283166191629348,0.0
1970-01-02 06:47:00,0.15122017308365043,-0.03276731157103469,0.9169918085559519,0.0
1970-01-02 06:48:00,0.17738791222661698,0.0012804356993381498,0.9315528112080695,0.0
1970-01-02 06:49:00,0.17584685171168096,-0.0052953183015772495,0.9310008674876791,0.0
1970-01-02 06:50:00,0.1844691731291341,-0.008769764166791101,0.9299643401587678,0.0
1970-01-02 06:51:00,0.2193113081184985,0.0160025357694612,0.9292165327486066,0.0
1970-01-02 06:52:00,0.21285227639128673,0.030248143443655097,0.9286937836561411,0.0
1970-01-02 06:53:00,0.15441433529976095,-0.1154924240275325,0.8942893999529169,0.0
1970-01-02 06:54:00,0.18800347726924585,0.035328041242365854,0.9243247800450862,0.0
1970-01-02 06:55:00,0.1935267825968338,0.0020653116131398516,0.929957887437771,0.0
1970-01-02 06:56:00,0.18290243391558775,-0.0059783833646856535,0.9278025556690059,0.0
1970-01-02 06:57:00,0.17247137507778895,-0.0005358255366185033,0.929407989702087,0.0
1970-01-02 06:58:00,0.1903733418073736,-0.03533600328214615,0.9247082841399425,0.0
1970-01-02 06:59:00,0.18158182082063973,-0.01046468654857545,0.928700088830164,0.0
1970-01-02 07:00:00,0.1814184321959545,0.0013875005851820554,0.9288640725370828,0.0
1970-01-02 07:01:00,0.17582436480011915,0.02874749888186235,0.9306671604965523,0.0
1970-01-02 07:02:00,0.18101901067006143,0.013842494611192253,0.9298723593751679,0.0
1970-01-02 07:03:00,0.17602242489628475,0.006353768484956002,0.9311264594719595,0.0
1970-01-02 07:04:00,0.17915069488460567,0.0012056593397233029,0.9304424710462917,0.0
1970-01-02 07:05:00,0.1732521280167088,-0.009400385050520297,0.9307702220579008,0.0
1970-01-02 07:06:00,0.1778136697302006,0.0008588272178003988,0.930961679011381,0.0
1970-01-02 07:07:00,0.17537536351815405,-0.0026725829167632484,0.932209336223641,0.0
1970-01-02 07:08:00,0.17846465486526455,-0.004176927574601454,0.931418248367769,0.0
1970-01-02 07:09:00,0.17385430022129425,0.0006606569575093521,0.931935095581274,0.0
1970-01-02 07:10:00,0.1710486347560621,-0.002374955492045798,0.9324683893641492,0.0
1970-01-02 07:11:00,0.1771364631433464,0.0052684761547527985,0.9328350140851784,0.0
1970-01-02 07:12:00,0.18667068459376635,0.0285479265331929,0.9335816411195476,0.0
1970-01-02 07:13:00,0.18139766815228464,0.04891825611758285,0.933729502860439,0.0
1970-01-02 07:14:00,0.1481956237259392,-0.11097295158319749,0.9197572175528688,0.0
1970-01-02 07:15:00,0.1476516008024031,-0.12103631184565776,0.9177800438369929,0.0
1970-01-02 07:16:00,0.1421755050426889,-0.09705061892149384,0.9253324176764856,0.0
1970-01-02 07:17:00,0.1403431553693259,-0.10301267327134724,0.9161782788053325,0.0
1970-01-02 07:18:00,0.14533320320800944,-0.06606373687655905,0.9038311299701063,0.0
1970-01-02 07:19:00,0.21063702679800106,-0.06431446205792746,0.8980341519898495,0.0
1970-01-02 07:20:00,0.13197530552303485,-0.04214740430275066,0.9151666229780075,0.0
1970-01-02 07:21:00,0.1229278191490476,-0.049888815100233894,0.9118845782515819,0.0
1970-01-02 07:22:00,0.1298440133734702,-0.053536411287637115,0.9125691076828211,0.0
1970-01-02 07:23:00,0.11831507439933114,-0.10403572705028641,0.8895107174138155,0.0
1970-01-02 07:24:00,0.11973243698312915,-0.0496169364971072,0.9158594150397916,0.0
1970-01-02 07:25:00,0.1086968357525466,-0.1005866756883006,0.9014904005102609,0.0
1970-01-02 07:26:00,0.13472849322897773,-0.14698103605920654,0.9021630671647892,0.0
1970-01-02 07:27:00,0.14145113868183065,-0.07925567260358066,0.9213072575336723,0.0
1970-01-02 07:28:00,0.15141645055928035,-0.09030684209126731,0.9114196183906051,0.0
1970-01-02 07:29:00,0.1597421747917953,-0.0764791478642566,0.9163696865764881,0.0
1970-01-02 07:30:00,0.19784145626306848,-0.0010008025857578956,0.9174390676982798,0.0
1970-01-02 07:31:00,0.20429848627671784,0.01999867999200125,0.9280732994480888,0.0
1970-01-02 07:32:00,0.2049585637723912,0.019068260218159945,0.9269693333155884,0.0
1970-01-02 07:33:00,0.20434271817118288,0.00317930373072655,0.921830134500182,0.0
1970-01-02 07:34:00,0.16243038149776434,0.010838421557613553,0.9210930291638693,0.0
1970-01-02 07:35:00,0.15409720810234054,-0.0019459569417990957,0.91895969664893,0.0
1970-01-02 07:36:00,0.18617766055158907,-0.050995295668530095,0.9222469645382356,0.0
1970-01-02 07:37:00,0.2083771867943885,0.0214288455697504,0.9279568357032673,0.0
1970-01-02 07:38:00,0.20306840341629284,0.007106932905290846,0.9227139998933138,0.0
1970-01-02 07:39:00,0.1622167209822181,0.02671086174765145,0.9246517638124305,0.0
1970-01-02 07:40:00,0.11336033041427324,-0.08942525244950511,0.9032818519317131,0.0
1970-01-02 07:41:00,0.10290965777119496,-0.0903456146435349,0.8971066913841292,0.0
1970-01-02 07:42:00,0.12079891710522911,-0.0391219810369703,0.9109226457544997,0.0
1970-01-02 07:43:00,0.1199633460951436,0.04417150869030165,0.9305587774076742,0.0
1970-01-02 07:44:00,0.11868763213251471,0.0496705549887744,0.9312644847479168,0.0
1970-01-02 07:45:00,0.1231160798116539,0.0520090966765104,0.932983190592948,0.0
1970-01-02 07:46:00,0.14261313838419876,0.057133694267528595,0.9335325374865957,0.0
1970-01-02 07:47:00,0.12949198565276884,0.04566927314997435,0.9361344004992832,0.0
1970-01-02 07:48:00,0.10574212727649304,0.045004313755202904,0.9369721525448031,0.0
1970-01-02 07:49:00,0.1126271903735718,0.02157360992939185,0.938602044947943,0.0
1970-01-02 07:50:00,0.11209767738366974,-0.09826644213653744,0.9170954062046395,0.0
1970-01-02 07:51:00,0.1440071725400368,-0.028611638036507903,0.9287508548256895,0.0
1970-01-02 07:52:00,0.14618542030873966,-0.12314721410870291,0.9183276250851851,0.0
1970-01-02 07:53:00,0.09574082439001574,0.26135667391577744,0.7662993592949711,0.0
1970-01-02 07:54:00,0.09106031516300855,0.3783981930103645,0.7301729892856601,0.0
1970-01-02 07:55:00,0.0636481973396227,0.2929949753323354,0.6821048557522256,0.0
1970-01-02 07:56:00,0.09476834015577071,0.2929606165745295,0.6768549426057517,0.0
1970-01-02 07:57:00,0.14818359352701688,0.3494015374558101,0.6871531705498719,0.0
1970-01-02 07:58:00,0.1274226370771257,0.352823280995409,0.6978708892958103,0.0
1970-01-02 07:59:00,0.15226534142951376,0.11834409462990675,0.7993424057606904,0.0
1970-01-02 08:00:00,0.1957966510858063,-0.19431012876459763,0.900759138034119,0.0
1970-01-02 08:01:00,0.18177089312332234,-0.24615799540098,0.8711870652768174,0.0
1970-01-02 08:02:00,0.1888782260960206,-0.2357652101715901,0.8793438161130326,0.0
1970-01-02 08:03:00,0.2018906987274177,-0.1547395351251565,0.8884349229168869,0.0
1970-01-02 08:04:00,0.21483354957018364,-0.03313215318916755,0.9214776742886581,0.0
1970-01-02 08:05:00,0.2090558573210122,-0.0297487114645829,0.9222153304670071,0.0
1970-01-02 08:06:00,0.215619565721132,-0.0398847474849359,0.9211130955523352,0.0
1970-01-02 08:07:00,0.2118309294326935,-0.03631966698252835,0.9207505628007187,0.0
1970-01-02 08:08:00,0.2162588393380398,-0.013722962780670103,0.9194674156229761,0.0
1970-01-02 08:09:00,0.20424078016110891,-0.1006895646791548,0.903373104816908,0.0
1970-01-02 08:10:00,0.18074175342411924,-0.20231713660680495,0.8960425235887528,0.0
1970-01-02 08:11:00,0.1828641922236491,-0.22265847282573942,0.8819529187639117,0.0
1970-01-02 08:12:00,0.20954671035046998,-0.09513899036735521,0.9155743739589269,0.0
1970-01-02 08:13:00,0.22397232802490047,-0.03713560143167135,0.9189767727520557,0.0
1970-01-02 08:14:00,0.24325763318710905,-0.002443971647420301,0.9160945311428824,0.0
1970-01-02 08:15:00,0.25524079184075893,-0.0557249042104355,0.9161163779315014,0.0
1970-01-02 08:16:00,0.24430481320530878,-0.059923799523528054,0.9115773362693608,0.0
1970-01-02 08:17:00,0.1798694843320561,-0.2312931252774287,0.8830018597115699,0.0
1970-01-02 08:18:00,0.18881683523405296,-0.1673292612394512,0.9016480052696697,0.0
1970-01-02 08:19:00,0.16181422219517685,-0.2802591991889114,0.8560849832798294,0.0
1970-01-02 08:20:00,0.1736748680117879,-0.138253962193437,0.9007770404002993,0.0
1970-01-02 08:21:00,0.15536364048765514,-0.28734754556523007,0.864619478960682,0.0
1970-01-02 08:22:00,0.15053951578162525,-0.27373356605125376,0.8760231485070425,0.0
1970-01-02 08:23:00,0.17730665859002134,-0.28166551407915597,0.8696878601467941,0.0
1970-01-02 08:24:00,0.12170114218931094,-0.33433055527895095,0.8365108754562977,0.0
1970-01-02 08:25:00,0.06675324844649695,-0.23857191777373032,0.8925268038013491,0.0
1970-01-02 08:26:00,0.08099928452981185,-0.17637383472839804,0.9098586845248868,0.0
1970-01-02 08:27:00,0.06618858596396535,-0.15828220246027414,0.9151485976560159,0.0
1970-01-02 08:28:00,0.0655616114328764,-0.16106827354862904,0.9140924760889554,0.0
1970-01-02 08:29:00,0.0568465738300199,-0.17149615654269565,0.913964705327692,0.0
1970-01-02 08:30:00,0.0566293779497241,-0.1557940068194906,0.9151757217080719,0.0
1970-01-02 08:31:00,0.07894293713355044,-0.12783244174482744,0.914194052344099,0.0
1970-01-02 08:32:00,0.09558650322900496,-0.12383638863272349,0.9135247054964859,0.0
1970-01-02 08:33:00,0.0960510202807722,-0.13060657230435735,0.9098802854018826,0.0
1970-01-02 08:34:00,0.0796220259286797,-0.1307875631857455,0.9100901512994872,0.0
1970-01-02 08:35:00,0.0610809548813444,-0.12276584100810195,0.9089010308900509,0.0
1970-01-02 08:36:00,0.058997056536971446,-0.1378969257026667,0.8974031870284098,0.0
1970-01-02 08:37:00,0.05387543337696145,-0.129906525268291,0.9035401771738163,0.0
1970-01-02 08:38:00,0.07101057451298465,-0.10625455468662792,0.9030253611903201,0.0
1970-01-02 08:39:00,0.09539925836134075,-0.1380093306724065,0.8931681904973866,0.0
1970-01-02 08:40:00,0.07920066522379166,-0.08766265526043374,0.9130877844788039,0.0
1970-01-02 08:41:00,0.08312356072313411,-0.08977390678015075,0.9042421319026864,0.0
1970-01-02 08:42:00,0.0812512962838102,-0.08425750900528466,0.9059825025617353,0.0
1970-01-02 08:43:00,0.06610834812231176,-0.11062335071635421,0.9095776124576233,0.0
1970-01-02 08:44:00,0.0593975038165806,-0.11415804588830969,0.91449646954027,0.0
1970-01-02 08:45:00,0.0655880420189194,-0.1187776132701241,0.9126661837552572,0.0
1970-01-02 08:46:00,0.06264786339404779,-0.1109024574140812,0.9165492118980031,0.0
1970-01-02 08:47:00,0.06478209338192539,-0.11672424218580915,0.9174464598016778,0.0
1970-01-02 08:48:00,0.0633310651628153,-0.1167219138079968,0.9166259166515605,0.0
1970-01-02 08:49:00,0.0601827780388702,-0.1254820708854662,0.9126485223824677,0.0
1970-01-02 08:50:00,0.06217167963860705,-0.11333575901709154,0.917363558075212,0.0
1970-01-02 08:51:00,0.06357530907313855,-0.11971125227937561,0.915115320895143,0.0
1970-01-02 08:52:00,0.0716714586693473,-0.1261811562002622,0.912965851659479,0.0
1970-01-02 08:53:00,0.10409880509132995,-0.11776523965897664,0.9135836455943718,0.0
1970-01-02 08:54:00,0.06782053024989931,-0.13752532166549605,0.9074723138677463,0.0
1970-01-02 08:55:00,0.0579771137655041,-0.14986064719532985,0.9046012415645059,0.0
1970-01-02 08:56:00,0.04739257030370565,-0.14167462759287494,0.9077158303118911,0.0
1970-01-02 08:57:00,0.02863069829990745,-0.1651884089513712,0.8841781287795695,0.0
1970-01-02 08:58:00,0.0205684384114245,-0.13707812127478536,0.9022524658763442,0.0
1970-01-02 08:59:00,0.0455250412613913,-0.0160064940117423,0.9321254459324491,0.0
1970-01-02 09:00:00,0.05467037756874915,-0.020702594159912553,0.9181332565380843,0.0
1970-01-02 09:01:00,0.0648845641864053,0.09648625557160055,0.9307424045350666,0.0
1970-01-02 09:02:00,0.09411150424101555,0.029390495599833553,0.9354277783678018,0.0
1970-01-02 09:03:00,0.17401589128728295,-0.037498418373445544,0.9187065847332418,0.0
1970-01-02 09:04:00,0.20467451962200725,-0.006537887491318249,0.9249528629223003,0.0
1970-01-02 09:05:00,0.2233977565622962,0.006310678310353646,0.9225546540796115,0.0
1970-01-02 09:06:00,0.2192385692336235,0.024839620425176453,0.9245610519328068,0.0
1970-01-02 09:07:00,0.21229285720323574,0.0257125140819784,0.9251715472107185,0.0
1970-01-02 09:08:00,0.2083270991408454,0.02061360963395115,0.9247807592135782,0.0
1970-01-02 09:09:00,0.20942528799917784,0.031106965599764648,0.925250391395399,0.0
1970-01-02 09:10:00,0.20865750138393097,0.0227534242753974,0.9256795022599229,0.0
1970-01-02 09:11:00,0.18248286081062237,0.01571502666484595,0.9262325329096888,0.0
1970-01-02 09:12:00,0.15515251945946415,0.015520490698618598,0.9264944287885629,0.0
1970-01-02 09:13:00,0.15209684893318304,0.023677805451999098,0.9258599522091416,0.0
1970-01-02 09:14:00,0.14317243806696245,0.027777992730917852,0.9266855119563756,0.0
1970-01-02 09:15:00,0.13227618498076835,0.05405994703875875,0.921766192559877,0.0
1970-01-02 09:16:00,0.1015837565672836,0.0762496406756249,0.917464612997714,0.0
1970-01-02 09:17:00,0.09374485206077984,0.050865934034286846,0.9163883365140035,0.0
1970-01-02 09:18:00,0.07406117104394219,0.0092257668379709,0.9180681981590092,0.0
1970-01-02 09:19:00,0.09864890588647118,0.01252650053330585,0.9215086837443633,0.0
1970-01-02 09:20:00,0.1369179545771397,0.00760938671382835,0.9274190663288471,0.0
1970-01-02 09:21:00,0.1306034246598316,0.023111543968019597,0.920796199079781,0.0
1970-01-02 09:22:00,0.16297845266290803,-0.0764236312385031,0.9114549706455788,0.0
1970-01-02 09:23:00,0.1643488646069548,-0.029612283709848,0.9194503395198501,0.0
1970-01-02 09:24:00,0.14276141456942654,-0.023215404803525998,0.9253845607771021,0.0
1970-01-02 09:25:00,0.14115017955390574,-0.02378511329900605,0.9246651659959033,0.0
1970-01-02 09:26:00,0.1357497057441228,-0.0361397491796102,0.9245348475902221,0.0
1970-01-02 09:27:00,0.1311329127527988,-0.03165999582374055,0.9258859844135903,0.0
1970-01-02 09:28:00,0.13881364205277608,-0.037054219565436496,0.9238598939575964,0.0
1970-01-02 09:29:00,0.12662865390702344,0.040319111427532944,0.8991784820562077,0.0
1970-01-02 09:30:00,0.12032278314365816,0.24992949165814923,0.8377547210383955,0.0
1970-01-02 09:31:00,0.140515048786958,0.24071647521954675,0.8272631278665981,0.0
1970-01-02 09:32:00,0.15341992682468186,0.2609495165617494,0.825001527848916,0.0
1970-01-02 09:33:00,0.14639538611915334,0.27684219339199173,0.8275516215466545,0.0
1970-01-02 09:34:00,0.11957936066886124,0.2639817478017856,0.8312365285309273,0.0
1970-01-02 09:35:00,0.11320509304605986,0.26902875473305055,0.8270435632145681,0.0
1970-01-02 09:36:00,0.11309475978955251,0.26824170229216326,0.8265410477304723,0.0
1970-01-02 09:37:00,0.08357635629797129,0.23238286683393006,0.8224534161988616,0.0
1970-01-02 09:38:00,0.1094187871107238,0.23575969799020385,0.813286204665811,0.0
1970-01-02 09:39:00,0.116479657423594,0.2526479334944352,0.8146785316860914,0.0
1970-01-02 09:40:00,0.11354039500592507,0.2315610355148926,0.8034407147749871,0.0
1970-01-02 09:41:00,0.10117519786629844,0.26024108230386744,0.8075350006751258,0.0
1970-01-02 09:42:00,0.0908456139555853,0.26949616645551117,0.8090126442740133,0.0
1970-01-02 09:43:00,0.08738651847628626,0.2629974817601868,0.8104687312599974,0.0
1970-01-02 09:44:00,0.0833861785713811,0.2733368104720182,0.8063929280774701,0.0
1970-01-02 09:45:00,0.07919668669360176,0.28539887555711047,0.8049028167592785,0.0
1970-01-02 09:46:00,0.0735184477404056,0.29350894448766257,0.8047686768869702,0.0
1970-01-02 09:47:00,0.06009377647614744,0.2751335032109687,0.8040971069982819,0.0
1970-01-02 09:48:00,0.053411314676151955,0.28124605681624937,0.8046100884810679,0.0
1970-01-02 09:49:00,0.06972968696729269,0.29931688047309746,0.803634306241358,0.0
1970-01-02 09:50:00,0.045605079927566114,0.2691961195425452,0.8044055834568524,0.0
1970-01-02 09:51:00,0.1722289586024841,-0.014991619925291952,0.9225509555687961,0.0
1970-01-02 09:52:00,0.16047836719671005,-0.08157504060620044,0.9111375331674532,0.0
1970-01-02 09:53:00,0.1868251252600644,-0.0982789596981247,0.9069556683017723,0.0
1970-01-02 09:54:00,0.1902002583162554,-0.08707218370889595,0.9106205777528339,0.0
1970-01-02 09:55:00,0.21059883489993209,-0.02695437463499385,0.9129874722094045,0.0
1970-01-02 09:56:00,0.12434490786656224,0.24857536280104808,0.831055694959576,0.0
1970-01-02 09:57:00,0.10727298004813818,0.25300281876657454,0.8242080202226703,0.0
1970-01-02 09:58:00,0.09938732407736205,0.27594564139193933,0.8250652878146197,0.0
1970-01-02 09:59:00,0.1034831686243744,0.2774759170922405,0.8068333410402037,0.0
1970-01-02 10:00:00,-0.008021423935932297,0.3145674261345119,0.7806776987932595,0.0
1970-01-02 10:01:00,-0.16497633209735385,0.5764174225684494,0.7182711814820993,0.0
1970-01-02 10:02:00,-0.1791834941065848,0.5650764965853894,0.7157843116627256,0.0
1970-01-02 10:03:00,-0.19233737634857628,0.6043210363440381,0.6940500718755411,0.0
1970-01-02 10:04:00,-0.2117694439623734,0.5921693489599313,0.694274943300403,0.0
1970-01-02 10:05:00,-0.2110640938803581,0.6069525385774849,0.6856787680661802,0.0
1970-01-02 10:06:00,-0.21506609690051165,0.6036387102878005,0.6869500278760499,0.0
1970-01-02 10:07:00,-0.21770963352596223,0.6031512542693895,0.6862743561814839,0.0
1970-01-02 10:08:00,-0.2197705420406893,0.6031200843768485,0.6854350155468771,0.0
1970-01-02 10:09:00,-0.22786049230011896,0.6011100818601354,0.6836129087824573,0.0
1970-01-02 10:10:00,-0.23233303743027495,0.6002783195035588,0.6822984177092016,0.0
1970-01-02 10:11:00,-0.2647220575107404,0.6072383317688862,0.6615732467590644,0.0
1970-01-02 10:12:00,-0.1391641261635164,0.5801130845726064,0.7168540321425574,0.0
1970-01-02 10:13:00,-0.15889391132432018,0.6158333359957827,0.6948971341351213,0.0
1970-01-02 10:14:00,-0.16824217258891444,0.6138450734414702,0.693947236552886,0.0
1970-01-02 10:15:00,-0.17710779183316638,0.6162563060721716,0.6893333344743633,0.0
1970-01-02 10:16:00,-0.1855517964237947,0.6135557623748957,0.688499979328669,0.0
1970-01-02 10:17:00,-0.18011669595701418,0.6110560007704137,0.6926675223014055,0.0
1970-01-02 10:18:00,-0.20433916288888543,0.603855988431226,0.6885974095138427,0.0
1970-01-02 10:19:00,-0.20148025781815737,0.6007293718410417,0.6921578901349297,0.0
1970-01-02 10:20:00,-0.1999241695133423,0.6030551985612456,0.6906374726682756,0.0
1970-01-02 10:21:00,-0.1889402493401336,0.6091072801453851,0.6906020712309773,0.0
1970-01-02 10:22:00,-0.1968922904980095,0.6225290621943282,0.6758761897536318,0.0
1970-01-02 10:23:00,-0.1828748381529935,0.6207770186307762,0.6825280057189995,0.0
1970-01-02 10:24:00,-0.14291238958239266,0.6217997332764253,0.6988488060484108,0.0
1970-01-02 10:25:00,-0.13654399265683032,0.6228688433808323,0.6997515328630539,0.0
1970-01-02 10:26:00,-0.1226615016162811,0.6324778763917995,0.6959357172852038,0.0
1970-01-02 10:27:00,-0.1244437238010052,0.6291122973743888,0.6984547966090047,0.0
1970-01-02 10:28:00,-0.12863239407993432,0.6305348349839568,0.6960193665830046,0.0
1970-01-02 10:29:00,-0.13515179589478465,0.6298865184288532,0.694572107824299,0.0
1970-01-02 10:30:00,-0.13786138906779488,0.6290274431881989,0.6943114464217739,0.0
1970-01-02 10:31:00,-0.14898728650171283,0.6173676914189467,0.699365328658573,0.0
1970-01-02 10:32:00,-0.23032440251997133,0.5790086894209595,0.685764974844864,0.0
1970-01-02 10:33:00,-0.23755669818809833,0.6046170946445776,0.6750418853890714,0.0
1970-01-02 10:34:00,-0.24251085460549354,0.6024664024293946,0.6736864992128517,0.0
1970-01-02 10:35:00,-0.2377461290066428,0.6008578881729053,0.6762553117033601,0.0
1970-01-02 10:36:00,-0.23461377094161856,0.6030578610106572,0.6750028542962123,0.0
1970-01-02 10:37:00,-0.2023319819595774,0.5771191298391299,0.6966032493050366,0.0
1970-01-02 10:38:00,-0.21243327093643605,0.5879986067716054,0.6887216145565674,0.0
1970-01-02 10:39:00,-0.23767535200023446,0.5757308396301679,0.677424562453629,0.0
1970-01-02 10:40:00,-0.257631848649836,0.5869385773406669,0.6708562679120182,0.0
1970-01-02 10:41:00,-0.26289418430626454,0.5980850230360995,0.6625621754341587,0.0
1970-01-02 10:42:00,-0.2602786915882356,0.5991477807184312,0.6622766523665125,0.0
1970-01-02 10:43:00,-0.26245442974590494,0.5966802317148148,0.6635652489458286,0.0
1970-01-02 10:44:00,-0.26180796091482383,0.6000185585884384,0.6607402653990375,0.0
1970-01-02 10:45:00,-0.16919764225787903,0.6038477226899921,0.6967384515155577,0.0
1970-01-02 10:46:00,-0.12238193891417126,0.607638205349714,0.7140016540409246,0.0
1970-01-02 10:47:00,-0.12495950862102775,0.6077402692849523,0.7131150639470061,0.0
1970-01-02 10:48:00,-0.13214942472664296,0.6146214811464021,0.705921725995846,0.0
1970-01-02 10:49:00,-0.134181651972416,0.6143196879500767,0.705645557406352,0.0
1970-01-02 10:50:00,-0.1348814749348933,0.6150989706954377,0.7047950671387422,0.0
1970-01-02 10:51:00,-0.13341202796337676,0.6055007697029892,0.7095161916032808,0.0
1970-01-02 10:52:00,-0.1472484248187338,0.5858405093026408,0.7215873292324522,0.0
1970-01-02 10:53:00,-0.15209969714253055,0.5997863180867227,0.7098970546073022,0.0
1970-01-02 10:54:00,-0.15649480284651074,0.6034078161958631,0.7055246967617049,0.0
1970-01-02 10:55:00,-0.15841756324910938,0.603455193622655,0.7050075396995544,0.0
1970-01-02 10:56:00,-0.1585336427181815,0.6037814904646106,0.7046250930246785,0.0
1970-01-02 10:57:00,-0.17193877984735173,0.6226326345134536,0.6854707415875183,0.0
1970-01-02 10:58:00,-0.19015912857987344,0.6317375737280329,0.6714496379044792,0.0
1970-01-02 10:59:00,-0.1594008676912428,0.594757254849686,0.6936201150750327,0.0
1970-01-02 11:00:00,-0.17303250219557104,0.6234689574535279,0.6831238397459265,0.0
1970-01-02 11:01:00,-0.16667991980302915,0.6240064685332151,0.6846542363062564,0.0
1970-01-02 11:02:00,-0.16774463224275435,0.6262916802456648,0.6813633289249249,0.0
1970-01-02 11:03:00,-0.15650802311891926,0.5992623470301839,0.6942972130570141,0.0
1970-01-02 11:04:00,-0.1806114677640184,0.604016196009793,0.6936989740144106,0.0
1970-01-02 11:05:00,-0.17838386929104422,0.6115859699306649,0.6903427820153105,0.0
1970-01-02 11:06:00,-0.1694026485988694,0.6089691972177269,0.6960344753931436,0.0
1970-01-02 11:07:00,-0.16840613384310144,0.610612424550385,0.6951860212737753,0.0
1970-01-02 11:08:00,-0.15718341222952897,0.6042327351463477,0.6979452431342483,0.0
1970-01-02 11:09:00,-0.17316003425467685,0.6217892960697966,0.6844729846851454,0.0
1970-01-02 11:10:00,-0.19740872263833825,0.6224827780927702,0.6739215907247801,0.0
1970-01-02 11:11:00,-0.21022292105992998,0.6269338417846382,0.6641207337935953,0.0
1970-01-02 11:12:00,-0.20510230373608818,0.6435246725785515,0.6536785786945574,0.0
1970-01-02 11:13:00,-0.21906488821606884,0.6452222270396022,0.6455849779632201,0.0
1970-01-02 11:14:00,-0.20902766403198136,0.5054414614658189,0.6887667836035454,0.0
1970-01-02 11:15:00,-0.16133800358402733,0.11218477606243285,0.7770019397213757,0.0
1970-01-02 11:16:00,-0.16302856023399903,0.12568925095555314,0.7871665048617367,0.0
1970-01-02 11:17:00,-0.15170351719755581,0.1172787048683088,0.7863462568055672,0.0
1970-01-02 11:18:00,-0.1513541136137882,0.134871421449832,0.7918693335014975,0.0
1970-01-02 11:19:00,-0.15780221558659824,0.1511038997133419,0.7955846548353469,0.0
1970-01-02 11:20:00,-0.10116445234921465,0.6080349710523316,0.495718393379886,0.0
1970-01-02 11:21:00,-0.08969931426033725,0.7476238479242263,0.4137713696094094,0.0046904164362097
1970-01-02 11:22:00,0.13141143476303166,0.4527696477236044,0.5238624917679855,0.00481366982336535
1970-01-02 11:23:00,0.17117462320520685,0.3253119938195217,0.5059934712037834,0.00507913831310035
1970-01-02 11:24:00,0.1567365670221224,0.39058254854751767,0.5329430637178952,0.0043689772446219
1970-01-02 11:25:00,0.11741275968628395,0.40874401696494134,0.5357529532092447,0.00262951485343985
1970-01-02 11:26:00,0.16603214637256153,0.40598628122222535,0.5285532707382019,0.0042607102380031
1970-01-02 11:27:00,0.5075122109108343,0.33533187415718035,0.4708682959413398,0.0
1970-01-02 11:28:00,0.6325473165848585,0.30432355585129867,0.29211041542057103,0.0211340224229871
1970-01-02 11:29:00,0.6611048228756766,0.4574249557048393,0.06590309533780185,0.02119397007994945
1970-01-02 11:30:00,1.0393240045195626,-0.046844471233882204,0.0186670923101773,0.042587792004014496
1970-01-02 11:31:00,1.0424177125829166,0.018153319095080202,-0.0022158112734131027,0.044051629837781145
1970-01-02 11:32:00,1.0418440672862888,-0.00036836961668775003,-0.02010179973962685,0.0444484938397171
1970-01-02 11:33:00,1.0420811657763087,-0.0009736263673343,-0.0210643568522325,0.04475739675111075
1970-01-02 11:34:00,1.0416436967545688,-0.0133181591129089,-0.019906860677559902,0.0443349243111459
1970-01-02 11:35:00,1.0314016255698741,0.06289423257940825,-0.015898063494164755,0.03779881389108515
1970-01-02 11:36:00,1.03996507071578,0.0216797333407291,-0.019250768466445647,0.04297545525375675
1970-01-02 11:37:00,1.0404853718397855,-0.0256020629249246,-0.03192648965810305,0.0443462179122886
1970-01-02 11:38:00,1.039181091134103,-0.048888321277620606,-0.030840543929362252,0.0441705496737546
1970-01-02 11:39:00,1.0389334761788,-0.05294091347703905,-0.031128634314356446,0.04409032639553695
1970-01-02 11:40:00,1.0387256963192666,-0.05736499329473755,-0.0313836741771716,0.0440274779044731
1970-01-02 11:41:00,1.038384946910055,-0.0641040070738304,-0.031744790477837695,0.043918131504531
1970-01-02 11:42:00,1.0376838492245133,-0.0724712250870002,-0.03300661219960285,0.04378381372486675
1970-01-02 11:43:00,1.0371053440462017,-0.07372436814902411,-0.0345572964688596,0.04371892953662575
1970-01-02 11:44:00,1.0377403353903143,-0.0664955547886351,-0.037554442743162296,0.04400754155681315
1970-01-02 11:45:00,1.0372933059455898,-0.07226693018072436,-0.036850579740094855,0.04387581677440685
1970-01-02 11:46:00,1.0371159600992241,-0.07294536885835325,-0.03592306011558495,0.0438073395898509
1970-01-02 11:47:00,1.0379785492630154,-0.044570850793585505,-0.03879390126189945,0.04416865140086295
1970-01-02 11:48:00,1.0374052425647018,-0.02270585450435155,-0.037577027266651256,0.0445410653171619
1970-01-02 11:49:00,1.03660009560901,-0.011632317404593001,-0.036716375930764406,0.04460927537002365
1970-01-02 11:50:00,1.0360483795326036,-0.006680379151747205,-0.0353986830881727,0.04459919835225665
1970-01-02 11:51:00,1.035490210170682,-0.001951221100331503,-0.03434340745709685,0.044583506200515696
1970-01-02 11:52:00,1.034795406430272,0.003517333572180349,-0.03494298917716385,0.044618753160850205
1970-01-02 11:53:00,1.0342863935765303,0.006626279799444752,-0.033685249588346344,0.044619948969074355
1970-01-02 11:54:00,1.0337102187513214,0.010532366417553354,-0.0332945206099958,0.0445962990191581
1970-01-02 11:55:00,1.033122890099297,0.012909579423738944,-0.0325512478101693,0.044553317711973
1970-01-02 11:56:00,1.0326824732804702,0.015442773496592857,-0.0326278886267045,0.04455433156071515
1970-01-02 11:57:00,1.0291894289443637,0.09742865130610305,0.05189939906791205,0.0361978376232219
1970-01-02 11:58:00,1.0344518052327785,0.0941992512296841,0.051738356519897596,0.0416904265555443
1970-01-02 11:59:00,1.034117900758949,0.09585384023680835,0.05230992674442185,0.0416258575823389
1970-01-02 12:00:00,1.0272080681029454,0.16923208016550484,0.06018231347067354,0.0428418647166275
1970-01-02 12:01:00,1.0267263755091434,0.1727139441683406,0.059421815548252196,0.04286245311923535
1970-01-02 12:02:00,1.026718366061463,0.17185619124170703,0.0612001917322552,0.04281011906342385
1970-01-02 12:03:00,1.026749853556698,0.17186238655286676,0.06042771493706825,0.0427937284776127
1970-01-02 12:04:00,1.0266922751644567,0.17165698179217165,0.0615973581829529,0.042766449051025696
1970-01-02 12:05:00,1.0265668455289907,0.1724916690990565,0.06123798885797595,0.04275793537521305
1970-01-02 12:06:00,1.026048876358071,0.1760185735231078,0.060237583439418804,0.04279651794053235
1970-01-02 12:07:00,1.0257808248936822,0.17682948148278643,0.0611192442540863,0.04273673512284465
1970-01-02 12:08:00,1.0256289300716896,0.17707345580370745,0.06176887326392155,0.042682756569395
1970-01-02 12:09:00,1.0256803179070093,0.17644335452201682,0.06233923060391,0.042670321099280456
1970-01-02 12:10:00,1.0251759536632057,0.17941879278773046,0.0611284082028172,0.04267149370830465
1970-01-02 12:11:00,1.0253733515992196,0.17764439904583984,0.062326376703821504,0.0426306146107664
1970-01-02 12:12:00,1.0251801962929632,0.17846724190428487,0.0626031827872005,0.0426239583948557
1970-01-02 12:13:00,1.0247420404316385,0.1803526488716926,0.06336369220077659,0.04260911063446155
1970-01-02 12:14:00,1.024786647409744,0.1801649917178296,0.0630280968642299,0.042611902522970604
1970-01-02 12:15:00,1.015921510297284,0.16947252353857128,0.06323032177261956,0.0323841352313818
1970-01-02 12:16:00,1.0061068494829222,0.1586649797152497,0.06266411063997454,0.02148069103102965
1970-01-02 12:17:00,0.997239632955341,0.1479027477397289,0.060525654062866405,0.0214556628775699
1970-01-02 12:18:00,0.9889091318769795,0.13731604643739226,0.058905815114602744,0.02146189468572335
1970-01-02 12:19:00,0.981648804747336,0.12604198519312285,0.05902053620396355,0.0214351764645337
1970-01-02 12:20:00,0.9740870255306371,0.1239969961736727,0.06647785680944196,0.0214222280437247
1970-01-02 12:21:00,0.965958421089695,0.12265767507580085,0.072760126553497,0.02144256192394555
1970-01-02 12:22:00,0.9597402779947328,0.11910416162003215,0.07916679218842501,0.02141516420598775
1970-01-02 12:23:00,0.9542259939584399,0.11467806834388329,0.085584311335062,0.0210678807688603
1970-01-02 12:24:00,0.9551189521249115,0.07709225529748365,0.08730461790922729,0.021430989212726
1970-01-02 12:25:00,0.9495924679772618,0.0779654407947622,0.09231003063529855,0.02146724930828565
1970-01-02 12:26:00,0.9449301061815412,0.07788295912481115,0.09748825032517269,0.0214939078059234
1970-01-02 12:27:00,0.9397917551740078,0.07994863676567139,0.10379794079533411,0.02145350318573135
1970-01-02 12:28:00,0.9354562007612224,0.07997862864463004,0.1085056754853764,0.02146024857085035
1970-01-02 12:29:00,0.9316593721170428,0.07851287466118034,0.1123428253810055,0.02146732374989755
1970-01-02 12:30:00,0.9319612424727837,0.07639376739719185,0.11191963115013939,0.02146327323488435
1970-01-02 12:31:00,0.9304304192589591,0.07699056066047726,0.1125601752155993,0.0214694483067288
1970-01-02 12:32:00,0.9291338089375727,0.0755411532353194,0.1131719004831793,0.0214748308698268
1970-01-02 12:33:00,0.9275714294283732,0.0749555104309636,0.11463252156671436,0.02141916509327045
1970-01-02 12:34:00,0.9272528674788456,0.06415686816544006,0.1159516987726575,0.02136563747193085
1970-01-02 12:35:00,0.9262811660783723,0.059330098757818,0.11567653386774335,0.02140023961311395
1970-01-02 12:36:00,0.9248488089913303,0.0574180192017806,0.1163840600467224,0.02140329668307415
1970-01-02 12:37:00,0.9233284070699773,0.0556162620123842,0.1172560867543064,0.02138394988052735
1970-01-02 12:38:00,0.9217315400209154,0.053877465451627804,0.1184339131391636,0.02135926507182095
1970-01-02 12:39:00,0.9203664988175313,0.05026762959277895,0.1186378612575247,0.02136907097201745
1970-01-02 12:40:00,0.9190793869499125,0.04454569232089755,0.11936897197925345,0.0213504698743165
1970-01-02 12:41:00,0.9170963472425179,0.042928410870217655,0.12018800258372456,0.02108812474174145
1970-01-02 12:42:00,0.9139004929882315,0.057903081969596946,0.12108026441455094,0.02146701086822895
1970-01-02 12:43:00,0.9115337071772776,0.060569523676490794,0.1221183253757712,0.021502413219711
1970-01-02 12:44:00,0.9102373379459636,0.05224081325172905,0.12338393075281295,0.0212855771509096
1970-01-02 12:45:00,0.6222622483936677,-0.3897577612009966,0.0403291865453016,0.013800973269011767
1970-01-02 12:46:00,0.5428957098310921,-0.43861489233931267,-0.006195399074186002,0.014405598547472533
1970-01-02 12:47:00,0.5426034447128188,-0.45997352719463697,-0.005321257026641834,0.013244845455919368
1970-01-02 12:48:00,0.5424405789237656,-0.5283584542825386,-0.007532066457635833,0.013662255023041766
1970-01-02 12:49:00,0.5564293101647317,-0.5140085808375664,-0.0074776412971547,0.013408598346066334
1970-01-02 12:50:00,0.5355610678431596,-0.16555593326567913,0.4267924244937458,0.013305570618880267
1970-01-02 12:51:00,0.469884606849793,-0.15300438242412623,0.4573761727513022,0.012819179091301333
1970-01-02 12:52:00,0.5140100569594864,-0.0829063058055218,0.4773964331148566,0.014239293441221634
1970-01-02 12:53:00,0.534353217945561,-0.046079745911539634,0.4865955147942942,0.014264169900428133
1970-01-02 12:54:00,0.5178640178256,-0.024972813759428402,0.48507150701793916,0.014263930380084134
1970-01-02 12:55:00,0.5158290469376058,-0.02247692434848213,0.48576820415630184,0.014265420294472734
1970-01-02 12:56:00,0.5462101391807175,-0.012984335536590202,0.49309892309496606,0.0142719119511266
1970-01-02 12:57:00,0.5294659894684451,-0.046479639739131134,0.4854771775865247,0.014279105526160032
1970-01-02 12:58:00,0.53762225022417,-0.028017066515343966,0.49234794834309614,0.014244774430693033
1970-01-02 12:59:00,0.5415574049742355,-0.0205358823085436,0.4938639148093675,0.0143019069747782
1970-01-02 13:00:00,0.5411847476533126,-0.034369351924867335,0.4888645659341638,0.014289697451883033
1970-01-02 13:01:00,0.5295284260016768,-0.05721707550166754,0.4839407561914227,0.014293730290349834
1970-01-02 13:02:00,0.5210580057631663,-0.07571193725168375,0.471250481949895,0.014326719296527799
1970-01-02 13:03:00,0.5208412779452457,-0.0407957556741889,0.4849422066863782,0.014327928366022168
1970-01-02 13:04:00,0.5382325836440013,-0.03787582817007453,0.4774346969634508,0.014325833685054001
1970-01-02 13:05:00,0.57668750289153,-0.0383326963903977,0.48673437125153834,0.0143182521271646
1970-01-02 13:06:00,0.5792684187464312,-0.0775268672629347,0.4789772956585316,0.014300906403243767
1970-01-02 13:07:00,0.5769734392089628,-0.08429402404341241,0.47698080312552493,0.014305324763571799
1970-01-02 13:08:00,0.5789190649565332,-0.08167054965172753,0.4778159976901619,0.014306816076181799
1970-01-02 13:09:00,0.5672630819032116,-0.04330355524381476,0.48746168930524164,0.014294631958621533
1970-01-02 13:10:00,0.2548803655380007,-0.15538946220005817,0.7265630540971051,0.0
1970-01-02 13:11:00,0.2677073574581842,-0.11076660434828454,0.7308092068827691,0.0
1970-01-02 13:12:00,0.26902584106736355,-0.12847675192027963,0.7232973714761455,0.0
1970-01-02 13:13:00,0.2800654481667902,-0.14191495872107654,0.7185377611899438,0.0
1970-01-02 13:14:00,0.2835759409322638,-0.1279442293891385,0.7176832242126476,0.0
1970-01-02 13:15:00,0.27635713859240835,-0.14258051304155656,0.7117962449532428,0.0
1970-01-02 13:16:00,0.2931478043387467,-0.14729877408285605,0.7086262820411467,0.0
1970-01-02 13:17:00,0.29764541168056524,-0.14397512410893712,0.706210502250381,0.0
1970-01-02 13:18:00,0.3059066412241656,-0.15247001896464646,0.701787843710329,0.0
1970-01-02 13:19:00,0.30471528351305155,-0.1422633002214974,0.7015492000429923,0.0
1970-01-02 13:20:00,0.31073293148563824,-0.1446948547999515,0.6984468929485376,0.0
1970-01-02 13:21:00,0.31328423767488883,-0.13250316196232312,0.6974393566788644,0.0
1970-01-02 13:22:00,0.3187653593810858,-0.13818276566471308,0.6942781691958672,0.0
1970-01-02 13:23:00,0.2828655120743036,-0.12271299920061624,0.6939038978696358,0.0
1970-01-02 13:24:00,0.27712925380666825,-0.10727796527765439,0.6966584663962694,0.0
1970-01-02 13:25:00,0.2680299515015912,-0.11785812097529309,0.6895413526747186,0.0
1970-01-02 13:26:00,0.2829450443995951,-0.09303837486838057,0.6954660707709852,0.0
1970-01-02 13:27:00,0.5169662692104052,-0.1694422539808366,0.3973693053249438,0.014701986303403533
1970-01-02 13:28:00,0.6930021517298774,-0.04918729173765601,0.29891576548827553,0.02890693300731333
1970-01-02 13:29:00,0.6894633379249656,-0.04764835210977017,0.29901726796993205,0.02888731767358464
1970-01-02 13:30:00,0.6836588997285761,-0.11550082137272981,0.2934883057891495,0.018773492873012897
1970-01-02 13:31:00,0.6718875957327977,-0.20884276805723237,0.2837093415500866,0.026171344199502067
1970-01-02 13:32:00,0.6748424701884169,-0.023706635156115565,0.2961359968919657,0.014614590030852734
1970-01-02 13:33:00,0.6535862041577287,0.08169936248354105,0.30492718332233143,0.028091119540478465
1970-01-02 13:34:00,0.652640240138492,0.07160841263123396,0.30275112776136087,0.028050630429529638
1970-01-02 13:35:00,0.6301238439665992,0.005092405236916102,0.31458240811134314,0.02457803382149577
1970-01-02 13:36:00,0.6214970925545373,-0.0223320182614955,0.3187967070807337,0.025126594656710632
1970-01-02 13:37:00,0.6353440274525209,-0.083333596878706,0.3102486583906126,0.017454468073819535
1970-01-02 13:38:00,0.6613449289154268,-0.18542498672828023,0.29447358185693157,0.0260251439446884
1970-01-02 13:39:00,0.660051835232473,-0.1843270384836053,0.29423701487526294,0.0259404290014618
1970-01-02 13:40:00,0.6600296603624947,-0.17920816060330022,0.29546217937103986,0.025874312453215736
1970-01-02 13:41:00,0.661136763983301,-0.18524682195764264,0.2944368885639052,0.025831775201910934
1970-01-02 13:42:00,0.6606443258489908,-0.17928549649127842,0.29489597933413797,0.02576616388766433
1970-01-02 13:43:00,0.6583912594714546,-0.17245341171444026,0.2927858248094053,0.025945033457893802
1970-01-02 13:44:00,0.6584084748720095,-0.1740442302995552,0.29207359261408966,0.025980861238298833
1970-01-02 13:45:00,0.6561521818517162,-0.17392582047718172,0.2905465207789076,0.02601371131627267
1970-01-02 13:46:00,0.6561594783134247,-0.16420964159331627,0.2934543962156994,0.02598164229716603
1970-01-02 13:47:00,0.6558020512774508,-0.16854860401689822,0.2935095132075477,0.025959573237726564
1970-01-02 13:48:00,0.6567471488833544,-0.16253294973491092,0.29515077000650813,0.025919068037192333
1970-01-02 13:49:00,0.654014388282563,-0.16822113286265464,0.2929783736104932,0.02593058727262627
1970-01-02 13:50:00,0.6484703388288531,-0.18109303305935964,0.28556049867427896,0.025906780860699464
1970-01-02 13:51:00,0.6509233209540993,-0.059010579375353256,0.29355404288430503,0.025858336389253334
1970-01-02 13:52:00,0.6511497834735486,-0.091612940563451,0.29806913439374166,0.025824563703615033
1970-01-02 13:53:00,0.6465118496649406,-0.11042872026523014,0.2983313679912453,0.025815305674070466
1970-01-02 13:54:00,0.6458419826944819,-0.11035995888163076,0.2982737492584822,0.0258117258072622
1970-01-02 13:55:00,0.6453393334972893,-0.1115942420833741,0.2991721332738569,0.0257756996313082
1970-01-02 13:56:00,0.44755136912865656,-0.2846004444350877,0.43128554461934104,0.011035599140287266
1970-01-02 13:57:00,0.5524202015593703,-0.07711296267494154,0.40559880665581255,0.0109939669117843
1970-01-02 13:58:00,0.5172421670837043,-0.02794746320382535,0.3947604682586179,0.010977770143728265
1970-01-02 13:59:00,0.5214111289490014,-0.061552459309785625,0.40905392398275636,0.0109613087217312
1970-01-02 14:00:00,0.35489257558951753,0.21930119713237098,0.5926446895436346,0.0
1970-01-02 14:01:00,0.35560997988451737,0.22489227889269423,0.5929037764762208,0.0
1970-01-02 14:02:00,0.3723873955532175,0.21711559985346537,0.5944441076139331,0.0
1970-01-02 14:03:00,0.5194744262628834,-0.030965400228769757,0.39510387400416985,0.010952710291611668
1970-01-02 14:04:00,0.4671430161361057,0.0037807642132006714,0.3772963461005041,0.010953866944911834
1970-01-02 14:05:00,0.468370131281896,-0.009259295478469634,0.3840220388357603,0.010941250910703833
1970-01-02 14:06:00,0.5057414014810482,0.0580443835702551,0.36473888872675114,0.011532197184862732
1970-01-02 14:07:00,0.5114930117012646,0.08642479344322655,0.3501792435067946,0.013227671446668067
1970-01-02 14:08:00,0.680829867660084,0.1124565348722083,0.24596132373466173,0.027812900196464402
1970-01-02 14:09:00,0.6770170647468786,0.1068716642301239,0.24938014450599807,0.027747819178071897
1970-01-02 14:10:00,0.6829342130271562,0.10969781209976748,0.24730186996411727,0.027715261371466803
1970-01-02 14:11:00,0.6860746426784607,0.10966298091747795,0.24749097928129984,0.027697749409621136
1970-01-02 14:12:00,0.6763110939012874,0.10806783289941617,0.2486414227106145,0.027669336534440602
1970-01-02 14:13:00,0.6830357526862724,0.11298257953478436,0.2460201851408282,0.02764241536285163
1970-01-02 14:14:00,0.6757600317843697,0.10698342973958046,0.24895249107769515,0.02761829625867343
1970-01-02 14:15:00,0.6766638336743257,0.1107752132538629,0.24774031399445307,0.027596933045130567
1970-01-02 14:16:00,0.6765294831746607,0.10814657931192413,0.2481472026452799,0.027589666190558398
1970-01-02 14:17:00,0.6894442901100052,0.10833286303475982,0.25048612055616676,0.027587672627958665
1970-01-02 14:18:00,0.6888639325997404,0.10154139664013624,0.2540904701714496,0.0276064984505692
1970-01-02 14:19:00,0.6764264961737315,0.13288392321084483,0.23775860381898717,0.0273885862627866
1970-01-02 14:20:00,0.6787925216045044,-0.0711865071971636,0.2412856060316705,0.025327607450879298
1970-01-02 14:21:00,0.6543377496724712,-0.21691347896660307,0.2689615559047435,0.026056446606843336
1970-01-02 14:22:00,0.670385978601856,-0.09352515289927303,0.2446326468395601,0.025968565395276467
1970-01-02 14:23:00,0.6685176462184437,-0.07654726641311212,0.25149263683056355,0.02587281299470683
1970-01-02 14:24:00,0.6730191912983198,-0.08363089023182431,0.2535345426827608,0.025824799379819564
1970-01-02 14:25:00,0.678500683053715,-0.081808414926677,0.25179962306469644,0.025816912936460434
1970-01-02 14:26:00,0.6704511986124045,-0.08362087483277032,0.25202425841439985,0.02579504577872487
1970-01-02 14:27:00,0.6716934095996955,-0.09410362993061623,0.2561470585869721,0.025789049848385034
1970-01-02 14:28:00,0.6838580054960056,-0.056867348092551756,0.2532316680909705,0.023291493416035435
1970-01-02 14:29:00,0.5350066977534974,0.1189076025540385,0.4358921332861852,0.0141569957247664
1970-01-02 14:30:00,0.5458241769378076,0.10832422441562968,0.4375100006109429,0.014115094049901133
1970-01-02 14:31:00,0.5319036632983464,0.10119127948082146,0.4379668945706736,0.0141005914471898
1970-01-02 14:32:00,0.5218256380174172,-0.1336767814111904,0.45086571662350483,0.014080084777708099
1970-01-02 14:33:00,0.5142103677385631,-0.1412303275510479,0.4523346893785527,0.014064823500989665
1970-01-02 14:34:00,0.5025675800607149,-0.1096612447575004,0.45605657163451335,0.0140675336903079
1970-01-02 14:35:00,0.5043410634213046,-0.11010668874147,0.45453427048482437,0.014063529013872466
1970-01-02 14:36:00,0.5245405840314216,-0.212900939927249,0.42888502912562515,0.014049698020966834
1970-01-02 14:37:00,0.30813809195251884,-0.0396569925970638,0.5983015024644032,0.0
1970-01-02 14:38:00,0.3044304287795942,0.021144889756019303,0.5868857967051321,0.0
1970-01-02 14:39:00,0.3126329974405907,0.06473390337249056,0.6012829398391139,0.0
1970-01-02 14:40:00,0.2904267924033006,-0.017276997972168872,0.6049809747599536,0.0
1970-01-02 14:41:00,0.2638083948540597,0.015824167338164833,0.604023923084392,0.0
1970-01-02 14:42:00,0.24038035857053205,0.01621949744039743,0.602338477279294,0.0
1970-01-02 14:43:00,0.24262713413055437,-0.006509728437987967,0.6033274404314687,0.0
1970-01-02 14:44:00,0.23715793917217887,-0.007964835265223902,0.6038188575879454,0.0
1970-01-02 14:45:00,0.2341595605675911,-0.015214022684407332,0.6043487798834543,0.0
1970-01-02 14:46:00,0.2567641765594399,0.0138525889303377,0.6131929236938385,0.0
1970-01-02 14:47:00,0.26324362168595694,0.007630710858773033,0.6158500933419654,0.0
1970-01-02 14:48:00,0.32527105406481444,0.07167949566977096,0.5434822948331287,0.0
1970-01-02 14:49:00,0.3647691487447033,0.3342286259065323,0.32542915832446284,0.005658206313374966
1970-01-02 14:50:00,0.5393474934487791,0.11664498231324394,0.35266774439423515,0.0
1970-01-02 14:51:00,0.6348574507888692,-0.026501540287947434,0.3683201720887206,0.012465266813795367
1970-01-02 14:52:00,0.6307841816902503,-0.0476358576793993,0.3679233080110336,0.012292149190415234
1970-01-02 14:53:00,0.6277008268478265,-0.0530410321758781,0.3700529054166817,0.012223711227824133
1970-01-02 14:54:00,0.6255434419080932,-0.052914107479924,0.37204500386910183,0.012280392468989501
1970-01-02 14:55:00,1.0347374812216366,-0.06133263513583911,0.04769930052602756,0.04003379825920203
1970-01-02 14:56:00,1.0349038524991174,0.0012332455551095332,0.0572308743931725,0.0388234716192156
1970-01-02 14:57:00,1.0349184470823296,-0.02068118826911103,0.05353429152502281,0.03940708652032537
1970-01-02 14:58:00,1.033760520518504,-0.0465954967820624,0.04903304647939197,0.0396037369937532
1970-01-02 14:59:00,1.0232573203222668,-0.115500664460312,0.04999978900782714,0.03290340507181063
1970-01-02 15:00:00,1.014695403848161,-0.14349763100110582,-0.0064480519548437655,0.04083758963898973
1970-01-02 15:01:00,1.0005233382180987,-0.24534147717015364,0.008882196682759103,0.03650042075047233
1970-01-02 15:02:00,0.995942591009059,-0.26708898823921784,0.010326875008830297,0.03796344608481353
1970-01-02 15:03:00,0.9976202062322926,-0.25877971646343184,0.0057618076998844315,0.03742798646498597
1970-01-02 15:04:00,1.007061040939864,-0.22108704220398856,-0.005846952140355234,0.039608887940200864
1970-01-02 15:05:00,1.0069751863497067,-0.22098553168028845,-0.006119382873174137,0.039627711617166196
1970-01-02 15:06:00,1.006975929938161,-0.22077259984211275,-0.006263178875226233,0.03966101178799707
1970-01-02 15:07:00,1.005581223565082,-0.22618492756491534,-0.0041082323680046344,0.03944238021479204
1970-01-02 15:08:00,0.947297588696406,-0.11861816831965227,0.0732071525382619,0.0253808256228108
1970-01-02 15:09:00,0.7143368796208661,-0.12083590431799036,0.3222455651371577,0.026462402156557364
1970-01-02 15:10:00,0.7124412834339909,-0.015915673779215694,0.3240521335658031,0.026482682058986268
1970-01-02 15:11:00,0.7107599270313463,-0.027892697395555,0.3271239435271892,0.026466113681808633
1970-01-02 15:12:00,0.8076960034699238,-0.10920679433819552,0.23970099415544466,0.026454811977639436
1970-01-02 15:13:00,1.0278062326506043,-0.11598376405009143,0.013807098273107934,0.041324634711745266
1970-01-02 15:14:00,1.0272489861350682,-0.08605409038703547,0.01750620255510243,0.0409971576940256
1970-01-02 15:15:00,0.9022754953954255,0.010127319788629102,0.154038231001359,0.02766037567027857
1970-01-02 15:16:00,0.7171982677458972,-0.0001946456361967691,0.3293778973327957,0.02785134078248293
1970-01-02 15:17:00,0.7126883971310051,0.06721709207701802,0.33145006342995237,0.02801088195043297
1970-01-02 15:18:00,0.7140223383850796,0.025042300652056305,0.33289978786253477,0.0279581454071867
1970-01-02 15:19:00,0.975167854935623,-0.04733098409055614,0.08596682795813314,0.02794782455896963
1970-01-02 15:20:00,1.0047587085076348,-0.1373338581456429,0.03609388508386554,0.0352304125401436
1970-01-02 15:21:00,0.9736261305024242,-0.19699539459151738,0.04720453945512157,0.036508481158234234
1970-01-02 15:22:00,0.9834124417172383,-0.1788122385158322,0.0434208546899791,0.0351479565594267
1970-01-02 15:23:00,1.0105816633843743,-0.13682025849375112,0.023620722935777435,0.03940658555887553
1970-01-02 15:24:00,1.0114834038081242,-0.16213538091067123,0.0032285638665782387,0.04027792317012457
1970-01-02 15:25:00,1.0110993470106286,-0.16512748137804933,0.0023622663998191054,0.0402187387773219
1970-01-02 15:26:00,1.0108368934821517,-0.1662844016961297,0.0015822970281445987,0.04022361433714237
1970-01-02 15:27:00,0.9956464303503786,-0.2526607193256399,0.0541735535446346,0.03423442063351017
1970-01-02 15:28:00,1.001074455108273,-0.184397839728636,0.0515702691627641,0.022476698441764902
1970-01-02 15:29:00,1.0225472248844683,0.07690598001079953,0.0557501519807605,0.03732119542316716
1970-01-02 15:30:00,1.023703926519099,0.05878988965226343,0.05760656341663859,0.03718978004419977
1970-01-02 15:31:00,1.0287109142322584,0.0529736120002309,0.05256524234556046,0.038958589174840165
1970-01-02 15:32:00,1.0291678875127643,0.07561599290073957,0.057762707461004835,0.03908883791517923
1970-01-02 15:33:00,1.0185321908086111,0.0828836294303052,0.050518554331994335,0.02783648022931483
1970-01-02 15:34:00,0.6807138230467208,0.5788238111609628,0.003701176497273933,0.022200489264114564
1970-01-02 15:35:00,1.0196182897153774,0.0622916635866278,0.08565740719892893,0.028761773574392968
1970-01-02 15:36:00,1.0202034124989736,-0.06992876305811474,0.08716854887915004,0.03489512317933236
1970-01-02 15:37:00,1.021751454114443,-0.0529170982213708,0.06356701360763771,0.035421866413132434
1970-01-02 15:38:00,0.9938766317361477,0.01786691850077136,0.0662393106274869,0.0206896677992815
1970-01-02 15:39:00,1.0222203231504234,-0.10805341382928213,0.05200633932622909,0.036184363585182504
1970-01-02 15:40:00,1.0227711031020794,-0.14379024735183563,0.0451905150627804,0.0381472048715091
1970-01-02 15:41:00,1.0176094307326602,-0.18163694042910963,0.049057991754465236,0.037278477730763565
1970-01-02 15:42:00,1.0168694539936471,-0.19391386416937903,0.04747411925252034,0.03825249576415727
1970-01-02 15:43:00,1.0200754621713624,-0.16922431275590366,0.03940232596394234,0.03775496597263613
1970-01-02 15:44:00,1.0211718833473198,-0.16030844794307442,0.040194328611053036,0.03815343304285283
1970-01-02 15:45:00,1.0179972652250713,-0.18429795232048332,0.0444668020734757,0.038207774222126366
1970-01-02 15:46:00,1.018102190867328,-0.18338798683955504,0.04425614434044384,0.0382246389330788
1970-01-02 15:47:00,1.0317091276122792,-0.06315109314564483,0.03270822795405493,0.035357488026375866
1970-01-02 15:48:00,1.0365764335621233,-0.022421139453111204,0.029642777267248833,0.04103942927998347
1970-01-02 15:49:00,1.0374457150220033,-0.012177962621550733,0.028733415757007566,0.0413935659630899
1970-01-02 15:50:00,1.0375516763767505,-0.008605360446470934,0.0300435541945298,0.04147099061868397
1970-01-02 15:51:00,1.0338918070353864,0.012773430062003365,0.03535405996499854,0.0390954262555279
1970-01-02 15:52:00,1.0279736462797577,0.06036963831938757,0.0486809010347459,0.038954263255691235
1970-01-02 15:53:00,1.027598080996844,0.05400670311221794,0.0496805219472238,0.038649107661776004
1970-01-02 15:54:00,1.0260207257302747,0.05833862472376276,0.0512716685149876,0.03648989872830697
1970-01-02 15:55:00,1.0277791813009853,0.1637127438341528,0.0494310987058861,0.042998896028292495
1970-01-02 15:56:00,1.0303916913662188,0.0248403189385201,0.0704339333881873,0.03376009902321216
1970-01-02 15:57:00,1.0303738153669921,-0.090853373104132,0.07137651755874401,0.03816280152476773
1970-01-02 15:58:00,1.025650622834868,-0.051307667798829226,0.07147280179575283,0.032657810519793766
1970-01-02 15:59:00,1.027511638839024,-0.004058185367859125,0.079419145728792,0.03775275978104717
1970-01-02 16:00:00,0.9145335759625283,0.12128990762126608,0.048571893330344534,0.013749258547485634
1970-01-02 16:01:00,0.7247387791685617,0.39588261977684674,-0.0004943069541081658,0.02315277199924747
1970-01-02 16:02:00,0.7299207375605015,0.3917667058243124,0.0099987174233372,0.02303123565098697
1970-01-02 16:03:00,0.6799108919182312,0.2946598616403396,0.010582875566387333,0.019023428328494133
1970-01-02 16:04:00,0.6799315862504832,0.2659558224365151,0.007465168659618066,0.020069821785333602
1970-01-02 16:05:00,0.6894254447901148,0.25967773129215344,0.0075397684096794,0.020487535793054203
1970-01-02 16:06:00,0.7849857116291687,0.14845883214829225,0.0328182143867172,0.0110593585985379
1970-01-02 16:07:00,1.0186352143250446,-0.0006464943463807643,0.06549982978489254,0.03384192751004193
1970-01-02 16:08:00,1.0189308903233931,0.028629090746719234,0.05667471082932524,0.0342793601312533
1970-01-02 16:09:00,0.9956702218613268,-0.11148407100654993,0.06147043012569261,0.02682961794925327
1970-01-02 16:10:00,0.9891033565298675,-0.10282300159007146,0.06409952047331803,0.02563042525558103
1970-01-02 16:11:00,0.9893283401713862,-0.11314555079658073,0.0667737798679216,0.025329931483210864
1970-01-02 16:12:00,0.99661645476746,-0.08877391406493625,0.05770241976742283,0.020228055127739966
1970-01-02 16:13:00,1.0362032583849552,0.10881378103576274,0.012469357075569334,0.04403509672086673
1970-01-02 16:14:00,1.0076316903053304,0.2052690742441491,0.0102614444834985,0.0355615104760956
1970-01-02 16:15:00,0.8502247832709872,0.3860843098964937,-0.01885533273962393,0.015728989915317966
1970-01-02 16:16:00,0.752878171314797,0.49872019397500944,-0.03212005161507914,0.0251664200166473
1970-01-02 16:17:00,0.7291919544833997,0.3439061102663284,-0.012292944995206133,0.022681989586700035
1970-01-02 16:18:00,0.7652651682105834,0.2745246222896401,-0.012126487417356335,0.0135861172173721
1970-01-02 16:19:00,1.0264998274064807,-0.06129767741127723,-0.02626709595229237,0.0417048728631761
1970-01-02 16:20:00,1.0172365609578933,-0.07576979744032236,-0.0178700173259821,0.04044794453359393
1970-01-02 16:21:00,0.9926572280009802,-0.054885797340368164,-0.0219958536873974,0.036525857224410534
1970-01-02 16:22:00,1.0275385906009034,0.0535496391731801,-0.0412271197227001,0.034186872518149
1970-01-02 16:23:00,1.0288649432692336,-0.003991193888843235,-0.033616630408965065,0.042720188785767894
1970-01-02 16:24:00,1.023493217120231,-0.013701271747948064,-0.030006306780645434,0.04152638254389363
1970-01-02 16:25:00,0.8305807116177095,0.22534560135490914,-0.06806346829484554,0.033636901938427166
1970-01-02 16:26:00,0.8049703169182226,0.13655294722304342,-0.0469132259884505,0.03551771241122
1970-01-02 16:27:00,0.8223337181323914,0.2156586722955045,-0.06594548722284677,0.03605653072394704
1970-01-02 16:28:00,0.8277207177210304,0.23913009067565708,-0.06952324231576913,0.038848470724604865
1970-01-02 16:29:00,0.8446524957137637,0.3042929832382835,-0.0720341377007447,0.03583390460237184
1970-01-02 16:30:00,0.8587726130593515,0.29964946224791633,-0.07042478383638767,0.03796730085076597
1970-01-02 16:31:00,0.846205712572092,0.23477597354953086,-0.06909772995800019,0.0396344336281047
1970-01-02 16:32:00,0.8444718103585361,0.2346233838157633,-0.06985348523182823,0.0396104683392669
1970-01-02 16:33:00,0.7801951878264203,0.07612332617930138,0.11108411001486661,0.02770493292891027
1970-01-02 16:34:00,0.6767061119893024,-0.12803920000733957,0.2660331583232771,0.027314019414695533
1970-01-02 16:35:00,0.6398970361565398,-0.2275398477330266,0.2793225798410039,0.01823934514092593
1970-01-02 16:36:00,0.6109901047046107,-0.329272380570338,0.28085508796247294,0.022203041879377602
1970-01-02 16:37:00,0.6002977608344776,-0.3372677633957862,0.27956675696771,0.022008478006728168
1970-01-02 16:38:00,0.6292735505690356,-0.3292422533861217,0.2815177181439468,0.021881971135286633
1970-01-02 16:39:00,0.6336796142439436,-0.2947126736359239,0.27787019956288916,0.021616438314177002
1970-01-02 16:40:00,0.6488979652623466,-0.24414259543454084,0.26695560888952424,0.0236353154936637
1970-01-02 16:41:00,0.6385186223376303,-0.2207485534358935,0.26520163931770396,0.023950213633019236
1970-01-02 16:42:00,0.6397185151748492,-0.200306091381767,0.260586501123421,0.016337008134373734
1970-01-02 16:43:00,0.6935093653651269,-0.0916136154555705,0.24527128260423772,0.02979382488497967
1970-01-02 16:44:00,0.6866141360196486,-0.12125418558137878,0.2537603911964728,0.027036365328345097
1970-01-02 16:45:00,0.6718634058708917,-0.15957976017268502,0.2623427494762845,0.027001089094201364
1970-01-02 16:46:00,0.6355797283945973,-0.16062261359918123,0.252147804413974,0.027061837987612736
1970-01-02 16:47:00,0.6251253959020953,-0.16758996025461773,0.24976746842807065,0.0269824192895867
1970-01-02 16:48:00,0.6241298006731214,-0.17756176802660165,0.2533803069125918,0.026794036030787737
1970-01-02 16:49:00,0.6236070613092957,-0.18808541146351,0.2560559401334645,0.026498565882038732
1970-01-02 16:50:00,0.6354763961561715,-0.19494780901989728,0.25774183153147495,0.0263534382452069
1970-01-02 16:51:00,0.626616732258737,-0.18238353140020014,0.2562908513102026,0.026618231543081728
1970-01-02 16:52:00,0.6194056637172684,-0.09813372797569035,0.25947172143713626,0.014980030043855367
1970-01-02 16:53:00,0.671342980262212,-0.15668450672446108,0.2547511002717203,0.023994202464867064
1970-01-02 16:54:00,0.7040556604958041,-0.17226568709692933,0.23787703813561722,0.0286900861490957
1970-01-02 16:55:00,0.696428667080224,-0.24436738512725684,0.24310682095660294,0.0272653303019884
1970-01-02 16:56:00,0.6970697797507199,-0.18088510217178969,0.24764939882788758,0.02790563954198763
1970-01-02 16:57:00,0.7293420863201722,-0.16573080456277337,0.23499818682802456,0.0287098362057208
1970-01-02 16:58:00,0.809102112639167,-0.28518680083192655,0.17612011441107137,0.028692746411455267
1970-01-02 16:59:00,0.7080484084953739,-0.18718344514142846,0.22968560064522228,0.02722151620317803
1970-01-02 17:00:00,0.6819679862225382,-0.25194961586942516,0.2150570657430987,0.027593206580417234
1970-01-02 17:01:00,0.6904764672352606,-0.1716132317659027,0.23953352506111755,0.028128280172249432
1970-01-02 17:02:00,0.6884264237429049,-0.201233183937459,0.2297630562489362,0.028994896964635836
1970-01-02 17:03:00,0.654317403897307,-0.27579204606891355,0.24022838605935926,0.02319371412612223
1970-01-02 17:04:00,0.6602693116182348,-0.29177198307575186,0.21248481376868492,0.026494972678385464
1970-01-02 17:05:00,0.6684359842721163,-0.29417834467258047,0.20668852925920597,0.0275614652511086
1970-01-02 17:06:00,0.6775225289575056,-0.13168880062433783,0.22021591781544367,0.019413122524355633
1970-01-02 17:07:00,0.6908780813512166,-0.11164158239109923,0.21981211781460627,0.020280978684743434
1970-01-02 17:08:00,0.6802997886798628,-0.19899439467945176,0.2384257981201906,0.027846697922458735
1970-01-02 17:09:00,0.7143490293250759,-0.18465952408629704,0.2502882305546196,0.027585471787958334
1970-01-02 17:10:00,0.6890390675982907,-0.23722015610073852,0.23673281463096255,0.027750726313899965
1970-01-02 17:11:00,0.6750937001786608,-0.276609704867422,0.23031596722171185,0.027459054465523866
1970-01-02 17:12:00,0.6802729829800013,-0.25766442011682417,0.22534344402579468,0.027488272756660232
1970-01-02 17:13:00,0.685933500294967,-0.3383018904671768,0.1555798903140386,0.027422561560381333
1970-01-02 17:14:00,0.684663497689194,-0.11165231317579993,0.25055043792155013,0.0274753221515735
1970-01-02 17:15:00,0.6848918092210052,-0.1884225268261417,0.2535158566782074,0.026912740831692965
1970-01-02 17:16:00,0.6900683135244158,-0.1720703463218495,0.2544406942266118,0.026980989527834603
1970-01-02 17:17:00,0.6781567468368418,-0.21891805028898428,0.2572659564732427,0.025808742331777632
1970-01-02 17:18:00,0.6757465874395477,-0.20005581101369593,0.25425953933073947,0.026617348003993402
1970-01-02 17:19:00,0.6726062241800695,-0.19642657526640483,0.250169747055665,0.026949446714886634
1970-01-02 17:20:00,0.691903420118365,-0.18945886416922378,0.2531552748254694,0.02697165055350807
1970-01-02 17:21:00,0.6918018904180228,-0.19728451162660743,0.2531972011178409,0.026811917523822736
1970-01-02 17:22:00,0.6710269120144208,-0.20054968356893346,0.2560666553225996,0.0266163264197861
1970-01-02 17:23:00,0.6639605643758824,-0.1689835348688757,0.2518387918680646,0.026584776474167904
1970-01-02 17:24:00,0.6600056597172935,-0.15244885003761718,0.25342778752882944,0.026567286806486835
1970-01-02 17:25:00,0.6566169976667019,-0.17351788530998594,0.2630780055571896,0.023976998644728836
1970-01-02 17:26:00,0.6678945722071488,-0.1446758137954123,0.24437267562899123,0.026015404168343536
1970-01-02 17:27:00,0.6747605825098802,-0.2486136308714563,0.20545794159242867,0.0280588223813721
1970-01-02 17:28:00,0.6813816966025952,-0.26706746930398634,0.20004632515949003,0.0278474468811318
1970-01-02 17:29:00,0.6869249559935721,-0.18939154705476022,0.23430730631925956,0.027795633225536066
1970-01-02 17:30:00,0.6973839193159576,-0.13781254225373016,0.23402654082181973,0.027823218158350867
1970-01-02 17:31:00,0.7138052072368142,-0.14809781379401665,0.2386073169652656,0.027744044189438866
1970-01-02 17:32:00,0.7363969880078597,-0.18826387318668006,0.2370802090630454,0.027735395027452498
1970-01-02 17:33:00,0.7343735078851991,-0.19378703506781425,0.23656455206179736,0.027679763452878533
1970-01-02 17:34:00,0.7392404835357075,-0.16536429427387497,0.24143885815534602,0.025473356513570664
1970-01-02 17:35:00,0.7225209668507816,-0.2206185084733792,0.2548091091842591,0.02563011597364027
1970-01-02 17:36:00,0.7192855736507541,-0.22515383750806275,0.2540294086759595,0.025625926789052834
1970-01-02 17:37:00,0.7188209370936994,-0.21937901847893362,0.2539488119611099,0.025577950192627597
1970-01-02 17:38:00,0.7015406119717577,-0.2320226634118887,0.2509271482979587,0.025752772297839368
1970-01-02 17:39:00,0.6938283847295964,-0.2025431495414877,0.2529819071310033,0.0257512653976977
1970-01-02 17:40:00,0.6932722303596028,-0.25027027843391125,0.2758471895598306,0.023107754802611267
1970-01-02 17:41:00,0.8345503154266373,-0.34690791905684604,0.09210076552058838,0.023108008481652
1970-01-02 17:42:00,0.9466733495085599,-0.41556320286614473,-0.04944899451442313,0.03506389086724306
1970-01-02 17:43:00,0.9557352395892592,-0.3918728191122678,-0.05782509851867193,0.035341904991918964
1970-01-02 17:44:00,0.9751491789148897,-0.2629311128691511,-0.0731692526388702,0.037167772541417066
1970-01-02 17:45:00,0.9739358948463098,-0.31861732888883393,-0.06542858426937377,0.0374183079091649
1970-01-02 17:46:00,0.9716289747388848,-0.3377307022707246,-0.062077615433153766,0.03768535970624687
1970-01-02 17:47:00,0.9712827811999181,-0.3384188222758084,-0.0629082294839531,0.037689563463974396
1970-01-02 17:48:00,0.9708324255246966,-0.33796499444448375,-0.0677688268242051,0.037768082896062365
1970-01-02 17:49:00,0.9631212638713471,-0.3670566511882454,-0.059125436558297995,0.03518624090832167
1970-01-02 17:50:00,0.9667526245625057,-0.3623832122302189,-0.055592735753596134,0.035594879570713535
1970-01-02 17:51:00,0.9816381832320767,-0.31572234877191846,-0.07398829900690687,0.0387815891631389
1970-01-02 17:52:00,0.9826086491548027,-0.31237985106499605,-0.07410907440219117,0.0388773056446672
1970-01-02 17:53:00,0.9787859936945771,-0.3268258223988696,-0.06981552631364697,0.03797680161107544
1970-01-02 17:54:00,0.970022181336542,-0.34042921454272057,-0.07966160475295621,0.034663196349365495
1970-01-02 17:55:00,0.9790170306108571,-0.3074770449584528,-0.07413936415654533,0.03499831656021154
1970-01-02 17:56:00,0.9762315217040842,-0.3195903141086546,-0.07564273994770083,0.035264728056432104
1970-01-02 17:57:00,0.9757093632687387,-0.32218778153251304,-0.07780712126420523,0.0354084863325702
1970-01-02 17:58:00,0.9759659660175243,-0.32192590989228886,-0.07556591223833191,0.0353517391841679
1970-01-02 17:59:00,0.9755599019894117,-0.3220388210311183,-0.0780116459613506,0.035329736559404405
1970-01-02 18:00:00,0.9982271022153183,-0.2484495696588868,-0.10495904002554961,0.034453448654520366
1970-01-02 18:01:00,0.9756217459755939,-0.3155428679616477,-0.07920142869275897,0.03713002360084177
1970-01-02 18:02:00,1.0147478733084723,-0.19669357946119814,-0.10264597070509913,0.04148157713992397
1970-01-02 18:03:00,1.0151427752107909,-0.1351210623576198,-0.12439103716135463,0.04124723395212093
1970-01-02 18:04:00,0.999050910253582,-0.06383302438999243,-0.15765252200386873,0.04493853102995333
1970-01-02 18:05:00,0.9971045044020531,-0.060413126680340455,-0.16039235455254564,0.0449612471970833
1970-01-02 18:06:00,0.9957202846179353,-0.05999008067858813,-0.16672839868118314,0.045125312125490834
1970-01-02 18:07:00,0.9979219504435634,-0.07056072697716184,-0.1588590824656333,0.0437473845404611
1970-01-02 18:08:00,1.0144327113091096,-0.15512469943223903,-0.12571629752430238,0.04206758537679647
1970-01-02 18:09:00,1.013427482626142,-0.1905252747051525,-0.12146958084531013,0.04307009543099174
1970-01-02 18:10:00,1.0117189354510436,-0.1983720901538656,-0.12066251857038507,0.04291092852855607
1970-01-02 18:11:00,1.0107543236276,-0.2362876222273327,-0.07758811237244423,0.04163449453296713
1970-01-02 18:12:00,1.0140863351926208,-0.22061865694964553,-0.07884077634535563,0.04198729664035067
1970-01-02 18:13:00,1.0112589197650983,-0.2331282008184479,-0.0793373850322585,0.04185569004486273
1970-01-02 18:14:00,1.011798685312774,-0.23221717744412215,-0.07467277597699971,0.0417709363223406
1970-01-02 18:15:00,1.0110272388481034,-0.23540328914910455,-0.0756958224307185,0.04176791389735443
1970-01-02 18:16:00,1.0074543743352868,-0.24807065654006152,-0.07519215608022534,0.041012518453168605
1970-01-02 18:17:00,1.0064841607015005,-0.25301676372499454,-0.07662299286072323,0.04131141333997847
1970-01-02 18:18:00,1.0023673927704353,-0.26942551537397696,-0.06661771451527483,0.04027390491767937
1970-01-02 18:19:00,0.9951784874803752,-0.29535471538154606,-0.06076970987317156,0.039914232480788334
1970-01-02 18:20:00,1.0023698476082121,-0.26326155017426,-0.0693628210485673,0.0389714628616406
1970-01-02 18:21:00,0.9634271127572779,-0.3555296405755249,-0.0602224237189275,0.030635414129067163
1970-01-02 18:22:00,1.016184683717984,-0.2076941455377617,-0.07729340696478172,0.0419603958475906
1970-01-02 18:23:00,1.0161165955805398,-0.20583302253538882,-0.07958855916435449,0.0418618254191683
1970-01-02 18:24:00,1.016514309176702,-0.20514388344320456,-0.08352921423691763,0.04214376772743847
1970-01-02 18:25:00,1.016597619300117,-0.20532542604890044,-0.08581591691311184,0.04236614185408003
1970-01-02 18:26:00,1.0124566316308234,-0.058810698263539136,-0.08871033114764126,0.032615634508705
1970-01-02 18:27:00,0.9983985574468969,-0.007761252625797702,-0.1273827717405326,0.0424512548772732
1970-01-02 18:28:00,1.0175269953215567,-0.1659493076353959,-0.12062271367561779,0.0426287696575596
1970-01-02 18:29:00,1.0087621555500101,-0.22011781782050396,-0.12809453342494223,0.041277821462938236
1970-01-02 18:30:00,1.0088189504378031,-0.1508533308288896,-0.1460044933562007,0.035832498851891464
1970-01-02 18:31:00,0.9991778912605298,-0.050893560743200235,-0.14987123231301544,0.02918156882968857
1970-01-02 18:32:00,1.0120150546148323,-0.19176529280268162,-0.12472203748521364,0.040867673241938435
1970-01-02 18:33:00,1.0077317510865162,-0.21766514512643245,-0.12845012655054774,0.04103030544396637
1970-01-02 18:34:00,1.0080758566025465,-0.21616351859660574,-0.12382803069673474,0.04080896656532703
1970-01-02 18:35:00,0.9884512261358002,-0.09005474963785526,-0.13234176651834353,0.016313506654417668
1970-01-02 18:36:00,0.9918272056877763,-0.08953372448541824,-0.12575160551518386,0.022132280634137937
1970-01-02 18:37:00,0.9698847950706204,0.1054503684220558,-0.15924220621717886,0.015772265712168967
1970-01-02 18:38:00,1.020242211882253,0.07983091858890144,-0.2047656905362161,0.046388253460490435
1970-01-02 18:39:00,1.0252023983372702,-0.0198430937372229,-0.19671843922764895,0.045604667278005134
1970-01-02 18:40:00,1.0198138800356054,0.028698962327855234,-0.21014667457793865,0.04254366090386907
1970-01-02 18:41:00,1.016441037497421,0.07771724758093583,-0.21709784368065013,0.04349086925202907
1970-01-02 18:42:00,0.9874350079457871,0.13388024113846833,-0.20096181150856363,0.021398855981283566
1970-01-02 18:43:00,0.945962117110736,0.2822388264985543,-0.1943067741009301,0.027846172070414
1970-01-02 18:44:00,1.0143385610602589,0.0689809715611164,-0.19914954120907793,0.037655486032799064
1970-01-02 18:45:00,1.0181912770796293,0.055560576415478825,-0.19880849129687775,0.04046667474178257
1970-01-02 18:46:00,0.9925178815163873,0.16680686943047215,-0.19252540505603535,0.0311282562911649
1970-01-02 18:47:00,1.0121424173747813,0.09253718001270754,-0.1855727014647942,0.0358800749690563
1970-01-02 18:48:00,1.0034158823674084,0.14508443060364876,-0.1890517410744581,0.036135319690401534
1970-01-02 18:49:00,0.9823789533534136,0.23159244330690565,-0.200003739823968,0.0409290351180692
1970-01-02 18:50:00,1.0151943384226731,0.04979679355973443,-0.19747946684668183,0.0370334878735405
1970-01-02 18:51:00,1.0161111232342586,0.12084150254812193,-0.20589209856346394,0.04637175591898146
1970-01-02 18:52:00,1.014823817258761,0.11965448541597062,-0.212295356896408,0.0459030226119631
1970-01-02 18:53:00,1.0140443141459707,-0.010162797180123037,-0.19890370827744122,0.036900308672862696
1970-01-02 18:54:00,1.0077771431781455,0.13321788345281774,-0.21285431401629654,0.04138030215997646
1970-01-02 18:55:00,1.0240043030587482,0.0035802908835516644,-0.20359570696930943,0.04608728248183416
1970-01-02 18:56:00,1.0106456219502233,-0.17112660080310782,-0.13056654034580029,0.04155477614629696
1970-01-02 18:57:00,0.9695210840482891,-0.13516667156705833,-0.102760529454545,0.0258779627093659
1970-01-02 18:58:00,0.9773105548607387,-0.11202957112170199,-0.11107119801522956,0.02616592385865593
1970-01-02 18:59:00,1.0138041931680597,-0.0815809290399434,-0.14807740866410316,0.036097595938433764
1970-01-02 19:00:00,0.9976627467949832,0.023951658114575464,-0.13300960346858934,0.031964610099062866
1970-01-02 19:01:00,0.8196938596141168,-0.022229454906088946,0.08145901215392624,0.027746433084598565
1970-01-02 19:02:00,0.71315472667963,-0.026664532090875298,0.1872377526724307,0.0306184426269083
1970-01-02 19:03:00,0.7052561209831375,-0.0698939740565827,0.1782838973426256,0.029854513240309532
1970-01-02 19:04:00,0.6780150699991466,-0.0744265090378914,0.21256875488161212,0.016533810889458933
1970-01-02 19:05:00,0.566546944809221,0.28071469569100155,0.14867994788129388,0.028321257866332234
1970-01-02 19:06:00,0.6114324999998605,0.15922821899099807,0.24782325178795703,0.015948507622384332
1970-01-02 19:07:00,0.1931119067135778,-0.012627143820632363,0.878534330788912,0.0
1970-01-02 19:08:00,0.13484603165843245,-0.0643858588952537,0.9119808264215528,0.0
1970-01-02 19:09:00,0.1302489022662576,-0.039687422527024625,0.9111840629254138,0.0
1970-01-02 19:10:00,0.1231693127779671,0.047890182828504636,0.9181633266113884,0.0
1970-01-02 19:11:00,0.11228055532896027,0.1614329430692714,0.9170396777125545,0.0
1970-01-02 19:12:00,0.10098943685595163,0.10604403727500983,0.9077286177163056,0.0
1970-01-02 19:13:00,0.1146122395875886,0.0297175145763571,0.9186807476186813,0.0
1970-01-02 19:14:00,0.1061047112975733,-0.16338326318862328,0.9016528694015796,0.0
1970-01-02 19:15:00,0.1229810521153608,-0.16939428096174936,0.8941408660535881,0.0
1970-01-02 19:16:00,0.1032894787701738,-0.10126566609023724,0.9111047449510057,0.0
1970-01-02 19:17:00,0.0696676388262449,-0.14827592794774522,0.8868645017807396,0.0
1970-01-02 19:18:00,0.05764174541381264,-0.047605378354058404,0.9069597668288285,0.0
1970-01-02 19:19:00,0.08998702987871454,-0.05085544283628853,0.9052920532180164,0.0
1970-01-02 19:20:00,0.09489672534984421,0.10066486700204025,0.9249539859187136,0.0
1970-01-02 19:21:00,0.0723335163012395,0.1176010046616864,0.9017062387814913,0.0
1970-01-02 19:22:00,0.0752470950409111,0.08887242638039532,0.9026186758264353,0.0
1970-01-02 19:23:00,0.10552329815727067,0.07175406447401263,0.9163078447214464,0.0
1970-01-02 19:24:00,0.10188427916895075,0.04235331726288313,0.9233697707799068,0.0
1970-01-02 19:25:00,0.10372009615544132,0.09043897247043094,0.928456019904572,0.0
1970-01-02 19:26:00,0.08450776556909102,-0.024700339564006264,0.9019091486589765,0.0
1970-01-02 19:27:00,0.0856919501002114,0.014735226721848104,0.9306669260608046,0.0
1970-01-02 19:28:00,0.08521718547005741,-0.02997183417376363,0.922855884342347,0.0
1970-01-02 19:29:00,0.08859343888831694,-0.007952442814342403,0.918359780489055,0.0
1970-01-02 19:30:00,0.11368782967475462,0.0816674569585897,0.9331494924267697,0.0
1970-01-02 19:31:00,0.12636217869366947,0.05096391149774116,0.9318722012244844,0.0
1970-01-02 19:32:00,0.15026635657116033,0.02865855822388866,0.9100290881645862,0.0
1970-01-02 19:33:00,0.1748234150703555,0.054624418371391203,0.9188348227265896,0.0
1970-01-02 19:34:00,0.15660955447905722,0.05657788011355957,0.9133933198343591,0.0
1970-01-02 19:35:00,0.11153960263010099,-0.011037064242388294,0.9168287150491098,0.0
1970-01-02 19:36:00,0.10028806696392197,0.033060447588696605,0.9298639164094326,0.0
1970-01-02 19:37:00,0.08766413257829464,-0.014582576247789766,0.9107840827517925,0.0
1970-01-02 19:38:00,0.11100758832814377,-0.009075638773209363,0.9110168135121368,0.0
1970-01-02 19:39:00,0.10282552272933859,0.051045617312193335,0.9294597131135328,0.0
1970-01-02 19:40:00,0.1316787166370749,0.0381651662323338,0.9267145492008616,0.0
1970-01-02 19:41:00,0.13499364724498866,0.05838215020378231,0.9152794521490359,0.0
1970-01-02 19:42:00,0.12658688846890478,0.06810857057556179,0.9075725917095187,0.0
1970-01-02 19:43:00,0.15117102155485793,0.09377365830106972,0.9096662308096266,0.0
1970-01-02 19:44:00,0.1461695393838929,0.059592650207233,0.9235422171254907,0.0
1970-01-02 19:45:00,0.14357701491816635,0.0848037919952954,0.9244472768217339,0.0
1970-01-02 19:46:00,0.13278269984204613,0.07619773303548073,0.925760317016412,0.0
1970-01-02 19:47:00,0.09572252016350963,0.0964117002391549,0.9262270277681471,0.0
1970-01-02 19:48:00,0.0746410372546924,0.026980243249935826,0.917014827523309,0.0
1970-01-02 19:49:00,0.07993345836720077,0.0705147803216635,0.9250202640194405,0.0
1970-01-02 19:50:00,0.09643614598667104,0.15535566101338827,0.9177800094093657,0.0
1970-01-02 19:51:00,0.1213714586377448,0.17931119975765106,0.9156990331184497,0.0
1970-01-02 19:52:00,0.11472062424399455,0.17708676208056587,0.9160466275586527,0.0
1970-01-02 19:53:00,0.10905192081684822,0.1252928547563711,0.9251396295214177,0.0
1970-01-02 19:54:00,0.10705194340069187,0.1098405821531957,0.9290228789846244,0.0
1970-01-02 19:55:00,0.10865615582078769,0.111346587045648,0.9295449493610096,0.0
1970-01-02 19:56:00,0.1019609816458548,0.1199807552622415,0.9287795641880109,0.0
1970-01-02 19:57:00,0.1050396038264817,0.12497631010554287,0.929290883308223,0.0
1970-01-02 19:58:00,0.10827246749792789,0.12732786033888296,0.9264521680563838,0.0
1970-01-02 19:59:00,0.10433088767887393,0.14837329125937074,0.9247396755783694,0.0
1970-01-02 20:00:00,0.08849324034409156,0.1761651024064362,0.9142372163916411,0.0
1970-01-02 20:01:00,0.08827939891081871,0.21993794388557367,0.9023910272396405,0.0
1970-01-02 20:02:00,0.10774679693497191,0.14799884086468598,0.9261232202748744,0.0
1970-01-02 20:03:00,0.11050469016160268,0.14844827177385175,0.9257012654385899,0.0
1970-01-02 20:04:00,0.10486611866481456,0.14101834393630017,0.9269348433907073,0.0
1970-01-02 20:05:00,0.11573035097319273,0.1533241108785284,0.9237300772116267,0.0
1970-01-02 20:06:00,0.11569391181933765,0.15013125025235052,0.9239566077202407,0.0
1970-01-02 20:07:00,0.11345927913236886,0.14927347924071724,0.9244563329271168,0.0
1970-01-02 20:08:00,0.11445375233947863,0.13644795763046708,0.9249130465516572,0.0
1970-01-02 20:09:00,0.11076750220594139,0.13775239249357613,0.9246355369241105,0.0
1970-01-02 20:10:00,0.10321716479298704,0.22605296253432094,0.8568400631163987,0.0
1970-01-02 20:11:00,0.0993715643175982,0.3204844415587677,0.7972355087452616,0.0
1970-01-02 20:12:00,0.10127073238472739,0.31751766304371487,0.7958227825361185,0.0
1970-01-02 20:13:00,0.0995019578644168,0.31904543995594353,0.7951204589398132,0.0
1970-01-02 20:14:00,0.09484859791497209,0.4747994999108785,0.7219680266559806,0.0
1970-01-02 20:15:00,0.08848126989781291,0.5195877773241558,0.7182080117042916,0.0
1970-01-02 20:16:00,0.08137094763313628,0.5270289522388795,0.7136236780393612,0.0
1970-01-02 20:17:00,0.06987081109303417,0.5458855291692849,0.702538582082826,0.0
1970-01-02 20:18:00,0.13678006871272516,0.46898078927275494,0.726308071714269,0.0
1970-01-02 20:19:00,0.20529434541320132,0.48574857171872104,0.7030066568243655,0.0
1970-01-02 20:20:00,0.17295115561041854,0.4901266913830788,0.6926818671461014,0.0
1970-01-02 20:21:00,0.17105781342604562,0.4858031502444284,0.6903064723444166,0.0
1970-01-02 20:22:00,0.17799821577012642,0.48234868456041347,0.6905981727120416,0.0
1970-01-02 20:23:00,0.17764411828424068,0.48540430249962213,0.6888739027066796,0.0
1970-01-02 20:24:00,0.16979952897761144,0.49907918596569617,0.6840381227674565,0.0
1970-01-02 20:25:00,0.1790953639365819,0.3445540269478511,0.8005552009018123,0.0
1970-01-02 20:26:00,0.17613094233634327,0.305809496201037,0.825519686591079,0.0
1970-01-02 20:27:00,0.10062369756332723,0.13670730854862484,0.8839957689167427,0.0
1970-01-02 20:28:00,0.10771958624497006,0.39019861423132296,0.8407807094672962,0.0
1970-01-02 20:29:00,0.1060257780553062,0.4782658706918819,0.7963629684020909,0.0
1970-01-02 20:30:00,0.15343023581550783,0.4306470687335659,0.7989373024282491,0.0
1970-01-02 20:31:00,0.10130633168198004,0.4287057887941552,0.8078606843896878,0.0
1970-01-02 20:32:00,0.09341944414282634,0.14761120982690656,0.9159960287830309,0.0
1970-01-02 20:33:00,0.10184823172687074,0.1258941228945912,0.92304965942273,0.0
1970-01-02 20:34:00,0.1133651886361615,0.14954260934568714,0.9181703793567463,0.0
1970-01-02 20:35:00,0.0971719632777673,0.1865429117796936,0.9112217628166851,0.0
1970-01-02 20:36:00,0.09746260013650103,0.15779575371835156,0.9166268117698694,0.0
1970-01-02 20:37:00,0.09459498777775606,0.1934817003750917,0.9075664799859727,0.0
1970-01-02 20:38:00,0.09737048479712557,0.21744918470987037,0.8995430919413362,0.0
1970-01-02 20:39:00,0.09306853346460216,0.2312783451400108,0.899477341730894,0.0
1970-01-02 20:40:00,0.09245113595445446,0.22114693550513728,0.8992857142786882,0.0
1970-01-02 20:41:00,0.0911240230997134,0.23380151706488952,0.8934107249344487,0.0
1970-01-02 20:42:00,0.086850922335301,0.24563185962796785,0.8902252677360339,0.0
1970-01-02 20:43:00,0.0942737077716017,0.23601049971243723,0.8912400040162942,0.0
1970-01-02 20:44:00,0.1111999022117446,0.1404240035656872,0.915109507544367,0.0
1970-01-02 20:45:00,0.11578488189970977,0.3205570768231332,0.8550406687495119,0.0
1970-01-02 20:46:00,0.08531900729443537,0.4564572548903145,0.792249322699551,0.0
1970-01-02 20:47:00,0.10847810290147226,0.42626871960588747,0.7969386343970811,0.0
1970-01-02 20:48:00,0.11883946360003983,0.4361864887658598,0.7947989147375777,0.0
1970-01-02 20:49:00,0.12405964044677903,0.44936551886832543,0.7923762852312787,0.0
1970-01-02 20:50:00,0.11854014269042844,0.42934560002132227,0.7952104101328153,0.0
1970-01-02 20:51:00,0.08251739505019777,0.30413261874729874,0.8270081175131776,0.0
1970-01-02 20:52:00,0.08151017461244177,0.32154895902230113,0.8277546724134704,0.0
1970-01-02 20:53:00,0.07643627887655054,0.3173676480233833,0.8278217964501818,0.0
1970-01-02 20:54:00,0.07755861942148885,0.31945358096523574,0.8286375574389305,0.0
1970-01-02 20:55:00,0.1429337013586293,0.19672941623274579,0.9047991381236963,0.0
1970-01-02 20:56:00,0.11415793691829486,0.14174772009665146,0.9274427197481923,0.0
1970-01-02 20:57:00,0.11947702430782953,0.1242946184478977,0.9304188733669146,0.0
1970-01-02 20:58:00,0.1220097529752149,0.12968459711816177,0.9279832761210106,0.0
1970-01-02 20:59:00,0.12229816238817683,0.12939945857211638,0.927185928994619,0.0
1970-01-02 21:00:00,0.1163376071318758,0.11577675439026468,0.9274619074124573,0.0
1970-01-02 21:01:00,0.1190647443449812,0.05871170677467517,0.9313640035424783,0.0
1970-01-02 21:02:00,0.12892928172911253,0.06610882810629583,0.9264733459653872,0.0
1970-01-02 21:03:00,0.1143953507694893,0.11590930657700306,0.927188197939197,0.0
1970-01-02 21:04:00,0.07534319057027224,0.07745900854754507,0.9281239408483919,0.0
1970-01-02 21:05:00,0.04168800201200166,0.06584623433150373,0.9302369446691339,0.0
1970-01-02 21:06:00,0.06714999770138216,0.0378045106325723,0.9328020717641136,0.0
1970-01-02 21:07:00,0.0548405282009413,0.08949716051761185,0.9307918590019346,0.0
1970-01-02 21:08:00,0.01844347340290457,0.1491884259613521,0.9036318907334523,0.0
1970-01-02 21:09:00,0.05775277578449597,0.018821317191619967,0.9283212570561513,0.0
1970-01-02 21:10:00,0.01612627916036233,-0.014730519349314299,0.9315483684047408,0.0
1970-01-02 21:11:00,0.04316535625002834,0.006725590174835201,0.9281739855031557,0.0
1970-01-02 21:12:00,0.08322067038764167,-0.0253090551367654,0.8878981273524951,0.0
1970-01-02 21:13:00,0.0630608653680069,-0.07186199659623017,0.8588840379050536,0.0
1970-01-02 21:14:00,0.09692507863255363,0.04928461793021505,0.9035207222855872,0.0
1970-01-02 21:15:00,0.08028777162652194,0.045195274480427004,0.8961357765551511,0.0
1970-01-02 21:16:00,0.09089419119508037,0.08095292842486836,0.8959479656513399,0.0
1970-01-02 21:17:00,0.11658965374158291,0.19830483715415337,0.8986802962560936,0.0
1970-01-02 21:18:00,0.14300107578394067,0.26458180788311164,0.8954952062857031,0.0
1970-01-02 21:19:00,0.1599892801898313,0.265313566412645,0.896545376791478,0.0
1970-01-02 21:20:00,0.1253996598725494,0.166054651546335,0.9095256841198244,0.0
1970-01-02 21:21:00,0.08968018677518526,0.01000346358685103,0.9286337517106474,0.0
1970-01-02 21:22:00,0.08555952828309987,0.01979666790831973,0.9304522943959395,0.0
1970-01-02 21:23:00,0.03546060804709777,-0.041124254351684465,0.932006865708256,0.0
1970-01-02 21:24:00,0.053162408399827936,-0.03168011435782403,0.933318620604849,0.0
1970-01-02 21:25:00,0.0312147378902351,-0.08965765661255982,0.9014224174222786,0.0
1970-01-02 21:26:00,0.0827395321421646,0.11632161841959414,0.8948064143863257,0.0
1970-01-02 21:27:00,0.18733501116632176,0.09352626984573087,0.914027365248734,0.0
1970-01-02 21:28:00,0.113758998392938,0.04361282793205493,0.9242753059052887,0.0
1970-01-02 21:29:00,0.16529680212322762,0.08785135172259674,0.9195255688036671,0.0
1970-01-02 21:30:00,0.1493241370509261,0.07991648309904714,0.9115645636196437,0.0
1970-01-02 21:31:00,0.1652540623850583,0.15763671876484234,0.9173615202875598,0.0
1970-01-02 21:32:00,0.16754519119660208,0.15849517816643757,0.9187586130751008,0.0
1970-01-02 21:33:00,0.1490470109288408,0.15307568646378603,0.9112159297929793,0.0
1970-01-02 21:34:00,0.08299022767820691,0.23619086463138453,0.881783525001279,0.0
1970-01-02 21:35:00,0.07412491051676454,0.21166114454411944,0.8825428476330567,0.0
1970-01-02 21:36:00,0.08799504603844256,0.04891785455677173,0.9299170234836125,0.0
1970-01-02 21:37:00,0.1316092674671922,0.1601671491544667,0.8635778415882372,0.0
1970-01-02 21:38:00,0.35409073383700873,0.18519886412362804,0.6474545227191962,0.0
1970-01-02 21:39:00,0.375163994118141,0.14419051574455352,0.6575680710341758,0.0
1970-01-02 21:40:00,0.3122447325568204,0.27428932115216226,0.6537090586205668,0.011458721029457067
1970-01-02 21:41:00,0.34237722724560044,0.2002263326310797,0.6572006823477033,0.0
1970-01-02 21:42:00,0.278204408333877,0.28304859074649447,0.6309900181947387,0.008990110021236666
1970-01-02 21:43:00,0.2796264714589758,0.28367157016420014,0.6459125486396387,0.0113508133995442
1970-01-02 21:44:00,0.27506219274244553,0.2948067367250849,0.6460635285399144,0.011286716848945734
1970-01-02 21:45:00,0.2771711623002183,0.3331724167805948,0.64342658541445,0.011256544237036467
1970-01-02 21:46:00,0.27377364026040923,0.3099548961902741,0.6395808719014321,0.011235607813161234
1970-01-02 21:47:00,0.3033308896095483,0.31974941992583644,0.6434905486670957,0.011033880523073332
1970-01-02 21:48:00,0.33372604032187536,0.22280096786062895,0.6426628134217003,0.0
1970-01-02 21:49:00,0.36228120132143005,0.4201769914841855,0.3735717670137408,0.013851855057422766
1970-01-02 21:50:00,0.3621923756970468,0.4540373785787921,0.33132536000633755,0.0178158201996608
1970-01-02 21:51:00,0.3601997943303383,0.45109930660004394,0.3340880393842351,0.0174608241783358
1970-01-02 21:52:00,0.3882641139190046,0.4194769866288767,0.33502851363306335,0.0185110030506323
1970-01-02 21:53:00,0.3991994020794616,0.3152118468748555,0.3267070643068108,0.01856674629606767
1970-01-02 21:54:00,0.3971935755434098,0.3202858208079869,0.32605884782528727,0.018666250802585934
1970-01-02 21:55:00,0.3878461574550092,0.31444461264105844,0.31082870817014185,0.018691244730079166
1970-01-02 21:56:00,0.40405806879291056,0.3393238829782579,0.33278701279206363,0.018750297066889837
1970-01-02 21:57:00,0.4067613115877369,0.35374249756006587,0.3358118864216051,0.0187858456248846
1970-01-02 21:58:00,0.4204462072749045,0.31931746197364563,0.32639378601394164,0.0187849350086976
1970-01-02 21:59:00,0.40957498390721886,0.3743426380345413,0.33840068005121665,0.018756555706605133
1970-01-02 22:00:00,0.40200794894995456,0.3744134207200387,0.33502831690376467,0.018633978617083467
1970-01-02 22:01:00,0.5480371360130865,-0.030083026024918608,0.4784896479911838,0.013845160862079833
1970-01-02 22:02:00,0.5365501184978577,0.08353470460694733,0.5047851500147956,0.013848576158589499
1970-01-02 22:03:00,0.546403020714433,-0.010966214067678864,0.4805210353835448,0.0138361807224522
1970-01-02 22:04:00,0.4087946442574175,0.32700931881725165,0.3184802089850094,0.018583283954306497
1970-01-02 22:05:00,0.4275861768096075,0.38444193630236706,0.33663886425920037,0.018568702723138465
1970-01-02 22:06:00,0.41470143873238646,0.34915905884064086,0.3262247168546518,0.0185001059913825
1970-01-02 22:07:00,0.4302242493877553,0.448797219210145,0.33349002166209263,0.0184185842333173
1970-01-02 22:08:00,0.13765345484726543,0.5837668914547396,0.4617058009932253,0.0045906300809594
1970-01-02 22:09:00,0.0891489824535087,0.363765067342821,0.4300239392998044,0.0046605243678038664
1970-01-02 22:10:00,0.3916801874948727,0.10733765530467294,0.49516266262049574,0.0
1970-01-02 22:11:00,0.5503342566869522,0.008731194082159333,0.5217836827781765,0.013373864801902833
1970-01-02 22:12:00,0.5377114310448239,-0.0544235586660037,0.5227523089896466,0.013223662625491567
1970-01-02 22:13:00,0.5817564491167717,-0.014874689803890636,0.5067197908562956,0.013240184593754466
1970-01-02 22:14:00,0.5276261756940124,0.3170610074144093,0.5048718584531908,0.0
1970-01-02 22:15:00,0.4569634113609646,0.41602302205226055,0.49210215967555165,0.004007538377356934
1970-01-02 22:16:00,0.4978536193120353,0.3286131324501282,0.49886330303043086,0.0
1970-01-02 22:17:00,0.6004621635943092,0.1398393900777471,0.511708880298573,0.0138467686791314
1970-01-02 22:18:00,0.590396561883873,0.1300515528358591,0.5142100080738687,0.004567496520914867
1970-01-02 22:19:00,0.2910121352122019,0.536685269878972,0.4851037116041337,0.006381266103329633
1970-01-02 22:20:00,0.22359509464735097,0.349522106932966,0.449697469192659,0.008208667636637966
1970-01-02 22:21:00,0.2745967843804103,0.3617535665656025,0.47675897608656026,0.009137558764232433
1970-01-02 22:22:00,0.275048628892336,0.3847349440905263,0.474581635227505,0.009002507386753367
1970-01-02 22:23:00,0.5339117006822135,0.16429435236493073,0.5153613072756328,0.0036116628050242
1970-01-02 22:24:00,0.5681530029220875,0.0813287032953377,0.5265800414447647,0.013552652285985433
1970-01-02 22:25:00,0.577885981582849,0.042117302426988856,0.5176951954741167,0.0139019868669295
1970-01-02 22:26:00,0.5631182551265638,0.03296580577954313,0.5121215642666568,0.0138476040524685
1970-01-02 22:27:00,0.5554987722863319,-0.04606227801625564,0.505184785912144,0.0136391564427991
1970-01-02 22:28:00,0.5434863647136134,0.028996453086918533,0.5221978028701407,0.013694994266861901
1970-01-02 22:29:00,0.5215215368963134,0.010024769931064931,0.5166989828967384,0.0136480795538393
1970-01-02 22:30:00,0.5978533382754349,0.12560123827424372,0.5451637549599267,0.0
1970-01-02 22:31:00,0.41832133355514567,0.017101749436860266,0.6329611965852371,0.013936387455020733
1970-01-02 22:32:00,0.45756780603193487,0.025888473642615362,0.6274974632822552,0.013688676917440233
1970-01-02 22:33:00,0.28854826814703655,0.12109693909198638,0.5861508698564638,0.0
1970-01-02 22:34:00,0.2918561744997297,0.3822454560313339,0.6275823945993192,0.0077331751188540665
1970-01-02 22:35:00,0.4038945258072293,0.20394413109675757,0.6271035194192819,0.013511713524515067
1970-01-02 22:36:00,0.3237213962667403,0.299424524078934,0.6234020543857032,0.0
1970-01-02 22:37:00,0.263883591817029,0.370843190790759,0.6241157784448671,0.0106104481019422
1970-01-02 22:38:00,0.3113028881504046,0.3374923978633148,0.6322167925919432,0.005389890117956667
1970-01-02 22:39:00,0.13549267144846622,0.12300616840464007,0.9269532211860261,0.0
1970-01-02 22:40:00,0.10204384528423781,-0.0003364438449728659,0.9145520160577535,0.0
1970-01-02 22:41:00,0.10802928419702947,-0.1352249350037383,0.9058496430692791,0.0
1970-01-02 22:42:00,0.07190888413911137,-0.12830044062343202,0.9134241243637115,0.0
1970-01-02 22:43:00,0.10274666915726303,-0.23211902788317731,0.8416300619837952,0.0
1970-01-02 22:44:00,0.15061374184340892,-0.1634440675941334,0.887717838065537,0.0
1970-01-02 22:45:00,0.13159067775583308,-0.10563214723999349,0.9084223540787231,0.0
1970-01-02 22:46:00,0.1361829970601938,-0.2258571999516664,0.8515058891718873,0.0
1970-01-02 22:47:00,0.1359169816102369,-0.06231495580090344,0.9164384172358053,0.0
1970-01-02 22:48:00,0.1663347254610479,0.06544843941840403,0.9124355170131384,0.0
1970-01-02 22:49:00,0.16861675195320833,0.13320498626441335,0.8853240162862089,0.0
1970-01-02 22:50:00,0.12816478316906227,0.07656004886985622,0.9022287190105821,0.0
1970-01-02 22:51:00,0.16164471390390397,-0.07080415719021953,0.9179651808617528,0.0
1970-01-02 22:52:00,0.15121168654845588,-0.02681074409411324,0.9168144128290953,0.0
1970-01-02 22:53:00,0.2027051073428757,0.010733926323514734,0.9208068241013209,0.0
1970-01-02 22:54:00,0.22679472091076455,1.0973745863736862e-05,0.9215043048780567,0.0
1970-01-02 22:55:00,0.20939396101594654,-0.014882616411834632,0.9178622094679995,0.0
1970-01-02 22:56:00,0.15988110466767813,-0.0578474196796277,0.9129262812004594,0.0
1970-01-02 22:57:00,0.21164371444135113,0.0040593883630622,0.9179865751729848,0.0
1970-01-02 22:58:00,0.20682414255480852,0.010060603328151896,0.8885683742366498,0.0
1970-01-02 22:59:00,0.10432945693501754,0.14476074559419594,0.889716486423775,0.0
1970-01-02 23:00:00,0.10529573685309647,0.09507091231202684,0.874381401524246,0.0
1970-01-02 23:01:00,0.11594685803829086,0.002380887793776529,0.9265762714556377,0.0
1970-01-02 23:02:00,0.09101731815651237,-0.017785975314414268,0.9225863488090403,0.0
1970-01-02 23:03:00,0.08846653091237816,0.05131874615297147,0.9290946655057146,0.0
1970-01-02 23:04:00,0.10043717304697826,0.09828257543265506,0.901284477395684,0.0
1970-01-02 23:05:00,0.11293240355776586,0.1842688627829009,0.9177746452571549,0.0
1970-01-02 23:06:00,0.0798760062003273,0.110095860097412,0.9112611873681415,0.0
1970-01-02 23:07:00,0.06786148238814593,0.11323943335209974,0.9287462448024572,0.0
1970-01-02 23:08:00,0.056965332209282536,0.10669878723924293,0.9241232538303351,0.0
1970-01-02 23:09:00,0.0209766402563434,0.08333956967396396,0.920129131013211,0.0
1970-01-02 23:10:00,0.07204045614084646,0.050284605583738574,0.9314025526485556,0.0
1970-01-02 23:11:00,0.04172553663099033,0.13369223137903705,0.8796629307084295,0.0
1970-01-02 23:12:00,0.028691556367469163,0.1633320861191986,0.8941004021156701,0.0
1970-01-02 23:13:00,0.07999887091404546,0.050206702786379974,0.9361642181033205,0.0
1970-01-02 23:14:00,0.08402681654031886,0.07091108372317903,0.936051964365491,0.0
1970-01-02 23:15:00,0.07483564165630001,0.0576773434910428,0.9367496713809204,0.0
1970-01-02 23:16:00,0.0757112237004946,0.06794034696584504,0.9354933449642319,0.0
1970-01-02 23:17:00,0.20301980459945412,0.17306945999007825,0.7635243695812083,0.0
1970-01-02 23:18:00,0.23650471472126702,0.33449616368170454,0.6420772617794511,0.007855603533162767
1970-01-02 23:19:00,0.2434953325231565,0.3216157362230691,0.64798801323137,0.008245442462895767
1970-01-02 23:20:00,0.24006672914987334,0.3077816423315349,0.6436322134350786,0.008220201679640934
1970-01-02 23:21:00,0.23247357564814944,0.3231000534572599,0.6472349138030742,0.0082251844071832
1970-01-02 23:22:00,0.22804771393064394,0.3490221940932586,0.6452338719050354,0.008239335811549701
1970-01-02 23:23:00,0.23634831217650232,0.33867832167023243,0.6482615554847265,0.008280860728418967
1970-01-02 23:24:00,0.24665584902150275,0.3277126610140915,0.6487178592565613,0.0082022730073193
1970-01-02 23:25:00,0.25324716314299084,0.31703548299444834,0.6480600948464081,0.008252401019597367
1970-01-02 23:26:00,0.2562850439794196,0.29241207438314853,0.6444501122155396,0.0082610094989473
1970-01-02 23:27:00,0.254510393782483,0.28791409050389977,0.6404799018446706,0.008255380256576033
1970-01-02 23:28:00,0.2697104770898843,0.18677006696928858,0.6187295171397073,0.008213478858882567
1970-01-02 23:29:00,0.258888377034465,0.2952566231864315,0.6461210259562769,0.0082018219251003
1970-01-02 23:30:00,0.25541754514007486,0.31975899664501267,0.6459608981436121,0.008110636692443633
1970-01-02 23:31:00,0.2447621516408592,0.30931319189071177,0.6445294957663805,0.0080702000551141
1970-01-02 23:32:00,0.25660134459860284,0.28888355278685657,0.6469255504232488,0.008182608767122533
1970-01-02 23:33:00,0.25430206287079155,0.28400770693325866,0.6469311342565098,0.008168577509524367
1970-01-02 23:34:00,0.28137786459916575,0.27993861699597805,0.651814555474231,0.008838705774784433
1970-01-02 23:35:00,0.3003572727413695,0.2806087072580883,0.649709332297252,0.009150142907487667
1970-01-02 23:36:00,0.299653980805969,0.2794595853184492,0.6519232287388245,0.0090243133951863
1970-01-02 23:37:00,0.2908978881575351,0.29293579066791225,0.6487560673651874,0.0084052871738685
1970-01-02 23:38:00,0.22361866208588563,0.2634472062474245,0.6464143755711891,0.0083494175140505
1970-01-02 23:39:00,0.1947690832130904,0.2121292598416147,0.6292402553510886,0.008212059756012734
1970-01-02 23:40:00,0.20628212300463053,0.22948005796842788,0.649108235761585,0.008200318411449466
1970-01-02 23:41:00,0.21455829237800828,0.2543185985662131,0.6505421529950182,0.008167331021490467
1970-01-02 23:42:00,0.2302122932821109,0.26986368233366764,0.6528888253190949,0.0082378423992356
1970-01-02 23:43:00,0.24209922196295153,0.27349516884617736,0.6532298949042249,0.008348949911603966
1970-01-02 23:44:00,0.25423526273477753,0.2906174822459201,0.6503220456980061,0.008339790440230466
1970-01-02 23:45:00,0.25501833772782156,0.24517051012397095,0.6407051241034484,0.008409486040301867
1970-01-02 23:46:00,0.24697150563997106,0.27195967791702247,0.6471082102982563,0.0083106843876422
1970-01-02 23:47:00,0.25448343538142104,0.27652947369225095,0.6486535222182479,0.008437476435665068
1970-01-02 23:48:00,0.24966106507940067,0.35057464168691693,0.6496101643366066,0.008336785176016166
1970-01-02 23:49:00,0.2566345073158309,0.36166516750855476,0.6460577119103167,0.008312805366888667
1970-01-02 23:50:00,0.22852009841382573,0.18571064156679706,0.603120991630293,0.008293883602832034
1970-01-02 23:51:00,0.25272383953109395,0.26455439713967654,0.6478666738787627,0.008362714640552634
1970-01-02 23:52:00,0.2460617384444236,0.2986778538080194,0.6508157313154127,0.008303793174606234
1970-01-02 23:53:00,0.23615429534255736,0.32961707834593285,0.6515238879354238,0.008323327399069267
1970-01-02 23:54:00,0.28882497600061624,0.26947376678606355,0.6563187055558392,0.0
1970-01-02 23:55:00,0.37291860595531445,0.19323090708900967,0.6628621646629017,0.012148608123430467
1970-01-02 23:56:00,0.3602924009692283,0.24323561128955054,0.6538988958361546,0.011887911990127833
1970-01-02 23:57:00,0.36630298910581566,0.24162632765604494,0.6493932866789146,0.012158809005123566
1970-01-02 23:58:00,0.3677503674342759,0.24841424749258034,0.644746737373275,0.0119031760196749
1970-01-02 23:59:00,0.3526207291741515,0.27621102247118506,0.6333399824557467,0.0119037380281345
1970-01-03 00:00:00,0.3428406255950948,0.2787162996315141,0.6236242175038863,0.012145747694663632
1970-01-03 00:01:00,0.326979458955852,0.27811741723693667,0.6240866100475154,0.012126842459534265
1970-01-03 00:02:00,0.311287800607882,0.2727945329667368,0.633027133688513,0.011712670252901633
1970-01-03 00:03:00,0.3257786034371521,0.2546025088086008,0.6327529455072926,0.012176472455534567
1970-01-03 00:04:00,0.2896049007015032,0.21699711497251717,0.6322443510878674,0.012175463122725399
1970-01-03 00:05:00,0.2883244845377778,0.2035992173556845,0.6252116393302617,0.0119438957383535
1970-01-03 00:06:00,0.2949672091699477,0.25671819099508264,0.6294758944262318,0.011987366139916035
1970-01-03 00:07:00,0.3462166366831884,0.28230465378866404,0.6399647301090261,0.012066292765219299
1970-01-03 00:08:00,0.343577847073317,0.27627943965980345,0.634039066576267,0.0122118238373961
1970-01-03 00:09:00,0.33927264918048833,0.2816366388198214,0.6317772567139996,0.012242892707854733
1970-01-03 00:10:00,0.3110781352204823,0.30301770034027803,0.6186423201568869,0.0075257843435051
1970-01-03 00:11:00,0.22612412363021675,0.3748856157403966,0.59044759184436,0.009600307810211267
1970-01-03 00:12:00,0.2268278338341229,0.37550632414612,0.5931722401700003,0.009864692678777468
1970-01-03 00:13:00,0.2216528499035341,0.36748639549428413,0.5917285258174925,0.009928929479943232
1970-01-03 00:14:00,0.30269029479529747,0.03192870074667511,0.36840277354604867,0.0
1970-01-03 00:15:00,0.13325290003414317,-0.30359175007931705,0.5341683724818244,0.0
1970-01-03 00:16:00,0.12897541408960483,-0.3300781815143061,0.5401050954799912,0.0
1970-01-03 00:17:00,0.13853851266486625,-0.3651091521179532,0.5358151639317211,0.0
1970-01-03 00:18:00,0.1475406550812983,0.05484849774015136,0.9245786296956444,0.0
1970-01-03 00:19:00,0.10922691141317632,0.15924508285783504,0.9223020143142402,0.0
1970-01-03 00:20:00,0.11674446620210814,0.1454214936621414,0.9213031360548648,0.0
1970-01-03 00:21:00,0.09863573540793234,0.0997036485263237,0.9259185627854524,0.0
1970-01-03 00:22:00,0.09338299005081034,0.08311172946886752,0.9283222800485044,0.0
1970-01-03 00:23:00,0.0851487670332778,0.07064468355683264,0.9283034727275501,0.0
1970-01-03 00:24:00,0.07909475366291474,0.061854697934909754,0.9285969141494684,0.0
1970-01-03 00:25:00,0.08376808759329647,-0.2829533803407303,0.5509353187936151,0.0
1970-01-03 00:26:00,0.059012261924985765,-0.16365893299823156,0.7107108286301341,0.0
1970-01-03 00:27:00,0.11717187354257493,-0.0831923892005345,0.9175056867964577,0.0
1970-01-03 00:28:00,0.10754016565403328,-0.11464474771477713,0.9167052838082932,0.0
1970-01-03 00:29:00,0.11073773875021907,-0.166585217986112,0.9070009324345781,0.0
1970-01-03 00:30:00,0.11533333117161543,-0.12536765642444045,0.9199611143556691,0.0
1970-01-03 00:31:00,0.1135421261727953,-0.1201146032418494,0.9203157615412301,0.0
1970-01-03 00:32:00,0.10753260362501967,0.0010944927970228575,0.9198874490697766,0.0
1970-01-03 00:33:00,0.11348237352914116,0.07526269699954176,0.9182074693871916,0.0
1970-01-03 00:34:00,0.1034568592034143,0.097167214971296,0.9199147124717526,0.0
1970-01-03 00:35:00,0.10182357712218076,0.07316382300129724,0.9198752354591498,0.0
1970-01-03 00:36:00,0.08673894588109321,0.07006184334793665,0.8914384743692726,0.0
1970-01-03 00:37:00,0.05429415666655054,0.09633366246337245,0.8704468745693371,0.0
1970-01-03 00:38:00,0.06068195328375257,0.09569754627055989,0.8725100173493273,0.0
1970-01-03 00:39:00,0.0785309310369856,0.1358287609830914,0.8766996530223062,0.0
1970-01-03 00:40:00,0.08883803965470653,0.1362404215547871,0.8756173795738075,0.0
1970-01-03 00:41:00,0.08001988724665521,0.16151251622462592,0.8787565463682417,0.0
1970-01-03 00:42:00,0.0760683254165197,0.1664931998200732,0.8793368715687889,0.0
1970-01-03 00:43:00,0.06762487851723215,0.17637969447922605,0.879644474221391,0.0
1970-01-03 00:44:00,0.03598387190635103,0.2295686982994083,0.8831239597507987,0.0
1970-01-03 00:45:00,0.01816622777553203,0.2025017651567174,0.8839932409452546,0.0
1970-01-03 00:46:00,0.0321362597586258,0.16281279712673916,0.8804759112564232,0.0
1970-01-03 00:47:00,0.030605977956686733,0.15439623100178856,0.8841499981292683,0.0
1970-01-03 00:48:00,0.034060135543905995,0.15871698821044586,0.8847634230343195,0.0
1970-01-03 00:49:00,0.0492504758508004,0.17696939834097777,0.8846733997072412,0.0
1970-01-03 00:50:00,0.05130327792353833,0.19162616885392927,0.8831020309916386,0.0
1970-01-03 00:51:00,0.033219233270170005,0.16560138724993023,0.88681927043615,0.0
1970-01-03 00:52:00,0.04122512815793483,0.18283300617735374,0.8836439021719364,0.0
1970-01-03 00:53:00,0.03572974391288993,0.19596506378829928,0.8831214940769218,0.0
1970-01-03 00:54:00,0.030425090106389097,0.20167849800469562,0.8775979124424582,0.0
1970-01-03 00:55:00,0.027990900187572037,0.19742201414704272,0.8772660956920096,0.0
1970-01-03 00:56:00,0.020497334425271733,0.1852821424367188,0.8779155122222554,0.0
1970-01-03 00:57:00,0.009618519152250636,0.2122647916770609,0.8723918256654991,0.0
1970-01-03 00:58:00,0.0030239916663704672,0.2205505468369415,0.8746824891582402,0.0
1970-01-03 00:59:00,0.009628248874392306,0.20777056019799678,0.8761856059224858,0.0
1970-01-03 01:00:00,0.014631045603517702,0.21141533533634027,0.8737701898238052,0.0
1970-01-03 01:01:00,-0.0015976728252070037,0.17293187310812808,0.8779612583418429,0.0
1970-01-03 01:02:00,0.003615645745877196,0.17335457828936007,0.8779393295826826,0.0
1970-01-03 01:03:00,0.0055410087080661015,0.18118127857845026,0.8777812641488326,0.0
1970-01-03 01:04:00,0.04047385153008877,0.08307091536793833,0.9046715591734992,0.0
1970-01-03 01:05:00,0.0771032279262441,-0.015652401737843432,0.9335797262877069,0.0
1970-01-03 01:06:00,0.0840768029463269,0.0517568793680562,0.9260919009705236,0.0
1970-01-03 01:07:00,0.0687468273503954,0.13058186956555184,0.9108323994675495,0.0
1970-01-03 01:08:00,0.0397132402114673,0.13918852580489233,0.9070411537396943,0.0
1970-01-03 01:09:00,0.011524505659939033,0.10740514620385729,0.9028351370737783,0.0
1970-01-03 01:10:00,0.011562800465338733,0.10198909982547599,0.9029176125534303,0.0
1970-01-03 01:11:00,0.020910165440278166,0.1250263263605221,0.9020104445748695,0.0
1970-01-03 01:12:00,-0.003343004391657333,0.16212736656675172,0.8997224631582338,0.0
1970-01-03 01:13:00,0.012809911169409502,0.16373777389563635,0.9005274597755227,0.0
1970-01-03 01:14:00,0.0005362069457870317,0.1592135130917132,0.9006397003980657,0.0
1970-01-03 01:15:00,0.006558317383825764,0.17159378137501755,0.8970698079194475,0.0
1970-01-03 01:16:00,-0.01568383407124263,0.1834609055586108,0.885696234676964,0.0
1970-01-03 01:17:00,0.003906910007369299,0.1900752262696974,0.8831690763366306,0.0
1970-01-03 01:18:00,0.022759795246226764,0.17651560087979853,0.8868144964718354,0.0
1970-01-03 01:19:00,0.025588568386596598,0.17051762539688264,0.8864390156535437,0.0
1970-01-03 01:20:00,-0.0022999788419872332,0.1909306655290577,0.8792513828520455,0.0
1970-01-03 01:21:00,-0.014484060739311166,0.19972802266015624,0.8754798461210967,0.0
1970-01-03 01:22:00,-0.0032460225314153344,0.18101898389600365,0.8808277353765481,0.0
1970-01-03 01:23:00,0.0062603209911485614,0.19383867106388042,0.880048851294838,0.0
1970-01-03 01:24:00,0.00603565437060033,0.18969295050088653,0.879885598765146,0.0
1970-01-03 01:25:00,-0.01898931380268513,0.06315531122139194,0.8202666995493133,0.0
1970-01-03 01:26:00,-0.019708297446227534,0.16303140143317954,0.8610371515509759,0.0
1970-01-03 01:27:00,0.032298637567755965,0.24792809907765098,0.8792004791460108,0.0
1970-01-03 01:28:00,0.0799856788581632,0.21373968404280222,0.8973216378158724,0.0
1970-01-03 01:29:00,0.08144191053665817,0.13820788730843594,0.9016075626440925,0.0
1970-01-03 01:30:00,0.11814160915521187,-0.030943307635236672,0.9286724352484121,0.0
1970-01-03 01:31:00,0.13167887265786662,-0.022797299012088726,0.92041224742577,0.0
1970-01-03 01:32:00,0.16794292139072056,0.10630212951936457,0.9291227322189938,0.0
1970-01-03 01:33:00,0.16758247352665098,0.10430118911658649,0.9290818387554404,0.0
1970-01-03 01:34:00,0.17476835964841086,0.11748686690642962,0.9272509185184394,0.0
1970-01-03 01:35:00,0.13648635127325193,0.06748808488423777,0.9268804870854807,0.0
1970-01-03 01:36:00,0.11867294294094975,-0.01430652849859466,0.9085092756405254,0.0
1970-01-03 01:37:00,0.10441983944772708,-0.15939212329114968,0.8739435640759147,0.0
1970-01-03 01:38:00,0.1315616811257043,-0.06274996763993522,0.9037926939833758,0.0
1970-01-03 01:39:00,0.14438304488514753,0.06256863762525697,0.9303045670867353,0.0
1970-01-03 01:40:00,0.1420938381169746,0.011702531493479737,0.9315856125398035,0.0
1970-01-03 01:41:00,0.14351106127793745,-0.0005579704342908998,0.9297745816348998,0.0
1970-01-03 01:42:00,0.09941582442858939,0.012898784524286935,0.9258955749669012,0.0
1970-01-03 01:43:00,0.0685979768758703,0.027983804457232402,0.928279209447379,0.0
1970-01-03 01:44:00,0.04728649940244566,0.029977594378003864,0.9272957203373933,0.0
1970-01-03 01:45:00,0.06591038263449868,0.0591039000831827,0.9254171391489643,0.0
1970-01-03 01:46:00,0.07545313211500453,0.08426165790458946,0.922756204885525,0.0
1970-01-03 01:47:00,0.04438074493950147,0.06386062072876043,0.9177366404354705,0.0
1970-01-03 01:48:00,0.023172599704502694,-0.10549236020973363,0.8940373798848364,0.0
1970-01-03 01:49:00,0.03087836038278413,-0.07196618981610546,0.9073853119748138,0.0
1970-01-03 01:50:00,0.07743134297091424,0.06408835632557826,0.9223401978317041,0.0
1970-01-03 01:51:00,0.08287715575886541,0.06287904750671854,0.9236786292211989,0.0
1970-01-03 01:52:00,0.10100453103765694,0.0723817006473431,0.9226326588859508,0.0
1970-01-03 01:53:00,0.0548690667274688,0.022708645183265833,0.9244962886476799,0.0
1970-01-03 01:54:00,0.0426673080063972,0.0039465801452809686,0.9222938418512906,0.0
1970-01-03 01:55:00,0.020158550214118,-0.04759787355368913,0.9136353362176012,0.0
1970-01-03 01:56:00,0.030245055391059168,-0.035750493339053,0.9209254125225682,0.0
1970-01-03 01:57:00,0.01047043914955816,-0.12689899676706026,0.8945437348690785,0.0
1970-01-03 01:58:00,0.019810587332980762,-0.06936254375489274,0.9159184649782027,0.0
1970-01-03 01:59:00,0.0173915380701474,-0.055320836175084744,0.9008786412466051,0.0
1970-01-03 02:00:00,0.055316408213776834,0.010366504930254969,0.9180225930287524,0.0
1970-01-03 02:01:00,0.07958406806179846,-0.18876818294854633,0.8915608858965576,0.0
1970-01-03 02:02:00,0.21816353784429832,-0.26672302798739694,0.7199360097298638,0.0
1970-01-03 02:03:00,0.21362956035728328,-0.37991663279011917,0.6571215250355559,0.0
1970-01-03 02:04:00,0.18879290927965645,-0.30111919506340384,0.6587374594949539,0.0
1970-01-03 02:05:00,0.024778455322299036,-0.036324198883111065,0.8218546033624703,0.0
1970-01-03 02:06:00,0.10857867987910746,0.11392411140737387,0.9280099788444853,0.0
1970-01-03 02:07:00,0.115991118149282,0.13351452216058013,0.9274152792898475,0.0
1970-01-03 02:08:00,-0.011580517124182205,-0.05171613613079953,0.784067187226162,0.0
1970-01-03 02:09:00,0.08637150031853336,0.025174579507486302,0.5239285796970571,0.0
1970-01-03 02:10:00,0.028147906897955894,0.34755096301726573,0.6251241505323148,0.0
1970-01-03 02:11:00,0.02405315117689454,0.3497126795952213,0.6234109104829657,0.0
1970-01-03 02:12:00,0.025371460475470564,0.3616206010074408,0.6226823300829293,0.0
1970-01-03 02:13:00,0.11196028115897405,0.0365252273115283,0.9354511202990908,0.0
1970-01-03 02:14:00,0.12279990865653201,0.055942567042369204,0.935073645957239,0.0
1970-01-03 02:15:00,0.102473075080336,0.057941059273983644,0.9271704791870289,0.0
1970-01-03 02:16:00,0.0517394307273222,-0.06718679448254145,0.9282751781361668,0.0
1970-01-03 02:17:00,0.03026093465611025,-0.05737207460030185,0.9324502312498806,0.0
1970-01-03 02:18:00,0.006117117141448851,-0.07596798288568604,0.926416455131029,0.0
1970-01-03 02:19:00,0.128343753955376,-0.060563480833962104,0.9056307063115943,0.0
1970-01-03 02:20:00,0.2081207732623076,-0.08785587012533709,0.8719590359630897,0.0
1970-01-03 02:21:00,0.2607102102425448,-0.025072863141689758,0.8825222336813761,0.0
1970-01-03 02:22:00,0.22533999632672613,0.027290612637870304,0.887255702909407,0.0
1970-01-03 02:23:00,0.09987013539686145,0.0190475983959202,0.9065922060042195,0.0
1970-01-03 02:24:00,-0.1253451870388804,0.4408319686306039,0.5494648131894483,0.0
1970-01-03 02:25:00,-0.1335297755270842,0.5275934708139602,0.5074068039949307,0.0
1970-01-03 02:26:00,-0.12737237514503855,0.5208308746169803,0.5038803722972136,0.0
1970-01-03 02:27:00,0.39302489584337436,0.15748634267722683,0.43717590016121866,0.0
1970-01-03 02:28:00,0.46951301013829483,0.0801475020460265,0.4185213591802975,0.0230344177849537
1970-01-03 02:29:00,0.46837019601392677,0.08930298224420785,0.4174994685112085,0.02313320168121535
1970-01-03 02:30:00,0.6203932852879057,0.07634492700675255,0.3344527771434078,0.02318789794459515
1970-01-03 02:31:00,1.032979483754527,0.1242083976051658,-0.005231214026633756,0.0441747489945267
1970-01-03 02:32:00,1.031215187362899,0.1361449783112416,-0.006151946490338997,0.044321890412969245
1970-01-03 02:33:00,1.0341439432740591,0.1190133868320856,-0.010177426318262649,0.0443297255784281
1970-01-03 02:34:00,1.0322648421364236,0.1319692149255464,-0.011701222610621599,0.04450744658746015
1970-01-03 02:35:00,1.0317468265510379,0.13124421881505088,-0.013044332878603397,0.0445216221354285
1970-01-03 02:36:00,1.0304740703442699,0.123724160822165,0.005128698389089005,0.0436508425798266
1970-01-03 02:37:00,1.017879821403969,0.1728530996999353,0.018626329999489794,0.0433186743690281
1970-01-03 02:38:00,0.7343103364119221,0.284410241009863,0.28641334952090336,0.01986609533821725
1970-01-03 02:39:00,0.7394891754569668,0.30519936798704084,0.28221834280391306,0.01982070290931155
1970-01-03 02:40:00,0.7426241822962143,0.3228323475656695,0.28490482800827194,0.01969979284038155
1970-01-03 02:41:00,0.7488659900371342,0.32735376162257357,0.2845389867090899,0.0196101114202761
1970-01-03 02:42:00,0.7565659585546061,0.3299090118848908,0.2834046165987955,0.01961173280742785
1970-01-03 02:43:00,0.7653912598495773,0.3302664256551549,0.282360382875842,0.0195316312600496
1970-01-03 02:44:00,0.7682812555331273,0.3361293531311307,0.2765104116755294,0.01952179991971725
1970-01-03 02:45:00,0.7701368218291715,0.34347637619615334,0.2710735917080419,0.01943792990205725
1970-01-03 02:46:00,0.7718382636604871,0.35268893762197756,0.26430529290368476,0.01939024467102565
1970-01-03 02:47:00,0.7766788289337538,0.35923537487371104,0.25768945086879247,0.0193910531196424
1970-01-03 02:48:00,0.7817211928091783,0.36715863184661657,0.2508768955551211,0.0193557859793758
1970-01-03 02:49:00,0.7888263952635447,0.3734794021662738,0.2436439934655269,0.0193596094520051
1970-01-03 02:50:00,0.7955844874237774,0.3808333695902252,0.23698811159437982,0.01937248543385725
1970-01-03 02:51:00,0.8007040099527876,0.39390863443553614,0.23050740324117686,0.0192742089301735
1970-01-03 02:52:00,0.8082135208545391,0.401650297603736,0.22193626074160794,0.01930511237617825
1970-01-03 02:53:00,0.8169289539751318,0.40835502601954105,0.21379199298105583,0.01928361181151435
1970-01-03 02:54:00,0.8273618407152337,0.4125737482570804,0.2049866772405167,0.0193103760904505
1970-01-03 02:55:00,0.8387567345170228,0.4167909985709759,0.1956202227899445,0.0192480150717168
1970-01-03 02:56:00,0.8504017805602646,0.42228119812266296,0.186078317315845,0.01924840023745465
1970-01-03 02:57:00,0.8616384065838374,0.4301037546553428,0.1756033938793116,0.0192424253597416
1970-01-03 02:58:00,0.8744977464773447,0.436996413511582,0.16448295761873505,0.01921762783388335
1970-01-03 02:59:00,0.8888239182546066,0.44358741452967043,0.1526810842036844,0.01921501598180095
1970-01-03 03:00:00,0.9172932739759978,0.446170845558112,0.1034311174948033,0.028681894058189848
1970-01-03 03:01:00,0.9182266374306245,0.44299657179597124,0.10184664066008615,0.0284465577983762
1970-01-03 03:02:00,0.919143502681,0.4400149997559032,0.10035224553812855,0.028295851007522903
1970-01-03 03:03:00,0.9628372894323809,0.29824648469920284,0.018006947475510147,0.0427194167495477
1970-01-03 03:04:00,0.9622168179806765,0.29976345827582795,0.018178888882560744,0.0426863918929185
1970-01-03 03:05:00,0.9615199428152861,0.3012584792990347,0.017962565345726808,0.04266525826137755
1970-01-03 03:06:00,0.9578874601022636,0.3400771739408652,0.03978957283370625,0.04186972393149205
1970-01-03 03:07:00,0.6719937562630232,0.6231936723324278,0.07936032858671764,0.0190906205262906
1970-01-03 03:08:00,0.5791465233533767,0.7559245755657791,0.0907595668056254,0.0283440205732867
1970-01-03 03:09:00,0.5822839703518855,0.7557622522004173,0.0900702371794983,0.02864809754915735
1970-01-03 03:10:00,0.5867662551629571,0.7550103127092793,0.0929803258209004,0.028657544687040702
1970-01-03 03:11:00,0.5831270054630409,0.7562520973369316,0.09342783087485151,0.02845062299490215
1970-01-03 03:12:00,0.614331962177469,0.7473094409941867,0.095353968092416,0.029464275044156902
1970-01-03 03:13:00,0.6361954096760356,0.7401431293929883,0.0984362391342596,0.030604429688837802
1970-01-03 03:14:00,0.9584780353145932,0.26663222125271274,0.03541138688263534,0.0398936119183276
1970-01-03 03:15:00,0.9600405470286011,0.2585529527112662,0.03053057724635419,0.042001367080187604
1970-01-03 03:16:00,0.9577828531407733,0.25822025789201736,0.0297778122578662,0.0419054982265091
1970-01-03 03:17:00,1.0036493309667784,0.1238231270025745,-0.010056791912309005,0.02611663330241905
1970-01-03 03:18:00,1.0331110192407578,0.0846208827330575,-0.024922139707724604,0.0453454276278948
1970-01-03 03:19:00,1.0292821495055922,0.09933272781742415,-0.02581395296452315,0.0453316211001284
1970-01-03 03:20:00,1.027117590071673,0.10591179216418589,-0.0266393504100857,0.04534219078087915
1970-01-03 03:21:00,1.025418065545766,0.1086137632582945,-0.0277377294305034,0.04530653719019815
1970-01-03 03:22:00,1.0256797821249712,0.1055023216174181,-0.02865818647319045,0.0452795055691187
1970-01-03 03:23:00,1.0248254388260043,0.10643324249865815,-0.028643431775789104,0.04524313671258845
1970-01-03 03:24:00,1.0393593731052189,0.00031438668327594954,-0.04288829044491985,0.0446435065893688
1970-01-03 03:25:00,1.0374441216181727,-0.017255830682212002,-0.054859145314086595,0.0451448296384305
1970-01-03 03:26:00,1.035126754756882,-0.02697443917770785,-0.055231278455479,0.04488596141263075
1970-01-03 03:27:00,1.0340156692862943,-0.026813654566378742,-0.05705039493455885,0.04442665776257665
1970-01-03 03:28:00,1.0391230912346625,0.011835468368726246,-0.0620762776739227,0.04576378459608825
1970-01-03 03:29:00,1.0393024288358164,0.01859274472857385,-0.0623572071124448,0.045816882806262005
1970-01-03 03:30:00,1.0382313427807681,0.012011934098452852,-0.06120201267056685,0.045627932334813145
1970-01-03 03:31:00,1.0394959477310644,0.0286022182297494,-0.06304930078521839,0.0459661222646011
1970-01-03 03:32:00,1.0397945516089522,0.0368301132009915,-0.0644759029675621,0.0460850647941313
1970-01-03 03:33:00,1.0401129136943412,0.0454313078758546,-0.06478280067351061,0.0462099979628588
1970-01-03 03:34:00,1.0395899585570803,0.03477400374190155,-0.0628455039864782,0.0459991789896112
1970-01-03 03:35:00,1.0391205417885334,0.0336297325893717,-0.06273744550094305,0.0460002527607118
1970-01-03 03:36:00,1.039309200802097,0.0386474424537273,-0.0634718654823287,0.04604583803693655
1970-01-03 03:37:00,1.0396188788366088,0.0610432633289739,-0.06637207831293684,0.0464314842957087
1970-01-03 03:38:00,1.0395847003244385,0.06666376490050946,-0.06644011222265456,0.0465232317194258
1970-01-03 03:39:00,1.039418269294314,0.07037297198950555,-0.06588599464351365,0.046549980124697
1970-01-03 03:40:00,1.0391756735610782,0.07655630828028366,-0.0664516208866276,0.0466430015753425
1970-01-03 03:41:00,1.038936423975887,0.07526922658079835,-0.0651034497574372,0.046607802487239
1970-01-03 03:42:00,1.0367942020719205,0.0927362360689055,-0.06581684429502585,0.04662019674930605
1970-01-03 03:43:00,1.031486305024706,0.11110399369881846,-0.06418145822622034,0.04641382637338925
1970-01-03 03:44:00,1.0207820322031855,0.1347377573783266,-0.0610049882779339,0.04614769134648785
1970-01-03 03:45:00,1.0104704935908557,0.1651966848159871,-0.0557870780701237,0.045777142389387654
1970-01-03 03:46:00,1.0025051574697668,0.20134764564093316,-0.05505327778602885,0.04586548183405645
1970-01-03 03:47:00,1.0040986509295096,0.1979340969788957,-0.05512567908617745,0.04403043526511555
1970-01-03 03:48:00,1.0311961461871215,0.12147229046765075,-0.071634872310242,0.04681756019779465
1970-01-03 03:49:00,1.016469405064996,0.1725484871417805,-0.07411979450955869,0.04641293757390915
1970-01-03 03:50:00,0.989249924785364,0.2365294698183702,-0.0635071538002803,0.04494374531790875
1970-01-03 03:51:00,0.9685478894215028,0.2769870033068513,-0.0551303169793939,0.044855927397680254
1970-01-03 03:52:00,0.9575308513455489,0.27990791277899957,-0.050009532026344554,0.04429606673995895
1970-01-03 03:53:00,0.9499325557968793,0.2811062984689045,-0.048717886142898695,0.044173320489105244
1970-01-03 03:54:00,0.9468476313721425,0.28218994574956635,-0.04963267738178365,0.04407208542849845
1970-01-03 03:55:00,0.9435032111747897,0.29216359766426697,-0.05244940813449479,0.0440744379527453
1970-01-03 03:56:00,0.9407876277992531,0.3119298144401529,-0.05551039798445315,0.0444119852213368
1970-01-03 03:57:00,0.9381973506968461,0.31914625196629987,-0.05723838945238225,0.04443314956398185
1970-01-03 03:58:00,0.936396311408758,0.32304519653855335,-0.05809148638319955,0.04448406078534475
1970-01-03 03:59:00,0.940782314793355,0.31689084855153987,-0.058316544700895145,0.044051502551318455
1970-01-03 04:00:00,0.9706609819116876,0.2738398261282451,-0.053851261771063946,0.04526216121166145
1970-01-03 04:01:00,0.9493778122531943,0.30552034710857123,-0.053119979621992254,0.04414895261777845
1970-01-03 04:02:00,0.9321967711280708,0.33063193724731055,-0.0574562622324433,0.0443537288883515
1970-01-03 04:03:00,0.9290523480084154,0.3320798035581249,-0.0587944395132606,0.0442601087705436
1970-01-03 04:04:00,0.9268661979525894,0.3358779445561735,-0.05934339294831105,0.0442281679406237
1970-01-03 04:05:00,0.924283768364049,0.3396128954050695,-0.0606696631883254,0.0441799773006554
1970-01-03 04:06:00,0.9727704892432536,0.2195717980384198,-0.0556769932728121,0.02371267313428825
1970-01-03 04:07:00,1.0003652076076608,0.17743349026022215,-0.019889152452134802,0.02283955359602015
1970-01-03 04:08:00,1.0371462347720088,0.0976774688455051,-0.06578843166606335,0.04697869222073655
1970-01-03 04:09:00,1.0367221503424475,0.0995256845360917,-0.06803643277097375,0.047048431694457354
1970-01-03 04:10:00,1.0362846016505163,0.1021292108039532,-0.0677405420692867,0.0470311227713451
1970-01-03 04:11:00,1.0363870575168352,0.1020054625849142,-0.06679046743068259,0.04697903830438205
1970-01-03 04:12:00,1.0360157147540727,0.0846571446866404,-0.0653045907106451,0.0466243687252606
1970-01-03 04:13:00,0.7269472567955667,0.49652790984572936,0.0007964782386558501,0.02294273558233295
1970-01-03 04:14:00,0.665498335175826,0.5923162442914403,0.01763095843986345,0.0329263378626032
1970-01-03 04:15:00,0.6475479887224294,0.5990898850979565,0.01692067714342645,0.0320772334552056
1970-01-03 04:16:00,0.647267499854343,0.6121453627000977,0.0159067146650744,0.031072459643479648
1970-01-03 04:17:00,0.6100805018288332,0.1695485747981188,0.3540334114614235,0.0207564504860953
1970-01-03 04:18:00,0.5637335231188834,0.0758795045288143,0.43502584565589103,0.0227992035949216
1970-01-03 04:19:00,0.5844371170308666,-0.023517724415704603,0.42819522734918114,0.02282142239207985
1970-01-03 04:20:00,0.6067947288512271,-0.05623595783180631,0.4265658366057531,0.0227871535605264
1970-01-03 04:21:00,0.6355729564283166,-0.0031932081956193986,0.4483670037003502,0.0227506053715678
1970-01-03 04:22:00,0.6165858916487468,-0.0516520652474309,0.4399811615958165,0.02271396083247
1970-01-03 04:23:00,0.5923142233942132,-0.13197144713123185,0.4182740065148285,0.02272081007943725
1970-01-03 04:24:00,0.5914648047089609,-0.12980113580213384,0.4255275190402239,0.0227007124616384
1970-01-03 04:25:00,0.5858208289175134,-0.15222817212513948,0.4171754897839017,0.0226624676040309
1970-01-03 04:26:00,0.5936861241749644,-0.14448071260703488,0.41960177189751285,0.02263914737129045
1970-01-03 04:27:00,0.609156257895565,-0.08333783013952585,0.43602774862823374,0.02259746239272485
1970-01-03 04:28:00,0.6219670703340162,-0.04632941381501231,0.44583648948606336,0.02259980698185425
1970-01-03 04:29:00,0.633216182698536,-0.002721519344351199,0.44920869033184385,0.02257851219974415
1970-01-03 04:30:00,0.6147482439076464,-0.00636400322394885,0.4545737343821405,0.0222704818396473
1970-01-03 04:31:00,0.604357363743318,-0.1329241079748726,0.4240454441138835,0.02249958829307495
1970-01-03 04:32:00,0.5894466541901553,-0.24401988654936585,0.4505671995856802,0.0156126777899389
1970-01-03 04:33:00,0.5815267400370175,-0.1353734956315522,0.47034536979250535,0.01721031876047795
1970-01-03 04:34:00,0.5927244950043167,-0.17938277206692838,0.45104999295758297,0.0203649724034026
1970-01-03 04:35:00,0.4257398317392643,0.2388461196929786,0.4515751126380977,0.0
1970-01-03 04:36:00,0.4203738849987395,0.44486976550753177,0.4612068118818083,0.0156405228305488
1970-01-03 04:37:00,0.4052439479753968,0.4686936311120419,0.45589402405147494,0.01609849084962865
1970-01-03 04:38:00,0.4408106435217112,0.4514704078425855,0.46174272708258846,0.01682068376648645
1970-01-03 04:39:00,0.440559134685797,0.44100768016838704,0.46421937189666285,0.01705274095505925
1970-01-03 04:40:00,0.46083906243672446,0.0940181194118401,0.4409705624212278,0.0
1970-01-03 04:41:00,0.5886069353507228,-0.1775917686685456,0.41908014416204964,0.02135341366989295
1970-01-03 04:42:00,0.5647035475359647,-0.015355084763500962,0.4449306986125932,0.01954171415404235
1970-01-03 04:43:00,0.5651553970272774,-0.05139515406428531,0.43085500254916903,0.0176827233417824
1970-01-03 04:44:00,0.5873462591367469,-0.011181254943728151,0.4776626717929994,0.02183156095762905
1970-01-03 04:45:00,0.5711414417654838,-0.12270059581244529,0.3907130826232856,0.014399052112085
1970-01-03 04:46:00,0.5513813869112821,-0.06007271446970475,0.3718374670929672,0.0224936433650976
1970-01-03 04:47:00,0.41671907471453834,0.08074790463510334,0.6252477080077647,0.0
1970-01-03 04:48:00,0.1641894146773637,-0.06823428104343836,0.9167332669116202,0.0
1970-01-03 04:49:00,0.1559900473686294,-0.004214308161872501,0.9278189087919594,0.0
1970-01-03 04:50:00,0.19149733384899065,-0.08819258392715774,0.9059757891744177,0.0
1970-01-03 04:51:00,0.16126063386926914,0.0009681597411659998,0.924154938723299,0.0
1970-01-03 04:52:00,0.11426070814578865,0.06442758578777455,0.9361481420407964,0.0
1970-01-03 04:53:00,0.12451341032166685,-0.055895331342922606,0.9197866335012546,0.0
1970-01-03 04:54:00,0.1727827212069358,-0.07119111839757035,0.9182887858033921,0.0
1970-01-03 04:55:00,0.13692396967660092,-0.22843305226816613,0.8795932688637651,0.0
1970-01-03 04:56:00,0.14210787002945935,-0.1617928697855437,0.9087632220163222,0.0
1970-01-03 04:57:00,0.189520671582429,-0.0407319176286015,0.9217657450007225,0.0
1970-01-03 04:58:00,0.18633061736056972,-0.01659374632786975,0.9293767146618284,0.0
1970-01-03 04:59:00,0.16713753044506735,-0.03591072285161375,0.9309233217163699,0.0
1970-01-03 05:00:00,0.13897535760343904,-0.1628532231646996,0.8742221655510689,0.0
1970-01-03 05:01:00,0.15132987395801245,-0.1647344562650044,0.882221828042284,0.0
1970-01-03 05:02:00,0.16785050396853554,-0.023613734568630453,0.9264294540194398,0.0
1970-01-03 05:03:00,0.17359495383028745,0.026920208221442102,0.9312944662930365,0.0
1970-01-03 05:04:00,0.17580120069192925,0.0294875484610842,0.9310866414619057,0.0
1970-01-03 05:05:00,0.1743772553585553,0.017629813714104,0.9314267470734723,0.0
1970-01-03 05:06:00,0.1696731288991438,-0.0052668311052114,0.9327262621288654,0.0
1970-01-03 05:07:00,0.1911808539718765,-0.004841487095792051,0.9310353344608087,0.0
1970-01-03 05:08:00,0.20009885636706526,0.006382230372867351,0.9299008359411525,0.0
1970-01-03 05:09:00,0.19153508258161916,-0.0218583553507776,0.9303004324926412,0.0
1970-01-03 05:10:00,0.19880564981800652,-0.030205635363505852,0.9286424569821141,0.0
1970-01-03 05:11:00,0.2002010134701659,-0.0015537973778974989,0.9206475455034622,0.0
1970-01-03 05:12:00,0.18250143890341186,-0.1296138937324884,0.9015515882403842,0.0
1970-01-03 05:13:00,0.16363176317168748,-0.036708764223437496,0.9257740306879412,0.0
1970-01-03 05:14:00,0.14615074883725934,-0.021453663040216203,0.9227793287751747,0.0
1970-01-03 05:15:00,0.18054693988825884,-0.076036194232208,0.9219461162582219,0.0
1970-01-03 05:16:00,0.16723049062043233,-0.14510897474280626,0.910314939114397,0.0
1970-01-03 05:17:00,0.17925154738831994,-0.07563382523776815,0.9184804886684956,0.0
1970-01-03 05:18:00,0.17538569574611926,-0.0760450673763497,0.9217265122603322,0.0
1970-01-03 05:19:00,0.18408515782652995,-0.0527238276778676,0.9231118652269741,0.0
1970-01-03 05:20:00,0.16887347420728135,-0.05936648710905365,0.9253174514950882,0.0
1970-01-03 05:21:00,0.1682730846232316,-0.048484423652529945,0.9270056938082178,0.0
1970-01-03 05:22:00,0.169789541987143,-0.0512144516992782,0.9267700858818804,0.0
1970-01-03 05:23:00,0.16772832475042376,-0.066652973375518,0.9261883966915287,0.0
1970-01-03 05:24:00,0.1825804418570965,-0.06559167346016445,0.9250568884572123,0.0
1970-01-03 05:25:00,0.1847244613197595,-0.0604207107805338,0.9262790938164549,0.0
1970-01-03 05:26:00,0.1996485903208095,-0.0501334111894281,0.9243920221193768,0.0
1970-01-03 05:27:00,0.21741248362907023,-0.0618375337410796,0.9216454450345768,0.0
1970-01-03 05:28:00,0.2162899903829315,-0.05651526699716915,0.9226549811037084,0.0
1970-01-03 05:29:00,0.2070933763485445,-0.0678114729411581,0.9235611162534509,0.0
1970-01-03 05:30:00,0.184499263564601,-0.056591394828253344,0.9270009673868169,0.0
1970-01-03 05:31:00,0.17703495833993893,-0.05473975743462065,0.9266127417887922,0.0
1970-01-03 05:32:00,0.156057498144541,-0.0571561985452546,0.9268876808201691,0.0
1970-01-03 05:33:00,0.16162445775770523,-0.0750167848707144,0.9263214348797644,0.0
1970-01-03 05:34:00,0.17083968474059055,-0.0358374903077224,0.9287156255265276,0.0
1970-01-03 05:35:00,0.16556949161152154,-0.04825893544647025,0.92685578608262,0.0
1970-01-03 05:36:00,0.22064922956255828,-0.1293844017289294,0.755571612273032,0.0
1970-01-03 05:37:00,0.17205786188676744,-0.5442087900684311,0.3739590253593804,0.0
1970-01-03 05:38:00,0.23955718098011308,-0.10351413090018015,0.9181508248427823,0.0
1970-01-03 05:39:00,0.2397689706937854,-0.10176464142539154,0.9183938063642376,0.0
1970-01-03 05:40:00,0.23932730226796575,-0.0976601560404301,0.9189914916447248,0.0
1970-01-03 05:41:00,0.23304891922059462,-0.10556570400752485,0.9187162879040389,0.0
1970-01-03 05:42:00,0.22761361304924121,-0.1343238807350852,0.9145539579398727,0.0
1970-01-03 05:43:00,0.2213637839884176,-0.12265691772783,0.9173299618385156,0.0
1970-01-03 05:44:00,0.2246909089875834,-0.110815522762896,0.9191267685781657,0.0
1970-01-03 05:45:00,0.22058646162346052,-0.1088850927241999,0.9198532769720068,0.0
1970-01-03 05:46:00,0.22386877035604624,-0.1043897902578087,0.9201757457224596,0.0
1970-01-03 05:47:00,0.2224553827968656,-0.1036656813076294,0.9204312839592329,0.0
1970-01-03 05:48:00,0.2164496164879759,-0.09903514160933244,0.9217337624375933,0.0
1970-01-03 05:49:00,0.2156332106988146,-0.10373214090428076,0.921275652492011,0.0
1970-01-03 05:50:00,0.22129642164959695,-0.10901626360361315,0.9199932956622301,0.0
1970-01-03 05:51:00,0.21728242076461718,-0.10740298888523969,0.9207697645891385,0.0
1970-01-03 05:52:00,0.2262082488880145,-0.11310644710316656,0.9182721639896336,0.0
1970-01-03 05:53:00,0.2719049864598108,-0.15161803344202435,0.9033189209156681,0.0
1970-01-03 05:54:00,0.25387394762747706,-0.13692835821417834,0.9105988905335349,0.0
1970-01-03 05:55:00,0.25397775625096786,-0.14685556035737435,0.908494463516905,0.0
1970-01-03 05:56:00,0.25212353625641826,-0.1460157323026922,0.9093004373663203,0.0
1970-01-03 05:57:00,0.24917179383520394,-0.1434379849558882,0.9105152775014886,0.0
1970-01-03 05:58:00,0.24494621395408825,-0.1428237927677904,0.9115134521182873,0.0
1970-01-03 05:59:00,0.24060007075293827,-0.13236747464338006,0.9143423597403131,0.0
1970-01-03 06:00:00,0.256415549053798,-0.13729774722638505,0.9099156741469678,0.0
1970-01-03 06:01:00,0.25699161229957856,-0.1443663943181361,0.9082151676956447,0.0
1970-01-03 06:02:00,0.25840266695729575,-0.1267386867275988,0.9107844368645301,0.0
1970-01-03 06:03:00,0.2620496763217336,-0.1362161437498948,0.9081861073607805,0.0
1970-01-03 06:04:00,0.24700099688920563,-0.12383753170714759,0.9125775567846369,0.0
1970-01-03 06:05:00,0.25383796145952003,-0.1169033620693984,0.9118087694360392,0.0
1970-01-03 06:06:00,0.25745358296266113,-0.11827100148771871,0.911279526526535,0.0
1970-01-03 06:07:00,0.2759813677908136,-0.11351403470092081,0.9075389450457934,0.0
1970-01-03 06:08:00,0.2990849445065279,-0.13181953060235346,0.8989370701111248,0.0
1970-01-03 06:09:00,0.28779763332067615,-0.12718267805229644,0.9027161944578229,0.0
1970-01-03 06:10:00,0.2791428664332898,-0.1272423788322376,0.9045157502087108,0.0
1970-01-03 06:11:00,0.27554120229999235,-0.13130171733382326,0.9040549184470192,0.0
1970-01-03 06:12:00,0.27369131018843007,-0.1381427440136418,0.9028206263817086,0.0
1970-01-03 06:13:00,0.2737174605155201,-0.13867720617632645,0.9024656111172242,0.0
1970-01-03 06:14:00,0.26977521476381494,-0.1231147925162442,0.9063384360290274,0.0
1970-01-03 06:15:00,0.28964284676940233,-0.08198386677770965,0.9080815853611184,0.0
1970-01-03 06:16:00,0.28810264412545594,-0.06731343691181779,0.9103949461994477,0.0
1970-01-03 06:17:00,0.26277609409849106,-0.09766813002580091,0.9120213717152327,0.0
1970-01-03 06:18:00,0.2604184031262527,-0.1022784031101311,0.9116337667638512,0.0
1970-01-03 06:19:00,0.2578527016906867,-0.11167409984073526,0.9103071370271404,0.0
1970-01-03 06:20:00,0.2595699433187,-0.10404156456937386,0.9113311047680224,0.0
1970-01-03 06:21:00,0.2602287190351374,-0.1134627172242208,0.9090988321742508,0.0
1970-01-03 06:22:00,0.2576518231318434,-0.1118902929983017,0.9098898176787784,0.0
1970-01-03 06:23:00,0.25483730234013213,-0.10341505342025406,0.9119509539883313,0.0
1970-01-03 06:24:00,0.2564324384510162,-0.12140680682033761,0.9069239958683306,0.0
1970-01-03 06:25:00,0.290919625849193,-0.0696612306397214,0.9092576858269158,0.0
1970-01-03 06:26:00,0.27563727419910483,-0.036870728741555,0.9132131390073694,0.0
1970-01-03 06:27:00,0.2490778758432762,-0.02074367397052365,0.921129777688081,0.0
1970-01-03 06:28:00,0.2602669265627685,-0.020721714654378602,0.9193372896952396,0.0
1970-01-03 06:29:00,0.2647739663750682,0.002427985983953801,0.9183978243287169,0.0
1970-01-03 06:30:00,0.26804195796180036,0.015317905800250553,0.9174053643627111,0.0
1970-01-03 06:31:00,0.2655056541016027,0.01458291686813025,0.9180292227505448,0.0
1970-01-03 06:32:00,0.26430651813847916,0.016371159256128552,0.9183039894167018,0.0
1970-01-03 06:33:00,0.26349057552993416,0.0163136893642782,0.9185548425932186,0.0
1970-01-03 06:34:00,0.2619196909782942,0.0205429718393556,0.9187137635961322,0.0
1970-01-03 06:35:00,0.25908910771166466,0.0229879418938014,0.9192821806806787,0.0
1970-01-03 06:36:00,0.26196525274121724,0.0236860091406522,0.9188203084761088,0.0
1970-01-03 06:37:00,0.2620753562499928,0.026660407576823402,0.9187457527942353,0.0
1970-01-03 06:38:00,0.26460498331336335,0.0265074280102095,0.9183691731780905,0.0
1970-01-03 06:39:00,0.2860810134389352,-0.4427712087085834,0.45218268648592375,0.0
1970-01-03 06:40:00,0.2243460907697311,-0.0497185853736918,0.8406105123933605,0.0
1970-01-03 06:41:00,0.173287162983438,-0.06593800447468864,0.9150467361433892,0.0
1970-01-03 06:42:00,0.14674982884253576,-0.036236230069789495,0.9175578331758958,0.0
1970-01-03 06:43:00,0.12114966014409201,0.0563278983852513,0.9302425153871083,0.0
1970-01-03 06:44:00,0.10607969485743014,0.0708975555106428,0.9274236993038312,0.0
1970-01-03 06:45:00,0.1200390775915883,0.0713945578780847,0.9297969628714466,0.0
1970-01-03 06:46:00,0.1304787308512993,0.09359586303386755,0.9283166191629348,0.0
1970-01-03 06:47:00,0.15122017308365043,-0.03276731157103469,0.9169918085559519,0.0
1970-01-03 06:48:00,0.17738791222661698,0.0012804356993381498,0.9315528112080695,0.0
1970-01-03 06:49:00,0.17584685171168096,-0.0052953183015772495,0.9310008674876791,0.0
1970-01-03 06:50:00,0.1844691731291341,-0.008769764166791101,0.9299643401587678,0.0
1970-01-03 06:51:00,0.2193113081184985,0.0160025357694612,0.9292165327486066,0.0
1970-01-03 06:52:00,0.21285227639128673,0.030248143443655097,0.9286937836561411,0.0
1970-01-03 06:53:00,0.15441433529976095,-0.1154924240275325,0.8942893999529169,0.0
1970-01-03 06:54:00,0.18800347726924585,0.035328041242365854,0.9243247800450862,0.0
1970-01-03 06:55:00,0.1935267825968338,0.0020653116131398516,0.929957887437771,0.0
1970-01-03 06:56:00,0.18290243391558775,-0.0059783833646856535,0.9278025556690059,0.0
1970-01-03 06:57:00,0.17247137507778895,-0.0005358255366185033,0.929407989702087,0.0
1970-01-03 06:58:00,0.1903733418073736,-0.03533600328214615,0.9247082841399425,0.0
1970-01-03 06:59:00,0.18158182082063973,-0.01046468654857545,0.928700088830164,0.0
1970-01-03 07:00:00,0.1814184321959545,0.0013875005851820554,0.9288640725370828,0.0
1970-01-03 07:01:00,0.17582436480011915,0.02874749888186235,0.9306671604965523,0.0
1970-01-03 07:02:00,0.18101901067006143,0.013842494611192253,0.9298723593751679,0.0
1970-01-03 07:03:00,0.17602242489628475,0.006353768484956002,0.9311264594719595,0.0
1970-01-03 07:04:00,0.17915069488460567,0.0012056593397233029,0.9304424710462917,0.0
1970-01-03 07:05:00,0.1732521280167088,-0.009400385050520297,0.9307702220579008,0.0
1970-01-03 07:06:00,0.1778136697302006,0.0008588272178003988,0.930961679011381,0.0
1970-01-03 07:07:00,0.17537536351815405,-0.0026725829167632484,0.932209336223641,0.0
1970-01-03 07:08:00,0.17846465486526455,-0.004176927574601454,0.931418248367769,0.0
1970-01-03 07:09:00,0.17385430022129425,0.0006606569575093521,0.931935095581274,0.0
1970-01-03 07:10:00,0.1710486347560621,-0.002374955492045798,0.9324683893641492,0.0
1970-01-03 07:11:00,0.1771364631433464,0.0052684761547527985,0.9328350140851784,0.0
1970-01-03 07:12:00,0.18667068459376635,0.0285479265331929,0.9335816411195476,0.0
1970-01-03 07:13:00,0.18139766815228464,0.04891825611758285,0.933729502860439,0.0
1970-01-03 07:14:00,0.1481956237259392,-0.11097295158319749,0.9197572175528688,0.0
1970-01-03 07:15:00,0.1476516008024031,-0.12103631184565776,0.9177800438369929,0.0
1970-01-03 07:16:00,0.1421755050426889,-0.09705061892149384,0.9253324176764856,0.0
1970-01-03 07:17:00,0.1403431553693259,-0.10301267327134724,0.9161782788053325,0.0
1970-01-03 07:18:00,0.14533320320800944,-0.06606373687655905,0.9038311299701063,0.0
1970-01-03 07:19:00,0.21063702679800106,-0.06431446205792746,0.8980341519898495,0.0
1970-01-03 07:20:00,0.13197530552303485,-0.04214740430275066,0.9151666229780075,0.0
1970-01-03 07:21:00,0.1229278191490476,-0.049888815100233894,0.9118845782515819,0.0
1970-01-03 07:22:00,0.1298440133734702,-0.053536411287637115,0.9125691076828211,0.0
1970-01-03 07:23:00,0.11831507439933114,-0.10403572705028641,0.8895107174138155,0.0
1970-01-03 07:24:00,0.11973243698312915,-0.0496169364971072,0.9158594150397916,0.0
1970-01-03 07:25:00,0.1086968357525466,-0.1005866756883006,0.9014904005102609,0.0
1970-01-03 07:26:00,0.13472849322897773,-0.14698103605920654,0.9021630671647892,0.0
1970-01-03 07:27:00,0.14145113868183065,-0.07925567260358066,0.9213072575336723,0.0
1970-01-03 07:28:00,0.15141645055928035,-0.09030684209126731,0.9114196183906051,0.0
1970-01-03 07:29:00,0.1597421747917953,-0.0764791478642566,0.9163696865764881,0.0
1970-01-03 07:30:00,0.19784145626306848,-0.0010008025857578956,0.9174390676982798,0.0
1970-01-03 07:31:00,0.20429848627671784,0.01999867999200125,0.9280732994480888,0.0
1970-01-03 07:32:00,0.2049585637723912,0.019068260218159945,0.9269693333155884,0.0
1970-01-03 07:33:00,0.20434271817118288,0.00317930373072655,0.921830134500182,0.0
1970-01-03 07:34:00,0.16243038149776434,0.010838421557613553,0.9210930291638693,0.0
1970-01-03 07:35:00,0.15409720810234054,-0.0019459569417990957,0.91895969664893,0.0
1970-01-03 07:36:00,0.18617766055158907,-0.050995295668530095,0.9222469645382356,0.0
1970-01-03 07:37:00,0.2083771867943885,0.0214288455697504,0.9279568357032673,0.0
1970-01-03 07:38:00,0.20306840341629284,0.007106932905290846,0.9227139998933138,0.0
1970-01-03 07:39:00,0.1622167209822181,0.02671086174765145,0.9246517638124305,0.0
1970-01-03 07:40:00,0.11336033041427324,-0.08942525244950511,0.9032818519317131,0.0
1970-01-03 07:41:00,0.10290965777119496,-0.0903456146435349,0.8971066913841292,0.0
1970-01-03 07:42:00,0.12079891710522911,-0.0391219810369703,0.9109226457544997,0.0
1970-01-03 07:43:00,0.1199633460951436,0.04417150869030165,0.9305587774076742,0.0
1970-01-03 07:44:00,0.11868763213251471,0.0496705549887744,0.9312644847479168,0.0
1970-01-03 07:45:00,0.1231160798116539,0.0520090966765104,0.932983190592948,0.0
1970-01-03 07:46:00,0.14261313838419876,0.057133694267528595,0.9335325374865957,0.0
1970-01-03 07:47:00,0.12949198565276884,0.04566927314997435,0.9361344004992832,0.0
1970-01-03 07:48:00,0.10574212727649304,0.045004313755202904,0.9369721525448031,0.0
1970-01-03 07:49:00,0.1126271903735718,0.02157360992939185,0.938602044947943,0.0
1970-01-03 07:50:00,0.11209767738366974,-0.09826644213653744,0.9170954062046395,0.0
1970-01-03 07:51:00,0.1440071725400368,-0.028611638036507903,0.9287508548256895,0.0
1970-01-03 07:52:00,0.14618542030873966,-0.12314721410870291,0.9183276250851851,0.0
1970-01-03 07:53:00,0.09574082439001574,0.26135667391577744,0.7662993592949711,0.0
1970-01-03 07:54:00,0.09106031516300855,0.3783981930103645,0.7301729892856601,0.0
1970-01-03 07:55:00,0.0636481973396227,0.2929949753323354,0.6821048557522256,0.0
1970-01-03 07:56:00,0.09476834015577071,0.2929606165745295,0.6768549426057517,0.0
1970-01-03 07:57:00,0.14818359352701688,0.3494015374558101,0.6871531705498719,0.0
1970-01-03 07:58:00,0.1274226370771257,0.352823280995409,0.6978708892958103,0.0
1970-01-03 07:59:00,0.15226534142951376,0.11834409462990675,0.7993424057606904,0.0
1970-01-03 08:00:00,0.1957966510858063,-0.19431012876459763,0.900759138034119,0.0
1970-01-03 08:01:00,0.18177089312332234,-0.24615799540098,0.8711870652768174,0.0
1970-01-03 08:02:00,0.1888782260960206,-0.2357652101715901,0.8793438161130326,0.0
1970-01-03 08:03:00,0.2018906987274177,-0.1547395351251565,0.8884349229168869,0.0
1970-01-03 08:04:00,0.21483354957018364,-0.03313215318916755,0.9214776742886581,0.0
1970-01-03 08:05:00,0.2090558573210122,-0.0297487114645829,0.9222153304670071,0.0
1970-01-03 08:06:00,0.215619565721132,-0.0398847474849359,0.9211130955523352,0.0
1970-01-03 08:07:00,0.2118309294326935,-0.03631966698252835,0.9207505628007187,0.0
1970-01-03 08:08:00,0.2162588393380398,-0.013722962780670103,0.9194674156229761,0.0
1970-01-03 08:09:00,0.20424078016110891,-0.1006895646791548,0.903373104816908,0.0
1970-01-03 08:10:00,0.18074175342411924,-0.20231713660680495,0.8960425235887528,0.0
1970-01-03 08:11:00,0.1828641922236491,-0.22265847282573942,0.8819529187639117,0.0
1970-01-03 08:12:00,0.20954671035046998,-0.09513899036735521,0.9155743739589269,0.0
1970-01-03 08:13:00,0.22397232802490047,-0.03713560143167135,0.9189767727520557,0.0
1970-01-03 08:14:00,0.24325763318710905,-0.002443971647420301,0.9160945311428824,0.0
1970-01-03 08:15:00,0.25524079184075893,-0.0557249042104355,0.9161163779315014,0.0
1970-01-03 08:16:00,0.24430481320530878,-0.059923799523528054,0.9115773362693608,0.0
1970-01-03 08:17:00,0.1798694843320561,-0.2312931252774287,0.8830018597115699,0.0
1970-01-03 08:18:00,0.18881683523405296,-0.1673292612394512,0.9016480052696697,0.0
1970-01-03 08:19:00,0.16181422219517685,-0.2802591991889114,0.8560849832798294,0.0
1970-01-03 08:20:00,0.1736748680117879,-0.138253962193437,0.9007770404002993,0.0
1970-01-03 08:21:00,0.15536364048765514,-0.28734754556523007,0.864619478960682,0.0
1970-01-03 08:22:00,0.15053951578162525,-0.27373356605125376,0.8760231485070425,0.0
1970-01-03 08:23:00,0.17730665859002134,-0.28166551407915597,0.8696878601467941,0.0
1970-01-03 08:24:00,0.12170114218931094,-0.33433055527895095,0.8365108754562977,0.0
1970-01-03 08:25:00,0.06675324844649695,-0.23857191777373032,0.8925268038013491,0.0
1970-01-03 08:26:00,0.08099928452981185,-0.17637383472839804,0.9098586845248868,0.0
1970-01-03 08:27:00,0.06618858596396535,-0.15828220246027414,0.9151485976560159,0.0
1970-01-03 08:28:00,0.0655616114328764,-0.16106827354862904,0.9140924760889554,0.0
1970-01-03 08:29:00,0.0568465738300199,-0.17149615654269565,0.913964705327692,0.0
1970-01-03 08:30:00,0.0566293779497241,-0.1557940068194906,0.9151757217080719,0.0
1970-01-03 08:31:00,0.07894293713355044,-0.12783244174482744,0.914194052344099,0.0
1970-01-03 08:32:00,0.09558650322900496,-0.12383638863272349,0.9135247054964859,0.0
1970-01-03 08:33:00,0.0960510202807722,-0.13060657230435735,0.9098802854018826,0.0
1970-01-03 08:34:00,0.0796220259286797,-0.1307875631857455,0.9100901512994872,0.0
1970-01-03 08:35:00,0.0610809548813444,-0.12276584100810195,0.9089010308900509,0.0
1970-01-03 08:36:00,0.058997056536971446,-0.1378969257026667,0.8974031870284098,0.0
1970-01-03 08:37:00,0.05387543337696145,-0.129906525268291,0.9035401771738163,0.0
1970-01-03 08:38:00,0.07101057451298465,-0.10625455468662792,0.9030253611903201,0.0
1970-01-03 08:39:00,0.09539925836134075,-0.1380093306724065,0.8931681904973866,0.0
1970-01-03 08:40:00,0.07920066522379166,-0.08766265526043374,0.9130877844788039,0.0
1970-01-03 08:41:00,0.08312356072313411,-0.08977390678015075,0.9042421319026864,0.0
1970-01-03 08:42:00,0.0812512962838102,-0.08425750900528466,0.9059825025617353,0.0
1970-01-03 08:43:00,0.06610834812231176,-0.11062335071635421,0.9095776124576233,0.0
1970-01-03 08:44:00,0.0593975038165806,-0.11415804588830969,0.91449646954027,0.0
1970-01-03 08:45:00,0.0655880420189194,-0.1187776132701241,0.9126661837552572,0.0
1970-01-03 08:46:00,0.06264786339404779,-0.1109024574140812,0.9165492118980031,0.0
1970-01-03 08:47:00,0.06478209338192539,-0.11672424218580915,0.9174464598016778,0.0
1970-01-03 08:48:00,0.0633310651628153,-0.1167219138079968,0.9166259166515605,0.0
1970-01-03 08:49:00,0.0601827780388702,-0.1254820708854662,0.9126485223824677,0.0
1970-01-03 08:50:00,0.06217167963860705,-0.11333575901709154,0.917363558075212,0.0
1970-01-03 08:51:00,0.06357530907313855,-0.11971125227937561,0.915115320895143,0.0
1970-01-03 08:52:00,0.0716714586693473,-0.1261811562002622,0.912965851659479,0.0
1970-01-03 08:53:00,0.10409880509132995,-0.11776523965897664,0.9135836455943718,0.0
1970-01-03 08:54:00,0.06782053024989931,-0.13752532166549605,0.9074723138677463,0.0
1970-01-03 08:55:00,0.0579771137655041,-0.14986064719532985,0.9046012415645059,0.0
1970-01-03 08:56:00,0.04739257030370565,-0.14167462759287494,0.9077158303118911,0.0
1970-01-03 08:57:00,0.02863069829990745,-0.1651884089513712,0.8841781287795695,0.0
1970-01-03 08:58:00,0.0205684384114245,-0.13707812127478536,0.9022524658763442,0.0
1970-01-03 08:59:00,0.0455250412613913,-0.0160064940117423,0.9321254459324491,0.0
1970-01-03 09:00:00,0.05467037756874915,-0.020702594159912553,0.9181332565380843,0.0
1970-01-03 09:01:00,0.0648845641864053,0.09648625557160055,0.9307424045350666,0.0
1970-01-03 09:02:00,0.09411150424101555,0.029390495599833553,0.9354277783678018,0.0
1970-01-03 09:03:00,0.17401589128728295,-0.037498418373445544,0.9187065847332418,0.0
1970-01-03 09:04:00,0.20467451962200725,-0.006537887491318249,0.9249528629223003,0.0
1970-01-03 09:05:00,0.2233977565622962,0.006310678310353646,0.9225546540796115,0.0
1970-01-03 09:06:00,0.2192385692336235,0.024839620425176453,0.9245610519328068,0.0
1970-01-03 09:07:00,0.21229285720323574,0.0257125140819784,0.9251715472107185,0.0
1970-01-03 09:08:00,0.2083270991408454,0.02061360963395115,0.9247807592135782,0.0
1970-01-03 09:09:00,0.20942528799917784,0.031106965599764648,0.925250391395399,0.0
1970-01-03 09:10:00,0.20865750138393097,0.0227534242753974,0.9256795022599229,0.0
1970-01-03 09:11:00,0.18248286081062237,0.01571502666484595,0.9262325329096888,0.0
1970-01-03 09:12:00,0.15515251945946415,0.015520490698618598,0.9264944287885629,0.0
1970-01-03 09:13:00,0.15209684893318304,0.023677805451999098,0.9258599522091416,0.0
1970-01-03 09:14:00,0.14317243806696245,0.027777992730917852,0.9266855119563756,0.0
1970-01-03 09:15:00,0.13227618498076835,0.05405994703875875,0.921766192559877,0.0
1970-01-03 09:16:00,0.1015837565672836,0.0762496406756249,0.917464612997714,0.0
1970-01-03 09:17:00,0.09374485206077984,0.050865934034286846,0.9163883365140035,0.0
1970-01-03 09:18:00,0.07406117104394219,0.0092257668379709,0.9180681981590092,0.0
1970-01-03 09:19:00,0.09864890588647118,0.01252650053330585,0.9215086837443633,0.0
1970-01-03 09:20:00,0.1369179545771397,0.00760938671382835,0.9274190663288471,0.0
1970-01-03 09:21:00,0.1306034246598316,0.023111543968019597,0.920796199079781,0.0
1970-01-03 09:22:00,0.16297845266290803,-0.0764236312385031,0.9114549706455788,0.0
1970-01-03 09:23:00,0.1643488646069548,-0.029612283709848,0.9194503395198501,0.0
1970-01-03 09:24:00,0.14276141456942654,-0.023215404803525998,0.9253845607771021,0.0
1970-01-03 09:25:00,0.14115017955390574,-0.02378511329900605,0.9246651659959033,0.0
1970-01-03 09:26:00,0.1357497057441228,-0.0361397491796102,0.9245348475902221,0.0
1970-01-03 09:27:00,0.1311329127527988,-0.03165999582374055,0.9258859844135903,0.0
1970-01-03 09:28:00,0.13881364205277608,-0.037054219565436496,0.9238598939575964,0.0
1970-01-03 09:29:00,0.12662865390702344,0.040319111427532944,0.8991784820562077,0.0
1970-01-03 09:30:00,0.12032278314365816,0.24992949165814923,0.8377547210383955,0.0
1970-01-03 09:31:00,0.140515048786958,0.24071647521954675,0.8272631278665981,0.0
1970-01-03 09:32:00,0.15341992682468186,0.2609495165617494,0.825001527848916,0.0
1970-01-03 09:33:00,0.14639538611915334,0.27684219339199173,0.8275516215466545,0.0
1970-01-03 09:34:00,0.11957936066886124,0.2639817478017856,0.8312365285309273,0.0
1970-01-03 09:35:00,0.11320509304605986,0.26902875473305055,0.8270435632145681,0.0
1970-01-03 09:36:00,0.11309475978955251,0.26824170229216326,0.8265410477304723,0.0
1970-01-03 09:37:00,0.08357635629797129,0.23238286683393006,0.8224534161988616,0.0
1970-01-03 09:38:00,0.1094187871107238,0.23575969799020385,0.813286204665811,0.0
1970-01-03 09:39:00,0.116479657423594,0.2526479334944352,0.8146785316860914,0.0
1970-01-03 09:40:00,0.11354039500592507,0.2315610355148926,0.8034407147749871,0.0
1970-01-03 09:41:00,0.10117519786629844,0.26024108230386744,0.8075350006751258,0.0
1970-01-03 09:42:00,0.0908456139555853,0.26949616645551117,0.8090126442740133,0.0
1970-01-03 09:43:00,0.08738651847628626,0.2629974817601868,0.8104687312599974,0.0
1970-01-03 09:44:00,0.0833861785713811,0.2733368104720182,0.8063929280774701,0.0
1970-01-03 09:45:00,0.07919668669360176,0.28539887555711047,0.8049028167592785,0.0
1970-01-03 09:46:00,0.0735184477404056,0.29350894448766257,0.8047686768869702,0.0
1970-01-03 09:47:00,0.06009377647614744,0.2751335032109687,0.8040971069982819,0.0
1970-01-03 09:48:00,0.053411314676151955,0.28124605681624937,0.8046100884810679,0.0
1970-01-03 09:49:00,0.06972968696729269,0.29931688047309746,0.803634306241358,0.0
1970-01-03 09:50:00,0.045605079927566114,0.2691961195425452,0.8044055834568524,0.0
1970-01-03 09:51:00,0.1722289586024841,-0.014991619925291952,0.9225509555687961,0.0
1970-01-03 09:52:00,0.16047836719671005,-0.08157504060620044,0.9111375331674532,0.0
1970-01-03 09:53:00,0.1868251252600644,-0.0982789596981247,0.9069556683017723,0.0
1970-01-03 09:54:00,0.1902002583162554,-0.08707218370889595,0.9106205777528339,0.0
1970-01-03 09:55:00,0.21059883489993209,-0.02695437463499385,0.9129874722094045,0.0
1970-01-03 09:56:00,0.12434490786656224,0.24857536280104808,0.831055694959576,0.0
1970-01-03 09:57:00,0.10727298004813818,0.25300281876657454,0.8242080202226703,0.0
1970-01-03 09:58:00,0.09938732407736205,0.27594564139193933,0.8250652878146197,0.0
1970-01-03 09:59:00,0.1034831686243744,0.2774759170922405,0.8068333410402037,0.0
1970-01-03 10:00:00,-0.008021423935932297,0.3145674261345119,0.7806776987932595,0.0
1970-01-03 10:01:00,-0.16497633209735385,0.5764174225684494,0.7182711814820993,0.0
1970-01-03 10:02:00,-0.1791834941065848,0.5650764965853894,0.7157843116627256,0.0
1970-01-03 10:03:00,-0.19233737634857628,0.6043210363440381,0.6940500718755411,0.0
1970-01-03 10:04:00,-0.2117694439623734,0.5921693489599313,0.694274943300403,0.0
1970-01-03 10:05:00,-0.2110640938803581,0.6069525385774849,0.6856787680661802,0.0
1970-01-03 10:06:00,-0.21506609690051165,0.6036387102878005,0.6869500278760499,0.0
1970-01-03 10:07:00,-0.21770963352596223,0.6031512542693895,0.6862743561814839,0.0
1970-01-03 10:08:00,-0.2197705420406893,0.6031200843768485,0.6854350155468771,0.0
1970-01-03 10:09:00,-0.22786049230011896,0.6011100818601354,0.6836129087824573,0.0
1970-01-03 10:10:00,-0.23233303743027495,0.6002783195035588,0.6822984177092016,0.0
1970-01-03 10:11:00,-0.2647220575107404,0.6072383317688862,0.6615732467590644,0.0
1970-01-03 10:12:00,-0.1391641261635164,0.5801130845726064,0.7168540321425574,0.0
1970-01-03 10:13:00,-0.15889391132432018,0.6158333359957827,0.6948971341351213,0.0
1970-01-03 10:14:00,-0.16824217258891444,0.6138450734414702,0.693947236552886,0.0
1970-01-03 10:15:00,-0.17710779183316638,0.6162563060721716,0.6893333344743633,0.0
1970-01-03 10:16:00,-0.1855517964237947,0.6135557623748957,0.688499979328669,0.0
1970-01-03 10:17:00,-0.18011669595701418,0.6110560007704137,0.6926675223014055,0.0
1970-01-03 10:18:00,-0.20433916288888543,0.603855988431226,0.6885974095138427,0.0
1970-01-03 10:19:00,-0.20148025781815737,0.6007293718410417,0.6921578901349297,0.0
1970-01-03 10:20:00,-0.1999241695133423,0.6030551985612456,0.6906374726682756,0.0
1970-01-03 10:21:00,-0.1889402493401336,0.6091072801453851,0.6906020712309773,0.0
1970-01-03 10:22:00,-0.1968922904980095,0.6225290621943282,0.6758761897536318,0.0
1970-01-03 10:23:00,-0.1828748381529935,0.6207770186307762,0.6825280057189995,0.0
1970-01-03 10:24:00,-0.14291238958239266,0.6217997332764253,0.6988488060484108,0.0
1970-01-03 10:25:00,-0.13654399265683032,0.6228688433808323,0.6997515328630539,0.0
1970-01-03 10:26:00,-0.1226615016162811,0.6324778763917995,0.6959357172852038,0.0
1970-01-03 10:27:00,-0.1244437238010052,0.6291122973743888,0.6984547966090047,0.0
1970-01-03 10:28:00,-0.12863239407993432,0.6305348349839568,0.6960193665830046,0.0
1970-01-03 10:29:00,-0.13515179589478465,0.6298865184288532,0.694572107824299,0.0
1970-01-03 10:30:00,-0.13786138906779488,0.6290274431881989,0.6943114464217739,0.0
1970-01-03 10:31:00,-0.14898728650171283,0.6173676914189467,0.699365328658573,0.0
1970-01-03 10:32:00,-0.23032440251997133,0.5790086894209595,0.685764974844864,0.0
1970-01-03 10:33:00,-0.23755669818809833,0.6046170946445776,0.6750418853890714,0.0
1970-01-03 10:34:00,-0.24251085460549354,0.6024664024293946,0.6736864992128517,0.0
1970-01-03 10:35:00,-0.2377461290066428,0.6008578881729053,0.6762553117033601,0.0
1970-01-03 10:36:00,-0.23461377094161856,0.6030578610106572,0.6750028542962123,0.0
1970-01-03 10:37:00,-0.2023319819595774,0.5771191298391299,0.6966032493050366,0.0
1970-01-03 10:38:00,-0.21243327093643605,0.5879986067716054,0.6887216145565674,0.0
1970-01-03 10:39:00,-0.23767535200023446,0.5757308396301679,0.677424562453629,0.0
1970-01-03 10:40:00,-0.257631848649836,0.5869385773406669,0.6708562679120182,0.0
1970-01-03 10:41:00,-0.26289418430626454,0.5980850230360995,0.6625621754341587,0.0
1970-01-03 10:42:00,-0.2602786915882356,0.5991477807184312,0.6622766523665125,0.0
1970-01-03 10:43:00,-0.26245442974590494,0.5966802317148148,0.6635652489458286,0.0
1970-01-03 10:44:00,-0.26180796091482383,0.6000185585884384,0.6607402653990375,0.0
1970-01-03 10:45:00,-0.16919764225787903,0.6038477226899921,0.6967384515155577,0.0
1970-01-03 10:46:00,-0.12238193891417126,0.607638205349714,0.7140016540409246,0.0
1970-01-03 10:47:00,-0.12495950862102775,0.6077402692849523,0.7131150639470061,0.0
1970-01-03 10:48:00,-0.13214942472664296,0.6146214811464021,0.705921725995846,0.0
1970-01-03 10:49:00,-0.134181651972416,0.6143196879500767,0.705645557406352,0.0
1970-01-03 10:50:00,-0.1348814749348933,0.6150989706954377,0.7047950671387422,0.0
1970-01-03 10:51:00,-0.13341202796337676,0.6055007697029892,0.7095161916032808,0.0
1970-01-03 10:52:00,-0.1472484248187338,0.5858405093026408,0.7215873292324522,0.0
1970-01-03 10:53:00,-0.15209969714253055,0.5997863180867227,0.7098970546073022,0.0
1970-01-03 10:54:00,-0.15649480284651074,0.6034078161958631,0.7055246967617049,0.0
1970-01-03 10:55:00,-0.15841756324910938,0.603455193622655,0.7050075396995544,0.0
1970-01-03 10:56:00,-0.1585336427181815,0.6037814904646106,0.7046250930246785,0.0
1970-01-03 10:57:00,-0.17193877984735173,0.6226326345134536,0.6854707415875183,0.0
1970-01-03 10:58:00,-0.19015912857987344,0.6317375737280329,0.6714496379044792,0.0
1970-01-03 10:59:00,-0.1594008676912428,0.594757254849686,0.6936201150750327,0.0
1970-01-03 11:00:00,-0.17303250219557104,0.6234689574535279,0.6831238397459265,0.0
1970-01-03 11:01:00,-0.16667991980302915,0.6240064685332151,0.6846542363062564,0.0
1970-01-03 11:02:00,-0.16774463224275435,0.6262916802456648,0.6813633289249249,0.0
1970-01-03 11:03:00,-0.15650802311891926,0.5992623470301839,0.6942972130570141,0.0
1970-01-03 11:04:00,-0.1806114677640184,0.604016196009793,0.6936989740144106,0.0
1970-01-03 11:05:00,-0.17838386929104422,0.6115859699306649,0.6903427820153105,0.0
1970-01-03 11:06:00,-0.1694026485988694,0.6089691972177269,0.6960344753931436,0.0
1970-01-03 11:07:00,-0.16840613384310144,0.610612424550385,0.6951860212737753,0.0
1970-01-03 11:08:00,-0.15718341222952897,0.6042327351463477,0.6979452431342483,0.0
1970-01-03 11:09:00,-0.17316003425467685,0.6217892960697966,0.6844729846851454,0.0
1970-01-03 11:10:00,-0.19740872263833825,0.6224827780927702,0.6739215907247801,0.0
1970-01-03 11:11:00,-0.21022292105992998,0.6269338417846382,0.6641207337935953,0.0
1970-01-03 11:12:00,-0.20510230373608818,0.6435246725785515,0.6536785786945574,0.0
1970-01-03 11:13:00,-0.21906488821606884,0.6452222270396022,0.6455849779632201,0.0
1970-01-03 11:14:00,-0.20902766403198136,0.5054414614658189,0.6887667836035454,0.0
1970-01-03 11:15:00,-0.16133800358402733,0.11218477606243285,0.7770019397213757,0.0
1970-01-03 11:16:00,-0.16302856023399903,0.12568925095555314,0.7871665048617367,0.0
1970-01-03 11:17:00,-0.15170351719755581,0.1172787048683088,0.7863462568055672,0.0
1970-01-03 11:18:00,-0.1513541136137882,0.134871421449832,0.7918693335014975,0.0
1970-01-03 11:19:00,-0.15780221558659824,0.1511038997133419,0.7955846548353469,0.0
1970-01-03 11:20:00,-0.10116445234921465,0.6080349710523316,0.495718393379886,0.0
1970-01-03 11:21:00,-0.08969931426033725,0.7476238479242263,0.4137713696094094,0.0046904164362097
1970-01-03 11:22:00,0.13141143476303166,0.4527696477236044,0.5238624917679855,0.00481366982336535
1970-01-03 11:23:00,0.17117462320520685,0.3253119938195217,0.5059934712037834,0.00507913831310035
1970-01-03 11:24:00,0.1567365670221224,0.39058254854751767,0.5329430637178952,0.0043689772446219
1970-01-03 11:25:00,0.11741275968628395,0.40874401696494134,0.5357529532092447,0.00262951485343985
1970-01-03 11:26:00,0.16603214637256153,0.40598628122222535,0.5285532707382019,0.0042607102380031
1970-01-03 11:27:00,0.5075122109108343,0.33533187415718035,0.4708682959413398,0.0
1970-01-03 11:28:00,0.6325473165848585,0.30432355585129867,0.29211041542057103,0.0211340224229871
1970-01-03 11:29:00,0.6611048228756766,0.4574249557048393,0.06590309533780185,0.02119397007994945
1970-01-03 11:30:00,1.0393240045195626,-0.046844471233882204,0.0186670923101773,0.042587792004014496
1970-01-03 11:31:00,1.0424177125829166,0.018153319095080202,-0.0022158112734131027,0.044051629837781145
1970-01-03 11:32:00,1.0418440672862888,-0.00036836961668775003,-0.02010179973962685,0.0444484938397171
1970-01-03 11:33:00,1.0420811657763087,-0.0009736263673343,-0.0210643568522325,0.04475739675111075
1970-01-03 11:34:00,1.0416436967545688,-0.0133181591129089,-0.019906860677559902,0.0443349243111459
1970-01-03 11:35:00,1.0314016255698741,0.06289423257940825,-0.015898063494164755,0.03779881389108515
1970-01-03 11:36:00,1.03996507071578,0.0216797333407291,-0.019250768466445647,0.04297545525375675
1970-01-03 11:37:00,1.0404853718397855,-0.0256020629249246,-0.03192648965810305,0.0443462179122886
1970-01-03 11:38:00,1.039181091134103,-0.048888321277620606,-0.030840543929362252,0.0441705496737546
1970-01-03 11:39:00,1.0389334761788,-0.05294091347703905,-0.031128634314356446,0.04409032639553695
1970-01-03 11:40:00,1.0387256963192666,-0.05736499329473755,-0.0313836741771716,0.0440274779044731
1970-01-03 11:41:00,1.038384946910055,-0.0641040070738304,-0.031744790477837695,0.043918131504531
1970-01-03 11:42:00,1.0376838492245133,-0.0724712250870002,-0.03300661219960285,0.04378381372486675
1970-01-03 11:43:00,1.0371053440462017,-0.07372436814902411,-0.0345572964688596,0.04371892953662575
1970-01-03 11:44:00,1.0377403353903143,-0.0664955547886351,-0.037554442743162296,0.04400754155681315
1970-01-03 11:45:00,1.0372933059455898,-0.07226693018072436,-0.036850579740094855,0.04387581677440685
1970-01-03 11:46:00,1.0371159600992241,-0.07294536885835325,-0.03592306011558495,0.0438073395898509
1970-01-03 11:47:00,1.0379785492630154,-0.044570850793585505,-0.03879390126189945,0.04416865140086295
1970-01-03 11:48:00,1.0374052425647018,-0.02270585450435155,-0.037577027266651256,0.0445410653171619
1970-01-03 11:49:00,1.03660009560901,-0.011632317404593001,-0.036716375930764406,0.04460927537002365
1970-01-03 11:50:00,1.0360483795326036,-0.006680379151747205,-0.0353986830881727,0.04459919835225665
1970-01-03 11:51:00,1.035490210170682,-0.001951221100331503,-0.03434340745709685,0.044583506200515696
1970-01-03 11:52:00,1.034795406430272,0.003517333572180349,-0.03494298917716385,0.044618753160850205
1970-01-03 11:53:00,1.0342863935765303,0.006626279799444752,-0.033685249588346344,0.044619948969074355
1970-01-03 11:54:00,1.0337102187513214,0.010532366417553354,-0.0332945206099958,0.0445962990191581
1970-01-03 11:55:00,1.033122890099297,0.012909579423738944,-0.0325512478101693,0.044553317711973
1970-01-03 11:56:00,1.0326824732804702,0.015442773496592857,-0.0326278886267045,0.04455433156071515
1970-01-03 11:57:00,1.0291894289443637,0.09742865130610305,0.05189939906791205,0.0361978376232219
1970-01-03 11:58:00,1.0344518052327785,0.0941992512296841,0.051738356519897596,0.0416904265555443
1970-01-03 11:59:00,1.034117900758949,0.09585384023680835,0.05230992674442185,0.0416258575823389
1970-01-03 12:00:00,1.0272080681029454,0.16923208016550484,0.06018231347067354,0.0428418647166275
1970-01-03 12:01:00,1.0267263755091434,0.1727139441683406,0.059421815548252196,0.04286245311923535
1970-01-03 12:02:00,1.026718366061463,0.17185619124170703,0.0612001917322552,0.04281011906342385
1970-01-03 12:03:00,1.026749853556698,0.17186238655286676,0.06042771493706825,0.0427937284776127
1970-01-03 12:04:00,1.0266922751644567,0.17165698179217165,0.0615973581829529,0.042766449051025696
1970-01-03 12:05:00,1.0265668455289907,0.1724916690990565,0.06123798885797595,0.04275793537521305
1970-01-03 12:06:00,1.026048876358071,0.1760185735231078,0.060237583439418804,0.04279651794053235
1970-01-03 12:07:00,1.0257808248936822,0.17682948148278643,0.0611192442540863,0.04273673512284465
1970-01-03 12:08:00,1.0256289300716896,0.17707345580370745,0.06176887326392155,0.042682756569395
1970-01-03 12:09:00,1.0256803179070093,0.17644335452201682,0.06233923060391,0.042670321099280456
1970-01-03 12:10:00,1.0251759536632057,0.17941879278773046,0.0611284082028172,0.04267149370830465
1970-01-03 12:11:00,1.0253733515992196,0.17764439904583984,0.062326376703821504,0.0426306146107664
1970-01-03 12:12:00,1.0251801962929632,0.17846724190428487,0.0626031827872005,0.0426239583948557
1970-01-03 12:13:00,1.0247420404316385,0.1803526488716926,0.06336369220077659,0.04260911063446155
1970-01-03 12:14:00,1.024786647409744,0.1801649917178296,0.0630280968642299,0.042611902522970604
1970-01-03 12:15:00,1.015921510297284,0.16947252353857128,0.06323032177261956,0.0323841352313818
1970-01-03 12:16:00,1.0061068494829222,0.1586649797152497,0.06266411063997454,0.02148069103102965
1970-01-03 12:17:00,0.997239632955341,0.1479027477397289,0.060525654062866405,0.0214556628775699
1970-01-03 12:18:00,0.9889091318769795,0.13731604643739226,0.058905815114602744,0.02146189468572335
1970-01-03 12:19:00,0.981648804747336,0.12604198519312285,0.05902053620396355,0.0214351764645337
1970-01-03 12:20:00,0.9740870255306371,0.1239969961736727,0.06647785680944196,0.0214222280437247
1970-01-03 12:21:00,0.965958421089695,0.12265767507580085,0.072760126553497,0.02144256192394555
1970-01-03 12:22:00,0.9597402779947328,0.11910416162003215,0.07916679218842501,0.02141516420598775
1970-01-03 12:23:00,0.9542259939584399,0.11467806834388329,0.085584311335062,0.0210678807688603
1970-01-03 12:24:00,0.9551189521249115,0.07709225529748365,0.08730461790922729,0.021430989212726
1970-01-03 12:25:00,0.9495924679772618,0.0779654407947622,0.09231003063529855,0.02146724930828565
1970-01-03 12:26:00,0.9449301061815412,0.07788295912481115,0.09748825032517269,0.0214939078059234
1970-01-03 12:27:00,0.9397917551740078,0.07994863676567139,0.10379794079533411,0.02145350318573135
1970-01-03 12:28:00,0.9354562007612224,0.07997862864463004,0.1085056754853764,0.02146024857085035
1970-01-03 12:29:00,0.9316593721170428,0.07851287466118034,0.1123428253810055,0.02146732374989755
1970-01-03 12:30:00,0.9319612424727837,0.07639376739719185,0.11191963115013939,0.02146327323488435
1970-01-03 12:31:00,0.9304304192589591,0.07699056066047726,0.1125601752155993,0.0214694483067288
1970-01-03 12:32:00,0.9291338089375727,0.0755411532353194,0.1131719004831793,0.0214748308698268
1970-01-03 12:33:00,0.9275714294283732,0.0749555104309636,0.11463252156671436,0.02141916509327045
1970-01-03 12:34:00,0.9272528674788456,0.06415686816544006,0.1159516987726575,0.02136563747193085
1970-01-03 12:35:00,0.9262811660783723,0.059330098757818,0.11567653386774335,0.02140023961311395
1970-01-03 12:36:00,0.9248488089913303,0.0574180192017806,0.1163840600467224,0.02140329668307415
1970-01-03 12:37:00,0.9233284070699773,0.0556162620123842,0.1172560867543064,0.02138394988052735
1970-01-03 12:38:00,0.9217315400209154,0.053877465451627804,0.1184339131391636,0.02135926507182095
1970-01-03 12:39:00,0.9203664988175313,0.05026762959277895,0.1186378612575247,0.02136907097201745
1970-01-03 12:40:00,0.9190793869499125,0.04454569232089755,0.11936897197925345,0.0213504698743165
1970-01-03 12:41:00,0.9170963472425179,0.042928410870217655,0.12018800258372456,0.02108812474174145
1970-01-03 12:42:00,0.9139004929882315,0.057903081969596946,0.12108026441455094,0.02146701086822895
1970-01-03 12:43:00,0.9115337071772776,0.060569523676490794,0.1221183253757712,0.021502413219711
1970-01-03 12:44:00,0.9102373379459636,0.05224081325172905,0.12338393075281295,0.0212855771509096
1970-01-03 12:45:00,0.6222622483936677,-0.3897577612009966,0.0403291865453016,0.013800973269011767
1970-01-03 12:46:00,0.5428957098310921,-0.43861489233931267,-0.006195399074186002,0.014405598547472533
1970-01-03 12:47:00,0.5426034447128188,-0.45997352719463697,-0.005321257026641834,0.013244845455919368
1970-01-03 12:48:00,0.5424405789237656,-0.5283584542825386,-0.007532066457635833,0.013662255023041766
1970-01-03 12:49:00,0.5564293101647317,-0.5140085808375664,-0.0074776412971547,0.013408598346066334
1970-01-03 12:50:00,0.5355610678431596,-0.16555593326567913,0.4267924244937458,0.013305570618880267
1970-01-03 12:51:00,0.469884606849793,-0.15300438242412623,0.4573761727513022,0.012819179091301333
1970-01-03 12:52:00,0.5140100569594864,-0.0829063058055218,0.4773964331148566,0.014239293441221634
1970-01-03 12:53:00,0.534353217945561,-0.046079745911539634,0.4865955147942942,0.014264169900428133
1970-01-03 12:54:00,0.5178640178256,-0.024972813759428402,0.48507150701793916,0.014263930380084134
1970-01-03 12:55:00,0.5158290469376058,-0.02247692434848213,0.48576820415630184,0.014265420294472734
1970-01-03 12:56:00,0.5462101391807175,-0.012984335536590202,0.49309892309496606,0.0142719119511266
1970-01-03 12:57:00,0.5294659894684451,-0.046479639739131134,0.4854771775865247,0.014279105526160032
1970-01-03 12:58:00,0.53762225022417,-0.028017066515343966,0.49234794834309614,0.014244774430693033
1970-01-03 12:59:00,0.5415574049742355,-0.0205358823085436,0.4938639148093675,0.0143019069747782
1970-01-03 13:00:00,0.5411847476533126,-0.034369351924867335,0.4888645659341638,0.014289697451883033
1970-01-03 13:01:00,0.5295284260016768,-0.05721707550166754,0.4839407561914227,0.014293730290349834
1970-01-03 13:02:00,0.5210580057631663,-0.07571193725168375,0.471250481949895,0.014326719296527799
1970-01-03 13:03:00,0.5208412779452457,-0.0407957556741889,0.4849422066863782,0.014327928366022168
1970-01-03 13:04:00,0.5382325836440013,-0.03787582817007453,0.4774346969634508,0.014325833685054001
1970-01-03 13:05:00,0.57668750289153,-0.0383326963903977,0.48673437125153834,0.0143182521271646
1970-01-03 13:06:00,0.5792684187464312,-0.0775268672629347,0.4789772956585316,0.014300906403243767
1970-01-03 13:07:00,0.5769734392089628,-0.08429402404341241,0.47698080312552493,0.014305324763571799
1970-01-03 13:08:00,0.5789190649565332,-0.08167054965172753,0.4778159976901619,0.014306816076181799
1970-01-03 13:09:00,0.5672630819032116,-0.04330355524381476,0.48746168930524164,0.014294631958621533
1970-01-03 13:10:00,0.2548803655380007,-0.15538946220005817,0.7265630540971051,0.0
1970-01-03 13:11:00,0.2677073574581842,-0.11076660434828454,0.7308092068827691,0.0
1970-01-03 13:12:00,0.26902584106736355,-0.12847675192027963,0.7232973714761455,0.0
1970-01-03 13:13:00,0.2800654481667902,-0.14191495872107654,0.7185377611899438,0.0
1970-01-03 13:14:00,0.2835759409322638,-0.1279442293891385,0.7176832242126476,0.0
1970-01-03 13:15:00,0.27635713859240835,-0.14258051304155656,0.7117962449532428,0.0
1970-01-03 13:16:00,0.2931478043387467,-0.14729877408285605,0.7086262820411467,0.0
1970-01-03 13:17:00,0.29764541168056524,-0.14397512410893712,0.706210502250381,0.0
1970-01-03 13:18:00,0.3059066412241656,-0.15247001896464646,0.701787843710329,0.0
1970-01-03 13:19:00,0.30471528351305155,-0.1422633002214974,0.7015492000429923,0.0
1970-01-03 13:20:00,0.31073293148563824,-0.1446948547999515,0.6984468929485376,0.0
1970-01-03 13:21:00,0.31328423767488883,-0.13250316196232312,0.6974393566788644,0.0
1970-01-03 13:22:00,0.3187653593810858,-0.13818276566471308,0.6942781691958672,0.0
1970-01-03 13:23:00,0.2828655120743036,-0.12271299920061624,0.6939038978696358,0.0
1970-01-03 13:24:00,0.27712925380666825,-0.10727796527765439,0.6966584663962694,0.0
1970-01-03 13:25:00,0.2680299515015912,-0.11785812097529309,0.6895413526747186,0.0
1970-01-03 13:26:00,0.2829450443995951,-0.09303837486838057,0.6954660707709852,0.0
1970-01-03 13:27:00,0.5169662692104052,-0.1694422539808366,0.3973693053249438,0.014701986303403533
1970-01-03 13:28:00,0.6930021517298774,-0.04918729173765601,0.29891576548827553,0.02890693300731333
1970-01-03 13:29:00,0.6894633379249656,-0.04764835210977017,0.29901726796993205,0.02888731767358464
1970-01-03 13:30:00,0.6836588997285761,-0.11550082137272981,0.2934883057891495,0.018773492873012897
1970-01-03 13:31:00,0.6718875957327977,-0.20884276805723237,0.2837093415500866,0.026171344199502067
1970-01-03 13:32:00,0.6748424701884169,-0.023706635156115565,0.2961359968919657,0.014614590030852734
1970-01-03 13:33:00,0.6535862041577287,0.08169936248354105,0.30492718332233143,0.028091119540478465
1970-01-03 13:34:00,0.652640240138492,0.07160841263123396,0.30275112776136087,0.028050630429529638
1970-01-03 13:35:00,0.6301238439665992,0.005092405236916102,0.31458240811134314,0.02457803382149577
1970-01-03 13:36:00,0.6214970925545373,-0.0223320182614955,0.3187967070807337,0.025126594656710632
1970-01-03 13:37:00,0.6353440274525209,-0.083333596878706,0.3102486583906126,0.017454468073819535
1970-01-03 13:38:00,0.6613449289154268,-0.18542498672828023,0.29447358185693157,0.0260251439446884
1970-01-03 13:39:00,0.660051835232473,-0.1843270384836053,0.29423701487526294,0.0259404290014618
1970-01-03 13:40:00,0.6600296603624947,-0.17920816060330022,0.29546217937103986,0.025874312453215736
1970-01-03 13:41:00,0.661136763983301,-0.18524682195764264,0.2944368885639052,0.025831775201910934
1970-01-03 13:42:00,0.6606443258489908,-0.17928549649127842,0.29489597933413797,0.02576616388766433
1970-01-03 13:43:00,0.6583912594714546,-0.17245341171444026,0.2927858248094053,0.025945033457893802
1970-01-03 13:44:00,0.6584084748720095,-0.1740442302995552,0.29207359261408966,0.025980861238298833
1970-01-03 13:45:00,0.6561521818517162,-0.17392582047718172,0.2905465207789076,0.02601371131627267
1970-01-03 13:46:00,0.6561594783134247,-0.16420964159331627,0.2934543962156994,0.02598164229716603
1970-01-03 13:47:00,0.6558020512774508,-0.16854860401689822,0.2935095132075477,0.025959573237726564
1970-01-03 13:48:00,0.6567471488833544,-0.16253294973491092,0.29515077000650813,0.025919068037192333
1970-01-03 13:49:00,0.654014388282563,-0.16822113286265464,0.2929783736104932,0.02593058727262627
1970-01-03 13:50:00,0.6484703388288531,-0.18109303305935964,0.28556049867427896,0.025906780860699464
1970-01-03 13:51:00,0.6509233209540993,-0.059010579375353256,0.29355404288430503,0.025858336389253334
1970-01-03 13:52:00,0.6511497834735486,-0.091612940563451,0.29806913439374166,0.025824563703615033
1970-01-03 13:53:00,0.6465118496649406,-0.11042872026523014,0.2983313679912453,0.025815305674070466
1970-01-03 13:54:00,0.6458419826944819,-0.11035995888163076,0.2982737492584822,0.0258117258072622
1970-01-03 13:55:00,0.6453393334972893,-0.1115942420833741,0.2991721332738569,0.0257756996313082
1970-01-03 13:56:00,0.44755136912865656,-0.2846004444350877,0.43128554461934104,0.011035599140287266
1970-01-03 13:57:00,0.5524202015593703,-0.07711296267494154,0.40559880665581255,0.0109939669117843
1970-01-03 13:58:00,0.5172421670837043,-0.02794746320382535,0.3947604682586179,0.010977770143728265
1970-01-03 13:59:00,0.5214111289490014,-0.061552459309785625,0.40905392398275636,0.0109613087217312
1970-01-03 14:00:00,0.35489257558951753,0.21930119713237098,0.5926446895436346,0.0
1970-01-03 14:01:00,0.35560997988451737,0.22489227889269423,0.5929037764762208,0.0
1970-01-03 14:02:00,0.3723873955532175,0.21711559985346537,0.5944441076139331,0.0
1970-01-03 14:03:00,0.5194744262628834,-0.030965400228769757,0.39510387400416985,0.010952710291611668
1970-01-03 14:04:00,0.4671430161361057,0.0037807642132006714,0.3772963461005041,0.010953866944911834
1970-01-03 14:05:00,0.468370131281896,-0.009259295478469634,0.3840220388357603,0.010941250910703833
1970-01-03 14:06:00,0.5057414014810482,0.0580443835702551,0.36473888872675114,0.011532197184862732
1970-01-03 14:07:00,0.5114930117012646,0.08642479344322655,0.3501792435067946,0.013227671446668067
1970-01-03 14:08:00,0.680829867660084,0.1124565348722083,0.24596132373466173,0.027812900196464402
1970-01-03 14:09:00,0.6770170647468786,0.1068716642301239,0.24938014450599807,0.027747819178071897
1970-01-03 14:10:00,0.6829342130271562,0.10969781209976748,0.24730186996411727,0.027715261371466803
1970-01-03 14:11:00,0.6860746426784607,0.10966298091747795,0.24749097928129984,0.027697749409621136
1970-01-03 14:12:00,0.6763110939012874,0.10806783289941617,0.2486414227106145,0.027669336534440602
1970-01-03 14:13:00,0.6830357526862724,0.11298257953478436,0.2460201851408282,0.02764241536285163
1970-01-03 14:14:00,0.6757600317843697,0.10698342973958046,0.24895249107769515,0.02761829625867343
1970-01-03 14:15:00,0.6766638336743257,0.1107752132538629,0.24774031399445307,0.027596933045130567
1970-01-03 14:16:00,0.6765294831746607,0.10814657931192413,0.2481472026452799,0.027589666190558398
1970-01-03 14:17:00,0.6894442901100052,0.10833286303475982,0.25048612055616676,0.027587672627958665
1970-01-03 14:18:00,0.6888639325997404,0.10154139664013624,0.2540904701714496,0.0276064984505692
1970-01-03 14:19:00,0.6764264961737315,0.13288392321084483,0.23775860381898717,0.0273885862627866
1970-01-03 14:20:00,0.6787925216045044,-0.0711865071971636,0.2412856060316705,0.025327607450879298
1970-01-03 14:21:00,0.6543377496724712,-0.21691347896660307,0.2689615559047435,0.026056446606843336
1970-01-03 14:22:00,0.670385978601856,-0.09352515289927303,0.2446326468395601,0.025968565395276467
1970-01-03 14:23:00,0.6685176462184437,-0.07654726641311212,0.25149263683056355,0.02587281299470683
1970-01-03 14:24:00,0.6730191912983198,-0.08363089023182431,0.2535345426827608,0.025824799379819564
1970-01-03 14:25:00,0.678500683053715,-0.081808414926677,0.25179962306469644,0.025816912936460434
1970-01-03 14:26:00,0.6704511986124045,-0.08362087483277032,0.25202425841439985,0.02579504577872487
1970-01-03 14:27:00,0.6716934095996955,-0.09410362993061623,0.2561470585869721,0.025789049848385034
1970-01-03 14:28:00,0.6838580054960056,-0.056867348092551756,0.2532316680909705,0.023291493416035435
1970-01-03 14:29:00,0.5350066977534974,0.1189076025540385,0.4358921332861852,0.0141569957247664
1970-01-03 14:30:00,0.5458241769378076,0.10832422441562968,0.4375100006109429,0.014115094049901133
1970-01-03 14:31:00,0.5319036632983464,0.10119127948082146,0.4379668945706736,0.0141005914471898
1970-01-03 14:32:00,0.5218256380174172,-0.1336767814111904,0.45086571662350483,0.014080084777708099
1970-01-03 14:33:00,0.5142103677385631,-0.1412303275510479,0.4523346893785527,0.014064823500989665
1970-01-03 14:34:00,0.5025675800607149,-0.1096612447575004,0.45605657163451335,0.0140675336903079
1970-01-03 14:35:00,0.5043410634213046,-0.11010668874147,0.45453427048482437,0.014063529013872466
1970-01-03 14:36:00,0.5245405840314216,-0.212900939927249,0.42888502912562515,0.014049698020966834
1970-01-03 14:37:00,0.30813809195251884,-0.0396569925970638,0.5983015024644032,0.0
1970-01-03 14:38:00,0.3044304287795942,0.021144889756019303,0.5868857967051321,0.0
1970-01-03 14:39:00,0.3126329974405907,0.06473390337249056,0.6012829398391139,0.0
1970-01-03 14:40:00,0.2904267924033006,-0.017276997972168872,0.6049809747599536,0.0
1970-01-03 14:41:00,0.2638083948540597,0.015824167338164833,0.604023923084392,0.0
1970-01-03 14:42:00,0.24038035857053205,0.01621949744039743,0.602338477279294,0.0
1970-01-03 14:43:00,0.24262713413055437,-0.006509728437987967,0.6033274404314687,0.0
1970-01-03 14:44:00,0.23715793917217887,-0.007964835265223902,0.6038188575879454,0.0
1970-01-03 14:45:00,0.2341595605675911,-0.015214022684407332,0.6043487798834543,0.0
1970-01-03 14:46:00,0.2567641765594399,0.0138525889303377,0.6131929236938385,0.0
1970-01-03 14:47:00,0.26324362168595694,0.007630710858773033,0.6158500933419654,0.0
1970-01-03 14:48:00,0.32527105406481444,0.07167949566977096,0.5434822948331287,0.0
1970-01-03 14:49:00,0.3647691487447033,0.3342286259065323,0.32542915832446284,0.005658206313374966
1970-01-03 14:50:00,0.5393474934487791,0.11664498231324394,0.35266774439423515,0.0
1970-01-03 14:51:00,0.6348574507888692,-0.026501540287947434,0.3683201720887206,0.012465266813795367
1970-01-03 14:52:00,0.6307841816902503,-0.0476358576793993,0.3679233080110336,0.012292149190415234
1970-01-03 14:53:00,0.6277008268478265,-0.0530410321758781,0.3700529054166817,0.012223711227824133
1970-01-03 14:54:00,0.6255434419080932,-0.052914107479924,0.37204500386910183,0.012280392468989501
1970-01-03 14:55:00,1.0347374812216366,-0.06133263513583911,0.04769930052602756,0.04003379825920203
1970-01-03 14:56:00,1.0349038524991174,0.0012332455551095332,0.0572308743931725,0.0388234716192156
1970-01-03 14:57:00,1.0349184470823296,-0.02068118826911103,0.05353429152502281,0.03940708652032537
1970-01-03 14:58:00,1.033760520518504,-0.0465954967820624,0.04903304647939197,0.0396037369937532
1970-01-03 14:59:00,1.0232573203222668,-0.115500664460312,0.04999978900782714,0.03290340507181063
1970-01-03 15:00:00,1.014695403848161,-0.14349763100110582,-0.0064480519548437655,0.04083758963898973
1970-01-03 15:01:00,1.0005233382180987,-0.24534147717015364,0.008882196682759103,0.03650042075047233
1970-01-03 15:02:00,0.995942591009059,-0.26708898823921784,0.010326875008830297,0.03796344608481353
1970-01-03 15:03:00,0.9976202062322926,-0.25877971646343184,0.0057618076998844315,0.03742798646498597
1970-01-03 15:04:00,1.007061040939864,-0.22108704220398856,-0.005846952140355234,0.039608887940200864
1970-01-03 15:05:00,1.0069751863497067,-0.22098553168028845,-0.006119382873174137,0.039627711617166196
1970-01-03 15:06:00,1.006975929938161,-0.22077259984211275,-0.006263178875226233,0.03966101178799707
1970-01-03 15:07:00,1.005581223565082,-0.22618492756491534,-0.0041082323680046344,0.03944238021479204
1970-01-03 15:08:00,0.947297588696406,-0.11861816831965227,0.0732071525382619,0.0253808256228108
1970-01-03 15:09:00,0.7143368796208661,-0.12083590431799036,0.3222455651371577,0.026462402156557364
1970-01-03 15:10:00,0.7124412834339909,-0.015915673779215694,0.3240521335658031,0.026482682058986268
1970-01-03 15:11:00,0.7107599270313463,-0.027892697395555,0.3271239435271892,0.026466113681808633
1970-01-03 15:12:00,0.8076960034699238,-0.10920679433819552,0.23970099415544466,0.026454811977639436
1970-01-03 15:13:00,1.0278062326506043,-0.11598376405009143,0.013807098273107934,0.041324634711745266
1970-01-03 15:14:00,1.0272489861350682,-0.08605409038703547,0.01750620255510243,0.0409971576940256
1970-01-03 15:15:00,0.9022754953954255,0.010127319788629102,0.154038231001359,0.02766037567027857
1970-01-03 15:16:00,0.7171982677458972,-0.0001946456361967691,0.3293778973327957,0.02785134078248293
1970-01-03 15:17:00,0.7126883971310051,0.06721709207701802,0.33145006342995237,0.02801088195043297
1970-01-03 15:18:00,0.7140223383850796,0.025042300652056305,0.33289978786253477,0.0279581454071867
1970-01-03 15:19:00,0.975167854935623,-0.04733098409055614,0.08596682795813314,0.02794782455896963
1970-01-03 15:20:00,1.0047587085076348,-0.1373338581456429,0.03609388508386554,0.0352304125401436
1970-01-03 15:21:00,0.9736261305024242,-0.19699539459151738,0.04720453945512157,0.036508481158234234
1970-01-03 15:22:00,0.9834124417172383,-0.1788122385158322,0.0434208546899791,0.0351479565594267
1970-01-03 15:23:00,1.0105816633843743,-0.13682025849375112,0.023620722935777435,0.03940658555887553
1970-01-03 15:24:00,1.0114834038081242,-0.16213538091067123,0.0032285638665782387,0.04027792317012457
1970-01-03 15:25:00,1.0110993470106286,-0.16512748137804933,0.0023622663998191054,0.0402187387773219
1970-01-03 15:26:00,1.0108368934821517,-0.1662844016961297,0.0015822970281445987,0.04022361433714237
1970-01-03 15:27:00,0.9956464303503786,-0.2526607193256399,0.0541735535446346,0.03423442063351017
1970-01-03 15:28:00,1.001074455108273,-0.184397839728636,0.0515702691627641,0.022476698441764902
1970-01-03 15:29:00,1.0225472248844683,0.07690598001079953,0.0557501519807605,0.03732119542316716
1970-01-03 15:30:00,1.023703926519099,0.05878988965226343,0.05760656341663859,0.03718978004419977
1970-01-03 15:31:00,1.0287109142322584,0.0529736120002309,0.05256524234556046,0.038958589174840165
1970-01-03 15:32:00,1.0291678875127643,0.07561599290073957,0.057762707461004835,0.03908883791517923
1970-01-03 15:33:00,1.0185321908086111,0.0828836294303052,0.050518554331994335,0.02783648022931483
1970-01-03 15:34:00,0.6807138230467208,0.5788238111609628,0.003701176497273933,0.022200489264114564
1970-01-03 15:35:00,1.0196182897153774,0.0622916635866278,0.08565740719892893,0.028761773574392968
1970-01-03 15:36:00,1.0202034124989736,-0.06992876305811474,0.08716854887915004,0.03489512317933236
1970-01-03 15:37:00,1.021751454114443,-0.0529170982213708,0.06356701360763771,0.035421866413132434
1970-01-03 15:38:00,0.9938766317361477,0.01786691850077136,0.0662393106274869,0.0206896677992815
1970-01-03 15:39:00,1.0222203231504234,-0.10805341382928213,0.05200633932622909,0.036184363585182504
1970-01-03 15:40:00,1.0227711031020794,-0.14379024735183563,0.0451905150627804,0.0381472048715091
1970-01-03 15:41:00,1.0176094307326602,-0.18163694042910963,0.049057991754465236,0.037278477730763565
1970-01-03 15:42:00,1.0168694539936471,-0.19391386416937903,0.04747411925252034,0.03825249576415727
1970-01-03 15:43:00,1.0200754621713624,-0.16922431275590366,0.03940232596394234,0.03775496597263613
1970-01-03 15:44:00,1.0211718833473198,-0.16030844794307442,0.040194328611053036,0.03815343304285283
1970-01-03 15:45:00,1.0179972652250713,-0.18429795232048332,0.0444668020734757,0.038207774222126366
1970-01-03 15:46:00,1.018102190867328,-0.18338798683955504,0.04425614434044384,0.0382246389330788
1970-01-03 15:47:00,1.0317091276122792,-0.06315109314564483,0.03270822795405493,0.035357488026375866
1970-01-03 15:48:00,1.0365764335621233,-0.022421139453111204,0.029642777267248833,0.04103942927998347
1970-01-03 15:49:00,1.0374457150220033,-0.012177962621550733,0.028733415757007566,0.0413935659630899
1970-01-03 15:50:00,1.0375516763767505,-0.008605360446470934,0.0300435541945298,0.04147099061868397
1970-01-03 15:51:00,1.0338918070353864,0.012773430062003365,0.03535405996499854,0.0390954262555279
1970-01-03 15:52:00,1.0279736462797577,0.06036963831938757,0.0486809010347459,0.038954263255691235
1970-01-03 15:53:00,1.027598080996844,0.05400670311221794,0.0496805219472238,0.038649107661776004
1970-01-03 15:54:00,1.0260207257302747,0.05833862472376276,0.0512716685149876,0.03648989872830697
1970-01-03 15:55:00,1.0277791813009853,0.1637127438341528,0.0494310987058861,0.042998896028292495
1970-01-03 15:56:00,1.0303916913662188,0.0248403189385201,0.0704339333881873,0.03376009902321216
1970-01-03 15:57:00,1.0303738153669921,-0.090853373104132,0.07137651755874401,0.03816280152476773
1970-01-03 15:58:00,1.025650622834868,-0.051307667798829226,0.07147280179575283,0.032657810519793766
1970-01-03 15:59:00,1.027511638839024,-0.004058185367859125,0.079419145728792,0.03775275978104717
1970-01-03 16:00:00,0.9145335759625283,0.12128990762126608,0.048571893330344534,0.013749258547485634
1970-01-03 16:01:00,0.7247387791685617,0.39588261977684674,-0.0004943069541081658,0.02315277199924747
1970-01-03 16:02:00,0.7299207375605015,0.3917667058243124,0.0099987174233372,0.02303123565098697
1970-01-03 16:03:00,0.6799108919182312,0.2946598616403396,0.010582875566387333,0.019023428328494133
1970-01-03 16:04:00,0.6799315862504832,0.2659558224365151,0.007465168659618066,0.020069821785333602
1970-01-03 16:05:00,0.6894254447901148,0.25967773129215344,0.0075397684096794,0.020487535793054203
1970-01-03 16:06:00,0.7849857116291687,0.14845883214829225,0.0328182143867172,0.0110593585985379
1970-01-03 16:07:00,1.0186352143250446,-0.0006464943463807643,0.06549982978489254,0.03384192751004193
1970-01-03 16:08:00,1.0189308903233931,0.028629090746719234,0.05667471082932524,0.0342793601312533
1970-01-03 16:09:00,0.9956702218613268,-0.11148407100654993,0.06147043012569261,0.02682961794925327
1970-01-03 16:10:00,0.9891033565298675,-0.10282300159007146,0.06409952047331803,0.02563042525558103
1970-01-03 16:11:00,0.9893283401713862,-0.11314555079658073,0.0667737798679216,0.025329931483210864
1970-01-03 16:12:00,0.99661645476746,-0.08877391406493625,0.05770241976742283,0.020228055127739966
1970-01-03 16:13:00,1.0362032583849552,0.10881378103576274,0.012469357075569334,0.04403509672086673
1970-01-03 16:14:00,1.0076316903053304,0.2052690742441491,0.0102614444834985,0.0355615104760956
1970-01-03 16:15:00,0.8502247832709872,0.3860843098964937,-0.01885533273962393,0.015728989915317966
1970-01-03 16:16:00,0.752878171314797,0.49872019397500944,-0.03212005161507914,0.0251664200166473
1970-01-03 16:17:00,0.7291919544833997,0.3439061102663284,-0.012292944995206133,0.022681989586700035
1970-01-03 16:18:00,0.7652651682105834,0.2745246222896401,-0.012126487417356335,0.0135861172173721
1970-01-03 16:19:00,1.0264998274064807,-0.06129767741127723,-0.02626709595229237,0.0417048728631761
1970-01-03 16:20:00,1.0172365609578933,-0.07576979744032236,-0.0178700173259821,0.04044794453359393
1970-01-03 16:21:00,0.9926572280009802,-0.054885797340368164,-0.0219958536873974,0.036525857224410534
1970-01-03 16:22:00,1.0275385906009034,0.0535496391731801,-0.0412271197227001,0.034186872518149
1970-01-03 16:23:00,1.0288649432692336,-0.003991193888843235,-0.033616630408965065,0.042720188785767894
1970-01-03 16:24:00,1.023493217120231,-0.013701271747948064,-0.030006306780645434,0.04152638254389363
1970-01-03 16:25:00,0.8305807116177095,0.22534560135490914,-0.06806346829484554,0.033636901938427166
1970-01-03 16:26:00,0.8049703169182226,0.13655294722304342,-0.0469132259884505,0.03551771241122
1970-01-03 16:27:00,0.8223337181323914,0.2156586722955045,-0.06594548722284677,0.03605653072394704
1970-01-03 16:28:00,0.8277207177210304,0.23913009067565708,-0.06952324231576913,0.038848470724604865
1970-01-03 16:29:00,0.8446524957137637,0.3042929832382835,-0.0720341377007447,0.03583390460237184
1970-01-03 16:30:00,0.8587726130593515,0.29964946224791633,-0.07042478383638767,0.03796730085076597
1970-01-03 16:31:00,0.846205712572092,0.23477597354953086,-0.06909772995800019,0.0396344336281047
1970-01-03 16:32:00,0.8444718103585361,0.2346233838157633,-0.06985348523182823,0.0396104683392669
1970-01-03 16:33:00,0.7801951878264203,0.07612332617930138,0.11108411001486661,0.02770493292891027
1970-01-03 16:34:00,0.6767061119893024,-0.12803920000733957,0.2660331583232771,0.027314019414695533
1970-01-03 16:35:00,0.6398970361565398,-0.2275398477330266,0.2793225798410039,0.01823934514092593
1970-01-03 16:36:00,0.6109901047046107,-0.329272380570338,0.28085508796247294,0.022203041879377602
1970-01-03 16:37:00,0.6002977608344776,-0.3372677633957862,0.27956675696771,0.022008478006728168
1970-01-03 16:38:00,0.6292735505690356,-0.3292422533861217,0.2815177181439468,0.021881971135286633
1970-01-03 16:39:00,0.6336796142439436,-0.2947126736359239,0.27787019956288916,0.021616438314177002
1970-01-03 16:40:00,0.6488979652623466,-0.24414259543454084,0.26695560888952424,0.0236353154936637
1970-01-03 16:41:00,0.6385186223376303,-0.2207485534358935,0.26520163931770396,0.023950213633019236
1970-01-03 16:42:00,0.6397185151748492,-0.200306091381767,0.260586501123421,0.016337008134373734
1970-01-03 16:43:00,0.6935093653651269,-0.0916136154555705,0.24527128260423772,0.02979382488497967
1970-01-03 16:44:00,0.6866141360196486,-0.12125418558137878,0.2537603911964728,0.027036365328345097
1970-01-03 16:45:00,0.6718634058708917,-0.15957976017268502,0.2623427494762845,0.027001089094201364
1970-01-03 16:46:00,0.6355797283945973,-0.16062261359918123,0.252147804413974,0.027061837987612736
1970-01-03 16:47:00,0.6251253959020953,-0.16758996025461773,0.24976746842807065,0.0269824192895867
1970-01-03 16:48:00,0.6241298006731214,-0.17756176802660165,0.2533803069125918,0.026794036030787737
1970-01-03 16:49:00,0.6236070613092957,-0.18808541146351,0.2560559401334645,0.026498565882038732
1970-01-03 16:50:00,0.6354763961561715,-0.19494780901989728,0.25774183153147495,0.0263534382452069
1970-01-03 16:51:00,0.626616732258737,-0.18238353140020014,0.2562908513102026,0.026618231543081728
1970-01-03 16:52:00,0.6194056637172684,-0.09813372797569035,0.25947172143713626,0.014980030043855367
1970-01-03 16:53:00,0.671342980262212,-0.15668450672446108,0.2547511002717203,0.023994202464867064
1970-01-03 16:54:00,0.7040556604958041,-0.17226568709692933,0.23787703813561722,0.0286900861490957
1970-01-03 16:55:00,0.696428667080224,-0.24436738512725684,0.24310682095660294,0.0272653303019884
1970-01-03 16:56:00,0.6970697797507199,-0.18088510217178969,0.24764939882788758,0.02790563954198763
1970-01-03 16:57:00,0.7293420863201722,-0.16573080456277337,0.23499818682802456,0.0287098362057208
1970-01-03 16:58:00,0.809102112639167,-0.28518680083192655,0.17612011441107137,0.028692746411455267
1970-01-03 16:59:00,0.7080484084953739,-0.18718344514142846,0.22968560064522228,0.02722151620317803
1970-01-03 17:00:00,0.6819679862225382,-0.25194961586942516,0.2150570657430987,0.027593206580417234
1970-01-03 17:01:00,0.6904764672352606,-0.1716132317659027,0.23953352506111755,0.028128280172249432
1970-01-03 17:02:00,0.6884264237429049,-0.201233183937459,0.2297630562489362,0.028994896964635836
1970-01-03 17:03:00,0.654317403897307,-0.27579204606891355,0.24022838605935926,0.02319371412612223
1970-01-03 17:04:00,0.6602693116182348,-0.29177198307575186,0.21248481376868492,0.026494972678385464
1970-01-03 17:05:00,0.6684359842721163,-0.29417834467258047,0.20668852925920597,0.0275614652511086
1970-01-03 17:06:00,0.6775225289575056,-0.13168880062433783,0.22021591781544367,0.019413122524355633
1970-01-03 17:07:00,0.6908780813512166,-0.11164158239109923,0.21981211781460627,0.020280978684743434
1970-01-03 17:08:00,0.6802997886798628,-0.19899439467945176,0.2384257981201906,0.027846697922458735
1970-01-03 17:09:00,0.7143490293250759,-0.18465952408629704,0.2502882305546196,0.027585471787958334
1970-01-03 17:10:00,0.6890390675982907,-0.23722015610073852,0.23673281463096255,0.027750726313899965
1970-01-03 17:11:00,0.6750937001786608,-0.276609704867422,0.23031596722171185,0.027459054465523866
1970-01-03 17:12:00,0.6802729829800013,-0.25766442011682417,0.22534344402579468,0.027488272756660232
1970-01-03 17:13:00,0.685933500294967,-0.3383018904671768,0.1555798903140386,0.027422561560381333
1970-01-03 17:14:00,0.684663497689194,-0.11165231317579993,0.25055043792155013,0.0274753221515735
1970-01-03 17:15:00,0.6848918092210052,-0.1884225268261417,0.2535158566782074,0.026912740831692965
1970-01-03 17:16:00,0.6900683135244158,-0.1720703463218495,0.2544406942266118,0.026980989527834603
1970-01-03 17:17:00,0.6781567468368418,-0.21891805028898428,0.2572659564732427,0.025808742331777632
1970-01-03 17:18:00,0.6757465874395477,-0.20005581101369593,0.25425953933073947,0.026617348003993402
1970-01-03 17:19:00,0.6726062241800695,-0.19642657526640483,0.250169747055665,0.026949446714886634
1970-01-03 17:20:00,0.691903420118365,-0.18945886416922378,0.2531552748254694,0.02697165055350807
1970-01-03 17:21:00,0.6918018904180228,-0.19728451162660743,0.2531972011178409,0.026811917523822736
1970-01-03 17:22:00,0.6710269120144208,-0.20054968356893346,0.2560666553225996,0.0266163264197861
1970-01-03 17:23:00,0.6639605643758824,-0.1689835348688757,0.2518387918680646,0.026584776474167904
1970-01-03 17:24:00,0.6600056597172935,-0.15244885003761718,0.25342778752882944,0.026567286806486835
1970-01-03 17:25:00,0.6566169976667019,-0.17351788530998594,0.2630780055571896,0.023976998644728836
1970-01-03 17:26:00,0.6678945722071488,-0.1446758137954123,0.24437267562899123,0.026015404168343536
1970-01-03 17:27:00,0.6747605825098802,-0.2486136308714563,0.20545794159242867,0.0280588223813721
1970-01-03 17:28:00,0.6813816966025952,-0.26706746930398634,0.20004632515949003,0.0278474468811318
1970-01-03 17:29:00,0.6869249559935721,-0.18939154705476022,0.23430730631925956,0.027795633225536066
1970-01-03 17:30:00,0.6973839193159576,-0.13781254225373016,0.23402654082181973,0.027823218158350867
1970-01-03 17:31:00,0.7138052072368142,-0.14809781379401665,0.2386073169652656,0.027744044189438866
1970-01-03 17:32:00,0.7363969880078597,-0.18826387318668006,0.2370802090630454,0.027735395027452498
1970-01-03 17:33:00,0.7343735078851991,-0.19378703506781425,0.23656455206179736,0.027679763452878533
1970-01-03 17:34:00,0.7392404835357075,-0.16536429427387497,0.24143885815534602,0.025473356513570664
1970-01-03 17:35:00,0.7225209668507816,-0.2206185084733792,0.2548091091842591,0.02563011597364027
1970-01-03 17:36:00,0.7192855736507541,-0.22515383750806275,0.2540294086759595,0.025625926789052834
1970-01-03 17:37:00,0.7188209370936994,-0.21937901847893362,0.2539488119611099,0.025577950192627597
1970-01-03 17:38:00,0.7015406119717577,-0.2320226634118887,0.2509271482979587,0.025752772297839368
1970-01-03 17:39:00,0.6938283847295964,-0.2025431495414877,0.2529819071310033,0.0257512653976977
1970-01-03 17:40:00,0.6932722303596028,-0.25027027843391125,0.2758471895598306,0.023107754802611267
1970-01-03 17:41:00,0.8345503154266373,-0.34690791905684604,0.09210076552058838,0.023108008481652
1970-01-03 17:42:00,0.9466733495085599,-0.41556320286614473,-0.04944899451442313,0.03506389086724306
1970-01-03 17:43:00,0.9557352395892592,-0.3918728191122678,-0.05782509851867193,0.035341904991918964
1970-01-03 17:44:00,0.9751491789148897,-0.2629311128691511,-0.0731692526388702,0.037167772541417066
1970-01-03 17:45:00,0.9739358948463098,-0.31861732888883393,-0.06542858426937377,0.0374183079091649
1970-01-03 17:46:00,0.9716289747388848,-0.3377307022707246,-0.062077615433153766,0.03768535970624687
1970-01-03 17:47:00,0.9712827811999181,-0.3384188222758084,-0.0629082294839531,0.037689563463974396
1970-01-03 17:48:00,0.9708324255246966,-0.33796499444448375,-0.0677688268242051,0.037768082896062365
1970-01-03 17:49:00,0.9631212638713471,-0.3670566511882454,-0.059125436558297995,0.03518624090832167
1970-01-03 17:50:00,0.9667526245625057,-0.3623832122302189,-0.055592735753596134,0.035594879570713535
1970-01-03 17:51:00,0.9816381832320767,-0.31572234877191846,-0.07398829900690687,0.0387815891631389
1970-01-03 17:52:00,0.9826086491548027,-0.31237985106499605,-0.07410907440219117,0.0388773056446672
1970-01-03 17:53:00,0.9787859936945771,-0.3268258223988696,-0.06981552631364697,0.03797680161107544
1970-01-03 17:54:00,0.970022181336542,-0.34042921454272057,-0.07966160475295621,0.034663196349365495
1970-01-03 17:55:00,0.9790170306108571,-0.3074770449584528,-0.07413936415654533,0.03499831656021154
1970-01-03 17:56:00,0.9762315217040842,-0.3195903141086546,-0.07564273994770083,0.035264728056432104
1970-01-03 17:57:00,0.9757093632687387,-0.32218778153251304,-0.07780712126420523,0.0354084863325702
1970-01-03 17:58:00,0.9759659660175243,-0.32192590989228886,-0.07556591223833191,0.0353517391841679
1970-01-03 17:59:00,0.9755599019894117,-0.3220388210311183,-0.0780116459613506,0.035329736559404405
1970-01-03 18:00:00,0.9982271022153183,-0.2484495696588868,-0.10495904002554961,0.034453448654520366
1970-01-03 18:01:00,0.9756217459755939,-0.3155428679616477,-0.07920142869275897,0.03713002360084177
1970-01-03 18:02:00,1.0147478733084723,-0.19669357946119814,-0.10264597070509913,0.04148157713992397
1970-01-03 18:03:00,1.0151427752107909,-0.1351210623576198,-0.12439103716135463,0.04124723395212093
1970-01-03 18:04:00,0.999050910253582,-0.06383302438999243,-0.15765252200386873,0.04493853102995333
1970-01-03 18:05:00,0.9971045044020531,-0.060413126680340455,-0.16039235455254564,0.0449612471970833
1970-01-03 18:06:00,0.9957202846179353,-0.05999008067858813,-0.16672839868118314,0.045125312125490834
1970-01-03 18:07:00,0.9979219504435634,-0.07056072697716184,-0.1588590824656333,0.0437473845404611
1970-01-03 18:08:00,1.0144327113091096,-0.15512469943223903,-0.12571629752430238,0.04206758537679647
1970-01-03 18:09:00,1.013427482626142,-0.1905252747051525,-0.12146958084531013,0.04307009543099174
1970-01-03 18:10:00,1.0117189354510436,-0.1983720901538656,-0.12066251857038507,0.04291092852855607
1970-01-03 18:11:00,1.0107543236276,-0.2362876222273327,-0.07758811237244423,0.04163449453296713
1970-01-03 18:12:00,1.0140863351926208,-0.22061865694964553,-0.07884077634535563,0.04198729664035067
1970-01-03 18:13:00,1.0112589197650983,-0.2331282008184479,-0.0793373850322585,0.04185569004486273
1970-01-03 18:14:00,1.011798685312774,-0.23221717744412215,-0.07467277597699971,0.0417709363223406
1970-01-03 18:15:00,1.0110272388481034,-0.23540328914910455,-0.0756958224307185,0.04176791389735443
1970-01-03 18:16:00,1.0074543743352868,-0.24807065654006152,-0.07519215608022534,0.041012518453168605
1970-01-03 18:17:00,1.0064841607015005,-0.25301676372499454,-0.07662299286072323,0.04131141333997847
1970-01-03 18:18:00,1.0023673927704353,-0.26942551537397696,-0.06661771451527483,0.04027390491767937
1970-01-03 18:19:00,0.9951784874803752,-0.29535471538154606,-0.06076970987317156,0.039914232480788334
1970-01-03 18:20:00,1.0023698476082121,-0.26326155017426,-0.0693628210485673,0.0389714628616406
1970-01-03 18:21:00,0.9634271127572779,-0.3555296405755249,-0.0602224237189275,0.030635414129067163
1970-01-03 18:22:00,1.016184683717984,-0.2076941455377617,-0.07729340696478172,0.0419603958475906
1970-01-03 18:23:00,1.0161165955805398,-0.20583302253538882,-0.07958855916435449,0.0418618254191683
1970-01-03 18:24:00,1.016514309176702,-0.20514388344320456,-0.08352921423691763,0.04214376772743847
1970-01-03 18:25:00,1.016597619300117,-0.20532542604890044,-0.08581591691311184,0.04236614185408003
1970-01-03 18:26:00,1.0124566316308234,-0.058810698263539136,-0.08871033114764126,0.032615634508705
1970-01-03 18:27:00,0.9983985574468969,-0.007761252625797702,-0.1273827717405326,0.0424512548772732
1970-01-03 18:28:00,1.0175269953215567,-0.1659493076353959,-0.12062271367561779,0.0426287696575596
1970-01-03 18:29:00,1.0087621555500101,-0.22011781782050396,-0.12809453342494223,0.041277821462938236
1970-01-03 18:30:00,1.0088189504378031,-0.1508533308288896,-0.1460044933562007,0.035832498851891464
1970-01-03 18:31:00,0.9991778912605298,-0.050893560743200235,-0.14987123231301544,0.02918156882968857
1970-01-03 18:32:00,1.0120150546148323,-0.19176529280268162,-0.12472203748521364,0.040867673241938435
1970-01-03 18:33:00,1.0077317510865162,-0.21766514512643245,-0.12845012655054774,0.04103030544396637
1970-01-03 18:34:00,1.0080758566025465,-0.21616351859660574,-0.12382803069673474,0.04080896656532703
1970-01-03 18:35:00,0.9884512261358002,-0.09005474963785526,-0.13234176651834353,0.016313506654417668
1970-01-03 18:36:00,0.9918272056877763,-0.08953372448541824,-0.12575160551518386,0.022132280634137937
1970-01-03 18:37:00,0.9698847950706204,0.1054503684220558,-0.15924220621717886,0.015772265712168967
1970-01-03 18:38:00,1.020242211882253,0.07983091858890144,-0.2047656905362161,0.046388253460490435
1970-01-03 18:39:00,1.0252023983372702,-0.0198430937372229,-0.19671843922764895,0.045604667278005134
1970-01-03 18:40:00,1.0198138800356054,0.028698962327855234,-0.21014667457793865,0.04254366090386907
1970-01-03 18:41:00,1.016441037497421,0.07771724758093583,-0.21709784368065013,0.04349086925202907
1970-01-03 18:42:00,0.9874350079457871,0.13388024113846833,-0.20096181150856363,0.021398855981283566
1970-01-03 18:43:00,0.945962117110736,0.2822388264985543,-0.1943067741009301,0.027846172070414
1970-01-03 18:44:00,1.0143385610602589,0.0689809715611164,-0.19914954120907793,0.037655486032799064
1970-01-03 18:45:00,1.0181912770796293,0.055560576415478825,-0.19880849129687775,0.04046667474178257
1970-01-03 18:46:00,0.9925178815163873,0.16680686943047215,-0.19252540505603535,0.0311282562911649
1970-01-03 18:47:00,1.0121424173747813,0.09253718001270754,-0.1855727014647942,0.0358800749690563
1970-01-03 18:48:00,1.0034158823674084,0.14508443060364876,-0.1890517410744581,0.036135319690401534
1970-01-03 18:49:00,0.9823789533534136,0.23159244330690565,-0.200003739823968,0.0409290351180692
1970-01-03 18:50:00,1.0151943384226731,0.04979679355973443,-0.19747946684668183,0.0370334878735405
1970-01-03 18:51:00,1.0161111232342586,0.12084150254812193,-0.20589209856346394,0.04637175591898146
1970-01-03 18:52:00,1.014823817258761,0.11965448541597062,-0.212295356896408,0.0459030226119631
1970-01-03 18:53:00,1.0140443141459707,-0.010162797180123037,-0.19890370827744122,0.036900308672862696
1970-01-03 18:54:00,1.0077771431781455,0.13321788345281774,-0.21285431401629654,0.04138030215997646
1970-01-03 18:55:00,1.0240043030587482,0.0035802908835516644,-0.20359570696930943,0.04608728248183416
1970-01-03 18:56:00,1.0106456219502233,-0.17112660080310782,-0.13056654034580029,0.04155477614629696
1970-01-03 18:57:00,0.9695210840482891,-0.13516667156705833,-0.102760529454545,0.0258779627093659
1970-01-03 18:58:00,0.9773105548607387,-0.11202957112170199,-0.11107119801522956,0.02616592385865593
1970-01-03 18:59:00,1.0138041931680597,-0.0815809290399434,-0.14807740866410316,0.036097595938433764
1970-01-03 19:00:00,0.9976627467949832,0.023951658114575464,-0.13300960346858934,0.031964610099062866
1970-01-03 19:01:00,0.8196938596141168,-0.022229454906088946,0.08145901215392624,0.027746433084598565
1970-01-03 19:02:00,0.71315472667963,-0.026664532090875298,0.1872377526724307,0.0306184426269083
1970-01-03 19:03:00,0.7052561209831375,-0.0698939740565827,0.1782838973426256,0.029854513240309532
1970-01-03 19:04:00,0.6780150699991466,-0.0744265090378914,0.21256875488161212,0.016533810889458933
1970-01-03 19:05:00,0.566546944809221,0.28071469569100155,0.14867994788129388,0.028321257866332234
1970-01-03 19:06:00,0.6114324999998605,0.15922821899099807,0.24782325178795703,0.015948507622384332
1970-01-03 19:07:00,0.1931119067135778,-0.012627143820632363,0.878534330788912,0.0
1970-01-03 19:08:00,0.13484603165843245,-0.0643858588952537,0.9119808264215528,0.0
1970-01-03 19:09:00,0.1302489022662576,-0.039687422527024625,0.9111840629254138,0.0
1970-01-03 19:10:00,0.1231693127779671,0.047890182828504636,0.9181633266113884,0.0
1970-01-03 19:11:00,0.11228055532896027,0.1614329430692714,0.9170396777125545,0.0
1970-01-03 19:12:00,0.10098943685595163,0.10604403727500983,0.9077286177163056,0.0
1970-01-03 19:13:00,0.1146122395875886,0.0297175145763571,0.9186807476186813,0.0
1970-01-03 19:14:00,0.1061047112975733,-0.16338326318862328,0.9016528694015796,0.0
1970-01-03 19:15:00,0.1229810521153608,-0.16939428096174936,0.8941408660535881,0.0
1970-01-03 19:16:00,0.1032894787701738,-0.10126566609023724,0.9111047449510057,0.0
1970-01-03 19:17:00,0.0696676388262449,-0.14827592794774522,0.8868645017807396,0.0
1970-01-03 19:18:00,0.05764174541381264,-0.047605378354058404,0.9069597668288285,0.0
1970-01-03 19:19:00,0.08998702987871454,-0.05085544283628853,0.9052920532180164,0.0
1970-01-03 19:20:00,0.09489672534984421,0.10066486700204025,0.9249539859187136,0.0
1970-01-03 19:21:00,0.0723335163012395,0.1176010046616864,0.9017062387814913,0.0
1970-01-03 19:22:00,0.0752470950409111,0.08887242638039532,0.9026186758264353,0.0
1970-01-03 19:23:00,0.10552329815727067,0.07175406447401263,0.9163078447214464,0.0
1970-01-03 19:24:00,0.10188427916895075,0.04235331726288313,0.9233697707799068,0.0
1970-01-03 19:25:00,0.10372009615544132,0.09043897247043094,0.928456019904572,0.0
1970-01-03 19:26:00,0.08450776556909102,-0.024700339564006264,0.9019091486589765,0.0
1970-01-03 19:27:00,0.0856919501002114,0.014735226721848104,0.9306669260608046,0.0
1970-01-03 19:28:00,0.08521718547005741,-0.02997183417376363,0.922855884342347,0.0
1970-01-03 19:29:00,0.08859343888831694,-0.007952442814342403,0.918359780489055,0.0
1970-01-03 19:30:00,0.11368782967475462,0.0816674569585897,0.9331494924267697,0.0
1970-01-03 19:31:00,0.12636217869366947,0.05096391149774116,0.9318722012244844,0.0
1970-01-03 19:32:00,0.15026635657116033,0.02865855822388866,0.9100290881645862,0.0
1970-01-03 19:33:00,0.1748234150703555,0.054624418371391203,0.9188348227265896,0.0
1970-01-03 19:34:00,0.15660955447905722,0.05657788011355957,0.9133933198343591,0.0
1970-01-03 19:35:00,0.11153960263010099,-0.011037064242388294,0.9168287150491098,0.0
1970-01-03 19:36:00,0.10028806696392197,0.033060447588696605,0.9298639164094326,0.0
1970-01-03 19:37:00,0.08766413257829464,-0.014582576247789766,0.9107840827517925,0.0
1970-01-03 19:38:00,0.11100758832814377,-0.009075638773209363,0.9110168135121368,0.0
1970-01-03 19:39:00,0.10282552272933859,0.051045617312193335,0.9294597131135328,0.0
1970-01-03 19:40:00,0.1316787166370749,0.0381651662323338,0.9267145492008616,0.0
1970-01-03 19:41:00,0.13499364724498866,0.05838215020378231,0.9152794521490359,0.0
1970-01-03 19:42:00,0.12658688846890478,0.06810857057556179,0.9075725917095187,0.0
1970-01-03 19:43:00,0.15117102155485793,0.09377365830106972,0.9096662308096266,0.0
1970-01-03 19:44:00,0.1461695393838929,0.059592650207233,0.9235422171254907,0.0
1970-01-03 19:45:00,0.14357701491816635,0.0848037919952954,0.9244472768217339,0.0
1970-01-03 19:46:00,0.13278269984204613,0.07619773303548073,0.925760317016412,0.0
1970-01-03 19:47:00,0.09572252016350963,0.0964117002391549,0.9262270277681471,0.0
1970-01-03 19:48:00,0.0746410372546924,0.026980243249935826,0.917014827523309,0.0
1970-01-03 19:49:00,0.07993345836720077,0.0705147803216635,0.9250202640194405,0.0
1970-01-03 19:50:00,0.09643614598667104,0.15535566101338827,0.9177800094093657,0.0
1970-01-03 19:51:00,0.1213714586377448,0.17931119975765106,0.9156990331184497,0.0
1970-01-03 19:52:00,0.11472062424399455,0.17708676208056587,0.9160466275586527,0.0
1970-01-03 19:53:00,0.10905192081684822,0.1252928547563711,0.9251396295214177,0.0
1970-01-03 19:54:00,0.10705194340069187,0.1098405821531957,0.9290228789846244,0.0
1970-01-03 19:55:00,0.10865615582078769,0.111346587045648,0.9295449493610096,0.0
1970-01-03 19:56:00,0.1019609816458548,0.1199807552622415,0.9287795641880109,0.0
1970-01-03 19:57:00,0.1050396038264817,0.12497631010554287,0.929290883308223,0.0
1970-01-03 19:58:00,0.10827246749792789,0.12732786033888296,0.9264521680563838,0.0
1970-01-03 19:59:00,0.10433088767887393,0.14837329125937074,0.9247396755783694,0.0
1970-01-03 20:00:00,0.08849324034409156,0.1761651024064362,0.9142372163916411,0.0
1970-01-03 20:01:00,0.08827939891081871,0.21993794388557367,0.9023910272396405,0.0
1970-01-03 20:02:00,0.10774679693497191,0.14799884086468598,0.9261232202748744,0.0
1970-01-03 20:03:00,0.11050469016160268,0.14844827177385175,0.9257012654385899,0.0
1970-01-03 20:04:00,0.10486611866481456,0.14101834393630017,0.9269348433907073,0.0
1970-01-03 20:05:00,0.11573035097319273,0.1533241108785284,0.9237300772116267,0.0
1970-01-03 20:06:00,0.11569391181933765,0.15013125025235052,0.9239566077202407,0.0
1970-01-03 20:07:00,0.11345927913236886,0.14927347924071724,0.9244563329271168,0.0
1970-01-03 20:08:00,0.11445375233947863,0.13644795763046708,0.9249130465516572,0.0
1970-01-03 20:09:00,0.11076750220594139,0.13775239249357613,0.9246355369241105,0.0
1970-01-03 20:10:00,0.10321716479298704,0.22605296253432094,0.8568400631163987,0.0
1970-01-03 20:11:00,0.0993715643175982,0.3204844415587677,0.7972355087452616,0.0
1970-01-03 20:12:00,0.10127073238472739,0.31751766304371487,0.7958227825361185,0.0
1970-01-03 20:13:00,0.0995019578644168,0.31904543995594353,0.7951204589398132,0.0
1970-01-03 20:14:00,0.09484859791497209,0.4747994999108785,0.7219680266559806,0.0
1970-01-03 20:15:00,0.08848126989781291,0.5195877773241558,0.7182080117042916,0.0
1970-01-03 20:16:00,0.08137094763313628,0.5270289522388795,0.7136236780393612,0.0
1970-01-03 20:17:00,0.06987081109303417,0.5458855291692849,0.702538582082826,0.0
1970-01-03 20:18:00,0.13678006871272516,0.46898078927275494,0.726308071714269,0.0
1970-01-03 20:19:00,0.20529434541320132,0.48574857171872104,0.7030066568243655,0.0
1970-01-03 20:20:00,0.17295115561041854,0.4901266913830788,0.6926818671461014,0.0
1970-01-03 20:21:00,0.17105781342604562,0.4858031502444284,0.6903064723444166,0.0
1970-01-03 20:22:00,0.17799821577012642,0.48234868456041347,0.6905981727120416,0.0
1970-01-03 20:23:00,0.17764411828424068,0.48540430249962213,0.6888739027066796,0.0
1970-01-03 20:24:00,0.16979952897761144,0.49907918596569617,0.6840381227674565,0.0
1970-01-03 20:25:00,0.1790953639365819,0.3445540269478511,0.8005552009018123,0.0
1970-01-03 20:26:00,0.17613094233634327,0.305809496201037,0.825519686591079,0.0
1970-01-03 20:27:00,0.10062369756332723,0.13670730854862484,0.8839957689167427,0.0
1970-01-03 20:28:00,0.10771958624497006,0.39019861423132296,0.8407807094672962,0.0
1970-01-03 20:29:00,0.1060257780553062,0.4782658706918819,0.7963629684020909,0.0
1970-01-03 20:30:00,0.15343023581550783,0.4306470687335659,0.7989373024282491,0.0
1970-01-03 20:31:00,0.10130633168198004,0.4287057887941552,0.8078606843896878,0.0
1970-01-03 20:32:00,0.09341944414282634,0.14761120982690656,0.9159960287830309,0.0
1970-01-03 20:33:00,0.10184823172687074,0.1258941228945912,0.92304965942273,0.0
1970-01-03 20:34:00,0.1133651886361615,0.14954260934568714,0.9181703793567463,0.0
1970-01-03 20:35:00,0.0971719632777673,0.1865429117796936,0.9112217628166851,0.0
1970-01-03 20:36:00,0.09746260013650103,0.15779575371835156,0.9166268117698694,0.0
1970-01-03 20:37:00,0.09459498777775606,0.1934817003750917,0.9075664799859727,0.0
1970-01-03 20:38:00,0.09737048479712557,0.21744918470987037,0.8995430919413362,0.0
1970-01-03 20:39:00,0.09306853346460216,0.2312783451400108,0.899477341730894,0.0
1970-01-03 20:40:00,0.09245113595445446,0.22114693550513728,0.8992857142786882,0.0
1970-01-03 20:41:00,0.0911240230997134,0.23380151706488952,0.8934107249344487,0.0
1970-01-03 20:42:00,0.086850922335301,0.24563185962796785,0.8902252677360339,0.0
1970-01-03 20:43:00,0.0942737077716017,0.23601049971243723,0.8912400040162942,0.0
1970-01-03 20:44:00,0.1111999022117446,0.1404240035656872,0.915109507544367,0.0
1970-01-03 20:45:00,0.11578488189970977,0.3205570768231332,0.8550406687495119,0.0
1970-01-03 20:46:00,0.08531900729443537,0.4564572548903145,0.792249322699551,0.0
1970-01-03 20:47:00,0.10847810290147226,0.42626871960588747,0.7969386343970811,0.0
1970-01-03 20:48:00,0.11883946360003983,0.4361864887658598,0.7947989147375777,0.0
1970-01-03 20:49:00,0.12405964044677903,0.44936551886832543,0.7923762852312787,0.0
1970-01-03 20:50:00,0.11854014269042844,0.42934560002132227,0.7952104101328153,0.0
1970-01-03 20:51:00,0.08251739505019777,0.30413261874729874,0.8270081175131776,0.0
1970-01-03 20:52:00,0.08151017461244177,0.32154895902230113,0.8277546724134704,0.0
1970-01-03 20:53:00,0.07643627887655054,0.3173676480233833,0.8278217964501818,0.0
1970-01-03 20:54:00,0.07755861942148885,0.31945358096523574,0.8286375574389305,0.0
1970-01-03 20:55:00,0.1429337013586293,0.19672941623274579,0.9047991381236963,0.0
1970-01-03 20:56:00,0.11415793691829486,0.14174772009665146,0.9274427197481923,0.0
1970-01-03 20:57:00,0.11947702430782953,0.1242946184478977,0.9304188733669146,0.0
1970-01-03 20:58:00,0.1220097529752149,0.12968459711816177,0.9279832761210106,0.0
1970-01-03 20:59:00,0.12229816238817683,0.12939945857211638,0.927185928994619,0.0
1970-01-03 21:00:00,0.1163376071318758,0.11577675439026468,0.9274619074124573,0.0
1970-01-03 21:01:00,0.1190647443449812,0.05871170677467517,0.9313640035424783,0.0
1970-01-03 21:02:00,0.12892928172911253,0.06610882810629583,0.9264733459653872,0.0
1970-01-03 21:03:00,0.1143953507694893,0.11590930657700306,0.927188197939197,0.0
1970-01-03 21:04:00,0.07534319057027224,0.07745900854754507,0.9281239408483919,0.0
1970-01-03 21:05:00,0.04168800201200166,0.06584623433150373,0.9302369446691339,0.0
1970-01-03 21:06:00,0.06714999770138216,0.0378045106325723,0.9328020717641136,0.0
1970-01-03 21:07:00,0.0548405282009413,0.08949716051761185,0.9307918590019346,0.0
1970-01-03 21:08:00,0.01844347340290457,0.1491884259613521,0.9036318907334523,0.0
1970-01-03 21:09:00,0.05775277578449597,0.018821317191619967,0.9283212570561513,0.0
1970-01-03 21:10:00,0.01612627916036233,-0.014730519349314299,0.9315483684047408,0.0
1970-01-03 21:11:00,0.04316535625002834,0.006725590174835201,0.9281739855031557,0.0
1970-01-03 21:12:00,0.08322067038764167,-0.0253090551367654,0.8878981273524951,0.0
1970-01-03 21:13:00,0.0630608653680069,-0.07186199659623017,0.8588840379050536,0.0
1970-01-03 21:14:00,0.09692507863255363,0.04928461793021505,0.9035207222855872,0.0
1970-01-03 21:15:00,0.08028777162652194,0.045195274480427004,0.8961357765551511,0.0
1970-01-03 21:16:00,0.09089419119508037,0.08095292842486836,0.8959479656513399,0.0
1970-01-03 21:17:00,0.11658965374158291,0.19830483715415337,0.8986802962560936,0.0
1970-01-03 21:18:00,0.14300107578394067,0.26458180788311164,0.8954952062857031,0.0
1970-01-03 21:19:00,0.1599892801898313,0.265313566412645,0.896545376791478,0.0
1970-01-03 21:20:00,0.1253996598725494,0.166054651546335,0.9095256841198244,0.0
1970-01-03 21:21:00,0.08968018677518526,0.01000346358685103,0.9286337517106474,0.0
1970-01-03 21:22:00,0.08555952828309987,0.01979666790831973,0.9304522943959395,0.0
1970-01-03 21:23:00,0.03546060804709777,-0.041124254351684465,0.932006865708256,0.0
1970-01-03 21:24:00,0.053162408399827936,-0.03168011435782403,0.933318620604849,0.0
1970-01-03 21:25:00,0.0312147378902351,-0.08965765661255982,0.9014224174222786,0.0
1970-01-03 21:26:00,0.0827395321421646,0.11632161841959414,0.8948064143863257,0.0
1970-01-03 21:27:00,0.18733501116632176,0.09352626984573087,0.914027365248734,0.0
1970-01-03 21:28:00,0.113758998392938,0.04361282793205493,0.9242753059052887,0.0
1970-01-03 21:29:00,0.16529680212322762,0.08785135172259674,0.9195255688036671,0.0
1970-01-03 21:30:00,0.1493241370509261,0.07991648309904714,0.9115645636196437,0.0
1970-01-03 21:31:00,0.1652540623850583,0.15763671876484234,0.9173615202875598,0.0
1970-01-03 21:32:00,0.16754519119660208,0.15849517816643757,0.9187586130751008,0.0
1970-01-03 21:33:00,0.1490470109288408,0.15307568646378603,0.9112159297929793,0.0
1970-01-03 21:34:00,0.08299022767820691,0.23619086463138453,0.881783525001279,0.0
1970-01-03 21:35:00,0.07412491051676454,0.21166114454411944,0.8825428476330567,0.0
1970-01-03 21:36:00,0.08799504603844256,0.04891785455677173,0.9299170234836125,0.0
1970-01-03 21:37:00,0.1316092674671922,0.1601671491544667,0.8635778415882372,0.0
1970-01-03 21:38:00,0.35409073383700873,0.18519886412362804,0.6474545227191962,0.0
1970-01-03 21:39:00,0.375163994118141,0.14419051574455352,0.6575680710341758,0.0
1970-01-03 21:40:00,0.3122447325568204,0.27428932115216226,0.6537090586205668,0.011458721029457067
1970-01-03 21:41:00,0.34237722724560044,0.2002263326310797,0.6572006823477033,0.0
1970-01-03 21:42:00,0.278204408333877,0.28304859074649447,0.6309900181947387,0.008990110021236666
1970-01-03 21:43:00,0.2796264714589758,0.28367157016420014,0.6459125486396387,0.0113508133995442
1970-01-03 21:44:00,0.27506219274244553,0.2948067367250849,0.6460635285399144,0.011286716848945734
1970-01-03 21:45:00,0.2771711623002183,0.3331724167805948,0.64342658541445,0.011256544237036467
1970-01-03 21:46:00,0.27377364026040923,0.3099548961902741,0.6395808719014321,0.011235607813161234
1970-01-03 21:47:00,0.3033308896095483,0.31974941992583644,0.6434905486670957,0.011033880523073332
1970-01-03 21:48:00,0.33372604032187536,0.22280096786062895,0.6426628134217003,0.0
1970-01-03 21:49:00,0.36228120132143005,0.4201769914841855,0.3735717670137408,0.013851855057422766
1970-01-03 21:50:00,0.3621923756970468,0.4540373785787921,0.33132536000633755,0.0178158201996608
1970-01-03 21:51:00,0.3601997943303383,0.45109930660004394,0.3340880393842351,0.0174608241783358
1970-01-03 21:52:00,0.3882641139190046,0.4194769866288767,0.33502851363306335,0.0185110030506323
1970-01-03 21:53:00,0.3991994020794616,0.3152118468748555,0.3267070643068108,0.01856674629606767
1970-01-03 21:54:00,0.3971935755434098,0.3202858208079869,0.32605884782528727,0.018666250802585934
1970-01-03 21:55:00,0.3878461574550092,0.31444461264105844,0.31082870817014185,0.018691244730079166
1970-01-03 21:56:00,0.40405806879291056,0.3393238829782579,0.33278701279206363,0.018750297066889837
1970-01-03 21:57:00,0.4067613115877369,0.35374249756006587,0.3358118864216051,0.0187858456248846
1970-01-03 21:58:00,0.4204462072749045,0.31931746197364563,0.32639378601394164,0.0187849350086976
1970-01-03 21:59:00,0.40957498390721886,0.3743426380345413,0.33840068005121665,0.018756555706605133
1970-01-03 22:00:00,0.40200794894995456,0.3744134207200387,0.33502831690376467,0.018633978617083467
1970-01-03 22:01:00,0.5480371360130865,-0.030083026024918608,0.4784896479911838,0.013845160862079833
1970-01-03 22:02:00,0.5365501184978577,0.08353470460694733,0.5047851500147956,0.013848576158589499
1970-01-03 22:03:00,0.546403020714433,-0.010966214067678864,0.4805210353835448,0.0138361807224522
1970-01-03 22:04:00,0.4087946442574175,0.32700931881725165,0.3184802089850094,0.018583283954306497
1970-01-03 22:05:00,0.4275861768096075,0.38444193630236706,0.33663886425920037,0.018568702723138465
1970-01-03 22:06:00,0.41470143873238646,0.34915905884064086,0.3262247168546518,0.0185001059913825
1970-01-03 22:07:00,0.4302242493877553,0.448797219210145,0.33349002166209263,0.0184185842333173
1970-01-03 22:08:00,0.13765345484726543,0.5837668914547396,0.4617058009932253,0.0045906300809594
1970-01-03 22:09:00,0.0891489824535087,0.363765067342821,0.4300239392998044,0.0046605243678038664
1970-01-03 22:10:00,0.3916801874948727,0.10733765530467294,0.49516266262049574,0.0
1970-01-03 22:11:00,0.5503342566869522,0.008731194082159333,0.5217836827781765,0.013373864801902833
1970-01-03 22:12:00,0.5377114310448239,-0.0544235586660037,0.5227523089896466,0.013223662625491567
1970-01-03 22:13:00,0.5817564491167717,-0.014874689803890636,0.5067197908562956,0.013240184593754466
1970-01-03 22:14:00,0.5276261756940124,0.3170610074144093,0.5048718584531908,0.0
1970-01-03 22:15:00,0.4569634113609646,0.41602302205226055,0.49210215967555165,0.004007538377356934
1970-01-03 22:16:00,0.4978536193120353,0.3286131324501282,0.49886330303043086,0.0
1970-01-03 22:17:00,0.6004621635943092,0.1398393900777471,0.511708880298573,0.0138467686791314
1970-01-03 22:18:00,0.590396561883873,0.1300515528358591,0.5142100080738687,0.004567496520914867
1970-01-03 22:19:00,0.2910121352122019,0.536685269878972,0.4851037116041337,0.006381266103329633
1970-01-03 22:20:00,0.22359509464735097,0.349522106932966,0.449697469192659,0.008208667636637966
1970-01-03 22:21:00,0.2745967843804103,0.3617535665656025,0.47675897608656026,0.009137558764232433
1970-01-03 22:22:00,0.275048628892336,0.3847349440905263,0.474581635227505,0.009002507386753367
1970-01-03 22:23:00,0.5339117006822135,0.16429435236493073,0.5153613072756328,0.0036116628050242
1970-01-03 22:24:00,0.5681530029220875,0.0813287032953377,0.5265800414447647,0.013552652285985433
1970-01-03 22:25:00,0.577885981582849,0.042117302426988856,0.5176951954741167,0.0139019868669295
1970-01-03 22:26:00,0.5631182551265638,0.03296580577954313,0.5121215642666568,0.0138476040524685
1970-01-03 22:27:00,0.5554987722863319,-0.04606227801625564,0.505184785912144,0.0136391564427991
1970-01-03 22:28:00,0.5434863647136134,0.028996453086918533,0.5221978028701407,0.013694994266861901
1970-01-03 22:29:00,0.5215215368963134,0.010024769931064931,0.5166989828967384,0.0136480795538393
1970-01-03 22:30:00,0.5978533382754349,0.12560123827424372,0.5451637549599267,0.0
1970-01-03 22:31:00,0.41832133355514567,0.017101749436860266,0.6329611965852371,0.013936387455020733
1970-01-03 22:32:00,0.45756780603193487,0.025888473642615362,0.6274974632822552,0.013688676917440233
1970-01-03 22:33:00,0.28854826814703655,0.12109693909198638,0.5861508698564638,0.0
1970-01-03 22:34:00,0.2918561744997297,0.3822454560313339,0.6275823945993192,0.0077331751188540665
1970-01-03 22:35:00,0.4038945258072293,0.20394413109675757,0.6271035194192819,0.013511713524515067
1970-01-03 22:36:00,0.3237213962667403,0.299424524078934,0.6234020543857032,0.0
1970-01-03 22:37:00,0.263883591817029,0.370843190790759,0.6241157784448671,0.0106104481019422
1970-01-03 22:38:00,0.3113028881504046,0.3374923978633148,0.6322167925919432,0.005389890117956667
1970-01-03 22:39:00,0.13549267144846622,0.12300616840464007,0.9269532211860261,0.0
1970-01-03 22:40:00,0.10204384528423781,-0.0003364438449728659,0.9145520160577535,0.0
1970-01-03 22:41:00,0.10802928419702947,-0.1352249350037383,0.9058496430692791,0.0
1970-01-03 22:42:00,0.07190888413911137,-0.12830044062343202,0.9134241243637115,0.0
1970-01-03 22:43:00,0.10274666915726303,-0.23211902788317731,0.8416300619837952,0.0
1970-01-03 22:44:00,0.15061374184340892,-0.1634440675941334,0.887717838065537,0.0
1970-01-03 22:45:00,0.13159067775583308,-0.10563214723999349,0.9084223540787231,0.0
1970-01-03 22:46:00,0.1361829970601938,-0.2258571999516664,0.8515058891718873,0.0
1970-01-03 22:47:00,0.1359169816102369,-0.06231495580090344,0.9164384172358053,0.0
1970-01-03 22:48:00,0.1663347254610479,0.06544843941840403,0.9124355170131384,0.0
1970-01-03 22:49:00,0.16861675195320833,0.13320498626441335,0.8853240162862089,0.0
1970-01-03 22:50:00,0.12816478316906227,0.07656004886985622,0.9022287190105821,0.0
1970-01-03 22:51:00,0.16164471390390397,-0.07080415719021953,0.9179651808617528,0.0
1970-01-03 22:52:00,0.15121168654845588,-0.02681074409411324,0.9168144128290953,0.0
1970-01-03 22:53:00,0.2027051073428757,0.010733926323514734,0.9208068241013209,0.0
1970-01-03 22:54:00,0.22679472091076455,1.0973745863736862e-05,0.9215043048780567,0.0
1970-01-03 22:55:00,0.20939396101594654,-0.014882616411834632,0.9178622094679995,0.0
1970-01-03 22:56:00,0.15988110466767813,-0.0578474196796277,0.9129262812004594,0.0
1970-01-03 22:57:00,0.21164371444135113,0.0040593883630622,0.9179865751729848,0.0
1970-01-03 22:58:00,0.20682414255480852,0.010060603328151896,0.8885683742366498,0.0
1970-01-03 22:59:00,0.10432945693501754,0.14476074559419594,0.889716486423775,0.0
1970-01-03 23:00:00,0.10529573685309647,0.09507091231202684,0.874381401524246,0.0
1970-01-03 23:01:00,0.11594685803829086,0.002380887793776529,0.9265762714556377,0.0
1970-01-03 23:02:00,0.09101731815651237,-0.017785975314414268,0.9225863488090403,0.0
1970-01-03 23:03:00,0.08846653091237816,0.05131874615297147,0.9290946655057146,0.0
1970-01-03 23:04:00,0.10043717304697826,0.09828257543265506,0.901284477395684,0.0
1970-01-03 23:05:00,0.11293240355776586,0.1842688627829009,0.9177746452571549,0.0
1970-01-03 23:06:00,0.0798760062003273,0.110095860097412,0.9112611873681415,0.0
1970-01-03 23:07:00,0.06786148238814593,0.11323943335209974,0.9287462448024572,0.0
1970-01-03 23:08:00,0.056965332209282536,0.10669878723924293,0.9241232538303351,0.0
1970-01-03 23:09:00,0.0209766402563434,0.08333956967396396,0.920129131013211,0.0
1970-01-03 23:10:00,0.07204045614084646,0.050284605583738574,0.9314025526485556,0.0
1970-01-03 23:11:00,0.04172553663099033,0.13369223137903705,0.8796629307084295,0.0
1970-01-03 23:12:00,0.028691556367469163,0.1633320861191986,0.8941004021156701,0.0
1970-01-03 23:13:00,0.07999887091404546,0.050206702786379974,0.9361642181033205,0.0
1970-01-03 23:14:00,0.08402681654031886,0.07091108372317903,0.936051964365491,0.0
1970-01-03 23:15:00,0.07483564165630001,0.0576773434910428,0.9367496713809204,0.0
1970-01-03 23:16:00,0.0757112237004946,0.06794034696584504,0.9354933449642319,0.0
1970-01-03 23:17:00,0.20301980459945412,0.17306945999007825,0.7635243695812083,0.0
1970-01-03 23:18:00,0.23650471472126702,0.33449616368170454,0.6420772617794511,0.007855603533162767
1970-01-03 23:19:00,0.2434953325231565,0.3216157362230691,0.64798801323137,0.008245442462895767
1970-01-03 23:20:00,0.24006672914987334,0.3077816423315349,0.6436322134350786,0.008220201679640934
1970-01-03 23:21:00,0.23247357564814944,0.3231000534572599,0.6472349138030742,0.0082251844071832
1970-01-03 23:22:00,0.22804771393064394,0.3490221940932586,0.6452338719050354,0.008239335811549701
1970-01-03 23:23:00,0.23634831217650232,0.33867832167023243,0.6482615554847265,0.008280860728418967
1970-01-03 23:24:00,0.24665584902150275,0.3277126610140915,0.6487178592565613,0.0082022730073193
1970-01-03 23:25:00,0.25324716314299084,0.31703548299444834,0.6480600948464081,0.008252401019597367
1970-01-03 23:26:00,0.2562850439794196,0.29241207438314853,0.6444501122155396,0.0082610094989473
1970-01-03 23:27:00,0.254510393782483,0.28791409050389977,0.6404799018446706,0.008255380256576033
1970-01-03 23:28:00,0.2697104770898843,0.18677006696928858,0.6187295171397073,0.008213478858882567
1970-01-03 23:29:00,0.258888377034465,0.2952566231864315,0.6461210259562769,0.0082018219251003
1970-01-03 23:30:00,0.25541754514007486,0.31975899664501267,0.6459608981436121,0.008110636692443633
1970-01-03 23:31:00,0.2447621516408592,0.30931319189071177,0.6445294957663805,0.0080702000551141
1970-01-03 23:32:00,0.25660134459860284,0.28888355278685657,0.6469255504232488,0.008182608767122533
1970-01-03 23:33:00,0.25430206287079155,0.28400770693325866,0.6469311342565098,0.008168577509524367
1970-01-03 23:34:00,0.28137786459916575,0.27993861699597805,0.651814555474231,0.008838705774784433
1970-01-03 23:35:00,0.3003572727413695,0.2806087072580883,0.649709332297252,0.009150142907487667
1970-01-03 23:36:00,0.299653980805969,0.2794595853184492,0.6519232287388245,0.0090243133951863
1970-01-03 23:37:00,0.2908978881575351,0.29293579066791225,0.6487560673651874,0.0084052871738685
1970-01-03 23:38:00,0.22361866208588563,0.2634472062474245,0.6464143755711891,0.0083494175140505
1970-01-03 23:39:00,0.1947690832130904,0.2121292598416147,0.6292402553510886,0.008212059756012734
1970-01-03 23:40:00,0.20628212300463053,0.22948005796842788,0.649108235761585,0.008200318411449466
1970-01-03 23:41:00,0.21455829237800828,0.2543185985662131,0.6505421529950182,0.008167331021490467
1970-01-03 23:42:00,0.2302122932821109,0.26986368233366764,0.6528888253190949,0.0082378423992356
1970-01-03 23:43:00,0.24209922196295153,0.27349516884617736,0.6532298949042249,0.008348949911603966
1970-01-03 23:44:00,0.25423526273477753,0.2906174822459201,0.6503220456980061,0.008339790440230466
1970-01-03 23:45:00,0.25501833772782156,0.24517051012397095,0.6407051241034484,0.008409486040301867
1970-01-03 23:46:00,0.24697150563997106,0.27195967791702247,0.6471082102982563,0.0083106843876422
1970-01-03 23:47:00,0.25448343538142104,0.27652947369225095,0.6486535222182479,0.008437476435665068
1970-01-03 23:48:00,0.24966106507940067,0.35057464168691693,0.6496101643366066,0.008336785176016166
1970-01-03 23:49:00,0.2566345073158309,0.36166516750855476,0.6460577119103167,0.008312805366888667
1970-01-03 23:50:00,0.22852009841382573,0.18571064156679706,0.603120991630293,0.008293883602832034
1970-01-03 23:51:00,0.25272383953109395,0.26455439713967654,0.6478666738787627,0.008362714640552634
1970-01-03 23:52:00,0.2460617384444236,0.2986778538080194,0.6508157313154127,0.008303793174606234
1970-01-03 23:53:00,0.23615429534255736,0.32961707834593285,0.6515238879354238,0.008323327399069267
1970-01-03 23:54:00,0.28882497600061624,0.26947376678606355,0.6563187055558392,0.0
1970-01-03 23:55:00,0.37291860595531445,0.19323090708900967,0.6628621646629017,0.012148608123430467
1970-01-03 23:56:00,0.3602924009692283,0.24323561128955054,0.6538988958361546,0.011887911990127833
1970-01-03 23:57:00,0.36630298910581566,0.24162632765604494,0.6493932866789146,0.012158809005123566
1970-01-03 23:58:00,0.3677503674342759,0.24841424749258034,0.644746737373275,0.0119031760196749
1970-01-03 23:59:00,0.3526207291741515,0.27621102247118506,0.6333399824557467,0.0119037380281345
