timestamp,x,y,z,enmo
1970-01-01 00:00:00,0.9224948172636616,0.2052244326811714,0.11395530501736151,0.0
1970-01-01 00:01:00,0.9184813589913722,0.2138967767237987,0.1150989603916207,0.0
1970-01-01 00:02:00,0.9168227018018182,0.2176625162110266,0.11515296086034994,0.0
1970-01-01 00:03:00,0.9159598082732759,0.22045908233390757,0.11516688523584824,0.0
1970-01-01 00:04:00,0.9074075587084137,0.2403758430633568,0.1171338773296749,0.0
1970-01-01 00:05:00,0.9076402437296762,0.24036623323000383,0.11630639230657364,0.0
1970-01-01 00:06:00,0.9062314720968376,0.2431876683461965,0.1163940578539816,0.0
1970-01-01 00:07:00,0.9044321049714279,0.2466081114262897,0.11662849502187612,0.0
1970-01-01 00:08:00,0.902276065631701,0.2508681221555864,0.11672390600315503,0.0
1970-01-01 00:09:00,0.8994539833358347,0.2566195551087745,0.11636120503054033,0.0
1970-01-01 00:10:00,0.8956237585453813,0.263748586816466,0.1168444388785621,0.0
1970-01-01 00:11:00,0.8923179111899087,0.2698778371680424,0.1174372546608438,0.0
1970-01-01 00:12:00,0.8908491765793114,0.27290324585437764,0.11763582205727242,0.0
1970-01-01 00:13:00,0.8537528773270714,0.3058635992867716,0.11756799874494954,0.0
1970-01-01 00:14:00,0.5171974059108017,0.5283903052677298,0.1276828246570404,0.0
1970-01-01 00:15:00,0.5165693474704535,0.5282913075443546,0.12601736781554074,0.0
1970-01-01 00:16:00,0.5163108616460118,0.5279395547639564,0.1242872061416475,0.0
1970-01-01 00:17:00,0.5148614627067786,0.5310301548858837,0.1227234262504009,0.0
1970-01-01 00:18:00,0.5105403208979673,0.5469334875306568,0.11697912820239238,0.0
1970-01-01 00:19:00,0.5102161385839498,0.5477914677999084,0.11556184434503403,0.0
1970-01-01 00:20:00,0.509313588265336,0.5484720173668788,0.11534575544277,0.0
1970-01-01 00:21:00,0.5092787094017792,0.5487986620290298,0.11485776409978633,0.0
1970-01-01 00:22:00,0.5076276968946488,0.5492938897708415,0.11520841178486034,0.0
1970-01-01 00:23:00,0.5083281409216935,0.5492898246469347,0.11476534105741643,0.0
1970-01-01 00:24:00,0.5087958999274759,0.5502821931300433,0.11556133668551062,0.0
1970-01-01 00:25:00,0.5065507522582511,0.5531397361115251,0.11711864754397362,0.0
1970-01-01 00:26:00,0.5058820814425287,0.5533049714420861,0.11679185985649825,0.0
1970-01-01 00:27:00,0.5064007253656918,0.5538769582882538,0.11713790959674623,0.0
1970-01-01 00:28:00,0.5052547396911576,0.5548346536556877,0.11666346551075775,0.0
1970-01-01 00:29:00,0.5054212504301926,0.5551780370633369,0.11671295506200792,0.0
1970-01-01 00:30:00,0.5127885742194266,0.5371076047982666,0.11057861494991154,0.0
1970-01-01 00:31:00,0.5242825931393467,0.5164742314724834,0.10363480447551472,0.0
1970-01-01 00:32:00,0.8307433872130283,0.29343253963160404,0.16236061778057712,0.0
1970-01-01 00:33:00,0.8284256244524878,0.29662936827148484,0.16232425555373906,0.0
1970-01-01 00:34:00,0.8260656447885615,0.2993787713297867,0.16227397780860245,0.0
1970-01-01 00:35:00,0.8239700826007349,0.3015806551056785,0.16217183896569587,0.0
1970-01-01 00:36:00,0.5199886705806485,0.5246066314103253,0.10447266025745063,0.0
1970-01-01 00:37:00,0.5172592800591661,0.5295923863194377,0.10461577672936895,0.0
1970-01-01 00:38:00,0.5395604760315077,0.517229642089633,0.1066186530992193,0.0
1970-01-01 00:39:00,0.8994375442824203,0.2567232456590126,0.1365564665481528,0.0
1970-01-01 00:40:00,0.8768498518914449,0.2965998096063349,0.14472257610925846,0.0
1970-01-01 00:41:00,0.6255857202602206,0.5186428379784169,0.09462282737343249,0.0
1970-01-01 00:42:00,0.6137776548506636,0.5316929603918558,0.09447757819449747,0.0
1970-01-01 00:43:00,0.6050865254182624,0.5400192824251615,0.09467229745986204,0.0
1970-01-01 00:44:00,0.5975356450801608,0.546677332256084,0.0957241544318358,0.0
1970-01-01 00:45:00,0.5987507452026132,0.5475256428647833,0.09592579771470493,0.0
1970-01-01 00:46:00,0.600985210598915,0.5474025247498348,0.09597340623764428,0.0
1970-01-01 00:47:00,0.6038671812678768,0.5464443657472408,0.09606978818867569,0.0
1970-01-01 00:48:00,0.6070280152521,0.5454500670988573,0.09619360425114887,0.0
1970-01-01 00:49:00,0.6104648583900675,0.5441454928810775,0.09602144833284643,0.0
1970-01-01 00:50:00,0.5148473897689587,0.6230673845786098,0.07755551666592377,0.0
1970-01-01 00:51:00,0.5003211418153266,0.6342398452453145,0.07613531770547893,0.0
1970-01-01 00:52:00,0.5036988989881876,0.632307824033735,0.0763981410051667,0.0
1970-01-01 00:53:00,0.5083239634297945,0.6299261195362503,0.07662298742426724,0.0
1970-01-01 00:54:00,0.5125733272714227,0.6277024956300611,0.0761866203634569,0.0
1970-01-01 00:55:00,0.5175848981832786,0.6249859861541948,0.07638458824145566,0.0
1970-01-01 00:56:00,0.5499784305816303,0.5922998218595837,0.0787805758455785,0.0
1970-01-01 00:57:00,0.6881564021299988,0.46693445660142946,0.0967705146984475,0.0
1970-01-01 00:58:00,0.6724877038168843,0.5003809269893974,0.10195264754773699,0.0
1970-01-01 00:59:00,0.6722394085396001,0.5070682168715632,0.1031162127030011,0.0
1970-01-01 01:00:00,0.8085496928794002,0.39382724610035047,0.11175924914166634,0.0
1970-01-01 01:01:00,0.808394796177117,0.39359318527968723,0.1110890408608307,0.0
1970-01-01 01:02:00,0.8086943781307884,0.3927058998788436,0.11035757004407105,0.0
1970-01-01 01:03:00,0.8097049646253868,0.39116184554794725,0.10970542900635066,0.0
1970-01-01 01:04:00,0.809567884649605,0.39172026883637967,0.1093299206872468,0.0
1970-01-01 01:05:00,0.8095522444658602,0.39236619100314823,0.108998367488484,0.0
1970-01-01 01:06:00,0.8421315266655363,0.3267101823833383,0.15147443326558832,0.0
1970-01-01 01:07:00,0.8492420816976699,0.20802341994402632,0.10982508866708703,0.0
1970-01-01 01:08:00,0.8631085352353686,0.0576705827320447,0.0500316300892178,0.0166753327525762
1970-01-01 01:09:00,0.8684838668055512,0.2105828488572464,0.1034703082853834,0.0
1970-01-01 01:10:00,0.8634491864648414,0.2577538143505975,0.11700726704454513,0.0
1970-01-01 01:11:00,0.8594425516688556,0.2729166368507762,0.12014278982927633,0.0
1970-01-01 01:12:00,0.8570308335365145,0.28201534065373673,0.12191260696422412,0.0
1970-01-01 01:13:00,0.8822223465677598,0.24110016743886678,0.11615956266785576,0.0
1970-01-01 01:14:00,0.9189076993466808,0.20125724538093412,0.10312743504329593,0.0
1970-01-01 01:15:00,0.8841458501964278,0.25811815108073644,0.10739982506923094,0.0
1970-01-01 01:16:00,0.8694047225551241,0.2782579705392579,0.10935963740694123,0.0
1970-01-01 01:17:00,0.8603265875222251,0.2936255736562371,0.11277979763414993,0.0
1970-01-01 01:18:00,0.8562997510556949,0.2995668718083621,0.11200628407066231,0.0
1970-01-01 01:19:00,0.854087571079421,0.302689365218587,0.1122861785227357,0.0
1970-01-01 01:20:00,0.851966201568966,0.3079771349214744,0.11289222246174073,0.0
1970-01-01 01:21:00,0.8506923764981248,0.3104224265138285,0.1133049786633603,0.0
1970-01-01 01:22:00,0.8503001087312736,0.311437990115699,0.11316116597266702,0.0
1970-01-01 01:23:00,0.8493982751016372,0.3125893766810408,0.11339133880056523,0.0
1970-01-01 01:24:00,0.9060456760674254,0.17968484912989738,0.1250067945037383,0.0
1970-01-01 01:25:00,0.9057621857608905,0.1802177789032359,0.1251146794047344,0.0
1970-01-01 01:26:00,0.8482608896948296,0.31452318003595653,0.113935419268603,0.0
1970-01-01 01:27:00,0.9270404768255992,0.18810413345744392,0.10875485536446566,0.0
1970-01-01 01:28:00,0.9284428579817244,0.2040311992520841,0.10955663831112633,0.0
1970-01-01 01:29:00,0.9302392389030628,0.19782149830495685,0.10597098107929746,0.0
1970-01-01 01:30:00,0.9331249870697365,0.19463980652784052,0.1002720822972365,0.0
1970-01-01 01:31:00,0.9294822958949824,0.20446855875945902,0.10039174489917484,0.0
1970-01-01 01:32:00,0.9277894765308489,0.2083835122065568,0.10058121793785624,0.0
1970-01-01 01:33:00,0.9269318387214728,0.21006719087874184,0.10103186004447733,0.0
1970-01-01 01:34:00,0.8930374669230122,0.2769346531451558,0.10872689057700663,0.0
1970-01-01 01:35:00,0.8862262937800809,0.2893672368014901,0.10989650910974696,0.0
1970-01-01 01:36:00,0.8846698842179403,0.2919442862334089,0.11012412913547054,0.0
1970-01-01 01:37:00,0.7945478614591628,0.3849535277124773,0.07775020527743064,0.0
1970-01-01 01:38:00,0.7937454695434775,0.38603675574669544,0.07721342004730296,0.0
1970-01-01 01:39:00,0.7928738175237436,0.38853906108907993,0.0776879674957858,0.0
1970-01-01 01:40:00,0.7909344156320536,0.39106813769278603,0.0773220287084439,0.0
1970-01-01 01:41:00,0.7168306775011167,0.44235457308752046,0.07127262829424234,0.0
1970-01-01 01:42:00,0.5712739096864271,0.5422540993709376,0.06147255388299033,0.0
1970-01-01 01:43:00,0.5700310178456524,0.5424409865656246,0.06002482232172566,0.0
1970-01-01 01:44:00,0.5681471576900897,0.5440220138317519,0.058948314079820596,0.0
1970-01-01 01:45:00,0.5642819358537414,0.5471946189949423,0.05801569649707753,0.0
1970-01-01 01:46:00,0.5620623504800009,0.5484923724472296,0.057535466034255134,0.0
1970-01-01 01:47:00,0.5602268829627312,0.5492740713452249,0.056027354235440134,0.0
1970-01-01 01:48:00,0.8092281080298492,0.32371372553054456,0.09946263309080007,0.0
1970-01-01 01:49:00,0.8072062304741591,0.3250697670211227,0.09901738733437787,0.0
1970-01-01 01:50:00,0.8050931378023335,0.326443483830029,0.09852398903368435,0.0
1970-01-01 01:51:00,0.8028843995295434,0.32770179012837414,0.09796083837385634,0.0
1970-01-01 01:52:00,0.8005149491502924,0.3289985676272264,0.09733179006102716,0.0
1970-01-01 01:53:00,0.7979113221741253,0.33043103731328644,0.09665721056066989,0.0
1970-01-01 01:54:00,0.7950573101625785,0.3320334721126681,0.09591366482315382,0.0
1970-01-01 01:55:00,0.7926266950695284,0.33616992313795985,0.09571181137097128,0.0
1970-01-01 01:56:00,0.7900028997803096,0.3407083357130038,0.0955234351155866,0.0
1970-01-01 01:57:00,0.786276994372066,0.3435538673881911,0.09469757604079032,0.0
1970-01-01 01:58:00,0.7779702752731694,0.35307130962476635,0.09381636286567081,0.0
1970-01-01 01:59:00,0.7686499505686294,0.3624810417453845,0.09276513472671698,0.0
1970-01-01 02:00:00,0.7954435685605059,0.3359338740437403,0.14411417291706555,0.0
1970-01-01 02:01:00,0.7990349199975584,0.33378101242092645,0.14269880579408126,0.0
1970-01-01 02:02:00,0.802138388433654,0.3320044177843399,0.14141196496410613,0.0
1970-01-01 02:03:00,0.8048725297525497,0.3304798785900373,0.14024015364724138,0.0
1970-01-01 02:04:00,0.80727869965779,0.3291950917767453,0.13918137230821911,0.0
1970-01-01 02:05:00,0.8094511275383794,0.32805993156329455,0.1382207313812878,0.0
1970-01-01 02:06:00,0.8113960335268683,0.3270589307826317,0.13735201743152897,0.0
1970-01-01 02:07:00,0.6680626329964253,0.4267137595538444,0.15214615564707487,0.0
1970-01-01 02:08:00,0.8745215880381131,0.16273618036876455,0.1768989492436451,0.0
1970-01-01 02:09:00,0.8868353355299546,0.17263397184536164,0.18649416993925486,0.0
1970-01-01 02:10:00,0.8883368772917654,0.17301196088305884,0.18577261542084256,0.0
1970-01-01 02:11:00,0.8904232426171884,0.1698321265527524,0.18543523356866387,0.0
1970-01-01 02:12:00,0.8910600463488122,0.17223479572750952,0.18545814976380662,0.0
1970-01-01 02:13:00,0.8915538738801313,0.17319747274574357,0.18570901618416538,0.0
1970-01-01 02:14:00,0.8924555163667289,0.17306811388762752,0.1856455690080895,0.0
1970-01-01 02:15:00,0.893128950989032,0.17303170305087257,0.18556962972166577,0.0
1970-01-01 02:16:00,0.8938051765318725,0.17337980730048477,0.1852960235019403,0.0
1970-01-01 02:17:00,0.8943566908272119,0.1737403819009801,0.18535846688228638,0.0
1970-01-01 02:18:00,0.8950126782977211,0.1733944530206157,0.18548498990031356,0.0
1970-01-01 02:19:00,0.8958437628653559,0.17277339400934788,0.18527611663975088,0.0
1970-01-01 02:20:00,0.8788494141378177,0.24879428126020797,0.1301648445896099,0.0
1970-01-01 02:21:00,0.6260906513130865,0.6102610937022179,0.13866905539328334,0.0
1970-01-01 02:22:00,0.6162373723582903,0.619679836340981,0.139251761498771,0.0
1970-01-01 02:23:00,0.6133233149770174,0.6218852856228393,0.1393952405846346,0.0
1970-01-01 02:24:00,0.6117174538754502,0.6233138179886444,0.1388700885645399,0.0
1970-01-01 02:25:00,0.6291906148288396,0.5903212125805494,0.136000434324479,0.0
1970-01-01 02:26:00,0.8090734861104004,0.2701002233582331,0.10500402022828832,0.0007014888219839
1970-01-01 02:27:00,0.9003113523868441,0.16202274683124482,0.1034436344035695,0.0
1970-01-01 02:28:00,0.9487030879882402,0.12501551771379535,0.10624823570184923,0.0
1970-01-01 02:29:00,0.8718175007899108,0.2710619838495736,0.11567096213344401,0.0
1970-01-01 02:30:00,0.8662130377813106,0.2816717181211518,0.11661610812950583,0.0
1970-01-01 02:31:00,0.8645555302803243,0.2861211157995141,0.11455963741854486,0.0
1970-01-01 02:32:00,0.8627845918176766,0.289874659915022,0.11450408496212983,0.0
1970-01-01 02:33:00,0.861708602766582,0.2920705441994525,0.11451731311885323,0.0
1970-01-01 02:34:00,0.8603858338110065,0.2947595041012736,0.11484614594897995,0.0
1970-01-01 02:35:00,0.8599500869128723,0.29601395351389725,0.1151543532978998,0.0
1970-01-01 02:36:00,0.8589397943513536,0.29747978936966984,0.11561060866839364,0.0
1970-01-01 02:37:00,0.8690629216370839,0.27780974579261764,0.11651525793904789,0.0
1970-01-01 02:38:00,0.9722199527071278,0.0474698866082707,0.1047965760424795,0.0
1970-01-01 02:39:00,0.9712365957063355,0.0546553518007847,0.1050615017908922,0.0
1970-01-01 02:40:00,0.970920296971067,0.0550692770644621,0.10558095351976733,0.0
1970-01-01 02:41:00,0.9701294008226921,0.057561198019275506,0.10680647261831022,0.0
1970-01-01 02:42:00,0.9699436887914766,0.058408178541485396,0.1068860591270176,0.0
1970-01-01 02:43:00,0.9137023231091422,0.14934829581121523,0.15614453693535682,0.0
1970-01-01 02:44:00,0.9129136898651692,0.15149926217260007,0.15521371422585525,0.0
1970-01-01 02:45:00,0.9121817382392523,0.15305333524344486,0.1541237465440455,0.0
1970-01-01 02:46:00,0.9117765849062947,0.15401933169891222,0.15282965121715986,0.0
1970-01-01 02:47:00,0.9108929137256269,0.15536026301182213,0.15206498330134333,0.0
1970-01-01 02:48:00,0.9102001876129967,0.1565658432252276,0.15100565608380373,0.0
1970-01-01 02:49:00,0.9096010687551314,0.15749902158695564,0.14989498484111546,0.0
1970-01-01 02:50:00,0.909030518150071,0.15855222217901496,0.14863361986108473,0.0
1970-01-01 02:51:00,0.909641206689122,0.15711842244922253,0.14823107267302174,0.0
1970-01-01 02:52:00,0.9261517110207209,0.06952715247103783,0.131818023933475,0.0
1970-01-01 02:53:00,0.9397688120922408,0.03936194603181314,0.1223589523450108,0.0053754639237952005
1970-01-01 02:54:00,0.9464014714896879,0.031320700164933095,0.12172603229433054,0.005014423015970167
1970-01-01 02:55:00,0.9535200508673832,0.020453021446868527,0.12098214830965404,0.0049758818302179
1970-01-01 02:56:00,0.9078044293495386,0.1684454147592005,0.11066026632264257,0.0
1970-01-01 02:57:00,0.9618020120096741,0.009489589835746432,0.12059505382749373,0.004919206839718633
1970-01-01 02:58:00,0.9619699508942912,0.009920370473118325,0.12087282072884224,0.0047793813197200335
1970-01-01 02:59:00,0.9615636427414201,0.015919501143723227,0.12130054882020584,0.0039937245715216335
1970-01-01 03:00:00,0.9311168676159628,-0.04311038256178914,0.09154673872980802,0.0040337693653598
1970-01-01 03:01:00,0.9268552340115163,-0.033793762900530065,0.09027224299948426,0.003417972661152867
1970-01-01 03:02:00,0.9223513691426112,-0.026825978162984487,0.08976160417374084,0.0031586131323066667
1970-01-01 03:03:00,0.9180886117267839,-0.021597937054204968,0.08890704097142156,0.003093421406225767
1970-01-01 03:04:00,0.9136301430009081,-0.02517003733438966,0.08769000800534621,0.0037300761704285664
1970-01-01 03:05:00,0.9100997347934615,-0.043691556964386334,0.08289186311042566,0.007753755389100867
1970-01-01 03:06:00,0.906395483966426,-0.0392929726823438,0.08166190858256896,0.007737358416594933
1970-01-01 03:07:00,0.9065916513001415,-0.03777466111340683,0.08171000278296063,0.0075208954571971
1970-01-01 03:08:00,0.9081092618799174,-0.03942405365001153,0.08172610168078354,0.007590856369578167
1970-01-01 03:09:00,0.9095669226886737,-0.039803288206902036,0.08183451819257491,0.0075331718532909335
1970-01-01 03:10:00,0.8624955793327519,0.10727508826969347,0.10752508606257967,0.0
1970-01-01 03:11:00,0.8464869414597448,0.1649265022946522,0.11813643854981397,0.0
1970-01-01 03:12:00,0.8471420009602243,0.16484904028946468,0.11853154147768856,0.0
1970-01-01 03:13:00,0.5808680994378245,0.38583835116087445,0.0526641783227469,0.0
1970-01-01 03:14:00,0.761171234149408,0.15357256479918105,0.05734884589989361,0.006889038928363033
1970-01-01 03:15:00,0.9921526857131063,-0.0879977073179416,0.08410444639250324,0.0066107388960506335
1970-01-01 03:16:00,0.9923034292946428,-0.0856819915501139,0.0842469826821091,0.0063304618788346005
1970-01-01 03:17:00,0.992276672906161,-0.0844410676416651,0.08504666246788724,0.006181033877101633
1970-01-01 03:18:00,0.9923232576896787,-0.08586223197038934,0.0843843263400188,0.006337685294045767
1970-01-01 03:19:00,0.9869007888882247,-0.0610912201011482,0.08585568318889543,0.006451615390481933
1970-01-01 03:20:00,0.986640869685829,-0.056417702576811536,0.086032653298744,0.006166416001735533
1970-01-01 03:21:00,0.9862171721211238,-0.05228179768913723,0.08621564280008394,0.0059629918609271
1970-01-01 03:22:00,0.9000842067741347,0.062386171299754135,0.07892660934523434,0.005860466989541433
1970-01-01 03:23:00,0.6292020370594136,0.3234681265052691,0.0501699020388273,0.005843668826055467
1970-01-01 03:24:00,0.6268749479504631,0.3235742979767149,0.05009415923793973,0.005917979714788634
1970-01-01 03:25:00,0.6225793531174847,0.3233406430239299,0.0553087943483744,0.006000786517163167
1970-01-01 03:26:00,0.6334503304198971,0.31905235577098806,0.0785482144410684,0.005992041709900034
1970-01-01 03:27:00,0.4357254197865868,0.5595535638865222,0.05576696870110693,0.0
1970-01-01 03:28:00,0.4273534228946838,0.5635677732618741,0.0558354094317188,0.0
1970-01-01 03:29:00,0.41922499076170916,0.5674858406368603,0.05581866889731443,0.0
1970-01-01 03:30:00,0.41891283289608666,0.5675330279575027,0.05561490886918954,0.0
1970-01-01 03:31:00,0.4083189559719464,0.5714974325024934,0.050452617560906195,0.0
1970-01-01 03:32:00,0.388965556948984,0.5784124151785007,0.0328212009601807,0.0
1970-01-01 03:33:00,0.3874492411104909,0.5801454610537388,0.03286963959354347,0.0
1970-01-01 03:34:00,0.3852997784143062,0.5819836479399317,0.03276343009749593,0.0
1970-01-01 03:35:00,0.383214277325911,0.5839309359261988,0.03333360861185163,0.0
1970-01-01 03:36:00,0.3808721197314427,0.5862634576511102,0.0335912907480295,0.0
1970-01-01 03:37:00,0.5737607643256538,0.3827385095078684,0.06259390742536193,0.0
1970-01-01 03:38:00,0.6447645798066991,0.31197630324426967,0.07425302900681564,0.0
1970-01-01 03:39:00,0.6390225171130525,0.3306087146376501,0.07662334513728318,0.0
1970-01-01 03:40:00,0.6354449325705723,0.33801568301139523,0.0764823883748696,0.0
1970-01-01 03:41:00,0.6330252436084626,0.34084426431290044,0.07588550792574894,0.0
1970-01-01 03:42:00,0.6308182698792065,0.34223286773384537,0.07562101450887244,0.0
1970-01-01 03:43:00,0.48339435018456384,0.5071633085289028,0.05120390542489844,0.0
1970-01-01 03:44:00,0.40695387955045215,0.5851329083331317,0.03611712739086173,0.0
1970-01-01 03:45:00,0.40265468807478316,0.588146320285191,0.0367395953127825,0.0
1970-01-01 03:46:00,0.37878891742698245,0.6004303061630117,0.04967729183203887,0.0
1970-01-01 03:47:00,0.3653259592757263,0.6108121503445952,0.05070934012346876,0.0
1970-01-01 03:48:00,0.35423502708727495,0.6210821812763166,0.0499720603307513,0.0
1970-01-01 03:49:00,0.3420713408451242,0.6318996155850289,0.0494405940694482,0.0
1970-01-01 03:50:00,0.33026687335641175,0.6425937088078653,0.0483064066992391,0.0
1970-01-01 03:51:00,-0.37998491226365205,0.3698729506499816,0.010061521662136433,0.0034179911440883333
1970-01-01 03:52:00,-0.37907495615894077,0.36906515672660783,0.010196573599912,0.0034640826218693
1970-01-01 03:53:00,-0.17813241817884454,0.3628039542464565,0.05550256073616774,0.0
1970-01-01 03:54:00,-0.17421610112500577,0.501194387206902,0.08444511494180351,0.0
1970-01-01 03:55:00,-0.1742029618270906,0.5164292759845739,0.08624620390339115,0.0
1970-01-01 03:56:00,-0.20605166438831235,0.5489387892413434,0.07688400499154043,0.0
1970-01-01 03:57:00,-0.20424489147680505,0.5560023007166562,0.0776362258641619,0.0
1970-01-01 03:58:00,-0.20206137905961905,0.5615973459619038,0.0785006830051227,0.0
1970-01-01 03:59:00,-0.19918554509046316,0.5667643575722683,0.07996304702815672,0.0
1970-01-01 04:00:00,-0.19790123844333052,0.5703598401052857,0.0806068028174697,0.0
1970-01-01 04:01:00,-0.3266088735842347,0.18771527147608844,0.377421938427978,0.0
1970-01-01 04:02:00,-0.3803064667180868,-0.16555692370887512,0.4368776873863405,0.017538825742970634
1970-01-01 04:03:00,-0.3752213195285658,-0.17571378524287573,0.42670636622157687,0.0192739984859155
1970-01-01 04:04:00,-0.37374709030247666,-0.18018576528235206,0.4215415397626643,0.019956129314247836
1970-01-01 04:05:00,-0.4236403639661969,-0.044688953278060335,0.48546865227100905,0.0
1970-01-01 04:06:00,-0.5334321432426191,-0.18371829817604937,0.4611765058769713,0.0069116487983398
1970-01-01 04:07:00,-0.533379406878714,-0.19544375950693482,0.45987627380114543,0.0068652133771283
1970-01-01 04:08:00,-0.5270384563599242,-0.19964301755725813,0.4593209668053622,0.006971157248255567
1970-01-01 04:09:00,-0.5310019853001356,-0.3020333409028331,0.426073111732119,0.007237587390300767
1970-01-01 04:10:00,-0.529721172511767,-0.3993117260997945,0.375955513128757,0.008726678271297568
1970-01-01 04:11:00,-0.5296854724420905,-0.2556263496883909,0.4475187531603619,0.0073993306482544
1970-01-01 04:12:00,-0.5243583531366441,-0.23421360841596375,0.4527160698287705,0.007445809872385567
1970-01-01 04:13:00,-0.5321315319212553,-0.3179679690235645,0.418477669493518,0.0075033798615535665
1970-01-01 04:14:00,-0.498547367001757,-0.2695430473127695,0.4401362088213066,0.0075494164847578
1970-01-01 04:15:00,-0.5540841930853752,-0.2314616241482803,0.4299994810269216,0.007698587459959
1970-01-01 04:16:00,-0.5744592426384455,-0.2727786318722668,0.4185574735705926,0.007939997234090166
1970-01-01 04:17:00,-0.57669604386729,-0.1631506094810382,0.43889121010162385,0.007994889185045767
1970-01-01 04:18:00,-0.5518736107282798,-0.2118824480467898,0.4471692223262393,0.0080359192932732
1970-01-01 04:19:00,-0.5383812688366766,-0.2633307458819667,0.4278401875056405,0.007503956038706534
1970-01-01 04:20:00,-0.5348773764271726,-0.31200884111842225,0.3864334896547547,0.0067038470648683
1970-01-01 04:21:00,-0.5470359899942573,-0.2292284961551161,0.4187849050370645,0.006549785859638967
1970-01-01 04:22:00,-0.5913408365652422,-0.1189560470075146,0.43234685514933413,0.0065958316426104335
1970-01-01 04:23:00,-0.5852400515089146,-0.12040179636868935,0.43356570215128415,0.006676199392154667
1970-01-01 04:24:00,-0.486300257277009,0.0734716446308854,0.47348796004214794,0.0
1970-01-01 04:25:00,-0.3898935853039771,0.2596993049367451,0.5105302219432318,0.0
1970-01-01 04:26:00,-0.2155399246884111,0.3344081222036506,0.5100129604025861,0.0
1970-01-01 04:27:00,-0.18068171073276615,0.273383722576719,0.49703394846872917,0.0
1970-01-01 04:28:00,-0.2560598621157298,0.50929594002804,0.4685176106943613,0.0
1970-01-01 04:29:00,-0.23897846127449943,0.5078745515196886,0.47442047256835657,0.0
1970-01-01 04:30:00,-0.24688261496969285,0.49696588118788226,0.47481782492958113,0.0
1970-01-01 04:31:00,-0.2395785987067777,0.5151822992261905,0.4706333470285368,0.0
1970-01-01 04:32:00,-0.238741774739781,0.49428013452738456,0.4775200965725062,0.0
1970-01-01 04:33:00,-0.24646926460209592,0.4967127375528387,0.4754904302843795,0.0
1970-01-01 04:34:00,-0.2637026035064916,0.4951129319518464,0.4699565933702045,0.0
1970-01-01 04:35:00,-0.25318932865880106,0.5030630589074594,0.46997927849862037,0.0
1970-01-01 04:36:00,-0.24406271260279885,0.5026803095572725,0.47311490281525637,0.0
1970-01-01 04:37:00,-0.2635842154460713,0.5011106486434854,0.4676576354617641,0.0
1970-01-01 04:38:00,-0.2500835420451083,0.503505723999345,0.46945255998628216,0.0
1970-01-01 04:39:00,-0.2621646935978493,0.09742993173201393,0.7628752314312282,0.0
1970-01-01 04:40:00,-0.2593996501904001,0.1166219763829408,0.7598268973585179,0.0
1970-01-01 04:41:00,-0.2550225132895283,0.11481236885878933,0.7675222412487165,0.0
1970-01-01 04:42:00,-0.27303667567183715,0.11882575031263953,0.763532104212592,0.0
1970-01-01 04:43:00,-0.25395912889427885,0.124431595737099,0.7693309997372486,0.0
1970-01-01 04:44:00,-0.25269153869580085,0.14025411823921394,0.7692247984198787,0.0
1970-01-01 04:45:00,-0.2568326218590282,0.140529417673401,0.7713262588296693,0.0
1970-01-01 04:46:00,-0.2614394432460937,0.16388450941235286,0.7647220018952666,0.0
1970-01-01 04:47:00,-0.25799234952121375,0.15235109714069114,0.7738133154335141,0.0
1970-01-01 04:48:00,-0.2556466173712769,0.17090636629472947,0.77100977819976,0.0
1970-01-01 04:49:00,-0.2501527349406569,0.15961597934405244,0.7796151294716444,0.0
1970-01-01 04:50:00,-0.2537010801192851,0.18401612309903212,0.7748092944016914,0.0
1970-01-01 04:51:00,-0.24999294788094484,0.19156817222423506,0.7798464526419501,0.0
1970-01-01 04:52:00,-0.24413922040846345,0.19807602573731573,0.7840646444562349,0.0
1970-01-01 04:53:00,-0.24090415344863028,0.20386870931092638,0.7865390333228799,0.0
1970-01-01 04:54:00,-0.23743830484366665,0.2135088474892393,0.7879711524590854,0.0
1970-01-01 04:55:00,-0.24410942120205673,0.21983882218201523,0.7867454572165501,0.0
1970-01-01 04:56:00,-0.2373184131828476,0.22648968143513637,0.7883920834716432,0.0
1970-01-01 04:57:00,-0.2152730341473644,0.22604937571580774,0.7971580013024119,0.0
1970-01-01 04:58:00,-0.22866431850831384,0.2226633111329265,0.7991111495715765,0.0
1970-01-01 04:59:00,-0.2360830486338749,0.22960386547434752,0.7970195876502114,0.0
1970-01-01 05:00:00,-0.08824274549577116,0.04154177632491063,0.8695433014045314,0.0
1970-01-01 05:01:00,-0.09787484418186226,0.11431202218130071,0.8593566271068389,0.0
1970-01-01 05:02:00,-0.07417316465034612,0.25528998000833764,0.8531863189329209,0.0
1970-01-01 05:03:00,-0.07249610728039907,0.25939360070309214,0.8517421731257389,0.0
1970-01-01 05:04:00,-0.0730233460342223,0.26893771065124067,0.8477176949125207,0.0
1970-01-01 05:05:00,-0.07987485600015197,0.2546027781688245,0.8537747065762605,0.0
1970-01-01 05:06:00,-0.08364175365517863,0.2663389693485431,0.8482906707782064,0.0
1970-01-01 05:07:00,-0.07605645296876486,0.26679755665052163,0.8490925590600059,0.0
1970-01-01 05:08:00,-0.08086461198536156,0.26293570842250436,0.850140224275488,0.0
1970-01-01 05:09:00,-0.08008937455954476,0.2634391048483971,0.8505214190303994,0.0
1970-01-01 05:10:00,-0.07224499086777614,0.2631851260865265,0.8518402973402841,0.0
1970-01-01 05:11:00,-0.07405823638527957,0.2690206667921741,0.8486333567802041,0.0
1970-01-01 05:12:00,-0.07914038956625306,0.2675709528031205,0.8496673691233009,0.0
1970-01-01 05:13:00,-0.07737324291987692,0.2674532099555474,0.848938138332568,0.0
1970-01-01 05:14:00,-0.07005425496591174,0.2683892361755682,0.8505305575464671,0.0
1970-01-01 05:15:00,-0.0717501700763532,0.2683280134437798,0.8502851743423484,0.0
1970-01-01 05:16:00,-0.07816039199825107,0.272091551947456,0.8468769003073119,0.0
1970-01-01 05:17:00,-0.0750221377925445,0.2654580507124021,0.8517259232809392,0.0
1970-01-01 05:18:00,-0.0780364072731694,0.2612610075246005,0.8523495899945631,0.0
1970-01-01 05:19:00,-0.0759885195503913,0.26462265700555687,0.851806402561296,0.0
1970-01-01 05:20:00,-0.06554218479989034,0.26707525150470507,0.8518563725338373,0.0
1970-01-01 05:21:00,-0.07879953688820153,0.27332884187112616,0.8478283237145688,0.0
1970-01-01 05:22:00,-0.07835661367359886,0.26844024550141105,0.8493499844540423,0.0
1970-01-01 05:23:00,-0.07769724594434707,0.26291533383686044,0.8525807714209535,0.0
1970-01-01 05:24:00,-0.06823051647389024,0.26703077329340147,0.8517569793266423,0.0
1970-01-01 05:25:00,-0.07781745457541643,0.26664549716384806,0.8505572861081618,0.0
1970-01-01 05:26:00,-0.0778446223528014,0.272085485070837,0.848422032861471,0.0
1970-01-01 05:27:00,-0.06502697095307954,0.2656489078704008,0.8531940013773016,0.0
1970-01-01 05:28:00,-0.06327043597715903,0.27192872375833016,0.8496461033185604,0.0
1970-01-01 05:29:00,-0.0604565618325178,0.27230579928320525,0.8471578319419045,0.0
1970-01-01 05:30:00,-0.06044404963745759,0.27386586032717825,0.8463476847002397,0.0
1970-01-01 05:31:00,-0.06712996381173436,0.28374260864657724,0.8435392506136884,0.0
1970-01-01 05:32:00,-0.06610746699942703,0.2869771404316224,0.8447480951519127,0.0
1970-01-01 05:33:00,-0.07222931602713344,0.2879174383436623,0.842740317765641,0.0
1970-01-01 05:34:00,-0.06563576444590656,0.28579247966876536,0.8443954289171692,0.0
1970-01-01 05:35:00,-0.061557281484476666,0.28133716126712005,0.8468495752514112,0.0
1970-01-01 05:36:00,-0.060575258507632034,0.29488429202933053,0.8403589072828916,0.0
1970-01-01 05:37:00,-0.06478120254766294,0.28103102304433625,0.8466165899965942,0.0
1970-01-01 05:38:00,-0.06322531630495727,0.28576297825607727,0.844243919390233,0.0
1970-01-01 05:39:00,-0.05719168800522576,0.2883438011134131,0.8440972522854069,0.0
1970-01-01 05:40:00,-0.063273249548201,0.28260001137026564,0.8453677659120618,0.0
1970-01-01 05:41:00,-0.058255638515506136,0.28432721819794105,0.8454338981467151,0.0
1970-01-01 05:42:00,-0.06424859478910737,0.28600311884849683,0.8433449132416069,0.0
1970-01-01 05:43:00,-0.05328599956581793,0.2853461092948997,0.8450514962933419,0.0
1970-01-01 05:44:00,-0.057532757578218,0.27787252184423045,0.8481790072548935,0.0
1970-01-01 05:45:00,-0.0475754348628605,0.285183302168732,0.8450907384799895,0.0
1970-01-01 05:46:00,-0.047788235517323564,0.29235185904152133,0.8423938104749878,0.0
1970-01-01 05:47:00,-0.06590615392603798,0.29151647848964884,0.8408401343502488,0.0
1970-01-01 05:48:00,-0.0548435329681142,0.28690581481879157,0.8438945052294521,0.0
1970-01-01 05:49:00,-0.06248493122696123,0.29110189657090296,0.841394143836585,0.0
1970-01-01 05:50:00,-0.05203299264557496,0.29196300600384745,0.8406622430840782,0.0
1970-01-01 05:51:00,-0.05728484895220537,0.29035301521469314,0.8420280862111871,0.0
1970-01-01 05:52:00,-0.06771058878620066,0.29596980477683205,0.8375027105346735,0.0
1970-01-01 05:53:00,-0.04922216958017644,0.2883610200763288,0.8433493467149439,0.0
1970-01-01 05:54:00,-0.05704938303719626,0.28997270091425026,0.8396375153128469,0.0
1970-01-01 05:55:00,-0.053290486816268696,0.2761468230699594,0.847720085616669,0.0
1970-01-01 05:56:00,-0.049611368345640734,0.27005729283821817,0.850677737883995,0.0
1970-01-01 05:57:00,-0.057254727556956035,0.26175663099984764,0.8524939525271934,0.0
1970-01-01 05:58:00,-0.04836133211324234,0.2783963468388628,0.8455990749286196,0.0
1970-01-01 05:59:00,0.09378521779771891,0.5226635021829177,0.4991940977589211,0.0
1970-01-01 06:00:00,0.08743939976629252,0.517254929551582,0.5021669954414786,0.0
1970-01-01 06:01:00,0.04895617296399766,0.3681026639151517,0.6170897544648147,0.0
1970-01-01 06:02:00,-0.02385812812019503,-0.05606831115515313,0.8636500058322828,0.0
1970-01-01 06:03:00,-0.0236039573606371,-0.16392869213115283,0.8241546170777884,0.012343585294182733
1970-01-01 06:04:00,-0.0015366558222068664,-0.16326087596700775,0.8182423852594471,0.012784079997907434
1970-01-01 06:05:00,-0.02112660246280133,-0.17002066888337872,0.8255450675031968,0.012434117032464132
1970-01-01 06:06:00,-0.0183915829466438,-0.1702111318946549,0.8254786221238658,0.012337055354552234
1970-01-01 06:07:00,-0.01852688785313,-0.150356050453305,0.815465647216722,0.012086945187817067
1970-01-01 06:08:00,-0.01990001914037363,-0.01881022503485753,0.87605321583017,0.0
1970-01-01 06:09:00,-0.0388966518249935,-0.0181437240578588,0.8786582199084165,0.0
1970-01-01 06:10:00,-0.0346196610433816,-0.030444475148086153,0.8795995947194474,0.0
1970-01-01 06:11:00,-0.028021583423003035,-0.041042596914975034,0.8904682950237501,0.0
1970-01-01 06:12:00,-0.0479387732367886,-0.1758466340899593,0.8238622922196711,0.0040246425431583336
1970-01-01 06:13:00,-0.006112401390166365,-0.4314323873387475,0.5739416684122901,0.04443717722615514
1970-01-01 06:14:00,-0.002853158726238566,-0.3619521962073023,0.614264822611337,0.014938389465594034
1970-01-01 06:15:00,-0.0316393995178403,-0.24604861885801174,0.6516007631292671,0.0
1970-01-01 06:16:00,-0.02902456973855967,-0.40274465847600793,0.46921768768165334,0.05310433886641044
1970-01-01 06:17:00,-0.020346680614389736,-0.3832196890083765,0.4603850211663561,0.05301206556973267
1970-01-01 06:18:00,0.007157383688983866,-0.2837858316411159,0.6120122067651018,0.0
1970-01-01 06:19:00,0.014520815458911165,-0.42497297519575766,0.5638308409233025,0.04954396943156897
1970-01-01 06:20:00,0.004836495930488666,-0.4142163285418156,0.5556915502895888,0.049416246384712
1970-01-01 06:21:00,0.019935997922430136,-0.3893784314353544,0.575331543490239,0.04931506464356936
1970-01-01 06:22:00,0.004901137294626201,-0.30046989723737405,0.7059765904752883,0.0
1970-01-01 06:23:00,-0.025878663473164268,-0.21722712948437117,0.864094913803716,0.0
1970-01-01 06:24:00,-0.07203011891797223,-0.15396376821219848,0.8948965123490984,0.0
1970-01-01 06:25:00,-0.027267367814641497,-0.19181393763679863,0.8712335640031842,0.003160393555772533
1970-01-01 06:26:00,-0.023044566682916365,-0.17297578480216047,0.878289857323403,0.0030413283476941333
1970-01-01 06:27:00,-0.05381419444883614,-0.10376188917722173,0.9053608159119332,0.0
1970-01-01 06:28:00,-0.03834451264616013,-0.07905050908881796,0.917474045955216,0.0
1970-01-01 06:29:00,-0.04738586262190337,-0.09299624544757436,0.9054116302127966,0.0
1970-01-01 06:30:00,-0.12028821193314858,0.05446366327421317,0.8977644018679589,0.0
1970-01-01 06:31:00,-0.10881932689749813,0.03314125144624253,0.9113455028313912,0.0
1970-01-01 06:32:00,-0.12233273645882665,-0.004902619139804563,0.8832652977709811,0.0
1970-01-01 06:33:00,-0.07358734470922597,-0.06124027464439424,0.8994608549495,0.0
1970-01-01 06:34:00,-0.0722328423583826,0.025731108449570866,0.8942267208785152,0.0
1970-01-01 06:35:00,-0.06776373911482826,0.0203710731984105,0.9057059470301865,0.0
1970-01-01 06:36:00,-0.0446226085462485,0.016894505503203327,0.8997353005226891,0.0
1970-01-01 06:37:00,-0.0541873704176559,0.001675847330541334,0.9010373456682413,0.0
1970-01-01 06:38:00,-0.0478546269830565,0.016825079563541668,0.895331378331674,0.0
1970-01-01 06:39:00,-0.03270658922093727,0.0368593452900344,0.893965580819691,0.0
1970-01-01 06:40:00,-0.050834062325471295,0.010445455440760032,0.895588776214583,0.0
1970-01-01 06:41:00,-0.09793304032221191,-0.030889282400853896,0.8947702743476191,0.0
1970-01-01 06:42:00,-0.11718482921373341,-0.21960715989636018,0.9002663704023707,0.0
1970-01-01 06:43:00,-0.1104084752102777,-0.3038995864816472,0.8466443836045934,0.0027184040776406
1970-01-01 06:44:00,-0.17786449594953666,-0.08155018167696329,0.8817922342191352,0.0
1970-01-01 06:45:00,-0.17419904989975668,-0.007174266174692634,0.8984121464106698,0.0
1970-01-01 06:46:00,-0.135668964578571,-0.32566317385242477,0.5919325997566194,0.0
1970-01-01 06:47:00,-0.072473719532815,-0.44402546368108503,0.5811968869080305,0.028528448805561366
1970-01-01 06:48:00,-0.18395676037024664,-0.34931588806930014,0.5513230578984526,0.0023048792443067
1970-01-01 06:49:00,-0.2318397562919838,-0.3093188948262415,0.7817037167706987,0.0019614911510821
1970-01-01 06:50:00,-0.21653984019078065,-0.27200892855844033,0.8366023270590389,0.0084312218853594
1970-01-01 06:51:00,-0.2675385817167896,-0.26962017008629874,0.8152432923454835,0.009250923655256033
1970-01-01 06:52:00,-0.2518160978314217,-0.27948249944430353,0.8195670430106263,0.0063849134780261
1970-01-01 06:53:00,-0.27816973697020825,-0.31434096683496165,0.7450320076428577,0.004899712258334133
1970-01-01 06:54:00,-0.3925683979690436,-0.3355407474250798,0.5723386246830501,0.0319266645970235
1970-01-01 06:55:00,-0.33351142457175803,-0.3673853339440106,0.5718612313369734,0.024942579842720664
1970-01-01 06:56:00,-0.32548620020948665,-0.23354613101214441,0.608040201296574,0.015389764468737568
1970-01-01 06:57:00,-0.3334102121617564,-0.20594477662285615,0.6159528147008219,0.013888988925072565
1970-01-01 06:58:00,0.021825896801278537,-0.13694746342664812,0.9154616062469159,0.0
1970-01-01 06:59:00,0.0485290412646101,-0.20473338962573442,0.8677397834753808,0.0
1970-01-01 07:00:00,0.05859084684972913,-0.1421624494772352,0.8989385941712622,0.0
1970-01-01 07:01:00,0.0052831922435523,-0.10464702009021304,0.9198736461554523,0.0
1970-01-01 07:02:00,0.032145949314513235,-0.15072509495561526,0.8955348966171689,0.0
1970-01-01 07:03:00,0.0388734788813975,-0.17089332544555821,0.9024139587454983,0.0
1970-01-01 07:04:00,0.0665581438300174,-0.1757568576219166,0.9060411425263396,0.0
1970-01-01 07:05:00,0.082609483438775,-0.18271754537488313,0.9008449717179978,0.0
1970-01-01 07:06:00,0.074590599783149,-0.24269904643073334,0.8732554751877345,0.0024226259603908336
1970-01-01 07:07:00,0.0780524464393243,-0.17770731005047966,0.7991421743428703,0.0
1970-01-01 07:08:00,-0.038654754364170034,-0.5050711255002149,0.45245830933191633,0.03894682042242117
1970-01-01 07:09:00,-0.08361549079745073,-0.49207401270664475,0.4365894238044104,0.0363121989826785
1970-01-01 07:10:00,-0.15886587743920913,-0.3979362944150207,0.6819264913071429,0.025864250403969734
1970-01-01 07:11:00,-0.10396029010327534,-0.355097047241056,0.7680060088321734,0.023036472172167633
1970-01-01 07:12:00,-0.09239052611707803,-0.3324991878420465,0.768179758930188,0.0228640633169874
1970-01-01 07:13:00,0.05775108014610747,0.0656802329541142,0.8909345402869867,0.0
1970-01-01 07:14:00,0.0529837983414036,0.0602506443632111,0.8935423284531635,0.0
1970-01-01 07:15:00,0.05309185413728463,0.069882240528473,0.8913373921446078,0.0
1970-01-01 07:16:00,0.0511177862865905,0.0737828153587486,0.8907521683366332,0.0
1970-01-01 07:17:00,0.05636079572033414,0.08114705180909576,0.8891335137219958,0.0
1970-01-01 07:18:00,0.0617038637338517,0.07656104375608797,0.8904642301349512,0.0
1970-01-01 07:19:00,0.06626469361650246,0.08102559495048976,0.8893926266254119,0.0
1970-01-01 07:20:00,0.08238793342417096,0.06610355146233027,0.8915122276732559,0.0
1970-01-01 07:21:00,0.07408520832737847,0.0787888302647437,0.8884671716226893,0.0
1970-01-01 07:22:00,0.08500131851152887,0.06933755330669146,0.8902080205334668,0.0
1970-01-01 07:23:00,0.06672130522781876,0.0807043347758165,0.8889471017703889,0.0
1970-01-01 07:24:00,0.06529015976901736,0.07209681023096932,0.8917561788058768,0.0
1970-01-01 07:25:00,0.06452266932654836,0.0823666696390267,0.8891943147886477,0.0
1970-01-01 07:26:00,0.0707826639550232,0.07518356300656977,0.8909156082870959,0.0
1970-01-01 07:27:00,0.06102820152227036,0.07278785135855091,0.8931405913061133,0.0
1970-01-01 07:28:00,0.054380027899332904,0.0886286886021258,0.8890870095599607,0.0
1970-01-01 07:29:00,0.059502656896286,0.07710399754019537,0.8919104480581534,0.0
1970-01-01 07:30:00,0.062271475265527766,0.07537971744663803,0.8925680073516497,0.0
1970-01-01 07:31:00,0.06319327638234556,0.07637386406647938,0.892532578477948,0.0
1970-01-01 07:32:00,0.0665391608520879,0.09186181084049411,0.8872769521115366,0.0
1970-01-01 07:33:00,0.0643859593552564,0.07841367962484443,0.8912616283001894,0.0
1970-01-01 07:34:00,0.060138183139810064,0.07812669062985554,0.8918035086236104,0.0
1970-01-01 07:35:00,0.05729822841166343,0.08731890531832813,0.8893510037937635,0.0
1970-01-01 07:36:00,0.06288949301092787,0.08646498044766922,0.8892141131576428,0.0
1970-01-01 07:37:00,0.06659029234776019,0.08678364654921321,0.8890370836707361,0.0
1970-01-01 07:38:00,0.06543808504619257,0.10541688532835551,0.8847730077982869,0.0
1970-01-01 07:39:00,0.06688958224909333,0.09351355853329946,0.8952564996818321,0.0
1970-01-01 07:40:00,0.07820073093251696,0.10542219860182193,0.8980290127963125,0.0
1970-01-01 07:41:00,0.0707699050465469,0.1265097581858897,0.8972705651282012,0.0
1970-01-01 07:42:00,0.07976431820018537,0.12323624853932608,0.9009865118799617,0.0
1970-01-01 07:43:00,0.08491987458406453,0.12225263736227356,0.9046429491359209,0.0
1970-01-01 07:44:00,0.08404508546602256,0.12406274325162774,0.9041019014354025,0.0
1970-01-01 07:45:00,0.09101927005539116,0.12457275254369603,0.9028711459532506,0.0
1970-01-01 07:46:00,0.09524088324095109,0.122539664777151,0.9027882321575859,0.0
1970-01-01 07:47:00,0.09626380618302717,0.1253098495763154,0.9017789652832411,0.0
1970-01-01 07:48:00,0.0954741231015156,0.12869455899207327,0.9008740105334282,0.0
1970-01-01 07:49:00,0.09587810535502213,0.1264928329030533,0.9013247066657367,0.0
1970-01-01 07:50:00,0.05364063925439627,-0.01665524605973819,0.9065655857570426,0.0
1970-01-01 07:51:00,0.012949119339465834,0.0942620875283412,0.8926462023556434,0.0
1970-01-01 07:52:00,-0.001912529590652463,0.14370748629101085,0.8952757327407297,0.0
1970-01-01 07:53:00,0.0035249123268670337,0.13617138735250003,0.8976995471551344,0.0
1970-01-01 07:54:00,0.014253848814906133,0.12365180259734032,0.9036299558704418,0.0
1970-01-01 07:55:00,0.012680073196287034,0.1342631842531069,0.900314904310469,0.0
1970-01-01 07:56:00,0.011926065267126302,0.13381074999497183,0.899752464249432,0.0
1970-01-01 07:57:00,0.015326656804572633,0.1338472842677609,0.9000850273881084,0.0
1970-01-01 07:58:00,0.017685062616439002,0.1330720913836187,0.9004840203576691,0.0
1970-01-01 07:59:00,0.013917859756403134,0.13349761971072874,0.8997727254011006,0.0
1970-01-01 08:00:00,-0.07558826423351377,0.11567767595826435,0.9014561025457938,0.0
1970-01-01 08:01:00,-0.07559722677916957,0.1086034175004484,0.9005702173185987,0.0
1970-01-01 08:02:00,-0.06655186510972917,0.10544823324704855,0.8998015652543456,0.0
1970-01-01 08:03:00,-0.0686351971937539,0.07487958998078113,0.9058132079507937,0.0
1970-01-01 08:04:00,-0.0644057827827058,0.08453200244228314,0.9001933411970416,0.0
1970-01-01 08:05:00,-0.06348598408617427,0.06190668041424253,0.9049751880682723,0.0
1970-01-01 08:06:00,-0.05928634265591894,0.07218412300094564,0.8994741008775736,0.0
1970-01-01 08:07:00,-0.048970433660126135,0.05641256191509094,0.9026163922427486,0.0
1970-01-01 08:08:00,-0.046082774537777926,0.04798283463190837,0.9046380061915227,0.0
1970-01-01 08:09:00,-0.055826612801437935,0.04629320361379474,0.9023940053088036,0.0
1970-01-01 08:10:00,-0.058792549882357825,0.034939049091801136,0.9030103421773088,0.0
1970-01-01 08:11:00,-0.06164687406057573,0.0348098813789234,0.9005582955793391,0.0
1970-01-01 08:12:00,-0.060821792919450564,0.02865886402687377,0.900497228317639,0.0
1970-01-01 08:13:00,-0.05650455573555737,0.023855025687559636,0.9005814902719175,0.0
1970-01-01 08:14:00,-0.0580979021988065,0.009320530485084003,0.9032652713189652,0.0
1970-01-01 08:15:00,-0.05882203573947333,0.003544588775871632,0.902886304295246,0.0
1970-01-01 08:16:00,-0.0496341002710859,-0.01287655386583203,0.9071849541589199,0.0
1970-01-01 08:17:00,-0.06177311885945854,-0.010114614468105706,0.9038043120709506,0.0
1970-01-01 08:18:00,-0.04503380559662363,-0.015118217362833966,0.9047420812742072,0.0
1970-01-01 08:19:00,-0.051071208337456264,-0.01785771389602947,0.9037441680678312,0.0
1970-01-01 08:20:00,-0.0436134706503043,-0.022835438716292494,0.9047197047869945,0.0
1970-01-01 08:21:00,-0.0501267573031485,-0.026167970929635465,0.9035431158844465,0.0
1970-01-01 08:22:00,-0.045084499942747304,-0.0361038364474298,0.9059610493615686,0.0
1970-01-01 08:23:00,-0.04978727835019723,-0.03292752947575103,0.902249664902902,0.0
1970-01-01 08:24:00,-0.0402780779727289,-0.03955869680070847,0.9036717322006368,0.0
1970-01-01 08:25:00,-0.04220616403496306,-0.0490663124345023,0.9046602564754206,0.0
1970-01-01 08:26:00,-0.037972232538561836,-0.05214011494114906,0.9053451630342182,0.0
1970-01-01 08:27:00,-0.060790526644407296,-0.06709958352133553,0.9024423705067447,0.0
1970-01-01 08:28:00,-0.056565557021226294,-0.061361991938636506,0.9038341967797443,0.0
1970-01-01 08:29:00,0.007648518036638065,-0.22680947310118338,0.9038210207574823,0.0
1970-01-01 08:30:00,-0.0013913388370693665,-0.22734615912872003,0.9078435794448328,0.0
1970-01-01 08:31:00,-0.0015409158869475678,-0.23644761691577684,0.9065044176930804,0.00040735895929033334
1970-01-01 08:32:00,-0.0005921522539422986,-0.23410958391538458,0.9078548536208846,0.0
1970-01-01 08:33:00,-0.0038692193766744335,-0.24306398167240714,0.9067509980454331,3.109071368186574e-05
1970-01-01 08:34:00,-0.001521174487098267,-0.2599990227789428,0.9013102889836574,0.0010278321563887665
1970-01-01 08:35:00,0.006481184200341601,-0.2348200816067392,0.9097725837501279,0.0
1970-01-01 08:36:00,0.007509282769459602,-0.26150043786572896,0.902851523113033,9.161921790123984e-06
1970-01-01 08:37:00,0.0004473329943090997,-0.25338539016559164,0.907542097430619,0.0
1970-01-01 08:38:00,-0.019649878990618968,-0.24031173458781,0.9107590024823451,0.0
1970-01-01 08:39:00,0.0055935909812468675,-0.26245441746262527,0.9067441290520876,0.0
1970-01-01 08:40:00,-0.0084030193915492,-0.28194922978276676,0.9016916907517268,0.0
1970-01-01 08:41:00,-0.003601339561514566,-0.28654100454628156,0.9019584302802931,0.0
1970-01-01 08:42:00,0.0037005198461026005,-0.28488202601253393,0.9026083198201621,0.0
1970-01-01 08:43:00,-0.005285707008598167,-0.29528703194055966,0.9035946029024284,0.0
1970-01-01 08:44:00,0.005666997367734366,-0.28839833808426146,0.907388722944345,0.0
1970-01-01 08:45:00,0.007715920201739901,-0.31227497676548094,0.8984167094371158,0.0
1970-01-01 08:46:00,0.0020772705155995,-0.303402932142208,0.9066550883726272,0.0
1970-01-01 08:47:00,0.0044025055685169,-0.3140559822781277,0.9047892639238405,0.0
1970-01-01 08:48:00,0.0203153979937363,-0.3395861885977484,0.8904544933614157,0.0
1970-01-01 08:49:00,0.013188877157370068,-0.32039988116264445,0.9065166586524507,0.0
1970-01-01 08:50:00,0.0141732058762507,-0.32752875087777283,0.906688449998375,0.0
1970-01-01 08:51:00,0.018720936753558803,-0.34569093926389227,0.8983445355839202,0.0
1970-01-01 08:52:00,0.014274823493189,-0.3312691973444457,0.9091333394334923,0.0
1970-01-01 08:53:00,0.03273343438845907,-0.3872743630476833,0.880938630015553,0.0
1970-01-01 08:54:00,0.017748726759119066,-0.36159164949668815,0.9053885513124964,0.0
1970-01-01 08:55:00,0.024321283252499933,-0.3851133526807839,0.8906925356256427,0.0
1970-01-01 08:56:00,0.020159284012759602,-0.37412982813931217,0.9067464886497602,0.0
1970-01-01 08:57:00,0.027844159465451768,-0.4055121102321925,0.897649504379538,0.0
1970-01-01 08:58:00,0.0192813971048918,-0.3930698933621552,0.9070448313351515,0.0
1970-01-01 08:59:00,0.025574712210086132,-0.41724223251245984,0.9022327773230693,0.0
1970-01-01 09:00:00,0.016882622561715334,-0.3905209494867843,0.9116349941539567,0.0
1970-01-01 09:01:00,0.0157095281145777,-0.3933537234518365,0.9100866298978061,0.0
1970-01-01 09:02:00,0.012070649195055766,-0.3832604398828334,0.9136360614287738,0.0
1970-01-01 09:03:00,0.009697177771836768,-0.38367458668873056,0.9132156442954754,0.0
1970-01-01 09:04:00,0.0025665491162507,-0.3779855760943322,0.9131706878695232,0.0
1970-01-01 09:05:00,0.014806233526074264,-0.39264954265369983,0.9103412969619535,0.0
1970-01-01 09:06:00,0.011838442047968167,-0.373850501511832,0.9165208824668207,0.0
1970-01-01 09:07:00,0.02825008147181977,-0.4369112252068053,0.8836117648353486,0.0
1970-01-01 09:08:00,0.021736229005171664,-0.38316911587280583,0.9139379369127214,0.0
1970-01-01 09:09:00,0.013844048546249701,-0.38198666917540597,0.914430685130814,0.0
1970-01-01 09:10:00,0.0206593349667867,-0.3958010620806145,0.9107362823942257,0.0004599161853302333
1970-01-01 09:11:00,0.008352979219160133,-0.3801497428283149,0.9144048631039827,0.0
1970-01-01 09:12:00,0.011586536383322,-0.39066513745788334,0.9108261195775217,0.0
1970-01-01 09:13:00,0.009597113320427134,-0.3810160050844715,0.9144063319782499,0.0
1970-01-01 09:14:00,-0.0005828431078977332,-0.38545656683479135,0.9124697489584763,0.0
1970-01-01 09:15:00,0.015210668848298333,-0.3888169145358727,0.9118303145230495,0.0
1970-01-01 09:16:00,0.019056567176956633,-0.3900682367060635,0.909949901230576,0.0
1970-01-01 09:17:00,0.013135446126731065,-0.3863887424514352,0.9094004923949267,0.0
1970-01-01 09:18:00,0.012688861330783799,-0.39141204789714196,0.9050776374108963,0.00015085268507003332
1970-01-01 09:19:00,0.013996241332622268,-0.3703737619590415,0.9085672541873183,0.0
1970-01-01 09:20:00,0.008579669359072234,-0.3640290660185328,0.9078414652111899,0.0
1970-01-01 09:21:00,0.0093718890759667,-0.33684849487344937,0.9124856135148686,0.0
1970-01-01 09:22:00,-0.0022115541880998,-0.32078647890110795,0.9149714249893736,0.0
1970-01-01 09:23:00,0.002036768505769533,-0.32531990853116355,0.9119749598127319,0.0
1970-01-01 09:24:00,0.0032394674776192005,-0.3278921385355344,0.9089543976429922,0.0
1970-01-01 09:25:00,0.01713182289698013,-0.34440344132164746,0.8980389320510686,0.0
1970-01-01 09:26:00,-0.0030134819107314995,-0.3301259408521183,0.9053130418003156,0.0
1970-01-01 09:27:00,-0.007564311658375667,-0.32274902079098117,0.9054110150194828,0.0
1970-01-01 09:28:00,-0.007133741388341133,-0.2981239863735887,0.9092304224801834,0.0
1970-01-01 09:29:00,-0.0133627741467394,-0.2755686154170571,0.912751531474212,0.0
1970-01-01 09:30:00,-0.0046684808082026,-0.2832394843019415,0.911410884865473,0.0
1970-01-01 09:31:00,-0.007834964527838101,-0.29160014829877334,0.9094208263509108,0.0
1970-01-01 09:32:00,-0.0105996775733268,-0.2845590417770954,0.9109113404032291,0.0
1970-01-01 09:33:00,-0.0073632889211008995,-0.29743181160826765,0.9070385347030333,0.0
1970-01-01 09:34:00,-0.0033037132860627995,-0.25687355169392356,0.914338703096071,0.0
1970-01-01 09:35:00,-0.008194737593763733,-0.2750506412176635,0.910859679260502,0.0
1970-01-01 09:36:00,-0.0145724642546668,-0.2723056519749733,0.911227323275722,0.0
1970-01-01 09:37:00,-0.011933605813554233,-0.29184451530181,0.9047927581327034,0.0
1970-01-01 09:38:00,-0.0072256885129625996,-0.28789986387822225,0.9075007198147153,0.0
1970-01-01 09:39:00,-0.012319011663490998,-0.2787169081416261,0.9087711927674981,0.0
1970-01-01 09:40:00,-0.009978375024962667,-0.2817554867744561,0.9070560498370418,0.0
1970-01-01 09:41:00,-0.01816582957540387,-0.30521081281618223,0.8986155451075654,0.0004341371945907667
1970-01-01 09:42:00,-0.012678962529822702,-0.2767825555710442,0.9050731155903312,0.0
1970-01-01 09:43:00,-0.008584343846069133,-0.2956294461290545,0.8994504513753894,0.0
1970-01-01 09:44:00,-0.010394978970091466,-0.2893406696745772,0.9032805348131655,0.0010888026171487666
1970-01-01 09:45:00,0.0037893865695710002,-0.2992033210907432,0.8915482879598372,0.0
1970-01-01 09:46:00,0.017310104257064033,-0.3267878282426643,0.8585509786405803,0.0
1970-01-01 09:47:00,-0.06341256824621243,-0.09417907253946523,0.8991099917199508,0.0
1970-01-01 09:48:00,-0.04967801172121387,-0.08220836072663666,0.8989611752352317,0.0
1970-01-01 09:49:00,-0.04753061534395447,-0.062341252020803324,0.8939171622472543,0.0
1970-01-01 09:50:00,-0.04388259034744483,-0.0685264363436807,0.8975274452583726,0.0
1970-01-01 09:51:00,-0.06180513820928957,-0.05809865123931416,0.8923818541861608,0.0
1970-01-01 09:52:00,-0.061936947712191937,-0.05864985624074209,0.8939046550607719,0.0
1970-01-01 09:53:00,-0.07152935536248607,-0.04241041982202313,0.8863761867203538,0.0
1970-01-01 09:54:00,-0.05968829398908151,-0.04262349559367954,0.8891760990101573,0.0
1970-01-01 09:55:00,-0.05883167084128893,-0.038886136646280794,0.8880998149739207,0.0
1970-01-01 09:56:00,-0.06836107068633956,-0.04311618872187884,0.8917234116679168,0.0
1970-01-01 09:57:00,-0.06075904124657463,-0.029478812119679693,0.8894934983417775,0.0
1970-01-01 09:58:00,-0.06357364998233038,-0.030343466035278006,0.8909143138025691,0.0
1970-01-01 09:59:00,-0.05730604796057046,-0.02102636005157707,0.8897417191451159,0.0
1970-01-01 10:00:00,-0.05236562439333014,-0.08168251513941104,0.8621773892699524,0.0
1970-01-01 10:01:00,-0.059261735525248264,-0.08973387702334228,0.8577910588072771,0.0
1970-01-01 10:02:00,-0.039994189766318695,-0.16838590038955695,0.8589210885349071,0.0
1970-01-01 10:03:00,0.0005066253085158013,-0.2768692670194788,0.8721933441633728,0.0
1970-01-01 10:04:00,-0.38428877888190893,-0.5385562535492866,0.3493359073701807,0.03620383054847123
1970-01-01 10:05:00,-0.39654984911069163,-0.5384707962753947,0.33928247925130267,0.0365555126358854
1970-01-01 10:06:00,-0.13707856239453622,-0.4743227076135598,0.3464023460484058,0.0
1970-01-01 10:07:00,0.0661749989166051,-0.2831482249271795,0.8827550322620529,0.0019941911139647003
1970-01-01 10:08:00,0.08064780119105104,-0.1175499624950473,0.887070631365706,0.0
1970-01-01 10:09:00,-0.025995573362569163,-0.33699301294075196,0.8379369591111391,0.019153338406280633
1970-01-01 10:10:00,-0.05089264169534336,-0.3100986812415228,0.8393916889019121,0.016441671050010268
1970-01-01 10:11:00,-0.045573445784700635,-0.2685339948836271,0.846159544585507,0.015618056824924198
1970-01-01 10:12:00,-0.0389762640255436,-0.27978118641605687,0.8332421335086723,0.015609652275133732
1970-01-01 10:13:00,-0.025475585647573795,-0.2686766030171485,0.8341031820785475,0.015358622566970466
1970-01-01 10:14:00,0.03280696549379874,-0.12116377793980083,0.8538759693408072,0.0
1970-01-01 10:15:00,-0.0060510050344534,-0.07777168885983203,0.8881991488164633,0.0
1970-01-01 10:16:00,0.009406811584044633,-0.16037696946136637,0.8656978705056093,0.0
1970-01-01 10:17:00,-0.007803309583694,-0.23512919786763842,0.8331933208367865,0.0
1970-01-01 10:18:00,0.011411579779515603,-0.16215798194591588,0.8743653301074423,0.0
1970-01-01 10:19:00,0.032003228667915835,-0.18643514104172573,0.8730301082033244,0.0
1970-01-01 10:20:00,2.7273997187660104e-06,-0.11049345538764244,0.9085658493725459,0.0
1970-01-01 10:21:00,0.0030644227102937655,-0.14793386430786176,0.9067006405957297,0.0
1970-01-01 10:22:00,0.0162629370522675,-0.15728753507350046,0.8950117849048728,0.001770898049725
1970-01-01 10:23:00,0.008387152295754633,-0.1544312275708532,0.9056021814236086,0.0
1970-01-01 10:24:00,-0.02316341760496787,-0.06427486971367553,0.8910416166803344,0.0
1970-01-01 10:25:00,-0.05139734999950546,0.010124489995831668,0.9019813989876148,0.0
1970-01-01 10:26:00,-0.05710905257332513,-0.0016369197837190024,0.9061438783093129,0.0
1970-01-01 10:27:00,-0.046357861870240026,0.019455653126898634,0.9017353533386191,0.0
1970-01-01 10:28:00,-0.0470940507600224,0.010435083396674519,0.900092499433041,0.0
1970-01-01 10:29:00,-0.036664305017222606,-0.03864394464861931,0.8910608690634018,0.0008798177858733001
1970-01-01 10:30:00,-0.02725164047319757,-0.09807842748700324,0.8348472465548267,0.0
1970-01-01 10:31:00,-0.003574725170083467,-0.17294353282645944,0.7703262836057431,0.0105737287847549
1970-01-01 10:32:00,-0.03129732984143357,-0.0635620283168481,0.8845331701783313,0.004890862897320367
1970-01-01 10:33:00,-0.029845208479488138,-0.13061305882555915,0.8355465886445228,0.0012586778801988335
1970-01-01 10:34:00,-0.023119868795589693,-0.08228983495720493,0.8496684485322543,0.0
1970-01-01 10:35:00,-0.0369729391620406,-0.05011166915298813,0.8914547161564886,0.0024928570247776667
1970-01-01 10:36:00,-0.04090064360740587,-0.09989401345183775,0.8264353572616185,0.0
1970-01-01 10:37:00,-0.0010670702549340956,-0.1288967993808864,0.8611293119137374,0.0
1970-01-01 10:38:00,-0.0141819111588203,-0.11676613088293725,0.8192122035083451,0.0101928440028213
1970-01-01 10:39:00,-0.025080411308759664,-0.02048439849084906,0.8893130601775056,0.0003845719587357
1970-01-01 10:40:00,-0.022041122482735497,-0.07340221869122376,0.849023991689314,0.0006065578677551333
1970-01-01 10:41:00,-0.006798491729640162,-0.07493982191832,0.8880088586876921,0.0031192196008061335
1970-01-01 10:42:00,0.015381031357802466,-0.1865883204901124,0.8905343439451676,0.004422021997685567
1970-01-01 10:43:00,0.042807165688919735,-0.20092959938311505,0.8960165156244209,0.0005066970523703
1970-01-01 10:44:00,0.05077840943558943,-0.2557801568397338,0.8684111994564389,0.0
1970-01-01 10:45:00,0.014926083167487501,-0.1624082560817312,0.8903187288584588,0.0037215531363627
1970-01-01 10:46:00,0.0384979537653748,-0.17043064858561727,0.8968664827121288,0.0046425761495141995
1970-01-01 10:47:00,0.025771578195155062,-0.1662979918116528,0.9003908388477971,0.0014919572906889002
1970-01-01 10:48:00,0.04456472595732643,-0.06404305801560316,0.8783671762862394,0.00011337703136043334
1970-01-01 10:49:00,0.05327617006124804,-0.04451054614895846,0.8627829572103264,0.003612664659961533
1970-01-01 10:50:00,0.058699216195489005,-0.020287628559394116,0.8758462938084425,0.0018339992231178335
1970-01-01 10:51:00,0.0369111944158525,-0.041102228695812475,0.8780986292332266,0.0036308296439285337
1970-01-01 10:52:00,0.04988882919666023,-0.024394768710012765,0.8698892429064662,0.0024351470903218
1970-01-01 10:53:00,0.045380895346160965,0.04043028762652683,0.8755472001566801,0.0
1970-01-01 10:54:00,0.056115104502092006,0.13117847969953442,0.8813454938385655,0.0
1970-01-01 10:55:00,0.042434447604724264,0.013279673777473031,0.8980731845643386,0.0
1970-01-01 10:56:00,0.024611696717674367,-0.0505493773842276,0.8970641604956784,0.0
1970-01-01 10:57:00,-0.0026575623595459,-0.02331902533266054,0.8806671350091687,0.0
1970-01-01 10:58:00,0.00042371249572556446,0.017073032194772974,0.8895574813160264,0.0
1970-01-01 10:59:00,0.0011355439142968658,-0.008036002698142308,0.8753562718273651,0.00018000635305450002
1970-01-01 11:00:00,-0.007103144269029235,-0.042354864744340526,0.8501128681835747,0.005562550713658
1970-01-01 11:01:00,0.0183793295559365,0.0594043232058702,0.8864138311440687,0.0
1970-01-01 11:02:00,0.011923863088006102,0.06765192158148016,0.894698002970901,0.0
1970-01-01 11:03:00,0.0026087976470559673,0.08699670044653109,0.8694660289186653,0.0
1970-01-01 11:04:00,0.0220663559071409,0.08129100013729357,0.8618713167428074,0.0
1970-01-01 11:05:00,-0.014686937991416732,0.05564636524259118,0.8622653088814723,0.0
1970-01-01 11:06:00,0.004369463567697167,0.049463341671101724,0.8563391720270436,0.0
1970-01-01 11:07:00,0.02130015566643847,-0.008795025098174647,0.8352607328191893,0.011868221020366132
1970-01-01 11:08:00,0.017438864399626535,0.02876918079395861,0.8508976324490707,0.002616715934482667
1970-01-01 11:09:00,-0.0117222943131701,0.03830668881744711,0.8352111562405923,0.0
1970-01-01 11:10:00,0.0249575588732522,0.08670406134294295,0.857221049141935,0.0
1970-01-01 11:11:00,0.0001241663652989672,0.07464833858525416,0.8613452461007179,0.0
1970-01-01 11:12:00,-0.0049536248081921,0.07781289805708241,0.8561318148685816,3.130840699346512e-05
1970-01-01 11:13:00,0.004475782386661266,0.06372107628969813,0.8549825800744179,0.0010038903238050333
1970-01-01 11:14:00,0.0021224943139887664,0.08186725137814775,0.8473229551675047,0.0011541387566067333
1970-01-01 11:15:00,0.010216122657527965,0.0826352509268074,0.8428828779487197,0.0017823463536945333
1970-01-01 11:16:00,0.0048924374867641675,0.08003597283940866,0.8395915326994281,0.0026063279870838
1970-01-01 11:17:00,-0.0040512038917549335,0.07610985026510643,0.8305908550561569,0.0001685711138445
1970-01-01 11:18:00,-0.0019489062713040674,0.10496437873402802,0.8397351665005749,0.0
1970-01-01 11:19:00,-0.012085247510051267,0.10825332302657036,0.8353303160178599,0.0
1970-01-01 11:20:00,0.01847574413139633,0.1371686689374688,0.8458109323733792,0.0
1970-01-01 11:21:00,0.001752981422163534,0.13205341791214192,0.8397881564851101,0.0
1970-01-01 11:22:00,-0.0088290507742765,0.07824142986891476,0.8176189068419538,0.0038995165193783
1970-01-01 11:23:00,-0.0022106968282515,0.10489816105392023,0.8179033218812114,0.00017876040300276669
1970-01-01 11:24:00,-0.001584947719052133,0.1472491898357507,0.8246702976216325,0.0
1970-01-01 11:25:00,0.016221896654309533,0.08610035058864052,0.803689735169885,0.0025910157259250665
1970-01-01 11:26:00,0.0322827373690217,0.1515989820148596,0.828351419018119,0.0
1970-01-01 11:27:00,0.11233067486316771,0.14438647577753475,0.8704666403437953,0.0
1970-01-01 11:28:00,0.09828196831396986,0.16186510371739202,0.8700841551543266,0.0
1970-01-01 11:29:00,0.09473613964528639,0.16890511120423432,0.8652949338896275,0.0
1970-01-01 11:30:00,0.09342691810218269,0.159944621614102,0.8718886671915577,0.0
1970-01-01 11:31:00,0.0573880735277659,0.13970576457804942,0.8715371057193414,0.0
1970-01-01 11:32:00,0.0312497197945179,0.07815843358915277,0.8654643471248568,0.0
1970-01-01 11:33:00,0.04708762046725473,0.056696014111336346,0.8529106136608625,0.0
1970-01-01 11:34:00,0.023638592350861368,-0.0016585904810158352,0.8215742127295886,0.0
1970-01-01 11:35:00,0.03510506851522727,0.07340482913843828,0.8668374355945657,0.0
1970-01-01 11:36:00,0.02968442129825723,0.034988690845218606,0.8443396577169967,0.000358817826989
1970-01-01 11:37:00,0.0263920417231477,-0.011310519786231396,0.8784560505467982,0.0
1970-01-01 11:38:00,0.0175920865305426,-0.11577786737789116,0.8994251543978753,0.0
1970-01-01 11:39:00,0.026457250466058766,-0.1591517530721307,0.905329998561438,0.0
1970-01-01 11:40:00,0.01568549477093367,-0.14088709157804727,0.9008422690353926,0.0
1970-01-01 11:41:00,-0.0085652992766554,-0.13755607126036265,0.9048496752946837,0.0
1970-01-01 11:42:00,-0.05234753027306186,-0.00619185126703196,0.8893165702804957,0.0
1970-01-01 11:43:00,-0.05644080978018624,-0.029073447347544763,0.8928839082558097,0.0
1970-01-01 11:44:00,-0.06878365720747111,-0.004363731170151809,0.883802875362267,0.0
1970-01-01 11:45:00,-0.06485373301707917,-0.05423621560621713,0.8704685356060158,0.0
1970-01-01 11:46:00,-0.07088672128696699,-0.024968618737971043,0.8787085168800516,0.0017856937616470001
1970-01-01 11:47:00,-0.04562102596957543,-0.01846928269426019,0.8867491571812419,0.0
1970-01-01 11:48:00,-0.041605606756612436,-0.03025762391969286,0.8909232884977145,0.00020338964684600002
1970-01-01 11:49:00,-0.048007142379008966,-0.02666801987467775,0.8827246162043237,0.0016081748243395666
1970-01-01 11:50:00,-0.03491842080673604,-0.1134802752874809,0.8660969489092132,0.0
1970-01-01 11:51:00,-0.05542477375283653,-0.34812533483220026,0.8451654408719816,0.0
1970-01-01 11:52:00,-0.045378755233242994,-0.26308735655159143,0.8869199821934313,0.002185691060974
1970-01-01 11:53:00,-0.04727317323425317,-0.24650466996452633,0.9011694338413708,0.0020610892946844
1970-01-01 11:54:00,-0.04869551218759071,-0.2362236029535134,0.9047031212425641,0.0027922430424993333
1970-01-01 11:55:00,-0.0506950246638956,-0.23924998806666933,0.9034540274027263,0.0026924403808443
1970-01-01 11:56:00,-0.0555579385464047,-0.25092737532194237,0.9017286038843846,0.0029331584574976335
1970-01-01 11:57:00,-0.051164376311849426,-0.22643978628272643,0.9058019962120091,0.0029147932440755334
1970-01-01 11:58:00,-0.03638646859039687,-0.15594273628934238,0.8928778453506448,0.0017802067233978333
1970-01-01 11:59:00,-0.0868879474143956,-0.07642065290026802,0.9078823559296842,0.0
1970-01-01 12:00:00,-0.05221888460165536,-0.11966619824881551,0.9092423322791324,0.0016902059856996332
1970-01-01 12:01:00,-0.052296366643300986,-0.17145913489755396,0.8667011701087869,0.007707828602093633
1970-01-01 12:02:00,-0.08010746249530744,-0.1472967358437969,0.8795061128443575,0.0017981717641479666
1970-01-01 12:03:00,-0.06357593629482274,-0.0936847857728124,0.900657016823034,0.0029036361623412
1970-01-01 12:04:00,-0.07408324371137671,-0.0777433525549529,0.9029292331617244,0.0009079052866109667
1970-01-01 12:05:00,-0.0829787972503287,-0.09785335114128617,0.902740258112861,0.0018597936443611
1970-01-01 12:06:00,-0.09512034466114407,-0.09680069328376693,0.8936841150405215,0.004596444325701734
1970-01-01 12:07:00,-0.11341564243450453,-0.09206519258339185,0.8895423675667876,0.005013243314274133
1970-01-01 12:08:00,-0.11667990192127274,-0.08036185030905767,0.8888590385089145,0.002394787378763
1970-01-01 12:09:00,-0.07012106851701104,-0.14273973194437453,0.9002087969775673,0.0035632508237416
1970-01-01 12:10:00,-0.061197733326179095,-0.2235586695680014,0.90318018135126,0.0030465424369698
1970-01-01 12:11:00,-0.05926143879007096,-0.15803568725249792,0.9054641367120714,0.0
1970-01-01 12:12:00,-0.018066952702015433,-0.011932214728405407,0.892716757731599,0.0
1970-01-01 12:13:00,-0.04536689004906503,-0.007207424832441485,0.8787508895282691,0.0013712297435743666
1970-01-01 12:14:00,-0.0467338548249007,-0.07536908106849842,0.833155154510334,0.0
1970-01-01 12:15:00,-0.03293015636576766,0.005579422416115902,0.8808054794815673,0.000268361951133
1970-01-01 12:16:00,-0.04058356845907876,0.006578237308949168,0.8705618676006751,0.0017323580840530666
1970-01-01 12:17:00,-0.06799901217961947,-0.09337890512591045,0.9003601085246488,0.0005648493393775666
1970-01-01 12:18:00,-0.07255783094749957,-0.0856116589284044,0.9066320823858111,2.7986462948067132e-05
1970-01-01 12:19:00,-0.069417419297596,-0.10320054339069222,0.8958515311141766,0.002590870939964233
1970-01-01 12:20:00,-0.06160318020699981,-0.10578880180397134,0.9069621771124673,0.0032024161356323665
1970-01-01 12:21:00,-0.060901959766896364,-0.23646151233744583,0.88190682022584,0.0015098867297707
1970-01-01 12:22:00,-0.0456594683699911,-0.24764085216937382,0.8971655183456596,0.0013164462804291998
1970-01-01 12:23:00,-0.049546450945832765,-0.198434340642741,0.9059893950989234,0.0018681827784540334
1970-01-01 12:24:00,-0.034011888882693526,-0.17220292304647514,0.9094423017828163,0.0022282663888791333
1970-01-01 12:25:00,-0.0341204672627385,-0.2316664994187012,0.8954496484960625,0.002305868860266
1970-01-01 12:26:00,-0.02005204181265423,-0.2239325414049509,0.9063234060561886,0.0020841101785717
1970-01-01 12:27:00,-0.014731223397799234,-0.19630993478700332,0.9082397192250246,0.0023908597502835
1970-01-01 12:28:00,-0.010881399154622365,-0.19332554599067767,0.9142188750731042,0.002208416601843733
1970-01-01 12:29:00,-0.016000728426750026,-0.14734382352904954,0.9086492409102523,0.0014990977119859665
1970-01-01 12:30:00,0.024623273235458775,-0.18251351202350663,0.9096703231013058,0.0022018189886148
1970-01-01 12:31:00,0.019294531425800333,-0.15994407361945773,0.9079650319092053,0.0026853187642677666
1970-01-01 12:32:00,0.01921338630716017,-0.15173228420296714,0.9091211225243608,0.0019064603726252332
1970-01-01 12:33:00,-0.033455718328363464,-0.23304450667830312,0.9056524348815702,0.0012558341481746
1970-01-01 12:34:00,-0.06105109079823429,-0.28006257668412876,0.8680827292402574,0.0022151104016812
1970-01-01 12:35:00,-0.05729576000589783,-0.20607111429721173,0.9047150826679053,0.0
1970-01-01 12:36:00,-0.046121473955928666,-0.22313418295299772,0.8987146534683701,0.0006592393465212333
1970-01-01 12:37:00,-0.05432707499814093,-0.21272750560597528,0.8954572295449449,0.0
1970-01-01 12:38:00,-0.040538417053515435,-0.20552397651727772,0.9103855331772469,0.0
1970-01-01 12:39:00,-0.0110724266290854,-0.3730323788992315,0.9131954528133907,0.0
1970-01-01 12:40:00,-0.008460841858229299,-0.41045536158976254,0.89143167324898,0.0
1970-01-01 12:41:00,0.01824241209925163,-0.3663765953663462,0.913024434407097,6.666602064176666e-05
1970-01-01 12:42:00,0.011686449910296834,-0.34524170730565057,0.9179878360716924,0.00018923236175323336
1970-01-01 12:43:00,0.046158960771041396,-0.42318377268216095,0.8768384152324004,0.0
1970-01-01 12:44:00,0.06006150258494584,-0.3016615464637624,0.9072700798656731,0.00016623268128833333
1970-01-01 12:45:00,0.040502841409008596,-0.3911103137091589,0.9031993563766857,0.0024531666066240666
1970-01-01 12:46:00,0.03621818603694616,-0.4374707801783011,0.8804205478566813,0.008236650178159567
1970-01-01 12:47:00,0.06221719353419767,-0.4083590329868903,0.8887320075916083,0.00017000551224389998
1970-01-01 12:48:00,0.014081743920243769,-0.3492326925187583,0.9140779391197101,0.0
1970-01-01 12:49:00,0.011563079866083634,-0.3626209688711901,0.9105140919079759,0.0
1970-01-01 12:50:00,0.0017177043980638011,-0.3856573186392495,0.9127329798224486,0.0009671025522489
1970-01-01 12:51:00,-0.0030911193746943,-0.37259449132429023,0.9142367833671479,0.0027268209013258
1970-01-01 12:52:00,0.0021587468314185,-0.39429644424289395,0.9107442308919058,0.0018355624359777335
1970-01-01 12:53:00,-0.010166442175789365,-0.339856474264392,0.9180723783043184,0.0030490017550944336
1970-01-01 12:54:00,-0.040884030358753896,-0.30310383847690864,0.92432611510146,0.0
1970-01-01 12:55:00,-0.0355118890499209,-0.3202920192917549,0.9071199673620375,0.0
1970-01-01 12:56:00,-0.014020476966707199,-0.31249886789288256,0.9173670506670989,0.0041376433838105
1970-01-01 12:57:00,-0.0156080525453424,-0.2978309642648069,0.9196599214961115,0.003642524401610933
1970-01-01 12:58:00,-0.013185295411949868,-0.2775528508851454,0.921960586107521,0.0021027017031431
1970-01-01 12:59:00,0.01417138976647455,-0.40549433120264644,0.7952247543602369,0.004819470846090625
1970-01-01 13:00:00,0.027741432688021796,-0.3062149261258782,0.9032530836762429,0.00113079361314105
1970-01-01 13:01:00,0.042475184405268325,-0.33861149021380604,0.9191238185348698,0.0
1970-01-01 13:02:00,0.04223519811505063,-0.34866977249306885,0.9156059701108058,0.0
1970-01-01 13:03:00,0.03720260811719067,-0.3289018745087402,0.9201619024851037,0.0
1970-01-01 13:04:00,0.04430659350036675,-0.3167940897689595,0.9239917657045127,0.0
1970-01-01 13:05:00,0.0495935707575799,-0.38165506217266254,0.8937619319931761,0.0
1970-01-01 13:06:00,0.0740591525100287,-0.5122223360456916,0.6849163303132233,0.015666760774002576
1970-01-01 13:07:00,0.020893969700110076,-0.5830076287310858,0.5359555659253473,0.0421450676547723
1970-01-01 13:08:00,-0.013780786808393349,-0.5656993025813645,0.5543063626012393,0.04051221114083273
1970-01-01 13:09:00,-0.0167831014510037,-0.5782562835128366,0.5511181375057028,0.04207347259079193
1970-01-01 13:10:00,-0.016763190935355998,-0.5567849939944369,0.5570262065159521,0.0403689367737152
1970-01-01 13:11:00,-0.011933326866409799,-0.5461266725249885,0.5534824602039172,0.038654714713905726
1970-01-01 13:12:00,-0.02386851264485415,-0.5080102698660005,0.5655290176297968,0.03770540942069173
1970-01-01 13:13:00,-0.018297793742263622,-0.5013544813513456,0.5671010796235535,0.03773807290079478
1970-01-01 13:14:00,-0.0126943012499868,-0.566936303346337,0.5468831184729671,0.03767864505010352
1970-01-01 13:15:00,-0.042192368483153074,-0.5002077128863245,0.5492179461528734,0.039125096792051825
1970-01-01 13:16:00,-0.060636038294316526,-0.39193023076859523,0.5489695918617594,0.039135330020660705
1970-01-01 13:17:00,-0.07687445861115581,-0.1547688321258899,0.9103234343304066,0.0
1970-01-01 13:18:00,-0.09959634603610397,-0.13346418528793322,0.9107390285905045,0.0
1970-01-01 13:19:00,-0.07428213485656177,-0.10637690965621997,0.912497493491539,0.0
1970-01-01 13:20:00,-0.08010558118674231,-0.10402327265900761,0.9184042909355535,0.0
1970-01-01 13:21:00,-0.05749633337937663,-0.1220863319052274,0.9113610613870694,0.0
1970-01-01 13:22:00,-0.07379670747668891,-0.14747595001955663,0.904449591241738,0.0
1970-01-01 13:23:00,-0.07543193291829396,-0.16099293536862294,0.9147772135214699,0.0
1970-01-01 13:24:00,-0.07935203249729016,-0.16545108103421582,0.9152263133101104,0.0
1970-01-01 13:25:00,-0.07659265053291477,-0.14909573251621788,0.9178866039278787,0.0
1970-01-01 13:26:00,-0.0734637457227006,-0.09512243477679067,0.9098119746128851,0.0
1970-01-01 13:27:00,-0.0714725846637828,0.008118032514622545,0.8812172445384029,0.0
1970-01-01 13:28:00,-0.0673580831997226,0.025253247156213642,0.8779333739712364,0.0
1970-01-01 13:29:00,-0.07360523207161514,-0.010032008426954028,0.8551156352180683,0.0
1970-01-01 13:30:00,-0.0909229362180415,-0.09937575000788813,0.9028610907491293,0.0
1970-01-01 13:31:00,-0.0814155194188232,-0.13094198513813812,0.9072253768185005,0.0015827443485285332
1970-01-01 13:32:00,-0.0882001352535438,-0.12147701167847526,0.9050649809508258,0.0007149658299819332
1970-01-01 13:33:00,-0.08487702763853704,-0.10374482163493697,0.9107312831566334,0.0
1970-01-01 13:34:00,-0.09849539231897031,-0.09853983897749287,0.9133893980907303,0.0
1970-01-01 13:35:00,-0.0886541676746101,-0.03244975194992536,0.8942192268569796,0.0
1970-01-01 13:36:00,-0.0676305643672465,-0.10848260398573999,0.8970222810024263,0.0
1970-01-01 13:37:00,-0.0818716222747125,-0.1967780517392312,0.9100598575058703,0.0
1970-01-01 13:38:00,-0.09008131441650297,-0.1959106160714809,0.9111120954871014,0.0
1970-01-01 13:39:00,-0.06943545597018877,-0.2964956806603815,0.8774835876335262,0.0024653176040090002
1970-01-01 13:40:00,-0.08621261736359333,-0.31539121351604604,0.8648480097846587,0.009083093729504105
1970-01-01 13:41:00,-0.09378910484001883,-0.2559191780992199,0.8946715079786335,0.0
1970-01-01 13:42:00,-0.0138923289959794,-0.4689992036780954,0.8657535680076025,0.0
1970-01-01 13:43:00,-0.026954533076096104,-0.3943435020375297,0.9031282647040028,0.0
1970-01-01 13:44:00,-0.0285694025599461,-0.3474683291078562,0.8620683563258132,0.0023072077919299334
1970-01-01 13:45:00,-0.041454534692627935,-0.008559078531422681,0.8271482659477202,0.0
1970-01-01 13:46:00,0.000676295590118769,-0.02398820650164679,0.8569605279442443,0.0
1970-01-01 13:47:00,-0.02058230206965597,-0.016486020331812828,0.867602454322029,0.0
1970-01-01 13:48:00,-0.0175116680548932,0.031124471738642873,0.8557722662198644,0.0
1970-01-01 13:49:00,-0.0204920092125431,0.010637811524443782,0.8472671126199333,0.0
1970-01-01 13:50:00,-0.01936635958773693,0.034894744636109865,0.8568804821245394,0.0
1970-01-01 13:51:00,-0.020080988084122002,0.012021826798054821,0.8434342542093362,0.0
1970-01-01 13:52:00,0.008189774160632601,-0.05331590343706264,0.8868431853946762,0.0004205574040808
1970-01-01 13:53:00,-0.0057561074283650005,-0.007530751636109741,0.8478220376623608,0.0017953707817124334
1970-01-01 13:54:00,0.004106737333473966,0.010107820995106412,0.8529269844717783,0.0017563145770238334
1970-01-01 13:55:00,0.0022587448517643015,0.02012821193560153,0.8403845742325814,0.0002433901969967
1970-01-01 13:56:00,0.014422250816519733,0.1608265741581564,0.82737255476,0.0
1970-01-01 13:57:00,0.019325050431412468,0.1475547416858661,0.815287985722951,0.0
1970-01-01 13:58:00,-0.002049640888654234,0.12252385082922608,0.7982088495614242,0.0
1970-01-01 13:59:00,-0.019918160330108868,0.041572497772461525,0.7991215343571056,0.0
1970-01-01 14:00:00,-0.037751114081070264,0.04342607471145358,0.8224253111728058,0.001968548317673
1970-01-01 14:01:00,-0.029785235547715935,0.018556025264681253,0.8017112361268618,0.0008654221339339667
1970-01-01 14:02:00,-0.041236233220977234,0.11807409446346025,0.8411514495434443,0.0
1970-01-01 14:03:00,-0.049018500019979705,0.14828870578534611,0.8436248537686742,0.0
1970-01-01 14:04:00,-0.0427576643794255,0.1509311957413316,0.8457668771964554,0.0
1970-01-01 14:05:00,-0.0447419372609514,0.160411861774899,0.8454542846362242,0.0
1970-01-01 14:06:00,-0.05254542601688966,0.21893529853538643,0.8243155741558136,0.0
1970-01-01 14:07:00,-0.0749459381596475,0.10348215285662177,0.7671726542980114,0.0
1970-01-01 14:08:00,-0.05749339694537284,-0.1688737559470422,0.5941225365737018,0.04239828183491984
1970-01-01 14:09:00,-0.053199016502050396,-0.037046271244970175,0.8271517663810052,0.0
1970-01-01 14:10:00,-0.061881882633006334,-0.33522190919572514,0.8758225643518639,0.0
1970-01-01 14:11:00,-0.07890993493849684,-0.2542111186471334,0.9246626015032581,0.0
1970-01-01 14:12:00,-0.2473758015031452,0.0335854409595931,0.6640055299496926,0.0
1970-01-01 14:13:00,-0.365942377202869,0.33643711222827893,0.45510386815380155,0.0
1970-01-01 14:14:00,-0.3584563368707668,0.4057689512459766,0.445274767526024,0.0
1970-01-01 14:15:00,-0.35606613433876194,0.44747520952933906,0.4338234626481383,0.0
1970-01-01 14:16:00,-0.35137349381241795,0.46324741203750386,0.4292151180541915,0.0
1970-01-01 14:17:00,-0.28866556289706385,0.0575253129964019,0.683796739972483,0.0
1970-01-01 14:18:00,-0.36710405537979957,0.31546604965737757,0.46082504593665985,0.0
1970-01-01 14:19:00,-0.37089407093242815,0.31849827340438,0.4600442220760355,0.0
1970-01-01 14:20:00,-0.3594667638114685,0.36917781446193415,0.46035329969842415,0.0
1970-01-01 14:21:00,-0.34398026470286247,0.3394490551916732,0.4779461099399647,0.0
1970-01-01 14:22:00,-0.3430831194136184,0.335447568408473,0.4790912157700051,0.0
1970-01-01 14:23:00,-0.3604345178959865,0.3033099093720081,0.47580393179690034,0.0
1970-01-01 14:24:00,-0.6020487372633022,-0.019593852394418337,0.38387574142585557,0.011351111417399766
1970-01-01 14:25:00,-0.5668251313774508,-0.19882299837154718,0.38541516816453786,0.011551363083462267
1970-01-01 14:26:00,-0.4076314284552567,0.06353327354333153,0.28305293557310396,0.011681225720931466
1970-01-01 14:27:00,-0.4232914210434185,0.3209517450622424,0.26012574542669603,0.011761026013830235
1970-01-01 14:28:00,-0.4192921970105374,0.3309790407352557,0.25591666779560474,0.011852714779289565
1970-01-01 14:29:00,-0.5963373084248557,-0.06626723875075695,0.24903624707369343,0.0119009641141982
1970-01-01 14:30:00,-0.7089000212984038,0.014731251808955292,0.21470795232398268,0.013476629942066233
1970-01-01 14:31:00,-0.7020735786986531,-0.0002015922843246953,0.22754889537203948,0.011854250871005534
1970-01-01 14:32:00,-0.6910364191396537,0.06847948316620432,0.21491687597468814,0.010173631930959834
1970-01-01 14:33:00,-0.6956002248683335,0.02632568263862216,0.23076310538289382,0.010176117009925633
1970-01-01 14:34:00,-0.6834480167089824,0.12853109764590623,0.2381257736428958,0.0
1970-01-01 14:35:00,-0.6831442998468692,0.18193087415416176,0.2526626379387074,0.0
1970-01-01 14:36:00,-0.6836065244211054,0.18605625754466568,0.25225136603683723,0.0
1970-01-01 14:37:00,-0.683111451602081,0.19058145782764135,0.2511021892609047,0.0
1970-01-01 14:38:00,-0.6820966200103736,0.19211281391579269,0.2509724701655509,0.0
1970-01-01 14:39:00,-0.6805514087135013,0.19489654700045836,0.250428404202071,0.0
1970-01-01 14:40:00,-0.6782177101395389,0.19746092281078556,0.25024525998544767,0.0
1970-01-01 14:41:00,-0.6766319163293332,0.19823202102007023,0.25029935231637646,0.0
1970-01-01 14:42:00,-0.6735644875069405,0.20404180045756634,0.2528483833060314,0.0
1970-01-01 14:43:00,-0.6707665735560274,0.20877822776706711,0.2530624609096124,0.0
1970-01-01 14:44:00,-0.6698473004946126,0.20992299854252153,0.25287623205702797,0.0
1970-01-01 14:45:00,-0.6701199608343807,0.2116462922457191,0.25231697498666766,0.0
1970-01-01 14:46:00,-0.6879006261520478,-0.010531221584360465,0.2530184830903303,0.0
1970-01-01 14:47:00,-0.6938471439060342,-0.268437189138829,0.20213096321896526,0.0272674998245603
1970-01-01 14:48:00,-0.51960943759457,-0.3569247837416851,0.367963139161108,0.012019121382286134
1970-01-01 14:49:00,-0.4689553985815578,-0.362301702209659,0.36527934632483366,0.012053755455582535
1970-01-01 14:50:00,-0.49861386976643257,-0.2771204532201861,0.37373754867113157,0.012084524382161734
1970-01-01 14:51:00,-0.47108238215566756,0.2079289655944293,0.2368108242757446,0.0
1970-01-01 14:52:00,-0.18428269956765977,0.07601844475843936,0.3752515489199717,0.012709688316141934
1970-01-01 14:53:00,-0.16836986010374502,0.09543373060713216,0.38323215969123625,0.008009640334552934
1970-01-01 14:54:00,-0.1761027251333889,0.18641320631064573,0.4247044761616577,0.0
1970-01-01 14:55:00,-0.18928185901093764,0.20522278869723865,0.433315280960682,0.0
1970-01-01 14:56:00,-0.16703269764454431,0.346422969542645,0.42123925027333115,0.0
1970-01-01 14:57:00,-0.02163333143171853,0.14589962847995674,0.2260096571926086,0.0
1970-01-01 14:58:00,0.09114578667389468,0.11260735469151824,0.0682415802564888,0.0
1970-01-01 14:59:00,0.08902658216139146,0.0801481921790196,0.060937491070631546,0.0
1970-01-01 15:00:00,0.07488798091562364,0.0696160240584554,0.05241997958744574,0.0
1970-01-01 15:01:00,0.11501687491976063,0.1721871706913366,0.07618739459356531,0.0
1970-01-01 15:02:00,0.0734674287077223,0.1489282205169984,0.08807937694685612,0.0
1970-01-01 15:03:00,-0.029442046044782302,0.3501847186325085,0.0774460421021479,0.0
1970-01-01 15:04:00,-0.0315884996694392,0.3704346999598401,0.0857486250476947,0.0
1970-01-01 15:05:00,-0.05723634947589253,0.38089610204474883,0.07814195628134815,0.0
1970-01-01 15:06:00,-0.0615122353619979,0.36537644535928865,0.08418662921705876,0.0
1970-01-01 15:07:00,-0.062464670219628364,0.3641676688093815,0.08551307102884857,0.0
1970-01-01 15:08:00,-0.053677182429022335,0.3691850330459303,0.0883153661024364,0.0
1970-01-01 15:09:00,-0.07202677934641881,0.3813764143686969,0.08043338632428482,0.0
1970-01-01 15:10:00,-0.06568915844516911,0.3784601363248867,0.08362034227101293,0.0
1970-01-01 15:11:00,-0.04598003240007526,0.3876338207404941,0.08544974412944711,0.0
1970-01-01 15:12:00,-0.058021870456938435,0.40304195553407257,0.07733630061775203,0.0
1970-01-01 15:13:00,-0.05632201858221624,0.3843206550846743,0.08759524381625011,0.0
1970-01-01 15:14:00,-0.0598945190302663,0.4146950068453697,0.08041930239865062,0.0
1970-01-01 15:15:00,-0.06733563192211056,0.40352832070795513,0.08571084067459765,0.0
1970-01-01 15:16:00,-0.05999563190013213,0.4094729367185628,0.08652015148676216,0.0
1970-01-01 15:17:00,-0.06070945412141793,0.3834445312109273,0.09472004216300893,0.0
1970-01-01 15:18:00,-0.06790982401486993,0.2048677247074949,0.7356837462494107,0.0
1970-01-01 15:19:00,-0.016417086311067634,0.05285178986247627,0.7380142183151972,0.0
1970-01-01 15:20:00,0.0406679971810243,0.17786884983737306,0.7514677652157183,0.0
1970-01-01 15:21:00,0.005920806708203201,0.18796027045249142,0.7539179821761622,0.0
1970-01-01 15:22:00,0.009807499278575,0.19000336354657746,0.7555713601759931,0.0
1970-01-01 15:23:00,0.0130425521983133,0.1896553254202856,0.7575057116629721,0.0
1970-01-01 15:24:00,0.0165967005435609,0.19134866281168192,0.7586710629724532,0.0
1970-01-01 15:25:00,0.019797841368805733,0.19374221858161714,0.7594791229726935,0.0
1970-01-01 15:26:00,0.022783646549832597,0.19387537243424965,0.7610089935803283,0.0
1970-01-01 15:27:00,0.03499939152731387,0.19176209159255056,0.7628401796831824,0.0
1970-01-01 15:28:00,0.043350316258527734,0.1990801420860382,0.7616969763539054,0.0
1970-01-01 15:29:00,0.04376816855028907,0.20386476567600073,0.7615983810170089,0.0
1970-01-01 15:30:00,0.03980605308000484,0.19622974560439163,0.7641791093003331,0.0
1970-01-01 15:31:00,0.0373413390245617,0.2063307507634403,0.7657686153017466,0.0
1970-01-01 15:32:00,0.038275068232545034,0.2118017354242188,0.7677110097246279,0.0
1970-01-01 15:33:00,0.04097753602096596,0.20681911633409142,0.7732680831889022,0.0
1970-01-01 15:34:00,0.043400142097184034,0.21241518364973166,0.7753233467228774,0.0
1970-01-01 15:35:00,0.043076606611568834,0.20934655756142131,0.7795710588083246,0.0
1970-01-01 15:36:00,0.053008670988117144,0.20460627470308282,0.7848681110478674,0.0
1970-01-01 15:37:00,0.047626699977873575,0.2022616758559345,0.7898784658297999,0.0
1970-01-01 15:38:00,0.048068569251631894,0.2219710152994835,0.7873051280120748,0.0
1970-01-01 15:39:00,0.05539340597634681,0.22300699543417532,0.7909877501644376,0.0
1970-01-01 15:40:00,0.0613774760626456,0.1999789878760243,0.8031270802295797,0.0
1970-01-01 15:41:00,0.06567131473823937,0.20210570270295947,0.8077125001969043,0.0
1970-01-01 15:42:00,0.0633110303268039,0.21272791668742994,0.8093298311355168,0.0
1970-01-01 15:43:00,0.06742112222438706,0.22153418991734466,0.8112224090296362,0.0
1970-01-01 15:44:00,0.06809134847670335,0.20673828285839735,0.8223664435381034,0.0
1970-01-01 15:45:00,0.06713547327065533,0.19815987100599552,0.8313719508815723,0.0
1970-01-01 15:46:00,-0.0760738921385956,0.4490819796440833,0.5878732671803659,0.0
1970-01-01 15:47:00,-0.08999797941487701,0.4469720308834158,0.5922781708464595,0.0
1970-01-01 15:48:00,-0.09444097328083156,0.4674788772276027,0.587152419666289,0.0
1970-01-01 15:49:00,-0.0887296788215684,0.4794735334548399,0.5829025842277497,0.0
1970-01-01 15:50:00,0.013872067601353335,0.4225772372645556,0.6076110549446284,0.0
1970-01-01 15:51:00,0.4013056478531509,0.23852683938875982,0.6868472060581013,0.0
1970-01-01 15:52:00,0.3833932610738839,0.24952364220467585,0.685299511721467,0.0
1970-01-01 15:53:00,0.366336765174611,0.2466596577952391,0.6878086696817002,0.0
1970-01-01 15:54:00,0.3819859228189995,0.2953679873907508,0.6716559879760697,0.0
1970-01-01 15:55:00,0.3713196647367188,0.30466784010055104,0.6686359939943008,0.0
1970-01-01 15:56:00,0.3641707668443052,0.28604505912465666,0.6752050502085422,0.0
1970-01-01 15:57:00,0.3501589598234192,0.29134158677831357,0.6750185360996542,0.0
1970-01-01 15:58:00,0.3461579092290476,0.31445933367812756,0.6668577787203805,0.0
1970-01-01 15:59:00,0.3557943300441609,0.2884636882866814,0.6753725633466982,0.0
1970-01-01 16:00:00,0.3425874095377255,0.32945992485474973,0.6621591722631778,0.0
1970-01-01 16:01:00,0.3527639002902159,0.3149618397851692,0.6664421071026412,0.0
1970-01-01 16:02:00,0.3768981776319363,0.28990339974323,0.673325767175797,0.0
1970-01-01 16:03:00,0.3766799906314417,0.2958970961468878,0.671796899755201,0.0
1970-01-01 16:04:00,0.3953923366884411,0.2860611552218901,0.669646860141803,0.0
1970-01-01 16:05:00,0.4049434267222072,0.2782850215476077,0.672954885632577,0.0
1970-01-01 16:06:00,0.415902959906364,0.2728396236761759,0.6733764461007876,0.0
1970-01-01 16:07:00,0.12617537888121114,0.4292226088991995,0.5624798767391073,0.0
1970-01-01 16:08:00,-0.004849087757657403,0.5092481897674447,0.499314253515825,0.0
1970-01-01 16:09:00,-0.006656219013653434,0.5066864742220271,0.5007600968475128,0.0
1970-01-01 16:10:00,0.007877994547525835,0.5170889320102885,0.4950592254455894,0.0
1970-01-01 16:11:00,0.0035535828452561654,0.516676620839927,0.4958780802567933,0.0
1970-01-01 16:12:00,-0.07791266222673064,0.32468944216899137,0.4974485902628641,0.0
1970-01-01 16:13:00,-0.1549468877327262,0.5125177001771927,0.481665383158346,0.0
1970-01-01 16:14:00,-0.15230548571421468,0.5157893776566705,0.48166380216154464,0.0
1970-01-01 16:15:00,-0.15221040497657354,0.5154629721194554,0.4820069364856727,0.0
1970-01-01 16:16:00,-0.15175683044013158,0.5122819229906036,0.48095638586800044,0.0
1970-01-01 16:17:00,-0.11857295124541671,-0.1910487627514418,0.38986304883542483,0.0
1970-01-01 16:18:00,-0.1401563085519963,-0.11802774906186204,-0.06209090801229742,0.023180670786826934
1970-01-01 16:19:00,-0.1187332208179418,-0.01683535197223733,-0.059160798775281624,0.0021334989403234334
1970-01-01 16:20:00,-0.10115179503593492,0.2814080081530124,-0.0013273991126052436,0.0
1970-01-01 16:21:00,-0.08796807733513623,0.31897233858938306,0.015598346515220442,0.0
1970-01-01 16:22:00,-0.07686372818452501,0.2914382380882573,0.013749000889796553,0.0
1970-01-01 16:23:00,-0.07906229107023213,0.1734349395510694,-0.008906422191764513,0.0
1970-01-01 16:24:00,-0.07997871230675853,0.06966117383537516,-0.05150157999598692,0.0
1970-01-01 16:25:00,-0.10066620839184492,0.17759681938488292,-0.040935082153670414,0.0
1970-01-01 16:26:00,-0.13116180216412354,0.0865053285943075,-0.08081427601239421,0.012510065742166466
1970-01-01 16:27:00,-0.06002530979159748,0.38143459147284225,-0.02616096197089629,0.0
1970-01-01 16:28:00,-0.04643229798373253,0.3634324094498333,-0.04002727088941337,0.008965892239639466
1970-01-01 16:29:00,-0.05105116931549342,0.0912741573325942,0.20881265215945935,0.0
1970-01-01 16:30:00,-0.01590792715821687,-0.0058268071256249625,0.3366620326538403,0.0
1970-01-01 16:31:00,0.0103065250087902,-0.17495982432064872,0.3097097696967278,0.012080420888943967
1970-01-01 16:32:00,0.0110286588314087,-0.18395705944256524,0.30455143644486166,0.013437504215783465
1970-01-01 16:33:00,-0.0025234320266612,-0.2048493353289266,0.28740198218706864,0.013878037052156332
1970-01-01 16:34:00,-0.0006247935238965011,-0.2287983353046594,0.2797770521824384,0.012236683623426933
1970-01-01 16:35:00,-0.02102431004232717,-0.08852930197705584,0.33766792373801335,0.0
1970-01-01 16:36:00,-0.03247824414959217,-0.10966325346508665,0.33098792699593044,0.0
1970-01-01 16:37:00,-0.012835571099106066,-0.07242217510584192,0.34633926089163447,0.0
1970-01-01 16:38:00,-0.043857572925134,-0.06814819549488539,0.34665726848678186,0.0
1970-01-01 16:39:00,-0.0177031335059534,-0.10254537095752177,0.3301464692488048,0.0
1970-01-01 16:40:00,-0.024837294481273465,-0.09854306716412466,0.3302042650768279,0.0
1970-01-01 16:41:00,-0.021179513021944065,-0.23486972738533815,0.26411151088573354,0.0
1970-01-01 16:42:00,-0.03873966707694717,-0.2400680145445829,0.25215805338158825,0.011977308542350601
1970-01-01 16:43:00,-0.03398146941721697,-0.2405481574883681,0.26289638672028826,0.012419590911271934
1970-01-01 16:44:00,0.006256296610365332,-0.21568216320196357,0.2688527510731946,0.009198067149712934
1970-01-01 16:45:00,-0.04134477178496794,-0.012423476981700201,0.26889791826621723,0.007139875020817567
1970-01-01 16:46:00,-0.06486933095634671,0.04768369419139351,0.28886023175053693,0.0
1970-01-01 16:47:00,-0.08025122831332997,0.0217731424046661,0.27512993690546367,0.0
1970-01-01 16:48:00,-0.08132387281586444,-0.009618969918246493,0.2559906313707342,0.006524972307207166
1970-01-01 16:49:00,-0.07159342638854867,-0.033253729837867174,0.25960912208659404,0.008741810536969033
1970-01-01 16:50:00,-0.06453157136781668,-0.20275474038183808,0.2633657832201587,0.022581716024890067
1970-01-01 16:51:00,-0.08136632668374964,-0.3131311142228439,0.3594400482580176,0.018856272174812432
1970-01-01 16:52:00,-0.07621691638260701,-0.24005024955456902,0.29623179613932965,0.010136578303185999
1970-01-01 16:53:00,-0.0565009618842027,-0.08896928189518433,0.24676496869640843,0.013726754562965633
1970-01-01 16:54:00,-0.05940944501787526,-0.07837240058889937,0.24531520913411187,0.0145713506054903
1970-01-01 16:55:00,-0.06690915718761876,-0.08683488260984266,0.2536713622465062,0.012298124581642166
1970-01-01 16:56:00,-0.06751109629635359,-0.0783276244446916,0.2476170631192619,0.013669476361883868
1970-01-01 16:57:00,-0.0678524890998375,-0.07497436550798796,0.24803398212897299,0.013787306852626633
1970-01-01 16:58:00,-0.06437409887310533,-0.07920687686968049,0.2292748797332832,0.011561545460747067
1970-01-01 16:59:00,-0.057676421392923866,-0.06730667499204043,0.2452339546012561,0.011921531293973166
1970-01-01 17:00:00,-0.08218559177080516,-0.02508536152428213,0.26049945052383644,0.0088617780059923
1970-01-01 17:01:00,-0.07586221506297713,0.029796112793813334,0.26100878290621227,0.002877300746483333
1970-01-01 17:02:00,-0.07557115970612754,0.011651372454977863,0.2563625572421166,0.005649412264604234
1970-01-01 17:03:00,-0.059036318819123364,-0.2019814302668984,0.25073851164806404,0.019410983500535
1970-01-01 17:04:00,-0.0013245308159776324,-0.3554611498280287,0.25930037806903505,0.014157459690505
1970-01-01 17:05:00,0.01778071508773477,-0.3046560881063159,0.22417810382476586,0.007873199387709
1970-01-01 17:06:00,0.010026309572720733,-0.16853844300597243,0.26200647408036976,0.0112712374942075
1970-01-01 17:07:00,0.019413053865403863,-0.2177868113598899,0.2669307424479916,0.009080102417340733
1970-01-01 17:08:00,0.0133210980191147,-0.22278258958922326,0.2694164175291293,0.008067313951242367
1970-01-01 17:09:00,0.019701680442941835,-0.15971617759220727,0.2820526722573614,0.004160458481678033
1970-01-01 17:10:00,0.026237724650738734,-0.14133494269197552,0.28569581105179415,0.005893356794211266
1970-01-01 17:11:00,0.048901809118873395,-0.12603417499452133,0.290406833410483,0.0037169813983875667
1970-01-01 17:12:00,0.03184160534954487,-0.16577390966093475,0.27859668093750767,0.0080663988002319
1970-01-01 17:13:00,0.0355683183528614,-0.14024477211017009,0.284131040015764,0.00909584035115
1970-01-01 17:14:00,0.0321516231022494,-0.16866336585779193,0.27918924047260135,0.0093463238785875
1970-01-01 17:15:00,0.0352090182789612,-0.18255834794894832,0.2771823995236162,0.009225044943319667
1970-01-01 17:16:00,0.047580662667510265,-0.14775773882918794,0.2825828815332795,0.009491914636420433
1970-01-01 17:17:00,0.043371418902270364,-0.11032506161522254,0.2907003959908667,0.004278797735293134
1970-01-01 17:18:00,0.0228257774646006,-0.060835954232300336,0.2918412761597316,0.004903558978660633
1970-01-01 17:19:00,0.0291735614137075,-0.02564958677357897,0.24120445306556682,0.006005447033259234
1970-01-01 17:20:00,0.021763455274140402,0.18912470871942497,0.1560293188942974,0.0074744535503889
1970-01-01 17:21:00,0.016833590696345036,0.19745045113131024,0.15477281806027088,0.006911039919635033
1970-01-01 17:22:00,0.004387958124914201,0.18722996243733847,0.15157984272205136,0.0063499221728805675
1970-01-01 17:23:00,0.003570385220166001,0.16095371887916993,0.14717739999593293,0.008245100804407468
1970-01-01 17:24:00,0.005996457040078,0.17403656294395412,0.14968196968104555,0.008254617930554901
1970-01-01 17:25:00,0.007472677068881567,0.1868080264883155,0.1500504337979636,0.0083232824913432
1970-01-01 17:26:00,0.0049942073215257345,0.19871345922392378,0.15047356075841778,0.0078722423028592
1970-01-01 17:27:00,0.007759034131325099,0.2115613231852377,0.15287098044013,0.0055424501626122336
1970-01-01 17:28:00,0.003279090966990634,0.22771434211702593,0.15471596986335803,0.004488177621042433
1970-01-01 17:29:00,-0.0010272641546590657,0.23193268532627886,0.15460882952966296,0.004059310462936133
1970-01-01 17:30:00,0.0012182119970134987,0.16816413277330752,0.14913524454863367,0.0052794212005689
1970-01-01 17:31:00,0.0025569870064129315,0.18597307195766297,0.14561227118081002,0.007187824830119567
1970-01-01 17:32:00,0.005969541387378934,0.18586703001222396,0.14216002203687136,0.008481329446229266
1970-01-01 17:33:00,0.010430581879939832,0.1646875949687173,0.14198964183112148,0.0053702001683628665
1970-01-01 17:34:00,0.029558473164528833,0.14235478065207144,0.13702750689790846,0.007272246842105267
1970-01-01 17:35:00,0.012548915416255366,0.13997716141651728,0.13357759782262998,0.007948784183423667
1970-01-01 17:36:00,0.027196913306577832,-0.04562052424627013,-0.03697816626011833,0.007113579881053301
1970-01-01 17:37:00,0.020482254279242332,0.0037568918646074347,-0.03040156767581544,0.004687027377181667
1970-01-01 17:38:00,0.006036193462258001,0.015322408504134,-0.03083953279890994,0.004345415853700467
1970-01-01 17:39:00,0.01878068533717895,0.21750766288809012,0.14430023722977872,0.005086774197204467
1970-01-01 17:40:00,0.024016715464426432,0.21677505382991244,0.14249742706066418,0.0054446893799109325
1970-01-01 17:41:00,0.0050141153486700655,0.22483900425491335,0.13892861929015873,0.007450143838568933
1970-01-01 17:42:00,0.0169248391387609,-0.1602399708002947,0.2505859333696005,0.008141889082050867
1970-01-01 17:43:00,0.022461888590443665,-0.24555097993976535,0.2244090647336385,0.02533157348176113
1970-01-01 17:44:00,0.024148247799768832,-0.16763927346654847,0.26691426527031864,0.005745616926905433
1970-01-01 17:45:00,-0.006722811364451066,-0.16040421974049593,0.2706157704053817,0.008479511204502166
1970-01-01 17:46:00,-0.008872659307736066,-0.29616106516704094,0.2363137965932448,0.008204048448911334
1970-01-01 17:47:00,-0.0057659121317335344,-0.2579590333631136,0.25481132379337623,0.0082617605665805
1970-01-01 17:48:00,0.009569828464315632,-0.2909494368290924,0.24267684940775333,0.0083332922819809
1970-01-01 17:49:00,0.005804016095687699,-0.2399348020283263,0.26738551835358887,0.0078511491624439
1970-01-01 17:50:00,-0.006320490043892101,-0.24661488663280093,0.2625639422552668,0.008040194248560834
1970-01-01 17:51:00,-0.0075376070994126665,-0.23118759195375038,0.23756378004596188,0.008179297169316266
1970-01-01 17:52:00,-0.018763126457237767,-0.24504131502996152,0.26108612120845903,0.008251785939071067
1970-01-01 17:53:00,-0.027978830934710704,-0.21996026771806074,0.26522289845371644,0.008483987319902067
1970-01-01 17:54:00,-0.0137872245666711,-0.2698698763003918,0.24636324079357771,0.010381259910845334
1970-01-01 17:55:00,-0.012380294426343233,-0.2247560777199243,0.2689539348684821,0.0086182615985201
1970-01-01 17:56:00,-0.02300937924493883,-0.2132906448295225,0.2728666457046797,0.008465874791806266
1970-01-01 17:57:00,-0.016991899328196402,-0.19494133310820516,0.27755196598692805,0.009171644068467334
1970-01-01 17:58:00,-0.018108978547317,-0.1765598092653428,0.2806926378896821,0.008462854385053334
1970-01-01 17:59:00,-0.02232406531852373,-0.17083243825880845,0.28077902703600255,0.009686923673717299
1970-01-01 18:00:00,-0.005954092758314967,-0.1565361646714102,0.28346495204227506,0.009132910034662567
1970-01-01 18:01:00,0.007580379495732201,-0.2549128108438344,0.2590201403424269,0.0103192253743783
1970-01-01 18:02:00,0.016822093810669198,-0.1492075732413474,0.23013295003395462,0.0107607585364106
1970-01-01 18:03:00,0.06137509394000767,-0.03335793849213259,0.22210109949479762,0.0109171599801375
1970-01-01 18:04:00,0.0603281507005165,0.06393931764767012,0.17834007500345528,0.009872393778080966
1970-01-01 18:05:00,0.031658123017369526,0.0718207858561235,0.08764457381736442,0.009246335767846866
1970-01-01 18:06:00,0.03580988235423028,0.07798839583280003,0.10932484580760597,0.0095992242196919
1970-01-01 18:07:00,0.007013309296540662,-0.11656074249025851,0.15271899201368416,0.04138574571146293
1970-01-01 18:08:00,0.011727301181996904,-0.10147236755339095,0.14839345245307797,0.03627241426609527
1970-01-01 18:09:00,0.027963422121701036,0.07772308671665328,0.11666235349465907,0.004294647757799467
1970-01-01 18:10:00,-0.03975637997721974,-0.489355610547117,-0.1240225414752754,0.03427295313793827
1970-01-01 18:11:00,-0.0350187074934753,-0.3213496589187676,-0.056392560403433246,0.0256895585951111
1970-01-01 18:12:00,0.0347753019995957,-0.14145375789439588,0.06722412903974055,0.0246321800765444
1970-01-01 18:13:00,0.03759802135233064,-0.16435419502713314,0.052850489367825514,0.03187618712599827
1970-01-01 18:14:00,0.0687723892641074,0.018300241291806168,0.12008233483232138,0.025958545219689298
1970-01-01 18:15:00,0.06771222709459244,0.008736828066951382,0.1318118129547536,0.0229783477024381
1970-01-01 18:16:00,0.06518956152697623,0.001256372375648222,0.1330259121314468,0.01946167111819
1970-01-01 18:17:00,0.07982473864781774,0.12065849698715135,0.1075239309007121,0.010721611335814833
1970-01-01 18:18:00,0.08013968363724046,0.1699871316111484,0.1071112859007024,0.009154066627959766
1970-01-01 18:19:00,0.07458226827378912,0.17417893195253986,0.108127891018245,0.008995808041118967
1970-01-01 18:20:00,0.0815151690486939,0.13137882654148572,0.1007599237597896,0.008802404363602034
1970-01-01 18:21:00,0.03406078299735984,-0.11739408292759508,0.22328799779074315,0.0092259826136091
1970-01-01 18:22:00,0.1074723298728882,-0.3330231105761408,0.2597147152674559,0.0
1970-01-01 18:23:00,0.0843072300396267,-0.21339047949017256,0.3039805273797268,0.0016309315564223667
1970-01-01 18:24:00,-0.046837615462376726,-0.31746911953533113,0.26055307870891525,0.0
1970-01-01 18:25:00,-0.035178648583552595,-0.22176199440016428,0.26481798921787264,0.0043032748480706
1970-01-01 18:26:00,-0.05288212052596753,-0.21725808620000386,0.2548640333564603,0.007049393707638767
1970-01-01 18:27:00,-0.014272452866272498,-0.24481985544889664,0.2600207807766725,0.007935740679855268
1970-01-01 18:28:00,-0.027451377709536266,-0.24710722494830625,0.25393167071068246,0.006537467232840266
1970-01-01 18:29:00,-0.02212522394340653,-0.19650816935868934,0.2753548155697611,0.0038092775771510668
1970-01-01 18:30:00,-0.03394667018576877,-0.22514320106372654,0.26461577634258077,0.0048476113707516
1970-01-01 18:31:00,-0.029533856888964937,-0.24632186891473115,0.2589986445877514,0.0033796897069056663
1970-01-01 18:32:00,-0.038671223279625105,-0.23401995707221188,0.2632028196783026,0.005998249094201033
1970-01-01 18:33:00,-0.05778559701378316,-0.26244848446820374,0.2616183224436498,0.010185474266416467
1970-01-01 18:34:00,-0.06348096505133093,-0.21029266576601846,0.2661341327936168,0.014184415245715468
1970-01-01 18:35:00,-0.08239517352656671,-0.2082467427068817,0.24841358574628977,0.013178540629628433
1970-01-01 18:36:00,-0.07693568574863806,-0.18878204268658283,0.2606214822035508,0.012411271224243433
1970-01-01 18:37:00,-0.08901578703367259,-0.15160005807707017,0.2683599538867231,0.011926433948250098
1970-01-01 18:38:00,-0.0479535300619093,-0.11754825872988046,0.2737157425189189,0.012514413995776234
1970-01-01 18:39:00,-0.07019799313389663,-0.16871982923323137,0.2696831466775633,0.009928466512816966
1970-01-01 18:40:00,-0.08522888211028527,-0.17660957714258305,0.26587816602707853,0.009541097871368066
1970-01-01 18:41:00,-0.05101394130473353,-0.11835506626289467,0.28497111499504496,0.0
1970-01-01 18:42:00,-0.044136066316855536,-0.12993214060764616,0.28234809142114486,0.0
1970-01-01 18:43:00,-0.0327588179301503,-0.0810638912296231,0.3076827093941545,0.0
1970-01-01 18:44:00,-0.010095300840789237,-0.12745153823312202,0.3045538151923427,0.0
1970-01-01 18:45:00,-0.012333799228947735,-0.1427936546173724,0.3047103000317099,0.0004564677476948
1970-01-01 18:46:00,-0.0222629277671636,-0.09541531300531458,0.30846586848858615,0.0
1970-01-01 18:47:00,-0.05634908354511886,-0.14105520637137547,0.2930609547563293,0.0
1970-01-01 18:48:00,-0.040415763698279435,-0.34821103123102776,0.2299733998980369,0.018207030145645935
1970-01-01 18:49:00,-0.028838061386258367,-0.2985128888001576,0.24747051873684758,0.0147688114429237
1970-01-01 18:50:00,-0.012709762321567737,-0.10246696786923275,0.2865708130062834,0.008109459988619033
1970-01-01 18:51:00,0.003884255176122902,-0.145271576799909,0.284503700784742,0.004318815287351866
1970-01-01 18:52:00,0.0585301074589119,-0.14771504506462846,0.30270284989129653,0.006381297722783866
1970-01-01 18:53:00,0.06683843392118873,-0.14383423666563933,0.30496711773230634,0.005305597516460633
1970-01-01 18:54:00,0.056756969159264765,-0.16906600243179695,0.2890574840670575,0.0039479953944214
1970-01-01 18:55:00,0.0666683397372679,-0.1650963591191994,0.2981907913869499,0.0032365517502569666
1970-01-01 18:56:00,0.05745706479583451,-0.2005900120838199,0.2860478560092707,0.0033283055694589
1970-01-01 18:57:00,-0.0547898271350965,-0.23593620467143236,0.24835558685445738,0.007447607057992567
1970-01-01 18:58:00,-0.034950850982954064,-0.18255026751882983,0.2695770216629148,0.008343586516640565
1970-01-01 18:59:00,-0.051180163377374834,-0.14531721977200865,0.2730103375240579,0.007470406720432
1970-01-01 19:00:00,-0.036194485530630864,-0.14517763059080027,0.2784837097715726,0.0079369829457921
1970-01-01 19:01:00,-0.05435839032483897,-0.14399044502987804,0.27472254255538153,0.0074550614954655
1970-01-01 19:02:00,-0.06705102178904904,-0.16594855057229949,0.2658493696449717,0.008147235223629068
1970-01-01 19:03:00,-0.06756920782758784,-0.13945305933872124,0.2712278240661732,0.006868486189728701
1970-01-01 19:04:00,-0.05827141260018537,-0.14045910776085915,0.26797206333204354,0.0077765101991353
1970-01-01 19:05:00,-0.057230192918498124,-0.15125163311869358,0.26791958584188447,0.008055806216039832
1970-01-01 19:06:00,-0.0642721200040587,-0.1499131412547143,0.2717875936309094,0.0082580793182502
1970-01-01 19:07:00,-0.06815327948196064,-0.2251762700496245,0.27872390524891805,0.0
1970-01-01 19:08:00,-0.043884518439873836,-0.3965896922303059,0.22090809961486638,0.023721478478161834
1970-01-01 19:09:00,-0.0631523930173279,-0.5391255502399278,0.2672359280140343,0.04014731053898577
1970-01-01 19:10:00,-0.0702544423448642,-0.5935978718295207,0.2569664400020078,0.0543702078871603
1970-01-01 19:11:00,-0.0501085142761975,-0.47421238632812585,0.2641534387275117,0.0266433568458327
1970-01-01 19:12:00,-0.022701481697125204,-0.43487967219287177,0.24876564037347149,0.023576694397685668
1970-01-01 19:13:00,0.0281080539389043,-0.43673514220427134,0.26064353880112806,0.023077893937109167
1970-01-01 19:14:00,0.0621929256491088,-0.32912728712389816,0.26509935829999004,0.019433880884193833
1970-01-01 19:15:00,0.048511313166438134,-0.33124358265890036,0.273728438841856,0.01879883826920607
1970-01-01 19:16:00,-0.015952053300382168,-0.28382935237941126,0.2699255758568115,0.020128601853327235
1970-01-01 19:17:00,-0.023400910414785633,-0.20331670390778486,0.2762190358029443,0.007471604064373533
1970-01-01 19:18:00,-0.008259631427881867,-0.18850130004854518,0.2790819550933281,0.0073991244236741
1970-01-01 19:19:00,-0.027013948583108266,-0.17585483906431512,0.27897008627378667,0.006766090812795167
1970-01-01 19:20:00,-0.024300822919802633,-0.16572303583086692,0.28163390633395563,0.005862724843164833
1970-01-01 19:21:00,-0.014441959763392636,-0.16384822659029352,0.284353530262875,0.004287885750764733
1970-01-01 19:22:00,-0.007545072609591766,-0.19589838084560485,0.27810093449094797,0.009273962302111267
1970-01-01 19:23:00,-0.005697617644615034,-0.19701033172363594,0.2779732943822136,0.00991995242406
1970-01-01 19:24:00,-0.06310102035328213,-0.40560628650847436,0.151288301110056,0.028949272458855566
1970-01-01 19:25:00,-0.027112692397743967,-0.2979763024080108,0.2364826296461616,0.010622517588103534
1970-01-01 19:26:00,-0.0599115951405493,-0.4347185916580685,0.14508010862444,0.019119921345564367
1970-01-01 19:27:00,-0.014328971755335235,-0.25027260143033137,0.26174319701669474,0.0084020412534679
1970-01-01 19:28:00,-0.03227706358128556,-0.4355038380927146,0.20748007008486305,0.020358030184981633
1970-01-01 19:29:00,-0.019155294683953134,-0.3886256362471891,0.25360292974275517,0.02458871299282923
1970-01-01 19:30:00,-0.01525841781862077,-0.4447792054054542,0.2293178519032237,0.030449285247523838
1970-01-01 19:31:00,-0.019116931915646066,-0.4485266717621799,0.22274901809220216,0.033366871050805595
1970-01-01 19:32:00,-0.0186683941100716,-0.41009456191596394,0.24973060926520793,0.028270511883864934
1970-01-01 19:33:00,0.017313802173106067,-0.47220979470004365,0.2056252272320288,0.029330331695320833
1970-01-01 19:34:00,-0.005595827901826299,-0.4262595869122316,0.24550774263449118,0.029255376294549534
1970-01-01 19:35:00,-0.021153105023937135,-0.3622262533106797,0.2606555389052902,0.0237696651082977
1970-01-01 19:36:00,-0.023108580944198865,-0.3729080339326732,0.253319568701365,0.024059775501419967
1970-01-01 19:37:00,-0.009986891678974999,-0.4308720976873506,0.22212745911119222,0.0266612023916986
1970-01-01 19:38:00,-0.012177133009335733,-0.3870402877412669,0.25419828382265375,0.0265889321621102
1970-01-01 19:39:00,-0.005759680919237367,-0.3727956651399775,0.25306712170752227,0.0233109111890675
1970-01-01 19:40:00,-0.012843773206289535,-0.352581328373372,0.2641600721452838,0.024110325910558835
1970-01-01 19:41:00,0.062076622954531833,-0.34575627427663597,0.25907998614795397,0.023604669876057832
1970-01-01 19:42:00,-0.04954909871344293,-0.4532417472076315,0.19727045688747913,0.023817880759082533
1970-01-01 19:43:00,-0.028253034146582628,-0.41429049712603505,0.2359397240473066,0.025163518335307267
1970-01-01 19:44:00,-0.03199575320372313,-0.4816619749756472,0.21695648755462038,0.0213665690627164
1970-01-01 19:45:00,-0.0159817461228679,-0.41335990258464594,0.24320577261287882,0.025565895852943568
1970-01-01 19:46:00,-0.020747419246790768,-0.42994833813370664,0.2471359856155013,0.027072927237047267
1970-01-01 19:47:00,0.0020509647724593024,-0.41222317238515416,0.25936160664240676,0.026574374034454867
1970-01-01 19:48:00,-0.0053391437538412995,-0.42967127204155514,0.2548302087276458,0.0292137363606902
1970-01-01 19:49:00,0.0010314747024000963,-0.43411550860672216,0.25648514976473263,0.03105140235632167
1970-01-01 19:50:00,-0.0198767615876623,-0.4173922962657839,0.2556833378089564,0.02451053797886207
1970-01-01 19:51:00,-0.004114163027598737,-0.45220133453952727,0.2512130040825786,0.0307516738637725
1970-01-01 19:52:00,-0.005946418213850832,-0.4172284060129862,0.24943736578509612,0.02294284965426323
1970-01-01 19:53:00,0.003515309663071305,-0.40044448582899994,0.25751207245773133,0.021995759547274164
1970-01-01 19:54:00,0.017117090956893368,-0.371382745639765,0.2566040774690754,0.022833637185758232
1970-01-01 19:55:00,-0.00814234328596127,-0.35193374815690964,0.26266298904570345,0.0212059024605049
1970-01-01 19:56:00,-0.0040124031468507055,-0.3738287645704652,0.2550845799928249,0.0071328817961754665
1970-01-01 19:57:00,0.008406532760179634,-0.028048039769154962,0.3274917000327097,0.00020726991792893333
1970-01-01 19:58:00,0.005358126057723465,-0.1710507692886314,0.3200142330324885,0.0
1970-01-01 19:59:00,-0.005097878372879667,-0.12402940135140104,0.33970311626266597,0.0023504418576885664
1970-01-01 20:00:00,-0.021930294495623198,-0.11134036616507936,0.4510092459883947,0.0
1970-01-01 20:01:00,-0.011610879039257066,-0.0601302566929266,0.5747847893487115,0.004323668597778667
1970-01-01 20:02:00,-0.03182477311259433,-0.03374463340375842,0.5533011314744467,0.0005262619779082667
1970-01-01 20:03:00,0.005395354068483266,-0.033213766082990204,0.5521763030162258,0.0
1970-01-01 20:04:00,-0.04544679091600856,-0.007985497519016968,0.5851569889694481,0.0
1970-01-01 20:05:00,-0.06255048377063381,0.018325060467422882,0.5652338764700381,0.0
1970-01-01 20:06:00,-0.029851350105862096,0.12209625559005849,0.616091836052585,0.0
1970-01-01 20:07:00,0.07687241803837357,0.12035889336981119,0.6815238399474648,0.0
1970-01-01 20:08:00,0.03974846653642996,0.12005760591438229,0.6711043361288548,0.0
1970-01-01 20:09:00,-0.07094147831562732,0.1093186744327591,0.6447788634632693,0.0
1970-01-01 20:10:00,-0.059397191627167924,0.1258141401995317,0.5963715842987156,0.00033026461603886666
1970-01-01 20:11:00,-0.09088095018879416,0.10319173562222768,0.620772998361594,0.0020518950653553333
1970-01-01 20:12:00,-0.04009689682750933,0.10102892032369502,0.6362956310850426,0.002116826637767933
1970-01-01 20:13:00,-0.029455120641609267,0.08511383070291723,0.5812330806146209,0.0018716044975794
1970-01-01 20:14:00,-0.023210948019774802,0.11469526908571592,0.5727830346646652,0.001011428868754
1970-01-01 20:15:00,-0.0808519828944497,0.11719121531028011,0.5851207565840371,0.0012467111629181
1970-01-01 20:16:00,0.03776293944919397,0.1119431004925611,0.5976332584250281,0.0011329134743806332
1970-01-01 20:17:00,-0.0065765570430355675,0.13201318514171226,0.6059078379042949,0.00030884187269550003
1970-01-01 20:18:00,-0.010295615409915066,0.17148884617081328,0.5953648519501896,0.0025823933298162
1970-01-01 20:19:00,0.0288562473690547,0.20749900899652177,0.5880605016822917,0.0
1970-01-01 20:20:00,0.10327178591551034,0.16696402450231915,0.59787678995067,0.003488235089737
1970-01-01 20:21:00,0.03789638295514213,0.24959520034168084,0.5991043106781907,0.0
1970-01-01 20:22:00,0.005846768583980099,0.3064793260690924,0.6089612310478492,0.0
1970-01-01 20:23:00,0.035565451596952666,0.4273156024823894,0.5899420522609081,0.0
1970-01-01 20:24:00,0.0441550983908055,0.21014697889895007,0.4380909452986807,0.0
1970-01-01 20:25:00,-0.006450001714479267,0.03586253306853756,0.25331308032917105,0.015341195585437867
1970-01-01 20:26:00,-0.0014935798284734052,-0.17476877346057232,0.250291490846043,0.021434752007896334
1970-01-01 20:27:00,-0.006417233101799799,-0.07127324953462998,0.266954143134593,0.0018405174831490334
1970-01-01 20:28:00,-0.025406813367803833,0.019882152376777668,0.24799135806841996,0.004344598819640734
1970-01-01 20:29:00,-0.04158335953627863,0.03962120840662361,0.24664214410086727,0.004265654425727567
1970-01-01 20:30:00,-0.033752417610908365,0.08211128833855715,0.25325911370441007,0.0
1970-01-01 20:31:00,-0.010178775198605295,0.011473393758052461,0.23435028559329293,0.026420452053926697
1970-01-01 20:32:00,-0.0253358910211023,0.006294057249960974,0.23853233639833007,0.0251839981603874
1970-01-01 20:33:00,-0.04653997552554923,-0.1683056648446183,-0.043054053004237626,0.0219405120119458
1970-01-01 20:34:00,-0.0737654518740723,-0.2511617974672294,-0.02549917218137195,0.034130394057523196
1970-01-01 20:35:00,-0.018658231062214436,-0.01912592973120072,0.24413432539480517,0.029265295894281368
1970-01-01 20:36:00,-0.06027557360082839,-0.07554930156169588,0.4050035734879078,0.0
1970-01-01 20:37:00,0.08219788497756673,-0.1413880782453934,0.7119598559480808,0.0
1970-01-01 20:38:00,0.02413012154105393,-0.10252700815516863,0.903205815739764,0.0
1970-01-01 20:39:00,-0.034892201934986995,-0.22016776838100469,0.9136986836117806,0.0
1970-01-01 20:40:00,-0.0631511686736586,-0.26577326761048237,0.9264906689423738,0.0
1970-01-01 20:41:00,-0.01551211576253407,-0.21012591597753147,0.9274654042363695,0.0
1970-01-01 20:42:00,-0.03667390068630613,-0.10188210813069376,0.9250582084826928,0.0
1970-01-01 20:43:00,-0.018635784761609268,0.07727481713408757,0.8790703185700819,0.0
1970-01-01 20:44:00,-0.011540036324664132,0.08832140277255236,0.8663367962771713,0.0
1970-01-01 20:45:00,-0.019862457670159133,0.02830516881979339,0.8640237737825069,0.0
1970-01-01 20:46:00,-0.009734467848798965,0.09437881600803229,0.8686947925707539,0.0
1970-01-01 20:47:00,0.01640899229341157,0.20536496839858356,0.8579624351098719,0.0
1970-01-01 20:48:00,0.004366347961449068,0.11288572102550758,0.8942815384373345,0.0
1970-01-01 20:49:00,-0.011896399964560536,0.1260801866175635,0.8875523228957473,0.0
1970-01-01 20:50:00,-0.0182290339050106,0.039208409022851796,0.865569485829574,0.0
1970-01-01 20:51:00,0.005308714334351335,0.0766729994521927,0.8844780625283558,0.0
1970-01-01 20:52:00,0.0086728922093567,0.049851272061561945,0.9091478592592587,0.0
1970-01-01 20:53:00,0.006750891636738165,-0.03882957534348674,0.9402008314612059,0.0
1970-01-01 20:54:00,0.0057755575708849346,-0.03831231821697483,0.940432846367946,0.0
1970-01-01 20:55:00,0.004820290796393235,-0.0446051898057963,0.9411843468475296,0.0
1970-01-01 20:56:00,-0.00043781733295726756,-0.03553568913560687,0.9400251135781817,0.0
1970-01-01 20:57:00,-0.0003980410947230003,-0.02631352712105803,0.9396255516893174,0.0
1970-01-01 20:58:00,-3.406263444389809e-05,-0.15287305959928782,0.9141071416294356,0.00013219877018053335
1970-01-01 20:59:00,0.013971045335307936,-0.1306243375516925,0.9202999206049517,0.00043528925719763336
1970-01-01 21:00:00,-0.0009870499398275667,-0.1686513597933125,0.9145092176416539,0.0028385727999081997
1970-01-01 21:01:00,0.011052747544253267,-0.22466187245880187,0.8841968288221113,0.013014213787818833
1970-01-01 21:02:00,-0.0378185823850622,-0.03307056013712957,0.9320983437255106,0.0
1970-01-01 21:03:00,-0.002713882168337095,-0.11185386703739326,0.9094395749259477,0.0
1970-01-01 21:04:00,0.018030013357649134,-0.12760161902088374,0.9096065417257595,0.0020025490673581336
1970-01-01 21:05:00,0.06011848931264637,-0.106446086507407,0.9136801854657195,0.0
1970-01-01 21:06:00,0.04238670815563226,-0.0908559577106914,0.9206693033438644,0.0
1970-01-01 21:07:00,0.013680517541177703,-0.11418348194210787,0.9150171382470694,0.0
1970-01-01 21:08:00,-0.007009417277233934,-0.07065939589763875,0.9127945855143232,0.0
1970-01-01 21:09:00,-0.028470718469391868,-0.13164813103676629,0.925106295926688,0.0
1970-01-01 21:10:00,-0.020033845875844333,-0.14392760498948678,0.9430209236272274,0.0
1970-01-01 21:11:00,-0.015032770284953768,-0.17985713289417318,0.9427488277924038,0.0
1970-01-01 21:12:00,-0.012510731820192633,-0.20342314439478335,0.9371186032567237,0.0
1970-01-01 21:13:00,-0.016531506292457535,-0.2076085680712231,0.935349994834927,0.0
1970-01-01 21:14:00,-0.009487419185951834,-0.1703131186797262,0.9181098290725856,0.0
1970-01-01 21:15:00,-0.009724503881213235,-0.13939065769404543,0.8576754092502082,0.008342051228269766
1970-01-01 21:16:00,-0.011338368009692434,0.06763475440380552,0.8384400932124771,0.0
1970-01-01 21:17:00,0.006326771026456133,0.27482054958873087,0.7788937101072082,0.0
1970-01-01 21:18:00,0.007488603490597,0.2813190088410108,0.7777680984028654,0.0
1970-01-01 21:19:00,0.009871036915008765,0.28557463561315327,0.7770601115967141,0.0
1970-01-01 21:20:00,0.010876790446338401,0.28913998840427385,0.7765882783311314,0.0
1970-01-01 21:21:00,0.010591548233415035,0.29727791810625354,0.7753123800684594,0.0
1970-01-01 21:22:00,0.0088060370948977,0.2811733717916373,0.7839403969427526,0.0
1970-01-01 21:23:00,0.018340588535113667,0.14583667884063672,0.8378783703672891,0.0
1970-01-01 21:24:00,0.013270531630168133,-0.0035548014033334185,0.8265397804081503,0.0
1970-01-01 21:25:00,0.018563837151509766,0.004561069023328941,0.8300090385635484,0.0
1970-01-01 21:26:00,0.005160250221922731,-0.056716020897622364,0.7996386121733524,0.0027840872186009
1970-01-01 21:27:00,0.0466854385028857,-0.02165084992713921,0.8253802377082358,0.003555334943968367
1970-01-01 21:28:00,0.04243451728281924,-0.00859034411676396,0.8277140984176214,0.0024361669672596
1970-01-01 21:29:00,0.019621709897903197,0.0006613996450373824,0.8279789419735399,0.0
1970-01-01 21:30:00,0.011119091044711633,-0.036637457276793205,0.8061054692732594,0.0
1970-01-01 21:31:00,0.005359977504247833,-0.010283009901115378,0.8225253346034685,0.0
1970-01-01 21:32:00,0.007728704251970764,0.007173140294787069,0.8279305934475042,0.0
1970-01-01 21:33:00,0.009906353755162732,0.0001650161327032921,0.8253989775969273,0.0
1970-01-01 21:34:00,0.0027582969768959998,-0.008487440686105852,0.8256269892457117,0.0022143514892722003
1970-01-01 21:35:00,0.0214997137305329,0.021980144890660802,0.8271282109791206,0.0004152269244144
1970-01-01 21:36:00,0.043359225235644505,0.004989132548829008,0.8289176092671129,0.0005486096355971666
1970-01-01 21:37:00,0.04574517242684723,-0.02178819731207556,0.8226627604538722,0.00018312089996006667
1970-01-01 21:38:00,0.06517844289381618,-0.13726384066187292,0.7808551807993616,0.0012198631820218573
1970-01-01 21:39:00,0.06528782754896044,-0.09520245195839556,0.8023336750510457,0.0006346928212701333
1970-01-01 21:40:00,0.01832056105980656,-0.15038527351315387,0.8892537462057648,0.0
1970-01-01 21:41:00,-0.034993225218730634,-0.0791788693615879,0.8534041167358142,0.0
1970-01-01 21:42:00,-0.023360596659818433,0.19228322032308798,0.8369529409001446,0.0
1970-01-01 21:43:00,-0.019355659023146832,0.11134253821657852,0.8381098244311271,0.0
1970-01-01 21:44:00,-0.019129384386624832,0.1709821105414717,0.8448805423474636,0.0
1970-01-01 21:45:00,-0.009112401724621232,0.3045488206455815,0.7874809691740531,0.0
1970-01-01 21:46:00,-0.013921763014112234,0.31141747518892476,0.7774093910185013,0.0
1970-01-01 21:47:00,-0.004382274383164533,0.3207137659335371,0.7740359596417061,0.0
1970-01-01 21:48:00,0.0010428620939266,0.3263518835578256,0.7705977509097283,0.0
1970-01-01 21:49:00,0.0004320838211397347,0.3205506428732414,0.7700865619439528,0.0
1970-01-01 21:50:00,-0.006377078611049767,0.3024530300738146,0.7992621608799332,0.0
1970-01-01 21:51:00,0.0013486095748086336,0.306454307622696,0.7972861566208534,0.0
1970-01-01 21:52:00,-0.005740200914676701,0.30210461507897696,0.8004850981671857,0.0
1970-01-01 21:53:00,-0.007163385959167867,0.29789457149770016,0.8009983371104652,0.0
1970-01-01 21:54:00,-0.0128160711865182,0.27490448244115756,0.8075458250472421,0.0
1970-01-01 21:55:00,-0.011888197857377034,0.2677935793926531,0.8087445397229507,0.0
1970-01-01 21:56:00,-0.0087314218091609,0.26581670365869636,0.8086188722340787,0.0
1970-01-01 21:57:00,-0.010424957862271532,0.2613478920246179,0.8089972961473602,0.0
1970-01-01 21:58:00,-0.0103477943490603,0.2449124765073202,0.814906714081486,0.0
1970-01-01 21:59:00,-0.014006820060086198,-0.0490932011795028,0.8942761765857972,0.0
1970-01-01 22:00:00,-0.041051825165539534,-0.24372211257746101,0.9065931424829419,0.0
1970-01-01 22:01:00,0.026764376577820635,0.2265122012840842,0.7902953658837077,0.0
1970-01-01 22:02:00,0.028496912456107,0.2701960975121358,0.7668255553947484,0.0
1970-01-01 22:03:00,0.0299974202780266,0.29026888726212197,0.7568723972840158,0.0
1970-01-01 22:04:00,0.029393296263312663,0.2578778305203692,0.8066928410115096,0.0
1970-01-01 22:05:00,0.028735883436940297,0.2712879120778741,0.7886226567633027,0.0
1970-01-01 22:06:00,-0.008307574934252132,0.11035240654797251,0.8422935094163444,0.0
1970-01-01 22:07:00,-0.0146297571604515,-0.07992369870033321,0.8753209242199804,0.0
1970-01-01 22:08:00,0.005207701004621133,0.32069852171888696,0.7307123249259985,0.0
1970-01-01 22:09:00,0.0222302586946198,0.3245065713744233,0.7276446109490324,0.0
1970-01-01 22:10:00,0.03228182159977306,0.319970744977118,0.706962750525986,0.0
1970-01-01 22:11:00,0.030276525841582733,0.3201579200205284,0.6997822256681184,0.0
1970-01-01 22:12:00,0.0277662032507961,0.2993105298773036,0.6992473120806171,0.0
1970-01-01 22:13:00,0.0191609187016214,0.31155499693579336,0.6881200535287806,0.0
1970-01-01 22:14:00,0.024732458810331634,0.3181062280723182,0.6888724484560956,0.0
1970-01-01 22:15:00,0.022196335416365936,0.31391324705155665,0.6885220473485045,0.0
1970-01-01 22:16:00,0.023196116539552267,0.3173220477363436,0.687101253388156,0.0
1970-01-01 22:17:00,0.024548986432169833,0.3100744399511674,0.684698036718172,0.0
1970-01-01 22:18:00,-0.0068572801337972,-0.09595896852837264,0.8632538573493566,0.0
1970-01-01 22:19:00,-0.019738808913565834,0.298818096908178,0.7452486622228763,0.0
1970-01-01 22:20:00,-0.024419265727297596,0.35373168869419813,0.7246046441911581,0.0
1970-01-01 22:21:00,-0.05399869209039584,0.3742288504784896,0.7061244741118736,0.0
1970-01-01 22:22:00,-0.0456736329313042,0.3417115357706932,0.7098747145611807,0.0
1970-01-01 22:23:00,-0.015785472883252334,0.34212879881993113,0.7360020404625139,0.0
1970-01-01 22:24:00,-0.0211615957975142,0.35883014119279294,0.7323583118160636,0.0
1970-01-01 22:25:00,-0.018657962303847964,0.3710678778806968,0.7298290263644415,0.0
1970-01-01 22:26:00,-0.00023937411838293476,0.37124781939480256,0.7284987263402741,0.0
1970-01-01 22:27:00,0.001660010935399701,0.35665735239173424,0.729807105142737,0.0
1970-01-01 22:28:00,0.008025214408257866,0.08457090749997465,0.7466742426873023,0.0
1970-01-01 22:29:00,0.0020027475307158316,-0.018534095515370847,0.7200806484357333,0.016153188060599833
1970-01-01 22:30:00,-0.005313780927259502,0.02550543429151449,0.7410574977206813,0.002260355714089267
1970-01-01 22:31:00,-0.017133734067585966,-0.0008137521196881122,0.7285789752237882,0.008461329618246867
1970-01-01 22:32:00,-0.011982044297335232,0.051578501362659436,0.75131868912564,0.0024433649820611333
1970-01-01 22:33:00,-0.0388231115727225,0.13623846297410022,0.7572596109593306,0.0
1970-01-01 22:34:00,-0.020096337173050233,0.0704107557822173,0.7480844048067756,0.0005600378749693333
1970-01-01 22:35:00,-0.016284338181447533,-0.24588018523143593,0.8858249944454796,0.0
1970-01-01 22:36:00,-0.058001205924762635,0.3769372243360268,0.502409265070591,0.0
1970-01-01 22:37:00,-0.0625895831359452,0.3891075477191445,0.5030953886732691,0.0
1970-01-01 22:38:00,-0.0468401188967901,0.4924766692077278,0.4841819384430626,0.0
1970-01-01 22:39:00,-0.017152039498545133,0.5341386295967538,0.4749567930979655,0.0
1970-01-01 22:40:00,-0.014295317235447734,0.5370160199478978,0.47299624102780685,0.0
1970-01-01 22:41:00,-0.013761622843763532,0.5380050406819068,0.47236108644127567,0.0
1970-01-01 22:42:00,-0.013366966113655135,0.5388709120740361,0.4718630869534026,0.0
1970-01-01 22:43:00,-0.012691128408160631,0.5392932067104627,0.47166768155057665,0.0
1970-01-01 22:44:00,-0.011542514874043565,0.5390292127814621,0.4715510939148941,0.0
1970-01-01 22:45:00,-0.0125532852282136,0.5442273106334662,0.46961836158661646,0.0
1970-01-01 22:46:00,-0.013131414336483833,0.5453621975782454,0.46846656915542545,0.0
1970-01-01 22:47:00,-0.03839326062793864,0.5038587220767868,0.41772446270785624,0.0
1970-01-01 22:48:00,-0.03869850862326586,0.5032398062226081,0.416913163590719,0.0
1970-01-01 22:49:00,0.012164758430253468,0.23538688369198343,0.790745053157655,0.0
1970-01-01 22:50:00,0.013204646639394566,0.23662409318382974,0.7897266437854676,0.0
1970-01-01 22:51:00,0.012867674437937368,0.23624448434501946,0.7893083010384228,0.0
1970-01-01 22:52:00,0.010999411682023766,0.23635074347003152,0.7889440472338377,0.0
1970-01-01 22:53:00,0.011559847589214032,0.2374231890162053,0.7883920447007657,0.0
1970-01-01 22:54:00,0.012312102744876832,0.2386955900491418,0.7869888675180046,0.0
1970-01-01 22:55:00,0.0072072799953422995,0.21243888306064695,0.793897800513688,0.0
1970-01-01 22:56:00,0.011655707383005998,0.23426969385735866,0.7869242102195037,0.0
1970-01-01 22:57:00,0.013392441795731897,0.2337066342979648,0.7859577552750211,0.0
1970-01-01 22:58:00,-0.033729062440815936,0.14569371560489613,0.8020166654596648,0.0
1970-01-01 22:59:00,-0.010395793496334967,0.2460634900296287,0.7768881351002414,0.0
1970-01-01 23:00:00,0.031016863616765238,0.23205114904659982,0.6483551996352243,0.0
1970-01-01 23:01:00,0.024004987557228467,0.19053613043315928,0.6534783242653069,0.0
1970-01-01 23:02:00,0.018027248856607097,0.16792615471413455,0.6550938327623946,0.0
1970-01-01 23:03:00,0.028043603040065066,0.148024593283506,0.6527992360716702,0.0
1970-01-01 23:04:00,0.01667417972859066,0.2615461461121882,0.6139547500376776,0.0
1970-01-01 23:05:00,0.01769496072907928,0.27847501770321353,0.6032773122796982,0.0
1970-01-01 23:06:00,0.013763041340889329,0.2794458764491779,0.5978566393576963,0.0
1970-01-01 23:07:00,-0.5304642744639751,-0.0737282555774965,0.41822162053448547,0.014358263637404367
1970-01-01 23:08:00,-0.524722550585222,-0.15783499666845155,0.424961772512662,0.014567886749753166
1970-01-01 23:09:00,-0.5224405531577532,-0.35410310950055673,0.41670799740414827,0.015246369593883133
1970-01-01 23:10:00,0.035091152804253435,0.39830282810550627,0.3075904845807412,0.0
1970-01-01 23:11:00,0.34332101536098597,0.593655675300954,0.3052759197680965,0.0
1970-01-01 23:12:00,0.3175429073329275,0.6254943982771909,0.3043153989407554,0.0
1970-01-01 23:13:00,0.31008098059870387,0.6338267066612686,0.3021786890159855,0.0
1970-01-01 23:14:00,0.30840870631858325,0.6361545879101995,0.3001960174951655,0.0
1970-01-01 23:15:00,0.33595075016074144,0.5972705269537623,0.2980651238980779,0.0
1970-01-01 23:16:00,0.4419254738066663,0.45958569189730064,0.29237150477505996,0.0
1970-01-01 23:17:00,0.43412407539357806,0.26019149878093506,0.3631136707981159,0.0
1970-01-01 23:18:00,0.4109805608387478,-0.03705057051204311,0.4765161345945221,0.0
1970-01-01 23:19:00,0.4307381977689855,-0.14772923314414604,0.44088993816794025,0.010004578708674066
1970-01-01 23:20:00,0.4238565800720044,-0.09092677854581116,0.4576337241180308,0.0
1970-01-01 23:21:00,0.4131584890543199,-0.09868007578873535,0.44931844968439966,0.0
1970-01-01 23:22:00,0.40952156125342415,-0.07106933574572134,0.46319171112096064,0.0008152597606105
1970-01-01 23:23:00,0.4030042903152243,0.05250806965953283,0.49382968858453297,0.0
1970-01-01 23:24:00,0.39894657649859316,-0.01685572242769631,0.4674373112286192,0.0
1970-01-01 23:25:00,0.39219278326689877,-0.04824832794578874,0.4548623527616953,0.0
1970-01-01 23:26:00,0.3784475994765495,-0.0156104494344797,0.471109575175136,0.0
1970-01-01 23:27:00,0.28188906409545417,0.3066408599449197,0.2810705106297667,0.0
1970-01-01 23:28:00,0.1917709198287342,0.6016078945997543,0.052914715549811336,0.0
1970-01-01 23:29:00,0.19045053983641624,0.6085358969630739,0.054304890388621435,0.0
1970-01-01 23:30:00,0.20402247899754897,0.6219703393734021,0.0550621008291298,0.0
1970-01-01 23:31:00,0.209170694817063,0.6239730854363384,0.057373721216539,0.0
1970-01-01 23:32:00,0.20605954796706158,0.629254637890898,0.059046154750345636,0.0
1970-01-01 23:33:00,0.23024138060862276,0.639659322530123,0.06302887425224284,0.0
1970-01-01 23:34:00,0.28937416377327385,0.6577231788594619,0.0713069589996473,0.0
1970-01-01 23:35:00,0.2843226711036403,0.6593850971624993,0.0719188482754501,0.0
1970-01-01 23:36:00,0.28147649014091586,0.6611500783128186,0.07326066491851926,0.0
1970-01-01 23:37:00,0.08170176698711741,0.7771506457323785,0.053160190686199836,0.0
1970-01-01 23:38:00,-0.015930562585079935,0.8325412020932471,0.04512341826709223,0.0
1970-01-01 23:39:00,-0.016300612993638035,0.8318030234167756,0.0453062047046229,0.0
1970-01-01 23:40:00,-0.01597021937515133,0.8311224738498052,0.0453042175802028,0.0
1970-01-01 23:41:00,-0.015750434755478337,0.8304854450211301,0.04514926538911093,0.0
1970-01-01 23:42:00,0.4276908940105251,0.5629438147531854,0.07999194573525373,0.0
1970-01-01 23:43:00,-0.01634074757636093,0.8296090521318304,0.0452592534509896,0.0
1970-01-01 23:44:00,-0.01499982250003,0.8291750403735553,0.045326859194945335,0.0
1970-01-01 23:45:00,-0.012991017952055465,0.8286707408294959,0.046534305614456095,0.0
1970-01-01 23:46:00,0.3838122702981967,0.4688574922630828,0.0571047486964971,0.0
1970-01-01 23:47:00,0.3518096737101426,0.4997613861938612,0.05671218283935011,0.0
1970-01-01 23:48:00,0.3481520813770711,0.5012911580793137,0.05640072646948063,0.0
1970-01-01 23:49:00,0.34402313166231097,0.5143632365402223,0.05320554643847394,0.0
1970-01-01 23:50:00,0.6427693476042354,0.3681702615454092,0.0724756637452456,0.0
1970-01-01 23:51:00,0.945458860953786,0.13306651055634364,0.0934896930467151,0.0
1970-01-01 23:52:00,0.9474985129898205,0.135714116789599,0.09459319980495423,0.0
1970-01-01 23:53:00,0.9413831552576233,0.1579236074024328,0.0989894732591506,0.0
1970-01-01 23:54:00,0.9382703361333418,0.16696755159512053,0.10256161224309994,0.0
1970-01-01 23:55:00,0.9362332671638293,0.17205445635202923,0.1062022852627049,0.0
1970-01-01 23:56:00,0.9314437541774009,0.17932318185808846,0.11091665817424805,0.0
1970-01-01 23:57:00,0.9069302438496023,0.2336891476507643,0.1136220337925447,0.0
1970-01-01 23:58:00,0.92999529589245,0.18447946273696392,0.1104549926036908,0.0
1970-01-01 23:59:00,0.9315630828921039,0.18491029114453283,0.10927044888096311,0.0
1970-01-02 00:00:00,0.9224948172636616,0.2052244326811714,0.11395530501736151,0.0
1970-01-02 00:01:00,0.9184813589913722,0.2138967767237987,0.1150989603916207,0.0
1970-01-02 00:02:00,0.9168227018018182,0.2176625162110266,0.11515296086034994,0.0
1970-01-02 00:03:00,0.9159598082732759,0.22045908233390757,0.11516688523584824,0.0
1970-01-02 00:04:00,0.9074075587084137,0.2403758430633568,0.1171338773296749,0.0
1970-01-02 00:05:00,0.9076402437296762,0.24036623323000383,0.11630639230657364,0.0
1970-01-02 00:06:00,0.9062314720968376,0.2431876683461965,0.1163940578539816,0.0
1970-01-02 00:07:00,0.9044321049714279,0.2466081114262897,0.11662849502187612,0.0
1970-01-02 00:08:00,0.902276065631701,0.2508681221555864,0.11672390600315503,0.0
1970-01-02 00:09:00,0.8994539833358347,0.2566195551087745,0.11636120503054033,0.0
1970-01-02 00:10:00,0.8956237585453813,0.263748586816466,0.1168444388785621,0.0
1970-01-02 00:11:00,0.8923179111899087,0.2698778371680424,0.1174372546608438,0.0
1970-01-02 00:12:00,0.8908491765793114,0.27290324585437764,0.11763582205727242,0.0
1970-01-02 00:13:00,0.8537528773270714,0.3058635992867716,0.11756799874494954,0.0
1970-01-02 00:14:00,0.5171974059108017,0.5283903052677298,0.1276828246570404,0.0
1970-01-02 00:15:00,0.5165693474704535,0.5282913075443546,0.12601736781554074,0.0
1970-01-02 00:16:00,0.5163108616460118,0.5279395547639564,0.1242872061416475,0.0
1970-01-02 00:17:00,0.5148614627067786,0.5310301548858837,0.1227234262504009,0.0
1970-01-02 00:18:00,0.5105403208979673,0.5469334875306568,0.11697912820239238,0.0
1970-01-02 00:19:00,0.5102161385839498,0.5477914677999084,0.11556184434503403,0.0
1970-01-02 00:20:00,0.509313588265336,0.5484720173668788,0.11534575544277,0.0
1970-01-02 00:21:00,0.5092787094017792,0.5487986620290298,0.11485776409978633,0.0
1970-01-02 00:22:00,0.5076276968946488,0.5492938897708415,0.11520841178486034,0.0
1970-01-02 00:23:00,0.5083281409216935,0.5492898246469347,0.11476534105741643,0.0
1970-01-02 00:24:00,0.5087958999274759,0.5502821931300433,0.11556133668551062,0.0
1970-01-02 00:25:00,0.5065507522582511,0.5531397361115251,0.11711864754397362,0.0
1970-01-02 00:26:00,0.5058820814425287,0.5533049714420861,0.11679185985649825,0.0
1970-01-02 00:27:00,0.5064007253656918,0.5538769582882538,0.11713790959674623,0.0
1970-01-02 00:28:00,0.5052547396911576,0.5548346536556877,0.11666346551075775,0.0
1970-01-02 00:29:00,0.5054212504301926,0.5551780370633369,0.11671295506200792,0.0
1970-01-02 00:30:00,0.5127885742194266,0.5371076047982666,0.11057861494991154,0.0
1970-01-02 00:31:00,0.5242825931393467,0.5164742314724834,0.10363480447551472,0.0
1970-01-02 00:32:00,0.8307433872130283,0.29343253963160404,0.16236061778057712,0.0
1970-01-02 00:33:00,0.8284256244524878,0.29662936827148484,0.16232425555373906,0.0
1970-01-02 00:34:00,0.8260656447885615,0.2993787713297867,0.16227397780860245,0.0
1970-01-02 00:35:00,0.8239700826007349,0.3015806551056785,0.16217183896569587,0.0
1970-01-02 00:36:00,0.5199886705806485,0.5246066314103253,0.10447266025745063,0.0
1970-01-02 00:37:00,0.5172592800591661,0.5295923863194377,0.10461577672936895,0.0
1970-01-02 00:38:00,0.5395604760315077,0.517229642089633,0.1066186530992193,0.0
1970-01-02 00:39:00,0.8994375442824203,0.2567232456590126,0.1365564665481528,0.0
1970-01-02 00:40:00,0.8768498518914449,0.2965998096063349,0.14472257610925846,0.0
1970-01-02 00:41:00,0.6255857202602206,0.5186428379784169,0.09462282737343249,0.0
1970-01-02 00:42:00,0.6137776548506636,0.5316929603918558,0.09447757819449747,0.0
1970-01-02 00:43:00,0.6050865254182624,0.5400192824251615,0.09467229745986204,0.0
1970-01-02 00:44:00,0.5975356450801608,0.546677332256084,0.0957241544318358,0.0
1970-01-02 00:45:00,0.5987507452026132,0.5475256428647833,0.09592579771470493,0.0
1970-01-02 00:46:00,0.600985210598915,0.5474025247498348,0.09597340623764428,0.0
1970-01-02 00:47:00,0.6038671812678768,0.5464443657472408,0.09606978818867569,0.0
1970-01-02 00:48:00,0.6070280152521,0.5454500670988573,0.09619360425114887,0.0
1970-01-02 00:49:00,0.6104648583900675,0.5441454928810775,0.09602144833284643,0.0
1970-01-02 00:50:00,0.5148473897689587,0.6230673845786098,0.07755551666592377,0.0
1970-01-02 00:51:00,0.5003211418153266,0.6342398452453145,0.07613531770547893,0.0
1970-01-02 00:52:00,0.5036988989881876,0.632307824033735,0.0763981410051667,0.0
1970-01-02 00:53:00,0.5083239634297945,0.6299261195362503,0.07662298742426724,0.0
1970-01-02 00:54:00,0.5125733272714227,0.6277024956300611,0.0761866203634569,0.0
1970-01-02 00:55:00,0.5175848981832786,0.6249859861541948,0.07638458824145566,0.0
1970-01-02 00:56:00,0.5499784305816303,0.5922998218595837,0.0787805758455785,0.0
1970-01-02 00:57:00,0.6881564021299988,0.46693445660142946,0.0967705146984475,0.0
1970-01-02 00:58:00,0.6724877038168843,0.5003809269893974,0.10195264754773699,0.0
1970-01-02 00:59:00,0.6722394085396001,0.5070682168715632,0.1031162127030011,0.0
1970-01-02 01:00:00,0.8085496928794002,0.39382724610035047,0.11175924914166634,0.0
1970-01-02 01:01:00,0.808394796177117,0.39359318527968723,0.1110890408608307,0.0
1970-01-02 01:02:00,0.8086943781307884,0.3927058998788436,0.11035757004407105,0.0
1970-01-02 01:03:00,0.8097049646253868,0.39116184554794725,0.10970542900635066,0.0
1970-01-02 01:04:00,0.809567884649605,0.39172026883637967,0.1093299206872468,0.0
1970-01-02 01:05:00,0.8095522444658602,0.39236619100314823,0.108998367488484,0.0
1970-01-02 01:06:00,0.8421315266655363,0.3267101823833383,0.15147443326558832,0.0
1970-01-02 01:07:00,0.8492420816976699,0.20802341994402632,0.10982508866708703,0.0
1970-01-02 01:08:00,0.8631085352353686,0.0576705827320447,0.0500316300892178,0.0166753327525762
1970-01-02 01:09:00,0.8684838668055512,0.2105828488572464,0.1034703082853834,0.0
1970-01-02 01:10:00,0.8634491864648414,0.2577538143505975,0.11700726704454513,0.0
1970-01-02 01:11:00,0.8594425516688556,0.2729166368507762,0.12014278982927633,0.0
1970-01-02 01:12:00,0.8570308335365145,0.28201534065373673,0.12191260696422412,0.0
1970-01-02 01:13:00,0.8822223465677598,0.24110016743886678,0.11615956266785576,0.0
1970-01-02 01:14:00,0.9189076993466808,0.20125724538093412,0.10312743504329593,0.0
1970-01-02 01:15:00,0.8841458501964278,0.25811815108073644,0.10739982506923094,0.0
1970-01-02 01:16:00,0.8694047225551241,0.2782579705392579,0.10935963740694123,0.0
1970-01-02 01:17:00,0.8603265875222251,0.2936255736562371,0.11277979763414993,0.0
1970-01-02 01:18:00,0.8562997510556949,0.2995668718083621,0.11200628407066231,0.0
1970-01-02 01:19:00,0.854087571079421,0.302689365218587,0.1122861785227357,0.0
1970-01-02 01:20:00,0.851966201568966,0.3079771349214744,0.11289222246174073,0.0
1970-01-02 01:21:00,0.8506923764981248,0.3104224265138285,0.1133049786633603,0.0
1970-01-02 01:22:00,0.8503001087312736,0.311437990115699,0.11316116597266702,0.0
1970-01-02 01:23:00,0.8493982751016372,0.3125893766810408,0.11339133880056523,0.0
1970-01-02 01:24:00,0.9060456760674254,0.17968484912989738,0.1250067945037383,0.0
1970-01-02 01:25:00,0.9057621857608905,0.1802177789032359,0.1251146794047344,0.0
1970-01-02 01:26:00,0.8482608896948296,0.31452318003595653,0.113935419268603,0.0
1970-01-02 01:27:00,0.9270404768255992,0.18810413345744392,0.10875485536446566,0.0
1970-01-02 01:28:00,0.9284428579817244,0.2040311992520841,0.10955663831112633,0.0
1970-01-02 01:29:00,0.9302392389030628,0.19782149830495685,0.10597098107929746,0.0
1970-01-02 01:30:00,0.9331249870697365,0.19463980652784052,0.1002720822972365,0.0
1970-01-02 01:31:00,0.9294822958949824,0.20446855875945902,0.10039174489917484,0.0
1970-01-02 01:32:00,0.9277894765308489,0.2083835122065568,0.10058121793785624,0.0
1970-01-02 01:33:00,0.9269318387214728,0.21006719087874184,0.10103186004447733,0.0
1970-01-02 01:34:00,0.8930374669230122,0.2769346531451558,0.10872689057700663,0.0
1970-01-02 01:35:00,0.8862262937800809,0.2893672368014901,0.10989650910974696,0.0
1970-01-02 01:36:00,0.8846698842179403,0.2919442862334089,0.11012412913547054,0.0
1970-01-02 01:37:00,0.7945478614591628,0.3849535277124773,0.07775020527743064,0.0
1970-01-02 01:38:00,0.7937454695434775,0.38603675574669544,0.07721342004730296,0.0
1970-01-02 01:39:00,0.7928738175237436,0.38853906108907993,0.0776879674957858,0.0
1970-01-02 01:40:00,0.7909344156320536,0.39106813769278603,0.0773220287084439,0.0
1970-01-02 01:41:00,0.7168306775011167,0.44235457308752046,0.07127262829424234,0.0
1970-01-02 01:42:00,0.5712739096864271,0.5422540993709376,0.06147255388299033,0.0
1970-01-02 01:43:00,0.5700310178456524,0.5424409865656246,0.06002482232172566,0.0
1970-01-02 01:44:00,0.5681471576900897,0.5440220138317519,0.058948314079820596,0.0
1970-01-02 01:45:00,0.5642819358537414,0.5471946189949423,0.05801569649707753,0.0
1970-01-02 01:46:00,0.5620623504800009,0.5484923724472296,0.057535466034255134,0.0
1970-01-02 01:47:00,0.5602268829627312,0.5492740713452249,0.056027354235440134,0.0
1970-01-02 01:48:00,0.8092281080298492,0.32371372553054456,0.09946263309080007,0.0
1970-01-02 01:49:00,0.8072062304741591,0.3250697670211227,0.09901738733437787,0.0
1970-01-02 01:50:00,0.8050931378023335,0.326443483830029,0.09852398903368435,0.0
1970-01-02 01:51:00,0.8028843995295434,0.32770179012837414,0.09796083837385634,0.0
1970-01-02 01:52:00,0.8005149491502924,0.3289985676272264,0.09733179006102716,0.0
1970-01-02 01:53:00,0.7979113221741253,0.33043103731328644,0.09665721056066989,0.0
1970-01-02 01:54:00,0.7950573101625785,0.3320334721126681,0.09591366482315382,0.0
1970-01-02 01:55:00,0.7926266950695284,0.33616992313795985,0.09571181137097128,0.0
1970-01-02 01:56:00,0.7900028997803096,0.3407083357130038,0.0955234351155866,0.0
1970-01-02 01:57:00,0.786276994372066,0.3435538673881911,0.09469757604079032,0.0
1970-01-02 01:58:00,0.7779702752731694,0.35307130962476635,0.09381636286567081,0.0
1970-01-02 01:59:00,0.7686499505686294,0.3624810417453845,0.09276513472671698,0.0
1970-01-02 02:00:00,0.7954435685605059,0.3359338740437403,0.14411417291706555,0.0
1970-01-02 02:01:00,0.7990349199975584,0.33378101242092645,0.14269880579408126,0.0
1970-01-02 02:02:00,0.802138388433654,0.3320044177843399,0.14141196496410613,0.0
1970-01-02 02:03:00,0.8048725297525497,0.3304798785900373,0.14024015364724138,0.0
1970-01-02 02:04:00,0.80727869965779,0.3291950917767453,0.13918137230821911,0.0
1970-01-02 02:05:00,0.8094511275383794,0.32805993156329455,0.1382207313812878,0.0
1970-01-02 02:06:00,0.8113960335268683,0.3270589307826317,0.13735201743152897,0.0
1970-01-02 02:07:00,0.6680626329964253,0.4267137595538444,0.15214615564707487,0.0
1970-01-02 02:08:00,0.8745215880381131,0.16273618036876455,0.1768989492436451,0.0
1970-01-02 02:09:00,0.8868353355299546,0.17263397184536164,0.18649416993925486,0.0
1970-01-02 02:10:00,0.8883368772917654,0.17301196088305884,0.18577261542084256,0.0
1970-01-02 02:11:00,0.8904232426171884,0.1698321265527524,0.18543523356866387,0.0
1970-01-02 02:12:00,0.8910600463488122,0.17223479572750952,0.18545814976380662,0.0
1970-01-02 02:13:00,0.8915538738801313,0.17319747274574357,0.18570901618416538,0.0
1970-01-02 02:14:00,0.8924555163667289,0.17306811388762752,0.1856455690080895,0.0
1970-01-02 02:15:00,0.893128950989032,0.17303170305087257,0.18556962972166577,0.0
1970-01-02 02:16:00,0.8938051765318725,0.17337980730048477,0.1852960235019403,0.0
1970-01-02 02:17:00,0.8943566908272119,0.1737403819009801,0.18535846688228638,0.0
1970-01-02 02:18:00,0.8950126782977211,0.1733944530206157,0.18548498990031356,0.0
1970-01-02 02:19:00,0.8958437628653559,0.17277339400934788,0.18527611663975088,0.0
1970-01-02 02:20:00,0.8788494141378177,0.24879428126020797,0.1301648445896099,0.0
1970-01-02 02:21:00,0.6260906513130865,0.6102610937022179,0.13866905539328334,0.0
1970-01-02 02:22:00,0.6162373723582903,0.619679836340981,0.139251761498771,0.0
1970-01-02 02:23:00,0.6133233149770174,0.6218852856228393,0.1393952405846346,0.0
1970-01-02 02:24:00,0.6117174538754502,0.6233138179886444,0.1388700885645399,0.0
1970-01-02 02:25:00,0.6291906148288396,0.5903212125805494,0.136000434324479,0.0
1970-01-02 02:26:00,0.8090734861104004,0.2701002233582331,0.10500402022828832,0.0007014888219839
1970-01-02 02:27:00,0.9003113523868441,0.16202274683124482,0.1034436344035695,0.0
1970-01-02 02:28:00,0.9487030879882402,0.12501551771379535,0.10624823570184923,0.0
1970-01-02 02:29:00,0.8718175007899108,0.2710619838495736,0.11567096213344401,0.0
1970-01-02 02:30:00,0.8662130377813106,0.2816717181211518,0.11661610812950583,0.0
1970-01-02 02:31:00,0.8645555302803243,0.2861211157995141,0.11455963741854486,0.0
1970-01-02 02:32:00,0.8627845918176766,0.289874659915022,0.11450408496212983,0.0
1970-01-02 02:33:00,0.861708602766582,0.2920705441994525,0.11451731311885323,0.0
1970-01-02 02:34:00,0.8603858338110065,0.2947595041012736,0.11484614594897995,0.0
1970-01-02 02:35:00,0.8599500869128723,0.29601395351389725,0.1151543532978998,0.0
1970-01-02 02:36:00,0.8589397943513536,0.29747978936966984,0.11561060866839364,0.0
1970-01-02 02:37:00,0.8690629216370839,0.27780974579261764,0.11651525793904789,0.0
1970-01-02 02:38:00,0.9722199527071278,0.0474698866082707,0.1047965760424795,0.0
1970-01-02 02:39:00,0.9712365957063355,0.0546553518007847,0.1050615017908922,0.0
1970-01-02 02:40:00,0.970920296971067,0.0550692770644621,0.10558095351976733,0.0
1970-01-02 02:41:00,0.9701294008226921,0.057561198019275506,0.10680647261831022,0.0
1970-01-02 02:42:00,0.9699436887914766,0.058408178541485396,0.1068860591270176,0.0
1970-01-02 02:43:00,0.9137023231091422,0.14934829581121523,0.15614453693535682,0.0
1970-01-02 02:44:00,0.9129136898651692,0.15149926217260007,0.15521371422585525,0.0
1970-01-02 02:45:00,0.9121817382392523,0.15305333524344486,0.1541237465440455,0.0
1970-01-02 02:46:00,0.9117765849062947,0.15401933169891222,0.15282965121715986,0.0
1970-01-02 02:47:00,0.9108929137256269,0.15536026301182213,0.15206498330134333,0.0
1970-01-02 02:48:00,0.9102001876129967,0.1565658432252276,0.15100565608380373,0.0
1970-01-02 02:49:00,0.9096010687551314,0.15749902158695564,0.14989498484111546,0.0
1970-01-02 02:50:00,0.909030518150071,0.15855222217901496,0.14863361986108473,0.0
1970-01-02 02:51:00,0.909641206689122,0.15711842244922253,0.14823107267302174,0.0
1970-01-02 02:52:00,0.9261517110207209,0.06952715247103783,0.131818023933475,0.0
1970-01-02 02:53:00,0.9397688120922408,0.03936194603181314,0.1223589523450108,0.0053754639237952005
1970-01-02 02:54:00,0.9464014714896879,0.031320700164933095,0.12172603229433054,0.005014423015970167
1970-01-02 02:55:00,0.9535200508673832,0.020453021446868527,0.12098214830965404,0.0049758818302179
1970-01-02 02:56:00,0.9078044293495386,0.1684454147592005,0.11066026632264257,0.0
1970-01-02 02:57:00,0.9618020120096741,0.009489589835746432,0.12059505382749373,0.004919206839718633
1970-01-02 02:58:00,0.9619699508942912,0.009920370473118325,0.12087282072884224,0.0047793813197200335
1970-01-02 02:59:00,0.9615636427414201,0.015919501143723227,0.12130054882020584,0.0039937245715216335
1970-01-02 03:00:00,0.9311168676159628,-0.04311038256178914,0.09154673872980802,0.0040337693653598
1970-01-02 03:01:00,0.9268552340115163,-0.033793762900530065,0.09027224299948426,0.003417972661152867
1970-01-02 03:02:00,0.9223513691426112,-0.026825978162984487,0.08976160417374084,0.0031586131323066667
1970-01-02 03:03:00,0.9180886117267839,-0.021597937054204968,0.08890704097142156,0.003093421406225767
1970-01-02 03:04:00,0.9136301430009081,-0.02517003733438966,0.08769000800534621,0.0037300761704285664
1970-01-02 03:05:00,0.9100997347934615,-0.043691556964386334,0.08289186311042566,0.007753755389100867
1970-01-02 03:06:00,0.906395483966426,-0.0392929726823438,0.08166190858256896,0.007737358416594933
1970-01-02 03:07:00,0.9065916513001415,-0.03777466111340683,0.08171000278296063,0.0075208954571971
1970-01-02 03:08:00,0.9081092618799174,-0.03942405365001153,0.08172610168078354,0.007590856369578167
1970-01-02 03:09:00,0.9095669226886737,-0.039803288206902036,0.08183451819257491,0.0075331718532909335
1970-01-02 03:10:00,0.8624955793327519,0.10727508826969347,0.10752508606257967,0.0
1970-01-02 03:11:00,0.8464869414597448,0.1649265022946522,0.11813643854981397,0.0
1970-01-02 03:12:00,0.8471420009602243,0.16484904028946468,0.11853154147768856,0.0
1970-01-02 03:13:00,0.5808680994378245,0.38583835116087445,0.0526641783227469,0.0
1970-01-02 03:14:00,0.761171234149408,0.15357256479918105,0.05734884589989361,0.006889038928363033
1970-01-02 03:15:00,0.9921526857131063,-0.0879977073179416,0.08410444639250324,0.0066107388960506335
1970-01-02 03:16:00,0.9923034292946428,-0.0856819915501139,0.0842469826821091,0.0063304618788346005
1970-01-02 03:17:00,0.992276672906161,-0.0844410676416651,0.08504666246788724,0.006181033877101633
1970-01-02 03:18:00,0.9923232576896787,-0.08586223197038934,0.0843843263400188,0.006337685294045767
1970-01-02 03:19:00,0.9869007888882247,-0.0610912201011482,0.08585568318889543,0.006451615390481933
1970-01-02 03:20:00,0.986640869685829,-0.056417702576811536,0.086032653298744,0.006166416001735533
1970-01-02 03:21:00,0.9862171721211238,-0.05228179768913723,0.08621564280008394,0.0059629918609271
1970-01-02 03:22:00,0.9000842067741347,0.062386171299754135,0.07892660934523434,0.005860466989541433
1970-01-02 03:23:00,0.6292020370594136,0.3234681265052691,0.0501699020388273,0.005843668826055467
1970-01-02 03:24:00,0.6268749479504631,0.3235742979767149,0.05009415923793973,0.005917979714788634
1970-01-02 03:25:00,0.6225793531174847,0.3233406430239299,0.0553087943483744,0.006000786517163167
1970-01-02 03:26:00,0.6334503304198971,0.31905235577098806,0.0785482144410684,0.005992041709900034
1970-01-02 03:27:00,0.4357254197865868,0.5595535638865222,0.05576696870110693,0.0
1970-01-02 03:28:00,0.4273534228946838,0.5635677732618741,0.0558354094317188,0.0
1970-01-02 03:29:00,0.41922499076170916,0.5674858406368603,0.05581866889731443,0.0
1970-01-02 03:30:00,0.41891283289608666,0.5675330279575027,0.05561490886918954,0.0
1970-01-02 03:31:00,0.4083189559719464,0.5714974325024934,0.050452617560906195,0.0
1970-01-02 03:32:00,0.388965556948984,0.5784124151785007,0.0328212009601807,0.0
1970-01-02 03:33:00,0.3874492411104909,0.5801454610537388,0.03286963959354347,0.0
1970-01-02 03:34:00,0.3852997784143062,0.5819836479399317,0.03276343009749593,0.0
1970-01-02 03:35:00,0.383214277325911,0.5839309359261988,0.03333360861185163,0.0
1970-01-02 03:36:00,0.3808721197314427,0.5862634576511102,0.0335912907480295,0.0
1970-01-02 03:37:00,0.5737607643256538,0.3827385095078684,0.06259390742536193,0.0
1970-01-02 03:38:00,0.6447645798066991,0.31197630324426967,0.07425302900681564,0.0
1970-01-02 03:39:00,0.6390225171130525,0.3306087146376501,0.07662334513728318,0.0
1970-01-02 03:40:00,0.6354449325705723,0.33801568301139523,0.0764823883748696,0.0
1970-01-02 03:41:00,0.6330252436084626,0.34084426431290044,0.07588550792574894,0.0
1970-01-02 03:42:00,0.6308182698792065,0.34223286773384537,0.07562101450887244,0.0
1970-01-02 03:43:00,0.48339435018456384,0.5071633085289028,0.05120390542489844,0.0
1970-01-02 03:44:00,0.40695387955045215,0.5851329083331317,0.03611712739086173,0.0
1970-01-02 03:45:00,0.40265468807478316,0.588146320285191,0.0367395953127825,0.0
1970-01-02 03:46:00,0.37878891742698245,0.6004303061630117,0.04967729183203887,0.0
1970-01-02 03:47:00,0.3653259592757263,0.6108121503445952,0.05070934012346876,0.0
1970-01-02 03:48:00,0.35423502708727495,0.6210821812763166,0.0499720603307513,0.0
1970-01-02 03:49:00,0.3420713408451242,0.6318996155850289,0.0494405940694482,0.0
1970-01-02 03:50:00,0.33026687335641175,0.6425937088078653,0.0483064066992391,0.0
1970-01-02 03:51:00,-0.37998491226365205,0.3698729506499816,0.010061521662136433,0.0034179911440883333
1970-01-02 03:52:00,-0.37907495615894077,0.36906515672660783,0.010196573599912,0.0034640826218693
1970-01-02 03:53:00,-0.17813241817884454,0.3628039542464565,0.05550256073616774,0.0
1970-01-02 03:54:00,-0.17421610112500577,0.501194387206902,0.08444511494180351,0.0
1970-01-02 03:55:00,-0.1742029618270906,0.5164292759845739,0.08624620390339115,0.0
1970-01-02 03:56:00,-0.20605166438831235,0.5489387892413434,0.07688400499154043,0.0
1970-01-02 03:57:00,-0.20424489147680505,0.5560023007166562,0.0776362258641619,0.0
1970-01-02 03:58:00,-0.20206137905961905,0.5615973459619038,0.0785006830051227,0.0
1970-01-02 03:59:00,-0.19918554509046316,0.5667643575722683,0.07996304702815672,0.0
1970-01-02 04:00:00,-0.19790123844333052,0.5703598401052857,0.0806068028174697,0.0
1970-01-02 04:01:00,-0.3266088735842347,0.18771527147608844,0.377421938427978,0.0
1970-01-02 04:02:00,-0.3803064667180868,-0.16555692370887512,0.4368776873863405,0.017538825742970634
1970-01-02 04:03:00,-0.3752213195285658,-0.17571378524287573,0.42670636622157687,0.0192739984859155
1970-01-02 04:04:00,-0.37374709030247666,-0.18018576528235206,0.4215415397626643,0.019956129314247836
1970-01-02 04:05:00,-0.4236403639661969,-0.044688953278060335,0.48546865227100905,0.0
1970-01-02 04:06:00,-0.5334321432426191,-0.18371829817604937,0.4611765058769713,0.0069116487983398
1970-01-02 04:07:00,-0.533379406878714,-0.19544375950693482,0.45987627380114543,0.0068652133771283
1970-01-02 04:08:00,-0.5270384563599242,-0.19964301755725813,0.4593209668053622,0.006971157248255567
1970-01-02 04:09:00,-0.5310019853001356,-0.3020333409028331,0.426073111732119,0.007237587390300767
1970-01-02 04:10:00,-0.529721172511767,-0.3993117260997945,0.375955513128757,0.008726678271297568
1970-01-02 04:11:00,-0.5296854724420905,-0.2556263496883909,0.4475187531603619,0.0073993306482544
1970-01-02 04:12:00,-0.5243583531366441,-0.23421360841596375,0.4527160698287705,0.007445809872385567
1970-01-02 04:13:00,-0.5321315319212553,-0.3179679690235645,0.418477669493518,0.0075033798615535665
1970-01-02 04:14:00,-0.498547367001757,-0.2695430473127695,0.4401362088213066,0.0075494164847578
1970-01-02 04:15:00,-0.5540841930853752,-0.2314616241482803,0.4299994810269216,0.007698587459959
1970-01-02 04:16:00,-0.5744592426384455,-0.2727786318722668,0.4185574735705926,0.007939997234090166
1970-01-02 04:17:00,-0.57669604386729,-0.1631506094810382,0.43889121010162385,0.007994889185045767
1970-01-02 04:18:00,-0.5518736107282798,-0.2118824480467898,0.4471692223262393,0.0080359192932732
1970-01-02 04:19:00,-0.5383812688366766,-0.2633307458819667,0.4278401875056405,0.007503956038706534
1970-01-02 04:20:00,-0.5348773764271726,-0.31200884111842225,0.3864334896547547,0.0067038470648683
1970-01-02 04:21:00,-0.5470359899942573,-0.2292284961551161,0.4187849050370645,0.006549785859638967
1970-01-02 04:22:00,-0.5913408365652422,-0.1189560470075146,0.43234685514933413,0.0065958316426104335
1970-01-02 04:23:00,-0.5852400515089146,-0.12040179636868935,0.43356570215128415,0.006676199392154667
1970-01-02 04:24:00,-0.486300257277009,0.0734716446308854,0.47348796004214794,0.0
1970-01-02 04:25:00,-0.3898935853039771,0.2596993049367451,0.5105302219432318,0.0
1970-01-02 04:26:00,-0.2155399246884111,0.3344081222036506,0.5100129604025861,0.0
1970-01-02 04:27:00,-0.18068171073276615,0.273383722576719,0.49703394846872917,0.0
1970-01-02 04:28:00,-0.2560598621157298,0.50929594002804,0.4685176106943613,0.0
1970-01-02 04:29:00,-0.23897846127449943,0.5078745515196886,0.47442047256835657,0.0
1970-01-02 04:30:00,-0.24688261496969285,0.49696588118788226,0.47481782492958113,0.0
1970-01-02 04:31:00,-0.2395785987067777,0.5151822992261905,0.4706333470285368,0.0
1970-01-02 04:32:00,-0.238741774739781,0.49428013452738456,0.4775200965725062,0.0
1970-01-02 04:33:00,-0.24646926460209592,0.4967127375528387,0.4754904302843795,0.0
1970-01-02 04:34:00,-0.2637026035064916,0.4951129319518464,0.4699565933702045,0.0
1970-01-02 04:35:00,-0.25318932865880106,0.5030630589074594,0.46997927849862037,0.0
1970-01-02 04:36:00,-0.24406271260279885,0.5026803095572725,0.47311490281525637,0.0
1970-01-02 04:37:00,-0.2635842154460713,0.5011106486434854,0.4676576354617641,0.0
1970-01-02 04:38:00,-0.2500835420451083,0.503505723999345,0.46945255998628216,0.0
1970-01-02 04:39:00,-0.2621646935978493,0.09742993173201393,0.7628752314312282,0.0
1970-01-02 04:40:00,-0.2593996501904001,0.1166219763829408,0.7598268973585179,0.0
1970-01-02 04:41:00,-0.2550225132895283,0.11481236885878933,0.7675222412487165,0.0
1970-01-02 04:42:00,-0.27303667567183715,0.11882575031263953,0.763532104212592,0.0
1970-01-02 04:43:00,-0.25395912889427885,0.124431595737099,0.7693309997372486,0.0
1970-01-02 04:44:00,-0.25269153869580085,0.14025411823921394,0.7692247984198787,0.0
1970-01-02 04:45:00,-0.2568326218590282,0.140529417673401,0.7713262588296693,0.0
1970-01-02 04:46:00,-0.2614394432460937,0.16388450941235286,0.7647220018952666,0.0
1970-01-02 04:47:00,-0.25799234952121375,0.15235109714069114,0.7738133154335141,0.0
1970-01-02 04:48:00,-0.2556466173712769,0.17090636629472947,0.77100977819976,0.0
1970-01-02 04:49:00,-0.2501527349406569,0.15961597934405244,0.7796151294716444,0.0
1970-01-02 04:50:00,-0.2537010801192851,0.18401612309903212,0.7748092944016914,0.0
1970-01-02 04:51:00,-0.24999294788094484,0.19156817222423506,0.7798464526419501,0.0
1970-01-02 04:52:00,-0.24413922040846345,0.19807602573731573,0.7840646444562349,0.0
1970-01-02 04:53:00,-0.24090415344863028,0.20386870931092638,0.7865390333228799,0.0
1970-01-02 04:54:00,-0.23743830484366665,0.2135088474892393,0.7879711524590854,0.0
1970-01-02 04:55:00,-0.24410942120205673,0.21983882218201523,0.7867454572165501,0.0
1970-01-02 04:56:00,-0.2373184131828476,0.22648968143513637,0.7883920834716432,0.0
1970-01-02 04:57:00,-0.2152730341473644,0.22604937571580774,0.7971580013024119,0.0
1970-01-02 04:58:00,-0.22866431850831384,0.2226633111329265,0.7991111495715765,0.0
1970-01-02 04:59:00,-0.2360830486338749,0.22960386547434752,0.7970195876502114,0.0
1970-01-02 05:00:00,-0.08824274549577116,0.04154177632491063,0.8695433014045314,0.0
1970-01-02 05:01:00,-0.09787484418186226,0.11431202218130071,0.8593566271068389,0.0
1970-01-02 05:02:00,-0.07417316465034612,0.25528998000833764,0.8531863189329209,0.0
1970-01-02 05:03:00,-0.07249610728039907,0.25939360070309214,0.8517421731257389,0.0
1970-01-02 05:04:00,-0.0730233460342223,0.26893771065124067,0.8477176949125207,0.0
1970-01-02 05:05:00,-0.07987485600015197,0.2546027781688245,0.8537747065762605,0.0
1970-01-02 05:06:00,-0.08364175365517863,0.2663389693485431,0.8482906707782064,0.0
1970-01-02 05:07:00,-0.07605645296876486,0.26679755665052163,0.8490925590600059,0.0
1970-01-02 05:08:00,-0.08086461198536156,0.26293570842250436,0.850140224275488,0.0
1970-01-02 05:09:00,-0.08008937455954476,0.2634391048483971,0.8505214190303994,0.0
1970-01-02 05:10:00,-0.07224499086777614,0.2631851260865265,0.8518402973402841,0.0
1970-01-02 05:11:00,-0.07405823638527957,0.2690206667921741,0.8486333567802041,0.0
1970-01-02 05:12:00,-0.07914038956625306,0.2675709528031205,0.8496673691233009,0.0
1970-01-02 05:13:00,-0.07737324291987692,0.2674532099555474,0.848938138332568,0.0
1970-01-02 05:14:00,-0.07005425496591174,0.2683892361755682,0.8505305575464671,0.0
1970-01-02 05:15:00,-0.0717501700763532,0.2683280134437798,0.8502851743423484,0.0
1970-01-02 05:16:00,-0.07816039199825107,0.272091551947456,0.8468769003073119,0.0
1970-01-02 05:17:00,-0.0750221377925445,0.2654580507124021,0.8517259232809392,0.0
1970-01-02 05:18:00,-0.0780364072731694,0.2612610075246005,0.8523495899945631,0.0
1970-01-02 05:19:00,-0.0759885195503913,0.26462265700555687,0.851806402561296,0.0
1970-01-02 05:20:00,-0.06554218479989034,0.26707525150470507,0.8518563725338373,0.0
1970-01-02 05:21:00,-0.07879953688820153,0.27332884187112616,0.8478283237145688,0.0
1970-01-02 05:22:00,-0.07835661367359886,0.26844024550141105,0.8493499844540423,0.0
1970-01-02 05:23:00,-0.07769724594434707,0.26291533383686044,0.8525807714209535,0.0
1970-01-02 05:24:00,-0.06823051647389024,0.26703077329340147,0.8517569793266423,0.0
1970-01-02 05:25:00,-0.07781745457541643,0.26664549716384806,0.8505572861081618,0.0
1970-01-02 05:26:00,-0.0778446223528014,0.272085485070837,0.848422032861471,0.0
1970-01-02 05:27:00,-0.06502697095307954,0.2656489078704008,0.8531940013773016,0.0
1970-01-02 05:28:00,-0.06327043597715903,0.27192872375833016,0.8496461033185604,0.0
1970-01-02 05:29:00,-0.0604565618325178,0.27230579928320525,0.8471578319419045,0.0
1970-01-02 05:30:00,-0.06044404963745759,0.27386586032717825,0.8463476847002397,0.0
1970-01-02 05:31:00,-0.06712996381173436,0.28374260864657724,0.8435392506136884,0.0
1970-01-02 05:32:00,-0.06610746699942703,0.2869771404316224,0.8447480951519127,0.0
1970-01-02 05:33:00,-0.07222931602713344,0.2879174383436623,0.842740317765641,0.0
1970-01-02 05:34:00,-0.06563576444590656,0.28579247966876536,0.8443954289171692,0.0
1970-01-02 05:35:00,-0.061557281484476666,0.28133716126712005,0.8468495752514112,0.0
1970-01-02 05:36:00,-0.060575258507632034,0.29488429202933053,0.8403589072828916,0.0
1970-01-02 05:37:00,-0.06478120254766294,0.28103102304433625,0.8466165899965942,0.0
1970-01-02 05:38:00,-0.06322531630495727,0.28576297825607727,0.844243919390233,0.0
1970-01-02 05:39:00,-0.05719168800522576,0.2883438011134131,0.8440972522854069,0.0
1970-01-02 05:40:00,-0.063273249548201,0.28260001137026564,0.8453677659120618,0.0
1970-01-02 05:41:00,-0.058255638515506136,0.28432721819794105,0.8454338981467151,0.0
1970-01-02 05:42:00,-0.06424859478910737,0.28600311884849683,0.8433449132416069,0.0
1970-01-02 05:43:00,-0.05328599956581793,0.2853461092948997,0.8450514962933419,0.0
1970-01-02 05:44:00,-0.057532757578218,0.27787252184423045,0.8481790072548935,0.0
1970-01-02 05:45:00,-0.0475754348628605,0.285183302168732,0.8450907384799895,0.0
1970-01-02 05:46:00,-0.047788235517323564,0.29235185904152133,0.8423938104749878,0.0
1970-01-02 05:47:00,-0.06590615392603798,0.29151647848964884,0.8408401343502488,0.0
1970-01-02 05:48:00,-0.0548435329681142,0.28690581481879157,0.8438945052294521,0.0
1970-01-02 05:49:00,-0.06248493122696123,0.29110189657090296,0.841394143836585,0.0
1970-01-02 05:50:00,-0.05203299264557496,0.29196300600384745,0.8406622430840782,0.0
1970-01-02 05:51:00,-0.05728484895220537,0.29035301521469314,0.8420280862111871,0.0
1970-01-02 05:52:00,-0.06771058878620066,0.29596980477683205,0.8375027105346735,0.0
1970-01-02 05:53:00,-0.04922216958017644,0.2883610200763288,0.8433493467149439,0.0
1970-01-02 05:54:00,-0.05704938303719626,0.28997270091425026,0.8396375153128469,0.0
1970-01-02 05:55:00,-0.053290486816268696,0.2761468230699594,0.847720085616669,0.0
1970-01-02 05:56:00,-0.049611368345640734,0.27005729283821817,0.850677737883995,0.0
1970-01-02 05:57:00,-0.057254727556956035,0.26175663099984764,0.8524939525271934,0.0
1970-01-02 05:58:00,-0.04836133211324234,0.2783963468388628,0.8455990749286196,0.0
1970-01-02 05:59:00,0.09378521779771891,0.5226635021829177,0.4991940977589211,0.0
1970-01-02 06:00:00,0.08743939976629252,0.517254929551582,0.5021669954414786,0.0
1970-01-02 06:01:00,0.04895617296399766,0.3681026639151517,0.6170897544648147,0.0
1970-01-02 06:02:00,-0.02385812812019503,-0.05606831115515313,0.8636500058322828,0.0
1970-01-02 06:03:00,-0.0236039573606371,-0.16392869213115283,0.8241546170777884,0.012343585294182733
1970-01-02 06:04:00,-0.0015366558222068664,-0.16326087596700775,0.8182423852594471,0.012784079997907434
1970-01-02 06:05:00,-0.02112660246280133,-0.17002066888337872,0.8255450675031968,0.012434117032464132
1970-01-02 06:06:00,-0.0183915829466438,-0.1702111318946549,0.8254786221238658,0.012337055354552234
1970-01-02 06:07:00,-0.01852688785313,-0.150356050453305,0.815465647216722,0.012086945187817067
1970-01-02 06:08:00,-0.01990001914037363,-0.01881022503485753,0.87605321583017,0.0
1970-01-02 06:09:00,-0.0388966518249935,-0.0181437240578588,0.8786582199084165,0.0
1970-01-02 06:10:00,-0.0346196610433816,-0.030444475148086153,0.8795995947194474,0.0
1970-01-02 06:11:00,-0.028021583423003035,-0.041042596914975034,0.8904682950237501,0.0
1970-01-02 06:12:00,-0.0479387732367886,-0.1758466340899593,0.8238622922196711,0.0040246425431583336
1970-01-02 06:13:00,-0.006112401390166365,-0.4314323873387475,0.5739416684122901,0.04443717722615514
1970-01-02 06:14:00,-0.002853158726238566,-0.3619521962073023,0.614264822611337,0.014938389465594034
1970-01-02 06:15:00,-0.0316393995178403,-0.24604861885801174,0.6516007631292671,0.0
1970-01-02 06:16:00,-0.02902456973855967,-0.40274465847600793,0.46921768768165334,0.05310433886641044
1970-01-02 06:17:00,-0.020346680614389736,-0.3832196890083765,0.4603850211663561,0.05301206556973267
1970-01-02 06:18:00,0.007157383688983866,-0.2837858316411159,0.6120122067651018,0.0
1970-01-02 06:19:00,0.014520815458911165,-0.42497297519575766,0.5638308409233025,0.04954396943156897
1970-01-02 06:20:00,0.004836495930488666,-0.4142163285418156,0.5556915502895888,0.049416246384712
1970-01-02 06:21:00,0.019935997922430136,-0.3893784314353544,0.575331543490239,0.04931506464356936
1970-01-02 06:22:00,0.004901137294626201,-0.30046989723737405,0.7059765904752883,0.0
1970-01-02 06:23:00,-0.025878663473164268,-0.21722712948437117,0.864094913803716,0.0
1970-01-02 06:24:00,-0.07203011891797223,-0.15396376821219848,0.8948965123490984,0.0
1970-01-02 06:25:00,-0.027267367814641497,-0.19181393763679863,0.8712335640031842,0.003160393555772533
1970-01-02 06:26:00,-0.023044566682916365,-0.17297578480216047,0.878289857323403,0.0030413283476941333
1970-01-02 06:27:00,-0.05381419444883614,-0.10376188917722173,0.9053608159119332,0.0
1970-01-02 06:28:00,-0.03834451264616013,-0.07905050908881796,0.917474045955216,0.0
1970-01-02 06:29:00,-0.04738586262190337,-0.09299624544757436,0.9054116302127966,0.0
1970-01-02 06:30:00,-0.12028821193314858,0.05446366327421317,0.8977644018679589,0.0
1970-01-02 06:31:00,-0.10881932689749813,0.03314125144624253,0.9113455028313912,0.0
1970-01-02 06:32:00,-0.12233273645882665,-0.004902619139804563,0.8832652977709811,0.0
1970-01-02 06:33:00,-0.07358734470922597,-0.06124027464439424,0.8994608549495,0.0
1970-01-02 06:34:00,-0.0722328423583826,0.025731108449570866,0.8942267208785152,0.0
1970-01-02 06:35:00,-0.06776373911482826,0.0203710731984105,0.9057059470301865,0.0
1970-01-02 06:36:00,-0.0446226085462485,0.016894505503203327,0.8997353005226891,0.0
1970-01-02 06:37:00,-0.0541873704176559,0.001675847330541334,0.9010373456682413,0.0
1970-01-02 06:38:00,-0.0478546269830565,0.016825079563541668,0.895331378331674,0.0
1970-01-02 06:39:00,-0.03270658922093727,0.0368593452900344,0.893965580819691,0.0
1970-01-02 06:40:00,-0.050834062325471295,0.010445455440760032,0.895588776214583,0.0
1970-01-02 06:41:00,-0.09793304032221191,-0.030889282400853896,0.8947702743476191,0.0
1970-01-02 06:42:00,-0.11718482921373341,-0.21960715989636018,0.9002663704023707,0.0
1970-01-02 06:43:00,-0.1104084752102777,-0.3038995864816472,0.8466443836045934,0.0027184040776406
1970-01-02 06:44:00,-0.17786449594953666,-0.08155018167696329,0.8817922342191352,0.0
1970-01-02 06:45:00,-0.17419904989975668,-0.007174266174692634,0.8984121464106698,0.0
1970-01-02 06:46:00,-0.135668964578571,-0.32566317385242477,0.5919325997566194,0.0
1970-01-02 06:47:00,-0.072473719532815,-0.44402546368108503,0.5811968869080305,0.028528448805561366
1970-01-02 06:48:00,-0.18395676037024664,-0.34931588806930014,0.5513230578984526,0.0023048792443067
1970-01-02 06:49:00,-0.2318397562919838,-0.3093188948262415,0.7817037167706987,0.0019614911510821
1970-01-02 06:50:00,-0.21653984019078065,-0.27200892855844033,0.8366023270590389,0.0084312218853594
1970-01-02 06:51:00,-0.2675385817167896,-0.26962017008629874,0.8152432923454835,0.009250923655256033
1970-01-02 06:52:00,-0.2518160978314217,-0.27948249944430353,0.8195670430106263,0.0063849134780261
1970-01-02 06:53:00,-0.27816973697020825,-0.31434096683496165,0.7450320076428577,0.004899712258334133
1970-01-02 06:54:00,-0.3925683979690436,-0.3355407474250798,0.5723386246830501,0.0319266645970235
1970-01-02 06:55:00,-0.33351142457175803,-0.3673853339440106,0.5718612313369734,0.024942579842720664
1970-01-02 06:56:00,-0.32548620020948665,-0.23354613101214441,0.608040201296574,0.015389764468737568
1970-01-02 06:57:00,-0.3334102121617564,-0.20594477662285615,0.6159528147008219,0.013888988925072565
1970-01-02 06:58:00,0.021825896801278537,-0.13694746342664812,0.9154616062469159,0.0
1970-01-02 06:59:00,0.0485290412646101,-0.20473338962573442,0.8677397834753808,0.0
1970-01-02 07:00:00,0.05859084684972913,-0.1421624494772352,0.8989385941712622,0.0
1970-01-02 07:01:00,0.0052831922435523,-0.10464702009021304,0.9198736461554523,0.0
1970-01-02 07:02:00,0.032145949314513235,-0.15072509495561526,0.8955348966171689,0.0
1970-01-02 07:03:00,0.0388734788813975,-0.17089332544555821,0.9024139587454983,0.0
1970-01-02 07:04:00,0.0665581438300174,-0.1757568576219166,0.9060411425263396,0.0
1970-01-02 07:05:00,0.082609483438775,-0.18271754537488313,0.9008449717179978,0.0
1970-01-02 07:06:00,0.074590599783149,-0.24269904643073334,0.8732554751877345,0.0024226259603908336
1970-01-02 07:07:00,0.0780524464393243,-0.17770731005047966,0.7991421743428703,0.0
1970-01-02 07:08:00,-0.038654754364170034,-0.5050711255002149,0.45245830933191633,0.03894682042242117
1970-01-02 07:09:00,-0.08361549079745073,-0.49207401270664475,0.4365894238044104,0.0363121989826785
1970-01-02 07:10:00,-0.15886587743920913,-0.3979362944150207,0.6819264913071429,0.025864250403969734
1970-01-02 07:11:00,-0.10396029010327534,-0.355097047241056,0.7680060088321734,0.023036472172167633
1970-01-02 07:12:00,-0.09239052611707803,-0.3324991878420465,0.768179758930188,0.0228640633169874
1970-01-02 07:13:00,0.05775108014610747,0.0656802329541142,0.8909345402869867,0.0
1970-01-02 07:14:00,0.0529837983414036,0.0602506443632111,0.8935423284531635,0.0
1970-01-02 07:15:00,0.05309185413728463,0.069882240528473,0.8913373921446078,0.0
1970-01-02 07:16:00,0.0511177862865905,0.0737828153587486,0.8907521683366332,0.0
1970-01-02 07:17:00,0.05636079572033414,0.08114705180909576,0.8891335137219958,0.0
1970-01-02 07:18:00,0.0617038637338517,0.07656104375608797,0.8904642301349512,0.0
1970-01-02 07:19:00,0.06626469361650246,0.08102559495048976,0.8893926266254119,0.0
1970-01-02 07:20:00,0.08238793342417096,0.06610355146233027,0.8915122276732559,0.0
1970-01-02 07:21:00,0.07408520832737847,0.0787888302647437,0.8884671716226893,0.0
1970-01-02 07:22:00,0.08500131851152887,0.06933755330669146,0.8902080205334668,0.0
1970-01-02 07:23:00,0.06672130522781876,0.0807043347758165,0.8889471017703889,0.0
1970-01-02 07:24:00,0.06529015976901736,0.07209681023096932,0.8917561788058768,0.0
1970-01-02 07:25:00,0.06452266932654836,0.0823666696390267,0.8891943147886477,0.0
1970-01-02 07:26:00,0.0707826639550232,0.07518356300656977,0.8909156082870959,0.0
1970-01-02 07:27:00,0.06102820152227036,0.07278785135855091,0.8931405913061133,0.0
1970-01-02 07:28:00,0.054380027899332904,0.0886286886021258,0.8890870095599607,0.0
1970-01-02 07:29:00,0.059502656896286,0.07710399754019537,0.8919104480581534,0.0
1970-01-02 07:30:00,0.062271475265527766,0.07537971744663803,0.8925680073516497,0.0
1970-01-02 07:31:00,0.06319327638234556,0.07637386406647938,0.892532578477948,0.0
1970-01-02 07:32:00,0.0665391608520879,0.09186181084049411,0.8872769521115366,0.0
1970-01-02 07:33:00,0.0643859593552564,0.07841367962484443,0.8912616283001894,0.0
1970-01-02 07:34:00,0.060138183139810064,0.07812669062985554,0.8918035086236104,0.0
1970-01-02 07:35:00,0.05729822841166343,0.08731890531832813,0.8893510037937635,0.0
1970-01-02 07:36:00,0.06288949301092787,0.08646498044766922,0.8892141131576428,0.0
1970-01-02 07:37:00,0.06659029234776019,0.08678364654921321,0.8890370836707361,0.0
1970-01-02 07:38:00,0.06543808504619257,0.10541688532835551,0.8847730077982869,0.0
1970-01-02 07:39:00,0.06688958224909333,0.09351355853329946,0.8952564996818321,0.0
1970-01-02 07:40:00,0.07820073093251696,0.10542219860182193,0.8980290127963125,0.0
1970-01-02 07:41:00,0.0707699050465469,0.1265097581858897,0.8972705651282012,0.0
1970-01-02 07:42:00,0.07976431820018537,0.12323624853932608,0.9009865118799617,0.0
1970-01-02 07:43:00,0.08491987458406453,0.12225263736227356,0.9046429491359209,0.0
1970-01-02 07:44:00,0.08404508546602256,0.12406274325162774,0.9041019014354025,0.0
1970-01-02 07:45:00,0.09101927005539116,0.12457275254369603,0.9028711459532506,0.0
1970-01-02 07:46:00,0.09524088324095109,0.122539664777151,0.9027882321575859,0.0
1970-01-02 07:47:00,0.09626380618302717,0.1253098495763154,0.9017789652832411,0.0
1970-01-02 07:48:00,0.0954741231015156,0.12869455899207327,0.9008740105334282,0.0
1970-01-02 07:49:00,0.09587810535502213,0.1264928329030533,0.9013247066657367,0.0
1970-01-02 07:50:00,0.05364063925439627,-0.01665524605973819,0.9065655857570426,0.0
1970-01-02 07:51:00,0.012949119339465834,0.0942620875283412,0.8926462023556434,0.0
1970-01-02 07:52:00,-0.001912529590652463,0.14370748629101085,0.8952757327407297,0.0
1970-01-02 07:53:00,0.0035249123268670337,0.13617138735250003,0.8976995471551344,0.0
1970-01-02 07:54:00,0.014253848814906133,0.12365180259734032,0.9036299558704418,0.0
1970-01-02 07:55:00,0.012680073196287034,0.1342631842531069,0.900314904310469,0.0
1970-01-02 07:56:00,0.011926065267126302,0.13381074999497183,0.899752464249432,0.0
1970-01-02 07:57:00,0.015326656804572633,0.1338472842677609,0.9000850273881084,0.0
1970-01-02 07:58:00,0.017685062616439002,0.1330720913836187,0.9004840203576691,0.0
1970-01-02 07:59:00,0.013917859756403134,0.13349761971072874,0.8997727254011006,0.0
1970-01-02 08:00:00,-0.07558826423351377,0.11567767595826435,0.9014561025457938,0.0
1970-01-02 08:01:00,-0.07559722677916957,0.1086034175004484,0.9005702173185987,0.0
1970-01-02 08:02:00,-0.06655186510972917,0.10544823324704855,0.8998015652543456,0.0
1970-01-02 08:03:00,-0.0686351971937539,0.07487958998078113,0.9058132079507937,0.0
1970-01-02 08:04:00,-0.0644057827827058,0.08453200244228314,0.9001933411970416,0.0
1970-01-02 08:05:00,-0.06348598408617427,0.06190668041424253,0.9049751880682723,0.0
1970-01-02 08:06:00,-0.05928634265591894,0.07218412300094564,0.8994741008775736,0.0
1970-01-02 08:07:00,-0.048970433660126135,0.05641256191509094,0.9026163922427486,0.0
1970-01-02 08:08:00,-0.046082774537777926,0.04798283463190837,0.9046380061915227,0.0
1970-01-02 08:09:00,-0.055826612801437935,0.04629320361379474,0.9023940053088036,0.0
1970-01-02 08:10:00,-0.058792549882357825,0.034939049091801136,0.9030103421773088,0.0
1970-01-02 08:11:00,-0.06164687406057573,0.0348098813789234,0.9005582955793391,0.0
1970-01-02 08:12:00,-0.060821792919450564,0.02865886402687377,0.900497228317639,0.0
1970-01-02 08:13:00,-0.05650455573555737,0.023855025687559636,0.9005814902719175,0.0
1970-01-02 08:14:00,-0.0580979021988065,0.009320530485084003,0.9032652713189652,0.0
1970-01-02 08:15:00,-0.05882203573947333,0.003544588775871632,0.902886304295246,0.0
1970-01-02 08:16:00,-0.0496341002710859,-0.01287655386583203,0.9071849541589199,0.0
1970-01-02 08:17:00,-0.06177311885945854,-0.010114614468105706,0.9038043120709506,0.0
1970-01-02 08:18:00,-0.04503380559662363,-0.015118217362833966,0.9047420812742072,0.0
1970-01-02 08:19:00,-0.051071208337456264,-0.01785771389602947,0.9037441680678312,0.0
1970-01-02 08:20:00,-0.0436134706503043,-0.022835438716292494,0.9047197047869945,0.0
1970-01-02 08:21:00,-0.0501267573031485,-0.026167970929635465,0.9035431158844465,0.0
1970-01-02 08:22:00,-0.045084499942747304,-0.0361038364474298,0.9059610493615686,0.0
1970-01-02 08:23:00,-0.04978727835019723,-0.03292752947575103,0.902249664902902,0.0
1970-01-02 08:24:00,-0.0402780779727289,-0.03955869680070847,0.9036717322006368,0.0
1970-01-02 08:25:00,-0.04220616403496306,-0.0490663124345023,0.9046602564754206,0.0
1970-01-02 08:26:00,-0.037972232538561836,-0.05214011494114906,0.9053451630342182,0.0
1970-01-02 08:27:00,-0.060790526644407296,-0.06709958352133553,0.9024423705067447,0.0
1970-01-02 08:28:00,-0.056565557021226294,-0.061361991938636506,0.9038341967797443,0.0
1970-01-02 08:29:00,0.007648518036638065,-0.22680947310118338,0.9038210207574823,0.0
1970-01-02 08:30:00,-0.0013913388370693665,-0.22734615912872003,0.9078435794448328,0.0
1970-01-02 08:31:00,-0.0015409158869475678,-0.23644761691577684,0.9065044176930804,0.00040735895929033334
1970-01-02 08:32:00,-0.0005921522539422986,-0.23410958391538458,0.9078548536208846,0.0
1970-01-02 08:33:00,-0.0038692193766744335,-0.24306398167240714,0.9067509980454331,3.109071368186574e-05
1970-01-02 08:34:00,-0.001521174487098267,-0.2599990227789428,0.9013102889836574,0.0010278321563887665
1970-01-02 08:35:00,0.006481184200341601,-0.2348200816067392,0.9097725837501279,0.0
1970-01-02 08:36:00,0.007509282769459602,-0.26150043786572896,0.902851523113033,9.161921790123984e-06
1970-01-02 08:37:00,0.0004473329943090997,-0.25338539016559164,0.907542097430619,0.0
1970-01-02 08:38:00,-0.019649878990618968,-0.24031173458781,0.9107590024823451,0.0
1970-01-02 08:39:00,0.0055935909812468675,-0.26245441746262527,0.9067441290520876,0.0
1970-01-02 08:40:00,-0.0084030193915492,-0.28194922978276676,0.9016916907517268,0.0
1970-01-02 08:41:00,-0.003601339561514566,-0.28654100454628156,0.9019584302802931,0.0
1970-01-02 08:42:00,0.0037005198461026005,-0.28488202601253393,0.9026083198201621,0.0
1970-01-02 08:43:00,-0.005285707008598167,-0.29528703194055966,0.9035946029024284,0.0
1970-01-02 08:44:00,0.005666997367734366,-0.28839833808426146,0.907388722944345,0.0
1970-01-02 08:45:00,0.007715920201739901,-0.31227497676548094,0.8984167094371158,0.0
1970-01-02 08:46:00,0.0020772705155995,-0.303402932142208,0.9066550883726272,0.0
1970-01-02 08:47:00,0.0044025055685169,-0.3140559822781277,0.9047892639238405,0.0
1970-01-02 08:48:00,0.0203153979937363,-0.3395861885977484,0.8904544933614157,0.0
1970-01-02 08:49:00,0.013188877157370068,-0.32039988116264445,0.9065166586524507,0.0
1970-01-02 08:50:00,0.0141732058762507,-0.32752875087777283,0.906688449998375,0.0
1970-01-02 08:51:00,0.018720936753558803,-0.34569093926389227,0.8983445355839202,0.0
1970-01-02 08:52:00,0.014274823493189,-0.3312691973444457,0.9091333394334923,0.0
1970-01-02 08:53:00,0.03273343438845907,-0.3872743630476833,0.880938630015553,0.0
1970-01-02 08:54:00,0.017748726759119066,-0.36159164949668815,0.9053885513124964,0.0
1970-01-02 08:55:00,0.024321283252499933,-0.3851133526807839,0.8906925356256427,0.0
1970-01-02 08:56:00,0.020159284012759602,-0.37412982813931217,0.9067464886497602,0.0
1970-01-02 08:57:00,0.027844159465451768,-0.4055121102321925,0.897649504379538,0.0
1970-01-02 08:58:00,0.0192813971048918,-0.3930698933621552,0.9070448313351515,0.0
1970-01-02 08:59:00,0.025574712210086132,-0.41724223251245984,0.9022327773230693,0.0
1970-01-02 09:00:00,0.016882622561715334,-0.3905209494867843,0.9116349941539567,0.0
1970-01-02 09:01:00,0.0157095281145777,-0.3933537234518365,0.9100866298978061,0.0
1970-01-02 09:02:00,0.012070649195055766,-0.3832604398828334,0.9136360614287738,0.0
1970-01-02 09:03:00,0.009697177771836768,-0.38367458668873056,0.9132156442954754,0.0
1970-01-02 09:04:00,0.0025665491162507,-0.3779855760943322,0.9131706878695232,0.0
1970-01-02 09:05:00,0.014806233526074264,-0.39264954265369983,0.9103412969619535,0.0
1970-01-02 09:06:00,0.011838442047968167,-0.373850501511832,0.9165208824668207,0.0
1970-01-02 09:07:00,0.02825008147181977,-0.4369112252068053,0.8836117648353486,0.0
1970-01-02 09:08:00,0.021736229005171664,-0.38316911587280583,0.9139379369127214,0.0
1970-01-02 09:09:00,0.013844048546249701,-0.38198666917540597,0.914430685130814,0.0
1970-01-02 09:10:00,0.0206593349667867,-0.3958010620806145,0.9107362823942257,0.0004599161853302333
1970-01-02 09:11:00,0.008352979219160133,-0.3801497428283149,0.9144048631039827,0.0
1970-01-02 09:12:00,0.011586536383322,-0.39066513745788334,0.9108261195775217,0.0
1970-01-02 09:13:00,0.009597113320427134,-0.3810160050844715,0.9144063319782499,0.0
1970-01-02 09:14:00,-0.0005828431078977332,-0.38545656683479135,0.9124697489584763,0.0
1970-01-02 09:15:00,0.015210668848298333,-0.3888169145358727,0.9118303145230495,0.0
1970-01-02 09:16:00,0.019056567176956633,-0.3900682367060635,0.909949901230576,0.0
1970-01-02 09:17:00,0.013135446126731065,-0.3863887424514352,0.9094004923949267,0.0
1970-01-02 09:18:00,0.012688861330783799,-0.39141204789714196,0.9050776374108963,0.00015085268507003332
1970-01-02 09:19:00,0.013996241332622268,-0.3703737619590415,0.9085672541873183,0.0
1970-01-02 09:20:00,0.008579669359072234,-0.3640290660185328,0.9078414652111899,0.0
1970-01-02 09:21:00,0.0093718890759667,-0.33684849487344937,0.9124856135148686,0.0
1970-01-02 09:22:00,-0.0022115541880998,-0.32078647890110795,0.9149714249893736,0.0
1970-01-02 09:23:00,0.002036768505769533,-0.32531990853116355,0.9119749598127319,0.0
1970-01-02 09:24:00,0.0032394674776192005,-0.3278921385355344,0.9089543976429922,0.0
1970-01-02 09:25:00,0.01713182289698013,-0.34440344132164746,0.8980389320510686,0.0
1970-01-02 09:26:00,-0.0030134819107314995,-0.3301259408521183,0.9053130418003156,0.0
1970-01-02 09:27:00,-0.007564311658375667,-0.32274902079098117,0.9054110150194828,0.0
1970-01-02 09:28:00,-0.007133741388341133,-0.2981239863735887,0.9092304224801834,0.0
1970-01-02 09:29:00,-0.0133627741467394,-0.2755686154170571,0.912751531474212,0.0
1970-01-02 09:30:00,-0.0046684808082026,-0.2832394843019415,0.911410884865473,0.0
1970-01-02 09:31:00,-0.007834964527838101,-0.29160014829877334,0.9094208263509108,0.0
1970-01-02 09:32:00,-0.0105996775733268,-0.2845590417770954,0.9109113404032291,0.0
1970-01-02 09:33:00,-0.0073632889211008995,-0.29743181160826765,0.9070385347030333,0.0
1970-01-02 09:34:00,-0.0033037132860627995,-0.25687355169392356,0.914338703096071,0.0
1970-01-02 09:35:00,-0.008194737593763733,-0.2750506412176635,0.910859679260502,0.0
1970-01-02 09:36:00,-0.0145724642546668,-0.2723056519749733,0.911227323275722,0.0
1970-01-02 09:37:00,-0.011933605813554233,-0.29184451530181,0.9047927581327034,0.0
1970-01-02 09:38:00,-0.0072256885129625996,-0.28789986387822225,0.9075007198147153,0.0
1970-01-02 09:39:00,-0.012319011663490998,-0.2787169081416261,0.9087711927674981,0.0
1970-01-02 09:40:00,-0.009978375024962667,-0.2817554867744561,0.9070560498370418,0.0
1970-01-02 09:41:00,-0.01816582957540387,-0.30521081281618223,0.8986155451075654,0.0004341371945907667
1970-01-02 09:42:00,-0.012678962529822702,-0.2767825555710442,0.9050731155903312,0.0
1970-01-02 09:43:00,-0.008584343846069133,-0.2956294461290545,0.8994504513753894,0.0
1970-01-02 09:44:00,-0.010394978970091466,-0.2893406696745772,0.9032805348131655,0.0010888026171487666
1970-01-02 09:45:00,0.0037893865695710002,-0.2992033210907432,0.8915482879598372,0.0
1970-01-02 09:46:00,0.017310104257064033,-0.3267878282426643,0.8585509786405803,0.0
1970-01-02 09:47:00,-0.06341256824621243,-0.09417907253946523,0.8991099917199508,0.0
1970-01-02 09:48:00,-0.04967801172121387,-0.08220836072663666,0.8989611752352317,0.0
1970-01-02 09:49:00,-0.04753061534395447,-0.062341252020803324,0.8939171622472543,0.0
1970-01-02 09:50:00,-0.04388259034744483,-0.0685264363436807,0.8975274452583726,0.0
1970-01-02 09:51:00,-0.06180513820928957,-0.05809865123931416,0.8923818541861608,0.0
1970-01-02 09:52:00,-0.061936947712191937,-0.05864985624074209,0.8939046550607719,0.0
1970-01-02 09:53:00,-0.07152935536248607,-0.04241041982202313,0.8863761867203538,0.0
1970-01-02 09:54:00,-0.05968829398908151,-0.04262349559367954,0.8891760990101573,0.0
1970-01-02 09:55:00,-0.05883167084128893,-0.038886136646280794,0.8880998149739207,0.0
1970-01-02 09:56:00,-0.06836107068633956,-0.04311618872187884,0.8917234116679168,0.0
1970-01-02 09:57:00,-0.06075904124657463,-0.029478812119679693,0.8894934983417775,0.0
1970-01-02 09:58:00,-0.06357364998233038,-0.030343466035278006,0.8909143138025691,0.0
1970-01-02 09:59:00,-0.05730604796057046,-0.02102636005157707,0.8897417191451159,0.0
1970-01-02 10:00:00,-0.05236562439333014,-0.08168251513941104,0.8621773892699524,0.0
1970-01-02 10:01:00,-0.059261735525248264,-0.08973387702334228,0.8577910588072771,0.0
1970-01-02 10:02:00,-0.039994189766318695,-0.16838590038955695,0.8589210885349071,0.0
1970-01-02 10:03:00,0.0005066253085158013,-0.2768692670194788,0.8721933441633728,0.0
1970-01-02 10:04:00,-0.38428877888190893,-0.5385562535492866,0.3493359073701807,0.03620383054847123
1970-01-02 10:05:00,-0.39654984911069163,-0.5384707962753947,0.33928247925130267,0.0365555126358854
1970-01-02 10:06:00,-0.13707856239453622,-0.4743227076135598,0.3464023460484058,0.0
1970-01-02 10:07:00,0.0661749989166051,-0.2831482249271795,0.8827550322620529,0.0019941911139647003
1970-01-02 10:08:00,0.08064780119105104,-0.1175499624950473,0.887070631365706,0.0
1970-01-02 10:09:00,-0.025995573362569163,-0.33699301294075196,0.8379369591111391,0.019153338406280633
1970-01-02 10:10:00,-0.05089264169534336,-0.3100986812415228,0.8393916889019121,0.016441671050010268
1970-01-02 10:11:00,-0.045573445784700635,-0.2685339948836271,0.846159544585507,0.015618056824924198
1970-01-02 10:12:00,-0.0389762640255436,-0.27978118641605687,0.8332421335086723,0.015609652275133732
1970-01-02 10:13:00,-0.025475585647573795,-0.2686766030171485,0.8341031820785475,0.015358622566970466
1970-01-02 10:14:00,0.03280696549379874,-0.12116377793980083,0.8538759693408072,0.0
1970-01-02 10:15:00,-0.0060510050344534,-0.07777168885983203,0.8881991488164633,0.0
1970-01-02 10:16:00,0.009406811584044633,-0.16037696946136637,0.8656978705056093,0.0
1970-01-02 10:17:00,-0.007803309583694,-0.23512919786763842,0.8331933208367865,0.0
1970-01-02 10:18:00,0.011411579779515603,-0.16215798194591588,0.8743653301074423,0.0
1970-01-02 10:19:00,0.032003228667915835,-0.18643514104172573,0.8730301082033244,0.0
1970-01-02 10:20:00,2.7273997187660104e-06,-0.11049345538764244,0.9085658493725459,0.0
1970-01-02 10:21:00,0.0030644227102937655,-0.14793386430786176,0.9067006405957297,0.0
1970-01-02 10:22:00,0.0162629370522675,-0.15728753507350046,0.8950117849048728,0.001770898049725
1970-01-02 10:23:00,0.008387152295754633,-0.1544312275708532,0.9056021814236086,0.0
1970-01-02 10:24:00,-0.02316341760496787,-0.06427486971367553,0.8910416166803344,0.0
1970-01-02 10:25:00,-0.05139734999950546,0.010124489995831668,0.9019813989876148,0.0
1970-01-02 10:26:00,-0.05710905257332513,-0.0016369197837190024,0.9061438783093129,0.0
1970-01-02 10:27:00,-0.046357861870240026,0.019455653126898634,0.9017353533386191,0.0
1970-01-02 10:28:00,-0.0470940507600224,0.010435083396674519,0.900092499433041,0.0
1970-01-02 10:29:00,-0.036664305017222606,-0.03864394464861931,0.8910608690634018,0.0008798177858733001
1970-01-02 10:30:00,-0.02725164047319757,-0.09807842748700324,0.8348472465548267,0.0
1970-01-02 10:31:00,-0.003574725170083467,-0.17294353282645944,0.7703262836057431,0.0105737287847549
1970-01-02 10:32:00,-0.03129732984143357,-0.0635620283168481,0.8845331701783313,0.004890862897320367
1970-01-02 10:33:00,-0.029845208479488138,-0.13061305882555915,0.8355465886445228,0.0012586778801988335
1970-01-02 10:34:00,-0.023119868795589693,-0.08228983495720493,0.8496684485322543,0.0
1970-01-02 10:35:00,-0.0369729391620406,-0.05011166915298813,0.8914547161564886,0.0024928570247776667
1970-01-02 10:36:00,-0.04090064360740587,-0.09989401345183775,0.8264353572616185,0.0
1970-01-02 10:37:00,-0.0010670702549340956,-0.1288967993808864,0.8611293119137374,0.0
1970-01-02 10:38:00,-0.0141819111588203,-0.11676613088293725,0.8192122035083451,0.0101928440028213
1970-01-02 10:39:00,-0.025080411308759664,-0.02048439849084906,0.8893130601775056,0.0003845719587357
1970-01-02 10:40:00,-0.022041122482735497,-0.07340221869122376,0.849023991689314,0.0006065578677551333
1970-01-02 10:41:00,-0.006798491729640162,-0.07493982191832,0.8880088586876921,0.0031192196008061335
1970-01-02 10:42:00,0.015381031357802466,-0.1865883204901124,0.8905343439451676,0.004422021997685567
1970-01-02 10:43:00,0.042807165688919735,-0.20092959938311505,0.8960165156244209,0.0005066970523703
1970-01-02 10:44:00,0.05077840943558943,-0.2557801568397338,0.8684111994564389,0.0
1970-01-02 10:45:00,0.014926083167487501,-0.1624082560817312,0.8903187288584588,0.0037215531363627
1970-01-02 10:46:00,0.0384979537653748,-0.17043064858561727,0.8968664827121288,0.0046425761495141995
1970-01-02 10:47:00,0.025771578195155062,-0.1662979918116528,0.9003908388477971,0.0014919572906889002
1970-01-02 10:48:00,0.04456472595732643,-0.06404305801560316,0.8783671762862394,0.00011337703136043334
1970-01-02 10:49:00,0.05327617006124804,-0.04451054614895846,0.8627829572103264,0.003612664659961533
1970-01-02 10:50:00,0.058699216195489005,-0.020287628559394116,0.8758462938084425,0.0018339992231178335
1970-01-02 10:51:00,0.0369111944158525,-0.041102228695812475,0.8780986292332266,0.0036308296439285337
1970-01-02 10:52:00,0.04988882919666023,-0.024394768710012765,0.8698892429064662,0.0024351470903218
1970-01-02 10:53:00,0.045380895346160965,0.04043028762652683,0.8755472001566801,0.0
1970-01-02 10:54:00,0.056115104502092006,0.13117847969953442,0.8813454938385655,0.0
1970-01-02 10:55:00,0.042434447604724264,0.013279673777473031,0.8980731845643386,0.0
1970-01-02 10:56:00,0.024611696717674367,-0.0505493773842276,0.8970641604956784,0.0
1970-01-02 10:57:00,-0.0026575623595459,-0.02331902533266054,0.8806671350091687,0.0
1970-01-02 10:58:00,0.00042371249572556446,0.017073032194772974,0.8895574813160264,0.0
1970-01-02 10:59:00,0.0011355439142968658,-0.008036002698142308,0.8753562718273651,0.00018000635305450002
1970-01-02 11:00:00,-0.007103144269029235,-0.042354864744340526,0.8501128681835747,0.005562550713658
1970-01-02 11:01:00,0.0183793295559365,0.0594043232058702,0.8864138311440687,0.0
1970-01-02 11:02:00,0.011923863088006102,0.06765192158148016,0.894698002970901,0.0
1970-01-02 11:03:00,0.0026087976470559673,0.08699670044653109,0.8694660289186653,0.0
1970-01-02 11:04:00,0.0220663559071409,0.08129100013729357,0.8618713167428074,0.0
1970-01-02 11:05:00,-0.014686937991416732,0.05564636524259118,0.8622653088814723,0.0
1970-01-02 11:06:00,0.004369463567697167,0.049463341671101724,0.8563391720270436,0.0
1970-01-02 11:07:00,0.02130015566643847,-0.008795025098174647,0.8352607328191893,0.011868221020366132
1970-01-02 11:08:00,0.017438864399626535,0.02876918079395861,0.8508976324490707,0.002616715934482667
1970-01-02 11:09:00,-0.0117222943131701,0.03830668881744711,0.8352111562405923,0.0
1970-01-02 11:10:00,0.0249575588732522,0.08670406134294295,0.857221049141935,0.0
1970-01-02 11:11:00,0.0001241663652989672,0.07464833858525416,0.8613452461007179,0.0
1970-01-02 11:12:00,-0.0049536248081921,0.07781289805708241,0.8561318148685816,3.130840699346512e-05
1970-01-02 11:13:00,0.004475782386661266,0.06372107628969813,0.8549825800744179,0.0010038903238050333
1970-01-02 11:14:00,0.0021224943139887664,0.08186725137814775,0.8473229551675047,0.0011541387566067333
1970-01-02 11:15:00,0.010216122657527965,0.0826352509268074,0.8428828779487197,0.0017823463536945333
1970-01-02 11:16:00,0.0048924374867641675,0.08003597283940866,0.8395915326994281,0.0026063279870838
1970-01-02 11:17:00,-0.0040512038917549335,0.07610985026510643,0.8305908550561569,0.0001685711138445
1970-01-02 11:18:00,-0.0019489062713040674,0.10496437873402802,0.8397351665005749,0.0
1970-01-02 11:19:00,-0.012085247510051267,0.10825332302657036,0.8353303160178599,0.0
1970-01-02 11:20:00,0.01847574413139633,0.1371686689374688,0.8458109323733792,0.0
1970-01-02 11:21:00,0.001752981422163534,0.13205341791214192,0.8397881564851101,0.0
1970-01-02 11:22:00,-0.0088290507742765,0.07824142986891476,0.8176189068419538,0.0038995165193783
1970-01-02 11:23:00,-0.0022106968282515,0.10489816105392023,0.8179033218812114,0.00017876040300276669
1970-01-02 11:24:00,-0.001584947719052133,0.1472491898357507,0.8246702976216325,0.0
1970-01-02 11:25:00,0.016221896654309533,0.08610035058864052,0.803689735169885,0.0025910157259250665
1970-01-02 11:26:00,0.0322827373690217,0.1515989820148596,0.828351419018119,0.0
1970-01-02 11:27:00,0.11233067486316771,0.14438647577753475,0.8704666403437953,0.0
1970-01-02 11:28:00,0.09828196831396986,0.16186510371739202,0.8700841551543266,0.0
1970-01-02 11:29:00,0.09473613964528639,0.16890511120423432,0.8652949338896275,0.0
1970-01-02 11:30:00,0.09342691810218269,0.159944621614102,0.8718886671915577,0.0
1970-01-02 11:31:00,0.0573880735277659,0.13970576457804942,0.8715371057193414,0.0
1970-01-02 11:32:00,0.0312497197945179,0.07815843358915277,0.8654643471248568,0.0
1970-01-02 11:33:00,0.04708762046725473,0.056696014111336346,0.8529106136608625,0.0
1970-01-02 11:34:00,0.023638592350861368,-0.0016585904810158352,0.8215742127295886,0.0
1970-01-02 11:35:00,0.03510506851522727,0.07340482913843828,0.8668374355945657,0.0
1970-01-02 11:36:00,0.02968442129825723,0.034988690845218606,0.8443396577169967,0.000358817826989
1970-01-02 11:37:00,0.0263920417231477,-0.011310519786231396,0.8784560505467982,0.0
1970-01-02 11:38:00,0.0175920865305426,-0.11577786737789116,0.8994251543978753,0.0
1970-01-02 11:39:00,0.026457250466058766,-0.1591517530721307,0.905329998561438,0.0
1970-01-02 11:40:00,0.01568549477093367,-0.14088709157804727,0.9008422690353926,0.0
1970-01-02 11:41:00,-0.0085652992766554,-0.13755607126036265,0.9048496752946837,0.0
1970-01-02 11:42:00,-0.05234753027306186,-0.00619185126703196,0.8893165702804957,0.0
1970-01-02 11:43:00,-0.05644080978018624,-0.029073447347544763,0.8928839082558097,0.0
1970-01-02 11:44:00,-0.06878365720747111,-0.004363731170151809,0.883802875362267,0.0
1970-01-02 11:45:00,-0.06485373301707917,-0.05423621560621713,0.8704685356060158,0.0
1970-01-02 11:46:00,-0.07088672128696699,-0.024968618737971043,0.8787085168800516,0.0017856937616470001
1970-01-02 11:47:00,-0.04562102596957543,-0.01846928269426019,0.8867491571812419,0.0
1970-01-02 11:48:00,-0.041605606756612436,-0.03025762391969286,0.8909232884977145,0.00020338964684600002
1970-01-02 11:49:00,-0.048007142379008966,-0.02666801987467775,0.8827246162043237,0.0016081748243395666
1970-01-02 11:50:00,-0.03491842080673604,-0.1134802752874809,0.8660969489092132,0.0
1970-01-02 11:51:00,-0.05542477375283653,-0.34812533483220026,0.8451654408719816,0.0
1970-01-02 11:52:00,-0.045378755233242994,-0.26308735655159143,0.8869199821934313,0.002185691060974
1970-01-02 11:53:00,-0.04727317323425317,-0.24650466996452633,0.9011694338413708,0.0020610892946844
1970-01-02 11:54:00,-0.04869551218759071,-0.2362236029535134,0.9047031212425641,0.0027922430424993333
1970-01-02 11:55:00,-0.0506950246638956,-0.23924998806666933,0.9034540274027263,0.0026924403808443
1970-01-02 11:56:00,-0.0555579385464047,-0.25092737532194237,0.9017286038843846,0.0029331584574976335
1970-01-02 11:57:00,-0.051164376311849426,-0.22643978628272643,0.9058019962120091,0.0029147932440755334
1970-01-02 11:58:00,-0.03638646859039687,-0.15594273628934238,0.8928778453506448,0.0017802067233978333
1970-01-02 11:59:00,-0.0868879474143956,-0.07642065290026802,0.9078823559296842,0.0
1970-01-02 12:00:00,-0.05221888460165536,-0.11966619824881551,0.9092423322791324,0.0016902059856996332
1970-01-02 12:01:00,-0.052296366643300986,-0.17145913489755396,0.8667011701087869,0.007707828602093633
1970-01-02 12:02:00,-0.08010746249530744,-0.1472967358437969,0.8795061128443575,0.0017981717641479666
1970-01-02 12:03:00,-0.06357593629482274,-0.0936847857728124,0.900657016823034,0.0029036361623412
1970-01-02 12:04:00,-0.07408324371137671,-0.0777433525549529,0.9029292331617244,0.0009079052866109667
1970-01-02 12:05:00,-0.0829787972503287,-0.09785335114128617,0.902740258112861,0.0018597936443611
1970-01-02 12:06:00,-0.09512034466114407,-0.09680069328376693,0.8936841150405215,0.004596444325701734
1970-01-02 12:07:00,-0.11341564243450453,-0.09206519258339185,0.8895423675667876,0.005013243314274133
1970-01-02 12:08:00,-0.11667990192127274,-0.08036185030905767,0.8888590385089145,0.002394787378763
1970-01-02 12:09:00,-0.07012106851701104,-0.14273973194437453,0.9002087969775673,0.0035632508237416
1970-01-02 12:10:00,-0.061197733326179095,-0.2235586695680014,0.90318018135126,0.0030465424369698
1970-01-02 12:11:00,-0.05926143879007096,-0.15803568725249792,0.9054641367120714,0.0
1970-01-02 12:12:00,-0.018066952702015433,-0.011932214728405407,0.892716757731599,0.0
1970-01-02 12:13:00,-0.04536689004906503,-0.007207424832441485,0.8787508895282691,0.0013712297435743666
1970-01-02 12:14:00,-0.0467338548249007,-0.07536908106849842,0.833155154510334,0.0
1970-01-02 12:15:00,-0.03293015636576766,0.005579422416115902,0.8808054794815673,0.000268361951133
1970-01-02 12:16:00,-0.04058356845907876,0.006578237308949168,0.8705618676006751,0.0017323580840530666
1970-01-02 12:17:00,-0.06799901217961947,-0.09337890512591045,0.9003601085246488,0.0005648493393775666
1970-01-02 12:18:00,-0.07255783094749957,-0.0856116589284044,0.9066320823858111,2.7986462948067132e-05
1970-01-02 12:19:00,-0.069417419297596,-0.10320054339069222,0.8958515311141766,0.002590870939964233
1970-01-02 12:20:00,-0.06160318020699981,-0.10578880180397134,0.9069621771124673,0.0032024161356323665
1970-01-02 12:21:00,-0.060901959766896364,-0.23646151233744583,0.88190682022584,0.0015098867297707
1970-01-02 12:22:00,-0.0456594683699911,-0.24764085216937382,0.8971655183456596,0.0013164462804291998
1970-01-02 12:23:00,-0.049546450945832765,-0.198434340642741,0.9059893950989234,0.0018681827784540334
1970-01-02 12:24:00,-0.034011888882693526,-0.17220292304647514,0.9094423017828163,0.0022282663888791333
1970-01-02 12:25:00,-0.0341204672627385,-0.2316664994187012,0.8954496484960625,0.002305868860266
1970-01-02 12:26:00,-0.02005204181265423,-0.2239325414049509,0.9063234060561886,0.0020841101785717
1970-01-02 12:27:00,-0.014731223397799234,-0.19630993478700332,0.9082397192250246,0.0023908597502835
1970-01-02 12:28:00,-0.010881399154622365,-0.19332554599067767,0.9142188750731042,0.002208416601843733
1970-01-02 12:29:00,-0.016000728426750026,-0.14734382352904954,0.9086492409102523,0.0014990977119859665
1970-01-02 12:30:00,0.024623273235458775,-0.18251351202350663,0.9096703231013058,0.0022018189886148
1970-01-02 12:31:00,0.019294531425800333,-0.15994407361945773,0.9079650319092053,0.0026853187642677666
1970-01-02 12:32:00,0.01921338630716017,-0.15173228420296714,0.9091211225243608,0.0019064603726252332
1970-01-02 12:33:00,-0.033455718328363464,-0.23304450667830312,0.9056524348815702,0.0012558341481746
1970-01-02 12:34:00,-0.06105109079823429,-0.28006257668412876,0.8680827292402574,0.0022151104016812
1970-01-02 12:35:00,-0.05729576000589783,-0.20607111429721173,0.9047150826679053,0.0
1970-01-02 12:36:00,-0.046121473955928666,-0.22313418295299772,0.8987146534683701,0.0006592393465212333
1970-01-02 12:37:00,-0.05432707499814093,-0.21272750560597528,0.8954572295449449,0.0
1970-01-02 12:38:00,-0.040538417053515435,-0.20552397651727772,0.9103855331772469,0.0
1970-01-02 12:39:00,-0.0110724266290854,-0.3730323788992315,0.9131954528133907,0.0
1970-01-02 12:40:00,-0.008460841858229299,-0.41045536158976254,0.89143167324898,0.0
1970-01-02 12:41:00,0.01824241209925163,-0.3663765953663462,0.913024434407097,6.666602064176666e-05
1970-01-02 12:42:00,0.011686449910296834,-0.34524170730565057,0.9179878360716924,0.00018923236175323336
1970-01-02 12:43:00,0.046158960771041396,-0.42318377268216095,0.8768384152324004,0.0
1970-01-02 12:44:00,0.06006150258494584,-0.3016615464637624,0.9072700798656731,0.00016623268128833333
1970-01-02 12:45:00,0.040502841409008596,-0.3911103137091589,0.9031993563766857,0.0024531666066240666
1970-01-02 12:46:00,0.03621818603694616,-0.4374707801783011,0.8804205478566813,0.008236650178159567
1970-01-02 12:47:00,0.06221719353419767,-0.4083590329868903,0.8887320075916083,0.00017000551224389998
1970-01-02 12:48:00,0.014081743920243769,-0.3492326925187583,0.9140779391197101,0.0
1970-01-02 12:49:00,0.011563079866083634,-0.3626209688711901,0.9105140919079759,0.0
1970-01-02 12:50:00,0.0017177043980638011,-0.3856573186392495,0.9127329798224486,0.0009671025522489
1970-01-02 12:51:00,-0.0030911193746943,-0.37259449132429023,0.9142367833671479,0.0027268209013258
1970-01-02 12:52:00,0.0021587468314185,-0.39429644424289395,0.9107442308919058,0.0018355624359777335
1970-01-02 12:53:00,-0.010166442175789365,-0.339856474264392,0.9180723783043184,0.0030490017550944336
1970-01-02 12:54:00,-0.040884030358753896,-0.30310383847690864,0.92432611510146,0.0
1970-01-02 12:55:00,-0.0355118890499209,-0.3202920192917549,0.9071199673620375,0.0
1970-01-02 12:56:00,-0.014020476966707199,-0.31249886789288256,0.9173670506670989,0.0041376433838105
1970-01-02 12:57:00,-0.0156080525453424,-0.2978309642648069,0.9196599214961115,0.003642524401610933
1970-01-02 12:58:00,-0.013185295411949868,-0.2775528508851454,0.921960586107521,0.0021027017031431
1970-01-02 12:59:00,0.01417138976647455,-0.40549433120264644,0.7952247543602369,0.004819470846090625
1970-01-02 13:00:00,0.027741432688021796,-0.3062149261258782,0.9032530836762429,0.00113079361314105
1970-01-02 13:01:00,0.042475184405268325,-0.33861149021380604,0.9191238185348698,0.0
1970-01-02 13:02:00,0.04223519811505063,-0.34866977249306885,0.9156059701108058,0.0
1970-01-02 13:03:00,0.03720260811719067,-0.3289018745087402,0.9201619024851037,0.0
1970-01-02 13:04:00,0.04430659350036675,-0.3167940897689595,0.9239917657045127,0.0
1970-01-02 13:05:00,0.0495935707575799,-0.38165506217266254,0.8937619319931761,0.0
1970-01-02 13:06:00,0.0740591525100287,-0.5122223360456916,0.6849163303132233,0.015666760774002576
1970-01-02 13:07:00,0.020893969700110076,-0.5830076287310858,0.5359555659253473,0.0421450676547723
1970-01-02 13:08:00,-0.013780786808393349,-0.5656993025813645,0.5543063626012393,0.04051221114083273
1970-01-02 13:09:00,-0.0167831014510037,-0.5782562835128366,0.5511181375057028,0.04207347259079193
1970-01-02 13:10:00,-0.016763190935355998,-0.5567849939944369,0.5570262065159521,0.0403689367737152
1970-01-02 13:11:00,-0.011933326866409799,-0.5461266725249885,0.5534824602039172,0.038654714713905726
1970-01-02 13:12:00,-0.02386851264485415,-0.5080102698660005,0.5655290176297968,0.03770540942069173
1970-01-02 13:13:00,-0.018297793742263622,-0.5013544813513456,0.5671010796235535,0.03773807290079478
1970-01-02 13:14:00,-0.0126943012499868,-0.566936303346337,0.5468831184729671,0.03767864505010352
1970-01-02 13:15:00,-0.042192368483153074,-0.5002077128863245,0.5492179461528734,0.039125096792051825
1970-01-02 13:16:00,-0.060636038294316526,-0.39193023076859523,0.5489695918617594,0.039135330020660705
1970-01-02 13:17:00,-0.07687445861115581,-0.1547688321258899,0.9103234343304066,0.0
1970-01-02 13:18:00,-0.09959634603610397,-0.13346418528793322,0.9107390285905045,0.0
1970-01-02 13:19:00,-0.07428213485656177,-0.10637690965621997,0.912497493491539,0.0
1970-01-02 13:20:00,-0.08010558118674231,-0.10402327265900761,0.9184042909355535,0.0
1970-01-02 13:21:00,-0.05749633337937663,-0.1220863319052274,0.9113610613870694,0.0
1970-01-02 13:22:00,-0.07379670747668891,-0.14747595001955663,0.904449591241738,0.0
1970-01-02 13:23:00,-0.07543193291829396,-0.16099293536862294,0.9147772135214699,0.0
1970-01-02 13:24:00,-0.07935203249729016,-0.16545108103421582,0.9152263133101104,0.0
1970-01-02 13:25:00,-0.07659265053291477,-0.14909573251621788,0.9178866039278787,0.0
1970-01-02 13:26:00,-0.0734637457227006,-0.09512243477679067,0.9098119746128851,0.0
1970-01-02 13:27:00,-0.0714725846637828,0.008118032514622545,0.8812172445384029,0.0
1970-01-02 13:28:00,-0.0673580831997226,0.025253247156213642,0.8779333739712364,0.0
1970-01-02 13:29:00,-0.07360523207161514,-0.010032008426954028,0.8551156352180683,0.0
1970-01-02 13:30:00,-0.0909229362180415,-0.09937575000788813,0.9028610907491293,0.0
1970-01-02 13:31:00,-0.0814155194188232,-0.13094198513813812,0.9072253768185005,0.0015827443485285332
1970-01-02 13:32:00,-0.0882001352535438,-0.12147701167847526,0.9050649809508258,0.0007149658299819332
1970-01-02 13:33:00,-0.08487702763853704,-0.10374482163493697,0.9107312831566334,0.0
1970-01-02 13:34:00,-0.09849539231897031,-0.09853983897749287,0.9133893980907303,0.0
1970-01-02 13:35:00,-0.0886541676746101,-0.03244975194992536,0.8942192268569796,0.0
1970-01-02 13:36:00,-0.0676305643672465,-0.10848260398573999,0.8970222810024263,0.0
1970-01-02 13:37:00,-0.0818716222747125,-0.1967780517392312,0.9100598575058703,0.0
1970-01-02 13:38:00,-0.09008131441650297,-0.1959106160714809,0.9111120954871014,0.0
1970-01-02 13:39:00,-0.06943545597018877,-0.2964956806603815,0.8774835876335262,0.0024653176040090002
1970-01-02 13:40:00,-0.08621261736359333,-0.31539121351604604,0.8648480097846587,0.009083093729504105
1970-01-02 13:41:00,-0.09378910484001883,-0.2559191780992199,0.8946715079786335,0.0
1970-01-02 13:42:00,-0.0138923289959794,-0.4689992036780954,0.8657535680076025,0.0
1970-01-02 13:43:00,-0.026954533076096104,-0.3943435020375297,0.9031282647040028,0.0
1970-01-02 13:44:00,-0.0285694025599461,-0.3474683291078562,0.8620683563258132,0.0023072077919299334
1970-01-02 13:45:00,-0.041454534692627935,-0.008559078531422681,0.8271482659477202,0.0
1970-01-02 13:46:00,0.000676295590118769,-0.02398820650164679,0.8569605279442443,0.0
1970-01-02 13:47:00,-0.02058230206965597,-0.016486020331812828,0.867602454322029,0.0
1970-01-02 13:48:00,-0.0175116680548932,0.031124471738642873,0.8557722662198644,0.0
1970-01-02 13:49:00,-0.0204920092125431,0.010637811524443782,0.8472671126199333,0.0
1970-01-02 13:50:00,-0.01936635958773693,0.034894744636109865,0.8568804821245394,0.0
1970-01-02 13:51:00,-0.020080988084122002,0.012021826798054821,0.8434342542093362,0.0
1970-01-02 13:52:00,0.008189774160632601,-0.05331590343706264,0.8868431853946762,0.0004205574040808
1970-01-02 13:53:00,-0.0057561074283650005,-0.007530751636109741,0.8478220376623608,0.0017953707817124334
1970-01-02 13:54:00,0.004106737333473966,0.010107820995106412,0.8529269844717783,0.0017563145770238334
1970-01-02 13:55:00,0.0022587448517643015,0.02012821193560153,0.8403845742325814,0.0002433901969967
1970-01-02 13:56:00,0.014422250816519733,0.1608265741581564,0.82737255476,0.0
1970-01-02 13:57:00,0.019325050431412468,0.1475547416858661,0.815287985722951,0.0
1970-01-02 13:58:00,-0.002049640888654234,0.12252385082922608,0.7982088495614242,0.0
1970-01-02 13:59:00,-0.019918160330108868,0.041572497772461525,0.7991215343571056,0.0
1970-01-02 14:00:00,-0.037751114081070264,0.04342607471145358,0.8224253111728058,0.001968548317673
1970-01-02 14:01:00,-0.029785235547715935,0.018556025264681253,0.8017112361268618,0.0008654221339339667
1970-01-02 14:02:00,-0.041236233220977234,0.11807409446346025,0.8411514495434443,0.0
1970-01-02 14:03:00,-0.049018500019979705,0.14828870578534611,0.8436248537686742,0.0
1970-01-02 14:04:00,-0.0427576643794255,0.1509311957413316,0.8457668771964554,0.0
1970-01-02 14:05:00,-0.0447419372609514,0.160411861774899,0.8454542846362242,0.0
1970-01-02 14:06:00,-0.05254542601688966,0.21893529853538643,0.8243155741558136,0.0
1970-01-02 14:07:00,-0.0749459381596475,0.10348215285662177,0.7671726542980114,0.0
1970-01-02 14:08:00,-0.05749339694537284,-0.1688737559470422,0.5941225365737018,0.04239828183491984
1970-01-02 14:09:00,-0.053199016502050396,-0.037046271244970175,0.8271517663810052,0.0
1970-01-02 14:10:00,-0.061881882633006334,-0.33522190919572514,0.8758225643518639,0.0
1970-01-02 14:11:00,-0.07890993493849684,-0.2542111186471334,0.9246626015032581,0.0
1970-01-02 14:12:00,-0.2473758015031452,0.0335854409595931,0.6640055299496926,0.0
1970-01-02 14:13:00,-0.365942377202869,0.33643711222827893,0.45510386815380155,0.0
1970-01-02 14:14:00,-0.3584563368707668,0.4057689512459766,0.445274767526024,0.0
1970-01-02 14:15:00,-0.35606613433876194,0.44747520952933906,0.4338234626481383,0.0
1970-01-02 14:16:00,-0.35137349381241795,0.46324741203750386,0.4292151180541915,0.0
1970-01-02 14:17:00,-0.28866556289706385,0.0575253129964019,0.683796739972483,0.0
1970-01-02 14:18:00,-0.36710405537979957,0.31546604965737757,0.46082504593665985,0.0
1970-01-02 14:19:00,-0.37089407093242815,0.31849827340438,0.4600442220760355,0.0
1970-01-02 14:20:00,-0.3594667638114685,0.36917781446193415,0.46035329969842415,0.0
1970-01-02 14:21:00,-0.34398026470286247,0.3394490551916732,0.4779461099399647,0.0
1970-01-02 14:22:00,-0.3430831194136184,0.335447568408473,0.4790912157700051,0.0
1970-01-02 14:23:00,-0.3604345178959865,0.3033099093720081,0.47580393179690034,0.0
1970-01-02 14:24:00,-0.6020487372633022,-0.019593852394418337,0.38387574142585557,0.011351111417399766
1970-01-02 14:25:00,-0.5668251313774508,-0.19882299837154718,0.38541516816453786,0.011551363083462267
1970-01-02 14:26:00,-0.4076314284552567,0.06353327354333153,0.28305293557310396,0.011681225720931466
1970-01-02 14:27:00,-0.4232914210434185,0.3209517450622424,0.26012574542669603,0.011761026013830235
1970-01-02 14:28:00,-0.4192921970105374,0.3309790407352557,0.25591666779560474,0.011852714779289565
1970-01-02 14:29:00,-0.5963373084248557,-0.06626723875075695,0.24903624707369343,0.0119009641141982
1970-01-02 14:30:00,-0.7089000212984038,0.014731251808955292,0.21470795232398268,0.013476629942066233
1970-01-02 14:31:00,-0.7020735786986531,-0.0002015922843246953,0.22754889537203948,0.011854250871005534
1970-01-02 14:32:00,-0.6910364191396537,0.06847948316620432,0.21491687597468814,0.010173631930959834
1970-01-02 14:33:00,-0.6956002248683335,0.02632568263862216,0.23076310538289382,0.010176117009925633
1970-01-02 14:34:00,-0.6834480167089824,0.12853109764590623,0.2381257736428958,0.0
1970-01-02 14:35:00,-0.6831442998468692,0.18193087415416176,0.2526626379387074,0.0
1970-01-02 14:36:00,-0.6836065244211054,0.18605625754466568,0.25225136603683723,0.0
1970-01-02 14:37:00,-0.683111451602081,0.19058145782764135,0.2511021892609047,0.0
1970-01-02 14:38:00,-0.6820966200103736,0.19211281391579269,0.2509724701655509,0.0
1970-01-02 14:39:00,-0.6805514087135013,0.19489654700045836,0.250428404202071,0.0
1970-01-02 14:40:00,-0.6782177101395389,0.19746092281078556,0.25024525998544767,0.0
1970-01-02 14:41:00,-0.6766319163293332,0.19823202102007023,0.25029935231637646,0.0
1970-01-02 14:42:00,-0.6735644875069405,0.20404180045756634,0.2528483833060314,0.0
1970-01-02 14:43:00,-0.6707665735560274,0.20877822776706711,0.2530624609096124,0.0
1970-01-02 14:44:00,-0.6698473004946126,0.20992299854252153,0.25287623205702797,0.0
1970-01-02 14:45:00,-0.6701199608343807,0.2116462922457191,0.25231697498666766,0.0
1970-01-02 14:46:00,-0.6879006261520478,-0.010531221584360465,0.2530184830903303,0.0
1970-01-02 14:47:00,-0.6938471439060342,-0.268437189138829,0.20213096321896526,0.0272674998245603
1970-01-02 14:48:00,-0.51960943759457,-0.3569247837416851,0.367963139161108,0.012019121382286134
1970-01-02 14:49:00,-0.4689553985815578,-0.362301702209659,0.36527934632483366,0.012053755455582535
1970-01-02 14:50:00,-0.49861386976643257,-0.2771204532201861,0.37373754867113157,0.012084524382161734
1970-01-02 14:51:00,-0.47108238215566756,0.2079289655944293,0.2368108242757446,0.0
1970-01-02 14:52:00,-0.18428269956765977,0.07601844475843936,0.3752515489199717,0.012709688316141934
1970-01-02 14:53:00,-0.16836986010374502,0.09543373060713216,0.38323215969123625,0.008009640334552934
1970-01-02 14:54:00,-0.1761027251333889,0.18641320631064573,0.4247044761616577,0.0
1970-01-02 14:55:00,-0.18928185901093764,0.20522278869723865,0.433315280960682,0.0
1970-01-02 14:56:00,-0.16703269764454431,0.346422969542645,0.42123925027333115,0.0
1970-01-02 14:57:00,-0.02163333143171853,0.14589962847995674,0.2260096571926086,0.0
1970-01-02 14:58:00,0.09114578667389468,0.11260735469151824,0.0682415802564888,0.0
1970-01-02 14:59:00,0.08902658216139146,0.0801481921790196,0.060937491070631546,0.0
1970-01-02 15:00:00,0.07488798091562364,0.0696160240584554,0.05241997958744574,0.0
1970-01-02 15:01:00,0.11501687491976063,0.1721871706913366,0.07618739459356531,0.0
1970-01-02 15:02:00,0.0734674287077223,0.1489282205169984,0.08807937694685612,0.0
1970-01-02 15:03:00,-0.029442046044782302,0.3501847186325085,0.0774460421021479,0.0
1970-01-02 15:04:00,-0.0315884996694392,0.3704346999598401,0.0857486250476947,0.0
1970-01-02 15:05:00,-0.05723634947589253,0.38089610204474883,0.07814195628134815,0.0
1970-01-02 15:06:00,-0.0615122353619979,0.36537644535928865,0.08418662921705876,0.0
1970-01-02 15:07:00,-0.062464670219628364,0.3641676688093815,0.08551307102884857,0.0
1970-01-02 15:08:00,-0.053677182429022335,0.3691850330459303,0.0883153661024364,0.0
1970-01-02 15:09:00,-0.07202677934641881,0.3813764143686969,0.08043338632428482,0.0
1970-01-02 15:10:00,-0.06568915844516911,0.3784601363248867,0.08362034227101293,0.0
1970-01-02 15:11:00,-0.04598003240007526,0.3876338207404941,0.08544974412944711,0.0
1970-01-02 15:12:00,-0.058021870456938435,0.40304195553407257,0.07733630061775203,0.0
1970-01-02 15:13:00,-0.05632201858221624,0.3843206550846743,0.08759524381625011,0.0
1970-01-02 15:14:00,-0.0598945190302663,0.4146950068453697,0.08041930239865062,0.0
1970-01-02 15:15:00,-0.06733563192211056,0.40352832070795513,0.08571084067459765,0.0
1970-01-02 15:16:00,-0.05999563190013213,0.4094729367185628,0.08652015148676216,0.0
1970-01-02 15:17:00,-0.06070945412141793,0.3834445312109273,0.09472004216300893,0.0
1970-01-02 15:18:00,-0.06790982401486993,0.2048677247074949,0.7356837462494107,0.0
1970-01-02 15:19:00,-0.016417086311067634,0.05285178986247627,0.7380142183151972,0.0
1970-01-02 15:20:00,0.0406679971810243,0.17786884983737306,0.7514677652157183,0.0
1970-01-02 15:21:00,0.005920806708203201,0.18796027045249142,0.7539179821761622,0.0
1970-01-02 15:22:00,0.009807499278575,0.19000336354657746,0.7555713601759931,0.0
1970-01-02 15:23:00,0.0130425521983133,0.1896553254202856,0.7575057116629721,0.0
1970-01-02 15:24:00,0.0165967005435609,0.19134866281168192,0.7586710629724532,0.0
1970-01-02 15:25:00,0.019797841368805733,0.19374221858161714,0.7594791229726935,0.0
1970-01-02 15:26:00,0.022783646549832597,0.19387537243424965,0.7610089935803283,0.0
1970-01-02 15:27:00,0.03499939152731387,0.19176209159255056,0.7628401796831824,0.0
1970-01-02 15:28:00,0.043350316258527734,0.1990801420860382,0.7616969763539054,0.0
1970-01-02 15:29:00,0.04376816855028907,0.20386476567600073,0.7615983810170089,0.0
1970-01-02 15:30:00,0.03980605308000484,0.19622974560439163,0.7641791093003331,0.0
1970-01-02 15:31:00,0.0373413390245617,0.2063307507634403,0.7657686153017466,0.0
1970-01-02 15:32:00,0.038275068232545034,0.2118017354242188,0.7677110097246279,0.0
1970-01-02 15:33:00,0.04097753602096596,0.20681911633409142,0.7732680831889022,0.0
1970-01-02 15:34:00,0.043400142097184034,0.21241518364973166,0.7753233467228774,0.0
1970-01-02 15:35:00,0.043076606611568834,0.20934655756142131,0.7795710588083246,0.0
1970-01-02 15:36:00,0.053008670988117144,0.20460627470308282,0.7848681110478674,0.0
1970-01-02 15:37:00,0.047626699977873575,0.2022616758559345,0.7898784658297999,0.0
1970-01-02 15:38:00,0.048068569251631894,0.2219710152994835,0.7873051280120748,0.0
1970-01-02 15:39:00,0.05539340597634681,0.22300699543417532,0.7909877501644376,0.0
1970-01-02 15:40:00,0.0613774760626456,0.1999789878760243,0.8031270802295797,0.0
1970-01-02 15:41:00,0.06567131473823937,0.20210570270295947,0.8077125001969043,0.0
1970-01-02 15:42:00,0.0633110303268039,0.21272791668742994,0.8093298311355168,0.0
1970-01-02 15:43:00,0.06742112222438706,0.22153418991734466,0.8112224090296362,0.0
1970-01-02 15:44:00,0.06809134847670335,0.20673828285839735,0.8223664435381034,0.0
1970-01-02 15:45:00,0.06713547327065533,0.19815987100599552,0.8313719508815723,0.0
1970-01-02 15:46:00,-0.0760738921385956,0.4490819796440833,0.5878732671803659,0.0
1970-01-02 15:47:00,-0.08999797941487701,0.4469720308834158,0.5922781708464595,0.0
1970-01-02 15:48:00,-0.09444097328083156,0.4674788772276027,0.587152419666289,0.0
1970-01-02 15:49:00,-0.0887296788215684,0.4794735334548399,0.5829025842277497,0.0
1970-01-02 15:50:00,0.013872067601353335,0.4225772372645556,0.6076110549446284,0.0
1970-01-02 15:51:00,0.4013056478531509,0.23852683938875982,0.6868472060581013,0.0
1970-01-02 15:52:00,0.3833932610738839,0.24952364220467585,0.685299511721467,0.0
1970-01-02 15:53:00,0.366336765174611,0.2466596577952391,0.6878086696817002,0.0
1970-01-02 15:54:00,0.3819859228189995,0.2953679873907508,0.6716559879760697,0.0
1970-01-02 15:55:00,0.3713196647367188,0.30466784010055104,0.6686359939943008,0.0
1970-01-02 15:56:00,0.3641707668443052,0.28604505912465666,0.6752050502085422,0.0
1970-01-02 15:57:00,0.3501589598234192,0.29134158677831357,0.6750185360996542,0.0
1970-01-02 15:58:00,0.3461579092290476,0.31445933367812756,0.6668577787203805,0.0
1970-01-02 15:59:00,0.3557943300441609,0.2884636882866814,0.6753725633466982,0.0
1970-01-02 16:00:00,0.3425874095377255,0.32945992485474973,0.6621591722631778,0.0
1970-01-02 16:01:00,0.3527639002902159,0.3149618397851692,0.6664421071026412,0.0
1970-01-02 16:02:00,0.3768981776319363,0.28990339974323,0.673325767175797,0.0
1970-01-02 16:03:00,0.3766799906314417,0.2958970961468878,0.671796899755201,0.0
1970-01-02 16:04:00,0.3953923366884411,0.2860611552218901,0.669646860141803,0.0
1970-01-02 16:05:00,0.4049434267222072,0.2782850215476077,0.672954885632577,0.0
1970-01-02 16:06:00,0.415902959906364,0.2728396236761759,0.6733764461007876,0.0
1970-01-02 16:07:00,0.12617537888121114,0.4292226088991995,0.5624798767391073,0.0
1970-01-02 16:08:00,-0.004849087757657403,0.5092481897674447,0.499314253515825,0.0
1970-01-02 16:09:00,-0.006656219013653434,0.5066864742220271,0.5007600968475128,0.0
1970-01-02 16:10:00,0.007877994547525835,0.5170889320102885,0.4950592254455894,0.0
1970-01-02 16:11:00,0.0035535828452561654,0.516676620839927,0.4958780802567933,0.0
1970-01-02 16:12:00,-0.07791266222673064,0.32468944216899137,0.4974485902628641,0.0
1970-01-02 16:13:00,-0.1549468877327262,0.5125177001771927,0.481665383158346,0.0
1970-01-02 16:14:00,-0.15230548571421468,0.5157893776566705,0.48166380216154464,0.0
1970-01-02 16:15:00,-0.15221040497657354,0.5154629721194554,0.4820069364856727,0.0
1970-01-02 16:16:00,-0.15175683044013158,0.5122819229906036,0.48095638586800044,0.0
1970-01-02 16:17:00,-0.11857295124541671,-0.1910487627514418,0.38986304883542483,0.0
1970-01-02 16:18:00,-0.1401563085519963,-0.11802774906186204,-0.06209090801229742,0.023180670786826934
1970-01-02 16:19:00,-0.1187332208179418,-0.01683535197223733,-0.059160798775281624,0.0021334989403234334
1970-01-02 16:20:00,-0.10115179503593492,0.2814080081530124,-0.0013273991126052436,0.0
1970-01-02 16:21:00,-0.08796807733513623,0.31897233858938306,0.015598346515220442,0.0
1970-01-02 16:22:00,-0.07686372818452501,0.2914382380882573,0.013749000889796553,0.0
1970-01-02 16:23:00,-0.07906229107023213,0.1734349395510694,-0.008906422191764513,0.0
1970-01-02 16:24:00,-0.07997871230675853,0.06966117383537516,-0.05150157999598692,0.0
1970-01-02 16:25:00,-0.10066620839184492,0.17759681938488292,-0.040935082153670414,0.0
1970-01-02 16:26:00,-0.13116180216412354,0.0865053285943075,-0.08081427601239421,0.012510065742166466
1970-01-02 16:27:00,-0.06002530979159748,0.38143459147284225,-0.02616096197089629,0.0
1970-01-02 16:28:00,-0.04643229798373253,0.3634324094498333,-0.04002727088941337,0.008965892239639466
1970-01-02 16:29:00,-0.05105116931549342,0.0912741573325942,0.20881265215945935,0.0
1970-01-02 16:30:00,-0.01590792715821687,-0.0058268071256249625,0.3366620326538403,0.0
1970-01-02 16:31:00,0.0103065250087902,-0.17495982432064872,0.3097097696967278,0.012080420888943967
1970-01-02 16:32:00,0.0110286588314087,-0.18395705944256524,0.30455143644486166,0.013437504215783465
1970-01-02 16:33:00,-0.0025234320266612,-0.2048493353289266,0.28740198218706864,0.013878037052156332
1970-01-02 16:34:00,-0.0006247935238965011,-0.2287983353046594,0.2797770521824384,0.012236683623426933
1970-01-02 16:35:00,-0.02102431004232717,-0.08852930197705584,0.33766792373801335,0.0
1970-01-02 16:36:00,-0.03247824414959217,-0.10966325346508665,0.33098792699593044,0.0
1970-01-02 16:37:00,-0.012835571099106066,-0.07242217510584192,0.34633926089163447,0.0
1970-01-02 16:38:00,-0.043857572925134,-0.06814819549488539,0.34665726848678186,0.0
1970-01-02 16:39:00,-0.0177031335059534,-0.10254537095752177,0.3301464692488048,0.0
1970-01-02 16:40:00,-0.024837294481273465,-0.09854306716412466,0.3302042650768279,0.0
1970-01-02 16:41:00,-0.021179513021944065,-0.23486972738533815,0.26411151088573354,0.0
1970-01-02 16:42:00,-0.03873966707694717,-0.2400680145445829,0.25215805338158825,0.011977308542350601
1970-01-02 16:43:00,-0.03398146941721697,-0.2405481574883681,0.26289638672028826,0.012419590911271934
1970-01-02 16:44:00,0.006256296610365332,-0.21568216320196357,0.2688527510731946,0.009198067149712934
1970-01-02 16:45:00,-0.04134477178496794,-0.012423476981700201,0.26889791826621723,0.007139875020817567
1970-01-02 16:46:00,-0.06486933095634671,0.04768369419139351,0.28886023175053693,0.0
1970-01-02 16:47:00,-0.08025122831332997,0.0217731424046661,0.27512993690546367,0.0
1970-01-02 16:48:00,-0.08132387281586444,-0.009618969918246493,0.2559906313707342,0.006524972307207166
1970-01-02 16:49:00,-0.07159342638854867,-0.033253729837867174,0.25960912208659404,0.008741810536969033
1970-01-02 16:50:00,-0.06453157136781668,-0.20275474038183808,0.2633657832201587,0.022581716024890067
1970-01-02 16:51:00,-0.08136632668374964,-0.3131311142228439,0.3594400482580176,0.018856272174812432
1970-01-02 16:52:00,-0.07621691638260701,-0.24005024955456902,0.29623179613932965,0.010136578303185999
1970-01-02 16:53:00,-0.0565009618842027,-0.08896928189518433,0.24676496869640843,0.013726754562965633
1970-01-02 16:54:00,-0.05940944501787526,-0.07837240058889937,0.24531520913411187,0.0145713506054903
1970-01-02 16:55:00,-0.06690915718761876,-0.08683488260984266,0.2536713622465062,0.012298124581642166
1970-01-02 16:56:00,-0.06751109629635359,-0.0783276244446916,0.2476170631192619,0.013669476361883868
1970-01-02 16:57:00,-0.0678524890998375,-0.07497436550798796,0.24803398212897299,0.013787306852626633
1970-01-02 16:58:00,-0.06437409887310533,-0.07920687686968049,0.2292748797332832,0.011561545460747067
1970-01-02 16:59:00,-0.057676421392923866,-0.06730667499204043,0.2452339546012561,0.011921531293973166
1970-01-02 17:00:00,-0.08218559177080516,-0.02508536152428213,0.26049945052383644,0.0088617780059923
1970-01-02 17:01:00,-0.07586221506297713,0.029796112793813334,0.26100878290621227,0.002877300746483333
1970-01-02 17:02:00,-0.07557115970612754,0.011651372454977863,0.2563625572421166,0.005649412264604234
1970-01-02 17:03:00,-0.059036318819123364,-0.2019814302668984,0.25073851164806404,0.019410983500535
1970-01-02 17:04:00,-0.0013245308159776324,-0.3554611498280287,0.25930037806903505,0.014157459690505
1970-01-02 17:05:00,0.01778071508773477,-0.3046560881063159,0.22417810382476586,0.007873199387709
1970-01-02 17:06:00,0.010026309572720733,-0.16853844300597243,0.26200647408036976,0.0112712374942075
1970-01-02 17:07:00,0.019413053865403863,-0.2177868113598899,0.2669307424479916,0.009080102417340733
1970-01-02 17:08:00,0.0133210980191147,-0.22278258958922326,0.2694164175291293,0.008067313951242367
1970-01-02 17:09:00,0.019701680442941835,-0.15971617759220727,0.2820526722573614,0.004160458481678033
1970-01-02 17:10:00,0.026237724650738734,-0.14133494269197552,0.28569581105179415,0.005893356794211266
1970-01-02 17:11:00,0.048901809118873395,-0.12603417499452133,0.290406833410483,0.0037169813983875667
1970-01-02 17:12:00,0.03184160534954487,-0.16577390966093475,0.27859668093750767,0.0080663988002319
1970-01-02 17:13:00,0.0355683183528614,-0.14024477211017009,0.284131040015764,0.00909584035115
1970-01-02 17:14:00,0.0321516231022494,-0.16866336585779193,0.27918924047260135,0.0093463238785875
1970-01-02 17:15:00,0.0352090182789612,-0.18255834794894832,0.2771823995236162,0.009225044943319667
1970-01-02 17:16:00,0.047580662667510265,-0.14775773882918794,0.2825828815332795,0.009491914636420433
1970-01-02 17:17:00,0.043371418902270364,-0.11032506161522254,0.2907003959908667,0.004278797735293134
1970-01-02 17:18:00,0.0228257774646006,-0.060835954232300336,0.2918412761597316,0.004903558978660633
1970-01-02 17:19:00,0.0291735614137075,-0.02564958677357897,0.24120445306556682,0.006005447033259234
1970-01-02 17:20:00,0.021763455274140402,0.18912470871942497,0.1560293188942974,0.0074744535503889
1970-01-02 17:21:00,0.016833590696345036,0.19745045113131024,0.15477281806027088,0.006911039919635033
1970-01-02 17:22:00,0.004387958124914201,0.18722996243733847,0.15157984272205136,0.0063499221728805675
1970-01-02 17:23:00,0.003570385220166001,0.16095371887916993,0.14717739999593293,0.008245100804407468
1970-01-02 17:24:00,0.005996457040078,0.17403656294395412,0.14968196968104555,0.008254617930554901
1970-01-02 17:25:00,0.007472677068881567,0.1868080264883155,0.1500504337979636,0.0083232824913432
1970-01-02 17:26:00,0.0049942073215257345,0.19871345922392378,0.15047356075841778,0.0078722423028592
1970-01-02 17:27:00,0.007759034131325099,0.2115613231852377,0.15287098044013,0.0055424501626122336
1970-01-02 17:28:00,0.003279090966990634,0.22771434211702593,0.15471596986335803,0.004488177621042433
1970-01-02 17:29:00,-0.0010272641546590657,0.23193268532627886,0.15460882952966296,0.004059310462936133
1970-01-02 17:30:00,0.0012182119970134987,0.16816413277330752,0.14913524454863367,0.0052794212005689
1970-01-02 17:31:00,0.0025569870064129315,0.18597307195766297,0.14561227118081002,0.007187824830119567
1970-01-02 17:32:00,0.005969541387378934,0.18586703001222396,0.14216002203687136,0.008481329446229266
1970-01-02 17:33:00,0.010430581879939832,0.1646875949687173,0.14198964183112148,0.0053702001683628665
1970-01-02 17:34:00,0.029558473164528833,0.14235478065207144,0.13702750689790846,0.007272246842105267
1970-01-02 17:35:00,0.012548915416255366,0.13997716141651728,0.13357759782262998,0.007948784183423667
1970-01-02 17:36:00,0.027196913306577832,-0.04562052424627013,-0.03697816626011833,0.007113579881053301
1970-01-02 17:37:00,0.020482254279242332,0.0037568918646074347,-0.03040156767581544,0.004687027377181667
1970-01-02 17:38:00,0.006036193462258001,0.015322408504134,-0.03083953279890994,0.004345415853700467
1970-01-02 17:39:00,0.01878068533717895,0.21750766288809012,0.14430023722977872,0.005086774197204467
1970-01-02 17:40:00,0.024016715464426432,0.21677505382991244,0.14249742706066418,0.0054446893799109325
1970-01-02 17:41:00,0.0050141153486700655,0.22483900425491335,0.13892861929015873,0.007450143838568933
1970-01-02 17:42:00,0.0169248391387609,-0.1602399708002947,0.2505859333696005,0.008141889082050867
1970-01-02 17:43:00,0.022461888590443665,-0.24555097993976535,0.2244090647336385,0.02533157348176113
1970-01-02 17:44:00,0.024148247799768832,-0.16763927346654847,0.26691426527031864,0.005745616926905433
1970-01-02 17:45:00,-0.006722811364451066,-0.16040421974049593,0.2706157704053817,0.008479511204502166
1970-01-02 17:46:00,-0.008872659307736066,-0.29616106516704094,0.2363137965932448,0.008204048448911334
1970-01-02 17:47:00,-0.0057659121317335344,-0.2579590333631136,0.25481132379337623,0.0082617605665805
1970-01-02 17:48:00,0.009569828464315632,-0.2909494368290924,0.24267684940775333,0.0083332922819809
1970-01-02 17:49:00,0.005804016095687699,-0.2399348020283263,0.26738551835358887,0.0078511491624439
1970-01-02 17:50:00,-0.006320490043892101,-0.24661488663280093,0.2625639422552668,0.008040194248560834
1970-01-02 17:51:00,-0.0075376070994126665,-0.23118759195375038,0.23756378004596188,0.008179297169316266
1970-01-02 17:52:00,-0.018763126457237767,-0.24504131502996152,0.26108612120845903,0.008251785939071067
1970-01-02 17:53:00,-0.027978830934710704,-0.21996026771806074,0.26522289845371644,0.008483987319902067
1970-01-02 17:54:00,-0.0137872245666711,-0.2698698763003918,0.24636324079357771,0.010381259910845334
1970-01-02 17:55:00,-0.012380294426343233,-0.2247560777199243,0.2689539348684821,0.0086182615985201
1970-01-02 17:56:00,-0.02300937924493883,-0.2132906448295225,0.2728666457046797,0.008465874791806266
1970-01-02 17:57:00,-0.016991899328196402,-0.19494133310820516,0.27755196598692805,0.009171644068467334
1970-01-02 17:58:00,-0.018108978547317,-0.1765598092653428,0.2806926378896821,0.008462854385053334
1970-01-02 17:59:00,-0.02232406531852373,-0.17083243825880845,0.28077902703600255,0.009686923673717299
1970-01-02 18:00:00,-0.005954092758314967,-0.1565361646714102,0.28346495204227506,0.009132910034662567
1970-01-02 18:01:00,0.007580379495732201,-0.2549128108438344,0.2590201403424269,0.0103192253743783
1970-01-02 18:02:00,0.016822093810669198,-0.1492075732413474,0.23013295003395462,0.0107607585364106
1970-01-02 18:03:00,0.06137509394000767,-0.03335793849213259,0.22210109949479762,0.0109171599801375
1970-01-02 18:04:00,0.0603281507005165,0.06393931764767012,0.17834007500345528,0.009872393778080966
1970-01-02 18:05:00,0.031658123017369526,0.0718207858561235,0.08764457381736442,0.009246335767846866
1970-01-02 18:06:00,0.03580988235423028,0.07798839583280003,0.10932484580760597,0.0095992242196919
1970-01-02 18:07:00,0.007013309296540662,-0.11656074249025851,0.15271899201368416,0.04138574571146293
1970-01-02 18:08:00,0.011727301181996904,-0.10147236755339095,0.14839345245307797,0.03627241426609527
1970-01-02 18:09:00,0.027963422121701036,0.07772308671665328,0.11666235349465907,0.004294647757799467
1970-01-02 18:10:00,-0.03975637997721974,-0.489355610547117,-0.1240225414752754,0.03427295313793827
1970-01-02 18:11:00,-0.0350187074934753,-0.3213496589187676,-0.056392560403433246,0.0256895585951111
1970-01-02 18:12:00,0.0347753019995957,-0.14145375789439588,0.06722412903974055,0.0246321800765444
1970-01-02 18:13:00,0.03759802135233064,-0.16435419502713314,0.052850489367825514,0.03187618712599827
1970-01-02 18:14:00,0.0687723892641074,0.018300241291806168,0.12008233483232138,0.025958545219689298
1970-01-02 18:15:00,0.06771222709459244,0.008736828066951382,0.1318118129547536,0.0229783477024381
1970-01-02 18:16:00,0.06518956152697623,0.001256372375648222,0.1330259121314468,0.01946167111819
1970-01-02 18:17:00,0.07982473864781774,0.12065849698715135,0.1075239309007121,0.010721611335814833
1970-01-02 18:18:00,0.08013968363724046,0.1699871316111484,0.1071112859007024,0.009154066627959766
1970-01-02 18:19:00,0.07458226827378912,0.17417893195253986,0.108127891018245,0.008995808041118967
1970-01-02 18:20:00,0.0815151690486939,0.13137882654148572,0.1007599237597896,0.008802404363602034
1970-01-02 18:21:00,0.03406078299735984,-0.11739408292759508,0.22328799779074315,0.0092259826136091
1970-01-02 18:22:00,0.1074723298728882,-0.3330231105761408,0.2597147152674559,0.0
1970-01-02 18:23:00,0.0843072300396267,-0.21339047949017256,0.3039805273797268,0.0016309315564223667
1970-01-02 18:24:00,-0.046837615462376726,-0.31746911953533113,0.26055307870891525,0.0
1970-01-02 18:25:00,-0.035178648583552595,-0.22176199440016428,0.26481798921787264,0.0043032748480706
1970-01-02 18:26:00,-0.05288212052596753,-0.21725808620000386,0.2548640333564603,0.007049393707638767
1970-01-02 18:27:00,-0.014272452866272498,-0.24481985544889664,0.2600207807766725,0.007935740679855268
1970-01-02 18:28:00,-0.027451377709536266,-0.24710722494830625,0.25393167071068246,0.006537467232840266
1970-01-02 18:29:00,-0.02212522394340653,-0.19650816935868934,0.2753548155697611,0.0038092775771510668
1970-01-02 18:30:00,-0.03394667018576877,-0.22514320106372654,0.26461577634258077,0.0048476113707516
1970-01-02 18:31:00,-0.029533856888964937,-0.24632186891473115,0.2589986445877514,0.0033796897069056663
1970-01-02 18:32:00,-0.038671223279625105,-0.23401995707221188,0.2632028196783026,0.005998249094201033
1970-01-02 18:33:00,-0.05778559701378316,-0.26244848446820374,0.2616183224436498,0.010185474266416467
1970-01-02 18:34:00,-0.06348096505133093,-0.21029266576601846,0.2661341327936168,0.014184415245715468
1970-01-02 18:35:00,-0.08239517352656671,-0.2082467427068817,0.24841358574628977,0.013178540629628433
1970-01-02 18:36:00,-0.07693568574863806,-0.18878204268658283,0.2606214822035508,0.012411271224243433
1970-01-02 18:37:00,-0.08901578703367259,-0.15160005807707017,0.2683599538867231,0.011926433948250098
1970-01-02 18:38:00,-0.0479535300619093,-0.11754825872988046,0.2737157425189189,0.012514413995776234
1970-01-02 18:39:00,-0.07019799313389663,-0.16871982923323137,0.2696831466775633,0.009928466512816966
1970-01-02 18:40:00,-0.08522888211028527,-0.17660957714258305,0.26587816602707853,0.009541097871368066
1970-01-02 18:41:00,-0.05101394130473353,-0.11835506626289467,0.28497111499504496,0.0
1970-01-02 18:42:00,-0.044136066316855536,-0.12993214060764616,0.28234809142114486,0.0
1970-01-02 18:43:00,-0.0327588179301503,-0.0810638912296231,0.3076827093941545,0.0
1970-01-02 18:44:00,-0.010095300840789237,-0.12745153823312202,0.3045538151923427,0.0
1970-01-02 18:45:00,-0.012333799228947735,-0.1427936546173724,0.3047103000317099,0.0004564677476948
1970-01-02 18:46:00,-0.0222629277671636,-0.09541531300531458,0.30846586848858615,0.0
1970-01-02 18:47:00,-0.05634908354511886,-0.14105520637137547,0.2930609547563293,0.0
1970-01-02 18:48:00,-0.040415763698279435,-0.34821103123102776,0.2299733998980369,0.018207030145645935
1970-01-02 18:49:00,-0.028838061386258367,-0.2985128888001576,0.24747051873684758,0.0147688114429237
1970-01-02 18:50:00,-0.012709762321567737,-0.10246696786923275,0.2865708130062834,0.008109459988619033
1970-01-02 18:51:00,0.003884255176122902,-0.145271576799909,0.284503700784742,0.004318815287351866
1970-01-02 18:52:00,0.0585301074589119,-0.14771504506462846,0.30270284989129653,0.006381297722783866
1970-01-02 18:53:00,0.06683843392118873,-0.14383423666563933,0.30496711773230634,0.005305597516460633
1970-01-02 18:54:00,0.056756969159264765,-0.16906600243179695,0.2890574840670575,0.0039479953944214
1970-01-02 18:55:00,0.0666683397372679,-0.1650963591191994,0.2981907913869499,0.0032365517502569666
1970-01-02 18:56:00,0.05745706479583451,-0.2005900120838199,0.2860478560092707,0.0033283055694589
1970-01-02 18:57:00,-0.0547898271350965,-0.23593620467143236,0.24835558685445738,0.007447607057992567
1970-01-02 18:58:00,-0.034950850982954064,-0.18255026751882983,0.2695770216629148,0.008343586516640565
1970-01-02 18:59:00,-0.051180163377374834,-0.14531721977200865,0.2730103375240579,0.007470406720432
1970-01-02 19:00:00,-0.036194485530630864,-0.14517763059080027,0.2784837097715726,0.0079369829457921
1970-01-02 19:01:00,-0.05435839032483897,-0.14399044502987804,0.27472254255538153,0.0074550614954655
1970-01-02 19:02:00,-0.06705102178904904,-0.16594855057229949,0.2658493696449717,0.008147235223629068
1970-01-02 19:03:00,-0.06756920782758784,-0.13945305933872124,0.2712278240661732,0.006868486189728701
1970-01-02 19:04:00,-0.05827141260018537,-0.14045910776085915,0.26797206333204354,0.0077765101991353
1970-01-02 19:05:00,-0.057230192918498124,-0.15125163311869358,0.26791958584188447,0.008055806216039832
1970-01-02 19:06:00,-0.0642721200040587,-0.1499131412547143,0.2717875936309094,0.0082580793182502
1970-01-02 19:07:00,-0.06815327948196064,-0.2251762700496245,0.27872390524891805,0.0
1970-01-02 19:08:00,-0.043884518439873836,-0.3965896922303059,0.22090809961486638,0.023721478478161834
1970-01-02 19:09:00,-0.0631523930173279,-0.5391255502399278,0.2672359280140343,0.04014731053898577
1970-01-02 19:10:00,-0.0702544423448642,-0.5935978718295207,0.2569664400020078,0.0543702078871603
1970-01-02 19:11:00,-0.0501085142761975,-0.47421238632812585,0.2641534387275117,0.0266433568458327
1970-01-02 19:12:00,-0.022701481697125204,-0.43487967219287177,0.24876564037347149,0.023576694397685668
1970-01-02 19:13:00,0.0281080539389043,-0.43673514220427134,0.26064353880112806,0.023077893937109167
1970-01-02 19:14:00,0.0621929256491088,-0.32912728712389816,0.26509935829999004,0.019433880884193833
1970-01-02 19:15:00,0.048511313166438134,-0.33124358265890036,0.273728438841856,0.01879883826920607
1970-01-02 19:16:00,-0.015952053300382168,-0.28382935237941126,0.2699255758568115,0.020128601853327235
1970-01-02 19:17:00,-0.023400910414785633,-0.20331670390778486,0.2762190358029443,0.007471604064373533
1970-01-02 19:18:00,-0.008259631427881867,-0.18850130004854518,0.2790819550933281,0.0073991244236741
1970-01-02 19:19:00,-0.027013948583108266,-0.17585483906431512,0.27897008627378667,0.006766090812795167
1970-01-02 19:20:00,-0.024300822919802633,-0.16572303583086692,0.28163390633395563,0.005862724843164833
1970-01-02 19:21:00,-0.014441959763392636,-0.16384822659029352,0.284353530262875,0.004287885750764733
1970-01-02 19:22:00,-0.007545072609591766,-0.19589838084560485,0.27810093449094797,0.009273962302111267
1970-01-02 19:23:00,-0.005697617644615034,-0.19701033172363594,0.2779732943822136,0.00991995242406
1970-01-02 19:24:00,-0.06310102035328213,-0.40560628650847436,0.151288301110056,0.028949272458855566
1970-01-02 19:25:00,-0.027112692397743967,-0.2979763024080108,0.2364826296461616,0.010622517588103534
1970-01-02 19:26:00,-0.0599115951405493,-0.4347185916580685,0.14508010862444,0.019119921345564367
1970-01-02 19:27:00,-0.014328971755335235,-0.25027260143033137,0.26174319701669474,0.0084020412534679
1970-01-02 19:28:00,-0.03227706358128556,-0.4355038380927146,0.20748007008486305,0.020358030184981633
1970-01-02 19:29:00,-0.019155294683953134,-0.3886256362471891,0.25360292974275517,0.02458871299282923
1970-01-02 19:30:00,-0.01525841781862077,-0.4447792054054542,0.2293178519032237,0.030449285247523838
1970-01-02 19:31:00,-0.019116931915646066,-0.4485266717621799,0.22274901809220216,0.033366871050805595
1970-01-02 19:32:00,-0.0186683941100716,-0.41009456191596394,0.24973060926520793,0.028270511883864934
1970-01-02 19:33:00,0.017313802173106067,-0.47220979470004365,0.2056252272320288,0.029330331695320833
1970-01-02 19:34:00,-0.005595827901826299,-0.4262595869122316,0.24550774263449118,0.029255376294549534
1970-01-02 19:35:00,-0.021153105023937135,-0.3622262533106797,0.2606555389052902,0.0237696651082977
1970-01-02 19:36:00,-0.023108580944198865,-0.3729080339326732,0.253319568701365,0.024059775501419967
1970-01-02 19:37:00,-0.009986891678974999,-0.4308720976873506,0.22212745911119222,0.0266612023916986
1970-01-02 19:38:00,-0.012177133009335733,-0.3870402877412669,0.25419828382265375,0.0265889321621102
1970-01-02 19:39:00,-0.005759680919237367,-0.3727956651399775,0.25306712170752227,0.0233109111890675
1970-01-02 19:40:00,-0.012843773206289535,-0.352581328373372,0.2641600721452838,0.024110325910558835
1970-01-02 19:41:00,0.062076622954531833,-0.34575627427663597,0.25907998614795397,0.023604669876057832
1970-01-02 19:42:00,-0.04954909871344293,-0.4532417472076315,0.19727045688747913,0.023817880759082533
1970-01-02 19:43:00,-0.028253034146582628,-0.41429049712603505,0.2359397240473066,0.025163518335307267
1970-01-02 19:44:00,-0.03199575320372313,-0.4816619749756472,0.21695648755462038,0.0213665690627164
1970-01-02 19:45:00,-0.0159817461228679,-0.41335990258464594,0.24320577261287882,0.025565895852943568
1970-01-02 19:46:00,-0.020747419246790768,-0.42994833813370664,0.2471359856155013,0.027072927237047267
1970-01-02 19:47:00,0.0020509647724593024,-0.41222317238515416,0.25936160664240676,0.026574374034454867
1970-01-02 19:48:00,-0.0053391437538412995,-0.42967127204155514,0.2548302087276458,0.0292137363606902
1970-01-02 19:49:00,0.0010314747024000963,-0.43411550860672216,0.25648514976473263,0.03105140235632167
1970-01-02 19:50:00,-0.0198767615876623,-0.4173922962657839,0.2556833378089564,0.02451053797886207
1970-01-02 19:51:00,-0.004114163027598737,-0.45220133453952727,0.2512130040825786,0.0307516738637725
1970-01-02 19:52:00,-0.005946418213850832,-0.4172284060129862,0.24943736578509612,0.02294284965426323
1970-01-02 19:53:00,0.003515309663071305,-0.40044448582899994,0.25751207245773133,0.021995759547274164
1970-01-02 19:54:00,0.017117090956893368,-0.371382745639765,0.2566040774690754,0.022833637185758232
1970-01-02 19:55:00,-0.00814234328596127,-0.35193374815690964,0.26266298904570345,0.0212059024605049
1970-01-02 19:56:00,-0.0040124031468507055,-0.3738287645704652,0.2550845799928249,0.0071328817961754665
1970-01-02 19:57:00,0.008406532760179634,-0.028048039769154962,0.3274917000327097,0.00020726991792893333
1970-01-02 19:58:00,0.005358126057723465,-0.1710507692886314,0.3200142330324885,0.0
1970-01-02 19:59:00,-0.005097878372879667,-0.12402940135140104,0.33970311626266597,0.0023504418576885664
1970-01-02 20:00:00,-0.021930294495623198,-0.11134036616507936,0.4510092459883947,0.0
1970-01-02 20:01:00,-0.011610879039257066,-0.0601302566929266,0.5747847893487115,0.004323668597778667
1970-01-02 20:02:00,-0.03182477311259433,-0.03374463340375842,0.5533011314744467,0.0005262619779082667
1970-01-02 20:03:00,0.005395354068483266,-0.033213766082990204,0.5521763030162258,0.0
1970-01-02 20:04:00,-0.04544679091600856,-0.007985497519016968,0.5851569889694481,0.0
1970-01-02 20:05:00,-0.06255048377063381,0.018325060467422882,0.5652338764700381,0.0
1970-01-02 20:06:00,-0.029851350105862096,0.12209625559005849,0.616091836052585,0.0
1970-01-02 20:07:00,0.07687241803837357,0.12035889336981119,0.6815238399474648,0.0
1970-01-02 20:08:00,0.03974846653642996,0.12005760591438229,0.6711043361288548,0.0
1970-01-02 20:09:00,-0.07094147831562732,0.1093186744327591,0.6447788634632693,0.0
1970-01-02 20:10:00,-0.059397191627167924,0.1258141401995317,0.5963715842987156,0.00033026461603886666
1970-01-02 20:11:00,-0.09088095018879416,0.10319173562222768,0.620772998361594,0.0020518950653553333
1970-01-02 20:12:00,-0.04009689682750933,0.10102892032369502,0.6362956310850426,0.002116826637767933
1970-01-02 20:13:00,-0.029455120641609267,0.08511383070291723,0.5812330806146209,0.0018716044975794
1970-01-02 20:14:00,-0.023210948019774802,0.11469526908571592,0.5727830346646652,0.001011428868754
1970-01-02 20:15:00,-0.0808519828944497,0.11719121531028011,0.5851207565840371,0.0012467111629181
1970-01-02 20:16:00,0.03776293944919397,0.1119431004925611,0.5976332584250281,0.0011329134743806332
1970-01-02 20:17:00,-0.0065765570430355675,0.13201318514171226,0.6059078379042949,0.00030884187269550003
1970-01-02 20:18:00,-0.010295615409915066,0.17148884617081328,0.5953648519501896,0.0025823933298162
1970-01-02 20:19:00,0.0288562473690547,0.20749900899652177,0.5880605016822917,0.0
1970-01-02 20:20:00,0.10327178591551034,0.16696402450231915,0.59787678995067,0.003488235089737
1970-01-02 20:21:00,0.03789638295514213,0.24959520034168084,0.5991043106781907,0.0
1970-01-02 20:22:00,0.005846768583980099,0.3064793260690924,0.6089612310478492,0.0
1970-01-02 20:23:00,0.035565451596952666,0.4273156024823894,0.5899420522609081,0.0
1970-01-02 20:24:00,0.0441550983908055,0.21014697889895007,0.4380909452986807,0.0
1970-01-02 20:25:00,-0.006450001714479267,0.03586253306853756,0.25331308032917105,0.015341195585437867
1970-01-02 20:26:00,-0.0014935798284734052,-0.17476877346057232,0.250291490846043,0.021434752007896334
1970-01-02 20:27:00,-0.006417233101799799,-0.07127324953462998,0.266954143134593,0.0018405174831490334
1970-01-02 20:28:00,-0.025406813367803833,0.019882152376777668,0.24799135806841996,0.004344598819640734
1970-01-02 20:29:00,-0.04158335953627863,0.03962120840662361,0.24664214410086727,0.004265654425727567
1970-01-02 20:30:00,-0.033752417610908365,0.08211128833855715,0.25325911370441007,0.0
1970-01-02 20:31:00,-0.010178775198605295,0.011473393758052461,0.23435028559329293,0.026420452053926697
1970-01-02 20:32:00,-0.0253358910211023,0.006294057249960974,0.23853233639833007,0.0251839981603874
1970-01-02 20:33:00,-0.04653997552554923,-0.1683056648446183,-0.043054053004237626,0.0219405120119458
1970-01-02 20:34:00,-0.0737654518740723,-0.2511617974672294,-0.02549917218137195,0.034130394057523196
1970-01-02 20:35:00,-0.018658231062214436,-0.01912592973120072,0.24413432539480517,0.029265295894281368
1970-01-02 20:36:00,-0.06027557360082839,-0.07554930156169588,0.4050035734879078,0.0
1970-01-02 20:37:00,0.08219788497756673,-0.1413880782453934,0.7119598559480808,0.0
1970-01-02 20:38:00,0.02413012154105393,-0.10252700815516863,0.903205815739764,0.0
1970-01-02 20:39:00,-0.034892201934986995,-0.22016776838100469,0.9136986836117806,0.0
1970-01-02 20:40:00,-0.0631511686736586,-0.26577326761048237,0.9264906689423738,0.0
1970-01-02 20:41:00,-0.01551211576253407,-0.21012591597753147,0.9274654042363695,0.0
1970-01-02 20:42:00,-0.03667390068630613,-0.10188210813069376,0.9250582084826928,0.0
1970-01-02 20:43:00,-0.018635784761609268,0.07727481713408757,0.8790703185700819,0.0
1970-01-02 20:44:00,-0.011540036324664132,0.08832140277255236,0.8663367962771713,0.0
1970-01-02 20:45:00,-0.019862457670159133,0.02830516881979339,0.8640237737825069,0.0
1970-01-02 20:46:00,-0.009734467848798965,0.09437881600803229,0.8686947925707539,0.0
1970-01-02 20:47:00,0.01640899229341157,0.20536496839858356,0.8579624351098719,0.0
1970-01-02 20:48:00,0.004366347961449068,0.11288572102550758,0.8942815384373345,0.0
1970-01-02 20:49:00,-0.011896399964560536,0.1260801866175635,0.8875523228957473,0.0
1970-01-02 20:50:00,-0.0182290339050106,0.039208409022851796,0.865569485829574,0.0
1970-01-02 20:51:00,0.005308714334351335,0.0766729994521927,0.8844780625283558,0.0
1970-01-02 20:52:00,0.0086728922093567,0.049851272061561945,0.9091478592592587,0.0
1970-01-02 20:53:00,0.006750891636738165,-0.03882957534348674,0.9402008314612059,0.0
1970-01-02 20:54:00,0.0057755575708849346,-0.03831231821697483,0.940432846367946,0.0
1970-01-02 20:55:00,0.004820290796393235,-0.0446051898057963,0.9411843468475296,0.0
1970-01-02 20:56:00,-0.00043781733295726756,-0.03553568913560687,0.9400251135781817,0.0
1970-01-02 20:57:00,-0.0003980410947230003,-0.02631352712105803,0.9396255516893174,0.0
1970-01-02 20:58:00,-3.406263444389809e-05,-0.15287305959928782,0.9141071416294356,0.00013219877018053335
1970-01-02 20:59:00,0.013971045335307936,-0.1306243375516925,0.9202999206049517,0.00043528925719763336
1970-01-02 21:00:00,-0.0009870499398275667,-0.1686513597933125,0.9145092176416539,0.0028385727999081997
1970-01-02 21:01:00,0.011052747544253267,-0.22466187245880187,0.8841968288221113,0.013014213787818833
1970-01-02 21:02:00,-0.0378185823850622,-0.03307056013712957,0.9320983437255106,0.0
1970-01-02 21:03:00,-0.002713882168337095,-0.11185386703739326,0.9094395749259477,0.0
1970-01-02 21:04:00,0.018030013357649134,-0.12760161902088374,0.9096065417257595,0.0020025490673581336
1970-01-02 21:05:00,0.06011848931264637,-0.106446086507407,0.9136801854657195,0.0
1970-01-02 21:06:00,0.04238670815563226,-0.0908559577106914,0.9206693033438644,0.0
1970-01-02 21:07:00,0.013680517541177703,-0.11418348194210787,0.9150171382470694,0.0
1970-01-02 21:08:00,-0.007009417277233934,-0.07065939589763875,0.9127945855143232,0.0
1970-01-02 21:09:00,-0.028470718469391868,-0.13164813103676629,0.925106295926688,0.0
1970-01-02 21:10:00,-0.020033845875844333,-0.14392760498948678,0.9430209236272274,0.0
1970-01-02 21:11:00,-0.015032770284953768,-0.17985713289417318,0.9427488277924038,0.0
1970-01-02 21:12:00,-0.012510731820192633,-0.20342314439478335,0.9371186032567237,0.0
1970-01-02 21:13:00,-0.016531506292457535,-0.2076085680712231,0.935349994834927,0.0
1970-01-02 21:14:00,-0.009487419185951834,-0.1703131186797262,0.9181098290725856,0.0
1970-01-02 21:15:00,-0.009724503881213235,-0.13939065769404543,0.8576754092502082,0.008342051228269766
1970-01-02 21:16:00,-0.011338368009692434,0.06763475440380552,0.8384400932124771,0.0
1970-01-02 21:17:00,0.006326771026456133,0.27482054958873087,0.7788937101072082,0.0
1970-01-02 21:18:00,0.007488603490597,0.2813190088410108,0.7777680984028654,0.0
1970-01-02 21:19:00,0.009871036915008765,0.28557463561315327,0.7770601115967141,0.0
1970-01-02 21:20:00,0.010876790446338401,0.28913998840427385,0.7765882783311314,0.0
1970-01-02 21:21:00,0.010591548233415035,0.29727791810625354,0.7753123800684594,0.0
1970-01-02 21:22:00,0.0088060370948977,0.2811733717916373,0.7839403969427526,0.0
1970-01-02 21:23:00,0.018340588535113667,0.14583667884063672,0.8378783703672891,0.0
1970-01-02 21:24:00,0.013270531630168133,-0.0035548014033334185,0.8265397804081503,0.0
1970-01-02 21:25:00,0.018563837151509766,0.004561069023328941,0.8300090385635484,0.0
1970-01-02 21:26:00,0.005160250221922731,-0.056716020897622364,0.7996386121733524,0.0027840872186009
1970-01-02 21:27:00,0.0466854385028857,-0.02165084992713921,0.8253802377082358,0.003555334943968367
1970-01-02 21:28:00,0.04243451728281924,-0.00859034411676396,0.8277140984176214,0.0024361669672596
1970-01-02 21:29:00,0.019621709897903197,0.0006613996450373824,0.8279789419735399,0.0
1970-01-02 21:30:00,0.011119091044711633,-0.036637457276793205,0.8061054692732594,0.0
1970-01-02 21:31:00,0.005359977504247833,-0.010283009901115378,0.8225253346034685,0.0
1970-01-02 21:32:00,0.007728704251970764,0.007173140294787069,0.8279305934475042,0.0
1970-01-02 21:33:00,0.009906353755162732,0.0001650161327032921,0.8253989775969273,0.0
1970-01-02 21:34:00,0.0027582969768959998,-0.008487440686105852,0.8256269892457117,0.0022143514892722003
1970-01-02 21:35:00,0.0214997137305329,0.021980144890660802,0.8271282109791206,0.0004152269244144
1970-01-02 21:36:00,0.043359225235644505,0.004989132548829008,0.8289176092671129,0.0005486096355971666
1970-01-02 21:37:00,0.04574517242684723,-0.02178819731207556,0.8226627604538722,0.00018312089996006667
1970-01-02 21:38:00,0.06517844289381618,-0.13726384066187292,0.7808551807993616,0.0012198631820218573
1970-01-02 21:39:00,0.06528782754896044,-0.09520245195839556,0.8023336750510457,0.0006346928212701333
1970-01-02 21:40:00,0.01832056105980656,-0.15038527351315387,0.8892537462057648,0.0
1970-01-02 21:41:00,-0.034993225218730634,-0.0791788693615879,0.8534041167358142,0.0
1970-01-02 21:42:00,-0.023360596659818433,0.19228322032308798,0.8369529409001446,0.0
1970-01-02 21:43:00,-0.019355659023146832,0.11134253821657852,0.8381098244311271,0.0
1970-01-02 21:44:00,-0.019129384386624832,0.1709821105414717,0.8448805423474636,0.0
1970-01-02 21:45:00,-0.009112401724621232,0.3045488206455815,0.7874809691740531,0.0
1970-01-02 21:46:00,-0.013921763014112234,0.31141747518892476,0.7774093910185013,0.0
1970-01-02 21:47:00,-0.004382274383164533,0.3207137659335371,0.7740359596417061,0.0
1970-01-02 21:48:00,0.0010428620939266,0.3263518835578256,0.7705977509097283,0.0
1970-01-02 21:49:00,0.0004320838211397347,0.3205506428732414,0.7700865619439528,0.0
1970-01-02 21:50:00,-0.006377078611049767,0.3024530300738146,0.7992621608799332,0.0
1970-01-02 21:51:00,0.0013486095748086336,0.306454307622696,0.7972861566208534,0.0
1970-01-02 21:52:00,-0.005740200914676701,0.30210461507897696,0.8004850981671857,0.0
1970-01-02 21:53:00,-0.007163385959167867,0.29789457149770016,0.8009983371104652,0.0
1970-01-02 21:54:00,-0.0128160711865182,0.27490448244115756,0.8075458250472421,0.0
1970-01-02 21:55:00,-0.011888197857377034,0.2677935793926531,0.8087445397229507,0.0
1970-01-02 21:56:00,-0.0087314218091609,0.26581670365869636,0.8086188722340787,0.0
1970-01-02 21:57:00,-0.010424957862271532,0.2613478920246179,0.8089972961473602,0.0
1970-01-02 21:58:00,-0.0103477943490603,0.2449124765073202,0.814906714081486,0.0
1970-01-02 21:59:00,-0.014006820060086198,-0.0490932011795028,0.8942761765857972,0.0
1970-01-02 22:00:00,-0.041051825165539534,-0.24372211257746101,0.9065931424829419,0.0
1970-01-02 22:01:00,0.026764376577820635,0.2265122012840842,0.7902953658837077,0.0
1970-01-02 22:02:00,0.028496912456107,0.2701960975121358,0.7668255553947484,0.0
1970-01-02 22:03:00,0.0299974202780266,0.29026888726212197,0.7568723972840158,0.0
1970-01-02 22:04:00,0.029393296263312663,0.2578778305203692,0.8066928410115096,0.0
1970-01-02 22:05:00,0.028735883436940297,0.2712879120778741,0.7886226567633027,0.0
1970-01-02 22:06:00,-0.008307574934252132,0.11035240654797251,0.8422935094163444,0.0
1970-01-02 22:07:00,-0.0146297571604515,-0.07992369870033321,0.8753209242199804,0.0
1970-01-02 22:08:00,0.005207701004621133,0.32069852171888696,0.7307123249259985,0.0
1970-01-02 22:09:00,0.0222302586946198,0.3245065713744233,0.7276446109490324,0.0
1970-01-02 22:10:00,0.03228182159977306,0.319970744977118,0.706962750525986,0.0
1970-01-02 22:11:00,0.030276525841582733,0.3201579200205284,0.6997822256681184,0.0
1970-01-02 22:12:00,0.0277662032507961,0.2993105298773036,0.6992473120806171,0.0
1970-01-02 22:13:00,0.0191609187016214,0.31155499693579336,0.6881200535287806,0.0
1970-01-02 22:14:00,0.024732458810331634,0.3181062280723182,0.6888724484560956,0.0
1970-01-02 22:15:00,0.022196335416365936,0.31391324705155665,0.6885220473485045,0.0
1970-01-02 22:16:00,0.023196116539552267,0.3173220477363436,0.687101253388156,0.0
1970-01-02 22:17:00,0.024548986432169833,0.3100744399511674,0.684698036718172,0.0
1970-01-02 22:18:00,-0.0068572801337972,-0.09595896852837264,0.8632538573493566,0.0
1970-01-02 22:19:00,-0.019738808913565834,0.298818096908178,0.7452486622228763,0.0
1970-01-02 22:20:00,-0.024419265727297596,0.35373168869419813,0.7246046441911581,0.0
1970-01-02 22:21:00,-0.05399869209039584,0.3742288504784896,0.7061244741118736,0.0
1970-01-02 22:22:00,-0.0456736329313042,0.3417115357706932,0.7098747145611807,0.0
1970-01-02 22:23:00,-0.015785472883252334,0.34212879881993113,0.7360020404625139,0.0
1970-01-02 22:24:00,-0.0211615957975142,0.35883014119279294,0.7323583118160636,0.0
1970-01-02 22:25:00,-0.018657962303847964,0.3710678778806968,0.7298290263644415,0.0
1970-01-02 22:26:00,-0.00023937411838293476,0.37124781939480256,0.7284987263402741,0.0
1970-01-02 22:27:00,0.001660010935399701,0.35665735239173424,0.729807105142737,0.0
1970-01-02 22:28:00,0.008025214408257866,0.08457090749997465,0.7466742426873023,0.0
1970-01-02 22:29:00,0.0020027475307158316,-0.018534095515370847,0.7200806484357333,0.016153188060599833
1970-01-02 22:30:00,-0.005313780927259502,0.02550543429151449,0.7410574977206813,0.002260355714089267
1970-01-02 22:31:00,-0.017133734067585966,-0.0008137521196881122,0.7285789752237882,0.008461329618246867
1970-01-02 22:32:00,-0.011982044297335232,0.051578501362659436,0.75131868912564,0.0024433649820611333
1970-01-02 22:33:00,-0.0388231115727225,0.13623846297410022,0.7572596109593306,0.0
1970-01-02 22:34:00,-0.020096337173050233,0.0704107557822173,0.7480844048067756,0.0005600378749693333
1970-01-02 22:35:00,-0.016284338181447533,-0.24588018523143593,0.8858249944454796,0.0
1970-01-02 22:36:00,-0.058001205924762635,0.3769372243360268,0.502409265070591,0.0
1970-01-02 22:37:00,-0.0625895831359452,0.3891075477191445,0.5030953886732691,0.0
1970-01-02 22:38:00,-0.0468401188967901,0.4924766692077278,0.4841819384430626,0.0
1970-01-02 22:39:00,-0.017152039498545133,0.5341386295967538,0.4749567930979655,0.0
1970-01-02 22:40:00,-0.014295317235447734,0.5370160199478978,0.47299624102780685,0.0
1970-01-02 22:41:00,-0.013761622843763532,0.5380050406819068,0.47236108644127567,0.0
1970-01-02 22:42:00,-0.013366966113655135,0.5388709120740361,0.4718630869534026,0.0
1970-01-02 22:43:00,-0.012691128408160631,0.5392932067104627,0.47166768155057665,0.0
1970-01-02 22:44:00,-0.011542514874043565,0.5390292127814621,0.4715510939148941,0.0
1970-01-02 22:45:00,-0.0125532852282136,0.5442273106334662,0.46961836158661646,0.0
1970-01-02 22:46:00,-0.013131414336483833,0.5453621975782454,0.46846656915542545,0.0
1970-01-02 22:47:00,-0.03839326062793864,0.5038587220767868,0.41772446270785624,0.0
1970-01-02 22:48:00,-0.03869850862326586,0.5032398062226081,0.416913163590719,0.0
1970-01-02 22:49:00,0.012164758430253468,0.23538688369198343,0.790745053157655,0.0
1970-01-02 22:50:00,0.013204646639394566,0.23662409318382974,0.7897266437854676,0.0
1970-01-02 22:51:00,0.012867674437937368,0.23624448434501946,0.7893083010384228,0.0
1970-01-02 22:52:00,0.010999411682023766,0.23635074347003152,0.7889440472338377,0.0
1970-01-02 22:53:00,0.011559847589214032,0.2374231890162053,0.7883920447007657,0.0
1970-01-02 22:54:00,0.012312102744876832,0.2386955900491418,0.7869888675180046,0.0
1970-01-02 22:55:00,0.0072072799953422995,0.21243888306064695,0.793897800513688,0.0
1970-01-02 22:56:00,0.011655707383005998,0.23426969385735866,0.7869242102195037,0.0
1970-01-02 22:57:00,0.013392441795731897,0.2337066342979648,0.7859577552750211,0.0
1970-01-02 22:58:00,-0.033729062440815936,0.14569371560489613,0.8020166654596648,0.0
1970-01-02 22:59:00,-0.010395793496334967,0.2460634900296287,0.7768881351002414,0.0
1970-01-02 23:00:00,0.031016863616765238,0.23205114904659982,0.6483551996352243,0.0
1970-01-02 23:01:00,0.024004987557228467,0.19053613043315928,0.6534783242653069,0.0
1970-01-02 23:02:00,0.018027248856607097,0.16792615471413455,0.6550938327623946,0.0
1970-01-02 23:03:00,0.028043603040065066,0.148024593283506,0.6527992360716702,0.0
1970-01-02 23:04:00,0.01667417972859066,0.2615461461121882,0.6139547500376776,0.0
1970-01-02 23:05:00,0.01769496072907928,0.27847501770321353,0.6032773122796982,0.0
1970-01-02 23:06:00,0.013763041340889329,0.2794458764491779,0.5978566393576963,0.0
1970-01-02 23:07:00,-0.5304642744639751,-0.0737282555774965,0.41822162053448547,0.014358263637404367
1970-01-02 23:08:00,-0.524722550585222,-0.15783499666845155,0.424961772512662,0.014567886749753166
1970-01-02 23:09:00,-0.5224405531577532,-0.35410310950055673,0.41670799740414827,0.015246369593883133
1970-01-02 23:10:00,0.035091152804253435,0.39830282810550627,0.3075904845807412,0.0
1970-01-02 23:11:00,0.34332101536098597,0.593655675300954,0.3052759197680965,0.0
1970-01-02 23:12:00,0.3175429073329275,0.6254943982771909,0.3043153989407554,0.0
1970-01-02 23:13:00,0.31008098059870387,0.6338267066612686,0.3021786890159855,0.0
1970-01-02 23:14:00,0.30840870631858325,0.6361545879101995,0.3001960174951655,0.0
1970-01-02 23:15:00,0.33595075016074144,0.5972705269537623,0.2980651238980779,0.0
1970-01-02 23:16:00,0.4419254738066663,0.45958569189730064,0.29237150477505996,0.0
1970-01-02 23:17:00,0.43412407539357806,0.26019149878093506,0.3631136707981159,0.0
1970-01-02 23:18:00,0.4109805608387478,-0.03705057051204311,0.4765161345945221,0.0
1970-01-02 23:19:00,0.4307381977689855,-0.14772923314414604,0.44088993816794025,0.010004578708674066
1970-01-02 23:20:00,0.4238565800720044,-0.09092677854581116,0.4576337241180308,0.0
1970-01-02 23:21:00,0.4131584890543199,-0.09868007578873535,0.44931844968439966,0.0
1970-01-02 23:22:00,0.40952156125342415,-0.07106933574572134,0.46319171112096064,0.0008152597606105
1970-01-02 23:23:00,0.4030042903152243,0.05250806965953283,0.49382968858453297,0.0
1970-01-02 23:24:00,0.39894657649859316,-0.01685572242769631,0.4674373112286192,0.0
1970-01-02 23:25:00,0.39219278326689877,-0.04824832794578874,0.4548623527616953,0.0
1970-01-02 23:26:00,0.3784475994765495,-0.0156104494344797,0.471109575175136,0.0
1970-01-02 23:27:00,0.28188906409545417,0.3066408599449197,0.2810705106297667,0.0
1970-01-02 23:28:00,0.1917709198287342,0.6016078945997543,0.052914715549811336,0.0
1970-01-02 23:29:00,0.19045053983641624,0.6085358969630739,0.054304890388621435,0.0
1970-01-02 23:30:00,0.20402247899754897,0.6219703393734021,0.0550621008291298,0.0
1970-01-02 23:31:00,0.209170694817063,0.6239730854363384,0.057373721216539,0.0
1970-01-02 23:32:00,0.20605954796706158,0.629254637890898,0.059046154750345636,0.0
1970-01-02 23:33:00,0.23024138060862276,0.639659322530123,0.06302887425224284,0.0
1970-01-02 23:34:00,0.28937416377327385,0.6577231788594619,0.0713069589996473,0.0
1970-01-02 23:35:00,0.2843226711036403,0.6593850971624993,0.0719188482754501,0.0
1970-01-02 23:36:00,0.28147649014091586,0.6611500783128186,0.07326066491851926,0.0
1970-01-02 23:37:00,0.08170176698711741,0.7771506457323785,0.053160190686199836,0.0
1970-01-02 23:38:00,-0.015930562585079935,0.8325412020932471,0.04512341826709223,0.0
1970-01-02 23:39:00,-0.016300612993638035,0.8318030234167756,0.0453062047046229,0.0
1970-01-02 23:40:00,-0.01597021937515133,0.8311224738498052,0.0453042175802028,0.0
1970-01-02 23:41:00,-0.015750434755478337,0.8304854450211301,0.04514926538911093,0.0
1970-01-02 23:42:00,0.4276908940105251,0.5629438147531854,0.07999194573525373,0.0
1970-01-02 23:43:00,-0.01634074757636093,0.8296090521318304,0.0452592534509896,0.0
1970-01-02 23:44:00,-0.01499982250003,0.8291750403735553,0.045326859194945335,0.0
1970-01-02 23:45:00,-0.012991017952055465,0.8286707408294959,0.046534305614456095,0.0
1970-01-02 23:46:00,0.3838122702981967,0.4688574922630828,0.0571047486964971,0.0
1970-01-02 23:47:00,0.3518096737101426,0.4997613861938612,0.05671218283935011,0.0
1970-01-02 23:48:00,0.3481520813770711,0.5012911580793137,0.05640072646948063,0.0
1970-01-02 23:49:00,0.34402313166231097,0.5143632365402223,0.05320554643847394,0.0
1970-01-02 23:50:00,0.6427693476042354,0.3681702615454092,0.0724756637452456,0.0
1970-01-02 23:51:00,0.945458860953786,0.13306651055634364,0.0934896930467151,0.0
1970-01-02 23:52:00,0.9474985129898205,0.135714116789599,0.09459319980495423,0.0
1970-01-02 23:53:00,0.9413831552576233,0.1579236074024328,0.0989894732591506,0.0
1970-01-02 23:54:00,0.9382703361333418,0.16696755159512053,0.10256161224309994,0.0
1970-01-02 23:55:00,0.9362332671638293,0.17205445635202923,0.1062022852627049,0.0
1970-01-02 23:56:00,0.9314437541774009,0.17932318185808846,0.11091665817424805,0.0
1970-01-02 23:57:00,0.9069302438496023,0.2336891476507643,0.1136220337925447,0.0
1970-01-02 23:58:00,0.92999529589245,0.18447946273696392,0.1104549926036908,0.0
1970-01-02 23:59:00,0.9315630828921039,0.18491029114453283,0.10927044888096311,0.0
1970-01-03 00:00:00,0.9224948172636616,0.2052244326811714,0.11395530501736151,0.0
1970-01-03 00:01:00,0.9184813589913722,0.2138967767237987,0.1150989603916207,0.0
1970-01-03 00:02:00,0.9168227018018182,0.2176625162110266,0.11515296086034994,0.0
1970-01-03 00:03:00,0.9159598082732759,0.22045908233390757,0.11516688523584824,0.0
1970-01-03 00:04:00,0.9074075587084137,0.2403758430633568,0.1171338773296749,0.0
1970-01-03 00:05:00,0.9076402437296762,0.24036623323000383,0.11630639230657364,0.0
1970-01-03 00:06:00,0.9062314720968376,0.2431876683461965,0.1163940578539816,0.0
1970-01-03 00:07:00,0.9044321049714279,0.2466081114262897,0.11662849502187612,0.0
1970-01-03 00:08:00,0.902276065631701,0.2508681221555864,0.11672390600315503,0.0
1970-01-03 00:09:00,0.8994539833358347,0.2566195551087745,0.11636120503054033,0.0
1970-01-03 00:10:00,0.8956237585453813,0.263748586816466,0.1168444388785621,0.0
1970-01-03 00:11:00,0.8923179111899087,0.2698778371680424,0.1174372546608438,0.0
1970-01-03 00:12:00,0.8908491765793114,0.27290324585437764,0.11763582205727242,0.0
1970-01-03 00:13:00,0.8537528773270714,0.3058635992867716,0.11756799874494954,0.0
1970-01-03 00:14:00,0.5171974059108017,0.5283903052677298,0.1276828246570404,0.0
1970-01-03 00:15:00,0.5165693474704535,0.5282913075443546,0.12601736781554074,0.0
1970-01-03 00:16:00,0.5163108616460118,0.5279395547639564,0.1242872061416475,0.0
1970-01-03 00:17:00,0.5148614627067786,0.5310301548858837,0.1227234262504009,0.0
1970-01-03 00:18:00,0.5105403208979673,0.5469334875306568,0.11697912820239238,0.0
1970-01-03 00:19:00,0.5102161385839498,0.5477914677999084,0.11556184434503403,0.0
1970-01-03 00:20:00,0.509313588265336,0.5484720173668788,0.11534575544277,0.0
1970-01-03 00:21:00,0.5092787094017792,0.5487986620290298,0.11485776409978633,0.0
1970-01-03 00:22:00,0.5076276968946488,0.5492938897708415,0.11520841178486034,0.0
1970-01-03 00:23:00,0.5083281409216935,0.5492898246469347,0.11476534105741643,0.0
1970-01-03 00:24:00,0.5087958999274759,0.5502821931300433,0.11556133668551062,0.0
1970-01-03 00:25:00,0.5065507522582511,0.5531397361115251,0.11711864754397362,0.0
1970-01-03 00:26:00,0.5058820814425287,0.5533049714420861,0.11679185985649825,0.0
1970-01-03 00:27:00,0.5064007253656918,0.5538769582882538,0.11713790959674623,0.0
1970-01-03 00:28:00,0.5052547396911576,0.5548346536556877,0.11666346551075775,0.0
1970-01-03 00:29:00,0.5054212504301926,0.5551780370633369,0.11671295506200792,0.0
1970-01-03 00:30:00,0.5127885742194266,0.5371076047982666,0.11057861494991154,0.0
1970-01-03 00:31:00,0.5242825931393467,0.5164742314724834,0.10363480447551472,0.0
1970-01-03 00:32:00,0.8307433872130283,0.29343253963160404,0.16236061778057712,0.0
1970-01-03 00:33:00,0.8284256244524878,0.29662936827148484,0.16232425555373906,0.0
1970-01-03 00:34:00,0.8260656447885615,0.2993787713297867,0.16227397780860245,0.0
1970-01-03 00:35:00,0.8239700826007349,0.3015806551056785,0.16217183896569587,0.0
1970-01-03 00:36:00,0.5199886705806485,0.5246066314103253,0.10447266025745063,0.0
1970-01-03 00:37:00,0.5172592800591661,0.5295923863194377,0.10461577672936895,0.0
1970-01-03 00:38:00,0.5395604760315077,0.517229642089633,0.1066186530992193,0.0
1970-01-03 00:39:00,0.8994375442824203,0.2567232456590126,0.1365564665481528,0.0
1970-01-03 00:40:00,0.8768498518914449,0.2965998096063349,0.14472257610925846,0.0
1970-01-03 00:41:00,0.6255857202602206,0.5186428379784169,0.09462282737343249,0.0
1970-01-03 00:42:00,0.6137776548506636,0.5316929603918558,0.09447757819449747,0.0
1970-01-03 00:43:00,0.6050865254182624,0.5400192824251615,0.09467229745986204,0.0
1970-01-03 00:44:00,0.5975356450801608,0.546677332256084,0.0957241544318358,0.0
1970-01-03 00:45:00,0.5987507452026132,0.5475256428647833,0.09592579771470493,0.0
1970-01-03 00:46:00,0.600985210598915,0.5474025247498348,0.09597340623764428,0.0
1970-01-03 00:47:00,0.6038671812678768,0.5464443657472408,0.09606978818867569,0.0
1970-01-03 00:48:00,0.6070280152521,0.5454500670988573,0.09619360425114887,0.0
1970-01-03 00:49:00,0.6104648583900675,0.5441454928810775,0.09602144833284643,0.0
1970-01-03 00:50:00,0.5148473897689587,0.6230673845786098,0.07755551666592377,0.0
1970-01-03 00:51:00,0.5003211418153266,0.6342398452453145,0.07613531770547893,0.0
1970-01-03 00:52:00,0.5036988989881876,0.632307824033735,0.0763981410051667,0.0
1970-01-03 00:53:00,0.5083239634297945,0.6299261195362503,0.07662298742426724,0.0
1970-01-03 00:54:00,0.5125733272714227,0.6277024956300611,0.0761866203634569,0.0
1970-01-03 00:55:00,0.5175848981832786,0.6249859861541948,0.07638458824145566,0.0
1970-01-03 00:56:00,0.5499784305816303,0.5922998218595837,0.0787805758455785,0.0
1970-01-03 00:57:00,0.6881564021299988,0.46693445660142946,0.0967705146984475,0.0
1970-01-03 00:58:00,0.6724877038168843,0.5003809269893974,0.10195264754773699,0.0
1970-01-03 00:59:00,0.6722394085396001,0.5070682168715632,0.1031162127030011,0.0
1970-01-03 01:00:00,0.8085496928794002,0.39382724610035047,0.11175924914166634,0.0
1970-01-03 01:01:00,0.808394796177117,0.39359318527968723,0.1110890408608307,0.0
1970-01-03 01:02:00,0.8086943781307884,0.3927058998788436,0.11035757004407105,0.0
1970-01-03 01:03:00,0.8097049646253868,0.39116184554794725,0.10970542900635066,0.0
1970-01-03 01:04:00,0.809567884649605,0.39172026883637967,0.1093299206872468,0.0
1970-01-03 01:05:00,0.8095522444658602,0.39236619100314823,0.108998367488484,0.0
1970-01-03 01:06:00,0.8421315266655363,0.3267101823833383,0.15147443326558832,0.0
1970-01-03 01:07:00,0.8492420816976699,0.20802341994402632,0.10982508866708703,0.0
1970-01-03 01:08:00,0.8631085352353686,0.0576705827320447,0.0500316300892178,0.0166753327525762
1970-01-03 01:09:00,0.8684838668055512,0.2105828488572464,0.1034703082853834,0.0
1970-01-03 01:10:00,0.8634491864648414,0.2577538143505975,0.11700726704454513,0.0
1970-01-03 01:11:00,0.8594425516688556,0.2729166368507762,0.12014278982927633,0.0
1970-01-03 01:12:00,0.8570308335365145,0.28201534065373673,0.12191260696422412,0.0
1970-01-03 01:13:00,0.8822223465677598,0.24110016743886678,0.11615956266785576,0.0
1970-01-03 01:14:00,0.9189076993466808,0.20125724538093412,0.10312743504329593,0.0
1970-01-03 01:15:00,0.8841458501964278,0.25811815108073644,0.10739982506923094,0.0
1970-01-03 01:16:00,0.8694047225551241,0.2782579705392579,0.10935963740694123,0.0
1970-01-03 01:17:00,0.8603265875222251,0.2936255736562371,0.11277979763414993,0.0
1970-01-03 01:18:00,0.8562997510556949,0.2995668718083621,0.11200628407066231,0.0
1970-01-03 01:19:00,0.854087571079421,0.302689365218587,0.1122861785227357,0.0
1970-01-03 01:20:00,0.851966201568966,0.3079771349214744,0.11289222246174073,0.0
1970-01-03 01:21:00,0.8506923764981248,0.3104224265138285,0.1133049786633603,0.0
1970-01-03 01:22:00,0.8503001087312736,0.311437990115699,0.11316116597266702,0.0
1970-01-03 01:23:00,0.8493982751016372,0.3125893766810408,0.11339133880056523,0.0
1970-01-03 01:24:00,0.9060456760674254,0.17968484912989738,0.1250067945037383,0.0
1970-01-03 01:25:00,0.9057621857608905,0.1802177789032359,0.1251146794047344,0.0
1970-01-03 01:26:00,0.8482608896948296,0.31452318003595653,0.113935419268603,0.0
1970-01-03 01:27:00,0.9270404768255992,0.18810413345744392,0.10875485536446566,0.0
1970-01-03 01:28:00,0.9284428579817244,0.2040311992520841,0.10955663831112633,0.0
1970-01-03 01:29:00,0.9302392389030628,0.19782149830495685,0.10597098107929746,0.0
1970-01-03 01:30:00,0.9331249870697365,0.19463980652784052,0.1002720822972365,0.0
1970-01-03 01:31:00,0.9294822958949824,0.20446855875945902,0.10039174489917484,0.0
1970-01-03 01:32:00,0.9277894765308489,0.2083835122065568,0.10058121793785624,0.0
1970-01-03 01:33:00,0.9269318387214728,0.21006719087874184,0.10103186004447733,0.0
1970-01-03 01:34:00,0.8930374669230122,0.2769346531451558,0.10872689057700663,0.0
1970-01-03 01:35:00,0.8862262937800809,0.2893672368014901,0.10989650910974696,0.0
1970-01-03 01:36:00,0.8846698842179403,0.2919442862334089,0.11012412913547054,0.0
1970-01-03 01:37:00,0.7945478614591628,0.3849535277124773,0.07775020527743064,0.0
1970-01-03 01:38:00,0.7937454695434775,0.38603675574669544,0.07721342004730296,0.0
1970-01-03 01:39:00,0.7928738175237436,0.38853906108907993,0.0776879674957858,0.0
1970-01-03 01:40:00,0.7909344156320536,0.39106813769278603,0.0773220287084439,0.0
1970-01-03 01:41:00,0.7168306775011167,0.44235457308752046,0.07127262829424234,0.0
1970-01-03 01:42:00,0.5712739096864271,0.5422540993709376,0.06147255388299033,0.0
1970-01-03 01:43:00,0.5700310178456524,0.5424409865656246,0.06002482232172566,0.0
1970-01-03 01:44:00,0.5681471576900897,0.5440220138317519,0.058948314079820596,0.0
1970-01-03 01:45:00,0.5642819358537414,0.5471946189949423,0.05801569649707753,0.0
1970-01-03 01:46:00,0.5620623504800009,0.5484923724472296,0.057535466034255134,0.0
1970-01-03 01:47:00,0.5602268829627312,0.5492740713452249,0.056027354235440134,0.0
1970-01-03 01:48:00,0.8092281080298492,0.32371372553054456,0.09946263309080007,0.0
1970-01-03 01:49:00,0.8072062304741591,0.3250697670211227,0.09901738733437787,0.0
1970-01-03 01:50:00,0.8050931378023335,0.326443483830029,0.09852398903368435,0.0
1970-01-03 01:51:00,0.8028843995295434,0.32770179012837414,0.09796083837385634,0.0
1970-01-03 01:52:00,0.8005149491502924,0.3289985676272264,0.09733179006102716,0.0
1970-01-03 01:53:00,0.7979113221741253,0.33043103731328644,0.09665721056066989,0.0
1970-01-03 01:54:00,0.7950573101625785,0.3320334721126681,0.09591366482315382,0.0
1970-01-03 01:55:00,0.7926266950695284,0.33616992313795985,0.09571181137097128,0.0
1970-01-03 01:56:00,0.7900028997803096,0.3407083357130038,0.0955234351155866,0.0
1970-01-03 01:57:00,0.786276994372066,0.3435538673881911,0.09469757604079032,0.0
1970-01-03 01:58:00,0.7779702752731694,0.35307130962476635,0.09381636286567081,0.0
1970-01-03 01:59:00,0.7686499505686294,0.3624810417453845,0.09276513472671698,0.0
1970-01-03 02:00:00,0.7954435685605059,0.3359338740437403,0.14411417291706555,0.0
1970-01-03 02:01:00,0.7990349199975584,0.33378101242092645,0.14269880579408126,0.0
1970-01-03 02:02:00,0.802138388433654,0.3320044177843399,0.14141196496410613,0.0
1970-01-03 02:03:00,0.8048725297525497,0.3304798785900373,0.14024015364724138,0.0
1970-01-03 02:04:00,0.80727869965779,0.3291950917767453,0.13918137230821911,0.0
1970-01-03 02:05:00,0.8094511275383794,0.32805993156329455,0.1382207313812878,0.0
1970-01-03 02:06:00,0.8113960335268683,0.3270589307826317,0.13735201743152897,0.0
1970-01-03 02:07:00,0.6680626329964253,0.4267137595538444,0.15214615564707487,0.0
1970-01-03 02:08:00,0.8745215880381131,0.16273618036876455,0.1768989492436451,0.0
1970-01-03 02:09:00,0.8868353355299546,0.17263397184536164,0.18649416993925486,0.0
1970-01-03 02:10:00,0.8883368772917654,0.17301196088305884,0.18577261542084256,0.0
1970-01-03 02:11:00,0.8904232426171884,0.1698321265527524,0.18543523356866387,0.0
1970-01-03 02:12:00,0.8910600463488122,0.17223479572750952,0.18545814976380662,0.0
1970-01-03 02:13:00,0.8915538738801313,0.17319747274574357,0.18570901618416538,0.0
1970-01-03 02:14:00,0.8924555163667289,0.17306811388762752,0.1856455690080895,0.0
1970-01-03 02:15:00,0.893128950989032,0.17303170305087257,0.18556962972166577,0.0
1970-01-03 02:16:00,0.8938051765318725,0.17337980730048477,0.1852960235019403,0.0
1970-01-03 02:17:00,0.8943566908272119,0.1737403819009801,0.18535846688228638,0.0
1970-01-03 02:18:00,0.8950126782977211,0.1733944530206157,0.18548498990031356,0.0
1970-01-03 02:19:00,0.8958437628653559,0.17277339400934788,0.18527611663975088,0.0
1970-01-03 02:20:00,0.8788494141378177,0.24879428126020797,0.1301648445896099,0.0
1970-01-03 02:21:00,0.6260906513130865,0.6102610937022179,0.13866905539328334,0.0
1970-01-03 02:22:00,0.6162373723582903,0.619679836340981,0.139251761498771,0.0
1970-01-03 02:23:00,0.6133233149770174,0.6218852856228393,0.1393952405846346,0.0
1970-01-03 02:24:00,0.6117174538754502,0.6233138179886444,0.1388700885645399,0.0
1970-01-03 02:25:00,0.6291906148288396,0.5903212125805494,0.136000434324479,0.0
1970-01-03 02:26:00,0.8090734861104004,0.2701002233582331,0.10500402022828832,0.0007014888219839
1970-01-03 02:27:00,0.9003113523868441,0.16202274683124482,0.1034436344035695,0.0
1970-01-03 02:28:00,0.9487030879882402,0.12501551771379535,0.10624823570184923,0.0
1970-01-03 02:29:00,0.8718175007899108,0.2710619838495736,0.11567096213344401,0.0
1970-01-03 02:30:00,0.8662130377813106,0.2816717181211518,0.11661610812950583,0.0
1970-01-03 02:31:00,0.8645555302803243,0.2861211157995141,0.11455963741854486,0.0
1970-01-03 02:32:00,0.8627845918176766,0.289874659915022,0.11450408496212983,0.0
1970-01-03 02:33:00,0.861708602766582,0.2920705441994525,0.11451731311885323,0.0
1970-01-03 02:34:00,0.8603858338110065,0.2947595041012736,0.11484614594897995,0.0
1970-01-03 02:35:00,0.8599500869128723,0.29601395351389725,0.1151543532978998,0.0
1970-01-03 02:36:00,0.8589397943513536,0.29747978936966984,0.11561060866839364,0.0
1970-01-03 02:37:00,0.8690629216370839,0.27780974579261764,0.11651525793904789,0.0
1970-01-03 02:38:00,0.9722199527071278,0.0474698866082707,0.1047965760424795,0.0
1970-01-03 02:39:00,0.9712365957063355,0.0546553518007847,0.1050615017908922,0.0
1970-01-03 02:40:00,0.970920296971067,0.0550692770644621,0.10558095351976733,0.0
1970-01-03 02:41:00,0.9701294008226921,0.057561198019275506,0.10680647261831022,0.0
1970-01-03 02:42:00,0.9699436887914766,0.058408178541485396,0.1068860591270176,0.0
1970-01-03 02:43:00,0.9137023231091422,0.14934829581121523,0.15614453693535682,0.0
1970-01-03 02:44:00,0.9129136898651692,0.15149926217260007,0.15521371422585525,0.0
1970-01-03 02:45:00,0.9121817382392523,0.15305333524344486,0.1541237465440455,0.0
1970-01-03 02:46:00,0.9117765849062947,0.15401933169891222,0.15282965121715986,0.0
1970-01-03 02:47:00,0.9108929137256269,0.15536026301182213,0.15206498330134333,0.0
1970-01-03 02:48:00,0.9102001876129967,0.1565658432252276,0.15100565608380373,0.0
1970-01-03 02:49:00,0.9096010687551314,0.15749902158695564,0.14989498484111546,0.0
1970-01-03 02:50:00,0.909030518150071,0.15855222217901496,0.14863361986108473,0.0
1970-01-03 02:51:00,0.909641206689122,0.15711842244922253,0.14823107267302174,0.0
1970-01-03 02:52:00,0.9261517110207209,0.06952715247103783,0.131818023933475,0.0
1970-01-03 02:53:00,0.9397688120922408,0.03936194603181314,0.1223589523450108,0.0053754639237952005
1970-01-03 02:54:00,0.9464014714896879,0.031320700164933095,0.12172603229433054,0.005014423015970167
1970-01-03 02:55:00,0.9535200508673832,0.020453021446868527,0.12098214830965404,0.0049758818302179
1970-01-03 02:56:00,0.9078044293495386,0.1684454147592005,0.11066026632264257,0.0
1970-01-03 02:57:00,0.9618020120096741,0.009489589835746432,0.12059505382749373,0.004919206839718633
1970-01-03 02:58:00,0.9619699508942912,0.009920370473118325,0.12087282072884224,0.0047793813197200335
1970-01-03 02:59:00,0.9615636427414201,0.015919501143723227,0.12130054882020584,0.0039937245715216335
1970-01-03 03:00:00,0.9311168676159628,-0.04311038256178914,0.09154673872980802,0.0040337693653598
1970-01-03 03:01:00,0.9268552340115163,-0.033793762900530065,0.09027224299948426,0.003417972661152867
1970-01-03 03:02:00,0.9223513691426112,-0.026825978162984487,0.08976160417374084,0.0031586131323066667
1970-01-03 03:03:00,0.9180886117267839,-0.021597937054204968,0.08890704097142156,0.003093421406225767
1970-01-03 03:04:00,0.9136301430009081,-0.02517003733438966,0.08769000800534621,0.0037300761704285664
1970-01-03 03:05:00,0.9100997347934615,-0.043691556964386334,0.08289186311042566,0.007753755389100867
1970-01-03 03:06:00,0.906395483966426,-0.0392929726823438,0.08166190858256896,0.007737358416594933
1970-01-03 03:07:00,0.9065916513001415,-0.03777466111340683,0.08171000278296063,0.0075208954571971
1970-01-03 03:08:00,0.9081092618799174,-0.03942405365001153,0.08172610168078354,0.007590856369578167
1970-01-03 03:09:00,0.9095669226886737,-0.039803288206902036,0.08183451819257491,0.0075331718532909335
1970-01-03 03:10:00,0.8624955793327519,0.10727508826969347,0.10752508606257967,0.0
1970-01-03 03:11:00,0.8464869414597448,0.1649265022946522,0.11813643854981397,0.0
1970-01-03 03:12:00,0.8471420009602243,0.16484904028946468,0.11853154147768856,0.0
1970-01-03 03:13:00,0.5808680994378245,0.38583835116087445,0.0526641783227469,0.0
1970-01-03 03:14:00,0.761171234149408,0.15357256479918105,0.05734884589989361,0.006889038928363033
1970-01-03 03:15:00,0.9921526857131063,-0.0879977073179416,0.08410444639250324,0.0066107388960506335
1970-01-03 03:16:00,0.9923034292946428,-0.0856819915501139,0.0842469826821091,0.0063304618788346005
1970-01-03 03:17:00,0.992276672906161,-0.0844410676416651,0.08504666246788724,0.006181033877101633
1970-01-03 03:18:00,0.9923232576896787,-0.08586223197038934,0.0843843263400188,0.006337685294045767
1970-01-03 03:19:00,0.9869007888882247,-0.0610912201011482,0.08585568318889543,0.006451615390481933
1970-01-03 03:20:00,0.986640869685829,-0.056417702576811536,0.086032653298744,0.006166416001735533
1970-01-03 03:21:00,0.9862171721211238,-0.05228179768913723,0.08621564280008394,0.0059629918609271
1970-01-03 03:22:00,0.9000842067741347,0.062386171299754135,0.07892660934523434,0.005860466989541433
1970-01-03 03:23:00,0.6292020370594136,0.3234681265052691,0.0501699020388273,0.005843668826055467
1970-01-03 03:24:00,0.6268749479504631,0.3235742979767149,0.05009415923793973,0.005917979714788634
1970-01-03 03:25:00,0.6225793531174847,0.3233406430239299,0.0553087943483744,0.006000786517163167
1970-01-03 03:26:00,0.6334503304198971,0.31905235577098806,0.0785482144410684,0.005992041709900034
1970-01-03 03:27:00,0.4357254197865868,0.5595535638865222,0.05576696870110693,0.0
1970-01-03 03:28:00,0.4273534228946838,0.5635677732618741,0.0558354094317188,0.0
1970-01-03 03:29:00,0.41922499076170916,0.5674858406368603,0.05581866889731443,0.0
1970-01-03 03:30:00,0.41891283289608666,0.5675330279575027,0.05561490886918954,0.0
1970-01-03 03:31:00,0.4083189559719464,0.5714974325024934,0.050452617560906195,0.0
1970-01-03 03:32:00,0.388965556948984,0.5784124151785007,0.0328212009601807,0.0
1970-01-03 03:33:00,0.3874492411104909,0.5801454610537388,0.03286963959354347,0.0
1970-01-03 03:34:00,0.3852997784143062,0.5819836479399317,0.03276343009749593,0.0
1970-01-03 03:35:00,0.383214277325911,0.5839309359261988,0.03333360861185163,0.0
1970-01-03 03:36:00,0.3808721197314427,0.5862634576511102,0.0335912907480295,0.0
1970-01-03 03:37:00,0.5737607643256538,0.3827385095078684,0.06259390742536193,0.0
1970-01-03 03:38:00,0.6447645798066991,0.31197630324426967,0.07425302900681564,0.0
1970-01-03 03:39:00,0.6390225171130525,0.3306087146376501,0.07662334513728318,0.0
1970-01-03 03:40:00,0.6354449325705723,0.33801568301139523,0.0764823883748696,0.0
1970-01-03 03:41:00,0.6330252436084626,0.34084426431290044,0.07588550792574894,0.0
1970-01-03 03:42:00,0.6308182698792065,0.34223286773384537,0.07562101450887244,0.0
1970-01-03 03:43:00,0.48339435018456384,0.5071633085289028,0.05120390542489844,0.0
1970-01-03 03:44:00,0.40695387955045215,0.5851329083331317,0.03611712739086173,0.0
1970-01-03 03:45:00,0.40265468807478316,0.588146320285191,0.0367395953127825,0.0
1970-01-03 03:46:00,0.37878891742698245,0.6004303061630117,0.04967729183203887,0.0
1970-01-03 03:47:00,0.3653259592757263,0.6108121503445952,0.05070934012346876,0.0
1970-01-03 03:48:00,0.35423502708727495,0.6210821812763166,0.0499720603307513,0.0
1970-01-03 03:49:00,0.3420713408451242,0.6318996155850289,0.0494405940694482,0.0
1970-01-03 03:50:00,0.33026687335641175,0.6425937088078653,0.0483064066992391,0.0
1970-01-03 03:51:00,-0.37998491226365205,0.3698729506499816,0.010061521662136433,0.0034179911440883333
1970-01-03 03:52:00,-0.37907495615894077,0.36906515672660783,0.010196573599912,0.0034640826218693
1970-01-03 03:53:00,-0.17813241817884454,0.3628039542464565,0.05550256073616774,0.0
1970-01-03 03:54:00,-0.17421610112500577,0.501194387206902,0.08444511494180351,0.0
1970-01-03 03:55:00,-0.1742029618270906,0.5164292759845739,0.08624620390339115,0.0
1970-01-03 03:56:00,-0.20605166438831235,0.5489387892413434,0.07688400499154043,0.0
1970-01-03 03:57:00,-0.20424489147680505,0.5560023007166562,0.0776362258641619,0.0
1970-01-03 03:58:00,-0.20206137905961905,0.5615973459619038,0.0785006830051227,0.0
1970-01-03 03:59:00,-0.19918554509046316,0.5667643575722683,0.07996304702815672,0.0
1970-01-03 04:00:00,-0.19790123844333052,0.5703598401052857,0.0806068028174697,0.0
1970-01-03 04:01:00,-0.3266088735842347,0.18771527147608844,0.377421938427978,0.0
1970-01-03 04:02:00,-0.3803064667180868,-0.16555692370887512,0.4368776873863405,0.017538825742970634
1970-01-03 04:03:00,-0.3752213195285658,-0.17571378524287573,0.42670636622157687,0.0192739984859155
1970-01-03 04:04:00,-0.37374709030247666,-0.18018576528235206,0.4215415397626643,0.019956129314247836
1970-01-03 04:05:00,-0.4236403639661969,-0.044688953278060335,0.48546865227100905,0.0
1970-01-03 04:06:00,-0.5334321432426191,-0.18371829817604937,0.4611765058769713,0.0069116487983398
1970-01-03 04:07:00,-0.533379406878714,-0.19544375950693482,0.45987627380114543,0.0068652133771283
1970-01-03 04:08:00,-0.5270384563599242,-0.19964301755725813,0.4593209668053622,0.006971157248255567
1970-01-03 04:09:00,-0.5310019853001356,-0.3020333409028331,0.426073111732119,0.007237587390300767
1970-01-03 04:10:00,-0.529721172511767,-0.3993117260997945,0.375955513128757,0.008726678271297568
1970-01-03 04:11:00,-0.5296854724420905,-0.2556263496883909,0.4475187531603619,0.0073993306482544
1970-01-03 04:12:00,-0.5243583531366441,-0.23421360841596375,0.4527160698287705,0.007445809872385567
1970-01-03 04:13:00,-0.5321315319212553,-0.3179679690235645,0.418477669493518,0.0075033798615535665
1970-01-03 04:14:00,-0.498547367001757,-0.2695430473127695,0.4401362088213066,0.0075494164847578
1970-01-03 04:15:00,-0.5540841930853752,-0.2314616241482803,0.4299994810269216,0.007698587459959
1970-01-03 04:16:00,-0.5744592426384455,-0.2727786318722668,0.4185574735705926,0.007939997234090166
1970-01-03 04:17:00,-0.57669604386729,-0.1631506094810382,0.43889121010162385,0.007994889185045767
1970-01-03 04:18:00,-0.5518736107282798,-0.2118824480467898,0.4471692223262393,0.0080359192932732
1970-01-03 04:19:00,-0.5383812688366766,-0.2633307458819667,0.4278401875056405,0.007503956038706534
1970-01-03 04:20:00,-0.5348773764271726,-0.31200884111842225,0.3864334896547547,0.0067038470648683
1970-01-03 04:21:00,-0.5470359899942573,-0.2292284961551161,0.4187849050370645,0.006549785859638967
1970-01-03 04:22:00,-0.5913408365652422,-0.1189560470075146,0.43234685514933413,0.0065958316426104335
1970-01-03 04:23:00,-0.5852400515089146,-0.12040179636868935,0.43356570215128415,0.006676199392154667
1970-01-03 04:24:00,-0.486300257277009,0.0734716446308854,0.47348796004214794,0.0
1970-01-03 04:25:00,-0.3898935853039771,0.2596993049367451,0.5105302219432318,0.0
1970-01-03 04:26:00,-0.2155399246884111,0.3344081222036506,0.5100129604025861,0.0
1970-01-03 04:27:00,-0.18068171073276615,0.273383722576719,0.49703394846872917,0.0
1970-01-03 04:28:00,-0.2560598621157298,0.50929594002804,0.4685176106943613,0.0
1970-01-03 04:29:00,-0.23897846127449943,0.5078745515196886,0.47442047256835657,0.0
1970-01-03 04:30:00,-0.24688261496969285,0.49696588118788226,0.47481782492958113,0.0
1970-01-03 04:31:00,-0.2395785987067777,0.5151822992261905,0.4706333470285368,0.0
1970-01-03 04:32:00,-0.238741774739781,0.49428013452738456,0.4775200965725062,0.0
1970-01-03 04:33:00,-0.24646926460209592,0.4967127375528387,0.4754904302843795,0.0
1970-01-03 04:34:00,-0.2637026035064916,0.4951129319518464,0.4699565933702045,0.0
1970-01-03 04:35:00,-0.25318932865880106,0.5030630589074594,0.46997927849862037,0.0
1970-01-03 04:36:00,-0.24406271260279885,0.5026803095572725,0.47311490281525637,0.0
1970-01-03 04:37:00,-0.2635842154460713,0.5011106486434854,0.4676576354617641,0.0
1970-01-03 04:38:00,-0.2500835420451083,0.503505723999345,0.46945255998628216,0.0
1970-01-03 04:39:00,-0.2621646935978493,0.09742993173201393,0.7628752314312282,0.0
1970-01-03 04:40:00,-0.2593996501904001,0.1166219763829408,0.7598268973585179,0.0
1970-01-03 04:41:00,-0.2550225132895283,0.11481236885878933,0.7675222412487165,0.0
1970-01-03 04:42:00,-0.27303667567183715,0.11882575031263953,0.763532104212592,0.0
1970-01-03 04:43:00,-0.25395912889427885,0.124431595737099,0.7693309997372486,0.0
1970-01-03 04:44:00,-0.25269153869580085,0.14025411823921394,0.7692247984198787,0.0
1970-01-03 04:45:00,-0.2568326218590282,0.140529417673401,0.7713262588296693,0.0
1970-01-03 04:46:00,-0.2614394432460937,0.16388450941235286,0.7647220018952666,0.0
1970-01-03 04:47:00,-0.25799234952121375,0.15235109714069114,0.7738133154335141,0.0
1970-01-03 04:48:00,-0.2556466173712769,0.17090636629472947,0.77100977819976,0.0
1970-01-03 04:49:00,-0.2501527349406569,0.15961597934405244,0.7796151294716444,0.0
1970-01-03 04:50:00,-0.2537010801192851,0.18401612309903212,0.7748092944016914,0.0
1970-01-03 04:51:00,-0.24999294788094484,0.19156817222423506,0.7798464526419501,0.0
1970-01-03 04:52:00,-0.24413922040846345,0.19807602573731573,0.7840646444562349,0.0
1970-01-03 04:53:00,-0.24090415344863028,0.20386870931092638,0.7865390333228799,0.0
1970-01-03 04:54:00,-0.23743830484366665,0.2135088474892393,0.7879711524590854,0.0
1970-01-03 04:55:00,-0.24410942120205673,0.21983882218201523,0.7867454572165501,0.0
1970-01-03 04:56:00,-0.2373184131828476,0.22648968143513637,0.7883920834716432,0.0
1970-01-03 04:57:00,-0.2152730341473644,0.22604937571580774,0.7971580013024119,0.0
1970-01-03 04:58:00,-0.22866431850831384,0.2226633111329265,0.7991111495715765,0.0
1970-01-03 04:59:00,-0.2360830486338749,0.22960386547434752,0.7970195876502114,0.0
1970-01-03 05:00:00,-0.08824274549577116,0.04154177632491063,0.8695433014045314,0.0
1970-01-03 05:01:00,-0.09787484418186226,0.11431202218130071,0.8593566271068389,0.0
1970-01-03 05:02:00,-0.07417316465034612,0.25528998000833764,0.8531863189329209,0.0
1970-01-03 05:03:00,-0.07249610728039907,0.25939360070309214,0.8517421731257389,0.0
1970-01-03 05:04:00,-0.0730233460342223,0.26893771065124067,0.8477176949125207,0.0
1970-01-03 05:05:00,-0.07987485600015197,0.2546027781688245,0.8537747065762605,0.0
1970-01-03 05:06:00,-0.08364175365517863,0.2663389693485431,0.8482906707782064,0.0
1970-01-03 05:07:00,-0.07605645296876486,0.26679755665052163,0.8490925590600059,0.0
1970-01-03 05:08:00,-0.08086461198536156,0.26293570842250436,0.850140224275488,0.0
1970-01-03 05:09:00,-0.08008937455954476,0.2634391048483971,0.8505214190303994,0.0
1970-01-03 05:10:00,-0.07224499086777614,0.2631851260865265,0.8518402973402841,0.0
1970-01-03 05:11:00,-0.07405823638527957,0.2690206667921741,0.8486333567802041,0.0
1970-01-03 05:12:00,-0.07914038956625306,0.2675709528031205,0.8496673691233009,0.0
1970-01-03 05:13:00,-0.07737324291987692,0.2674532099555474,0.848938138332568,0.0
1970-01-03 05:14:00,-0.07005425496591174,0.2683892361755682,0.8505305575464671,0.0
1970-01-03 05:15:00,-0.0717501700763532,0.2683280134437798,0.8502851743423484,0.0
1970-01-03 05:16:00,-0.07816039199825107,0.272091551947456,0.8468769003073119,0.0
1970-01-03 05:17:00,-0.0750221377925445,0.2654580507124021,0.8517259232809392,0.0
1970-01-03 05:18:00,-0.0780364072731694,0.2612610075246005,0.8523495899945631,0.0
1970-01-03 05:19:00,-0.0759885195503913,0.26462265700555687,0.851806402561296,0.0
1970-01-03 05:20:00,-0.06554218479989034,0.26707525150470507,0.8518563725338373,0.0
1970-01-03 05:21:00,-0.07879953688820153,0.27332884187112616,0.8478283237145688,0.0
1970-01-03 05:22:00,-0.07835661367359886,0.26844024550141105,0.8493499844540423,0.0
1970-01-03 05:23:00,-0.07769724594434707,0.26291533383686044,0.8525807714209535,0.0
1970-01-03 05:24:00,-0.06823051647389024,0.26703077329340147,0.8517569793266423,0.0
1970-01-03 05:25:00,-0.07781745457541643,0.26664549716384806,0.8505572861081618,0.0
1970-01-03 05:26:00,-0.0778446223528014,0.272085485070837,0.848422032861471,0.0
1970-01-03 05:27:00,-0.06502697095307954,0.2656489078704008,0.8531940013773016,0.0
1970-01-03 05:28:00,-0.06327043597715903,0.27192872375833016,0.8496461033185604,0.0
1970-01-03 05:29:00,-0.0604565618325178,0.27230579928320525,0.8471578319419045,0.0
1970-01-03 05:30:00,-0.06044404963745759,0.27386586032717825,0.8463476847002397,0.0
1970-01-03 05:31:00,-0.06712996381173436,0.28374260864657724,0.8435392506136884,0.0
1970-01-03 05:32:00,-0.06610746699942703,0.2869771404316224,0.8447480951519127,0.0
1970-01-03 05:33:00,-0.07222931602713344,0.2879174383436623,0.842740317765641,0.0
1970-01-03 05:34:00,-0.06563576444590656,0.28579247966876536,0.8443954289171692,0.0
1970-01-03 05:35:00,-0.061557281484476666,0.28133716126712005,0.8468495752514112,0.0
1970-01-03 05:36:00,-0.060575258507632034,0.29488429202933053,0.8403589072828916,0.0
1970-01-03 05:37:00,-0.06478120254766294,0.28103102304433625,0.8466165899965942,0.0
1970-01-03 05:38:00,-0.06322531630495727,0.28576297825607727,0.844243919390233,0.0
1970-01-03 05:39:00,-0.05719168800522576,0.2883438011134131,0.8440972522854069,0.0
1970-01-03 05:40:00,-0.063273249548201,0.28260001137026564,0.8453677659120618,0.0
1970-01-03 05:41:00,-0.058255638515506136,0.28432721819794105,0.8454338981467151,0.0
1970-01-03 05:42:00,-0.06424859478910737,0.28600311884849683,0.8433449132416069,0.0
1970-01-03 05:43:00,-0.05328599956581793,0.2853461092948997,0.8450514962933419,0.0
1970-01-03 05:44:00,-0.057532757578218,0.27787252184423045,0.8481790072548935,0.0
1970-01-03 05:45:00,-0.0475754348628605,0.285183302168732,0.8450907384799895,0.0
1970-01-03 05:46:00,-0.047788235517323564,0.29235185904152133,0.8423938104749878,0.0
1970-01-03 05:47:00,-0.06590615392603798,0.29151647848964884,0.8408401343502488,0.0
1970-01-03 05:48:00,-0.0548435329681142,0.28690581481879157,0.8438945052294521,0.0
1970-01-03 05:49:00,-0.06248493122696123,0.29110189657090296,0.841394143836585,0.0
1970-01-03 05:50:00,-0.05203299264557496,0.29196300600384745,0.8406622430840782,0.0
1970-01-03 05:51:00,-0.05728484895220537,0.29035301521469314,0.8420280862111871,0.0
1970-01-03 05:52:00,-0.06771058878620066,0.29596980477683205,0.8375027105346735,0.0
1970-01-03 05:53:00,-0.04922216958017644,0.2883610200763288,0.8433493467149439,0.0
1970-01-03 05:54:00,-0.05704938303719626,0.28997270091425026,0.8396375153128469,0.0
1970-01-03 05:55:00,-0.053290486816268696,0.2761468230699594,0.847720085616669,0.0
1970-01-03 05:56:00,-0.049611368345640734,0.27005729283821817,0.850677737883995,0.0
1970-01-03 05:57:00,-0.057254727556956035,0.26175663099984764,0.8524939525271934,0.0
1970-01-03 05:58:00,-0.04836133211324234,0.2783963468388628,0.8455990749286196,0.0
1970-01-03 05:59:00,0.09378521779771891,0.5226635021829177,0.4991940977589211,0.0
1970-01-03 06:00:00,0.08743939976629252,0.517254929551582,0.5021669954414786,0.0
1970-01-03 06:01:00,0.04895617296399766,0.3681026639151517,0.6170897544648147,0.0
1970-01-03 06:02:00,-0.02385812812019503,-0.05606831115515313,0.8636500058322828,0.0
1970-01-03 06:03:00,-0.0236039573606371,-0.16392869213115283,0.8241546170777884,0.012343585294182733
1970-01-03 06:04:00,-0.0015366558222068664,-0.16326087596700775,0.8182423852594471,0.012784079997907434
1970-01-03 06:05:00,-0.02112660246280133,-0.17002066888337872,0.8255450675031968,0.012434117032464132
1970-01-03 06:06:00,-0.0183915829466438,-0.1702111318946549,0.8254786221238658,0.012337055354552234
1970-01-03 06:07:00,-0.01852688785313,-0.150356050453305,0.815465647216722,0.012086945187817067
1970-01-03 06:08:00,-0.01990001914037363,-0.01881022503485753,0.87605321583017,0.0
1970-01-03 06:09:00,-0.0388966518249935,-0.0181437240578588,0.8786582199084165,0.0
1970-01-03 06:10:00,-0.0346196610433816,-0.030444475148086153,0.8795995947194474,0.0
1970-01-03 06:11:00,-0.028021583423003035,-0.041042596914975034,0.8904682950237501,0.0
1970-01-03 06:12:00,-0.0479387732367886,-0.1758466340899593,0.8238622922196711,0.0040246425431583336
1970-01-03 06:13:00,-0.006112401390166365,-0.4314323873387475,0.5739416684122901,0.04443717722615514
1970-01-03 06:14:00,-0.002853158726238566,-0.3619521962073023,0.614264822611337,0.014938389465594034
1970-01-03 06:15:00,-0.0316393995178403,-0.24604861885801174,0.6516007631292671,0.0
1970-01-03 06:16:00,-0.02902456973855967,-0.40274465847600793,0.46921768768165334,0.05310433886641044
1970-01-03 06:17:00,-0.020346680614389736,-0.3832196890083765,0.4603850211663561,0.05301206556973267
1970-01-03 06:18:00,0.007157383688983866,-0.2837858316411159,0.6120122067651018,0.0
1970-01-03 06:19:00,0.014520815458911165,-0.42497297519575766,0.5638308409233025,0.04954396943156897
1970-01-03 06:20:00,0.004836495930488666,-0.4142163285418156,0.5556915502895888,0.049416246384712
1970-01-03 06:21:00,0.019935997922430136,-0.3893784314353544,0.575331543490239,0.04931506464356936
1970-01-03 06:22:00,0.004901137294626201,-0.30046989723737405,0.7059765904752883,0.0
1970-01-03 06:23:00,-0.025878663473164268,-0.21722712948437117,0.864094913803716,0.0
1970-01-03 06:24:00,-0.07203011891797223,-0.15396376821219848,0.8948965123490984,0.0
1970-01-03 06:25:00,-0.027267367814641497,-0.19181393763679863,0.8712335640031842,0.003160393555772533
1970-01-03 06:26:00,-0.023044566682916365,-0.17297578480216047,0.878289857323403,0.0030413283476941333
1970-01-03 06:27:00,-0.05381419444883614,-0.10376188917722173,0.9053608159119332,0.0
1970-01-03 06:28:00,-0.03834451264616013,-0.07905050908881796,0.917474045955216,0.0
1970-01-03 06:29:00,-0.04738586262190337,-0.09299624544757436,0.9054116302127966,0.0
1970-01-03 06:30:00,-0.12028821193314858,0.05446366327421317,0.8977644018679589,0.0
1970-01-03 06:31:00,-0.10881932689749813,0.03314125144624253,0.9113455028313912,0.0
1970-01-03 06:32:00,-0.12233273645882665,-0.004902619139804563,0.8832652977709811,0.0
1970-01-03 06:33:00,-0.07358734470922597,-0.06124027464439424,0.8994608549495,0.0
1970-01-03 06:34:00,-0.0722328423583826,0.025731108449570866,0.8942267208785152,0.0
1970-01-03 06:35:00,-0.06776373911482826,0.0203710731984105,0.9057059470301865,0.0
1970-01-03 06:36:00,-0.0446226085462485,0.016894505503203327,0.8997353005226891,0.0
1970-01-03 06:37:00,-0.0541873704176559,0.001675847330541334,0.9010373456682413,0.0
1970-01-03 06:38:00,-0.0478546269830565,0.016825079563541668,0.895331378331674,0.0
1970-01-03 06:39:00,-0.03270658922093727,0.0368593452900344,0.893965580819691,0.0
1970-01-03 06:40:00,-0.050834062325471295,0.010445455440760032,0.895588776214583,0.0
1970-01-03 06:41:00,-0.09793304032221191,-0.030889282400853896,0.8947702743476191,0.0
1970-01-03 06:42:00,-0.11718482921373341,-0.21960715989636018,0.9002663704023707,0.0
1970-01-03 06:43:00,-0.1104084752102777,-0.3038995864816472,0.8466443836045934,0.0027184040776406
1970-01-03 06:44:00,-0.17786449594953666,-0.08155018167696329,0.8817922342191352,0.0
1970-01-03 06:45:00,-0.17419904989975668,-0.007174266174692634,0.8984121464106698,0.0
1970-01-03 06:46:00,-0.135668964578571,-0.32566317385242477,0.5919325997566194,0.0
1970-01-03 06:47:00,-0.072473719532815,-0.44402546368108503,0.5811968869080305,0.028528448805561366
1970-01-03 06:48:00,-0.18395676037024664,-0.34931588806930014,0.5513230578984526,0.0023048792443067
1970-01-03 06:49:00,-0.2318397562919838,-0.3093188948262415,0.7817037167706987,0.0019614911510821
1970-01-03 06:50:00,-0.21653984019078065,-0.27200892855844033,0.8366023270590389,0.0084312218853594
1970-01-03 06:51:00,-0.2675385817167896,-0.26962017008629874,0.8152432923454835,0.009250923655256033
1970-01-03 06:52:00,-0.2518160978314217,-0.27948249944430353,0.8195670430106263,0.0063849134780261
1970-01-03 06:53:00,-0.27816973697020825,-0.31434096683496165,0.7450320076428577,0.004899712258334133
1970-01-03 06:54:00,-0.3925683979690436,-0.3355407474250798,0.5723386246830501,0.0319266645970235
1970-01-03 06:55:00,-0.33351142457175803,-0.3673853339440106,0.5718612313369734,0.024942579842720664
1970-01-03 06:56:00,-0.32548620020948665,-0.23354613101214441,0.608040201296574,0.015389764468737568
1970-01-03 06:57:00,-0.3334102121617564,-0.20594477662285615,0.6159528147008219,0.013888988925072565
1970-01-03 06:58:00,0.021825896801278537,-0.13694746342664812,0.9154616062469159,0.0
1970-01-03 06:59:00,0.0485290412646101,-0.20473338962573442,0.8677397834753808,0.0
1970-01-03 07:00:00,0.05859084684972913,-0.1421624494772352,0.8989385941712622,0.0
1970-01-03 07:01:00,0.0052831922435523,-0.10464702009021304,0.9198736461554523,0.0
1970-01-03 07:02:00,0.032145949314513235,-0.15072509495561526,0.8955348966171689,0.0
1970-01-03 07:03:00,0.0388734788813975,-0.17089332544555821,0.9024139587454983,0.0
1970-01-03 07:04:00,0.0665581438300174,-0.1757568576219166,0.9060411425263396,0.0
1970-01-03 07:05:00,0.082609483438775,-0.18271754537488313,0.9008449717179978,0.0
1970-01-03 07:06:00,0.074590599783149,-0.24269904643073334,0.8732554751877345,0.0024226259603908336
1970-01-03 07:07:00,0.0780524464393243,-0.17770731005047966,0.7991421743428703,0.0
1970-01-03 07:08:00,-0.038654754364170034,-0.5050711255002149,0.45245830933191633,0.03894682042242117
1970-01-03 07:09:00,-0.08361549079745073,-0.49207401270664475,0.4365894238044104,0.0363121989826785
1970-01-03 07:10:00,-0.15886587743920913,-0.3979362944150207,0.6819264913071429,0.025864250403969734
1970-01-03 07:11:00,-0.10396029010327534,-0.355097047241056,0.7680060088321734,0.023036472172167633
1970-01-03 07:12:00,-0.09239052611707803,-0.3324991878420465,0.768179758930188,0.0228640633169874
1970-01-03 07:13:00,0.05775108014610747,0.0656802329541142,0.8909345402869867,0.0
1970-01-03 07:14:00,0.0529837983414036,0.0602506443632111,0.8935423284531635,0.0
1970-01-03 07:15:00,0.05309185413728463,0.069882240528473,0.8913373921446078,0.0
1970-01-03 07:16:00,0.0511177862865905,0.0737828153587486,0.8907521683366332,0.0
1970-01-03 07:17:00,0.05636079572033414,0.08114705180909576,0.8891335137219958,0.0
1970-01-03 07:18:00,0.0617038637338517,0.07656104375608797,0.8904642301349512,0.0
1970-01-03 07:19:00,0.06626469361650246,0.08102559495048976,0.8893926266254119,0.0
1970-01-03 07:20:00,0.08238793342417096,0.06610355146233027,0.8915122276732559,0.0
1970-01-03 07:21:00,0.07408520832737847,0.0787888302647437,0.8884671716226893,0.0
1970-01-03 07:22:00,0.08500131851152887,0.06933755330669146,0.8902080205334668,0.0
1970-01-03 07:23:00,0.06672130522781876,0.0807043347758165,0.8889471017703889,0.0
1970-01-03 07:24:00,0.06529015976901736,0.07209681023096932,0.8917561788058768,0.0
1970-01-03 07:25:00,0.06452266932654836,0.0823666696390267,0.8891943147886477,0.0
1970-01-03 07:26:00,0.0707826639550232,0.07518356300656977,0.8909156082870959,0.0
1970-01-03 07:27:00,0.06102820152227036,0.07278785135855091,0.8931405913061133,0.0
1970-01-03 07:28:00,0.054380027899332904,0.0886286886021258,0.8890870095599607,0.0
1970-01-03 07:29:00,0.059502656896286,0.07710399754019537,0.8919104480581534,0.0
1970-01-03 07:30:00,0.062271475265527766,0.07537971744663803,0.8925680073516497,0.0
1970-01-03 07:31:00,0.06319327638234556,0.07637386406647938,0.892532578477948,0.0
1970-01-03 07:32:00,0.0665391608520879,0.09186181084049411,0.8872769521115366,0.0
1970-01-03 07:33:00,0.0643859593552564,0.07841367962484443,0.8912616283001894,0.0
1970-01-03 07:34:00,0.060138183139810064,0.07812669062985554,0.8918035086236104,0.0
1970-01-03 07:35:00,0.05729822841166343,0.08731890531832813,0.8893510037937635,0.0
1970-01-03 07:36:00,0.06288949301092787,0.08646498044766922,0.8892141131576428,0.0
1970-01-03 07:37:00,0.06659029234776019,0.08678364654921321,0.8890370836707361,0.0
1970-01-03 07:38:00,0.06543808504619257,0.10541688532835551,0.8847730077982869,0.0
1970-01-03 07:39:00,0.06688958224909333,0.09351355853329946,0.8952564996818321,0.0
1970-01-03 07:40:00,0.07820073093251696,0.10542219860182193,0.8980290127963125,0.0
1970-01-03 07:41:00,0.0707699050465469,0.1265097581858897,0.8972705651282012,0.0
1970-01-03 07:42:00,0.07976431820018537,0.12323624853932608,0.9009865118799617,0.0
1970-01-03 07:43:00,0.08491987458406453,0.12225263736227356,0.9046429491359209,0.0
1970-01-03 07:44:00,0.08404508546602256,0.12406274325162774,0.9041019014354025,0.0
1970-01-03 07:45:00,0.09101927005539116,0.12457275254369603,0.9028711459532506,0.0
1970-01-03 07:46:00,0.09524088324095109,0.122539664777151,0.9027882321575859,0.0
1970-01-03 07:47:00,0.09626380618302717,0.1253098495763154,0.9017789652832411,0.0
1970-01-03 07:48:00,0.0954741231015156,0.12869455899207327,0.9008740105334282,0.0
1970-01-03 07:49:00,0.09587810535502213,0.1264928329030533,0.9013247066657367,0.0
1970-01-03 07:50:00,0.05364063925439627,-0.01665524605973819,0.9065655857570426,0.0
1970-01-03 07:51:00,0.012949119339465834,0.0942620875283412,0.8926462023556434,0.0
1970-01-03 07:52:00,-0.001912529590652463,0.14370748629101085,0.8952757327407297,0.0
1970-01-03 07:53:00,0.0035249123268670337,0.13617138735250003,0.8976995471551344,0.0
1970-01-03 07:54:00,0.014253848814906133,0.12365180259734032,0.9036299558704418,0.0
1970-01-03 07:55:00,0.012680073196287034,0.1342631842531069,0.900314904310469,0.0
1970-01-03 07:56:00,0.011926065267126302,0.13381074999497183,0.899752464249432,0.0
1970-01-03 07:57:00,0.015326656804572633,0.1338472842677609,0.9000850273881084,0.0
1970-01-03 07:58:00,0.017685062616439002,0.1330720913836187,0.9004840203576691,0.0
1970-01-03 07:59:00,0.013917859756403134,0.13349761971072874,0.8997727254011006,0.0
1970-01-03 08:00:00,-0.07558826423351377,0.11567767595826435,0.9014561025457938,0.0
1970-01-03 08:01:00,-0.07559722677916957,0.1086034175004484,0.9005702173185987,0.0
1970-01-03 08:02:00,-0.06655186510972917,0.10544823324704855,0.8998015652543456,0.0
1970-01-03 08:03:00,-0.0686351971937539,0.07487958998078113,0.9058132079507937,0.0
1970-01-03 08:04:00,-0.0644057827827058,0.08453200244228314,0.9001933411970416,0.0
1970-01-03 08:05:00,-0.06348598408617427,0.06190668041424253,0.9049751880682723,0.0
1970-01-03 08:06:00,-0.05928634265591894,0.07218412300094564,0.8994741008775736,0.0
1970-01-03 08:07:00,-0.048970433660126135,0.05641256191509094,0.9026163922427486,0.0
1970-01-03 08:08:00,-0.046082774537777926,0.04798283463190837,0.9046380061915227,0.0
1970-01-03 08:09:00,-0.055826612801437935,0.04629320361379474,0.9023940053088036,0.0
1970-01-03 08:10:00,-0.058792549882357825,0.034939049091801136,0.9030103421773088,0.0
1970-01-03 08:11:00,-0.06164687406057573,0.0348098813789234,0.9005582955793391,0.0
1970-01-03 08:12:00,-0.060821792919450564,0.02865886402687377,0.900497228317639,0.0
1970-01-03 08:13:00,-0.05650455573555737,0.023855025687559636,0.9005814902719175,0.0
1970-01-03 08:14:00,-0.0580979021988065,0.009320530485084003,0.9032652713189652,0.0
1970-01-03 08:15:00,-0.05882203573947333,0.003544588775871632,0.902886304295246,0.0
1970-01-03 08:16:00,-0.0496341002710859,-0.01287655386583203,0.9071849541589199,0.0
1970-01-03 08:17:00,-0.06177311885945854,-0.010114614468105706,0.9038043120709506,0.0
1970-01-03 08:18:00,-0.04503380559662363,-0.015118217362833966,0.9047420812742072,0.0
1970-01-03 08:19:00,-0.051071208337456264,-0.01785771389602947,0.9037441680678312,0.0
1970-01-03 08:20:00,-0.0436134706503043,-0.022835438716292494,0.9047197047869945,0.0
1970-01-03 08:21:00,-0.0501267573031485,-0.026167970929635465,0.9035431158844465,0.0
1970-01-03 08:22:00,-0.045084499942747304,-0.0361038364474298,0.9059610493615686,0.0
1970-01-03 08:23:00,-0.04978727835019723,-0.03292752947575103,0.902249664902902,0.0
1970-01-03 08:24:00,-0.0402780779727289,-0.03955869680070847,0.9036717322006368,0.0
1970-01-03 08:25:00,-0.04220616403496306,-0.0490663124345023,0.9046602564754206,0.0
1970-01-03 08:26:00,-0.037972232538561836,-0.05214011494114906,0.9053451630342182,0.0
1970-01-03 08:27:00,-0.060790526644407296,-0.06709958352133553,0.9024423705067447,0.0
1970-01-03 08:28:00,-0.056565557021226294,-0.061361991938636506,0.9038341967797443,0.0
1970-01-03 08:29:00,0.007648518036638065,-0.22680947310118338,0.9038210207574823,0.0
1970-01-03 08:30:00,-0.0013913388370693665,-0.22734615912872003,0.9078435794448328,0.0
1970-01-03 08:31:00,-0.0015409158869475678,-0.23644761691577684,0.9065044176930804,0.00040735895929033334
1970-01-03 08:32:00,-0.0005921522539422986,-0.23410958391538458,0.9078548536208846,0.0
1970-01-03 08:33:00,-0.0038692193766744335,-0.24306398167240714,0.9067509980454331,3.109071368186574e-05
1970-01-03 08:34:00,-0.001521174487098267,-0.2599990227789428,0.9013102889836574,0.0010278321563887665
1970-01-03 08:35:00,0.006481184200341601,-0.2348200816067392,0.9097725837501279,0.0
1970-01-03 08:36:00,0.007509282769459602,-0.26150043786572896,0.902851523113033,9.161921790123984e-06
1970-01-03 08:37:00,0.0004473329943090997,-0.25338539016559164,0.907542097430619,0.0
1970-01-03 08:38:00,-0.019649878990618968,-0.24031173458781,0.9107590024823451,0.0
1970-01-03 08:39:00,0.0055935909812468675,-0.26245441746262527,0.9067441290520876,0.0
1970-01-03 08:40:00,-0.0084030193915492,-0.28194922978276676,0.9016916907517268,0.0
1970-01-03 08:41:00,-0.003601339561514566,-0.28654100454628156,0.9019584302802931,0.0
1970-01-03 08:42:00,0.0037005198461026005,-0.28488202601253393,0.9026083198201621,0.0
1970-01-03 08:43:00,-0.005285707008598167,-0.29528703194055966,0.9035946029024284,0.0
1970-01-03 08:44:00,0.005666997367734366,-0.28839833808426146,0.907388722944345,0.0
1970-01-03 08:45:00,0.007715920201739901,-0.31227497676548094,0.8984167094371158,0.0
1970-01-03 08:46:00,0.0020772705155995,-0.303402932142208,0.9066550883726272,0.0
1970-01-03 08:47:00,0.0044025055685169,-0.3140559822781277,0.9047892639238405,0.0
1970-01-03 08:48:00,0.0203153979937363,-0.3395861885977484,0.8904544933614157,0.0
1970-01-03 08:49:00,0.013188877157370068,-0.32039988116264445,0.9065166586524507,0.0
1970-01-03 08:50:00,0.0141732058762507,-0.32752875087777283,0.906688449998375,0.0
1970-01-03 08:51:00,0.018720936753558803,-0.34569093926389227,0.8983445355839202,0.0
1970-01-03 08:52:00,0.014274823493189,-0.3312691973444457,0.9091333394334923,0.0
1970-01-03 08:53:00,0.03273343438845907,-0.3872743630476833,0.880938630015553,0.0
1970-01-03 08:54:00,0.017748726759119066,-0.36159164949668815,0.9053885513124964,0.0
1970-01-03 08:55:00,0.024321283252499933,-0.3851133526807839,0.8906925356256427,0.0
1970-01-03 08:56:00,0.020159284012759602,-0.37412982813931217,0.9067464886497602,0.0
1970-01-03 08:57:00,0.027844159465451768,-0.4055121102321925,0.897649504379538,0.0
1970-01-03 08:58:00,0.0192813971048918,-0.3930698933621552,0.9070448313351515,0.0
1970-01-03 08:59:00,0.025574712210086132,-0.41724223251245984,0.9022327773230693,0.0
1970-01-03 09:00:00,0.016882622561715334,-0.3905209494867843,0.9116349941539567,0.0
1970-01-03 09:01:00,0.0157095281145777,-0.3933537234518365,0.9100866298978061,0.0
1970-01-03 09:02:00,0.012070649195055766,-0.3832604398828334,0.9136360614287738,0.0
1970-01-03 09:03:00,0.009697177771836768,-0.38367458668873056,0.9132156442954754,0.0
1970-01-03 09:04:00,0.0025665491162507,-0.3779855760943322,0.9131706878695232,0.0
1970-01-03 09:05:00,0.014806233526074264,-0.39264954265369983,0.9103412969619535,0.0
1970-01-03 09:06:00,0.011838442047968167,-0.373850501511832,0.9165208824668207,0.0
1970-01-03 09:07:00,0.02825008147181977,-0.4369112252068053,0.8836117648353486,0.0
1970-01-03 09:08:00,0.021736229005171664,-0.38316911587280583,0.9139379369127214,0.0
1970-01-03 09:09:00,0.013844048546249701,-0.38198666917540597,0.914430685130814,0.0
1970-01-03 09:10:00,0.0206593349667867,-0.3958010620806145,0.9107362823942257,0.0004599161853302333
1970-01-03 09:11:00,0.008352979219160133,-0.3801497428283149,0.9144048631039827,0.0
1970-01-03 09:12:00,0.011586536383322,-0.39066513745788334,0.9108261195775217,0.0
1970-01-03 09:13:00,0.009597113320427134,-0.3810160050844715,0.9144063319782499,0.0
1970-01-03 09:14:00,-0.0005828431078977332,-0.38545656683479135,0.9124697489584763,0.0
1970-01-03 09:15:00,0.015210668848298333,-0.3888169145358727,0.9118303145230495,0.0
1970-01-03 09:16:00,0.019056567176956633,-0.3900682367060635,0.909949901230576,0.0
1970-01-03 09:17:00,0.013135446126731065,-0.3863887424514352,0.9094004923949267,0.0
1970-01-03 09:18:00,0.012688861330783799,-0.39141204789714196,0.9050776374108963,0.00015085268507003332
1970-01-03 09:19:00,0.013996241332622268,-0.3703737619590415,0.9085672541873183,0.0
1970-01-03 09:20:00,0.008579669359072234,-0.3640290660185328,0.9078414652111899,0.0
1970-01-03 09:21:00,0.0093718890759667,-0.33684849487344937,0.9124856135148686,0.0
1970-01-03 09:22:00,-0.0022115541880998,-0.32078647890110795,0.9149714249893736,0.0
1970-01-03 09:23:00,0.002036768505769533,-0.32531990853116355,0.9119749598127319,0.0
1970-01-03 09:24:00,0.0032394674776192005,-0.3278921385355344,0.9089543976429922,0.0
1970-01-03 09:25:00,0.01713182289698013,-0.34440344132164746,0.8980389320510686,0.0
1970-01-03 09:26:00,-0.0030134819107314995,-0.3301259408521183,0.9053130418003156,0.0
1970-01-03 09:27:00,-0.007564311658375667,-0.32274902079098117,0.9054110150194828,0.0
1970-01-03 09:28:00,-0.007133741388341133,-0.2981239863735887,0.9092304224801834,0.0
1970-01-03 09:29:00,-0.0133627741467394,-0.2755686154170571,0.912751531474212,0.0
1970-01-03 09:30:00,-0.0046684808082026,-0.2832394843019415,0.911410884865473,0.0
1970-01-03 09:31:00,-0.007834964527838101,-0.29160014829877334,0.9094208263509108,0.0
1970-01-03 09:32:00,-0.0105996775733268,-0.2845590417770954,0.9109113404032291,0.0
1970-01-03 09:33:00,-0.0073632889211008995,-0.29743181160826765,0.9070385347030333,0.0
1970-01-03 09:34:00,-0.0033037132860627995,-0.25687355169392356,0.914338703096071,0.0
1970-01-03 09:35:00,-0.008194737593763733,-0.2750506412176635,0.910859679260502,0.0
1970-01-03 09:36:00,-0.0145724642546668,-0.2723056519749733,0.911227323275722,0.0
1970-01-03 09:37:00,-0.011933605813554233,-0.29184451530181,0.9047927581327034,0.0
1970-01-03 09:38:00,-0.0072256885129625996,-0.28789986387822225,0.9075007198147153,0.0
1970-01-03 09:39:00,-0.012319011663490998,-0.2787169081416261,0.9087711927674981,0.0
1970-01-03 09:40:00,-0.009978375024962667,-0.2817554867744561,0.9070560498370418,0.0
1970-01-03 09:41:00,-0.01816582957540387,-0.30521081281618223,0.8986155451075654,0.0004341371945907667
1970-01-03 09:42:00,-0.012678962529822702,-0.2767825555710442,0.9050731155903312,0.0
1970-01-03 09:43:00,-0.008584343846069133,-0.2956294461290545,0.8994504513753894,0.0
1970-01-03 09:44:00,-0.010394978970091466,-0.2893406696745772,0.9032805348131655,0.0010888026171487666
1970-01-03 09:45:00,0.0037893865695710002,-0.2992033210907432,0.8915482879598372,0.0
1970-01-03 09:46:00,0.017310104257064033,-0.3267878282426643,0.8585509786405803,0.0
1970-01-03 09:47:00,-0.06341256824621243,-0.09417907253946523,0.8991099917199508,0.0
1970-01-03 09:48:00,-0.04967801172121387,-0.08220836072663666,0.8989611752352317,0.0
1970-01-03 09:49:00,-0.04753061534395447,-0.062341252020803324,0.8939171622472543,0.0
1970-01-03 09:50:00,-0.04388259034744483,-0.0685264363436807,0.8975274452583726,0.0
1970-01-03 09:51:00,-0.06180513820928957,-0.05809865123931416,0.8923818541861608,0.0
1970-01-03 09:52:00,-0.061936947712191937,-0.05864985624074209,0.8939046550607719,0.0
1970-01-03 09:53:00,-0.07152935536248607,-0.04241041982202313,0.8863761867203538,0.0
1970-01-03 09:54:00,-0.05968829398908151,-0.04262349559367954,0.8891760990101573,0.0
1970-01-03 09:55:00,-0.05883167084128893,-0.038886136646280794,0.8880998149739207,0.0
1970-01-03 09:56:00,-0.06836107068633956,-0.04311618872187884,0.8917234116679168,0.0
1970-01-03 09:57:00,-0.06075904124657463,-0.029478812119679693,0.8894934983417775,0.0
1970-01-03 09:58:00,-0.06357364998233038,-0.030343466035278006,0.8909143138025691,0.0
1970-01-03 09:59:00,-0.05730604796057046,-0.02102636005157707,0.8897417191451159,0.0
1970-01-03 10:00:00,-0.05236562439333014,-0.08168251513941104,0.8621773892699524,0.0
1970-01-03 10:01:00,-0.059261735525248264,-0.08973387702334228,0.8577910588072771,0.0
1970-01-03 10:02:00,-0.039994189766318695,-0.16838590038955695,0.8589210885349071,0.0
1970-01-03 10:03:00,0.0005066253085158013,-0.2768692670194788,0.8721933441633728,0.0
1970-01-03 10:04:00,-0.38428877888190893,-0.5385562535492866,0.3493359073701807,0.03620383054847123
1970-01-03 10:05:00,-0.39654984911069163,-0.5384707962753947,0.33928247925130267,0.0365555126358854
1970-01-03 10:06:00,-0.13707856239453622,-0.4743227076135598,0.3464023460484058,0.0
1970-01-03 10:07:00,0.0661749989166051,-0.2831482249271795,0.8827550322620529,0.0019941911139647003
1970-01-03 10:08:00,0.08064780119105104,-0.1175499624950473,0.887070631365706,0.0
1970-01-03 10:09:00,-0.025995573362569163,-0.33699301294075196,0.8379369591111391,0.019153338406280633
1970-01-03 10:10:00,-0.05089264169534336,-0.3100986812415228,0.8393916889019121,0.016441671050010268
1970-01-03 10:11:00,-0.045573445784700635,-0.2685339948836271,0.846159544585507,0.015618056824924198
1970-01-03 10:12:00,-0.0389762640255436,-0.27978118641605687,0.8332421335086723,0.015609652275133732
1970-01-03 10:13:00,-0.025475585647573795,-0.2686766030171485,0.8341031820785475,0.015358622566970466
1970-01-03 10:14:00,0.03280696549379874,-0.12116377793980083,0.8538759693408072,0.0
1970-01-03 10:15:00,-0.0060510050344534,-0.07777168885983203,0.8881991488164633,0.0
1970-01-03 10:16:00,0.009406811584044633,-0.16037696946136637,0.8656978705056093,0.0
1970-01-03 10:17:00,-0.007803309583694,-0.23512919786763842,0.8331933208367865,0.0
1970-01-03 10:18:00,0.011411579779515603,-0.16215798194591588,0.8743653301074423,0.0
1970-01-03 10:19:00,0.032003228667915835,-0.18643514104172573,0.8730301082033244,0.0
1970-01-03 10:20:00,2.7273997187660104e-06,-0.11049345538764244,0.9085658493725459,0.0
1970-01-03 10:21:00,0.0030644227102937655,-0.14793386430786176,0.9067006405957297,0.0
1970-01-03 10:22:00,0.0162629370522675,-0.15728753507350046,0.8950117849048728,0.001770898049725
1970-01-03 10:23:00,0.008387152295754633,-0.1544312275708532,0.9056021814236086,0.0
1970-01-03 10:24:00,-0.02316341760496787,-0.06427486971367553,0.8910416166803344,0.0
1970-01-03 10:25:00,-0.05139734999950546,0.010124489995831668,0.9019813989876148,0.0
1970-01-03 10:26:00,-0.05710905257332513,-0.0016369197837190024,0.9061438783093129,0.0
1970-01-03 10:27:00,-0.046357861870240026,0.019455653126898634,0.9017353533386191,0.0
1970-01-03 10:28:00,-0.0470940507600224,0.010435083396674519,0.900092499433041,0.0
1970-01-03 10:29:00,-0.036664305017222606,-0.03864394464861931,0.8910608690634018,0.0008798177858733001
1970-01-03 10:30:00,-0.02725164047319757,-0.09807842748700324,0.8348472465548267,0.0
1970-01-03 10:31:00,-0.003574725170083467,-0.17294353282645944,0.7703262836057431,0.0105737287847549
1970-01-03 10:32:00,-0.03129732984143357,-0.0635620283168481,0.8845331701783313,0.004890862897320367
1970-01-03 10:33:00,-0.029845208479488138,-0.13061305882555915,0.8355465886445228,0.0012586778801988335
1970-01-03 10:34:00,-0.023119868795589693,-0.08228983495720493,0.8496684485322543,0.0
1970-01-03 10:35:00,-0.0369729391620406,-0.05011166915298813,0.8914547161564886,0.0024928570247776667
1970-01-03 10:36:00,-0.04090064360740587,-0.09989401345183775,0.8264353572616185,0.0
1970-01-03 10:37:00,-0.0010670702549340956,-0.1288967993808864,0.8611293119137374,0.0
1970-01-03 10:38:00,-0.0141819111588203,-0.11676613088293725,0.8192122035083451,0.0101928440028213
1970-01-03 10:39:00,-0.025080411308759664,-0.02048439849084906,0.8893130601775056,0.0003845719587357
1970-01-03 10:40:00,-0.022041122482735497,-0.07340221869122376,0.849023991689314,0.0006065578677551333
1970-01-03 10:41:00,-0.006798491729640162,-0.07493982191832,0.8880088586876921,0.0031192196008061335
1970-01-03 10:42:00,0.015381031357802466,-0.1865883204901124,0.8905343439451676,0.004422021997685567
1970-01-03 10:43:00,0.042807165688919735,-0.20092959938311505,0.8960165156244209,0.0005066970523703
1970-01-03 10:44:00,0.05077840943558943,-0.2557801568397338,0.8684111994564389,0.0
1970-01-03 10:45:00,0.014926083167487501,-0.1624082560817312,0.8903187288584588,0.0037215531363627
1970-01-03 10:46:00,0.0384979537653748,-0.17043064858561727,0.8968664827121288,0.0046425761495141995
1970-01-03 10:47:00,0.025771578195155062,-0.1662979918116528,0.9003908388477971,0.0014919572906889002
1970-01-03 10:48:00,0.04456472595732643,-0.06404305801560316,0.8783671762862394,0.00011337703136043334
1970-01-03 10:49:00,0.05327617006124804,-0.04451054614895846,0.8627829572103264,0.003612664659961533
1970-01-03 10:50:00,0.058699216195489005,-0.020287628559394116,0.8758462938084425,0.0018339992231178335
1970-01-03 10:51:00,0.0369111944158525,-0.041102228695812475,0.8780986292332266,0.0036308296439285337
1970-01-03 10:52:00,0.04988882919666023,-0.024394768710012765,0.8698892429064662,0.0024351470903218
1970-01-03 10:53:00,0.045380895346160965,0.04043028762652683,0.8755472001566801,0.0
1970-01-03 10:54:00,0.056115104502092006,0.13117847969953442,0.8813454938385655,0.0
1970-01-03 10:55:00,0.042434447604724264,0.013279673777473031,0.8980731845643386,0.0
1970-01-03 10:56:00,0.024611696717674367,-0.0505493773842276,0.8970641604956784,0.0
1970-01-03 10:57:00,-0.0026575623595459,-0.02331902533266054,0.8806671350091687,0.0
1970-01-03 10:58:00,0.00042371249572556446,0.017073032194772974,0.8895574813160264,0.0
1970-01-03 10:59:00,0.0011355439142968658,-0.008036002698142308,0.8753562718273651,0.00018000635305450002
1970-01-03 11:00:00,-0.007103144269029235,-0.042354864744340526,0.8501128681835747,0.005562550713658
1970-01-03 11:01:00,0.0183793295559365,0.0594043232058702,0.8864138311440687,0.0
1970-01-03 11:02:00,0.011923863088006102,0.06765192158148016,0.894698002970901,0.0
1970-01-03 11:03:00,0.0026087976470559673,0.08699670044653109,0.8694660289186653,0.0
1970-01-03 11:04:00,0.0220663559071409,0.08129100013729357,0.8618713167428074,0.0
1970-01-03 11:05:00,-0.014686937991416732,0.05564636524259118,0.8622653088814723,0.0
1970-01-03 11:06:00,0.004369463567697167,0.049463341671101724,0.8563391720270436,0.0
1970-01-03 11:07:00,0.02130015566643847,-0.008795025098174647,0.8352607328191893,0.011868221020366132
1970-01-03 11:08:00,0.017438864399626535,0.02876918079395861,0.8508976324490707,0.002616715934482667
1970-01-03 11:09:00,-0.0117222943131701,0.03830668881744711,0.8352111562405923,0.0
1970-01-03 11:10:00,0.0249575588732522,0.08670406134294295,0.857221049141935,0.0
1970-01-03 11:11:00,0.0001241663652989672,0.07464833858525416,0.8613452461007179,0.0
1970-01-03 11:12:00,-0.0049536248081921,0.07781289805708241,0.8561318148685816,3.130840699346512e-05
1970-01-03 11:13:00,0.004475782386661266,0.06372107628969813,0.8549825800744179,0.0010038903238050333
1970-01-03 11:14:00,0.0021224943139887664,0.08186725137814775,0.8473229551675047,0.0011541387566067333
1970-01-03 11:15:00,0.010216122657527965,0.0826352509268074,0.8428828779487197,0.0017823463536945333
1970-01-03 11:16:00,0.0048924374867641675,0.08003597283940866,0.8395915326994281,0.0026063279870838
1970-01-03 11:17:00,-0.0040512038917549335,0.07610985026510643,0.8305908550561569,0.0001685711138445
1970-01-03 11:18:00,-0.0019489062713040674,0.10496437873402802,0.8397351665005749,0.0
1970-01-03 11:19:00,-0.012085247510051267,0.10825332302657036,0.8353303160178599,0.0
1970-01-03 11:20:00,0.01847574413139633,0.1371686689374688,0.8458109323733792,0.0
1970-01-03 11:21:00,0.001752981422163534,0.13205341791214192,0.8397881564851101,0.0
1970-01-03 11:22:00,-0.0088290507742765,0.07824142986891476,0.8176189068419538,0.0038995165193783
1970-01-03 11:23:00,-0.0022106968282515,0.10489816105392023,0.8179033218812114,0.00017876040300276669
1970-01-03 11:24:00,-0.001584947719052133,0.1472491898357507,0.8246702976216325,0.0
1970-01-03 11:25:00,0.016221896654309533,0.08610035058864052,0.803689735169885,0.0025910157259250665
1970-01-03 11:26:00,0.0322827373690217,0.1515989820148596,0.828351419018119,0.0
1970-01-03 11:27:00,0.11233067486316771,0.14438647577753475,0.8704666403437953,0.0
1970-01-03 11:28:00,0.09828196831396986,0.16186510371739202,0.8700841551543266,0.0
1970-01-03 11:29:00,0.09473613964528639,0.16890511120423432,0.8652949338896275,0.0
1970-01-03 11:30:00,0.09342691810218269,0.159944621614102,0.8718886671915577,0.0
1970-01-03 11:31:00,0.0573880735277659,0.13970576457804942,0.8715371057193414,0.0
1970-01-03 11:32:00,0.0312497197945179,0.07815843358915277,0.8654643471248568,0.0
1970-01-03 11:33:00,0.04708762046725473,0.056696014111336346,0.8529106136608625,0.0
1970-01-03 11:34:00,0.023638592350861368,-0.0016585904810158352,0.8215742127295886,0.0
1970-01-03 11:35:00,0.03510506851522727,0.07340482913843828,0.8668374355945657,0.0
1970-01-03 11:36:00,0.02968442129825723,0.034988690845218606,0.8443396577169967,0.000358817826989
1970-01-03 11:37:00,0.0263920417231477,-0.011310519786231396,0.8784560505467982,0.0
1970-01-03 11:38:00,0.0175920865305426,-0.11577786737789116,0.8994251543978753,0.0
1970-01-03 11:39:00,0.026457250466058766,-0.1591517530721307,0.905329998561438,0.0
1970-01-03 11:40:00,0.01568549477093367,-0.14088709157804727,0.9008422690353926,0.0
1970-01-03 11:41:00,-0.0085652992766554,-0.13755607126036265,0.9048496752946837,0.0
1970-01-03 11:42:00,-0.05234753027306186,-0.00619185126703196,0.8893165702804957,0.0
1970-01-03 11:43:00,-0.05644080978018624,-0.029073447347544763,0.8928839082558097,0.0
1970-01-03 11:44:00,-0.06878365720747111,-0.004363731170151809,0.883802875362267,0.0
1970-01-03 11:45:00,-0.06485373301707917,-0.05423621560621713,0.8704685356060158,0.0
1970-01-03 11:46:00,-0.07088672128696699,-0.024968618737971043,0.8787085168800516,0.0017856937616470001
1970-01-03 11:47:00,-0.04562102596957543,-0.01846928269426019,0.8867491571812419,0.0
1970-01-03 11:48:00,-0.041605606756612436,-0.03025762391969286,0.8909232884977145,0.00020338964684600002
1970-01-03 11:49:00,-0.048007142379008966,-0.02666801987467775,0.8827246162043237,0.0016081748243395666
1970-01-03 11:50:00,-0.03491842080673604,-0.1134802752874809,0.8660969489092132,0.0
1970-01-03 11:51:00,-0.05542477375283653,-0.34812533483220026,0.8451654408719816,0.0
1970-01-03 11:52:00,-0.045378755233242994,-0.26308735655159143,0.8869199821934313,0.002185691060974
1970-01-03 11:53:00,-0.04727317323425317,-0.24650466996452633,0.9011694338413708,0.0020610892946844
1970-01-03 11:54:00,-0.04869551218759071,-0.2362236029535134,0.9047031212425641,0.0027922430424993333
1970-01-03 11:55:00,-0.0506950246638956,-0.23924998806666933,0.9034540274027263,0.0026924403808443
1970-01-03 11:56:00,-0.0555579385464047,-0.25092737532194237,0.9017286038843846,0.0029331584574976335
1970-01-03 11:57:00,-0.051164376311849426,-0.22643978628272643,0.9058019962120091,0.0029147932440755334
1970-01-03 11:58:00,-0.03638646859039687,-0.15594273628934238,0.8928778453506448,0.0017802067233978333
1970-01-03 11:59:00,-0.0868879474143956,-0.07642065290026802,0.9078823559296842,0.0
1970-01-03 12:00:00,-0.05221888460165536,-0.11966619824881551,0.9092423322791324,0.0016902059856996332
1970-01-03 12:01:00,-0.052296366643300986,-0.17145913489755396,0.8667011701087869,0.007707828602093633
1970-01-03 12:02:00,-0.08010746249530744,-0.1472967358437969,0.8795061128443575,0.0017981717641479666
1970-01-03 12:03:00,-0.06357593629482274,-0.0936847857728124,0.900657016823034,0.0029036361623412
1970-01-03 12:04:00,-0.07408324371137671,-0.0777433525549529,0.9029292331617244,0.0009079052866109667
1970-01-03 12:05:00,-0.0829787972503287,-0.09785335114128617,0.902740258112861,0.0018597936443611
1970-01-03 12:06:00,-0.09512034466114407,-0.09680069328376693,0.8936841150405215,0.004596444325701734
1970-01-03 12:07:00,-0.11341564243450453,-0.09206519258339185,0.8895423675667876,0.005013243314274133
1970-01-03 12:08:00,-0.11667990192127274,-0.08036185030905767,0.8888590385089145,0.002394787378763
1970-01-03 12:09:00,-0.07012106851701104,-0.14273973194437453,0.9002087969775673,0.0035632508237416
1970-01-03 12:10:00,-0.061197733326179095,-0.2235586695680014,0.90318018135126,0.0030465424369698
1970-01-03 12:11:00,-0.05926143879007096,-0.15803568725249792,0.9054641367120714,0.0
1970-01-03 12:12:00,-0.018066952702015433,-0.011932214728405407,0.892716757731599,0.0
1970-01-03 12:13:00,-0.04536689004906503,-0.007207424832441485,0.8787508895282691,0.0013712297435743666
1970-01-03 12:14:00,-0.0467338548249007,-0.07536908106849842,0.833155154510334,0.0
1970-01-03 12:15:00,-0.03293015636576766,0.005579422416115902,0.8808054794815673,0.000268361951133
1970-01-03 12:16:00,-0.04058356845907876,0.006578237308949168,0.8705618676006751,0.0017323580840530666
1970-01-03 12:17:00,-0.06799901217961947,-0.09337890512591045,0.9003601085246488,0.0005648493393775666
1970-01-03 12:18:00,-0.07255783094749957,-0.0856116589284044,0.9066320823858111,2.7986462948067132e-05
1970-01-03 12:19:00,-0.069417419297596,-0.10320054339069222,0.8958515311141766,0.002590870939964233
1970-01-03 12:20:00,-0.06160318020699981,-0.10578880180397134,0.9069621771124673,0.0032024161356323665
1970-01-03 12:21:00,-0.060901959766896364,-0.23646151233744583,0.88190682022584,0.0015098867297707
1970-01-03 12:22:00,-0.0456594683699911,-0.24764085216937382,0.8971655183456596,0.0013164462804291998
1970-01-03 12:23:00,-0.049546450945832765,-0.198434340642741,0.9059893950989234,0.0018681827784540334
1970-01-03 12:24:00,-0.034011888882693526,-0.17220292304647514,0.9094423017828163,0.0022282663888791333
1970-01-03 12:25:00,-0.0341204672627385,-0.2316664994187012,0.8954496484960625,0.002305868860266
1970-01-03 12:26:00,-0.02005204181265423,-0.2239325414049509,0.9063234060561886,0.0020841101785717
1970-01-03 12:27:00,-0.014731223397799234,-0.19630993478700332,0.9082397192250246,0.0023908597502835
1970-01-03 12:28:00,-0.010881399154622365,-0.19332554599067767,0.9142188750731042,0.002208416601843733
1970-01-03 12:29:00,-0.016000728426750026,-0.14734382352904954,0.9086492409102523,0.0014990977119859665
1970-01-03 12:30:00,0.024623273235458775,-0.18251351202350663,0.9096703231013058,0.0022018189886148
1970-01-03 12:31:00,0.019294531425800333,-0.15994407361945773,0.9079650319092053,0.0026853187642677666
1970-01-03 12:32:00,0.01921338630716017,-0.15173228420296714,0.9091211225243608,0.0019064603726252332
1970-01-03 12:33:00,-0.033455718328363464,-0.23304450667830312,0.9056524348815702,0.0012558341481746
1970-01-03 12:34:00,-0.06105109079823429,-0.28006257668412876,0.8680827292402574,0.0022151104016812
1970-01-03 12:35:00,-0.05729576000589783,-0.20607111429721173,0.9047150826679053,0.0
1970-01-03 12:36:00,-0.046121473955928666,-0.22313418295299772,0.8987146534683701,0.0006592393465212333
1970-01-03 12:37:00,-0.05432707499814093,-0.21272750560597528,0.8954572295449449,0.0
1970-01-03 12:38:00,-0.040538417053515435,-0.20552397651727772,0.9103855331772469,0.0
1970-01-03 12:39:00,-0.0110724266290854,-0.3730323788992315,0.9131954528133907,0.0
1970-01-03 12:40:00,-0.008460841858229299,-0.41045536158976254,0.89143167324898,0.0
1970-01-03 12:41:00,0.01824241209925163,-0.3663765953663462,0.913024434407097,6.666602064176666e-05
1970-01-03 12:42:00,0.011686449910296834,-0.34524170730565057,0.9179878360716924,0.00018923236175323336
1970-01-03 12:43:00,0.046158960771041396,-0.42318377268216095,0.8768384152324004,0.0
1970-01-03 12:44:00,0.06006150258494584,-0.3016615464637624,0.9072700798656731,0.00016623268128833333
1970-01-03 12:45:00,0.040502841409008596,-0.3911103137091589,0.9031993563766857,0.0024531666066240666
1970-01-03 12:46:00,0.03621818603694616,-0.4374707801783011,0.8804205478566813,0.008236650178159567
1970-01-03 12:47:00,0.06221719353419767,-0.4083590329868903,0.8887320075916083,0.00017000551224389998
1970-01-03 12:48:00,0.014081743920243769,-0.3492326925187583,0.9140779391197101,0.0
1970-01-03 12:49:00,0.011563079866083634,-0.3626209688711901,0.9105140919079759,0.0
1970-01-03 12:50:00,0.0017177043980638011,-0.3856573186392495,0.9127329798224486,0.0009671025522489
1970-01-03 12:51:00,-0.0030911193746943,-0.37259449132429023,0.9142367833671479,0.0027268209013258
1970-01-03 12:52:00,0.0021587468314185,-0.39429644424289395,0.9107442308919058,0.0018355624359777335
1970-01-03 12:53:00,-0.010166442175789365,-0.339856474264392,0.9180723783043184,0.0030490017550944336
1970-01-03 12:54:00,-0.040884030358753896,-0.30310383847690864,0.92432611510146,0.0
1970-01-03 12:55:00,-0.0355118890499209,-0.3202920192917549,0.9071199673620375,0.0
1970-01-03 12:56:00,-0.014020476966707199,-0.31249886789288256,0.9173670506670989,0.0041376433838105
1970-01-03 12:57:00,-0.0156080525453424,-0.2978309642648069,0.9196599214961115,0.003642524401610933
1970-01-03 12:58:00,-0.013185295411949868,-0.2775528508851454,0.921960586107521,0.0021027017031431
1970-01-03 12:59:00,0.01417138976647455,-0.40549433120264644,0.7952247543602369,0.004819470846090625
1970-01-03 13:00:00,0.027741432688021796,-0.3062149261258782,0.9032530836762429,0.00113079361314105
1970-01-03 13:01:00,0.042475184405268325,-0.33861149021380604,0.9191238185348698,0.0
1970-01-03 13:02:00,0.04223519811505063,-0.34866977249306885,0.9156059701108058,0.0
1970-01-03 13:03:00,0.03720260811719067,-0.3289018745087402,0.9201619024851037,0.0
1970-01-03 13:04:00,0.04430659350036675,-0.3167940897689595,0.9239917657045127,0.0
1970-01-03 13:05:00,0.0495935707575799,-0.38165506217266254,0.8937619319931761,0.0
1970-01-03 13:06:00,0.0740591525100287,-0.5122223360456916,0.6849163303132233,0.015666760774002576
1970-01-03 13:07:00,0.020893969700110076,-0.5830076287310858,0.5359555659253473,0.0421450676547723
1970-01-03 13:08:00,-0.013780786808393349,-0.5656993025813645,0.5543063626012393,0.04051221114083273
1970-01-03 13:09:00,-0.0167831014510037,-0.5782562835128366,0.5511181375057028,0.04207347259079193
1970-01-03 13:10:00,-0.016763190935355998,-0.5567849939944369,0.5570262065159521,0.0403689367737152
1970-01-03 13:11:00,-0.011933326866409799,-0.5461266725249885,0.5534824602039172,0.038654714713905726
1970-01-03 13:12:00,-0.02386851264485415,-0.5080102698660005,0.5655290176297968,0.03770540942069173
1970-01-03 13:13:00,-0.018297793742263622,-0.5013544813513456,0.5671010796235535,0.03773807290079478
1970-01-03 13:14:00,-0.0126943012499868,-0.566936303346337,0.5468831184729671,0.03767864505010352
1970-01-03 13:15:00,-0.042192368483153074,-0.5002077128863245,0.5492179461528734,0.039125096792051825
1970-01-03 13:16:00,-0.060636038294316526,-0.39193023076859523,0.5489695918617594,0.039135330020660705
1970-01-03 13:17:00,-0.07687445861115581,-0.1547688321258899,0.9103234343304066,0.0
1970-01-03 13:18:00,-0.09959634603610397,-0.13346418528793322,0.9107390285905045,0.0
1970-01-03 13:19:00,-0.07428213485656177,-0.10637690965621997,0.912497493491539,0.0
1970-01-03 13:20:00,-0.08010558118674231,-0.10402327265900761,0.9184042909355535,0.0
1970-01-03 13:21:00,-0.05749633337937663,-0.1220863319052274,0.9113610613870694,0.0
1970-01-03 13:22:00,-0.07379670747668891,-0.14747595001955663,0.904449591241738,0.0
1970-01-03 13:23:00,-0.07543193291829396,-0.16099293536862294,0.9147772135214699,0.0
1970-01-03 13:24:00,-0.07935203249729016,-0.16545108103421582,0.9152263133101104,0.0
1970-01-03 13:25:00,-0.07659265053291477,-0.14909573251621788,0.9178866039278787,0.0
1970-01-03 13:26:00,-0.0734637457227006,-0.09512243477679067,0.9098119746128851,0.0
1970-01-03 13:27:00,-0.0714725846637828,0.008118032514622545,0.8812172445384029,0.0
1970-01-03 13:28:00,-0.0673580831997226,0.025253247156213642,0.8779333739712364,0.0
1970-01-03 13:29:00,-0.07360523207161514,-0.010032008426954028,0.8551156352180683,0.0
1970-01-03 13:30:00,-0.0909229362180415,-0.09937575000788813,0.9028610907491293,0.0
1970-01-03 13:31:00,-0.0814155194188232,-0.13094198513813812,0.9072253768185005,0.0015827443485285332
1970-01-03 13:32:00,-0.0882001352535438,-0.12147701167847526,0.9050649809508258,0.0007149658299819332
1970-01-03 13:33:00,-0.08487702763853704,-0.10374482163493697,0.9107312831566334,0.0
1970-01-03 13:34:00,-0.09849539231897031,-0.09853983897749287,0.9133893980907303,0.0
1970-01-03 13:35:00,-0.0886541676746101,-0.03244975194992536,0.8942192268569796,0.0
1970-01-03 13:36:00,-0.0676305643672465,-0.10848260398573999,0.8970222810024263,0.0
1970-01-03 13:37:00,-0.0818716222747125,-0.1967780517392312,0.9100598575058703,0.0
1970-01-03 13:38:00,-0.09008131441650297,-0.1959106160714809,0.9111120954871014,0.0
1970-01-03 13:39:00,-0.06943545597018877,-0.2964956806603815,0.8774835876335262,0.0024653176040090002
1970-01-03 13:40:00,-0.08621261736359333,-0.31539121351604604,0.8648480097846587,0.009083093729504105
1970-01-03 13:41:00,-0.09378910484001883,-0.2559191780992199,0.8946715079786335,0.0
1970-01-03 13:42:00,-0.0138923289959794,-0.4689992036780954,0.8657535680076025,0.0
1970-01-03 13:43:00,-0.026954533076096104,-0.3943435020375297,0.9031282647040028,0.0
1970-01-03 13:44:00,-0.0285694025599461,-0.3474683291078562,0.8620683563258132,0.0023072077919299334
1970-01-03 13:45:00,-0.041454534692627935,-0.008559078531422681,0.8271482659477202,0.0
1970-01-03 13:46:00,0.000676295590118769,-0.02398820650164679,0.8569605279442443,0.0
1970-01-03 13:47:00,-0.02058230206965597,-0.016486020331812828,0.867602454322029,0.0
1970-01-03 13:48:00,-0.0175116680548932,0.031124471738642873,0.8557722662198644,0.0
1970-01-03 13:49:00,-0.0204920092125431,0.010637811524443782,0.8472671126199333,0.0
1970-01-03 13:50:00,-0.01936635958773693,0.034894744636109865,0.8568804821245394,0.0
1970-01-03 13:51:00,-0.020080988084122002,0.012021826798054821,0.8434342542093362,0.0
1970-01-03 13:52:00,0.008189774160632601,-0.05331590343706264,0.8868431853946762,0.0004205574040808
1970-01-03 13:53:00,-0.0057561074283650005,-0.007530751636109741,0.8478220376623608,0.0017953707817124334
1970-01-03 13:54:00,0.004106737333473966,0.010107820995106412,0.8529269844717783,0.0017563145770238334
1970-01-03 13:55:00,0.0022587448517643015,0.02012821193560153,0.8403845742325814,0.0002433901969967
1970-01-03 13:56:00,0.014422250816519733,0.1608265741581564,0.82737255476,0.0
1970-01-03 13:57:00,0.019325050431412468,0.1475547416858661,0.815287985722951,0.0
1970-01-03 13:58:00,-0.002049640888654234,0.12252385082922608,0.7982088495614242,0.0
1970-01-03 13:59:00,-0.019918160330108868,0.041572497772461525,0.7991215343571056,0.0
1970-01-03 14:00:00,-0.037751114081070264,0.04342607471145358,0.8224253111728058,0.001968548317673
1970-01-03 14:01:00,-0.029785235547715935,0.018556025264681253,0.8017112361268618,0.0008654221339339667
1970-01-03 14:02:00,-0.041236233220977234,0.11807409446346025,0.8411514495434443,0.0
1970-01-03 14:03:00,-0.049018500019979705,0.14828870578534611,0.8436248537686742,0.0
1970-01-03 14:04:00,-0.0427576643794255,0.1509311957413316,0.8457668771964554,0.0
1970-01-03 14:05:00,-0.0447419372609514,0.160411861774899,0.8454542846362242,0.0
1970-01-03 14:06:00,-0.05254542601688966,0.21893529853538643,0.8243155741558136,0.0
1970-01-03 14:07:00,-0.0749459381596475,0.10348215285662177,0.7671726542980114,0.0
1970-01-03 14:08:00,-0.05749339694537284,-0.1688737559470422,0.5941225365737018,0.04239828183491984
1970-01-03 14:09:00,-0.053199016502050396,-0.037046271244970175,0.8271517663810052,0.0
1970-01-03 14:10:00,-0.061881882633006334,-0.33522190919572514,0.8758225643518639,0.0
1970-01-03 14:11:00,-0.07890993493849684,-0.2542111186471334,0.9246626015032581,0.0
1970-01-03 14:12:00,-0.2473758015031452,0.0335854409595931,0.6640055299496926,0.0
1970-01-03 14:13:00,-0.365942377202869,0.33643711222827893,0.45510386815380155,0.0
1970-01-03 14:14:00,-0.3584563368707668,0.4057689512459766,0.445274767526024,0.0
1970-01-03 14:15:00,-0.35606613433876194,0.44747520952933906,0.4338234626481383,0.0
1970-01-03 14:16:00,-0.35137349381241795,0.46324741203750386,0.4292151180541915,0.0
1970-01-03 14:17:00,-0.28866556289706385,0.0575253129964019,0.683796739972483,0.0
1970-01-03 14:18:00,-0.36710405537979957,0.31546604965737757,0.46082504593665985,0.0
1970-01-03 14:19:00,-0.37089407093242815,0.31849827340438,0.4600442220760355,0.0
1970-01-03 14:20:00,-0.3594667638114685,0.36917781446193415,0.46035329969842415,0.0
1970-01-03 14:21:00,-0.34398026470286247,0.3394490551916732,0.4779461099399647,0.0
1970-01-03 14:22:00,-0.3430831194136184,0.335447568408473,0.4790912157700051,0.0
1970-01-03 14:23:00,-0.3604345178959865,0.3033099093720081,0.47580393179690034,0.0
1970-01-03 14:24:00,-0.6020487372633022,-0.019593852394418337,0.38387574142585557,0.011351111417399766
1970-01-03 14:25:00,-0.5668251313774508,-0.19882299837154718,0.38541516816453786,0.011551363083462267
1970-01-03 14:26:00,-0.4076314284552567,0.06353327354333153,0.28305293557310396,0.011681225720931466
1970-01-03 14:27:00,-0.4232914210434185,0.3209517450622424,0.26012574542669603,0.011761026013830235
1970-01-03 14:28:00,-0.4192921970105374,0.3309790407352557,0.25591666779560474,0.011852714779289565
1970-01-03 14:29:00,-0.5963373084248557,-0.06626723875075695,0.24903624707369343,0.0119009641141982
1970-01-03 14:30:00,-0.7089000212984038,0.014731251808955292,0.21470795232398268,0.013476629942066233
1970-01-03 14:31:00,-0.7020735786986531,-0.0002015922843246953,0.22754889537203948,0.011854250871005534
1970-01-03 14:32:00,-0.6910364191396537,0.06847948316620432,0.21491687597468814,0.010173631930959834
1970-01-03 14:33:00,-0.6956002248683335,0.02632568263862216,0.23076310538289382,0.010176117009925633
1970-01-03 14:34:00,-0.6834480167089824,0.12853109764590623,0.2381257736428958,0.0
1970-01-03 14:35:00,-0.6831442998468692,0.18193087415416176,0.2526626379387074,0.0
1970-01-03 14:36:00,-0.6836065244211054,0.18605625754466568,0.25225136603683723,0.0
1970-01-03 14:37:00,-0.683111451602081,0.19058145782764135,0.2511021892609047,0.0
1970-01-03 14:38:00,-0.6820966200103736,0.19211281391579269,0.2509724701655509,0.0
1970-01-03 14:39:00,-0.6805514087135013,0.19489654700045836,0.250428404202071,0.0
1970-01-03 14:40:00,-0.6782177101395389,0.19746092281078556,0.25024525998544767,0.0
1970-01-03 14:41:00,-0.6766319163293332,0.19823202102007023,0.25029935231637646,0.0
1970-01-03 14:42:00,-0.6735644875069405,0.20404180045756634,0.2528483833060314,0.0
1970-01-03 14:43:00,-0.6707665735560274,0.20877822776706711,0.2530624609096124,0.0
1970-01-03 14:44:00,-0.6698473004946126,0.20992299854252153,0.25287623205702797,0.0
1970-01-03 14:45:00,-0.6701199608343807,0.2116462922457191,0.25231697498666766,0.0
1970-01-03 14:46:00,-0.6879006261520478,-0.010531221584360465,0.2530184830903303,0.0
1970-01-03 14:47:00,-0.6938471439060342,-0.268437189138829,0.20213096321896526,0.0272674998245603
1970-01-03 14:48:00,-0.51960943759457,-0.3569247837416851,0.367963139161108,0.012019121382286134
1970-01-03 14:49:00,-0.4689553985815578,-0.362301702209659,0.36527934632483366,0.012053755455582535
1970-01-03 14:50:00,-0.49861386976643257,-0.2771204532201861,0.37373754867113157,0.012084524382161734
1970-01-03 14:51:00,-0.47108238215566756,0.2079289655944293,0.2368108242757446,0.0
1970-01-03 14:52:00,-0.18428269956765977,0.07601844475843936,0.3752515489199717,0.012709688316141934
1970-01-03 14:53:00,-0.16836986010374502,0.09543373060713216,0.38323215969123625,0.008009640334552934
1970-01-03 14:54:00,-0.1761027251333889,0.18641320631064573,0.4247044761616577,0.0
1970-01-03 14:55:00,-0.18928185901093764,0.20522278869723865,0.433315280960682,0.0
1970-01-03 14:56:00,-0.16703269764454431,0.346422969542645,0.42123925027333115,0.0
1970-01-03 14:57:00,-0.02163333143171853,0.14589962847995674,0.2260096571926086,0.0
1970-01-03 14:58:00,0.09114578667389468,0.11260735469151824,0.0682415802564888,0.0
1970-01-03 14:59:00,0.08902658216139146,0.0801481921790196,0.060937491070631546,0.0
1970-01-03 15:00:00,0.07488798091562364,0.0696160240584554,0.05241997958744574,0.0
1970-01-03 15:01:00,0.11501687491976063,0.1721871706913366,0.07618739459356531,0.0
1970-01-03 15:02:00,0.0734674287077223,0.1489282205169984,0.08807937694685612,0.0
1970-01-03 15:03:00,-0.029442046044782302,0.3501847186325085,0.0774460421021479,0.0
1970-01-03 15:04:00,-0.0315884996694392,0.3704346999598401,0.0857486250476947,0.0
1970-01-03 15:05:00,-0.05723634947589253,0.38089610204474883,0.07814195628134815,0.0
1970-01-03 15:06:00,-0.0615122353619979,0.36537644535928865,0.08418662921705876,0.0
1970-01-03 15:07:00,-0.062464670219628364,0.3641676688093815,0.08551307102884857,0.0
1970-01-03 15:08:00,-0.053677182429022335,0.3691850330459303,0.0883153661024364,0.0
1970-01-03 15:09:00,-0.07202677934641881,0.3813764143686969,0.08043338632428482,0.0
1970-01-03 15:10:00,-0.06568915844516911,0.3784601363248867,0.08362034227101293,0.0
1970-01-03 15:11:00,-0.04598003240007526,0.3876338207404941,0.08544974412944711,0.0
1970-01-03 15:12:00,-0.058021870456938435,0.40304195553407257,0.07733630061775203,0.0
1970-01-03 15:13:00,-0.05632201858221624,0.3843206550846743,0.08759524381625011,0.0
1970-01-03 15:14:00,-0.0598945190302663,0.4146950068453697,0.08041930239865062,0.0
1970-01-03 15:15:00,-0.06733563192211056,0.40352832070795513,0.08571084067459765,0.0
1970-01-03 15:16:00,-0.05999563190013213,0.4094729367185628,0.08652015148676216,0.0
1970-01-03 15:17:00,-0.06070945412141793,0.3834445312109273,0.09472004216300893,0.0
1970-01-03 15:18:00,-0.06790982401486993,0.2048677247074949,0.7356837462494107,0.0
1970-01-03 15:19:00,-0.016417086311067634,0.05285178986247627,0.7380142183151972,0.0
1970-01-03 15:20:00,0.0406679971810243,0.17786884983737306,0.7514677652157183,0.0
1970-01-03 15:21:00,0.005920806708203201,0.18796027045249142,0.7539179821761622,0.0
1970-01-03 15:22:00,0.009807499278575,0.19000336354657746,0.7555713601759931,0.0
1970-01-03 15:23:00,0.0130425521983133,0.1896553254202856,0.7575057116629721,0.0
1970-01-03 15:24:00,0.0165967005435609,0.19134866281168192,0.7586710629724532,0.0
1970-01-03 15:25:00,0.019797841368805733,0.19374221858161714,0.7594791229726935,0.0
1970-01-03 15:26:00,0.022783646549832597,0.19387537243424965,0.7610089935803283,0.0
1970-01-03 15:27:00,0.03499939152731387,0.19176209159255056,0.7628401796831824,0.0
1970-01-03 15:28:00,0.043350316258527734,0.1990801420860382,0.7616969763539054,0.0
1970-01-03 15:29:00,0.04376816855028907,0.20386476567600073,0.7615983810170089,0.0
1970-01-03 15:30:00,0.03980605308000484,0.19622974560439163,0.7641791093003331,0.0
1970-01-03 15:31:00,0.0373413390245617,0.2063307507634403,0.7657686153017466,0.0
1970-01-03 15:32:00,0.038275068232545034,0.2118017354242188,0.7677110097246279,0.0
1970-01-03 15:33:00,0.04097753602096596,0.20681911633409142,0.7732680831889022,0.0
1970-01-03 15:34:00,0.043400142097184034,0.21241518364973166,0.7753233467228774,0.0
1970-01-03 15:35:00,0.043076606611568834,0.20934655756142131,0.7795710588083246,0.0
1970-01-03 15:36:00,0.053008670988117144,0.20460627470308282,0.7848681110478674,0.0
1970-01-03 15:37:00,0.047626699977873575,0.2022616758559345,0.7898784658297999,0.0
1970-01-03 15:38:00,0.048068569251631894,0.2219710152994835,0.7873051280120748,0.0
1970-01-03 15:39:00,0.05539340597634681,0.22300699543417532,0.7909877501644376,0.0
1970-01-03 15:40:00,0.0613774760626456,0.1999789878760243,0.8031270802295797,0.0
1970-01-03 15:41:00,0.06567131473823937,0.20210570270295947,0.8077125001969043,0.0
1970-01-03 15:42:00,0.0633110303268039,0.21272791668742994,0.8093298311355168,0.0
1970-01-03 15:43:00,0.06742112222438706,0.22153418991734466,0.8112224090296362,0.0
1970-01-03 15:44:00,0.06809134847670335,0.20673828285839735,0.8223664435381034,0.0
1970-01-03 15:45:00,0.06713547327065533,0.19815987100599552,0.8313719508815723,0.0
1970-01-03 15:46:00,-0.0760738921385956,0.4490819796440833,0.5878732671803659,0.0
1970-01-03 15:47:00,-0.08999797941487701,0.4469720308834158,0.5922781708464595,0.0
1970-01-03 15:48:00,-0.09444097328083156,0.4674788772276027,0.587152419666289,0.0
1970-01-03 15:49:00,-0.0887296788215684,0.4794735334548399,0.5829025842277497,0.0
1970-01-03 15:50:00,0.013872067601353335,0.4225772372645556,0.6076110549446284,0.0
1970-01-03 15:51:00,0.4013056478531509,0.23852683938875982,0.6868472060581013,0.0
1970-01-03 15:52:00,0.3833932610738839,0.24952364220467585,0.685299511721467,0.0
1970-01-03 15:53:00,0.366336765174611,0.2466596577952391,0.6878086696817002,0.0
1970-01-03 15:54:00,0.3819859228189995,0.2953679873907508,0.6716559879760697,0.0
1970-01-03 15:55:00,0.3713196647367188,0.30466784010055104,0.6686359939943008,0.0
1970-01-03 15:56:00,0.3641707668443052,0.28604505912465666,0.6752050502085422,0.0
1970-01-03 15:57:00,0.3501589598234192,0.29134158677831357,0.6750185360996542,0.0
1970-01-03 15:58:00,0.3461579092290476,0.31445933367812756,0.6668577787203805,0.0
1970-01-03 15:59:00,0.3557943300441609,0.2884636882866814,0.6753725633466982,0.0
1970-01-03 16:00:00,0.3425874095377255,0.32945992485474973,0.6621591722631778,0.0
1970-01-03 16:01:00,0.3527639002902159,0.3149618397851692,0.6664421071026412,0.0
1970-01-03 16:02:00,0.3768981776319363,0.28990339974323,0.673325767175797,0.0
1970-01-03 16:03:00,0.3766799906314417,0.2958970961468878,0.671796899755201,0.0
1970-01-03 16:04:00,0.3953923366884411,0.2860611552218901,0.669646860141803,0.0
1970-01-03 16:05:00,0.4049434267222072,0.2782850215476077,0.672954885632577,0.0
1970-01-03 16:06:00,0.415902959906364,0.2728396236761759,0.6733764461007876,0.0
1970-01-03 16:07:00,0.12617537888121114,0.4292226088991995,0.5624798767391073,0.0
1970-01-03 16:08:00,-0.004849087757657403,0.5092481897674447,0.499314253515825,0.0
1970-01-03 16:09:00,-0.006656219013653434,0.5066864742220271,0.5007600968475128,0.0
1970-01-03 16:10:00,0.007877994547525835,0.5170889320102885,0.4950592254455894,0.0
1970-01-03 16:11:00,0.0035535828452561654,0.516676620839927,0.4958780802567933,0.0
1970-01-03 16:12:00,-0.07791266222673064,0.32468944216899137,0.4974485902628641,0.0
1970-01-03 16:13:00,-0.1549468877327262,0.5125177001771927,0.481665383158346,0.0
1970-01-03 16:14:00,-0.15230548571421468,0.5157893776566705,0.48166380216154464,0.0
1970-01-03 16:15:00,-0.15221040497657354,0.5154629721194554,0.4820069364856727,0.0
1970-01-03 16:16:00,-0.15175683044013158,0.5122819229906036,0.48095638586800044,0.0
1970-01-03 16:17:00,-0.11857295124541671,-0.1910487627514418,0.38986304883542483,0.0
1970-01-03 16:18:00,-0.1401563085519963,-0.11802774906186204,-0.06209090801229742,0.023180670786826934
1970-01-03 16:19:00,-0.1187332208179418,-0.01683535197223733,-0.059160798775281624,0.0021334989403234334
1970-01-03 16:20:00,-0.10115179503593492,0.2814080081530124,-0.0013273991126052436,0.0
1970-01-03 16:21:00,-0.08796807733513623,0.31897233858938306,0.015598346515220442,0.0
1970-01-03 16:22:00,-0.07686372818452501,0.2914382380882573,0.013749000889796553,0.0
1970-01-03 16:23:00,-0.07906229107023213,0.1734349395510694,-0.008906422191764513,0.0
1970-01-03 16:24:00,-0.07997871230675853,0.06966117383537516,-0.05150157999598692,0.0
1970-01-03 16:25:00,-0.10066620839184492,0.17759681938488292,-0.040935082153670414,0.0
1970-01-03 16:26:00,-0.13116180216412354,0.0865053285943075,-0.08081427601239421,0.012510065742166466
1970-01-03 16:27:00,-0.06002530979159748,0.38143459147284225,-0.02616096197089629,0.0
1970-01-03 16:28:00,-0.04643229798373253,0.3634324094498333,-0.04002727088941337,0.008965892239639466
1970-01-03 16:29:00,-0.05105116931549342,0.0912741573325942,0.20881265215945935,0.0
1970-01-03 16:30:00,-0.01590792715821687,-0.0058268071256249625,0.3366620326538403,0.0
1970-01-03 16:31:00,0.0103065250087902,-0.17495982432064872,0.3097097696967278,0.012080420888943967
1970-01-03 16:32:00,0.0110286588314087,-0.18395705944256524,0.30455143644486166,0.013437504215783465
1970-01-03 16:33:00,-0.0025234320266612,-0.2048493353289266,0.28740198218706864,0.013878037052156332
1970-01-03 16:34:00,-0.0006247935238965011,-0.2287983353046594,0.2797770521824384,0.012236683623426933
1970-01-03 16:35:00,-0.02102431004232717,-0.08852930197705584,0.33766792373801335,0.0
1970-01-03 16:36:00,-0.03247824414959217,-0.10966325346508665,0.33098792699593044,0.0
1970-01-03 16:37:00,-0.012835571099106066,-0.07242217510584192,0.34633926089163447,0.0
1970-01-03 16:38:00,-0.043857572925134,-0.06814819549488539,0.34665726848678186,0.0
1970-01-03 16:39:00,-0.0177031335059534,-0.10254537095752177,0.3301464692488048,0.0
1970-01-03 16:40:00,-0.024837294481273465,-0.09854306716412466,0.3302042650768279,0.0
1970-01-03 16:41:00,-0.021179513021944065,-0.23486972738533815,0.26411151088573354,0.0
1970-01-03 16:42:00,-0.03873966707694717,-0.2400680145445829,0.25215805338158825,0.011977308542350601
1970-01-03 16:43:00,-0.03398146941721697,-0.2405481574883681,0.26289638672028826,0.012419590911271934
1970-01-03 16:44:00,0.006256296610365332,-0.21568216320196357,0.2688527510731946,0.009198067149712934
1970-01-03 16:45:00,-0.04134477178496794,-0.012423476981700201,0.26889791826621723,0.007139875020817567
1970-01-03 16:46:00,-0.06486933095634671,0.04768369419139351,0.28886023175053693,0.0
1970-01-03 16:47:00,-0.08025122831332997,0.0217731424046661,0.27512993690546367,0.0
1970-01-03 16:48:00,-0.08132387281586444,-0.009618969918246493,0.2559906313707342,0.006524972307207166
1970-01-03 16:49:00,-0.07159342638854867,-0.033253729837867174,0.25960912208659404,0.008741810536969033
1970-01-03 16:50:00,-0.06453157136781668,-0.20275474038183808,0.2633657832201587,0.022581716024890067
1970-01-03 16:51:00,-0.08136632668374964,-0.3131311142228439,0.3594400482580176,0.018856272174812432
1970-01-03 16:52:00,-0.07621691638260701,-0.24005024955456902,0.29623179613932965,0.010136578303185999
1970-01-03 16:53:00,-0.0565009618842027,-0.08896928189518433,0.24676496869640843,0.013726754562965633
1970-01-03 16:54:00,-0.05940944501787526,-0.07837240058889937,0.24531520913411187,0.0145713506054903
1970-01-03 16:55:00,-0.06690915718761876,-0.08683488260984266,0.2536713622465062,0.012298124581642166
1970-01-03 16:56:00,-0.06751109629635359,-0.0783276244446916,0.2476170631192619,0.013669476361883868
1970-01-03 16:57:00,-0.0678524890998375,-0.07497436550798796,0.24803398212897299,0.013787306852626633
1970-01-03 16:58:00,-0.06437409887310533,-0.07920687686968049,0.2292748797332832,0.011561545460747067
1970-01-03 16:59:00,-0.057676421392923866,-0.06730667499204043,0.2452339546012561,0.011921531293973166
1970-01-03 17:00:00,-0.08218559177080516,-0.02508536152428213,0.26049945052383644,0.0088617780059923
1970-01-03 17:01:00,-0.07586221506297713,0.029796112793813334,0.26100878290621227,0.002877300746483333
1970-01-03 17:02:00,-0.07557115970612754,0.011651372454977863,0.2563625572421166,0.005649412264604234
1970-01-03 17:03:00,-0.059036318819123364,-0.2019814302668984,0.25073851164806404,0.019410983500535
1970-01-03 17:04:00,-0.0013245308159776324,-0.3554611498280287,0.25930037806903505,0.014157459690505
1970-01-03 17:05:00,0.01778071508773477,-0.3046560881063159,0.22417810382476586,0.007873199387709
1970-01-03 17:06:00,0.010026309572720733,-0.16853844300597243,0.26200647408036976,0.0112712374942075
1970-01-03 17:07:00,0.019413053865403863,-0.2177868113598899,0.2669307424479916,0.009080102417340733
1970-01-03 17:08:00,0.0133210980191147,-0.22278258958922326,0.2694164175291293,0.008067313951242367
1970-01-03 17:09:00,0.019701680442941835,-0.15971617759220727,0.2820526722573614,0.004160458481678033
1970-01-03 17:10:00,0.026237724650738734,-0.14133494269197552,0.28569581105179415,0.005893356794211266
1970-01-03 17:11:00,0.048901809118873395,-0.12603417499452133,0.290406833410483,0.0037169813983875667
1970-01-03 17:12:00,0.03184160534954487,-0.16577390966093475,0.27859668093750767,0.0080663988002319
1970-01-03 17:13:00,0.0355683183528614,-0.14024477211017009,0.284131040015764,0.00909584035115
1970-01-03 17:14:00,0.0321516231022494,-0.16866336585779193,0.27918924047260135,0.0093463238785875
1970-01-03 17:15:00,0.0352090182789612,-0.18255834794894832,0.2771823995236162,0.009225044943319667
1970-01-03 17:16:00,0.047580662667510265,-0.14775773882918794,0.2825828815332795,0.009491914636420433
1970-01-03 17:17:00,0.043371418902270364,-0.11032506161522254,0.2907003959908667,0.004278797735293134
1970-01-03 17:18:00,0.0228257774646006,-0.060835954232300336,0.2918412761597316,0.004903558978660633
1970-01-03 17:19:00,0.0291735614137075,-0.02564958677357897,0.24120445306556682,0.006005447033259234
1970-01-03 17:20:00,0.021763455274140402,0.18912470871942497,0.1560293188942974,0.0074744535503889
1970-01-03 17:21:00,0.016833590696345036,0.19745045113131024,0.15477281806027088,0.006911039919635033
1970-01-03 17:22:00,0.004387958124914201,0.18722996243733847,0.15157984272205136,0.0063499221728805675
1970-01-03 17:23:00,0.003570385220166001,0.16095371887916993,0.14717739999593293,0.008245100804407468
1970-01-03 17:24:00,0.005996457040078,0.17403656294395412,0.14968196968104555,0.008254617930554901
1970-01-03 17:25:00,0.007472677068881567,0.1868080264883155,0.1500504337979636,0.0083232824913432
1970-01-03 17:26:00,0.0049942073215257345,0.19871345922392378,0.15047356075841778,0.0078722423028592
1970-01-03 17:27:00,0.007759034131325099,0.2115613231852377,0.15287098044013,0.0055424501626122336
1970-01-03 17:28:00,0.003279090966990634,0.22771434211702593,0.15471596986335803,0.004488177621042433
1970-01-03 17:29:00,-0.0010272641546590657,0.23193268532627886,0.15460882952966296,0.004059310462936133
1970-01-03 17:30:00,0.0012182119970134987,0.16816413277330752,0.14913524454863367,0.0052794212005689
1970-01-03 17:31:00,0.0025569870064129315,0.18597307195766297,0.14561227118081002,0.007187824830119567
1970-01-03 17:32:00,0.005969541387378934,0.18586703001222396,0.14216002203687136,0.008481329446229266
1970-01-03 17:33:00,0.010430581879939832,0.1646875949687173,0.14198964183112148,0.0053702001683628665
1970-01-03 17:34:00,0.029558473164528833,0.14235478065207144,0.13702750689790846,0.007272246842105267
1970-01-03 17:35:00,0.012548915416255366,0.13997716141651728,0.13357759782262998,0.007948784183423667
1970-01-03 17:36:00,0.027196913306577832,-0.04562052424627013,-0.03697816626011833,0.007113579881053301
1970-01-03 17:37:00,0.020482254279242332,0.0037568918646074347,-0.03040156767581544,0.004687027377181667
1970-01-03 17:38:00,0.006036193462258001,0.015322408504134,-0.03083953279890994,0.004345415853700467
1970-01-03 17:39:00,0.01878068533717895,0.21750766288809012,0.14430023722977872,0.005086774197204467
1970-01-03 17:40:00,0.024016715464426432,0.21677505382991244,0.14249742706066418,0.0054446893799109325
1970-01-03 17:41:00,0.0050141153486700655,0.22483900425491335,0.13892861929015873,0.007450143838568933
1970-01-03 17:42:00,0.0169248391387609,-0.1602399708002947,0.2505859333696005,0.008141889082050867
1970-01-03 17:43:00,0.022461888590443665,-0.24555097993976535,0.2244090647336385,0.02533157348176113
1970-01-03 17:44:00,0.024148247799768832,-0.16763927346654847,0.26691426527031864,0.005745616926905433
1970-01-03 17:45:00,-0.006722811364451066,-0.16040421974049593,0.2706157704053817,0.008479511204502166
1970-01-03 17:46:00,-0.008872659307736066,-0.29616106516704094,0.2363137965932448,0.008204048448911334
1970-01-03 17:47:00,-0.0057659121317335344,-0.2579590333631136,0.25481132379337623,0.0082617605665805
1970-01-03 17:48:00,0.009569828464315632,-0.2909494368290924,0.24267684940775333,0.0083332922819809
1970-01-03 17:49:00,0.005804016095687699,-0.2399348020283263,0.26738551835358887,0.0078511491624439
1970-01-03 17:50:00,-0.006320490043892101,-0.24661488663280093,0.2625639422552668,0.008040194248560834
1970-01-03 17:51:00,-0.0075376070994126665,-0.23118759195375038,0.23756378004596188,0.008179297169316266
1970-01-03 17:52:00,-0.018763126457237767,-0.24504131502996152,0.26108612120845903,0.008251785939071067
1970-01-03 17:53:00,-0.027978830934710704,-0.21996026771806074,0.26522289845371644,0.008483987319902067
1970-01-03 17:54:00,-0.0137872245666711,-0.2698698763003918,0.24636324079357771,0.010381259910845334
1970-01-03 17:55:00,-0.012380294426343233,-0.2247560777199243,0.2689539348684821,0.0086182615985201
1970-01-03 17:56:00,-0.02300937924493883,-0.2132906448295225,0.2728666457046797,0.008465874791806266
1970-01-03 17:57:00,-0.016991899328196402,-0.19494133310820516,0.27755196598692805,0.009171644068467334
1970-01-03 17:58:00,-0.018108978547317,-0.1765598092653428,0.2806926378896821,0.008462854385053334
1970-01-03 17:59:00,-0.02232406531852373,-0.17083243825880845,0.28077902703600255,0.009686923673717299
1970-01-03 18:00:00,-0.005954092758314967,-0.1565361646714102,0.28346495204227506,0.009132910034662567
1970-01-03 18:01:00,0.007580379495732201,-0.2549128108438344,0.2590201403424269,0.0103192253743783
1970-01-03 18:02:00,0.016822093810669198,-0.1492075732413474,0.23013295003395462,0.0107607585364106
1970-01-03 18:03:00,0.06137509394000767,-0.03335793849213259,0.22210109949479762,0.0109171599801375
1970-01-03 18:04:00,0.0603281507005165,0.06393931764767012,0.17834007500345528,0.009872393778080966
1970-01-03 18:05:00,0.031658123017369526,0.0718207858561235,0.08764457381736442,0.009246335767846866
1970-01-03 18:06:00,0.03580988235423028,0.07798839583280003,0.10932484580760597,0.0095992242196919
1970-01-03 18:07:00,0.007013309296540662,-0.11656074249025851,0.15271899201368416,0.04138574571146293
1970-01-03 18:08:00,0.011727301181996904,-0.10147236755339095,0.14839345245307797,0.03627241426609527
1970-01-03 18:09:00,0.027963422121701036,0.07772308671665328,0.11666235349465907,0.004294647757799467
1970-01-03 18:10:00,-0.03975637997721974,-0.489355610547117,-0.1240225414752754,0.03427295313793827
1970-01-03 18:11:00,-0.0350187074934753,-0.3213496589187676,-0.056392560403433246,0.0256895585951111
1970-01-03 18:12:00,0.0347753019995957,-0.14145375789439588,0.06722412903974055,0.0246321800765444
1970-01-03 18:13:00,0.03759802135233064,-0.16435419502713314,0.052850489367825514,0.03187618712599827
1970-01-03 18:14:00,0.0687723892641074,0.018300241291806168,0.12008233483232138,0.025958545219689298
1970-01-03 18:15:00,0.06771222709459244,0.008736828066951382,0.1318118129547536,0.0229783477024381
1970-01-03 18:16:00,0.06518956152697623,0.001256372375648222,0.1330259121314468,0.01946167111819
1970-01-03 18:17:00,0.07982473864781774,0.12065849698715135,0.1075239309007121,0.010721611335814833
1970-01-03 18:18:00,0.08013968363724046,0.1699871316111484,0.1071112859007024,0.009154066627959766
1970-01-03 18:19:00,0.07458226827378912,0.17417893195253986,0.108127891018245,0.008995808041118967
1970-01-03 18:20:00,0.0815151690486939,0.13137882654148572,0.1007599237597896,0.008802404363602034
1970-01-03 18:21:00,0.03406078299735984,-0.11739408292759508,0.22328799779074315,0.0092259826136091
1970-01-03 18:22:00,0.1074723298728882,-0.3330231105761408,0.2597147152674559,0.0
1970-01-03 18:23:00,0.0843072300396267,-0.21339047949017256,0.3039805273797268,0.0016309315564223667
1970-01-03 18:24:00,-0.046837615462376726,-0.31746911953533113,0.26055307870891525,0.0
1970-01-03 18:25:00,-0.035178648583552595,-0.22176199440016428,0.26481798921787264,0.0043032748480706
1970-01-03 18:26:00,-0.05288212052596753,-0.21725808620000386,0.2548640333564603,0.007049393707638767
1970-01-03 18:27:00,-0.014272452866272498,-0.24481985544889664,0.2600207807766725,0.007935740679855268
1970-01-03 18:28:00,-0.027451377709536266,-0.24710722494830625,0.25393167071068246,0.006537467232840266
1970-01-03 18:29:00,-0.02212522394340653,-0.19650816935868934,0.2753548155697611,0.0038092775771510668
1970-01-03 18:30:00,-0.03394667018576877,-0.22514320106372654,0.26461577634258077,0.0048476113707516
1970-01-03 18:31:00,-0.029533856888964937,-0.24632186891473115,0.2589986445877514,0.0033796897069056663
1970-01-03 18:32:00,-0.038671223279625105,-0.23401995707221188,0.2632028196783026,0.005998249094201033
1970-01-03 18:33:00,-0.05778559701378316,-0.26244848446820374,0.2616183224436498,0.010185474266416467
1970-01-03 18:34:00,-0.06348096505133093,-0.21029266576601846,0.2661341327936168,0.014184415245715468
1970-01-03 18:35:00,-0.08239517352656671,-0.2082467427068817,0.24841358574628977,0.013178540629628433
1970-01-03 18:36:00,-0.07693568574863806,-0.18878204268658283,0.2606214822035508,0.012411271224243433
1970-01-03 18:37:00,-0.08901578703367259,-0.15160005807707017,0.2683599538867231,0.011926433948250098
1970-01-03 18:38:00,-0.0479535300619093,-0.11754825872988046,0.2737157425189189,0.012514413995776234
1970-01-03 18:39:00,-0.07019799313389663,-0.16871982923323137,0.2696831466775633,0.009928466512816966
1970-01-03 18:40:00,-0.08522888211028527,-0.17660957714258305,0.26587816602707853,0.009541097871368066
1970-01-03 18:41:00,-0.05101394130473353,-0.11835506626289467,0.28497111499504496,0.0
1970-01-03 18:42:00,-0.044136066316855536,-0.12993214060764616,0.28234809142114486,0.0
1970-01-03 18:43:00,-0.0327588179301503,-0.0810638912296231,0.3076827093941545,0.0
1970-01-03 18:44:00,-0.010095300840789237,-0.12745153823312202,0.3045538151923427,0.0
1970-01-03 18:45:00,-0.012333799228947735,-0.1427936546173724,0.3047103000317099,0.0004564677476948
1970-01-03 18:46:00,-0.0222629277671636,-0.09541531300531458,0.30846586848858615,0.0
1970-01-03 18:47:00,-0.05634908354511886,-0.14105520637137547,0.2930609547563293,0.0
1970-01-03 18:48:00,-0.040415763698279435,-0.34821103123102776,0.2299733998980369,0.018207030145645935
1970-01-03 18:49:00,-0.028838061386258367,-0.2985128888001576,0.24747051873684758,0.0147688114429237
1970-01-03 18:50:00,-0.012709762321567737,-0.10246696786923275,0.2865708130062834,0.008109459988619033
1970-01-03 18:51:00,0.003884255176122902,-0.145271576799909,0.284503700784742,0.004318815287351866
1970-01-03 18:52:00,0.0585301074589119,-0.14771504506462846,0.30270284989129653,0.006381297722783866
1970-01-03 18:53:00,0.06683843392118873,-0.14383423666563933,0.30496711773230634,0.005305597516460633
1970-01-03 18:54:00,0.056756969159264765,-0.16906600243179695,0.2890574840670575,0.0039479953944214
1970-01-03 18:55:00,0.0666683397372679,-0.1650963591191994,0.2981907913869499,0.0032365517502569666
1970-01-03 18:56:00,0.05745706479583451,-0.2005900120838199,0.2860478560092707,0.0033283055694589
1970-01-03 18:57:00,-0.0547898271350965,-0.23593620467143236,0.24835558685445738,0.007447607057992567
1970-01-03 18:58:00,-0.034950850982954064,-0.18255026751882983,0.2695770216629148,0.008343586516640565
1970-01-03 18:59:00,-0.051180163377374834,-0.14531721977200865,0.2730103375240579,0.007470406720432
1970-01-03 19:00:00,-0.036194485530630864,-0.14517763059080027,0.2784837097715726,0.0079369829457921
1970-01-03 19:01:00,-0.05435839032483897,-0.14399044502987804,0.27472254255538153,0.0074550614954655
1970-01-03 19:02:00,-0.06705102178904904,-0.16594855057229949,0.2658493696449717,0.008147235223629068
1970-01-03 19:03:00,-0.06756920782758784,-0.13945305933872124,0.2712278240661732,0.006868486189728701
1970-01-03 19:04:00,-0.05827141260018537,-0.14045910776085915,0.26797206333204354,0.0077765101991353
1970-01-03 19:05:00,-0.057230192918498124,-0.15125163311869358,0.26791958584188447,0.008055806216039832
1970-01-03 19:06:00,-0.0642721200040587,-0.1499131412547143,0.2717875936309094,0.0082580793182502
1970-01-03 19:07:00,-0.06815327948196064,-0.2251762700496245,0.27872390524891805,0.0
1970-01-03 19:08:00,-0.043884518439873836,-0.3965896922303059,0.22090809961486638,0.023721478478161834
1970-01-03 19:09:00,-0.0631523930173279,-0.5391255502399278,0.2672359280140343,0.04014731053898577
1970-01-03 19:10:00,-0.0702544423448642,-0.5935978718295207,0.2569664400020078,0.0543702078871603
1970-01-03 19:11:00,-0.0501085142761975,-0.47421238632812585,0.2641534387275117,0.0266433568458327
1970-01-03 19:12:00,-0.022701481697125204,-0.43487967219287177,0.24876564037347149,0.023576694397685668
1970-01-03 19:13:00,0.0281080539389043,-0.43673514220427134,0.26064353880112806,0.023077893937109167
1970-01-03 19:14:00,0.0621929256491088,-0.32912728712389816,0.26509935829999004,0.019433880884193833
1970-01-03 19:15:00,0.048511313166438134,-0.33124358265890036,0.273728438841856,0.01879883826920607
1970-01-03 19:16:00,-0.015952053300382168,-0.28382935237941126,0.2699255758568115,0.020128601853327235
1970-01-03 19:17:00,-0.023400910414785633,-0.20331670390778486,0.2762190358029443,0.007471604064373533
1970-01-03 19:18:00,-0.008259631427881867,-0.18850130004854518,0.2790819550933281,0.0073991244236741
1970-01-03 19:19:00,-0.027013948583108266,-0.17585483906431512,0.27897008627378667,0.006766090812795167
1970-01-03 19:20:00,-0.024300822919802633,-0.16572303583086692,0.28163390633395563,0.005862724843164833
1970-01-03 19:21:00,-0.014441959763392636,-0.16384822659029352,0.284353530262875,0.004287885750764733
1970-01-03 19:22:00,-0.007545072609591766,-0.19589838084560485,0.27810093449094797,0.009273962302111267
1970-01-03 19:23:00,-0.005697617644615034,-0.19701033172363594,0.2779732943822136,0.00991995242406
1970-01-03 19:24:00,-0.06310102035328213,-0.40560628650847436,0.151288301110056,0.028949272458855566
1970-01-03 19:25:00,-0.027112692397743967,-0.2979763024080108,0.2364826296461616,0.010622517588103534
1970-01-03 19:26:00,-0.0599115951405493,-0.4347185916580685,0.14508010862444,0.019119921345564367
1970-01-03 19:27:00,-0.014328971755335235,-0.25027260143033137,0.26174319701669474,0.0084020412534679
1970-01-03 19:28:00,-0.03227706358128556,-0.4355038380927146,0.20748007008486305,0.020358030184981633
1970-01-03 19:29:00,-0.019155294683953134,-0.3886256362471891,0.25360292974275517,0.02458871299282923
1970-01-03 19:30:00,-0.01525841781862077,-0.4447792054054542,0.2293178519032237,0.030449285247523838
1970-01-03 19:31:00,-0.019116931915646066,-0.4485266717621799,0.22274901809220216,0.033366871050805595
1970-01-03 19:32:00,-0.0186683941100716,-0.41009456191596394,0.24973060926520793,0.028270511883864934
1970-01-03 19:33:00,0.017313802173106067,-0.47220979470004365,0.2056252272320288,0.029330331695320833
1970-01-03 19:34:00,-0.005595827901826299,-0.4262595869122316,0.24550774263449118,0.029255376294549534
1970-01-03 19:35:00,-0.021153105023937135,-0.3622262533106797,0.2606555389052902,0.0237696651082977
1970-01-03 19:36:00,-0.023108580944198865,-0.3729080339326732,0.253319568701365,0.024059775501419967
1970-01-03 19:37:00,-0.009986891678974999,-0.4308720976873506,0.22212745911119222,0.0266612023916986
1970-01-03 19:38:00,-0.012177133009335733,-0.3870402877412669,0.25419828382265375,0.0265889321621102
1970-01-03 19:39:00,-0.005759680919237367,-0.3727956651399775,0.25306712170752227,0.0233109111890675
1970-01-03 19:40:00,-0.012843773206289535,-0.352581328373372,0.2641600721452838,0.024110325910558835
1970-01-03 19:41:00,0.062076622954531833,-0.34575627427663597,0.25907998614795397,0.023604669876057832
1970-01-03 19:42:00,-0.04954909871344293,-0.4532417472076315,0.19727045688747913,0.023817880759082533
1970-01-03 19:43:00,-0.028253034146582628,-0.41429049712603505,0.2359397240473066,0.025163518335307267
1970-01-03 19:44:00,-0.03199575320372313,-0.4816619749756472,0.21695648755462038,0.0213665690627164
1970-01-03 19:45:00,-0.0159817461228679,-0.41335990258464594,0.24320577261287882,0.025565895852943568
1970-01-03 19:46:00,-0.020747419246790768,-0.42994833813370664,0.2471359856155013,0.027072927237047267
1970-01-03 19:47:00,0.0020509647724593024,-0.41222317238515416,0.25936160664240676,0.026574374034454867
1970-01-03 19:48:00,-0.0053391437538412995,-0.42967127204155514,0.2548302087276458,0.0292137363606902
1970-01-03 19:49:00,0.0010314747024000963,-0.43411550860672216,0.25648514976473263,0.03105140235632167
1970-01-03 19:50:00,-0.0198767615876623,-0.4173922962657839,0.2556833378089564,0.02451053797886207
1970-01-03 19:51:00,-0.004114163027598737,-0.45220133453952727,0.2512130040825786,0.0307516738637725
1970-01-03 19:52:00,-0.005946418213850832,-0.4172284060129862,0.24943736578509612,0.02294284965426323
1970-01-03 19:53:00,0.003515309663071305,-0.40044448582899994,0.25751207245773133,0.021995759547274164
1970-01-03 19:54:00,0.017117090956893368,-0.371382745639765,0.2566040774690754,0.022833637185758232
1970-01-03 19:55:00,-0.00814234328596127,-0.35193374815690964,0.26266298904570345,0.0212059024605049
1970-01-03 19:56:00,-0.0040124031468507055,-0.3738287645704652,0.2550845799928249,0.0071328817961754665
1970-01-03 19:57:00,0.008406532760179634,-0.028048039769154962,0.3274917000327097,0.00020726991792893333
1970-01-03 19:58:00,0.005358126057723465,-0.1710507692886314,0.3200142330324885,0.0
1970-01-03 19:59:00,-0.005097878372879667,-0.12402940135140104,0.33970311626266597,0.0023504418576885664
1970-01-03 20:00:00,-0.021930294495623198,-0.11134036616507936,0.4510092459883947,0.0
1970-01-03 20:01:00,-0.011610879039257066,-0.0601302566929266,0.5747847893487115,0.004323668597778667
1970-01-03 20:02:00,-0.03182477311259433,-0.03374463340375842,0.5533011314744467,0.0005262619779082667
1970-01-03 20:03:00,0.005395354068483266,-0.033213766082990204,0.5521763030162258,0.0
1970-01-03 20:04:00,-0.04544679091600856,-0.007985497519016968,0.5851569889694481,0.0
1970-01-03 20:05:00,-0.06255048377063381,0.018325060467422882,0.5652338764700381,0.0
1970-01-03 20:06:00,-0.029851350105862096,0.12209625559005849,0.616091836052585,0.0
1970-01-03 20:07:00,0.07687241803837357,0.12035889336981119,0.6815238399474648,0.0
1970-01-03 20:08:00,0.03974846653642996,0.12005760591438229,0.6711043361288548,0.0
1970-01-03 20:09:00,-0.07094147831562732,0.1093186744327591,0.6447788634632693,0.0
1970-01-03 20:10:00,-0.059397191627167924,0.1258141401995317,0.5963715842987156,0.00033026461603886666
1970-01-03 20:11:00,-0.09088095018879416,0.10319173562222768,0.620772998361594,0.0020518950653553333
1970-01-03 20:12:00,-0.04009689682750933,0.10102892032369502,0.6362956310850426,0.002116826637767933
1970-01-03 20:13:00,-0.029455120641609267,0.08511383070291723,0.5812330806146209,0.0018716044975794
1970-01-03 20:14:00,-0.023210948019774802,0.11469526908571592,0.5727830346646652,0.001011428868754
1970-01-03 20:15:00,-0.0808519828944497,0.11719121531028011,0.5851207565840371,0.0012467111629181
1970-01-03 20:16:00,0.03776293944919397,0.1119431004925611,0.5976332584250281,0.0011329134743806332
1970-01-03 20:17:00,-0.0065765570430355675,0.13201318514171226,0.6059078379042949,0.00030884187269550003
1970-01-03 20:18:00,-0.010295615409915066,0.17148884617081328,0.5953648519501896,0.0025823933298162
1970-01-03 20:19:00,0.0288562473690547,0.20749900899652177,0.5880605016822917,0.0
1970-01-03 20:20:00,0.10327178591551034,0.16696402450231915,0.59787678995067,0.003488235089737
1970-01-03 20:21:00,0.03789638295514213,0.24959520034168084,0.5991043106781907,0.0
1970-01-03 20:22:00,0.005846768583980099,0.3064793260690924,0.6089612310478492,0.0
1970-01-03 20:23:00,0.035565451596952666,0.4273156024823894,0.5899420522609081,0.0
1970-01-03 20:24:00,0.0441550983908055,0.21014697889895007,0.4380909452986807,0.0
1970-01-03 20:25:00,-0.006450001714479267,0.03586253306853756,0.25331308032917105,0.015341195585437867
1970-01-03 20:26:00,-0.0014935798284734052,-0.17476877346057232,0.250291490846043,0.021434752007896334
1970-01-03 20:27:00,-0.006417233101799799,-0.07127324953462998,0.266954143134593,0.0018405174831490334
1970-01-03 20:28:00,-0.025406813367803833,0.019882152376777668,0.24799135806841996,0.004344598819640734
1970-01-03 20:29:00,-0.04158335953627863,0.03962120840662361,0.24664214410086727,0.004265654425727567
1970-01-03 20:30:00,-0.033752417610908365,0.08211128833855715,0.25325911370441007,0.0
1970-01-03 20:31:00,-0.010178775198605295,0.011473393758052461,0.23435028559329293,0.026420452053926697
1970-01-03 20:32:00,-0.0253358910211023,0.006294057249960974,0.23853233639833007,0.0251839981603874
1970-01-03 20:33:00,-0.04653997552554923,-0.1683056648446183,-0.043054053004237626,0.0219405120119458
1970-01-03 20:34:00,-0.0737654518740723,-0.2511617974672294,-0.02549917218137195,0.034130394057523196
1970-01-03 20:35:00,-0.018658231062214436,-0.01912592973120072,0.24413432539480517,0.029265295894281368
1970-01-03 20:36:00,-0.06027557360082839,-0.07554930156169588,0.4050035734879078,0.0
1970-01-03 20:37:00,0.08219788497756673,-0.1413880782453934,0.7119598559480808,0.0
1970-01-03 20:38:00,0.02413012154105393,-0.10252700815516863,0.903205815739764,0.0
1970-01-03 20:39:00,-0.034892201934986995,-0.22016776838100469,0.9136986836117806,0.0
1970-01-03 20:40:00,-0.0631511686736586,-0.26577326761048237,0.9264906689423738,0.0
1970-01-03 20:41:00,-0.01551211576253407,-0.21012591597753147,0.9274654042363695,0.0
1970-01-03 20:42:00,-0.03667390068630613,-0.10188210813069376,0.9250582084826928,0.0
1970-01-03 20:43:00,-0.018635784761609268,0.07727481713408757,0.8790703185700819,0.0
1970-01-03 20:44:00,-0.011540036324664132,0.08832140277255236,0.8663367962771713,0.0
1970-01-03 20:45:00,-0.019862457670159133,0.02830516881979339,0.8640237737825069,0.0
1970-01-03 20:46:00,-0.009734467848798965,0.09437881600803229,0.8686947925707539,0.0
1970-01-03 20:47:00,0.01640899229341157,0.20536496839858356,0.8579624351098719,0.0
1970-01-03 20:48:00,0.004366347961449068,0.11288572102550758,0.8942815384373345,0.0
1970-01-03 20:49:00,-0.011896399964560536,0.1260801866175635,0.8875523228957473,0.0
1970-01-03 20:50:00,-0.0182290339050106,0.039208409022851796,0.865569485829574,0.0
1970-01-03 20:51:00,0.005308714334351335,0.0766729994521927,0.8844780625283558,0.0
1970-01-03 20:52:00,0.0086728922093567,0.049851272061561945,0.9091478592592587,0.0
1970-01-03 20:53:00,0.006750891636738165,-0.03882957534348674,0.9402008314612059,0.0
1970-01-03 20:54:00,0.0057755575708849346,-0.03831231821697483,0.940432846367946,0.0
1970-01-03 20:55:00,0.004820290796393235,-0.0446051898057963,0.9411843468475296,0.0
1970-01-03 20:56:00,-0.00043781733295726756,-0.03553568913560687,0.9400251135781817,0.0
1970-01-03 20:57:00,-0.0003980410947230003,-0.02631352712105803,0.9396255516893174,0.0
1970-01-03 20:58:00,-3.406263444389809e-05,-0.15287305959928782,0.9141071416294356,0.00013219877018053335
1970-01-03 20:59:00,0.013971045335307936,-0.1306243375516925,0.9202999206049517,0.00043528925719763336
1970-01-03 21:00:00,-0.0009870499398275667,-0.1686513597933125,0.9145092176416539,0.0028385727999081997
1970-01-03 21:01:00,0.011052747544253267,-0.22466187245880187,0.8841968288221113,0.013014213787818833
1970-01-03 21:02:00,-0.0378185823850622,-0.03307056013712957,0.9320983437255106,0.0
1970-01-03 21:03:00,-0.002713882168337095,-0.11185386703739326,0.9094395749259477,0.0
1970-01-03 21:04:00,0.018030013357649134,-0.12760161902088374,0.9096065417257595,0.0020025490673581336
1970-01-03 21:05:00,0.06011848931264637,-0.106446086507407,0.9136801854657195,0.0
1970-01-03 21:06:00,0.04238670815563226,-0.0908559577106914,0.9206693033438644,0.0
1970-01-03 21:07:00,0.013680517541177703,-0.11418348194210787,0.9150171382470694,0.0
1970-01-03 21:08:00,-0.007009417277233934,-0.07065939589763875,0.9127945855143232,0.0
1970-01-03 21:09:00,-0.028470718469391868,-0.13164813103676629,0.925106295926688,0.0
1970-01-03 21:10:00,-0.020033845875844333,-0.14392760498948678,0.9430209236272274,0.0
1970-01-03 21:11:00,-0.015032770284953768,-0.17985713289417318,0.9427488277924038,0.0
1970-01-03 21:12:00,-0.012510731820192633,-0.20342314439478335,0.9371186032567237,0.0
1970-01-03 21:13:00,-0.016531506292457535,-0.2076085680712231,0.935349994834927,0.0
1970-01-03 21:14:00,-0.009487419185951834,-0.1703131186797262,0.9181098290725856,0.0
1970-01-03 21:15:00,-0.009724503881213235,-0.13939065769404543,0.8576754092502082,0.008342051228269766
1970-01-03 21:16:00,-0.011338368009692434,0.06763475440380552,0.8384400932124771,0.0
1970-01-03 21:17:00,0.006326771026456133,0.27482054958873087,0.7788937101072082,0.0
1970-01-03 21:18:00,0.007488603490597,0.2813190088410108,0.7777680984028654,0.0
1970-01-03 21:19:00,0.009871036915008765,0.28557463561315327,0.7770601115967141,0.0
1970-01-03 21:20:00,0.010876790446338401,0.28913998840427385,0.7765882783311314,0.0
1970-01-03 21:21:00,0.010591548233415035,0.29727791810625354,0.7753123800684594,0.0
1970-01-03 21:22:00,0.0088060370948977,0.2811733717916373,0.7839403969427526,0.0
1970-01-03 21:23:00,0.018340588535113667,0.14583667884063672,0.8378783703672891,0.0
1970-01-03 21:24:00,0.013270531630168133,-0.0035548014033334185,0.8265397804081503,0.0
1970-01-03 21:25:00,0.018563837151509766,0.004561069023328941,0.8300090385635484,0.0
1970-01-03 21:26:00,0.005160250221922731,-0.056716020897622364,0.7996386121733524,0.0027840872186009
1970-01-03 21:27:00,0.0466854385028857,-0.02165084992713921,0.8253802377082358,0.003555334943968367
1970-01-03 21:28:00,0.04243451728281924,-0.00859034411676396,0.8277140984176214,0.0024361669672596
1970-01-03 21:29:00,0.019621709897903197,0.0006613996450373824,0.8279789419735399,0.0
1970-01-03 21:30:00,0.011119091044711633,-0.036637457276793205,0.8061054692732594,0.0
1970-01-03 21:31:00,0.005359977504247833,-0.010283009901115378,0.8225253346034685,0.0
1970-01-03 21:32:00,0.007728704251970764,0.007173140294787069,0.8279305934475042,0.0
1970-01-03 21:33:00,0.009906353755162732,0.0001650161327032921,0.8253989775969273,0.0
1970-01-03 21:34:00,0.0027582969768959998,-0.008487440686105852,0.8256269892457117,0.0022143514892722003
1970-01-03 21:35:00,0.0214997137305329,0.021980144890660802,0.8271282109791206,0.0004152269244144
1970-01-03 21:36:00,0.043359225235644505,0.004989132548829008,0.8289176092671129,0.0005486096355971666
1970-01-03 21:37:00,0.04574517242684723,-0.02178819731207556,0.8226627604538722,0.00018312089996006667
1970-01-03 21:38:00,0.06517844289381618,-0.13726384066187292,0.7808551807993616,0.0012198631820218573
1970-01-03 21:39:00,0.06528782754896044,-0.09520245195839556,0.8023336750510457,0.0006346928212701333
1970-01-03 21:40:00,0.01832056105980656,-0.15038527351315387,0.8892537462057648,0.0
1970-01-03 21:41:00,-0.034993225218730634,-0.0791788693615879,0.8534041167358142,0.0
1970-01-03 21:42:00,-0.023360596659818433,0.19228322032308798,0.8369529409001446,0.0
1970-01-03 21:43:00,-0.019355659023146832,0.11134253821657852,0.8381098244311271,0.0
1970-01-03 21:44:00,-0.019129384386624832,0.1709821105414717,0.8448805423474636,0.0
1970-01-03 21:45:00,-0.009112401724621232,0.3045488206455815,0.7874809691740531,0.0
1970-01-03 21:46:00,-0.013921763014112234,0.31141747518892476,0.7774093910185013,0.0
1970-01-03 21:47:00,-0.004382274383164533,0.3207137659335371,0.7740359596417061,0.0
1970-01-03 21:48:00,0.0010428620939266,0.3263518835578256,0.7705977509097283,0.0
1970-01-03 21:49:00,0.0004320838211397347,0.3205506428732414,0.7700865619439528,0.0
1970-01-03 21:50:00,-0.006377078611049767,0.3024530300738146,0.7992621608799332,0.0
1970-01-03 21:51:00,0.0013486095748086336,0.306454307622696,0.7972861566208534,0.0
1970-01-03 21:52:00,-0.005740200914676701,0.30210461507897696,0.8004850981671857,0.0
1970-01-03 21:53:00,-0.007163385959167867,0.29789457149770016,0.8009983371104652,0.0
1970-01-03 21:54:00,-0.0128160711865182,0.27490448244115756,0.8075458250472421,0.0
1970-01-03 21:55:00,-0.011888197857377034,0.2677935793926531,0.8087445397229507,0.0
1970-01-03 21:56:00,-0.0087314218091609,0.26581670365869636,0.8086188722340787,0.0
1970-01-03 21:57:00,-0.010424957862271532,0.2613478920246179,0.8089972961473602,0.0
1970-01-03 21:58:00,-0.0103477943490603,0.2449124765073202,0.814906714081486,0.0
1970-01-03 21:59:00,-0.014006820060086198,-0.0490932011795028,0.8942761765857972,0.0
1970-01-03 22:00:00,-0.041051825165539534,-0.24372211257746101,0.9065931424829419,0.0
1970-01-03 22:01:00,0.026764376577820635,0.2265122012840842,0.7902953658837077,0.0
1970-01-03 22:02:00,0.028496912456107,0.2701960975121358,0.7668255553947484,0.0
1970-01-03 22:03:00,0.0299974202780266,0.29026888726212197,0.7568723972840158,0.0
1970-01-03 22:04:00,0.029393296263312663,0.2578778305203692,0.8066928410115096,0.0
1970-01-03 22:05:00,0.028735883436940297,0.2712879120778741,0.7886226567633027,0.0
1970-01-03 22:06:00,-0.008307574934252132,0.11035240654797251,0.8422935094163444,0.0
1970-01-03 22:07:00,-0.0146297571604515,-0.07992369870033321,0.8753209242199804,0.0
1970-01-03 22:08:00,0.005207701004621133,0.32069852171888696,0.7307123249259985,0.0
1970-01-03 22:09:00,0.0222302586946198,0.3245065713744233,0.7276446109490324,0.0
1970-01-03 22:10:00,0.03228182159977306,0.319970744977118,0.706962750525986,0.0
1970-01-03 22:11:00,0.030276525841582733,0.3201579200205284,0.6997822256681184,0.0
1970-01-03 22:12:00,0.0277662032507961,0.2993105298773036,0.6992473120806171,0.0
1970-01-03 22:13:00,0.0191609187016214,0.31155499693579336,0.6881200535287806,0.0
1970-01-03 22:14:00,0.024732458810331634,0.3181062280723182,0.6888724484560956,0.0
1970-01-03 22:15:00,0.022196335416365936,0.31391324705155665,0.6885220473485045,0.0
1970-01-03 22:16:00,0.023196116539552267,0.3173220477363436,0.687101253388156,0.0
1970-01-03 22:17:00,0.024548986432169833,0.3100744399511674,0.684698036718172,0.0
1970-01-03 22:18:00,-0.0068572801337972,-0.09595896852837264,0.8632538573493566,0.0
1970-01-03 22:19:00,-0.019738808913565834,0.298818096908178,0.7452486622228763,0.0
1970-01-03 22:20:00,-0.024419265727297596,0.35373168869419813,0.7246046441911581,0.0
1970-01-03 22:21:00,-0.05399869209039584,0.3742288504784896,0.7061244741118736,0.0
1970-01-03 22:22:00,-0.0456736329313042,0.3417115357706932,0.7098747145611807,0.0
1970-01-03 22:23:00,-0.015785472883252334,0.34212879881993113,0.7360020404625139,0.0
1970-01-03 22:24:00,-0.0211615957975142,0.35883014119279294,0.7323583118160636,0.0
1970-01-03 22:25:00,-0.018657962303847964,0.3710678778806968,0.7298290263644415,0.0
1970-01-03 22:26:00,-0.00023937411838293476,0.37124781939480256,0.7284987263402741,0.0
1970-01-03 22:27:00,0.001660010935399701,0.35665735239173424,0.729807105142737,0.0
1970-01-03 22:28:00,0.008025214408257866,0.08457090749997465,0.7466742426873023,0.0
1970-01-03 22:29:00,0.0020027475307158316,-0.018534095515370847,0.7200806484357333,0.016153188060599833
1970-01-03 22:30:00,-0.005313780927259502,0.02550543429151449,0.7410574977206813,0.002260355714089267
1970-01-03 22:31:00,-0.017133734067585966,-0.0008137521196881122,0.7285789752237882,0.008461329618246867
1970-01-03 22:32:00,-0.011982044297335232,0.051578501362659436,0.75131868912564,0.0024433649820611333
1970-01-03 22:33:00,-0.0388231115727225,0.13623846297410022,0.7572596109593306,0.0
1970-01-03 22:34:00,-0.020096337173050233,0.0704107557822173,0.7480844048067756,0.0005600378749693333
1970-01-03 22:35:00,-0.016284338181447533,-0.24588018523143593,0.8858249944454796,0.0
1970-01-03 22:36:00,-0.058001205924762635,0.3769372243360268,0.502409265070591,0.0
1970-01-03 22:37:00,-0.0625895831359452,0.3891075477191445,0.5030953886732691,0.0
1970-01-03 22:38:00,-0.0468401188967901,0.4924766692077278,0.4841819384430626,0.0
1970-01-03 22:39:00,-0.017152039498545133,0.5341386295967538,0.4749567930979655,0.0
1970-01-03 22:40:00,-0.014295317235447734,0.5370160199478978,0.47299624102780685,0.0
1970-01-03 22:41:00,-0.013761622843763532,0.5380050406819068,0.47236108644127567,0.0
1970-01-03 22:42:00,-0.013366966113655135,0.5388709120740361,0.4718630869534026,0.0
1970-01-03 22:43:00,-0.012691128408160631,0.5392932067104627,0.47166768155057665,0.0
1970-01-03 22:44:00,-0.011542514874043565,0.5390292127814621,0.4715510939148941,0.0
1970-01-03 22:45:00,-0.0125532852282136,0.5442273106334662,0.46961836158661646,0.0
1970-01-03 22:46:00,-0.013131414336483833,0.5453621975782454,0.46846656915542545,0.0
1970-01-03 22:47:00,-0.03839326062793864,0.5038587220767868,0.41772446270785624,0.0
1970-01-03 22:48:00,-0.03869850862326586,0.5032398062226081,0.416913163590719,0.0
1970-01-03 22:49:00,0.012164758430253468,0.23538688369198343,0.790745053157655,0.0
1970-01-03 22:50:00,0.013204646639394566,0.23662409318382974,0.7897266437854676,0.0
1970-01-03 22:51:00,0.012867674437937368,0.23624448434501946,0.7893083010384228,0.0
1970-01-03 22:52:00,0.010999411682023766,0.23635074347003152,0.7889440472338377,0.0
1970-01-03 22:53:00,0.011559847589214032,0.2374231890162053,0.7883920447007657,0.0
1970-01-03 22:54:00,0.012312102744876832,0.2386955900491418,0.7869888675180046,0.0
1970-01-03 22:55:00,0.0072072799953422995,0.21243888306064695,0.793897800513688,0.0
1970-01-03 22:56:00,0.011655707383005998,0.23426969385735866,0.7869242102195037,0.0
1970-01-03 22:57:00,0.013392441795731897,0.2337066342979648,0.7859577552750211,0.0
1970-01-03 22:58:00,-0.033729062440815936,0.14569371560489613,0.8020166654596648,0.0
1970-01-03 22:59:00,-0.010395793496334967,0.2460634900296287,0.7768881351002414,0.0
1970-01-03 23:00:00,0.031016863616765238,0.23205114904659982,0.6483551996352243,0.0
1970-01-03 23:01:00,0.024004987557228467,0.19053613043315928,0.6534783242653069,0.0
1970-01-03 23:02:00,0.018027248856607097,0.16792615471413455,0.6550938327623946,0.0
1970-01-03 23:03:00,0.028043603040065066,0.148024593283506,0.6527992360716702,0.0
1970-01-03 23:04:00,0.01667417972859066,0.2615461461121882,0.6139547500376776,0.0
1970-01-03 23:05:00,0.01769496072907928,0.27847501770321353,0.6032773122796982,0.0
1970-01-03 23:06:00,0.013763041340889329,0.2794458764491779,0.5978566393576963,0.0
1970-01-03 23:07:00,-0.5304642744639751,-0.0737282555774965,0.41822162053448547,0.014358263637404367
1970-01-03 23:08:00,-0.524722550585222,-0.15783499666845155,0.424961772512662,0.014567886749753166
1970-01-03 23:09:00,-0.5224405531577532,-0.35410310950055673,0.41670799740414827,0.015246369593883133
1970-01-03 23:10:00,0.035091152804253435,0.39830282810550627,0.3075904845807412,0.0
1970-01-03 23:11:00,0.34332101536098597,0.593655675300954,0.3052759197680965,0.0
1970-01-03 23:12:00,0.3175429073329275,0.6254943982771909,0.3043153989407554,0.0
1970-01-03 23:13:00,0.31008098059870387,0.6338267066612686,0.3021786890159855,0.0
1970-01-03 23:14:00,0.30840870631858325,0.6361545879101995,0.3001960174951655,0.0
1970-01-03 23:15:00,0.33595075016074144,0.5972705269537623,0.2980651238980779,0.0
1970-01-03 23:16:00,0.4419254738066663,0.45958569189730064,0.29237150477505996,0.0
1970-01-03 23:17:00,0.43412407539357806,0.26019149878093506,0.3631136707981159,0.0
1970-01-03 23:18:00,0.4109805608387478,-0.03705057051204311,0.4765161345945221,0.0
1970-01-03 23:19:00,0.4307381977689855,-0.14772923314414604,0.44088993816794025,0.010004578708674066
1970-01-03 23:20:00,0.4238565800720044,-0.09092677854581116,0.4576337241180308,0.0
1970-01-03 23:21:00,0.4131584890543199,-0.09868007578873535,0.44931844968439966,0.0
1970-01-03 23:22:00,0.40952156125342415,-0.07106933574572134,0.46319171112096064,0.0008152597606105
1970-01-03 23:23:00,0.4030042903152243,0.05250806965953283,0.49382968858453297,0.0
1970-01-03 23:24:00,0.39894657649859316,-0.01685572242769631,0.4674373112286192,0.0
1970-01-03 23:25:00,0.39219278326689877,-0.04824832794578874,0.4548623527616953,0.0
1970-01-03 23:26:00,0.3784475994765495,-0.0156104494344797,0.471109575175136,0.0
1970-01-03 23:27:00,0.28188906409545417,0.3066408599449197,0.2810705106297667,0.0
1970-01-03 23:28:00,0.1917709198287342,0.6016078945997543,0.052914715549811336,0.0
1970-01-03 23:29:00,0.19045053983641624,0.6085358969630739,0.054304890388621435,0.0
1970-01-03 23:30:00,0.20402247899754897,0.6219703393734021,0.0550621008291298,0.0
1970-01-03 23:31:00,0.209170694817063,0.6239730854363384,0.057373721216539,0.0
1970-01-03 23:32:00,0.20605954796706158,0.629254637890898,0.059046154750345636,0.0
1970-01-03 23:33:00,0.23024138060862276,0.639659322530123,0.06302887425224284,0.0
1970-01-03 23:34:00,0.28937416377327385,0.6577231788594619,0.0713069589996473,0.0
1970-01-03 23:35:00,0.2843226711036403,0.6593850971624993,0.0719188482754501,0.0
1970-01-03 23:36:00,0.28147649014091586,0.6611500783128186,0.07326066491851926,0.0
1970-01-03 23:37:00,0.08170176698711741,0.7771506457323785,0.053160190686199836,0.0
1970-01-03 23:38:00,-0.015930562585079935,0.8325412020932471,0.04512341826709223,0.0
1970-01-03 23:39:00,-0.016300612993638035,0.8318030234167756,0.0453062047046229,0.0
1970-01-03 23:40:00,-0.01597021937515133,0.8311224738498052,0.0453042175802028,0.0
1970-01-03 23:41:00,-0.015750434755478337,0.8304854450211301,0.04514926538911093,0.0
1970-01-03 23:42:00,0.4276908940105251,0.5629438147531854,0.07999194573525373,0.0
1970-01-03 23:43:00,-0.01634074757636093,0.8296090521318304,0.0452592534509896,0.0
1970-01-03 23:44:00,-0.01499982250003,0.8291750403735553,0.045326859194945335,0.0
1970-01-03 23:45:00,-0.012991017952055465,0.8286707408294959,0.046534305614456095,0.0
1970-01-03 23:46:00,0.3838122702981967,0.4688574922630828,0.0571047486964971,0.0
1970-01-03 23:47:00,0.3518096737101426,0.4997613861938612,0.05671218283935011,0.0
1970-01-03 23:48:00,0.3481520813770711,0.5012911580793137,0.05640072646948063,0.0
1970-01-03 23:49:00,0.34402313166231097,0.5143632365402223,0.05320554643847394,0.0
1970-01-03 23:50:00,0.6427693476042354,0.3681702615454092,0.0724756637452456,0.0
1970-01-03 23:51:00,0.945458860953786,0.13306651055634364,0.0934896930467151,0.0
1970-01-03 23:52:00,0.9474985129898205,0.135714116789599,0.09459319980495423,0.0
1970-01-03 23:53:00,0.9413831552576233,0.1579236074024328,0.0989894732591506,0.0
1970-01-03 23:54:00,0.9382703361333418,0.16696755159512053,0.10256161224309994,0.0
1970-01-03 23:55:00,0.9362332671638293,0.17205445635202923,0.1062022852627049,0.0
1970-01-03 23:56:00,0.9314437541774009,0.17932318185808846,0.11091665817424805,0.0
1970-01-03 23:57:00,0.9069302438496023,0.2336891476507643,0.1136220337925447,0.0
1970-01-03 23:58:00,0.92999529589245,0.18447946273696392,0.1104549926036908,0.0
1970-01-03 23:59:00,0.9315630828921039,0.18491029114453283,0.10927044888096311,0.0
