timestamp,x,y,z,enmo
1970-01-01 00:00:00,-0.4766964479967885,0.1707293166077369,0.061784539363115,0.0
1970-01-01 00:01:00,-0.4766964479967885,0.1707293166077369,0.061784539363115,0.0
1970-01-01 00:02:00,-0.4766964479967885,0.1707293166077369,0.061784539363115,0.0
1970-01-01 00:03:00,-0.4766964479967885,0.1707293166077369,0.061784539363115,0.0
1970-01-01 00:04:00,-0.4766964479967885,0.1707293166077369,0.061784539363115,0.0
1970-01-01 00:05:00,-0.4766964479967885,0.1707293166077369,0.061784539363115,0.0
1970-01-01 00:06:00,-0.4766964479967885,0.1707293166077369,0.061784539363115,0.0
1970-01-01 00:07:00,-0.4766964479967885,0.1707293166077369,0.061784539363115,0.0
1970-01-01 00:08:00,-0.4766964479967885,0.1707293166077369,0.061784539363115,0.0
1970-01-01 00:09:00,-0.4766964479967885,0.1707293166077369,0.061784539363115,0.0
1970-01-01 00:10:00,-0.4766964479967885,0.1707293166077369,0.061784539363115,0.0
1970-01-01 00:11:00,-0.4766964479967885,0.1707293166077369,0.061784539363115,0.0
1970-01-01 00:12:00,-0.4766964479967885,0.1707293166077369,0.061784539363115,0.0
1970-01-01 00:13:00,-0.4766964479967885,0.1707293166077369,0.061784539363115,0.0
1970-01-01 00:14:00,-0.4766964479967885,0.1707293166077369,0.061784539363115,0.0
1970-01-01 00:15:00,-0.4766964479967885,0.1707293166077369,0.061784539363115,0.0
1970-01-01 00:16:00,-0.4766964479967885,0.1707293166077369,0.061784539363115,0.0
1970-01-01 00:17:00,-0.4766964479967885,0.1707293166077369,0.061784539363115,0.0
1970-01-01 00:18:00,-0.4766964479967885,0.1707293166077369,0.061784539363115,0.0
1970-01-01 00:19:00,-0.4766964479967885,0.1707293166077369,0.061784539363115,0.0
1970-01-01 00:20:00,-0.4766964479967885,0.1707293166077369,0.061784539363115,0.0
1970-01-01 00:21:00,-0.4766964479967885,0.1707293166077369,0.061784539363115,0.0
1970-01-01 00:22:00,-0.4766964479967885,0.1707293166077369,0.061784539363115,0.0
1970-01-01 00:23:00,-0.4766964479967885,0.1707293166077369,0.061784539363115,0.0
1970-01-01 00:24:00,-0.4766964479967885,0.1707293166077369,0.061784539363115,0.0
1970-01-01 00:25:00,-0.4766964479967885,0.1707293166077369,0.061784539363115,0.0
1970-01-01 00:26:00,-0.4766964479967885,0.1707293166077369,0.061784539363115,0.0
1970-01-01 00:27:00,-0.4766964479967885,0.1707293166077369,0.061784539363115,0.0
1970-01-01 00:28:00,-0.4766964479967885,0.1707293166077369,0.061784539363115,0.0
1970-01-01 00:29:00,-0.4766964479967885,0.1707293166077369,0.061784539363115,0.0
1970-01-01 00:30:00,-0.4766964479967885,0.1707293166077369,0.061784539363115,0.0
1970-01-01 00:31:00,-0.4766964479967885,0.1707293166077369,0.061784539363115,0.0
1970-01-01 00:32:00,-0.4766964479967885,0.1707293166077369,0.061784539363115,0.0
1970-01-01 00:33:00,-0.4766964479967885,0.1707293166077369,0.061784539363115,0.0
1970-01-01 00:34:00,-0.4766964479967885,0.1707293166077369,0.061784539363115,0.0
1970-01-01 00:35:00,-0.4766964479967885,0.1707293166077369,0.061784539363115,0.0
1970-01-01 00:36:00,-0.4766964479967885,0.1707293166077369,0.061784539363115,0.0
1970-01-01 00:37:00,-0.4766964479967885,0.1707293166077369,0.061784539363115,0.0
1970-01-01 00:38:00,-0.4766964479967885,0.1707293166077369,0.061784539363115,0.0
1970-01-01 00:39:00,-0.4766964479967885,0.1707293166077369,0.061784539363115,0.0
1970-01-01 00:40:00,-0.4766964479967885,0.1707293166077369,0.061784539363115,0.0
1970-01-01 00:41:00,-0.4766964479967885,0.1707293166077369,0.061784539363115,0.0
1970-01-01 00:42:00,-0.4766964479967885,0.1707293166077369,0.061784539363115,0.0
1970-01-01 00:43:00,-0.4766964479967885,0.1707293166077369,0.061784539363115,0.0
1970-01-01 00:44:00,-0.4766964479967885,0.1707293166077369,0.061784539363115,0.0
1970-01-01 00:45:00,-0.4766964479967885,0.1707293166077369,0.061784539363115,0.0
1970-01-01 00:46:00,-0.4766964479967885,0.1707293166077369,0.061784539363115,0.0
1970-01-01 00:47:00,-0.4766964479967885,0.1707293166077369,0.061784539363115,0.0
1970-01-01 00:48:00,-0.4766964479967885,0.1707293166077369,0.061784539363115,0.0
1970-01-01 00:49:00,-0.4766964479967885,0.1707293166077369,0.061784539363115,0.0
1970-01-01 00:50:00,-0.4766964479967885,0.1707293166077369,0.061784539363115,0.0
1970-01-01 00:51:00,-0.4766964479967885,0.1707293166077369,0.061784539363115,0.0
1970-01-01 00:52:00,-0.4766964479967885,0.1707293166077369,0.061784539363115,0.0
1970-01-01 00:53:00,-0.4766964479967885,0.1707293166077369,0.061784539363115,0.0
1970-01-01 00:54:00,-0.4766964479967885,0.1707293166077369,0.061784539363115,0.0
1970-01-01 00:55:00,-0.4766964479967885,0.1707293166077369,0.061784539363115,0.0
1970-01-01 00:56:00,-0.4766964479967885,0.1707293166077369,0.061784539363115,0.0
1970-01-01 00:57:00,-0.4766964479967885,0.1707293166077369,0.061784539363115,0.0
1970-01-01 00:58:00,-0.4766964479967885,0.1707293166077369,0.061784539363115,0.0
1970-01-01 00:59:00,-0.4766964479967885,0.1707293166077369,0.061784539363115,0.0
1970-01-01 01:00:00,-0.7033680769508072,0.15783331120034857,0.06245647065150114,0.0
1970-01-01 01:01:00,-0.6497391116102927,0.16064395871291728,0.06239145332928107,0.0
1970-01-01 01:02:00,-0.6008494876730405,0.16356830890334176,0.06220844113819474,0.0
1970-01-01 01:03:00,-0.5560206214829252,0.1661777667823077,0.062051328848454206,0.0
1970-01-01 01:04:00,-0.514774684470387,0.16855425072767072,0.061912815721924336,0.0
1970-01-01 01:05:00,-0.4766964479967885,0.1707293166077369,0.061784539363115,0.0
1970-01-01 01:06:00,-0.4766964479967885,0.1707293166077369,0.061784539363115,0.0
1970-01-01 01:07:00,-0.4766964479967885,0.1707293166077369,0.061784539363115,0.0
1970-01-01 01:08:00,-0.4766964479967885,0.1707293166077369,0.061784539363115,0.0
1970-01-01 01:09:00,-0.4766964479967885,0.1707293166077369,0.061784539363115,0.0
1970-01-01 01:10:00,-0.6534142924633355,0.16595054362238607,0.031770719474335164,0.0064385032304755995
1970-01-01 01:11:00,-0.653248003124454,0.16678846159564864,0.031788798415854636,0.006403380158997034
1970-01-01 01:12:00,-0.6528093034522607,0.16978109439725753,0.0315318697508668,0.0064574679493663
1970-01-01 01:13:00,-0.6527327743116335,0.17034013996527073,0.03138623345844027,0.0064787251584335
1970-01-01 01:14:00,-0.6527122463916606,0.17053577389542882,0.031208026749177168,0.006496275855540734
1970-01-01 01:15:00,-0.6526779950956372,0.17080537089901818,0.031185692749060634,0.006508279817385733
1970-01-01 01:16:00,-0.6526593309525525,0.1709484942489047,0.031103491220854002,0.006516347851689833
1970-01-01 01:17:00,-0.6528877139525772,0.16950422315741479,0.03082926584381937,0.006509990745762467
1970-01-01 01:18:00,-0.6527795445618504,0.17019509549659373,0.031125420619519135,0.006508356402643933
1970-01-01 01:19:00,-0.6529915931399008,0.1685880796284047,0.03132140281921313,0.006448901614116167
1970-01-01 01:20:00,-0.6521326645277901,0.17165822757204174,0.033152494121037206,0.006062930363871066
1970-01-01 01:21:00,-0.6402616717107388,0.2085904155487606,0.0406961533149848,0.0027690595569845335
1970-01-01 01:22:00,-0.6528945976191035,0.17177038288725974,0.02544769565571747,0.007101809574766633
1970-01-01 01:23:00,-0.6536269124824131,0.16726151708613632,0.025513207374054436,0.007082738956926033
1970-01-01 01:24:00,-0.6528080902390032,0.1722733858180585,0.02588061920870084,0.0070829213379430675
1970-01-01 01:25:00,-0.6533246289704858,0.1670688648924342,0.025672121337443937,0.006747026077933034
1970-01-01 01:26:00,-0.6546857223743977,0.15966458290515895,0.02286501669779817,0.007153298931214534
1970-01-01 01:27:00,-0.50695603199203,0.2892955653226035,0.015484337711826534,0.0
1970-01-01 01:28:00,-0.33386108542842113,0.11253538655785737,0.28589158525670494,0.0
1970-01-01 01:29:00,-0.30294808634543274,-0.017139411376166664,0.30548469376110376,0.0
1970-01-01 01:30:00,-0.1582652228140759,0.15349139786442587,0.18519175961295706,0.0
1970-01-01 01:31:00,-0.0001136437281401929,0.1951984365422985,0.061405314462887634,0.0
1970-01-01 01:32:00,-0.000987104525139726,0.1993166648502088,0.05998335614870543,0.0
1970-01-01 01:33:00,-0.0008265735535309959,0.19846230730313028,0.06011114277376827,0.0
1970-01-01 01:34:00,-0.0007843220831284711,0.19815959101206007,0.060186520024161534,0.0
1970-01-01 01:35:00,-0.00071849207680826,0.19791764010856416,0.06018108487799793,0.0
1970-01-01 01:36:00,-0.4826860312672194,0.1726406274641503,0.061161282843793706,0.0
1970-01-01 01:37:00,-0.48268157760888974,0.1726565786053725,0.061162479914631036,0.0
1970-01-01 01:38:00,-0.4826806112060587,0.17265783563371687,0.061162981420627566,0.0
1970-01-01 01:39:00,-0.4827184682786827,0.17252892611701065,0.061170444069619835,0.0
1970-01-01 01:40:00,-0.4826949141633219,0.17260458351048627,0.06116546022890227,0.0
1970-01-01 01:41:00,-0.4685500751298394,0.17301425573328508,0.0635646649424451,0.0
1970-01-01 01:42:00,-0.4532527524498524,0.1733421744457826,0.06616347145907393,0.0
1970-01-01 01:43:00,-0.4366632941651052,0.1734408795085731,0.06901253736845146,0.0
1970-01-01 01:44:00,-0.41856556702751063,0.17352006753084318,0.07213288758405056,0.0
1970-01-01 01:45:00,-0.3987440933595609,0.17359969588525215,0.07556670719931183,0.0
1970-01-01 01:46:00,-0.37694730718278957,0.17364418756809327,0.07934693786732316,0.0
1970-01-01 01:47:00,-0.35286769132710294,0.17364721032844008,0.0835388019911182,0.0
1970-01-01 01:48:00,-0.3260716234346096,0.17386208435222494,0.08822116512350674,0.0
1970-01-01 01:49:00,-0.29613918108828813,0.17401202195371068,0.09341956582911097,0.0
1970-01-01 01:50:00,-0.2624438617385076,0.17436200224566833,0.09924162321896436,0.0
1970-01-01 01:51:00,-0.22437478430628754,0.1743295695617445,0.10561468635934856,0.0
1970-01-01 01:52:00,-0.18255947543811069,0.16903753481407782,0.1117998266273504,0.0
1970-01-01 01:53:00,-0.13239565388400534,0.16831869291822274,0.12137986889701857,0.0
1970-01-01 01:54:00,-0.07380760210381893,0.16793781908822358,0.13243580206253633,0.0
1970-01-01 01:55:00,-0.004539580474767972,0.16811863226609694,0.14513760760554964,0.0
1970-01-01 01:56:00,0.07874052486445199,0.16877299242607227,0.1608240311463596,0.0
1970-01-01 01:57:00,0.1888760892415606,0.17618086843230066,0.1796699491632762,0.0
1970-01-01 01:58:00,0.28295356295864155,0.14918433328877503,0.20586154108506952,0.0
1970-01-01 01:59:00,0.3495370545436689,0.16124798560389875,0.16270141777400726,0.0
1970-01-01 02:00:00,-0.6525312427844624,0.2942013565095515,0.028760652222519296,0.0
1970-01-01 02:01:00,-0.6527178701828811,0.294195753053993,0.028784311292389102,0.0
1970-01-01 02:02:00,-0.6480865944255141,0.2893217534582463,0.029899152854817996,0.0
1970-01-01 02:03:00,-0.632950704577312,0.2726455401011616,0.0311325434205828,0.0
1970-01-01 02:04:00,-0.6645541796125455,0.2800566396107526,0.0312484740178593,0.0
1970-01-01 02:05:00,-0.6645541796125455,0.2800566396107526,0.0312484740178593,0.0
1970-01-01 02:06:00,-0.6645541796125455,0.2800566396107526,0.0312484740178593,0.0
1970-01-01 02:07:00,-0.6645541796125455,0.2800566396107526,0.0312484740178593,0.0
1970-01-01 02:08:00,-0.6645541796125455,0.2800566396107526,0.0312484740178593,0.0
1970-01-01 02:09:00,-0.6645541796125455,0.2800566396107526,0.0312484740178593,0.0
1970-01-01 02:10:00,-0.6645541796125455,0.2800566396107526,0.0312484740178593,0.0
1970-01-01 02:11:00,-0.6645541796125455,0.2800566396107526,0.0312484740178593,0.0
1970-01-01 02:12:00,-0.6645541796125455,0.2800566396107526,0.0312484740178593,0.0
1970-01-01 02:13:00,-0.6645541796125455,0.2800566396107526,0.0312484740178593,0.0
1970-01-01 02:14:00,-0.6645541796125455,0.2800566396107526,0.0312484740178593,0.0
1970-01-01 02:15:00,-0.6645541796125455,0.2800566396107526,0.0312484740178593,0.0
1970-01-01 02:16:00,-0.6645541796125455,0.2800566396107526,0.0312484740178593,0.0
1970-01-01 02:17:00,-0.6330962227111206,0.2717991394956117,0.0313158477190935,0.0
1970-01-01 02:18:00,-0.6331058655248546,0.2717342341971024,0.0313096079088254,0.0
1970-01-01 02:19:00,-0.6333515731628582,0.270644248659534,0.0313880204481838,0.0
1970-01-01 02:20:00,-0.6334980498974431,0.2699561100277524,0.0314219085430164,0.0
1970-01-01 02:21:00,-0.6335145505106983,0.2698938145183212,0.0314177010769619,0.0
1970-01-01 02:22:00,-0.6335265558442289,0.2698567868008654,0.0314170218133714,0.0
1970-01-01 02:23:00,-0.6335368174372997,0.2698205759052511,0.0314130364890752,0.0
1970-01-01 02:24:00,-0.6335453266675762,0.2697712571838032,0.0313987816796711,0.0
1970-01-01 02:25:00,-0.6356859998703535,0.2739787838420118,0.0311116356405824,0.0
1970-01-01 02:26:00,-0.6483016841518471,0.2932296640924071,0.0289020740461738,0.0
1970-01-01 02:27:00,-0.6675134136438553,0.2856694105036554,0.0304974093991531,0.0
1970-01-01 02:28:00,-0.6686076792537207,0.2845988953433954,0.0307203646398997,0.0
1970-01-01 02:29:00,-0.6684564262527286,0.2848585898493574,0.0308071594320192,0.0
1970-01-01 02:30:00,-0.6693367940472785,0.2831587085535326,0.0302886591707089,0.0
1970-01-01 02:31:00,-0.6696609086352253,0.2827531308212006,0.029903151017429398,0.0
1970-01-01 02:32:00,-0.6696460077187152,0.2827882709009026,0.0298755385245317,0.0
1970-01-01 02:33:00,-0.6696510507703118,0.2827799941577484,0.029861895285782997,0.0
1970-01-01 02:34:00,-0.6692002294475982,0.2836806911912756,0.029968251001917596,0.0
1970-01-01 02:35:00,-0.6688345222370837,0.284373558730849,0.030014875483592097,0.0
1970-01-01 02:36:00,-0.668853263643053,0.2843467883330407,0.0299470611680208,0.0
1970-01-01 02:37:00,-0.6688685895899601,0.2843339495100185,0.0298830660567268,0.0
1970-01-01 02:38:00,-0.6688767133511413,0.2843202909788586,0.0298723662935369,0.0
1970-01-01 02:39:00,-0.6688488464715397,0.2843684436366176,0.029872831585206,0.0
1970-01-01 02:40:00,-0.6687867108821792,0.2844762722013226,0.0298726207256035,0.0
1970-01-01 02:41:00,-0.668841188823646,0.2843326997437381,0.029916108378910105,0.0
1970-01-01 02:42:00,-0.6690429017579835,0.2839809572092411,0.030040534607367202,0.0
1970-01-01 02:43:00,-0.669033134681186,0.2840098294079856,0.0299983654101363,0.0
1970-01-01 02:44:00,-0.6690042518876401,0.2840677400561393,0.029977227707580396,0.0
1970-01-01 02:45:00,-0.6689733656691915,0.2841272681847168,0.029962085109222398,0.0
1970-01-01 02:46:00,-0.6689519721344083,0.2841698999349903,0.0299547964474996,0.0
1970-01-01 02:47:00,-0.668961405983317,0.2841509843038231,0.0299490483836109,0.0
1970-01-01 02:48:00,-0.6689747777033507,0.2841287026739578,0.0299395390823838,0.0
1970-01-01 02:49:00,-0.6689587690703882,0.2841592079391261,0.0299470926802493,0.0
1970-01-01 02:50:00,-0.6689720312360473,0.2841321038854701,0.029947596875904103,0.0
1970-01-01 02:51:00,-0.6689380759735265,0.2841946516571946,0.029941853091453797,0.0
1970-01-01 02:52:00,-0.6689370570164052,0.2841966518605025,0.0299422514682675,0.0
1970-01-01 02:53:00,-0.6689263196733193,0.284220068382057,0.0299300609043452,0.0
1970-01-01 02:54:00,-0.668918514938534,0.2842331652399648,0.029921754514356202,0.0
1970-01-01 02:55:00,-0.6689043124311609,0.2842581582565364,0.029935417205097802,0.0
1970-01-01 02:56:00,-0.6689527339430675,0.2841666055164395,0.029960314588832703,0.0
1970-01-01 02:57:00,-0.6690067620015244,0.2840621354460623,0.0299256207924561,0.0
1970-01-01 02:58:00,-0.6689607014878258,0.284147384515128,0.029935137485440504,0.0
1970-01-01 02:59:00,-0.6540710782078154,0.2931398171533997,0.028585999003311,0.0
1970-01-01 03:00:00,-0.5549438353425151,0.4022591522078205,-0.0171901070466807,0.0
1970-01-01 03:01:00,-0.5551204991360391,0.4022494606734088,-0.0171778625874149,0.0
1970-01-01 03:02:00,-0.5552178535386617,0.4022465395201795,-0.0171652966639823,0.0
1970-01-01 03:03:00,-0.5432082107026278,0.3908395591081786,-0.0162697847892733,0.0
1970-01-01 03:04:00,-0.5406224150055999,0.388388792554897,-0.016071752331768,0.0
1970-01-01 03:05:00,-0.5406227549798928,0.3883685735197849,-0.0160728575034037,0.0
1970-01-01 03:06:00,-0.5406237947737448,0.3883605469275784,-0.0160591251638691,0.0
1970-01-01 03:07:00,-0.8212064820014238,0.3472654031797597,0.0021991427701043335,0.0103717117263226
1970-01-01 03:08:00,-0.8211930330053819,0.347296714816356,0.0022193555839892334,0.010370004917409267
1970-01-01 03:09:00,-0.821593621354618,0.34592411558726627,0.002308101577621933,0.010310493769880866
1970-01-01 03:10:00,-0.8237491123091928,0.34465749891248937,0.002277065712028832,0.010288262507347134
1970-01-01 03:11:00,-0.8237292264499713,0.3447085840358566,0.002273243139577734,0.0102855224643828
1970-01-01 03:12:00,-0.8307468003930794,0.3464391487569198,0.0023321414254924,0.0102759292467428
1970-01-01 03:13:00,-0.8307862318077004,0.34629457603938163,0.0023295387563488667,0.010265674346664533
1970-01-01 03:14:00,-0.8308075086800546,0.34620568685190545,0.0023271522646728673,0.0102568831797834
1970-01-01 03:15:00,-0.8308035481793477,0.34622114845145213,0.0023240968686938667,0.010257298306038066
1970-01-01 03:16:00,-0.8307944210507131,0.3462476980620141,0.002321442734678733,0.0102567199341168
1970-01-01 03:17:00,-0.8308238546948196,0.34613467166170625,0.0023381970955573678,0.0102521334544034
1970-01-01 03:18:00,-0.8308197754982604,0.34614341733593496,0.0023602172031921,0.010249646870397333
1970-01-01 03:19:00,-0.8308063617595763,0.3461712289126961,0.0023789159520825665,0.010250259086056934
1970-01-01 03:20:00,-0.8307829774122459,0.3462440192986301,0.002412928049491033,0.010249156812114933
1970-01-01 03:21:00,-0.830627010926347,0.3467006836439885,0.0025786835539065335,0.010240458548936
1970-01-01 03:22:00,-0.8308132745032913,0.3461332552731012,0.0024220663971681335,0.0102334711387732
1970-01-01 03:23:00,-0.8309230774521387,0.3452060012218123,0.002743105110725067,0.010056315687041866
1970-01-01 03:24:00,-0.8312569746745314,0.34280598903137977,0.003042624973517967,0.009607194225381267
1970-01-01 03:25:00,-0.8314098803300783,0.3425648993893993,0.0025483798618069335,0.009686323835645666
1970-01-01 03:26:00,-0.8312350545043766,0.3431916904557326,0.0021832451773784005,0.0097279701718028
1970-01-01 03:27:00,-0.8097622192662853,0.3583157319995076,-0.0003066559023371003,0.0
1970-01-01 03:28:00,-0.7814598434757937,0.3746644809116977,0.00047885802657990015,0.0
1970-01-01 03:29:00,-0.7578003839650586,0.39016614048409987,-0.0019214515573305,0.0
1970-01-01 03:30:00,-0.7558184269303826,0.3925035488298614,-0.0035692999703188333,0.0
1970-01-01 03:31:00,-0.746766508002746,0.39128305983812983,-0.005354004574577033,0.0
1970-01-01 03:32:00,-0.7468239314106219,0.39174955921327465,-0.0053640922729258,0.0
1970-01-01 03:33:00,-0.7471583743404843,0.39317008607157256,-0.005221476731290301,0.0
1970-01-01 03:34:00,-0.7472700615982077,0.39342174776541833,-0.005259797591817934,0.0
1970-01-01 03:35:00,-0.8936665765003057,0.3717725773652447,0.0034228913251291002,0.0051907040079594334
1970-01-01 03:36:00,-0.8939017112958503,0.371019869014999,0.0034275644718926336,0.0051712505842909
1970-01-01 03:37:00,-0.8937814625209509,0.371450549828,0.0034598853845008667,0.005196075854173066
1970-01-01 03:38:00,-0.8937553696445142,0.37148448959329744,0.003473426046407267,0.005182450033726434
1970-01-01 03:39:00,-0.8947775106053607,0.36800393264222925,0.0036749175691976666,0.0050513361583017
1970-01-01 03:40:00,-0.8941415494906181,0.3700466822660711,0.0035403538698241,0.0050891866629506665
1970-01-01 03:41:00,-0.8939414396343334,0.370785682633281,0.003489030175715734,0.0051345769094076005
1970-01-01 03:42:00,-0.8940593323139212,0.3703424745248341,0.0034651452033689005,0.005104517038189667
1970-01-01 03:43:00,-0.8941852779162905,0.36992824329147617,0.0034914173242789003,0.005092474652713967
1970-01-01 03:44:00,-0.894131149263925,0.3700793212738543,0.0034941214106456665,0.005089172954295
1970-01-01 03:45:00,-0.8940149357418169,0.3705561089378255,0.0034787532988505335,0.005130731205989433
1970-01-01 03:46:00,-0.8939791635335214,0.37064480058864996,0.0034833320386087,0.0051252123312843
1970-01-01 03:47:00,-0.8941989397525382,0.3699034888753954,0.0036250571836718005,0.0050991116855603
1970-01-01 03:48:00,-0.8940229271247957,0.37045791175131915,0.0036277342966085004,0.0051086824019552
1970-01-01 03:49:00,-0.8939174215283949,0.37083627209476216,0.0036310790019399336,0.0051296481060141
1970-01-01 03:50:00,-0.8939387055088037,0.37073336216372316,0.0035904098127181004,0.0051164139995822
1970-01-01 03:51:00,-0.8940823657830128,0.3700841841057925,0.0040539954123590335,0.0050512752415191
1970-01-01 03:52:00,-0.8941480551269264,0.36991083315243795,0.004025046178512333,0.005058114835504134
1970-01-01 03:53:00,-0.8949835986139288,0.36222456694770594,0.006622128948100966,0.0035391211240683334
1970-01-01 03:54:00,-0.8975367971229432,0.3453272865799218,0.006685725552901399,0.0014034485143779001
1970-01-01 03:55:00,-0.8957894271675227,0.36699678611634984,-0.0012714835278656667,0.0056786426951287335
1970-01-01 03:56:00,-0.8922029489933339,0.3767051499179268,4.8913078660999986e-05,0.005415976539826867
1970-01-01 03:57:00,-0.6705692741051271,0.5225640028629632,-0.023992087074548033,0.0
1970-01-01 03:58:00,-0.5733352777801118,0.6009744362766077,-0.03273967160388327,0.006683641163351933
1970-01-01 03:59:00,-0.5810942952544672,0.6010933755425545,-0.03253353390775947,0.006872122556029166
1970-01-01 04:00:00,0.21909586719085516,0.4834682389419476,-0.03207027100025397,0.0070232036790536
1970-01-01 04:01:00,0.17100384765846513,0.49048910477596114,-0.03305183116370417,0.0070275276443264
1970-01-01 04:02:00,0.21093369221095792,0.41247354774515904,-0.0150282580397005,0.0
1970-01-01 04:03:00,0.4367776275773714,0.12925670778670675,0.0051514849027399666,0.0
1970-01-01 04:04:00,0.03059429012934864,0.2946785293696296,0.0096728937391866,0.0
1970-01-01 04:05:00,0.0015354897115643362,0.3017499095505345,0.008894836089925766,0.0
1970-01-01 04:06:00,-0.025162769330789467,0.30769812678559155,0.007813277881781667,0.0
1970-01-01 04:07:00,-0.049760340682468505,0.31365885944556604,0.006947523182290833,0.0
1970-01-01 04:08:00,-0.07240903269935967,0.31942216045287997,0.006318188294353166,0.0
1970-01-01 04:09:00,-0.09336108326316696,0.3242945874443895,0.005429097924012566,0.0
1970-01-01 04:10:00,-0.1129386403702863,0.32980347006653804,0.004931728404575665,0.0
1970-01-01 04:11:00,-0.1309973125849104,0.3346648282846593,0.0045727198776669,0.0
1970-01-01 04:12:00,-0.14801819903456992,0.3379457050617054,0.004068845629564267,0.0
1970-01-01 04:13:00,-0.16406336790357182,0.3413812086751619,0.0036263588640876657,0.0
1970-01-01 04:14:00,-0.17921033005294199,0.34492641986773775,0.0031737457942981003,0.0
1970-01-01 04:15:00,-0.19329702862652134,0.34820300884760275,0.0027733600612235335,0.0
1970-01-01 04:16:00,-0.20651793125167142,0.3517160247231581,0.0025795623750143673,0.0
1970-01-01 04:17:00,0.152105421803805,0.1809166616364515,-0.00011182451980356704,0.0
1970-01-01 04:18:00,0.14014284222853934,0.18249093726329949,-0.0005768785016007314,0.0
1970-01-01 04:19:00,0.12474106266009106,0.1661798287714243,0.00045174389932460074,0.0
1970-01-01 04:20:00,0.11163365224063378,0.15667344676462538,0.0007264654550997335,0.0
1970-01-01 04:21:00,0.10135131706458515,0.15794643821698165,0.0003517928353700984,0.0
1970-01-01 04:22:00,0.09164759939391587,0.15954149922565508,5.370814532856585e-05,0.0
1970-01-01 04:23:00,0.08244638651737331,0.16106140197205418,-0.0002980226857335992,0.0
1970-01-01 04:24:00,0.07371167304036208,0.16226264782940242,-0.000821154380089365,0.0
1970-01-01 04:25:00,0.02843030637860881,0.23717373027946975,-0.006050546382581966,0.0
1970-01-01 04:26:00,-0.1980844163320842,0.5726741143333741,-0.0445707285268446,0.0
1970-01-01 04:27:00,-0.538623639336813,0.4432868774301988,-0.017156263344355202,0.0
1970-01-01 04:28:00,-0.5647644611069706,0.4263806352540082,-0.013512199660237935,0.005413681843879533
1970-01-01 04:29:00,-0.5580286189533631,0.4390938916240379,-0.013213976938199298,0.005491175478157101
1970-01-01 04:30:00,-0.57328832739223,0.40962928249640784,-0.022201314800911,0.004827779742563833
1970-01-01 04:31:00,-0.5841808927344195,0.39358738286176326,-0.027808858498980637,0.007127520788003767
1970-01-01 04:32:00,-0.589287842854699,0.3847883804559514,-0.027183343769053667,0.007162064111635066
1970-01-01 04:33:00,-0.5986332465646247,0.3786492999027067,-0.027143867534269468,0.007191724318559567
1970-01-01 04:34:00,-0.6127101832059317,0.4014312879677953,-0.026005935497018896,0.006903908868856266
1970-01-01 04:35:00,-0.6063712582236848,0.4134409919870669,-0.02519777781466233,0.007032893077151767
1970-01-01 04:36:00,-0.6066961092604818,0.4129769717583904,-0.0263732259512299,0.007126206306018133
1970-01-01 04:37:00,-0.6069617590068729,0.4127544321593393,-0.0274824745469931,0.007289070600457334
1970-01-01 04:38:00,-0.607102570867347,0.4125176842859008,-0.0276679371089511,0.007302522090649733
1970-01-01 04:39:00,-0.6066195449542529,0.41335233035372343,-0.027659872053353435,0.007293029806533301
1970-01-01 04:40:00,-0.6055425280720054,0.4152213588086105,-0.027663526953130967,0.007286536374671834
1970-01-01 04:41:00,-0.6064868123907617,0.4127327695438119,-0.026909740962483202,0.0068435126304483
1970-01-01 04:42:00,-0.6099831699192791,0.406635898945863,-0.0247530196692259,0.006881573989339866
1970-01-01 04:43:00,-0.609813873921455,0.4071363503907683,-0.025483952421227866,0.006993786787025034
1970-01-01 04:44:00,-0.6093132388333263,0.4081401349587644,-0.025850339265530764,0.0070453189532261665
1970-01-01 04:45:00,-0.6087778777135516,0.4091719558541083,-0.026112810970402602,0.0070803767517678
1970-01-01 04:46:00,-0.6084070564439759,0.409910906192183,-0.026239147773597968,0.007116870832489333
1970-01-01 04:47:00,-0.6085705764917262,0.4095830352519507,-0.026338780881001864,0.0071050404655118
1970-01-01 04:48:00,-0.63161585247315,0.4174067669601483,-0.027394073028018735,0.007127645847360067
1970-01-01 04:49:00,-0.6552565693634225,0.42660083599364285,-0.02819176960122317,0.007135084427550467
1970-01-01 04:50:00,-0.6803876101366204,0.43617426318860747,-0.02922604462700057,0.007109346920092966
1970-01-01 04:51:00,-0.705846996676179,0.4484283716171315,-0.030452228644388363,0.007122046623114833
1970-01-01 04:52:00,-0.7332331704282856,0.4602777118009342,-0.0316274062003227,0.007123177674147733
1970-01-01 04:53:00,-0.7619209323314774,0.4731715916142924,-0.033084052000282395,0.007165340310645433
1970-01-01 04:54:00,-0.7922537487916999,0.48661524442242504,-0.03453872010414857,0.007162964097491499
1970-01-01 04:55:00,-0.8242082765387829,0.5010691829393675,-0.035673368369506964,0.0071506886041835
1970-01-01 04:56:00,-0.8569597991902489,0.5100377164282194,-0.03640118020498027,0.007097447357011466
1970-01-01 04:57:00,-0.8784897356525793,0.4991989266958676,-0.0359110148502954,0.0111368876713547
1970-01-01 04:58:00,-0.8787591872134398,0.49927462831964675,-0.03631459403166993,0.011383283718894535
1970-01-01 04:59:00,-0.6205854151191281,0.6548481987260804,-0.0605542022289589,0.004118780062793333
1970-01-01 05:00:00,0.4530261544297198,0.5165340575065325,-0.07488360290579364,0.007450184547837767
1970-01-01 05:01:00,0.4630494621152141,0.5022581824687908,-0.0735582929852316,0.0074508193517593335
1970-01-01 05:02:00,0.472474346210685,0.49449602096646855,-0.07227543116642667,0.0075170918135227666
1970-01-01 05:03:00,0.7716090765791455,0.2243903408564625,-0.04824772820780613,0.0
1970-01-01 05:04:00,0.8395292936609291,0.1736518861070008,-0.0418355287682421,0.0
1970-01-01 05:05:00,0.8435396525029838,0.18177469080073935,-0.0404340241482647,0.0
1970-01-01 05:06:00,0.8467622409384141,0.18982929307976848,-0.0387807479120766,0.0
1970-01-01 05:07:00,0.8495124133443492,0.1969055159470469,-0.0376277628458547,0.0
1970-01-01 05:08:00,0.8518902723229994,0.2036217940024425,-0.03644477918471183,0.0
1970-01-01 05:09:00,0.85399028113179,0.2099750843109521,-0.0356976476034903,0.0
1970-01-01 05:10:00,0.8557917677132446,0.21683550173558733,-0.03425409772993567,0.0
1970-01-01 05:11:00,0.8573889309632697,0.22206857082813833,-0.03352027005188366,0.0
1970-01-01 05:12:00,0.5465549420869947,0.24842062360489234,0.14679804025024235,0.0
1970-01-01 05:13:00,0.5484889886121568,0.2521634365410554,0.14754697047348564,0.0
1970-01-01 05:14:00,0.5501212855143021,0.25556010841205296,0.14823763961209271,0.0
1970-01-01 05:15:00,0.5519025381122568,0.2592785897894246,0.1488372001691238,0.0
1970-01-01 05:16:00,0.553045670370869,0.26269203452685236,0.14941192340027928,0.0
1970-01-01 05:17:00,0.5516460879560885,0.2679884783200209,0.14947081415469313,0.0
1970-01-01 05:18:00,0.5415188545399289,0.2806867267776297,0.14791208440574652,0.0
1970-01-01 05:19:00,0.5283831002774884,0.29348155367630196,0.14613165612258702,0.0
1970-01-01 05:20:00,0.5132706104288313,0.30607795781399677,0.1441357939407448,0.0
1970-01-01 05:21:00,0.4993384432528689,0.31840338622925374,0.14210764764505668,0.0
1970-01-01 05:22:00,0.48477015415924374,0.31151307754579216,0.1562252082698028,0.0
1970-01-01 05:23:00,0.4712982340574385,0.29661857677887676,0.1719892998834418,0.0
1970-01-01 05:24:00,0.45846220845732444,0.284477049304547,0.18783445856525507,0.0
1970-01-01 05:25:00,0.4556159373055581,0.2801153142872448,0.1944668885324986,0.0
1970-01-01 05:26:00,0.442087925957562,0.273556838718863,0.20916154345664806,0.0
1970-01-01 05:27:00,0.43053614418094077,0.26869884314266224,0.22343067436320882,0.0
1970-01-01 05:28:00,0.41985384172705587,0.26051293051975694,0.23719484491816378,0.0
1970-01-01 05:29:00,0.4101207119748504,0.251064682826774,0.25004005567007964,0.0
1970-01-01 05:30:00,0.41010379428893134,0.2509232369069644,0.25001278945204036,0.0
1970-01-01 05:31:00,0.7339347197164313,0.21626477782107104,0.07353629625673527,0.0
1970-01-01 05:32:00,0.7421376478303245,0.23494023201532857,0.07835179796032184,0.0
1970-01-01 05:33:00,0.7295412320028141,0.3285728221408879,0.09311939776053524,0.0
1970-01-01 05:34:00,0.7184161099883374,0.3494944570440359,0.09360692654793808,0.0
1970-01-01 05:35:00,0.7086103822781308,0.361413694880561,0.0971174828946495,0.0
1970-01-01 05:36:00,0.6988529061868375,0.37250226562370337,0.10107339955849894,0.0
1970-01-01 05:37:00,0.6903709078193616,0.38082056854251983,0.10457325701185427,0.0
1970-01-01 05:38:00,0.6818528677557136,0.38871646083663497,0.10851094376631605,0.0
1970-01-01 05:39:00,0.672891139483879,0.39703493822976715,0.11276724220885959,0.0
1970-01-01 05:40:00,0.6632639329016525,0.4061075020667529,0.1172800318081129,0.0
1970-01-01 05:41:00,0.6533723226784193,0.41496196824500836,0.122067812372101,0.0
1970-01-01 05:42:00,0.6525330357929092,0.40473837264385315,0.12771319966566344,0.0
1970-01-01 05:43:00,0.6504950836795161,0.41077491811061734,0.12814786300488779,0.0
1970-01-01 05:44:00,0.649401090603064,0.412762525621678,0.12802549803927346,0.0
1970-01-01 05:45:00,0.648535788225651,0.41438906285840926,0.12792675505506265,0.0
1970-01-01 05:46:00,0.6482389202163804,0.41494027386385524,0.1278009509771116,0.0
1970-01-01 05:47:00,0.6090798688673525,0.45257989382349345,0.1203665341750383,0.0
1970-01-01 05:48:00,0.47761780339882404,0.5652754936838105,0.09673697323774398,0.0036964557767666666
1970-01-01 05:49:00,0.4207434296465402,0.5790448324510122,0.09169388588051434,0.0025916818825154667
1970-01-01 05:50:00,0.37451741986395853,0.5881036779965396,0.08716880301813712,0.007130978582713
1970-01-01 05:51:00,0.38201315247863504,0.5872967180521186,0.08397684822129022,0.0071117442423766
1970-01-01 05:52:00,0.3577442103035562,0.28571532790742826,0.3558173222307719,0.0
1970-01-01 05:53:00,0.3616936678181492,0.1403692035570671,0.39864524226641995,0.0
1970-01-01 05:54:00,0.35900819389846533,0.15748509123387813,0.4160046810248654,0.0
1970-01-01 05:55:00,0.5288906045046091,0.3080766203191223,0.26139193451468773,0.0
1970-01-01 05:56:00,0.3262088504022696,0.25749227181559037,0.422288438272626,0.0
1970-01-01 05:57:00,0.3489281236344987,0.27833645071499097,0.43003781033117355,0.0
1970-01-01 05:58:00,0.3529751832765178,0.2180521633162443,0.4299202331494006,0.0
1970-01-01 05:59:00,0.3636087513193187,0.17798511971246303,0.4274900889386539,0.0
1970-01-01 06:00:00,0.0252534456796,-0.19781750217490104,0.8714078573200522,0.0
1970-01-01 06:01:00,0.02322825279765207,-0.22119270448433073,0.8498534947937273,0.0
1970-01-01 06:02:00,0.021804977623522234,-0.19356173970211113,0.8586454689127567,0.0
1970-01-01 06:03:00,0.020655317435647264,-0.16574906312950552,0.8705649315866629,0.0
1970-01-01 06:04:00,0.0182338269232694,-0.1743736270658096,0.8671778462093699,0.0
1970-01-01 06:05:00,0.0236398891823056,-0.18800805590918576,0.8677473741087508,0.0
1970-01-01 06:06:00,0.025253245618147267,-0.2573688686537509,0.8372081876317448,0.0
1970-01-01 06:07:00,0.026061359527763398,-0.26303778888762913,0.8338198963527864,0.0
1970-01-01 06:08:00,0.0311707926508128,-0.24134085030628105,0.845629587674707,0.0
1970-01-01 06:09:00,0.03771185759010933,-0.2768414321028127,0.8240591136849416,0.0
1970-01-01 06:10:00,0.01983365736457503,-0.21281941460682682,0.8445876814101814,0.0
1970-01-01 06:11:00,0.029811878389265935,-0.16506406782167848,0.8687805525023893,0.0
1970-01-01 06:12:00,0.04625174320586667,-0.21581264350837168,0.8571337070288534,0.0
1970-01-01 06:13:00,0.046551553836378795,-0.22557832561325872,0.8548308429648942,0.0
1970-01-01 06:14:00,0.031611450305948766,-0.20584127229028573,0.8503096699165916,0.0
1970-01-01 06:15:00,0.030383814673004165,-0.19955822917254032,0.8512646408950683,0.0
1970-01-01 06:16:00,0.0310611065891412,-0.14845214019109876,0.8741419197818426,0.0
1970-01-01 06:17:00,0.03190843760274333,-0.13038165405389068,0.8783428728222917,0.0
1970-01-01 06:18:00,0.0358826683287016,-0.13056206380258703,0.8793432008381523,0.0
1970-01-01 06:19:00,0.04322937815743886,-0.16789215278345157,0.8759292641074993,0.0
1970-01-01 06:20:00,0.02783567677178787,-0.13058164837746453,0.8810163880155867,0.0
1970-01-01 06:21:00,0.021725345124548,-0.13010042245270784,0.8826154122017114,0.0
1970-01-01 06:22:00,0.021529649772073736,-0.14560870251410887,0.881821837302523,0.0
1970-01-01 06:23:00,0.024529099170420104,-0.14825797604569071,0.88273883719268,0.0
1970-01-01 06:24:00,0.0219369150803274,-0.14910860088402297,0.8829681986087675,0.0
1970-01-01 06:25:00,0.024890120083502998,-0.15463357692094104,0.8834361021642182,0.0
1970-01-01 06:26:00,0.0236543072515854,-0.1505711462250252,0.8844837463537062,0.0
1970-01-01 06:27:00,0.023485259062151233,-0.14884639049551426,0.8851261244312633,0.0
1970-01-01 06:28:00,0.024280047182368633,-0.1535259745915761,0.8848327840592768,0.0
1970-01-01 06:29:00,0.023198446572590934,-0.14640846954228168,0.8865958247244232,0.0
1970-01-01 06:30:00,-0.03588051834863463,0.44149221917472753,0.38063112161995954,0.007767231094560599
1970-01-01 06:31:00,0.06337874849467263,0.3674918039969428,0.4026251250218485,0.0
1970-01-01 06:32:00,0.025836075234856527,-0.1651703792827606,0.8045765178218848,0.0
1970-01-01 06:33:00,0.007727245353249433,-0.2147903561709811,0.8934543880645808,0.0
1970-01-01 06:34:00,0.080278545429675,-0.2223445254472175,0.8765036709489684,0.0
1970-01-01 06:35:00,0.037899529389829996,-0.21550204063038966,0.8913453119639031,0.0
1970-01-01 06:36:00,0.07258644369959123,-0.23348929576023605,0.8774116471810608,0.0
1970-01-01 06:37:00,0.1259999244326385,-0.22726056337072673,0.8677004031448862,0.0
1970-01-01 06:38:00,-0.04407112325224607,-0.43779336509527034,0.6292753426165091,0.0
1970-01-01 06:39:00,0.10752231728205243,-0.2555500631569803,0.7289394762083558,0.0
1970-01-01 06:40:00,0.05577604651542617,-0.2351823817525669,0.8639737405566023,0.0
1970-01-01 06:41:00,0.05436073654514447,-0.26810936724354545,0.8271720084847622,0.0
1970-01-01 06:42:00,0.0254044658270995,-0.18755479516072895,0.8961261838638469,0.0
1970-01-01 06:43:00,0.0316706859279005,-0.20632684732811735,0.8923237933705783,0.0
1970-01-01 06:44:00,0.04838457111829123,-0.25788276163659773,0.8537829898536745,0.0
1970-01-01 06:45:00,0.064184458364361,-0.19787645612449448,0.8921786156264634,0.0
1970-01-01 06:46:00,0.06686301345191693,-0.14906988293330456,0.9042814318683524,0.0
1970-01-01 06:47:00,0.0646820516279455,-0.1940088437662911,0.8988982500178024,0.0
1970-01-01 06:48:00,0.05221726125254983,-0.16402277095698556,0.9058737273935683,0.0
1970-01-01 06:49:00,0.0370506273698945,-0.16277957696555992,0.9061293815639843,0.0
1970-01-01 06:50:00,0.034202240009089,-0.16740631140913745,0.906778814096962,0.0
1970-01-01 06:51:00,0.03959735540820217,-0.13329532639946323,0.9103655250432116,0.0
1970-01-01 06:52:00,0.044348386438587566,-0.13468596625805387,0.9093597060651377,0.0
1970-01-01 06:53:00,0.0407501893276432,-0.1308973499042796,0.9110023340109059,0.0
1970-01-01 06:54:00,0.036474421403783965,-0.12466533060058982,0.9128675129850093,0.0
1970-01-01 06:55:00,0.03862122863713653,-0.12201847916960307,0.9113682218467521,0.0
1970-01-01 06:56:00,0.04730864436969537,-0.14808058680285283,0.9067859013657188,0.0
1970-01-01 06:57:00,0.04020522799861363,-0.09455271409679222,0.9137973006070101,0.0
1970-01-01 06:58:00,0.037519252969106034,-0.11821896647018937,0.9139130166221067,0.0
1970-01-01 06:59:00,0.041413342243874794,-0.1335619216549426,0.9104079137886018,0.0
1970-01-01 07:00:00,0.03571807964313553,-0.15277732201235636,0.9065410230806248,0.0
1970-01-01 07:01:00,0.03609842199936267,-0.13431862233017466,0.9106820110418433,0.0
1970-01-01 07:02:00,0.03390189939665373,-0.12189782890723366,0.9144918057416723,0.0
1970-01-01 07:03:00,0.033885222110063305,-0.12740859818087094,0.9135229808229702,0.0
1970-01-01 07:04:00,0.03669447015621367,-0.14022128983123122,0.9114605788713886,0.0
1970-01-01 07:05:00,0.0342343198292095,-0.13001071355919114,0.9121870812374979,0.0
1970-01-01 07:06:00,0.04393671153127534,-0.1220366397456688,0.9090037377082081,0.0
1970-01-01 07:07:00,0.0405793196691445,-0.12770979358623197,0.9109703435228166,0.0
1970-01-01 07:08:00,0.028032408822456566,-0.10811938483743144,0.9120208777046259,0.0
1970-01-01 07:09:00,0.029832149150159137,-0.11122482333301546,0.9142060155064855,0.0
1970-01-01 07:10:00,0.06077956656577884,-0.07390180775236987,0.8972951786072647,0.0
1970-01-01 07:11:00,0.054955782482348,-0.04962208811772453,0.9100115055166059,0.0
1970-01-01 07:12:00,0.04753772189035297,-0.03304306309039354,0.9098823162731783,0.0
1970-01-01 07:13:00,0.055786358828114925,-0.0384075071494936,0.9072196408649624,0.0
1970-01-01 07:14:00,0.0494293147696091,-0.08621773010217319,0.9065403959483751,0.0
1970-01-01 07:15:00,0.11133766198328894,-0.03854154520843373,0.899286842738429,0.0
1970-01-01 07:16:00,0.06941830431423043,-0.010267819608498494,0.8980272105265429,0.0
1970-01-01 07:17:00,0.07844942863748007,-0.08086165091447317,0.9042684171883328,0.0
1970-01-01 07:18:00,0.07534426205330401,-0.0976514586940909,0.9023002941182819,0.0
1970-01-01 07:19:00,0.0739464381784511,-0.10778045745832722,0.9010881890902187,0.0
1970-01-01 07:20:00,0.09119127120560723,-0.11015595086016673,0.8910415641676322,0.0
1970-01-01 07:21:00,0.06884681933014364,-0.002493552155007193,0.8897657141809033,0.0
1970-01-01 07:22:00,0.0421172520924381,-0.05354215102123733,0.8958298942209967,0.0
1970-01-01 07:23:00,0.02467213338098903,-0.12043721830019814,0.902753171266176,0.0
1970-01-01 07:24:00,0.01563562872068437,0.014231637993628496,0.9077564660706617,0.0
1970-01-01 07:25:00,0.030043274631165868,-0.064746466010932,0.9127353701509865,0.0
1970-01-01 07:26:00,0.010383734025759499,-0.0916540260052005,0.905894051873143,0.0
1970-01-01 07:27:00,0.015563451323263365,-0.05725293204651827,0.8853243703322481,0.0
1970-01-01 07:28:00,0.0386602448721858,-0.13756219126795552,0.9093013085889875,0.0
1970-01-01 07:29:00,0.04223331616073924,-0.15450698930832155,0.9059230145937046,0.0
1970-01-01 07:30:00,0.038799025919163635,-0.18322051102968526,0.9003879723317344,0.0
1970-01-01 07:31:00,0.03616749603243657,-0.25265577762928326,0.8805589272343172,0.0
1970-01-01 07:32:00,0.03855298099570179,-0.2210685523664303,0.8863572301739895,0.0
1970-01-01 07:33:00,0.026837745419832897,-0.04072942935339596,0.8944125551067178,0.0
1970-01-01 07:34:00,0.04328504897538837,-0.0022176714920407923,0.8939834348073775,0.0
1970-01-01 07:35:00,0.03125079985259913,-0.0022839901136185357,0.8938682650042402,0.0
1970-01-01 07:36:00,0.02348341296504707,-0.0028327596972683258,0.892582630405745,0.0
1970-01-01 07:37:00,0.018087172266680565,0.009817127141430607,0.8916566999842476,0.0
1970-01-01 07:38:00,0.030209045277422936,0.014684211556178745,0.892274816364888,0.0
1970-01-01 07:39:00,0.04218340738057374,-0.0043480421432146865,0.8961747023212255,0.0
1970-01-01 07:40:00,0.0514269055636892,-0.14830906986316175,0.9070203611634396,0.0
1970-01-01 07:41:00,0.044508934992997067,-0.1472028456379971,0.9056523564527997,0.0
1970-01-01 07:42:00,0.04642226021408324,-0.030942209628968372,0.9059881756574505,0.0
1970-01-01 07:43:00,0.03729474697666504,-0.012470402313372831,0.9049680675047851,0.0
1970-01-01 07:44:00,0.04000243676520183,-0.08990639824971026,0.9098035471139511,0.0
1970-01-01 07:45:00,0.025417151817900763,0.03869860667537787,0.8760315583737396,0.0
1970-01-01 07:46:00,0.022094222245403333,-0.019939882269598058,0.8666150058046823,0.0
1970-01-01 07:47:00,0.051470431787152236,-0.04154331333012416,0.8946688768695285,0.0
1970-01-01 07:48:00,0.052077935138746166,-0.04740066444054627,0.9008626844712885,0.0
1970-01-01 07:49:00,0.062339407158910794,-0.05357213848485657,0.8777600899509949,0.0
1970-01-01 07:50:00,0.06326367345891841,-0.03967337434497704,0.8858721669806374,0.0
1970-01-01 07:51:00,0.057789523370059236,-0.1206433983720495,0.9066482087484545,0.0
1970-01-01 07:52:00,0.05232986150908677,-0.12888113573373042,0.9102870458483577,0.0
1970-01-01 07:53:00,0.05019020168427304,-0.1600448243440843,0.9025269316212757,0.0
1970-01-01 07:54:00,0.051126424288847304,-0.19494647981176905,0.8951821340406845,0.0
1970-01-01 07:55:00,0.057921737240925836,-0.1698621015729204,0.9001849298367137,0.0
1970-01-01 07:56:00,0.053399915602204334,-0.22631908008475443,0.8763669392601513,0.0
1970-01-01 07:57:00,0.041723239108563036,-0.17402731724457976,0.8971233646009336,0.0
1970-01-01 07:58:00,0.056493626991637465,-0.1892933476310998,0.8871017777648306,0.0
1970-01-01 07:59:00,0.06217590469396126,-0.15514812268131714,0.9002537458002369,0.0
1970-01-01 08:00:00,0.04685938622560176,-0.12841864639659004,0.904050148192025,0.0
1970-01-01 08:01:00,0.048018954357762066,-0.21544177553416713,0.8802036062397097,0.0
1970-01-01 08:02:00,0.05105837005822173,-0.14397368509114442,0.8722119386019994,0.0
1970-01-01 08:03:00,0.06383106165041098,-0.25257559093143717,0.8597856704731571,0.0
1970-01-01 08:04:00,0.05380403869655861,-0.12689273776233417,0.7710073119574296,0.0
1970-01-01 08:05:00,0.19779829820747752,-0.3426898102086324,0.5245475746570598,0.0
1970-01-01 08:06:00,0.28383251634585516,-0.4139535416403238,0.4915438161793108,0.0
1970-01-01 08:07:00,0.35304894373231727,-0.13763768523292289,0.5520469124593511,0.0
1970-01-01 08:08:00,0.3321922781321705,-0.053379246151305626,0.5276038193837542,0.0
1970-01-01 08:09:00,0.034188112228619436,-0.43005144648057825,0.47922782891940124,0.0
1970-01-01 08:10:00,0.0512505412799301,-0.3385180807435742,0.5691419643993881,0.00030928014137006663
1970-01-01 08:11:00,0.10783169984981629,-0.087402950331767,0.8255726122040746,0.0
1970-01-01 08:12:00,0.12327000998384834,-0.015144569652160933,0.8623587637483574,0.0
1970-01-01 08:13:00,0.10614745654508795,0.09340294951529153,0.8939966753898739,0.0
1970-01-01 08:14:00,0.09522723170460028,0.0787373688090491,0.888967449004033,0.0
1970-01-01 08:15:00,0.11727839806646294,0.09164721203699071,0.887600310814835,0.0
1970-01-01 08:16:00,0.10945768254398323,0.043921293179981426,0.8945468119833239,0.0
1970-01-01 08:17:00,0.08451172341421563,-0.16277403874029692,0.9042844259190926,0.0
1970-01-01 08:18:00,0.0922503096740026,-0.13206927739265942,0.908023459196753,0.0
1970-01-01 08:19:00,0.09348521571203366,-0.12493658356855324,0.9061715477785763,0.0
1970-01-01 08:20:00,0.0735048988839234,-0.1565269356523542,0.8891938842063015,0.0
1970-01-01 08:21:00,0.06147828948809623,-0.158872021345839,0.8944110277362386,0.0
1970-01-01 08:22:00,0.04442942556762853,-0.3822351449879758,0.6021456318418106,0.0
1970-01-01 08:23:00,0.032640513660567604,-0.53199237320643,0.4415882751354607,0.0
1970-01-01 08:24:00,0.02574528705964217,0.09718209656376482,0.6248398902920269,0.0
1970-01-01 08:25:00,0.022893823196603765,0.04676496475599934,0.6164332794197932,0.0
1970-01-01 08:26:00,0.028898489238806235,-0.5635552743037646,0.4394508364730407,0.0
1970-01-01 08:27:00,0.04406523740966709,-0.5279747735009951,0.4409083423964059,0.0
1970-01-01 08:28:00,0.046962601662193904,-0.5382825213622707,0.4407281126798859,0.0
1970-01-01 08:29:00,0.0387373718280414,-0.5009687961920255,0.4407475335495524,0.0
1970-01-01 08:30:00,0.06800516581985162,-0.49925664409628245,0.46983845882451947,0.0
1970-01-01 08:31:00,-0.010708347694745301,-0.23228422897272138,0.875808970256938,0.0
1970-01-01 08:32:00,-0.021435355136874935,-0.2567649256491607,0.8662067258517671,0.0
1970-01-01 08:33:00,-0.03808555981834733,-0.2702563125472002,0.8680750236287248,0.0
1970-01-01 08:34:00,-0.035456553063539904,0.14242133105603916,0.5718830414538463,0.0
1970-01-01 08:35:00,-0.05145217644418704,0.3952528260167705,0.4000081426042092,0.0020675021887947335
1970-01-01 08:36:00,-0.0765248240496593,0.39202471608175626,0.3881369134897361,0.006667664928315633
1970-01-01 08:37:00,-0.0756493588133648,0.4035403373650293,0.3847722174748985,0.006934321672961134
1970-01-01 08:38:00,-0.07837269729464323,-0.0613822568166086,0.2572394393626502,0.007015852239979268
1970-01-01 08:39:00,-0.07738312847234047,0.013387006110426453,0.14786143856855252,0.0065063361196252
1970-01-01 08:40:00,-0.13587505836149183,0.3728984226169889,0.04989305709304107,0.006091001341860966
1970-01-01 08:41:00,-0.09780480437126993,0.2715167115582099,0.003908375843459193,0.0063036412171334
1970-01-01 08:42:00,-0.1523214388200036,0.5793907763300667,0.1739571802191969,0.017564807037329235
1970-01-01 08:43:00,-0.10457843772992093,0.6008540257538543,0.17488797934482617,0.018006991893452135
1970-01-01 08:44:00,-0.09532571736776825,0.5865174766637798,0.16837744972692104,0.016859987620880635
1970-01-01 08:45:00,-0.0566298849066957,0.5333183053815953,0.1597344614161267,0.017321484256468598
1970-01-01 08:46:00,-0.076552815868586,0.5210977785867289,0.1471029726877837,0.018061073703068368
1970-01-01 08:47:00,-0.0725239368426286,0.5221373339863696,0.14343508520367104,0.018296614714113434
1970-01-01 08:48:00,-0.07471957151389547,0.5291657370753061,0.16252385799891675,0.0175234717170891
1970-01-01 08:49:00,-0.07009653448217666,0.523178540347471,0.16347099627982453,0.017173453066493732
1970-01-01 08:50:00,-0.06785982638816307,0.5228581737775139,0.15937408290337687,0.017338259179787534
1970-01-01 08:51:00,-0.07752384362741,0.5370609149426697,0.16483615529358966,0.017294705208813835
1970-01-01 08:52:00,-0.17316731737183902,0.45667905344027765,0.1721767382757289,0.0069673297378351
1970-01-01 08:53:00,-0.3083492793072801,0.331259193428922,0.19469587052969348,0.01609821856678813
1970-01-01 08:54:00,-0.3238356564230905,0.2450852188083661,0.22750644530112063,0.006403204671302999
1970-01-01 08:55:00,-0.3319816537609876,0.15664644525044186,0.2556137237575498,0.009730432749483134
1970-01-01 08:56:00,-0.3370843144338392,0.17978783196097217,0.2586017729096131,0.009797372830788466
1970-01-01 08:57:00,-0.19963396898868313,0.08378618405729238,0.26500256787054477,0.003796365196472
1970-01-01 08:58:00,-0.07450230084399742,-0.026406898426995506,0.30052370263195943,0.003980613300417934
1970-01-01 08:59:00,-0.3124074336966251,-0.24385737375560979,0.5705765597655685,0.0033712859996115336
1970-01-01 09:00:00,-0.32603800772427566,-0.24977005708952685,0.5973904015588484,0.002321330964015967
1970-01-01 09:01:00,-0.3016412210043372,-0.27611035673178774,0.5936528012446619,0.0021766732245749
1970-01-01 09:02:00,-0.29733841952419665,-0.30516882934012984,0.566946650871026,0.0033008015144370332
1970-01-01 09:03:00,-0.1008057489035062,-0.05017957277672053,0.5146486427509446,0.0
1970-01-01 09:04:00,0.10314221301804798,-0.0033547736994306763,0.4136504977137321,0.0
1970-01-01 09:05:00,0.23717786425315712,0.025476996885814413,0.5141288580097062,0.0008321852177843666
1970-01-01 09:06:00,0.23359144761877126,0.016406064301230722,0.5076444049553429,0.0007955665546928
1970-01-01 09:07:00,0.13208451420083078,0.0675561622768883,0.49448737940179405,0.0
1970-01-01 09:08:00,0.054164723481454034,0.09527892701705336,0.4751888005239319,0.0079623096637232
1970-01-01 09:09:00,0.0711008464829782,0.10089222600030241,0.49976904000483363,0.0018517983994569334
1970-01-01 09:10:00,0.016044604668068663,0.16634676436708384,0.5074530891590548,0.008002417208122234
1970-01-01 09:11:00,0.005377295230468537,0.1670886364066523,0.5172929492532676,0.004889760486036867
1970-01-01 09:12:00,-0.11187081646155896,0.17017943637728647,0.5332297823352086,0.0
1970-01-01 09:13:00,-0.3439571763289933,-0.11059465634644854,0.5632112219179619,0.005078496155245767
1970-01-01 09:14:00,-0.32709858468774394,-0.012037350119364904,0.5657595839294461,0.0
1970-01-01 09:15:00,-0.20656742121550906,0.05959602658042349,0.495669328135014,0.0
1970-01-01 09:16:00,-0.05226717882411583,-0.16321878274319343,0.25518795490689855,0.018110829064651366
1970-01-01 09:17:00,-0.0544308391720672,-0.15585752581216203,0.2507484452514895,0.0208189360946833
1970-01-01 09:18:00,-0.0864563372293848,-0.17875239896206915,0.2595666664508792,0.02220711341296
1970-01-01 09:19:00,-0.08900968519220627,-0.2272074374320927,0.2727151549138037,0.019777530801166066
1970-01-01 09:20:00,-0.06912621003538603,-0.21647062469888212,0.2645608307492788,0.017416223209053467
1970-01-01 09:21:00,-0.0706446255497546,-0.1280829909229258,0.23351609180892455,0.024406040264830935
1970-01-01 09:22:00,0.03447658445049217,-0.1220140766057084,0.30067879985499085,0.0
1970-01-01 09:23:00,0.28313582423703393,-0.0353606927944986,0.5197903719420223,0.0
1970-01-01 09:24:00,0.28001142206874613,-0.003901512100192702,0.526530290352791,0.0
1970-01-01 09:25:00,0.26919081698208025,0.09219805282683646,0.5129430857927707,0.0
1970-01-01 09:26:00,0.286267426562263,-0.009301096623834229,0.5235450531808148,0.0
1970-01-01 09:27:00,0.26814801623025447,0.13068595679654385,0.5041039197249143,0.0
1970-01-01 09:28:00,0.26903066404068937,0.04364547755489079,0.5223196569950737,0.0
1970-01-01 09:29:00,0.20521136528403594,0.08103058929810601,0.4283546382970919,0.0
1970-01-01 09:30:00,-0.07057185033710527,-0.359337825413359,0.3687932653818682,0.0
1970-01-01 09:31:00,-0.054284594226135595,-0.34848541536043093,0.2583391798243058,0.0178587061971512
1970-01-01 09:32:00,-0.04890319341167243,-0.3646090852052964,0.27359601947697443,0.0102121835741152
1970-01-01 09:33:00,-0.05593259498264613,-0.3858227192620802,0.2560840931748591,0.0189736037865209
1970-01-01 09:34:00,-0.07185271342081456,-0.29523043157505374,0.2712160458461996,0.0227155168627536
1970-01-01 09:35:00,-0.08663758074037527,-0.26584079610938544,0.26211806297324886,0.023300152433345298
1970-01-01 09:36:00,-0.0838885098300771,-0.2639842549266361,0.2673673689468926,0.02266040576794877
1970-01-01 09:37:00,-0.0823346298064276,-0.2752160759348457,0.2669618099387379,0.023140828369702163
1970-01-01 09:38:00,-0.0824001609051336,-0.3715930424105503,0.3006936217548266,0.0
1970-01-01 09:39:00,-0.07217544573011113,-0.3605690524356526,0.245424207089049,0.0216584683631194
1970-01-01 09:40:00,0.10012663959551837,-0.06031071278794201,0.04328675156823517,0.023384139872563367
1970-01-01 09:41:00,0.22751118321958394,-0.093613517142297,-0.03793374624260126,0.02266588996038123
1970-01-01 09:42:00,0.23885581731088737,-0.0511887204680066,-0.023680500260023784,0.020981527846047135
1970-01-01 09:43:00,0.2250920975239262,-0.05723613226292915,-0.05438476707903647,0.024072482725083902
1970-01-01 09:44:00,0.2223300153410113,-0.028549996490155993,-0.03860602527086727,0.02423737724552613
1970-01-01 09:45:00,-0.004094814529082597,0.07717346304663364,-0.07953341090891826,0.023032356790717134
1970-01-01 09:46:00,-0.04941591667537413,0.07142482524693013,-0.05621111780052179,0.0226400440057035
1970-01-01 09:47:00,-0.017966167431345326,0.05342489273423231,-0.03408235851356986,0.023626378215294536
1970-01-01 09:48:00,-0.04445780420817366,0.13551441871894285,0.006181561664497959,0.02450624190877727
1970-01-01 09:49:00,-0.026409164649519437,0.09074329562861545,0.03182956460568075,0.014704129050540568
1970-01-01 09:50:00,-0.03700432306389983,0.07559944639600102,0.029614176101972547,0.022072811767045435
1970-01-01 09:51:00,-0.039299203854470666,0.04523475309174959,0.0182342410432028,0.022066319840806033
1970-01-01 09:52:00,-0.02629521930871873,0.054850022678607245,0.013413259652711626,0.0224492004149601
1970-01-01 09:53:00,-0.0285380725916236,0.07250069179287529,0.008644640433387496,0.022308382224352663
1970-01-01 09:54:00,-0.04581202273695973,0.08748428769972201,0.01946497122474478,0.023236436370529034
1970-01-01 09:55:00,-0.29067471383635585,-0.27219044391568054,-0.22580686632939093,0.0214482931185261
1970-01-01 09:56:00,-0.5679800945041433,-0.15472813809741495,-0.46363034518977425,0.026222092595144034
1970-01-01 09:57:00,-0.3698649058729461,0.22047045405550558,-0.27080089104028976,0.02698377508150503
1970-01-01 09:58:00,-0.1678523004219223,0.12752637677088177,-0.08949843446211743,0.02294316348803323
1970-01-01 09:59:00,-0.03330332810788317,0.10892792570252381,0.010352422699543997,0.0222231920974111
1970-01-01 10:00:00,-0.05227276136338036,0.09151389439759698,0.019572709847891404,0.018784862443692932
1970-01-01 10:01:00,-0.04646229625158083,0.0874306664726497,0.03214986060131333,0.017053329698563234
1970-01-01 10:02:00,0.19372887324279844,0.0001632250563967652,0.05657436224021884,0.01840061614150103
1970-01-01 10:03:00,0.2459831550825029,-0.11330430434789725,-0.022008599399247736,0.021448809963209668
1970-01-01 10:04:00,0.07769667376820162,0.041554860054520804,0.019121855707254113,0.022199501479161967
1970-01-01 10:05:00,-0.02563658517230134,0.10141264907596648,0.001665285627045927,0.024559203988876736
1970-01-01 10:06:00,0.0043745920559431955,0.10347983292942405,0.007346807101133108,0.022733227633936298
1970-01-01 10:07:00,0.0015019492213881696,0.0926317754112556,0.0005852897162178702,0.023574546220718366
1970-01-01 10:08:00,0.10578126834353167,0.036089387159863984,0.011253807299657512,0.021767762388869
1970-01-01 10:09:00,0.0820758901007641,0.08846183698923642,0.007462334302218955,0.02100420022150243
1970-01-01 10:10:00,0.10736096871020502,-0.13068113398791373,0.14756467689067554,0.0210127699507739
1970-01-01 10:11:00,0.047762069637586474,-0.22220476405521425,0.21114723527736232,0.019655557920997598
1970-01-01 10:12:00,0.26994398504717826,-0.14917627489215132,-0.0157566505689236,0.0214288931575807
1970-01-01 10:13:00,0.2796626144658137,-0.18136986327905866,-0.00751357033267954,0.017757903597869266
1970-01-01 10:14:00,0.21446139547766116,-0.047885606853549666,-0.025438196858566367,0.019794861718831634
1970-01-01 10:15:00,0.11987645030040335,0.05908884121392466,-0.02905286576510671,0.020093101923561566
1970-01-01 10:16:00,0.2774304339430147,-0.1128899030154797,-0.019702998258595384,0.0192369995740127
1970-01-01 10:17:00,0.2761241021722982,-0.10163566895471514,-0.018918253513559035,0.0211107425365524
1970-01-01 10:18:00,0.27974047989930434,-0.11257629037877015,-0.01128830631674572,0.021349403704958265
1970-01-01 10:19:00,0.13592023736823325,0.047419805587661235,-0.026291703620265894,0.021023072507661434
1970-01-01 10:20:00,0.17261288770456074,0.09584486659989261,-0.047802279093002276,0.021251407834078168
1970-01-01 10:21:00,0.2598696995246858,0.0006876604687011864,-0.05739001179278358,0.026165934305254768
1970-01-01 10:22:00,0.277613426942688,-0.0469712743792326,-0.051186230765247004,0.017713393169187932
1970-01-01 10:23:00,0.29679670222192084,-0.14281788199302894,-0.0398735000075526,0.023086205253943465
1970-01-01 10:24:00,0.2859928711272498,-0.1273846542367799,-0.02755960318847531,0.02246905281770943
1970-01-01 10:25:00,0.2828290834850953,-0.10709665923886097,-0.03637339400197236,0.022592659916294
1970-01-01 10:26:00,0.30476302091810165,-0.1628662974684589,-0.06697889760670145,0.02282818499709963
1970-01-01 10:27:00,0.26606055094971454,-0.09588297879506298,-0.04215667274108309,0.023221585175384002
1970-01-01 10:28:00,0.2548626277485648,-0.0876349254257106,-0.04212679292389828,0.023799140735958266
1970-01-01 10:29:00,0.2694746033875309,-0.10814164780258088,-0.03996317317589474,0.0222250225467555
1970-01-01 10:30:00,0.2214988235972152,-0.06358353876396872,0.005244612596807592,0.021152272181637566
1970-01-01 10:31:00,0.2297031342940762,-0.06143831946547714,-0.0010266492094626902,0.020466860081824967
1970-01-01 10:32:00,0.2293585026063417,-0.02717834769127488,-0.009294774275547606,0.0232533949182881
1970-01-01 10:33:00,0.24487908706117334,-0.07772994712292629,-0.0035892869088233075,0.020642677452780065
1970-01-01 10:34:00,0.2574507105344325,-0.04272845351310169,-0.02456153340713264,0.017871858653128864
1970-01-01 10:35:00,0.18477229120368185,0.06927763480051301,-0.03778049669953108,0.01673969871560217
1970-01-01 10:36:00,0.0017046085837936025,0.12683012129675886,-0.022542194536693577,0.018691213584435335
1970-01-01 10:37:00,0.001289557778721399,0.18236951544048996,-0.0456739068747721,0.018808239729810664
1970-01-01 10:38:00,0.04917477735334483,0.2701170464436351,-0.032185283458382195,0.0032359542539380334
1970-01-01 10:39:00,0.38646363250927857,0.3242840013281494,0.20136022287605815,0.003901585240616267
1970-01-01 10:40:00,0.3765392843208926,0.32544704864503704,0.19931815889076623,0.004274386542860334
1970-01-01 10:41:00,0.35788498760473203,0.32326124571209786,0.19796783526355197,0.0038053817473167662
1970-01-01 10:42:00,0.3568498881196711,0.30156556092632325,0.1977832156212845,0.0040970503600326
1970-01-01 10:43:00,0.37331888885145514,0.13050399082611344,-0.14064459619696215,0.004443084047481533
1970-01-01 10:44:00,0.23368038142538639,0.04407005481340135,-0.3153453192467292,0.012444516423062532
1970-01-01 10:45:00,-0.04486125915609631,-0.11678352051814304,-0.46550275641482114,0.0352350867820616
1970-01-01 10:46:00,-0.0329971939625733,-0.08151588191505565,-0.4687646802893279,0.030402162447953202
1970-01-01 10:47:00,-0.030363984918366633,0.4335390275222239,-0.5588913495400492,0.0295006006475798
1970-01-01 10:48:00,-0.06298229150148173,0.44748324313140303,-0.5530612449262978,0.030255206049246235
1970-01-01 10:49:00,-0.05059919521445813,0.6301125848853841,-0.5368877469687259,0.0242877178299582
1970-01-01 10:50:00,-0.05327446231825824,0.6154456383837518,-0.5319092980650341,0.0186874305999984
1970-01-01 10:51:00,-0.026544552215936396,0.32193061079822693,-0.5181047618354017,0.023375621813042032
1970-01-01 10:52:00,-0.03441489079806803,0.29759161164132186,-0.5158104389602066,0.027105207543680832
1970-01-01 10:53:00,-0.0391761462271381,0.4115036749261447,-0.5481422218607783,0.022544446005815105
1970-01-01 10:54:00,0.30644346633785,0.759866403838405,-0.20217012034465565,0.005223868511565067
1970-01-01 10:55:00,0.3890127693913004,0.8537311122654634,-0.09205968640150702,0.0050843829371308
1970-01-01 10:56:00,0.42259812562455096,0.8095869843145332,-0.12678561747036693,0.004665790807466967
1970-01-01 10:57:00,0.4403070962410058,0.7877874940762002,-0.11997574009697483,0.0048310392263772334
1970-01-01 10:58:00,0.4276609172965129,0.7948105340418468,-0.11537091028852935,0.005110100621871333
1970-01-01 10:59:00,0.4854125057737742,0.6644485609217325,-0.1267185446647634,0.004965944336015466
1970-01-01 11:00:00,0.4420832536370906,0.7712313223578136,-0.1366004900532779,0.004638846379866834
1970-01-01 11:01:00,0.42143837287298197,0.7832827406699875,-0.1382638470800722,0.0059659045457819
1970-01-01 11:02:00,0.47675662479451003,0.6908112035757593,-0.12334759755750192,0.0050576179779939666
1970-01-01 11:03:00,0.4812686572088676,0.7042130783451576,-0.10710769438672124,0.004699391385479733
1970-01-01 11:04:00,0.4779272041556922,0.7015325322916355,-0.10295590693842926,0.0045332943388106004
1970-01-01 11:05:00,0.49932580684312505,0.6184468461791283,-0.12810277726528252,0.0051147479801438665
1970-01-01 11:06:00,0.4566937699035876,0.7722756755515169,-0.11743771565257353,0.0044139548281872335
1970-01-01 11:07:00,0.46295102277596367,0.6179351231700698,-0.06171059222323643,0.0
1970-01-01 11:08:00,0.5463744411497968,0.5253127482333121,-0.0723313702070912,0.0033635701063864667
1970-01-01 11:09:00,0.5474270355216867,0.5717837862929207,-0.06743572299042551,0.0028672883281325
1970-01-01 11:10:00,0.537478343945547,0.3248352823743846,0.126813261864533,0.0
1970-01-01 11:11:00,0.5407620902463872,-0.06629452254332645,0.3347319495154493,0.0
1970-01-01 11:12:00,0.5321657754006464,-0.03471755825609624,0.3484153480705366,0.0
1970-01-01 11:13:00,0.5391786359517361,-0.008312125682761101,0.3378153261411379,0.0
1970-01-01 11:14:00,0.4877889399903104,0.026187970931503556,0.37081062507687435,0.0
1970-01-01 11:15:00,0.09248471038761252,-0.17183996340845034,-0.01276391141170304,0.0
1970-01-01 11:16:00,0.06884840178221863,-0.043462611060027335,-0.04710314464340041,0.0007840191948385
1970-01-01 11:17:00,0.0231319679419896,-0.1824616190783329,-0.07221909330433152,0.022728140397596432
1970-01-01 11:18:00,0.013904940447554701,-0.12192233317763863,-0.06081947775663055,0.008242827698563467
1970-01-01 11:19:00,0.0198847103485788,-0.1966878939486715,-0.06697474032678845,0.0228115029735815
1970-01-01 11:20:00,-0.005971422466328501,0.026438436793805004,-0.046570901549138045,0.006845395003117601
1970-01-01 11:21:00,-0.004129197696112201,-0.07497071524561323,-0.05705996153049401,0.005381374122996933
1970-01-01 11:22:00,0.0249123496059746,-0.4462180713408983,-0.17084222107854877,0.031706087931236436
1970-01-01 11:23:00,0.1673328693197028,-0.3303702157203078,0.03459297228857686,0.0
1970-01-01 11:24:00,0.37695955721781244,-0.16205817684810198,0.5257402925322441,0.0
1970-01-01 11:25:00,0.42681184384426923,0.16903256848271184,0.3104387713926274,0.0
1970-01-01 11:26:00,0.4089501534154758,0.2697864839359308,0.2659171694514036,0.0006337810166643999
1970-01-01 11:27:00,0.4098439047646371,0.19073344629271682,0.2337507943675162,0.0007722682152959667
1970-01-01 11:28:00,0.38828895581219375,0.22919155290951854,0.2499450753529743,0.0012749635886909001
1970-01-01 11:29:00,0.32906199451700396,0.22232137196346202,0.2546182288598439,0.0
1970-01-01 11:30:00,0.38063051195860526,0.2510664920865974,0.2604015008555972,0.001998035173349033
1970-01-01 11:31:00,0.3665909444007696,0.16286978950209355,0.22688731741685172,0.0
1970-01-01 11:32:00,0.38012049644623197,0.23300761524684557,0.2359590483989651,0.0023335753446246665
1970-01-01 11:33:00,0.3692459121610075,0.2345048571866506,0.262271777807988,0.0020197978159353
1970-01-01 11:34:00,0.6100084435598678,-0.01504337071754458,0.19226211187931444,0.0
1970-01-01 11:35:00,0.6919701157864182,-0.10417692889301784,0.11916135155226702,0.0
1970-01-01 11:36:00,0.4222693624145685,0.03054601890175172,0.060831915879582,0.0
1970-01-01 11:37:00,0.0841041013424955,-0.1558032341946786,-0.17818879890552616,0.0208950678249411
1970-01-01 11:38:00,0.29002367546989855,-0.3452502613231852,-0.17109275704060478,0.024313655772070134
1970-01-01 11:39:00,0.2610600990981073,-0.1886387864382253,-0.07437880864832906,0.023968256315155003
1970-01-01 11:40:00,0.2332789836651613,-0.15130902693015913,-0.07829500678651495,0.026094169522647603
1970-01-01 11:41:00,0.20163529612794043,-0.09840831946255546,-0.04893793467682587,0.02666896457296487
1970-01-01 11:42:00,0.2313372094723267,-0.10935585491309059,-0.05654483307762533,0.026492871145500266
1970-01-01 11:43:00,0.25746332619403045,-0.1176264714224034,-0.07732115132310069,0.0260091148177317
1970-01-01 11:44:00,0.24403039163914755,-0.08750243826996064,-0.06888060534850753,0.02675510725674
1970-01-01 11:45:00,0.25488886128740823,-0.1076915857026161,-0.07966025346392787,0.026776700812118536
1970-01-01 11:46:00,0.2562726101301939,-0.0949615822068603,-0.08817534051258147,0.026522044015786433
1970-01-01 11:47:00,0.27089285847695216,-0.07622279941435813,-0.09272806439744596,0.024987742306486666
1970-01-01 11:48:00,0.25417116652299143,-0.041484328979761974,-0.08072417995377845,0.025932039223068932
1970-01-01 11:49:00,0.09874282042152926,0.1346161656086685,-0.062034243039236846,0.027019715570346502
1970-01-01 11:50:00,0.05689020706443424,0.14718116301081557,-0.0528018380774203,0.0220987802287437
1970-01-01 11:51:00,0.0775830800834176,0.08730121108249085,-0.05715113509588521,0.025412026227416003
1970-01-01 11:52:00,0.27475606356205706,-0.11303443718697792,-0.0962542402232105,0.025948806700499802
1970-01-01 11:53:00,0.242929048951947,-0.08565880460408443,-0.07098735161916107,0.027537155510952035
1970-01-01 11:54:00,0.21917458832065304,-0.08285750322700927,-0.07785689759159642,0.028089562137116567
1970-01-01 11:55:00,-0.012146823005124907,0.1701223231165795,-0.043319760303310896,0.0271638643838716
1970-01-01 11:56:00,-0.018977908165498977,0.17094063967468354,-0.04718346140317949,0.026028340599171168
1970-01-01 11:57:00,-0.028895311147555672,0.21528312314072465,-0.06008060470114529,0.02896858987393237
1970-01-01 11:58:00,-0.03072941705948709,0.19010389966742594,-0.04047537838327734,0.024503031407802033
1970-01-01 11:59:00,-0.004056721391077068,0.11848891367772503,-0.04416924128056895,0.0270038567482536
1970-01-01 12:00:00,0.0020824102253003316,0.10277594300927471,-0.07361509643540724,0.024583023345166835
1970-01-01 12:01:00,-0.0030467125628055314,0.14029559310278164,-0.052410912155090715,0.026531212892740668
1970-01-01 12:02:00,-0.0393882959062934,0.14686842088105803,-0.05330186478111609,0.020402193602246165
1970-01-01 12:03:00,0.06548904064639449,0.045942595313577216,0.14075331935030722,0.0
1970-01-01 12:04:00,0.018402317597417568,0.21894953832893937,-0.037935668099495334,0.0020897608208261666
1970-01-01 12:05:00,0.331577187802017,-0.01685677677995273,-0.054307440998319,0.0
1970-01-01 12:06:00,0.5479056393603713,0.02395001762806596,0.0020035054669748087,0.009614108029373
1970-01-01 12:07:00,0.1864063575905319,0.2288898071836707,0.0016163288514281875,0.0
1970-01-01 12:08:00,0.24630413790311664,-0.04747418725758803,-0.07750915613084482,0.025231162053296997
1970-01-01 12:09:00,0.2359910867367073,-0.05377585712325769,-0.06921073315940866,0.026962926811241367
1970-01-01 12:10:00,0.021238388206239276,0.07840588076234428,-0.06983764287825918,0.025575607582043466
1970-01-01 12:11:00,0.035802960614158635,0.1679457755736462,-0.047579087445702495,0.0024533241532635
1970-01-01 12:12:00,0.3292415588705148,0.08425585757824271,-0.027035927529945842,0.0
1970-01-01 12:13:00,0.03276083716237064,0.11670821666388924,-0.07166605706714661,0.026565825299803034
1970-01-01 12:14:00,0.08244102333427038,0.05970570045053717,-0.06024245202505726,0.025223306310191634
1970-01-01 12:15:00,0.45516063758492153,0.050223078112662,-0.03268586986075236,0.0
1970-01-01 12:16:00,0.3121320606613733,-0.06653050497099693,-0.04206370881426961,0.0
1970-01-01 12:17:00,-0.023084705373349505,0.15809556916804296,-0.04038586705551572,0.025790991354920134
1970-01-01 12:18:00,-0.020338421336983433,0.16131461382376489,-0.049756692917208856,0.02884320744353723
1970-01-01 12:19:00,-0.03428778912654387,0.16910992353150747,-0.04943924261845108,0.02850902696621713
1970-01-01 12:20:00,-0.028326481166394805,0.13287281034132165,-0.03725447435258374,0.02813913431328127
1970-01-01 12:21:00,-0.00824060159778113,0.12034680564712397,-0.040559171343859446,0.027446080929993635
1970-01-01 12:22:00,-0.0246517988718253,0.0668709332241562,0.0013752470766196605,0.0243481237716012
1970-01-01 12:23:00,-0.01972433322647739,-0.3116003448232126,0.2225177633523873,0.0238505973473053
1970-01-01 12:24:00,-0.04540634356473178,-0.2127290457379921,0.2513952411316756,0.0174068931362617
1970-01-01 12:25:00,-0.047737875703639736,-0.27386628986803263,0.2269140345993582,0.0265215992028834
1970-01-01 12:26:00,-0.007822676004772636,-0.3744209592875345,0.19934254287156983,0.024845237131475198
1970-01-01 12:27:00,0.0037630446601576023,-0.3587311921319747,0.22221481127230427,0.0243893696917443
1970-01-01 12:28:00,-0.006137892028918693,-0.3497622189248619,0.22447902842783743,0.025562012461273032
1970-01-01 12:29:00,-0.0030578688499343317,-0.24348342598188846,0.2236373090550884,0.015172244049842935
1970-01-01 12:30:00,-0.03381730854184443,-0.3246707365488195,0.17208706510738667,0.024618926555422267
1970-01-01 12:31:00,-0.037787478595819234,-0.2740109841327634,0.21622136905262837,0.026859913395775332
1970-01-01 12:32:00,-0.045713699714699574,-0.28580738393133576,0.22212958197656982,0.02635007513713193
1970-01-01 12:33:00,-0.05611641437395867,-0.16288940092307916,0.21028364045280834,0.0257428919128726
1970-01-01 12:34:00,-0.0445900708274427,-0.20112398736978063,0.21072068419723836,0.025563689748016597
1970-01-01 12:35:00,-0.003708863259389595,-0.3371396680056184,0.20418129300913426,0.025501682596687367
1970-01-01 12:36:00,-0.03608854925669477,-0.2591338102022445,0.2120203045192364,0.023372627301898135
1970-01-01 12:37:00,-0.07668720121535554,-0.1375728674854002,0.22788071513036798,0.026049576147091635
1970-01-01 12:38:00,-0.32707247422850644,-0.017806950126703525,0.006198352624730563,0.020753819651353166
1970-01-01 12:39:00,-0.3585820401609703,-0.06426813744959765,0.00393717672344029,0.025027142352916833
1970-01-01 12:40:00,-0.36032336163290407,-0.06920974526409093,-0.001225686150114776,0.02586705426384057
1970-01-01 12:41:00,-0.35845846823671335,-0.11857501381934787,-0.02698267523558597,0.024470220989505034
1970-01-01 12:42:00,-0.35138396678160205,-0.03304715547365026,-0.009226005515526983,0.02136732119882227
1970-01-01 12:43:00,-0.3443874802137885,0.008334463691613336,0.019499874843284377,0.0175338408855742
1970-01-01 12:44:00,-0.350981725046937,-0.10320701404952994,0.03702736481456304,0.02099765424334697
1970-01-01 12:45:00,-0.34672091129518656,-0.15077040325512128,0.053845804229002266,0.013616598198233234
1970-01-01 12:46:00,-0.23341085467141162,-0.18064299998004038,0.10855501446854791,0.02330246102874273
1970-01-01 12:47:00,-0.011226671080512368,-0.24563143690612235,0.27545723335685407,0.0220471502009422
1970-01-01 12:48:00,-0.013499942608858964,-0.17264894452993226,0.268735690595336,0.02336782048021553
1970-01-01 12:49:00,-0.00718573025318323,-0.19271544053481157,0.2711897332651445,0.021307666815496836
1970-01-01 12:50:00,0.1268719610227706,-0.3383525968717246,0.20977816511623393,0.01788773240552515
1970-01-01 12:51:00,0.0022367168854139953,-0.2933712363466838,0.17587358510872453,0.0159437120750433
1970-01-01 12:52:00,-0.24915972322301327,-0.3808925981370215,0.05925585498760294,0.016900337436716425
1970-01-01 12:53:00,-0.25634541391489457,-0.19345187440738734,0.206669586877642,0.00835212133468365
1970-01-01 12:54:00,-0.24146975780323074,-0.3012039378300505,0.172084613896927,0.003417393346082875
1970-01-01 12:55:00,-0.24254969562826673,-0.2403609950905449,0.2159055809915001,0.017078797052616376
1970-01-01 12:56:00,-0.25539282392059454,-0.22070944323419964,0.16405064011995624,0.019154311752667724
1970-01-01 12:57:00,-0.2603649608693097,-0.12029770455241395,0.20474131705055248,0.0184709751790546
1970-01-01 12:58:00,-0.13747790428761225,-0.13233977992359544,0.263012296242709,0.018602744430761976
1970-01-01 12:59:00,-0.023251172738089604,0.05767368207618864,0.16489241343956548,0.020431188988295473
1970-01-01 13:00:00,-0.02521254955600328,0.0522149806249767,0.18730835040751453,0.019649740789920427
1970-01-01 13:01:00,-0.037775168437385716,0.04864811591137466,0.2025660329798735,0.019651228906781275
1970-01-01 13:02:00,-0.0150961378405641,0.07486804795587979,0.20865443516018983,0.020335402333407124
1970-01-01 13:03:00,-0.05027988275992362,0.038288820530679585,0.2092400097832631,0.020255081526694776
1970-01-01 13:04:00,-0.03617263900168037,0.059426905590447276,0.20957270344170184,0.01235570033525355
1970-01-01 13:05:00,-0.03282036593244212,0.08622192754661381,0.20380945921779212,0.01885064777861105
1970-01-01 13:06:00,-0.04422834865729809,0.10105521591976396,0.184909928636396,0.02221759908924635
1970-01-01 13:07:00,-0.048596048255314654,0.09009736446155728,0.1864385331498061,0.02228897087148315
1970-01-01 13:08:00,-0.045749764237058906,0.09832530611857249,0.19247425116363373,0.022714109676141375
1970-01-01 13:09:00,-0.047507532221322125,-0.17888884842532438,0.2548581777505886,0.026194318073749667
1970-01-01 13:10:00,-0.035650922135352474,-0.273023869272605,0.2825517242495452,0.01873266814210923
1970-01-01 13:11:00,-0.021829398890651507,-0.29453175469078874,0.3026782862808819,0.015154132489513967
1970-01-01 13:12:00,-0.0686582086256041,-0.17016244648298362,0.2663852933306575,0.024478112312923166
1970-01-01 13:13:00,-0.021102956682820237,-0.28875741192143617,0.2782350583381346,0.020556996647211435
1970-01-01 13:14:00,-0.023271619337608674,-0.1730602840792775,0.2841785120484918,0.017342866417567934
1970-01-01 13:15:00,-0.0387690384523423,-0.06823104530446772,0.2745540213068519,0.013450974140474366
1970-01-01 13:16:00,-0.001981502531317597,-0.2595273794027784,0.29841168305572274,0.0012099466476601
1970-01-01 13:17:00,-0.005228324950407796,-0.3804561639734762,0.3626741606947494,0.014531343437486735
1970-01-01 13:18:00,-0.013070737649115862,-0.3164883013931525,0.3028037801643868,0.01636713628822953
1970-01-01 13:19:00,-0.012565829940384668,-0.24545965686761204,0.25456335141632086,0.019415687286793066
1970-01-01 13:20:00,-0.0017724518208092298,-0.26076914256093825,0.2134143655633455,0.024068307856402765
1970-01-01 13:21:00,0.05972733264130594,-0.17475006814868732,0.18389429301560786,0.025158708777061767
1970-01-01 13:22:00,0.2523744328542314,-0.017873849086249265,-0.053976524214587644,0.025130678175924764
1970-01-01 13:23:00,0.29000249698629477,-0.03408824176482711,-0.055213923576719996,0.023074451717217868
1970-01-01 13:24:00,0.28766870545747963,-0.14063865288845073,-0.12178308803696009,0.02488431454895153
1970-01-01 13:25:00,0.2833453936401669,-0.07809900204722824,-0.07219326624501803,0.025205241622719966
1970-01-01 13:26:00,0.27355434945629925,-0.03829590215476245,-0.06201268452523525,0.0244544655045998
1970-01-01 13:27:00,0.26453318578972174,0.00667544754033141,-0.0532287735289231,0.025551943544564932
1970-01-01 13:28:00,0.26212768280770776,0.0507401292246158,-0.05565731956393677,0.024067064067743532
1970-01-01 13:29:00,0.5394042057036275,0.13274344500360608,0.12097052694214093,0.0
1970-01-01 13:30:00,0.6408718415617051,0.1777822439787324,0.21691779604418468,0.0
1970-01-01 13:31:00,0.66512191739149,0.10725155944716587,0.20810008059660912,0.0
1970-01-01 13:32:00,0.6680850764847351,0.10389754619058973,0.22382719525958153,0.0
1970-01-01 13:33:00,0.6603459627409233,0.1338136782689314,0.22846517541361064,0.0
1970-01-01 13:34:00,0.6698909532099288,0.07208745113639357,0.21948387959923962,0.0
1970-01-01 13:35:00,0.6690827246040209,0.07666001403241196,0.22067293583128877,0.0
1970-01-01 13:36:00,0.6767508038324661,-0.004933242943093296,0.2235713859919426,0.0
1970-01-01 13:37:00,0.43975643368880607,0.0276472607693707,0.2425215827900885,0.0
1970-01-01 13:38:00,0.04834811318076323,0.11725364430130987,0.26446142691603064,0.0001546150175092
1970-01-01 13:39:00,0.032959900842005695,0.0918579847834504,0.2511663108871237,0.004969454870331
1970-01-01 13:40:00,0.032933939836575186,0.09458509295307249,0.2513087036245817,0.004907499628047267
1970-01-01 13:41:00,0.032076303560325724,0.09829675449113245,0.2513631157764356,0.004627973884157767
1970-01-01 13:42:00,0.136843387160388,0.2365708803641724,0.25438819270465823,0.0
1970-01-01 13:43:00,0.031848702994938104,0.09063144048820847,0.25106609785097284,0.0040159686043856665
1970-01-01 13:44:00,0.027371612001536667,0.07079125627917177,0.2455833031230917,0.005294364821493133
1970-01-01 13:45:00,0.025492810609886767,0.06815856309343733,0.2447660756248665,0.0054866498419786
1970-01-01 13:46:00,0.024450651630291476,0.0677984533785033,0.2458571845888926,0.005398009297455534
1970-01-01 13:47:00,0.024979621401963043,0.07619727454959581,0.24663745174453355,0.005410922192713133
1970-01-01 13:48:00,0.021074885741289795,0.09190291094683063,0.24487656553788253,0.005403953839094333
1970-01-01 13:49:00,0.010915464297161984,0.14257253911416864,0.24360946168586106,0.005382916881866633
1970-01-01 13:50:00,-0.14762500238620582,0.09040529879142534,0.11612704296759518,0.005388135048688833
1970-01-01 13:51:00,-0.37549818030934734,-0.05685584079486869,-0.008717482181352145,0.0160201828076025
1970-01-01 13:52:00,-0.36820374439001174,-0.03180079964088204,-0.02195863786335905,0.0164390113001209
1970-01-01 13:53:00,-0.0762010543551136,-0.06430469373866433,-0.05462923739100036,0.018797856877346933
1970-01-01 13:54:00,-0.07868347329937321,-0.13188774667570502,-0.03697893402083216,0.0182585819079252
1970-01-01 13:55:00,-0.0572272825435107,-0.2982836646680907,-0.002865043567484262,0.0100666986404457
1970-01-01 13:56:00,-0.05963656582770386,-0.14645617580436612,-0.044215129828513826,0.018749604397683698
1970-01-01 13:57:00,-0.4328027260754201,0.11601590348561751,-0.05025114286423302,0.032166912080315
1970-01-01 13:58:00,-0.4191266829248144,0.0838988996988242,-0.03912331496982213,0.029867691760823798
1970-01-01 13:59:00,-0.396897600597019,0.08595406655401465,-0.04814888092633232,0.030499533479586033
1970-01-01 14:00:00,-0.4001691356426806,0.12407754829733664,-0.05553455674022856,0.03138099244869983
1970-01-01 14:01:00,-0.39350375958876066,0.10649671985576208,-0.04907051582908776,0.031085643125762803
1970-01-01 14:02:00,-0.4280352375434546,0.16766093969548482,-0.05665626706069454,0.03268732621235893
1970-01-01 14:03:00,-0.23722315754810389,0.362208467171776,-0.04264518853348692,0.027178325107390166
1970-01-01 14:04:00,-0.1571628718208737,0.40213512902227794,-0.03290900756119202,0.0291364966352112
1970-01-01 14:05:00,-0.1390540111693652,0.3974712129254441,-0.0329332431881301,0.029713598654970932
1970-01-01 14:06:00,-0.09984747746668689,0.3879990466768189,-0.04133196685936478,0.027466675640025234
1970-01-01 14:07:00,0.22510487142873162,0.06405231176048613,-0.08806535635137965,0.026833432960998632
1970-01-01 14:08:00,0.2128968602767065,0.06003246074396873,-0.0848973135003096,0.0272980299993224
1970-01-01 14:09:00,0.2221199096624529,0.055122491354555235,-0.08730154298809502,0.026931930187700532
1970-01-01 14:10:00,0.2121635431937494,0.0675917129803381,-0.08533971821397052,0.0273752301693868
1970-01-01 14:11:00,0.20756724960209808,0.05362367849990591,-0.0821443917383621,0.026682925246702002
1970-01-01 14:12:00,0.20337747915711493,0.08619651774886229,-0.08665258249014397,0.0272339576051573
1970-01-01 14:13:00,0.20888719046065965,0.09083053643452015,-0.0893261214473295,0.027506957707578533
1970-01-01 14:14:00,0.22923790217542558,0.10032248420319052,-0.09994573620201157,0.026577419188914365
1970-01-01 14:15:00,0.24279639551105955,-0.004676763578744768,-0.08163237534499025,0.026225770336367665
1970-01-01 14:16:00,0.2605156652531026,-0.04185421438770767,-0.06909476764008383,0.027402239421083097
1970-01-01 14:17:00,0.2832916957664218,0.04745300492175827,-0.07696794774275544,0.024738896012257133
1970-01-01 14:18:00,0.2852892601863007,0.07475683568985973,-0.09531735858909544,0.026093130787722334
1970-01-01 14:19:00,0.2836585609058102,0.004149816703854931,-0.08851325690142185,0.0261214113878251
1970-01-01 14:20:00,0.2688469149805802,-0.1511412992515973,-0.09849166601930441,0.02662874246619343
1970-01-01 14:21:00,0.245047046766134,0.05283513928305345,-0.08955663638089933,0.0270082182563617
1970-01-01 14:22:00,0.23587262261609243,0.08383627322742183,-0.09241221227442124,0.02691437713209313
1970-01-01 14:23:00,0.27393418191130214,0.07214115241008213,-0.09054610271697972,0.02654763841339987
1970-01-01 14:24:00,-0.052814113822538956,0.0331508258475439,-0.07558705647588905,0.026683028532403164
1970-01-01 14:25:00,-0.0673207025490101,-0.03670019787403463,-0.0687052915396219,0.027111060981287734
1970-01-01 14:26:00,-0.031806126242720036,0.08390267189561573,-0.0713956079703249,0.027087285357295637
1970-01-01 14:27:00,-0.05146955704281083,0.08515608183644259,-0.07971077469849124,0.0277353982280901
1970-01-01 14:28:00,0.27900047256063,0.06684042545753113,-0.08173806398744977,0.027277606991029133
1970-01-01 14:29:00,0.2697066436101289,0.10057259986154576,-0.09151179197443345,0.027313088596560602
1970-01-01 14:30:00,0.25565133944554747,0.13110818268570154,-0.08062046711507302,0.0275379172886536
1970-01-01 14:31:00,0.07428689395098777,0.11393786330982858,-0.049379058152557415,0.026878841266714
1970-01-01 14:32:00,-0.06265721628397412,0.22881599419764495,-0.031657197644032777,0.029256327755333333
1970-01-01 14:33:00,-0.04689980029331733,0.2602936256370004,-0.0359131261342327,0.028857841903977166
1970-01-01 14:34:00,-0.05285263334346476,0.24641716448557846,-0.03282155970083222,0.0281245311557525
1970-01-01 14:35:00,-0.0645890210287362,0.23398605505496606,-0.055268949374108645,0.029041440277209504
1970-01-01 14:36:00,-0.10580467105144091,0.03993760822527653,0.08038327625755526,0.02754814933404383
1970-01-01 14:37:00,-0.042118526845498556,-0.21523107282849666,0.21750262721209104,0.02707765981696507
1970-01-01 14:38:00,-0.04692564701054244,-0.1959070592186348,0.23357585818665183,0.02742695610644433
1970-01-01 14:39:00,-0.025575862969623265,-0.18610036815480005,0.2335520878513829,0.02751123993687547
1970-01-01 14:40:00,-0.027784948483527666,-0.1477931894329709,0.23907769615617833,0.027035388201291834
1970-01-01 14:41:00,-0.046206035720834905,-0.14246618717863002,0.2526463632263675,0.026777992991608
1970-01-01 14:42:00,-0.059324405177408335,-0.15309335605920804,0.24591471217192218,0.027366309373459366
1970-01-01 14:43:00,-0.039986128717428966,-0.131299133888808,0.2441368596777431,0.0269148118306337
1970-01-01 14:44:00,-0.03205938011452359,-0.12161282293001284,0.24314345522086922,0.02627898542815177
1970-01-01 14:45:00,-0.02775096972091717,-0.1370429989090166,0.24376750575612996,0.0272150385153565
1970-01-01 14:46:00,-0.044347305096336366,-0.089482511393265,0.25213304536499376,0.02678815748351927
1970-01-01 14:47:00,-0.08075683717364474,-0.10182956187096943,0.25364121750510876,0.02700640685461547
1970-01-01 14:48:00,-0.09135871221794355,-0.12257012042561155,0.25241856586587946,0.027547992117748665
1970-01-01 14:49:00,-0.05404897590356797,-0.1956743536993177,0.2514965398483877,0.019608356501215802
1970-01-01 14:50:00,-0.05480180110404976,-0.19384763988695508,0.25114597966419167,0.0207984617871879
1970-01-01 14:51:00,-0.06139018207312027,-0.19316856441784858,0.2497822569855789,0.02114545577332037
1970-01-01 14:52:00,-0.05663035085091777,-0.24703055170021027,0.25795623803728374,0.016231013022349198
1970-01-01 14:53:00,-0.3798638315110669,-0.16498528148846872,0.003869196936249835,0.014450912204714566
1970-01-01 14:54:00,-0.37164876014009574,-0.05434493853578546,-0.04507610148699121,0.0291253187933391
1970-01-01 14:55:00,-0.6523184119408401,0.06401949264781633,-0.2164165353060621,0.0053381595325173335
1970-01-01 14:56:00,-0.3322489123336549,0.16990059398951807,-0.016138634799177428,0.0060636450731827
1970-01-01 14:57:00,-0.328719885961189,0.17992285059096155,-0.0010035329798735344,0.005231297746756666
1970-01-01 14:58:00,-0.32847057942817254,0.17749672770433278,-0.00018371603235951654,0.0046808245500301665
1970-01-01 14:59:00,-0.32964902269702745,0.18343279465602702,-0.0017341959975745325,0.005112181516498933
1970-01-01 15:00:00,-0.32606075986855404,0.18421033746896973,0.013227574559955409,0.0034714415815218333
1970-01-01 15:01:00,-0.32214890317354317,0.18686821532134737,0.02915916805310097,0.0028452868503962996
1970-01-01 15:02:00,-0.32282927844319087,0.18531654168248032,0.026478299066287736,0.0036593601216259003
1970-01-01 15:03:00,-0.3219159310625009,0.18261178653045096,0.027056022735364754,0.0035924533029532
1970-01-01 15:04:00,-0.32133179525321454,0.1782541788165923,0.025773793532418824,0.0039061795279019666
1970-01-01 15:05:00,-0.32039900129480264,0.1842129589956525,0.026617798903368198,0.003757983589562667
1970-01-01 15:06:00,-0.17585910351702197,0.11869203196650409,0.11971662658414955,0.0036540701843000337
1970-01-01 15:07:00,0.013192735912698206,-0.013225862266052732,0.20546569357320268,0.0036209782613855998
1970-01-01 15:08:00,0.2583294901286841,-0.11844999101056486,0.41676095903491234,0.0
1970-01-01 15:09:00,0.3630466209915788,-0.17363480866171144,0.47428593238516337,0.0
1970-01-01 15:10:00,0.3673778538606669,-0.21476674241918223,0.45620697737900257,0.0
1970-01-01 15:11:00,0.3790945576004054,-0.2531819840729726,0.42949829824629554,0.0
1970-01-01 15:12:00,0.3681005069749186,-0.1718110465683237,0.48141204962463774,0.0
1970-01-01 15:13:00,0.3793652711934365,-0.18446850781808696,0.47104299780544184,0.0
1970-01-01 15:14:00,0.0834692699227063,-0.3463739056932151,0.8430158203213507,0.0
1970-01-01 15:15:00,0.0716944945875154,-0.2983571474618244,0.8547620882775632,0.0
1970-01-01 15:16:00,-0.4052035882353993,-0.13706919916710372,0.472380397787963,0.0
1970-01-01 15:17:00,-0.4527093665723383,-0.1254595631330244,0.4215639727492831,0.0033955221425416
1970-01-01 15:18:00,-0.45935557297764956,-0.0938235244429887,0.4039235315394924,0.0061672070318793
1970-01-01 15:19:00,-0.4589198711729985,-0.16118017052882985,0.3615953920749904,0.0062524056396941995
1970-01-01 15:20:00,-0.4529714997585627,-0.08816165717531922,0.40267644871595687,0.006236810434635367
1970-01-01 15:21:00,-0.46637351056247994,-0.1111705067009644,0.38660537561580344,0.0060639544740849335
1970-01-01 15:22:00,-0.01214012730005667,-0.2539673665004018,0.5371143562490882,0.0
1970-01-01 15:23:00,-0.008018133803371233,-0.27750915416385763,0.5290986812791548,0.0
1970-01-01 15:24:00,-0.006383463351132264,-0.2722092670556746,0.5315877145081376,0.0
1970-01-01 15:25:00,-0.012639049903150665,-0.31577278869805164,0.4833460441608741,0.0
1970-01-01 15:26:00,-0.007953877354392668,-0.283620034148154,0.5108115295190722,0.0
1970-01-01 15:27:00,-0.007615729069723802,-0.2762467930181773,0.5226664819211485,0.0
1970-01-01 15:28:00,0.001112444126242465,-0.2743064485669498,0.5252476120266553,0.0
1970-01-01 15:29:00,0.006970566568198532,-0.27785686348831085,0.5188351586626938,0.0
1970-01-01 15:30:00,0.003884187206712899,-0.2812154994369765,0.5172021602314685,0.0
1970-01-01 15:31:00,0.5047317004991491,-0.11841340970693054,0.2840101304111398,0.00024085615590003335
1970-01-01 15:32:00,0.49438551014886906,-0.145082425781808,0.2676696028593994,0.0
1970-01-01 15:33:00,0.31524172844256265,0.022524127240836436,0.19184661316217064,0.0
1970-01-01 15:34:00,-0.03464189354822734,-0.0810798880078998,-0.06655822336265882,0.024273339074526668
1970-01-01 15:35:00,-0.05509011508071502,-0.14112352526066482,-0.049869445226673914,0.016099727285771834
1970-01-01 15:36:00,-0.032896989580623835,-0.37030897461569307,-0.13738834011445356,0.024054913213490167
1970-01-01 15:37:00,-0.03776941226796283,-0.36980963381758847,-0.11161561203252361,0.016132108106508298
1970-01-01 15:38:00,-0.056457380047719496,-0.43466645409487253,-0.10071453627818454,0.020613871035298534
1970-01-01 15:39:00,-0.09438477378117023,-0.36504784072071345,-0.12955535716597735,0.025209773739967967
1970-01-01 15:40:00,-0.0679700353837866,-0.3759062592727751,-0.13652847099493123,0.024329652039769233
1970-01-01 15:41:00,-0.038781087066613325,-0.2716584140806576,-0.10550425883487731,0.0226866437177029
1970-01-01 15:42:00,-0.0682738266208855,-0.20365691745707792,-0.06699561776168013,0.025038661535169867
1970-01-01 15:43:00,-0.06332879575750504,-0.27696825133872255,-0.10055501204093927,0.0223077884191458
1970-01-01 15:44:00,-0.04427583540664887,-0.2768994512720406,-0.09972439560635189,0.023341724936066833
1970-01-01 15:45:00,-0.035189369217776136,-0.30784202611369565,-0.1087832198021661,0.024484989373478133
1970-01-01 15:46:00,-0.011314875200892935,-0.2654589787527023,-0.10641980111411065,0.0196715324648559
1970-01-01 15:47:00,0.06702295100399754,-0.05026003963772357,-0.07756307938927838,0.011261284339912666
1970-01-01 15:48:00,-0.020049298551479803,-0.2287745250475047,-0.11348119897975702,0.0163500204307861
1970-01-01 15:49:00,0.1420835453357565,-0.18366566527149011,0.01264533284133799,0.0
1970-01-01 15:50:00,-0.010100853134551828,0.20239485747878075,0.20169798416767545,0.005032217187510333
1970-01-01 15:51:00,0.010373395338869417,0.024043101836958163,0.19519422488072347,0.0020792299029397
1970-01-01 15:52:00,0.36758734414119615,-0.06792363628051884,0.4492230033727577,0.00017878020270486666
1970-01-01 15:53:00,0.39493182588104686,-0.10327852569533802,0.49086886678146563,0.0001341091874071
1970-01-01 15:54:00,0.25424900558228075,0.002172495182984735,0.40055191683983615,0.0
1970-01-01 15:55:00,-0.013770330920074528,0.0682217699028077,0.22500291313045004,0.022787236071732265
1970-01-01 15:56:00,0.008699785232945132,0.06399855045183533,0.2290305789684928,0.020154885849732667
1970-01-01 15:57:00,0.161072688910988,0.04753413216734554,0.32644143313070895,0.0
1970-01-01 15:58:00,0.06464691240048002,-0.22359757517827106,0.2218411550885916,0.023201822578615167
1970-01-01 15:59:00,0.024586127110712563,-0.1534545464034617,0.21704757195971683,0.023971776471465065
1970-01-01 16:00:00,-0.009730656054405503,-0.17799382719718182,0.22125207560544555,0.025332899680404735
1970-01-01 16:01:00,-0.004313043461626032,-0.18932466586971453,0.23979476456511276,0.02350335435437027
1970-01-01 16:02:00,-0.06910551507880516,0.013875200417215757,0.21423031182364116,0.025780465870193434
1970-01-01 16:03:00,-0.0667301929744216,-0.08077182860519383,0.242961404797818,0.017414789125052735
1970-01-01 16:04:00,-0.024429200613274766,-0.28279466943487075,0.27728051585066643,0.0223576594077206
1970-01-01 16:05:00,-0.022899039787949438,-0.18391268412637854,0.2696625516001718,0.021785462336118135
1970-01-01 16:06:00,-0.014987816798179966,-0.1734604070965183,0.2554501771075421,0.0224371033886234
1970-01-01 16:07:00,-0.019645650192748,-0.042799114663611935,0.23960719807560762,0.021096777762517865
1970-01-01 16:08:00,-0.003053552272329734,-0.1968466263887302,0.253868037078756,0.0249090078378681
1970-01-01 16:09:00,-0.00808444874357993,-0.26356300960852763,0.21566989053103117,0.024474557791805365
1970-01-01 16:10:00,-0.006028113811915502,-0.3064684762076782,0.2624680904322006,0.009561897109529533
1970-01-01 16:11:00,-0.017432889873469432,-0.43487982835636085,0.27845651694255097,0.018755780042197332
1970-01-01 16:12:00,-0.01754710774768307,-0.3268003467571388,0.24221940619612056,0.020253248425446266
1970-01-01 16:13:00,0.0002956372132123658,-0.3933638709573462,0.3225965392549723,0.014896731037804
1970-01-01 16:14:00,0.0037712382453459364,-0.38332777629711545,0.30407565157017735,0.018888408403906102
1970-01-01 16:15:00,0.0076209485308112975,-0.30262781954750295,0.2644644951437037,0.021673398246497833
1970-01-01 16:16:00,0.008985338709879534,-0.35194509015048037,0.29839642283764806,0.0131410019308428
1970-01-01 16:17:00,-0.007135584105206465,-0.40666007418744404,0.2847074475258891,0.017452057406766402
1970-01-01 16:18:00,-0.004456299331415975,-0.362009261161367,0.2487639762828023,0.021252466121685503
1970-01-01 16:19:00,0.002145919301910465,-0.39939324224612743,0.2869608146191675,0.012606881243929334
1970-01-01 16:20:00,-0.039188186050008705,-0.22256618453348964,0.22712999736739323,0.020026992358632836
1970-01-01 16:21:00,-0.005009199295021864,-0.4086824219299648,0.29413034559437573,0.003415757154810567
1970-01-01 16:22:00,-0.0013679858618387043,-0.42526946162474966,0.2974792520375729,0.0092855062794653
1970-01-01 16:23:00,-0.029613401524991163,-0.3200109728702045,0.2392571503865832,0.024242795662896402
1970-01-01 16:24:00,-0.037655950454185134,-0.3533751929908909,0.25539546824795706,0.022247970840840934
1970-01-01 16:25:00,0.0010452535525420313,-0.35347719239166997,0.21231488134927567,0.02368037474838437
1970-01-01 16:26:00,-0.007866800043463967,-0.36817844387128656,0.2323611434792272,0.022661652001547235
1970-01-01 16:27:00,-0.016194832118389096,-0.3151183135615589,0.2278304029398881,0.022775992925176434
1970-01-01 16:28:00,0.0012883621482647004,-0.3600053741697229,0.23430705392959725,0.021338403025479135
1970-01-01 16:29:00,0.01177513138690777,-0.36682106338175524,0.2394508128712893,0.020626629222553202
1970-01-01 16:30:00,0.002138683979367534,-0.2822819308343684,0.24231410990917512,0.021435339867873934
1970-01-01 16:31:00,0.006362248567552531,-0.3576286200336773,0.25906086068978623,0.015619401855748866
1970-01-01 16:32:00,-0.023022673252009296,-0.3409743711987087,0.2537127982452166,0.0194182271880631
1970-01-01 16:33:00,-0.22613951376097072,-0.1262407880903154,0.15470285125340133,0.0186591517369751
1970-01-01 16:34:00,-0.1889676969363322,-0.1521027991945501,0.16609082439433856,0.015123315791509
1970-01-01 16:35:00,-0.0027793660761340675,-0.34199067305632375,0.2562035652400959,0.013593574956252333
1970-01-01 16:36:00,-0.14620520880171167,-0.2676783662440794,0.14357111221162702,0.022917178035963732
1970-01-01 16:37:00,-0.35901116599810967,-0.08619489680488286,-0.03741550573023552,0.022059990215416866
1970-01-01 16:38:00,-0.3519010945369125,-0.24435046091181845,-0.019043693450203847,0.021711559541639933
1970-01-01 16:39:00,-0.3512063892845854,-0.19089861247955806,-0.028546695862707343,0.023391893199939336
1970-01-01 16:40:00,-0.3549237889937797,-0.17731304073165263,-0.03036203468135749,0.02577895483149487
1970-01-01 16:41:00,-0.35053607137701426,-0.244102686616989,0.009080099488799509,0.015800802296633134
1970-01-01 16:42:00,-0.3516777402179261,-0.18980338465830313,-0.01584602028617732,0.023021570359771936
1970-01-01 16:43:00,-0.349080030848602,-0.20147659271443952,-0.014314711686400453,0.02206400559575637
1970-01-01 16:44:00,-0.3375275592600478,-0.1846043969550283,-0.032548285137208456,0.023221154437278263
1970-01-01 16:45:00,-0.3575228082817658,-0.2013151286836007,-0.025858335005686017,0.025434686748906563
1970-01-01 16:46:00,-0.36166194905174925,-0.22220015136895185,-0.016961459284146756,0.025386682680160737
1970-01-01 16:47:00,-0.353229686133484,-0.1985425640417656,-0.016214187376866345,0.025576935973366067
1970-01-01 16:48:00,-0.3538559415421667,-0.21454251183536246,-0.012909072297424143,0.025337873581632062
1970-01-01 16:49:00,-0.35380321951386784,-0.20077942671005658,-0.024386051014308834,0.02492809955722643
1970-01-01 16:50:00,-0.36036889229566205,-0.19780167257324643,-0.014262295568373329,0.025085047691995235
1970-01-01 16:51:00,-0.35533265065295844,-0.21553897213797016,-0.025227352298891503,0.02527299700150047
1970-01-01 16:52:00,-0.0413270678358856,-0.4167993889593518,-0.07480207908501817,0.02325208725760933
1970-01-01 16:53:00,-0.03825858776564843,-0.4719166022401469,-0.056713127051329394,0.021036733279087633
1970-01-01 16:54:00,-0.04288458310360744,-0.442621746971053,-0.06179727808419596,0.01910394613969237
1970-01-01 16:55:00,-0.02020076558925894,-0.4347118855525179,-0.1307494978895989,0.02310828804167647
1970-01-01 16:56:00,0.08246478209389646,0.26117593446189696,-0.5040693600176083,0.023512188713731032
1970-01-01 16:57:00,-0.3145589267463997,0.2497888180152146,-0.3177739124852456,0.02781881061352007
1970-01-01 16:58:00,-0.3162324225641187,0.2752691568472582,-0.32646487978481686,0.025553687091027535
1970-01-01 16:59:00,-0.4214302144533953,0.2861220071565757,-0.27570735797410134,0.025061551248579336
1970-01-01 17:00:00,-0.409291444371052,0.19471249354659179,-0.13649596126831223,0.013099950957931768
1970-01-01 17:01:00,-0.1754543650246386,0.3768525253440695,-0.2882796602534639,0.0269701356404351
1970-01-01 17:02:00,-0.24169265277154536,0.3316130495019602,-0.3338088277023601,0.018401220662702767
1970-01-01 17:03:00,-0.06789115893924809,0.33375078444183065,-0.304759785420969,0.02652448176461113
1970-01-01 17:04:00,-0.08822680219369983,0.2021106319560685,-0.3050482392823773,0.022381934778019766
1970-01-01 17:05:00,-0.08266741947780087,0.36605956991537414,-0.2944650656317502,0.012841518848099767
1970-01-01 17:06:00,0.02228701765654136,0.3166389091016601,-0.24752492479807697,0.0130656439883583
1970-01-01 17:07:00,0.39776728988323984,0.32127906135928946,0.041234343272502895,0.013974028216032233
1970-01-01 17:08:00,0.36048116727038354,0.22213170150621595,0.06756750505482079,0.003864613225968967
1970-01-01 17:09:00,0.0040706909263391695,-0.28569950110426107,0.21859265049555587,0.024483945003895235
1970-01-01 17:10:00,0.071634862518489,-0.22070572106654315,0.2372037845340826,0.0
1970-01-01 17:11:00,-0.019342329295571503,-0.24050409092440705,0.2327185414279518,0.022015393111207603
1970-01-01 17:12:00,-0.02104437079044343,-0.12105906043867333,0.2240828359432825,0.0255803294705538
1970-01-01 17:13:00,-0.06147668945322046,-0.13314357802667387,0.22510166285801833,0.023434461382275867
1970-01-01 17:14:00,-0.015388546411973436,-0.17075805334297703,0.23895057038015277,0.024999345889372665
1970-01-01 17:15:00,-0.07571890758206119,-0.028657208926819434,0.2239163357026794,0.0248766776003469
1970-01-01 17:16:00,0.11487153241738436,0.0074422340892131384,0.2927582409223618,0.0
1970-01-01 17:17:00,0.23496868203384816,0.0098460840048654,0.3309555310636811,0.008947432088686333
1970-01-01 17:18:00,0.3386416494778524,-0.022198107378605392,0.2834309838936255,0.008421035989824733
1970-01-01 17:19:00,0.25107221545890995,0.10214932809130452,0.15034157803197534,0.0
1970-01-01 17:20:00,0.046408677500439456,0.0796168960140303,0.15854144683321142,0.005275893531259634
1970-01-01 17:21:00,-0.09310538765273092,-0.14300611161118232,0.22018258584563863,0.0242491738339215
1970-01-01 17:22:00,-0.15988966532251606,-0.11595233646647396,0.221197036321342,0.02258925838585363
1970-01-01 17:23:00,-0.02543669510102713,-0.2590948475117763,0.2596771024170351,0.023306767294448
1970-01-01 17:24:00,-0.042480266598444005,-0.1973919639737075,0.25118716809194275,0.023807634346308934
1970-01-01 17:25:00,-0.04218153481228493,-0.14260587852984413,0.2577061606235394,0.018913928963666667
1970-01-01 17:26:00,-0.07599210914141014,-0.09584519679218469,0.2697112521282036,0.0130574722928355
1970-01-01 17:27:00,-0.07623668590100241,-0.025148035310435485,0.23656162808387235,0.02226434577904107
1970-01-01 17:28:00,-0.0639436179499459,-0.11763436601993284,0.24436755668196605,0.023239729226835867
1970-01-01 17:29:00,-0.23002795895667202,-0.05141983506082537,0.08167141264169142,0.0184109199206294
1970-01-01 17:30:00,-0.3698525891209623,-0.037878148870288696,-0.0451604339161753,0.0298075897667677
1970-01-01 17:31:00,-0.13213552190604844,0.21626911734825535,0.05830814014962701,0.0045714598209044
1970-01-01 17:32:00,0.01364801616607724,0.1771093621165596,0.1713201295695688,0.0057396675605474005
1970-01-01 17:33:00,-0.02942757769438362,0.0928728458019726,0.18460989137260234,0.005836895830631469
1970-01-01 17:34:00,-0.03710763081019638,0.16398142687968334,0.16934221514439426,0.006644369938941768
1970-01-01 17:35:00,-0.010992301136803932,0.13487366556737443,0.18686360912047198,0.0064333591735573
1970-01-01 17:36:00,-0.29471657776072885,0.18992858757197273,-0.010074609856307185,0.0062981707942130335
1970-01-01 17:37:00,-0.4034700339657337,-0.04731677558669773,-0.009793486024526418,0.0156290370806579
1970-01-01 17:38:00,-0.11683122348426817,-0.04618453621124613,0.21289660382936396,0.025153532519883268
1970-01-01 17:39:00,-0.4202063196443861,0.130897760143188,-0.05028529122673001,0.0250424639385079
1970-01-01 17:40:00,-0.44433406313737267,0.1402055906886158,-0.06951817631560193,0.030127496077613638
1970-01-01 17:41:00,-0.438853003007786,0.1316464361451392,-0.06046151673755281,0.027927550649684302
1970-01-01 17:42:00,-0.44115966427491515,0.1444341232337429,-0.0540098229140367,0.026407927198553536
1970-01-01 17:43:00,-0.41301789043127496,-0.0593326231837678,-0.02727790617130506,0.024462069128735803
1970-01-01 17:44:00,-0.47806425769248806,0.17206871662608925,-0.06972254725205489,0.022321811471034264
1970-01-01 17:45:00,-0.20865734808816574,0.04478625190080196,0.0683365580069009,0.0031216359830444334
1970-01-01 17:46:00,-0.08582977412168746,0.170269048564198,0.1674821004317907,0.0038579287330112663
1970-01-01 17:47:00,-0.12173790625903103,0.23594571629112207,0.16486176656546234,0.0037149857341688334
1970-01-01 17:48:00,-0.030386394198028882,0.09777245916040649,0.19606986334181375,0.0038225140303949335
1970-01-01 17:49:00,0.0038135160899498005,0.04732193859344704,0.203877835177237,0.0035167548207598333
1970-01-01 17:50:00,0.06326968677680346,0.022946913456308022,0.25536331591928685,0.0010286447365546
1970-01-01 17:51:00,0.3648394688613546,-0.08986320309440687,0.4763831570349943,0.0010403383959517666
1970-01-01 17:52:00,0.3448169489155441,-0.07911520384657286,0.4729761093632329,0.0014601540345193667
1970-01-01 17:53:00,0.3290082702690576,-0.024255705649765036,0.4663929402980888,0.0014568251809221333
1970-01-01 17:54:00,0.258130066001632,0.14756383586571006,0.4389550547129057,0.0015554189416768667
1970-01-01 17:55:00,0.3029442911654991,0.008585509891882675,0.4491421235426256,0.0010213047977332
1970-01-01 17:56:00,0.36610085899314093,-0.12680979946205392,0.49460138934743725,0.0
1970-01-01 17:57:00,0.3607485049656545,-0.1616838188354723,0.4612455871468369,0.00015800254075606666
1970-01-01 17:58:00,0.3647035010625101,-0.1354973287663697,0.4784293614418054,0.0004135654575366334
1970-01-01 17:59:00,0.3668001445650851,-0.1496257466483211,0.4737353709601894,0.0004967842353066667
1970-01-01 18:00:00,0.3628570871899954,-0.1304842893526846,0.48387307166948273,0.00045818792195633336
1970-01-01 18:01:00,0.3495279614912327,-0.12268269598556492,0.4853813786767483,0.00028812622231626667
1970-01-01 18:02:00,0.3478992666500371,-0.10174256120491354,0.49448981375386,0.0004896740762124333
1970-01-01 18:03:00,0.33605215127651755,-0.11544538123399695,0.4927035388061345,0.0005170457312272
1970-01-01 18:04:00,0.22421564765078492,-0.05967513264894994,0.3983690245760316,0.0005097898500024333
1970-01-01 18:05:00,0.006936502842770506,0.023690746637975064,0.21988738862670718,0.002400827256167667
1970-01-01 18:06:00,-0.0008707442542708355,0.014218190162095542,0.2108588960530319,0.0032994765248019666
1970-01-01 18:07:00,-0.000542992055336318,0.03659836356940168,0.21578199884985297,0.003533098941451
1970-01-01 18:08:00,0.012364920066662066,0.04247869806451963,0.21715206028453735,0.003695902462227
1970-01-01 18:09:00,-0.0019126482832540921,0.0057715511436102025,0.19149791414465098,0.0037675692483189666
1970-01-01 18:10:00,-0.00034995048498664044,0.040840333940234765,0.21178439489964807,0.0033474131873830666
1970-01-01 18:11:00,-0.0004945866046419297,0.021856548466991404,0.218051165629808,0.0021885710544469667
1970-01-01 18:12:00,-0.0021590448627325856,0.026784578374200303,0.21582833245939423,0.0031895517878749668
1970-01-01 18:13:00,0.0022430379023135583,0.04164230097696612,0.21993425496149274,0.0035341283417757003
1970-01-01 18:14:00,-0.21798897126905814,-0.08216499993802392,-0.001436058674763041,0.0025377957695409997
1970-01-01 18:15:00,-0.3544257385773735,-0.1171287815857594,-0.03454011785231078,0.025305644944010833
1970-01-01 18:16:00,-0.3531848675741596,-0.08825152451082023,-0.026855441565840004,0.026418412372205238
1970-01-01 18:17:00,-0.3558312549275909,-0.05709094771267376,-0.02393361218465369,0.0221810073291101
1970-01-01 18:18:00,-0.32908195978735033,-0.03590054718626157,-0.02239193230100615,0.014446491381809033
1970-01-01 18:19:00,-0.2956360087905073,0.052245095662890616,-0.004582010286587335,0.011381221705492432
1970-01-01 18:20:00,-0.3452163686106755,-0.12370838330893734,-0.019188830734173584,0.025343969336500936
1970-01-01 18:21:00,-0.2789474779989182,0.08494303776724622,-0.0037504059501228815,0.021881072825824164
1970-01-01 18:22:00,-0.3099514592848189,-0.06398346166466885,-0.01693849815178054,0.007304335834333833
1970-01-01 18:23:00,-0.27848013594416754,-0.12954158035290064,0.02149830930540179,0.0242659167307618
1970-01-01 18:24:00,0.015347147707411172,-0.1606300751730981,0.2430362425796093,0.011711428498665001
1970-01-01 18:25:00,0.00269537303655303,-0.2366870280043767,0.23402275397642305,0.02390895578775867
1970-01-01 18:26:00,-0.0010848324372179686,-0.11411789815564151,0.24528715509074947,0.013372528143642834
1970-01-01 18:27:00,-0.005381954672689401,-0.014096439258752461,0.2607932157507569,0.022697799669007934
1970-01-01 18:28:00,-0.029552960647126366,-0.17462508536321245,0.23945101517201492,0.007544232386620234
1970-01-01 18:29:00,-0.06710214833465124,-0.16403152605563986,0.24047074569665897,0.010988446976399868
1970-01-01 18:30:00,-0.0466173765549312,-0.15068874570070123,0.2443471984856037,0.006527024346763134
1970-01-01 18:31:00,-0.061525437768531,-0.27712924009277734,0.21477796011816522,0.024493840221201667
1970-01-01 18:32:00,-0.06976325249238001,-0.18968514580024878,0.23181595651019915,0.014519489678539733
1970-01-01 18:33:00,-0.06034904289597323,-0.2311373460694063,0.22071645071738533,0.021346911286192868
1970-01-01 18:34:00,-0.056183642212945105,-0.23041905776415572,0.2309766310293708,0.023464781491893034
1970-01-01 18:35:00,-0.008664892164691266,-0.1260685477837615,0.2500514248444712,0.009163016111669333
1970-01-01 18:36:00,-0.0330388212435463,-0.16230986342130146,0.23833653373081373,0.014185266402338801
1970-01-01 18:37:00,0.0445950643428794,-0.16026955521925568,0.2884116142734761,0.0
1970-01-01 18:38:00,0.32385905913099966,-0.1615323106025318,0.4919629967696621,0.0
1970-01-01 18:39:00,0.31921457987366453,-0.1232971638295164,0.5184814997335025,0.0
1970-01-01 18:40:00,0.3287818829169275,-0.13230805144607236,0.5270858216322594,0.0
1970-01-01 18:41:00,0.3343817764059465,-0.08295145794285345,0.5396721163784824,0.0
1970-01-01 18:42:00,0.33622816390425997,-0.062480826584092826,0.5439130881016964,0.0
1970-01-01 18:43:00,0.3421251012305581,-0.05569542501049083,0.5469661297335673,0.0
1970-01-01 18:44:00,0.33752253937040977,-0.03860918459917989,0.5471047596775273,0.0
1970-01-01 18:45:00,0.3562845131588741,-0.02811828507697056,0.5440377458088684,0.0
1970-01-01 18:46:00,0.38704596608147956,-0.06558841633248903,0.5270997399221872,0.0
1970-01-01 18:47:00,0.15629551225576332,-0.05658458282399172,0.3443632139597212,0.0
1970-01-01 18:48:00,-0.02126388326744777,0.0558421604639364,0.21757623095945575,0.0031456139429257
1970-01-01 18:49:00,-0.3237812376545111,-0.2344803729278998,-0.2359469170987811,0.022410661909934137
1970-01-01 18:50:00,-0.3650523526224448,-0.1068807835206142,-0.05455598766990572,0.027805597607048194
1970-01-01 18:51:00,-0.16907348747960307,-0.07754651029592192,0.12171173657100805,0.0231491648763268
1970-01-01 18:52:00,-0.35966934298170544,-0.06940836093070503,-0.08303288978224886,0.0298940848477543
1970-01-01 18:53:00,-0.3513672455380095,-0.025256438440515967,-0.048506447458995065,0.018160628511179836
1970-01-01 18:54:00,-0.3675594050706719,-0.1315985382511301,-0.03816246069971233,0.0274016966472472
1970-01-01 18:55:00,-0.36661141957234017,-0.020681083918755266,-0.03376974320215624,0.0213300045491291
1970-01-01 18:56:00,-0.3791295034170618,-0.12610519912818507,-0.020690070702754967,0.013286366809064067
1970-01-01 18:57:00,-0.3799013092510431,-0.21478355220859838,-0.01581599211512694,0.020971284036256768
1970-01-01 18:58:00,-0.3664055777229838,-0.2200607754734478,-0.028893237005819833,0.02451753409322983
1970-01-01 18:59:00,-0.36507666084459683,-0.2186900372048267,-0.02475882381818621,0.0252930612129319
1970-01-01 19:00:00,-0.36636601642110866,-0.14923062654459698,-0.025073482366929318,0.015277357565203398
1970-01-01 19:01:00,-0.37535534642677737,-0.08072256991870813,-0.07171630182405124,0.028990083189019505
1970-01-01 19:02:00,-0.320077174499749,-0.06395938764482635,0.01672858417544378,0.024725386812717298
1970-01-01 19:03:00,-0.017626203977232028,-0.20451583265837017,0.2354701482351824,0.02492865875737173
1970-01-01 19:04:00,-0.0321348279128996,-0.19830943827771316,0.24711726186237504,0.024585529159087866
1970-01-01 19:05:00,-0.026942459790196095,-0.21531661264380567,0.24127027188138592,0.025152344519174266
1970-01-01 19:06:00,-0.014965231690509501,-0.20479086282603878,0.24378323126587378,0.024717674610615668
1970-01-01 19:07:00,-0.2808524865552102,-0.06734733066087296,0.03664478716884715,0.0241668250768594
1970-01-01 19:08:00,-0.3798121468680171,-0.06223815526105042,-0.02982259979629671,0.0284970299760109
1970-01-01 19:09:00,-0.3351336785093846,-0.0809567763120802,0.016223580873895905,0.02497897981095577
1970-01-01 19:10:00,-0.012064262963811806,-0.2564989957811791,0.2267752293281026,0.025210168241929065
1970-01-01 19:11:00,-0.02621680001700187,-0.24135624718953827,0.2345436176548652,0.02394407478675813
1970-01-01 19:12:00,-0.022601679460255434,-0.238618923070515,0.22057769264963237,0.024593775707052
1970-01-01 19:13:00,-0.014663660282015871,-0.21873525353719084,0.22406665862858458,0.023490218862328934
1970-01-01 19:14:00,0.011485340454972506,-0.3104122729329143,0.28195178796078707,0.01892987512060877
1970-01-01 19:15:00,-0.0004677552505702685,-0.3129830600667927,0.2869973636169427,0.019593108951471202
1970-01-01 19:16:00,-0.006984574220249028,-0.24181215269249057,0.2599239025590233,0.022097577806780597
1970-01-01 19:17:00,-0.033272742825833534,-0.22408239752135006,0.2611639790340922,0.021934188275767468
1970-01-01 19:18:00,-0.056824078150499946,-0.2817687219599954,0.28467694731981213,0.0198864310757889
1970-01-01 19:19:00,-0.048506833123886144,-0.2956375186479098,0.3035295475045261,0.0
1970-01-01 19:20:00,-0.056846540178564574,-0.21542148371694328,0.28178557768455764,0.0025410220788656666
1970-01-01 19:21:00,-0.045109238187649836,-0.18882249342255944,0.24918601605674348,0.024968344814896067
1970-01-01 19:22:00,-0.035793202159696134,-0.20688733373522328,0.24323387690189657,0.02622950319244813
1970-01-01 19:23:00,-0.04245870129322186,-0.17921362756500325,0.2496229856242407,0.026163526003562768
1970-01-01 19:24:00,-0.021161700820404538,-0.20609678334713719,0.24465559245520793,0.025829056972607234
1970-01-01 19:25:00,-0.03251152183795383,-0.18366636067646894,0.24936792486928683,0.0260829561294847
1970-01-01 19:26:00,-0.036566581654352136,-0.14070756301923013,0.24770466899285534,0.025981414208481397
1970-01-01 19:27:00,-0.03089348217406333,-0.20473386963525622,0.22584877292471825,0.025925537096703366
1970-01-01 19:28:00,-0.19830569388252672,-0.09675842862552808,0.1467654541570371,0.026048310444816068
1970-01-01 19:29:00,-0.39070821733586,-0.07310502373404186,-0.021627646902694992,0.0272607714961014
1970-01-01 19:30:00,-0.3886395920264129,-0.12805505465384845,-0.03288825825009336,0.0285185008770847
1970-01-01 19:31:00,-0.3911502665316117,-0.1599584740567856,-0.03330162606625972,0.027709158555185968
1970-01-01 19:32:00,-0.38201740812274027,-0.12748358184865974,0.002234290134845607,0.025179973613176268
1970-01-01 19:33:00,-0.3701779852245852,-0.08190594907612776,0.02061633208823978,0.025239281380963267
1970-01-01 19:34:00,-0.37198041572081514,-0.06459077534229142,0.012500964300125724,0.0257532626818831
1970-01-01 19:35:00,-0.35859727565789257,-0.12479009325787005,-0.006644344804593735,0.02484452736952523
1970-01-01 19:36:00,-0.36813845945051743,-0.08108784264039144,-0.01041734100241896,0.02667006780659183
1970-01-01 19:37:00,-0.38447463091340567,-0.1794149247932623,-0.02305019863233924,0.027261017396322904
1970-01-01 19:38:00,-0.3744432650077474,-0.13793883060914883,-0.018605860732943572,0.027357522457265734
1970-01-01 19:39:00,-0.38496398663479964,-0.15499738489705814,-0.00850321873941289,0.025565203054821267
1970-01-01 19:40:00,-0.3862012707466435,-0.15152541294558455,-0.025064608108428896,0.02807496818199827
1970-01-01 19:41:00,-0.37577968974209003,-0.09636099717575924,-0.009642981027968137,0.026009614443965934
1970-01-01 19:42:00,-0.3801985113335296,-0.11070548088667109,-0.01583033523657862,0.027451167391029336
1970-01-01 19:43:00,-0.3719671582889869,-0.11371832545888756,-0.0160456438989338,0.026980051643645832
1970-01-01 19:44:00,-0.3742627775571927,-0.0865449506636483,-0.012379988466161257,0.026867716869476
1970-01-01 19:45:00,-0.4844538650981373,0.08466726716837723,-0.05698780423331797,0.026051806086928697
1970-01-01 19:46:00,-0.5298764903364408,0.03752510326924026,-0.05900285432837241,0.022880250652630035
1970-01-01 19:47:00,-0.40067123889467876,-0.10098355918946379,0.0021605919804755327,0.022968109288499267
1970-01-01 19:48:00,-0.42368273827675856,-0.1358647627466922,0.026567985721345017,0.0229254761021073
1970-01-01 19:49:00,-0.4126051869301141,-0.12608045471793133,0.008282036612655039,0.023949179675868834
1970-01-01 19:50:00,-0.3668573502075965,-0.0740574884151834,-0.009642192055138091,0.0242926148738393
1970-01-01 19:51:00,-0.5505702337040653,0.1177280605842741,-0.07396967566068717,0.025844865982643933
1970-01-01 19:52:00,-0.5605289123110785,0.12308854233586886,-0.08711301219846407,0.02562490330672933
1970-01-01 19:53:00,-0.5031774644237829,0.08286132545293604,-0.07073831268247524,0.025598184745684
1970-01-01 19:54:00,-0.3573832184259496,-0.11123832119368364,-0.008649718181602484,0.025212952058318635
1970-01-01 19:55:00,-0.3659549129548236,-0.11947516803675856,-0.006566330901408873,0.025173659585136832
1970-01-01 19:56:00,-0.3365683031863816,-0.11468967113564123,0.052830402939888034,0.012472305930114067
1970-01-01 19:57:00,-0.10289283615382823,-0.16736854941791315,0.21941891409286204,0.0224450834736484
1970-01-01 19:58:00,-0.03997147345293433,-0.1595443929108331,0.20710738419227517,0.026395528616745333
1970-01-01 19:59:00,-0.06196214179282957,-0.059311280754705424,0.2093015648365734,0.02674595967545593
1970-01-01 20:00:00,-0.02388111833709723,-0.1837763247155666,0.24042375123808044,0.026895222062640733
1970-01-01 20:01:00,0.00692277067531966,-0.18719607625575255,0.23690414344254337,0.0264336197048065
1970-01-01 20:02:00,0.011261256449751558,-0.22016394555598973,0.2111057029383776,0.026202731064326065
1970-01-01 20:03:00,-0.00029386135032819644,-0.26604942760885997,0.18591359816925931,0.0262675621821912
1970-01-01 20:04:00,-0.0029804341950641334,-0.16059827665478574,0.2516107723248291,0.02638875689296563
1970-01-01 20:05:00,-0.026530239816058027,-0.13329798794945413,0.2549449108150507,0.027151551422616067
1970-01-01 20:06:00,-0.03104071175684156,-0.17703784046492446,0.25743267701583233,0.026889543437788335
1970-01-01 20:07:00,-0.026876427581666373,-0.16182067853763585,0.253111310984228,0.026480567080430867
1970-01-01 20:08:00,-0.032405321720920206,-0.13928436419947263,0.2535019941456868,0.027506047066770265
1970-01-01 20:09:00,-0.0299653564492728,-0.17923536022131992,0.24810349138684426,0.027313215947296163
1970-01-01 20:10:00,-0.0486943624861745,-0.21473271260144136,0.24828461796991494,0.026630419979682934
1970-01-01 20:11:00,-0.031132177486776807,-0.1994842424413651,0.2427342615430097,0.02615589021855767
1970-01-01 20:12:00,-0.025634237868390124,-0.17437492968154902,0.24659121254199765,0.026482274883725666
1970-01-01 20:13:00,-0.011655225476624592,-0.1956365116614772,0.2386565734788604,0.02627551830894957
1970-01-01 20:14:00,-0.028808285074830933,-0.13752445929421234,0.2547349091750662,0.0270594014865267
1970-01-01 20:15:00,-0.03887483416495677,-0.15058461505876405,0.2469841142680813,0.02658183515421603
1970-01-01 20:16:00,-0.05558661821064784,-0.02791845870528543,0.249191296105684,0.026124609612489764
1970-01-01 20:17:00,-0.07430785264958116,0.00893671442075696,0.24149405694414774,0.0267447980686152
1970-01-01 20:18:00,-0.0315913611219408,0.007926976385675863,0.23905307615786134,0.025195895277349067
1970-01-01 20:19:00,-0.014323688036502141,-0.10951963028997413,0.2561111205518116,0.025731068792313933
1970-01-01 20:20:00,-0.015552295036134603,-0.11917023045208697,0.2522949466357659,0.026133919786980833
1970-01-01 20:21:00,-0.015744861870861732,-0.13872779007073674,0.25194953837671746,0.0261077823039953
1970-01-01 20:22:00,-0.02062341216429116,-0.13577280919625473,0.251023790025873,0.026348921942785167
1970-01-01 20:23:00,-0.01753803502245303,-0.144107543045198,0.2524568141897505,0.025443784227181368
1970-01-01 20:24:00,-0.0390682713483251,-0.1355834189021655,0.26131080215744285,0.025270660602315833
1970-01-01 20:25:00,-0.03934642246610873,-0.12533697174021047,0.25703264081748917,0.025307757426050067
1970-01-01 20:26:00,-0.04159286264038361,-0.1546403269593693,0.2508363179433731,0.026445227070120664
1970-01-01 20:27:00,-0.10453896434205005,0.10038050799415754,0.1994263493188669,0.0265768270695122
1970-01-01 20:28:00,-0.10944770430451038,0.11441114893433801,0.19739319330886307,0.025845943049834164
1970-01-01 20:29:00,-0.11411493570612385,0.09975602431734558,0.19565064229131726,0.026485433383789666
1970-01-01 20:30:00,-0.11887161081557673,0.1317759615760873,0.19547545660622453,0.0260365847252956
1970-01-01 20:31:00,-0.12523858036515303,0.1696797453752357,0.19717155263379363,0.0271896932302047
1970-01-01 20:32:00,-0.12307606289925584,0.14693013682220035,0.19642641837084798,0.026181925015885135
1970-01-01 20:33:00,-0.11273416714807936,0.11966250713630595,0.1858969555628922,0.025023700456935333
1970-01-01 20:34:00,-0.13851254881770145,0.16905227996196784,0.18377146950168208,0.0276984852655564
1970-01-01 20:35:00,-0.14010689565746892,0.1700120789143249,0.1872688242173929,0.0278214538824839
1970-01-01 20:36:00,-0.15235676266687784,0.17139095192032414,0.18856110776640575,0.027980102120765068
1970-01-01 20:37:00,-0.155315930464334,0.1430847474058383,0.1870656738286518,0.02771908982550263
1970-01-01 20:38:00,-0.15362461447797046,0.151056249721813,0.1841726857875918,0.0272757464635329
1970-01-01 20:39:00,-0.14139756115264282,0.1647178457435186,0.18624483189079424,0.026713047772117197
1970-01-01 20:40:00,-0.1538451907144251,0.13582717085452756,0.18770418886579965,0.027768683676994133
1970-01-01 20:41:00,-0.13814564851271136,0.16240587933751457,0.18370258610458357,0.027050515175946133
1970-01-01 20:42:00,-0.13673554305147642,0.17192617361417065,0.18349636748816944,0.027214596948934935
1970-01-01 20:43:00,-0.1436013278692951,0.14877837316851195,0.1893475788109681,0.026474855555325933
1970-01-01 20:44:00,-0.12628048439413633,0.12653223782014592,0.18188753725030696,0.026300551847229067
1970-01-01 20:45:00,-0.12018779774616027,0.1370475115370088,0.18885356718218282,0.023400686862129833
1970-01-01 20:46:00,-0.1010991443096123,0.07726015353205153,0.2072950922922884,0.0205477997102113
1970-01-01 20:47:00,-0.08887721637072767,0.08675953563020777,0.19214892462328903,0.0218946095490262
1970-01-01 20:48:00,-0.08116409879794774,0.1332417552015262,0.18930862917791458,0.024487791031801532
1970-01-01 20:49:00,-0.04206179593860967,0.08699893504781021,0.1891455680496484,0.023354477246747034
1970-01-01 20:50:00,-0.02528691601212797,0.0978732178386334,0.18903396548264095,0.0238961470908582
1970-01-01 20:51:00,-0.04386795398861639,0.09845109437312351,0.18031489861227099,0.0236110555758533
1970-01-01 20:52:00,-0.04192034230590516,0.13419991319824978,0.17831890524557695,0.025621246959010763
1970-01-01 20:53:00,-0.0429925151265231,0.10091263788745071,0.17990771445495324,0.02390106414942557
1970-01-01 20:54:00,-0.05467305983634777,0.13142661813104128,0.1848584245574739,0.025066201049675232
1970-01-01 20:55:00,-0.0968595266242665,0.17011018604838793,0.19636992926487687,0.019469770748374398
1970-01-01 20:56:00,-0.08946737428929945,0.15107914305406558,0.185576558416897,0.027571670698238637
1970-01-01 20:57:00,-0.11271388538731807,0.18249102620398427,0.19116519014110347,0.027265044506813732
1970-01-01 20:58:00,-0.12359805229899663,0.15886780889265797,0.20005887625453422,0.026544102079078497
1970-01-01 20:59:00,-0.12099460214520051,0.17319124034349143,0.19449333378648695,0.02709445684276497
1970-01-01 21:00:00,-0.13382899178551413,0.16971102359054227,0.1934233585049384,0.026731528176671765
1970-01-01 21:01:00,-0.12139539329879685,0.15955790077732832,0.19318305895960244,0.026735649840588533
1970-01-01 21:02:00,-0.09143244569323823,0.10834736760638876,0.2047200198416552,0.027348875615249468
1970-01-01 21:03:00,-0.06711426288442547,-0.17804722829605937,0.23681185385148215,0.027252994436864065
1970-01-01 21:04:00,-0.08686827587870961,-0.1524881335994355,0.25712042584572503,0.026785507437085868
1970-01-01 21:05:00,-0.0981501042054362,-0.150147630574732,0.25359034561595445,0.027169794262038697
1970-01-01 21:06:00,-0.0710248184521747,-0.1754937612487759,0.2547579579710802,0.025651874250662603
1970-01-01 21:07:00,-0.06838716095935725,-0.23030916376584729,0.21086967193835382,0.025908617714161333
1970-01-01 21:08:00,-0.08501188376672182,-0.11957133404037705,0.23482693307784094,0.025350502152484234
1970-01-01 21:09:00,-0.08194679717704545,-0.10157024085174339,0.2353269934983245,0.025830585179018966
1970-01-01 21:10:00,-0.0739590362552483,-0.16068206545036387,0.25568538541794794,0.0245759234852006
1970-01-01 21:11:00,-0.06273837849262097,-0.23657353190833622,0.27805836214095664,0.014990524404449033
1970-01-01 21:12:00,-0.279278737966619,-0.07148266893301046,0.5325247575628104,0.0
1970-01-01 21:13:00,-0.3318157424523239,-0.13437140306777615,0.5735373050630207,0.0076346685223891994
1970-01-01 21:14:00,-0.3338063177088714,-0.14871591679616905,0.5745591192851395,0.007131123674860867
1970-01-01 21:15:00,-0.32824835919984,-0.1676232877683579,0.5699946552148272,0.006819419691206133
1970-01-01 21:16:00,-0.3293072657972292,-0.1480233734838755,0.5808291268269105,0.006025134562126933
1970-01-01 21:17:00,-0.3328597476260067,-0.07569678308138234,0.5866510584913437,0.006785097976139533
1970-01-01 21:18:00,-0.33014086638473944,-0.08507181276116682,0.5789177895705615,0.007528312410060834
1970-01-01 21:19:00,-0.33375920459403846,-0.11821870631868657,0.5728010315718605,0.008382780891057701
1970-01-01 21:20:00,-0.32925373496009197,-0.12759032401145257,0.5824115972802151,0.007155957909117967
1970-01-01 21:21:00,-0.32286357369621643,-0.10822735771694947,0.5603426043709904,0.009387959039050134
1970-01-01 21:22:00,-0.31088296090736944,-0.14232249349660261,0.5617827225469824,0.008959710282175234
1970-01-01 21:23:00,-0.3202509541117856,-0.16021047081062315,0.547859692038954,0.0090094005045432
1970-01-01 21:24:00,-0.32346279554861784,-0.1690431146244051,0.5336404730384383,0.010847739676320066
1970-01-01 21:25:00,-0.3248469048388207,-0.11325207393078256,0.5401906535985793,0.0113169830001014
1970-01-01 21:26:00,-0.41208675804754197,0.05802757316962137,0.5004362412848847,0.0
1970-01-01 21:27:00,-0.4821521973464448,0.2429771611514768,0.4610719996374772,0.0
1970-01-01 21:28:00,-0.34886598662265694,0.21173748829063088,0.49479934060752795,0.0
1970-01-01 21:29:00,-0.46310420413682407,0.11089978404183372,0.5121588872596937,0.0101297545494243
1970-01-01 21:30:00,-0.3952487031176661,0.04073708381107654,0.524153317516114,0.010827641394739733
1970-01-01 21:31:00,-0.43737842141589495,0.018416855313527807,0.4962451771506995,0.010371864850712132
1970-01-01 21:32:00,-0.5703517725730541,0.07414054678538813,0.4349314888362367,0.008135178736856033
1970-01-01 21:33:00,-0.5912869629617229,0.021185197496354762,0.3987358429952161,0.0083427379178531
1970-01-01 21:34:00,-0.5885717037774273,0.03612508795071934,0.3808412716138096,0.010208783708336567
1970-01-01 21:35:00,-0.5776201419901542,-0.0039015421176737952,0.37969741610723773,0.0086388597314304
1970-01-01 21:36:00,-0.5483544843086452,0.05829856098316844,0.38448486278076643,0.0081237606415693
1970-01-01 21:37:00,-0.2633705142932144,0.27517812383290785,0.23876497969440183,0.0085141539571917
1970-01-01 21:38:00,-0.3039137100980467,0.2611740983926362,0.23226330410492455,0.013700759595829233
1970-01-01 21:39:00,-0.2770999915755526,0.2112678047638535,0.23887795116298646,0.012625664578672034
1970-01-01 21:40:00,-0.280502017377599,0.2749417761925506,0.22295968928766416,0.014132731550919401
1970-01-01 21:41:00,-0.28048272904508487,0.2807937241563745,0.22264111284820007,0.014022365685523
1970-01-01 21:42:00,-0.25328829892754606,0.22926962837786066,0.23693645086843662,0.009855925805344067
1970-01-01 21:43:00,-0.28128643007977794,0.23715622124562954,0.23639679345257747,0.012882908244517566
1970-01-01 21:44:00,-0.31499874292644575,0.35699317997626356,0.20714576738329682,0.015084763372966067
1970-01-01 21:45:00,-0.3520114090293411,0.4640344769741485,0.1925356224604516,0.014897172825439732
1970-01-01 21:46:00,-0.3522335061780679,0.48053850832786377,0.20284299953174134,0.012291231479237934
1970-01-01 21:47:00,-0.2724087420680007,0.5760631284277237,0.20777987900798203,0.004782834073764933
1970-01-01 21:48:00,-0.10343210944678823,0.8208674336421256,0.21212485353427465,0.012325817347881934
1970-01-01 21:49:00,-0.08718081016352279,0.7811998026418658,0.21333573801462613,0.012499619850821398
1970-01-01 21:50:00,-0.016639606648270105,0.23224073864552053,0.5302134650284085,0.007068809088159701
1970-01-01 21:51:00,0.27386487051041714,0.26545791313212325,0.30575962978427734,0.006689428723144466
1970-01-01 21:52:00,0.2565685462510205,0.27381157800581374,0.3120353961533731,0.007093881960759233
1970-01-01 21:53:00,0.25890398177171353,0.316167834764925,0.31840911653384946,0.006044296622761967
1970-01-01 21:54:00,0.18776325749644518,-0.05325524393688009,0.31404045259257823,0.0
1970-01-01 21:55:00,0.2202402555049626,-0.30923967005120967,0.38795541939368045,0.0
1970-01-01 21:56:00,0.24252616544505148,-0.31297173347059093,0.38913562834065935,0.0
1970-01-01 21:57:00,0.2524492652545782,-0.3318836871115611,0.3848490715205894,0.0
1970-01-01 21:58:00,0.5320284449347373,-0.04481573907306954,0.5209952244890692,0.0
1970-01-01 21:59:00,0.5399963680614942,-0.12473651705701934,0.5055942017375205,0.0
1970-01-01 22:00:00,0.5499708931677584,-0.11960117141659084,0.5011748918095719,0.0
1970-01-01 22:01:00,0.5426662284540381,-0.048532623652841,0.5053809970027123,0.0
1970-01-01 22:02:00,0.546555064867058,-0.012688644409712966,0.5048507870307433,0.0
1970-01-01 22:03:00,0.5460470713767802,-0.0109786985988308,0.508038854281978,0.0
1970-01-01 22:04:00,0.5439297900617273,0.007785574038039099,0.5005372500372234,0.0
1970-01-01 22:05:00,0.5363123009469799,0.030745930322966603,0.5019633588879611,0.0
1970-01-01 22:06:00,0.5308535665787514,0.006255553008872437,0.5138290651926227,0.0
1970-01-01 22:07:00,0.5188774769654187,0.010441025477361065,0.518410043745509,0.0
1970-01-01 22:08:00,0.5105499284175167,0.0088629464609528,0.5155322147721608,0.0
1970-01-01 22:09:00,0.5116007029695204,0.04699455793873943,0.512514606112395,0.0
1970-01-01 22:10:00,0.5262628335478637,-0.0012838026404409046,0.5138526231121296,0.0
1970-01-01 22:11:00,0.5347889666440783,0.011996591382944103,0.5112996486440997,0.0
1970-01-01 22:12:00,0.454967828986683,0.11363028918973363,0.48478874544418765,0.0
1970-01-01 22:13:00,0.13277063025495073,0.2319057085360459,0.5878501319809935,0.0
1970-01-01 22:14:00,0.029138903270301234,-0.5334305707609106,0.4285058007710086,0.0
1970-01-01 22:15:00,-0.015060526075326161,-0.5667923294481466,0.41345472792980015,0.0017222948264958666
1970-01-01 22:16:00,0.14489431287199697,-0.156331276526841,0.8277669085672117,0.0
1970-01-01 22:17:00,0.13697487409233247,-0.10641435986101606,0.8367608132379032,0.0
1970-01-01 22:18:00,0.13521287715032954,-0.10657717909223063,0.8384142986527247,0.0
1970-01-01 22:19:00,0.1357323536485706,-0.11932580042013276,0.8382439798123985,0.0
1970-01-01 22:20:00,0.14785498161587332,-0.11348975632562573,0.8385027014826454,0.0
1970-01-01 22:21:00,0.13719931483299064,-0.10584844152994788,0.8412454984106597,0.0
1970-01-01 22:22:00,0.12577728130356872,-0.09009030979397126,0.8434567537596048,0.0
1970-01-01 22:23:00,0.1353410907251986,-0.12414548456997077,0.8414619973634029,0.0
1970-01-01 22:24:00,0.13005115244118318,-0.11222709117393433,0.8438520960837704,0.0
1970-01-01 22:25:00,0.12295054359259028,-0.12606607443861242,0.8430221424197238,0.0
1970-01-01 22:26:00,0.12587740709612583,-0.1369174791826323,0.8419628291467456,0.0
1970-01-01 22:27:00,0.122416726536416,-0.1134850757176958,0.8345400292114102,0.0
1970-01-01 22:28:00,0.11848953576075134,-0.12179629258743578,0.8234306366678602,0.0
1970-01-01 22:29:00,0.12878387169981795,-0.1366880956120779,0.8121857236754085,0.0
1970-01-01 22:30:00,0.1273632077666825,-0.18254230945546857,0.7924832986022028,0.0
1970-01-01 22:31:00,0.12601261937794225,-0.1621770922820295,0.8065346495466827,0.0
1970-01-01 22:32:00,0.1248830661657826,-0.15598358881004704,0.8103669803973451,0.0
1970-01-01 22:33:00,0.1172580379013927,-0.1594848764059517,0.807021668795107,0.0
1970-01-01 22:34:00,0.11499447264442964,-0.13731553600716415,0.8114376933326269,0.0
1970-01-01 22:35:00,0.12162884134428886,-0.16278265490955882,0.8116986442810737,0.0
1970-01-01 22:36:00,0.10978546749698943,-0.14091678050811193,0.8231394354063287,0.0
1970-01-01 22:37:00,0.1064412002147896,-0.13584140541933207,0.8277829866171914,0.0
1970-01-01 22:38:00,0.09866736114924853,-0.12851739414731486,0.8313447870108107,0.0
1970-01-01 22:39:00,0.09647542963865142,-0.13997575425732603,0.8316072725013015,0.0
1970-01-01 22:40:00,0.08755564069474248,-0.1474196435075573,0.8331458872223934,0.0
1970-01-01 22:41:00,0.09101076371358346,-0.14613459498986167,0.8361965550882332,0.0
1970-01-01 22:42:00,0.09243149450521304,-0.1285905661478743,0.8422844499103163,0.0
1970-01-01 22:43:00,0.09080569232093076,-0.13919173094681803,0.8442419915139983,0.0
1970-01-01 22:44:00,0.0836215033651505,-0.15293517740179727,0.8453938593598141,0.0
1970-01-01 22:45:00,0.08594755330726878,-0.14660967378060252,0.8503002193002414,0.0
1970-01-01 22:46:00,0.07891436824226229,-0.13466207598158053,0.8572951312198523,0.0
1970-01-01 22:47:00,0.09235883460531846,-0.12288446162614526,0.8575643377782033,0.0
1970-01-01 22:48:00,0.09032114988485163,-0.12825868991035758,0.8556300558483586,0.0
1970-01-01 22:49:00,0.0906499610952677,-0.12561041390991542,0.8548250019118241,0.0
1970-01-01 22:50:00,0.09412330082911709,-0.13862213454075967,0.8511361495347622,0.0
1970-01-01 22:51:00,0.09134196279678547,-0.13408438412340382,0.8504189710275484,0.0
1970-01-01 22:52:00,0.10077038156233507,-0.131271252388468,0.8492896029011373,0.0
1970-01-01 22:53:00,0.10420441829143663,-0.13438735046307312,0.847173510759016,0.0
1970-01-01 22:54:00,0.0902422028997907,-0.12480411586857805,0.8462273139966209,0.0
1970-01-01 22:55:00,0.09738763508988009,-0.19687020011722103,0.8191552561350681,0.0
1970-01-01 22:56:00,0.08083717040494633,-0.1319413249365788,0.8286280425711811,0.0
1970-01-01 22:57:00,0.059430005614371006,0.2521120649299749,0.5174545170343587,0.0044534624715778
1970-01-01 22:58:00,0.319222017398417,0.03660936685231762,0.5479270109771072,0.0
1970-01-01 22:59:00,0.39749674729712653,-0.04876891739083966,0.554156090254211,0.0
1970-01-01 23:00:00,0.9803607349036924,0.0779044643110095,0.04691707855094413,0.0
1970-01-01 23:01:00,0.980277621004153,0.0789301516343819,0.046649758372013204,0.0
1970-01-01 23:02:00,0.9802955466696027,0.07919122367333879,0.046406053431128164,0.0
1970-01-01 23:03:00,0.9812027049043994,0.07095249573478159,0.04426443725872262,0.0
1970-01-01 23:04:00,0.9816935815380656,0.0667769740612777,0.04248112264494976,0.0
1970-01-01 23:05:00,0.9817395957278466,0.06588590513481343,0.04241288661017347,0.0
1970-01-01 23:06:00,0.9818658402378301,0.06291057240814539,0.042782678850025534,0.0
1970-01-01 23:07:00,0.981941833103032,0.061621981979468964,0.042429306685742234,0.0
1970-01-01 23:08:00,0.9820097378798504,0.06108070676026723,0.04223865173849147,0.0
1970-01-01 23:09:00,0.9820514970318297,0.0605596032883649,0.04220621618880533,0.0
1970-01-01 23:10:00,0.9820760602045939,0.06023429383985324,0.042155755644459926,0.0
1970-01-01 23:11:00,0.9821111115180553,0.059818371621726596,0.042099779033660634,0.0
1970-01-01 23:12:00,0.9821265316343862,0.05943295717022496,0.042025858348492366,0.0
1970-01-01 23:13:00,0.9821526420936237,0.05905576750854483,0.041974656034819396,0.0
1970-01-01 23:14:00,0.9821766865737634,0.058814366925535704,0.04191188886299437,0.0
1970-01-01 23:15:00,0.9822025684565902,0.058269809795067,0.04188125378976687,0.0
1970-01-01 23:16:00,0.9822767942503082,0.0573562177519504,0.04178645566970707,0.0
1970-01-01 23:17:00,0.9822739634193741,0.057132127249709126,0.041778545711332465,0.0
1970-01-01 23:18:00,0.7749983961691628,0.0223978825750125,0.21860899701986417,0.0
1970-01-01 23:19:00,0.7749610937133967,0.022056162022873128,0.21854593765905284,0.0
1970-01-01 23:20:00,0.7750075418539528,0.021959547407483796,0.2186450156560462,0.0
1970-01-01 23:21:00,0.7750734198051269,0.022159165616705463,0.21841750026522944,0.0
1970-01-01 23:22:00,0.7751969312771768,0.0218076693715544,0.21843234684436338,0.0
1970-01-01 23:23:00,0.7751003540276468,0.021623257234296464,0.21828881044737336,0.0
1970-01-01 23:24:00,0.7750672422602567,0.021532199050649233,0.21814222056077015,0.0
1970-01-01 23:25:00,0.7750529730923165,0.022107364418624733,0.21820974819541075,0.0
1970-01-01 23:26:00,0.7741535931623297,0.023873133976360834,0.21779990889320774,0.0
1970-01-01 23:27:00,0.7734312690458461,0.025779830759678934,0.21739409196900764,0.0
1970-01-01 23:28:00,0.774805353692483,0.02545777227657743,0.21774179651509065,0.0
1970-01-01 23:29:00,0.7736276401098628,0.02441820831524963,0.2179207609135666,0.0
1970-01-01 23:30:00,0.7743271813574829,0.023694881508746962,0.21804441483373585,0.0
1970-01-01 23:31:00,0.7740519512463159,0.021854629872412032,0.21729849923279843,0.0
1970-01-01 23:32:00,0.7728704651852764,0.020489475541697232,0.21618433621026098,0.0
1970-01-01 23:33:00,0.7728668713846512,0.0177104924068082,0.21529734098558606,0.0
1970-01-01 23:34:00,0.7730078216045907,0.016489413945628535,0.21483155547959773,0.0
1970-01-01 23:35:00,0.7731755408104203,0.015132504743359502,0.21476953610845936,0.0
1970-01-01 23:36:00,0.7735335321814296,0.0148206136206965,0.2147716656805514,0.0
1970-01-01 23:37:00,0.776515074640864,0.016471029454184636,0.21314635188033662,0.0
1970-01-01 23:38:00,0.7761341810415843,0.01588182900546693,0.21300234237266916,0.0
1970-01-01 23:39:00,0.7764408381130866,0.014943934562084567,0.21301881335788375,0.0
1970-01-01 23:40:00,0.7764331096236948,0.015201397411550568,0.2127981648871544,0.0
1970-01-01 23:41:00,0.7764614469194102,0.014841711098566164,0.21273660016323373,0.0
1970-01-01 23:42:00,0.7767676360271573,0.013889154694887468,0.2128249264112919,0.0
1970-01-01 23:43:00,0.7765089952745966,0.013534693334643931,0.21276626348785513,0.0
1970-01-01 23:44:00,0.7761933900901745,0.014305071067685533,0.21241065850752103,0.0
1970-01-01 23:45:00,0.7758490272803223,0.014794431930123532,0.2122118032204073,0.0
1970-01-01 23:46:00,0.3608857941935513,-0.0437496929884755,0.558151102716646,0.0
1970-01-01 23:47:00,0.36335460133097613,-0.0407953232946654,0.5583037897107566,0.0
1970-01-01 23:48:00,0.3685806827522507,-0.033224056123086,0.5584381703662089,0.0
1970-01-01 23:49:00,0.3690833002558569,-0.0344508900715476,0.5584756204016836,0.0
1970-01-01 23:50:00,0.3712649869625142,-0.0514290054528779,0.5682759624742749,0.0
1970-01-01 23:51:00,0.3802496615138138,-0.0504016701594778,0.5613340912811575,0.0
1970-01-01 23:52:00,0.3797147236501211,-0.0501433093901884,0.5615281871482429,0.0
1970-01-01 23:53:00,0.3797869536146787,-0.04883332206774169,0.5617253125208349,0.0
1970-01-01 23:54:00,0.37758672502884555,-0.0602587781100655,0.5615901992030636,0.0
1970-01-01 23:55:00,0.3785911682662224,-0.0681758222166943,0.5638762291041286,0.0
1970-01-01 23:56:00,0.37928042321282324,-0.0682912468585308,0.5639127304117673,0.0
1970-01-01 23:57:00,0.37958732320693206,-0.0688761526412412,0.563780156489497,0.0
1970-01-01 23:58:00,0.3867362442206059,-0.0601559085730402,0.5684804001447664,0.0
1970-01-01 23:59:00,0.38690224261908,-0.0618209247810391,0.5681595455041092,0.0
1970-01-02 00:00:00,-0.4766964479967885,0.1707293166077369,0.061784539363115,0.0
1970-01-02 00:01:00,-0.4766964479967885,0.1707293166077369,0.061784539363115,0.0
1970-01-02 00:02:00,-0.4766964479967885,0.1707293166077369,0.061784539363115,0.0
1970-01-02 00:03:00,-0.4766964479967885,0.1707293166077369,0.061784539363115,0.0
1970-01-02 00:04:00,-0.4766964479967885,0.1707293166077369,0.061784539363115,0.0
1970-01-02 00:05:00,-0.4766964479967885,0.1707293166077369,0.061784539363115,0.0
1970-01-02 00:06:00,-0.4766964479967885,0.1707293166077369,0.061784539363115,0.0
1970-01-02 00:07:00,-0.4766964479967885,0.1707293166077369,0.061784539363115,0.0
1970-01-02 00:08:00,-0.4766964479967885,0.1707293166077369,0.061784539363115,0.0
1970-01-02 00:09:00,-0.4766964479967885,0.1707293166077369,0.061784539363115,0.0
1970-01-02 00:10:00,-0.4766964479967885,0.1707293166077369,0.061784539363115,0.0
1970-01-02 00:11:00,-0.4766964479967885,0.1707293166077369,0.061784539363115,0.0
1970-01-02 00:12:00,-0.4766964479967885,0.1707293166077369,0.061784539363115,0.0
1970-01-02 00:13:00,-0.4766964479967885,0.1707293166077369,0.061784539363115,0.0
1970-01-02 00:14:00,-0.4766964479967885,0.1707293166077369,0.061784539363115,0.0
1970-01-02 00:15:00,-0.4766964479967885,0.1707293166077369,0.061784539363115,0.0
1970-01-02 00:16:00,-0.4766964479967885,0.1707293166077369,0.061784539363115,0.0
1970-01-02 00:17:00,-0.4766964479967885,0.1707293166077369,0.061784539363115,0.0
1970-01-02 00:18:00,-0.4766964479967885,0.1707293166077369,0.061784539363115,0.0
1970-01-02 00:19:00,-0.4766964479967885,0.1707293166077369,0.061784539363115,0.0
1970-01-02 00:20:00,-0.4766964479967885,0.1707293166077369,0.061784539363115,0.0
1970-01-02 00:21:00,-0.4766964479967885,0.1707293166077369,0.061784539363115,0.0
1970-01-02 00:22:00,-0.4766964479967885,0.1707293166077369,0.061784539363115,0.0
1970-01-02 00:23:00,-0.4766964479967885,0.1707293166077369,0.061784539363115,0.0
1970-01-02 00:24:00,-0.4766964479967885,0.1707293166077369,0.061784539363115,0.0
1970-01-02 00:25:00,-0.4766964479967885,0.1707293166077369,0.061784539363115,0.0
1970-01-02 00:26:00,-0.4766964479967885,0.1707293166077369,0.061784539363115,0.0
1970-01-02 00:27:00,-0.4766964479967885,0.1707293166077369,0.061784539363115,0.0
1970-01-02 00:28:00,-0.4766964479967885,0.1707293166077369,0.061784539363115,0.0
1970-01-02 00:29:00,-0.4766964479967885,0.1707293166077369,0.061784539363115,0.0
1970-01-02 00:30:00,-0.4766964479967885,0.1707293166077369,0.061784539363115,0.0
1970-01-02 00:31:00,-0.4766964479967885,0.1707293166077369,0.061784539363115,0.0
1970-01-02 00:32:00,-0.4766964479967885,0.1707293166077369,0.061784539363115,0.0
1970-01-02 00:33:00,-0.4766964479967885,0.1707293166077369,0.061784539363115,0.0
1970-01-02 00:34:00,-0.4766964479967885,0.1707293166077369,0.061784539363115,0.0
1970-01-02 00:35:00,-0.4766964479967885,0.1707293166077369,0.061784539363115,0.0
1970-01-02 00:36:00,-0.4766964479967885,0.1707293166077369,0.061784539363115,0.0
1970-01-02 00:37:00,-0.4766964479967885,0.1707293166077369,0.061784539363115,0.0
1970-01-02 00:38:00,-0.4766964479967885,0.1707293166077369,0.061784539363115,0.0
1970-01-02 00:39:00,-0.4766964479967885,0.1707293166077369,0.061784539363115,0.0
1970-01-02 00:40:00,-0.4766964479967885,0.1707293166077369,0.061784539363115,0.0
1970-01-02 00:41:00,-0.4766964479967885,0.1707293166077369,0.061784539363115,0.0
1970-01-02 00:42:00,-0.4766964479967885,0.1707293166077369,0.061784539363115,0.0
1970-01-02 00:43:00,-0.4766964479967885,0.1707293166077369,0.061784539363115,0.0
1970-01-02 00:44:00,-0.4766964479967885,0.1707293166077369,0.061784539363115,0.0
1970-01-02 00:45:00,-0.4766964479967885,0.1707293166077369,0.061784539363115,0.0
1970-01-02 00:46:00,-0.4766964479967885,0.1707293166077369,0.061784539363115,0.0
1970-01-02 00:47:00,-0.4766964479967885,0.1707293166077369,0.061784539363115,0.0
1970-01-02 00:48:00,-0.4766964479967885,0.1707293166077369,0.061784539363115,0.0
1970-01-02 00:49:00,-0.4766964479967885,0.1707293166077369,0.061784539363115,0.0
1970-01-02 00:50:00,-0.4766964479967885,0.1707293166077369,0.061784539363115,0.0
1970-01-02 00:51:00,-0.4766964479967885,0.1707293166077369,0.061784539363115,0.0
1970-01-02 00:52:00,-0.4766964479967885,0.1707293166077369,0.061784539363115,0.0
1970-01-02 00:53:00,-0.4766964479967885,0.1707293166077369,0.061784539363115,0.0
1970-01-02 00:54:00,-0.4766964479967885,0.1707293166077369,0.061784539363115,0.0
1970-01-02 00:55:00,-0.4766964479967885,0.1707293166077369,0.061784539363115,0.0
1970-01-02 00:56:00,-0.4766964479967885,0.1707293166077369,0.061784539363115,0.0
1970-01-02 00:57:00,-0.4766964479967885,0.1707293166077369,0.061784539363115,0.0
1970-01-02 00:58:00,-0.4766964479967885,0.1707293166077369,0.061784539363115,0.0
1970-01-02 00:59:00,-0.4766964479967885,0.1707293166077369,0.061784539363115,0.0
1970-01-02 01:00:00,-0.7033680769508072,0.15783331120034857,0.06245647065150114,0.0
1970-01-02 01:01:00,-0.6497391116102927,0.16064395871291728,0.06239145332928107,0.0
1970-01-02 01:02:00,-0.6008494876730405,0.16356830890334176,0.06220844113819474,0.0
1970-01-02 01:03:00,-0.5560206214829252,0.1661777667823077,0.062051328848454206,0.0
1970-01-02 01:04:00,-0.514774684470387,0.16855425072767072,0.061912815721924336,0.0
1970-01-02 01:05:00,-0.4766964479967885,0.1707293166077369,0.061784539363115,0.0
1970-01-02 01:06:00,-0.4766964479967885,0.1707293166077369,0.061784539363115,0.0
1970-01-02 01:07:00,-0.4766964479967885,0.1707293166077369,0.061784539363115,0.0
1970-01-02 01:08:00,-0.4766964479967885,0.1707293166077369,0.061784539363115,0.0
1970-01-02 01:09:00,-0.4766964479967885,0.1707293166077369,0.061784539363115,0.0
1970-01-02 01:10:00,-0.6534142924633355,0.16595054362238607,0.031770719474335164,0.0064385032304755995
1970-01-02 01:11:00,-0.653248003124454,0.16678846159564864,0.031788798415854636,0.006403380158997034
1970-01-02 01:12:00,-0.6528093034522607,0.16978109439725753,0.0315318697508668,0.0064574679493663
1970-01-02 01:13:00,-0.6527327743116335,0.17034013996527073,0.03138623345844027,0.0064787251584335
1970-01-02 01:14:00,-0.6527122463916606,0.17053577389542882,0.031208026749177168,0.006496275855540734
1970-01-02 01:15:00,-0.6526779950956372,0.17080537089901818,0.031185692749060634,0.006508279817385733
1970-01-02 01:16:00,-0.6526593309525525,0.1709484942489047,0.031103491220854002,0.006516347851689833
1970-01-02 01:17:00,-0.6528877139525772,0.16950422315741479,0.03082926584381937,0.006509990745762467
1970-01-02 01:18:00,-0.6527795445618504,0.17019509549659373,0.031125420619519135,0.006508356402643933
1970-01-02 01:19:00,-0.6529915931399008,0.1685880796284047,0.03132140281921313,0.006448901614116167
1970-01-02 01:20:00,-0.6521326645277901,0.17165822757204174,0.033152494121037206,0.006062930363871066
1970-01-02 01:21:00,-0.6402616717107388,0.2085904155487606,0.0406961533149848,0.0027690595569845335
1970-01-02 01:22:00,-0.6528945976191035,0.17177038288725974,0.02544769565571747,0.007101809574766633
1970-01-02 01:23:00,-0.6536269124824131,0.16726151708613632,0.025513207374054436,0.007082738956926033
1970-01-02 01:24:00,-0.6528080902390032,0.1722733858180585,0.02588061920870084,0.0070829213379430675
1970-01-02 01:25:00,-0.6533246289704858,0.1670688648924342,0.025672121337443937,0.006747026077933034
1970-01-02 01:26:00,-0.6546857223743977,0.15966458290515895,0.02286501669779817,0.007153298931214534
1970-01-02 01:27:00,-0.50695603199203,0.2892955653226035,0.015484337711826534,0.0
1970-01-02 01:28:00,-0.33386108542842113,0.11253538655785737,0.28589158525670494,0.0
1970-01-02 01:29:00,-0.30294808634543274,-0.017139411376166664,0.30548469376110376,0.0
1970-01-02 01:30:00,-0.1582652228140759,0.15349139786442587,0.18519175961295706,0.0
1970-01-02 01:31:00,-0.0001136437281401929,0.1951984365422985,0.061405314462887634,0.0
1970-01-02 01:32:00,-0.000987104525139726,0.1993166648502088,0.05998335614870543,0.0
1970-01-02 01:33:00,-0.0008265735535309959,0.19846230730313028,0.06011114277376827,0.0
1970-01-02 01:34:00,-0.0007843220831284711,0.19815959101206007,0.060186520024161534,0.0
1970-01-02 01:35:00,-0.00071849207680826,0.19791764010856416,0.06018108487799793,0.0
1970-01-02 01:36:00,-0.4826860312672194,0.1726406274641503,0.061161282843793706,0.0
1970-01-02 01:37:00,-0.48268157760888974,0.1726565786053725,0.061162479914631036,0.0
1970-01-02 01:38:00,-0.4826806112060587,0.17265783563371687,0.061162981420627566,0.0
1970-01-02 01:39:00,-0.4827184682786827,0.17252892611701065,0.061170444069619835,0.0
1970-01-02 01:40:00,-0.4826949141633219,0.17260458351048627,0.06116546022890227,0.0
1970-01-02 01:41:00,-0.4685500751298394,0.17301425573328508,0.0635646649424451,0.0
1970-01-02 01:42:00,-0.4532527524498524,0.1733421744457826,0.06616347145907393,0.0
1970-01-02 01:43:00,-0.4366632941651052,0.1734408795085731,0.06901253736845146,0.0
1970-01-02 01:44:00,-0.41856556702751063,0.17352006753084318,0.07213288758405056,0.0
1970-01-02 01:45:00,-0.3987440933595609,0.17359969588525215,0.07556670719931183,0.0
1970-01-02 01:46:00,-0.37694730718278957,0.17364418756809327,0.07934693786732316,0.0
1970-01-02 01:47:00,-0.35286769132710294,0.17364721032844008,0.0835388019911182,0.0
1970-01-02 01:48:00,-0.3260716234346096,0.17386208435222494,0.08822116512350674,0.0
1970-01-02 01:49:00,-0.29613918108828813,0.17401202195371068,0.09341956582911097,0.0
1970-01-02 01:50:00,-0.2624438617385076,0.17436200224566833,0.09924162321896436,0.0
1970-01-02 01:51:00,-0.22437478430628754,0.1743295695617445,0.10561468635934856,0.0
1970-01-02 01:52:00,-0.18255947543811069,0.16903753481407782,0.1117998266273504,0.0
1970-01-02 01:53:00,-0.13239565388400534,0.16831869291822274,0.12137986889701857,0.0
1970-01-02 01:54:00,-0.07380760210381893,0.16793781908822358,0.13243580206253633,0.0
1970-01-02 01:55:00,-0.004539580474767972,0.16811863226609694,0.14513760760554964,0.0
1970-01-02 01:56:00,0.07874052486445199,0.16877299242607227,0.1608240311463596,0.0
1970-01-02 01:57:00,0.1888760892415606,0.17618086843230066,0.1796699491632762,0.0
1970-01-02 01:58:00,0.28295356295864155,0.14918433328877503,0.20586154108506952,0.0
1970-01-02 01:59:00,0.3495370545436689,0.16124798560389875,0.16270141777400726,0.0
1970-01-02 02:00:00,-0.6525312427844624,0.2942013565095515,0.028760652222519296,0.0
1970-01-02 02:01:00,-0.6527178701828811,0.294195753053993,0.028784311292389102,0.0
1970-01-02 02:02:00,-0.6480865944255141,0.2893217534582463,0.029899152854817996,0.0
1970-01-02 02:03:00,-0.632950704577312,0.2726455401011616,0.0311325434205828,0.0
1970-01-02 02:04:00,-0.6645541796125455,0.2800566396107526,0.0312484740178593,0.0
1970-01-02 02:05:00,-0.6645541796125455,0.2800566396107526,0.0312484740178593,0.0
1970-01-02 02:06:00,-0.6645541796125455,0.2800566396107526,0.0312484740178593,0.0
1970-01-02 02:07:00,-0.6645541796125455,0.2800566396107526,0.0312484740178593,0.0
1970-01-02 02:08:00,-0.6645541796125455,0.2800566396107526,0.0312484740178593,0.0
1970-01-02 02:09:00,-0.6645541796125455,0.2800566396107526,0.0312484740178593,0.0
1970-01-02 02:10:00,-0.6645541796125455,0.2800566396107526,0.0312484740178593,0.0
1970-01-02 02:11:00,-0.6645541796125455,0.2800566396107526,0.0312484740178593,0.0
1970-01-02 02:12:00,-0.6645541796125455,0.2800566396107526,0.0312484740178593,0.0
1970-01-02 02:13:00,-0.6645541796125455,0.2800566396107526,0.0312484740178593,0.0
1970-01-02 02:14:00,-0.6645541796125455,0.2800566396107526,0.0312484740178593,0.0
1970-01-02 02:15:00,-0.6645541796125455,0.2800566396107526,0.0312484740178593,0.0
1970-01-02 02:16:00,-0.6645541796125455,0.2800566396107526,0.0312484740178593,0.0
1970-01-02 02:17:00,-0.6330962227111206,0.2717991394956117,0.0313158477190935,0.0
1970-01-02 02:18:00,-0.6331058655248546,0.2717342341971024,0.0313096079088254,0.0
1970-01-02 02:19:00,-0.6333515731628582,0.270644248659534,0.0313880204481838,0.0
1970-01-02 02:20:00,-0.6334980498974431,0.2699561100277524,0.0314219085430164,0.0
1970-01-02 02:21:00,-0.6335145505106983,0.2698938145183212,0.0314177010769619,0.0
1970-01-02 02:22:00,-0.6335265558442289,0.2698567868008654,0.0314170218133714,0.0
1970-01-02 02:23:00,-0.6335368174372997,0.2698205759052511,0.0314130364890752,0.0
1970-01-02 02:24:00,-0.6335453266675762,0.2697712571838032,0.0313987816796711,0.0
1970-01-02 02:25:00,-0.6356859998703535,0.2739787838420118,0.0311116356405824,0.0
1970-01-02 02:26:00,-0.6483016841518471,0.2932296640924071,0.0289020740461738,0.0
1970-01-02 02:27:00,-0.6675134136438553,0.2856694105036554,0.0304974093991531,0.0
1970-01-02 02:28:00,-0.6686076792537207,0.2845988953433954,0.0307203646398997,0.0
1970-01-02 02:29:00,-0.6684564262527286,0.2848585898493574,0.0308071594320192,0.0
1970-01-02 02:30:00,-0.6693367940472785,0.2831587085535326,0.0302886591707089,0.0
1970-01-02 02:31:00,-0.6696609086352253,0.2827531308212006,0.029903151017429398,0.0
1970-01-02 02:32:00,-0.6696460077187152,0.2827882709009026,0.0298755385245317,0.0
1970-01-02 02:33:00,-0.6696510507703118,0.2827799941577484,0.029861895285782997,0.0
1970-01-02 02:34:00,-0.6692002294475982,0.2836806911912756,0.029968251001917596,0.0
1970-01-02 02:35:00,-0.6688345222370837,0.284373558730849,0.030014875483592097,0.0
1970-01-02 02:36:00,-0.668853263643053,0.2843467883330407,0.0299470611680208,0.0
1970-01-02 02:37:00,-0.6688685895899601,0.2843339495100185,0.0298830660567268,0.0
1970-01-02 02:38:00,-0.6688767133511413,0.2843202909788586,0.0298723662935369,0.0
1970-01-02 02:39:00,-0.6688488464715397,0.2843684436366176,0.029872831585206,0.0
1970-01-02 02:40:00,-0.6687867108821792,0.2844762722013226,0.0298726207256035,0.0
1970-01-02 02:41:00,-0.668841188823646,0.2843326997437381,0.029916108378910105,0.0
1970-01-02 02:42:00,-0.6690429017579835,0.2839809572092411,0.030040534607367202,0.0
1970-01-02 02:43:00,-0.669033134681186,0.2840098294079856,0.0299983654101363,0.0
1970-01-02 02:44:00,-0.6690042518876401,0.2840677400561393,0.029977227707580396,0.0
1970-01-02 02:45:00,-0.6689733656691915,0.2841272681847168,0.029962085109222398,0.0
1970-01-02 02:46:00,-0.6689519721344083,0.2841698999349903,0.0299547964474996,0.0
1970-01-02 02:47:00,-0.668961405983317,0.2841509843038231,0.0299490483836109,0.0
1970-01-02 02:48:00,-0.6689747777033507,0.2841287026739578,0.0299395390823838,0.0
1970-01-02 02:49:00,-0.6689587690703882,0.2841592079391261,0.0299470926802493,0.0
1970-01-02 02:50:00,-0.6689720312360473,0.2841321038854701,0.029947596875904103,0.0
1970-01-02 02:51:00,-0.6689380759735265,0.2841946516571946,0.029941853091453797,0.0
1970-01-02 02:52:00,-0.6689370570164052,0.2841966518605025,0.0299422514682675,0.0
1970-01-02 02:53:00,-0.6689263196733193,0.284220068382057,0.0299300609043452,0.0
1970-01-02 02:54:00,-0.668918514938534,0.2842331652399648,0.029921754514356202,0.0
1970-01-02 02:55:00,-0.6689043124311609,0.2842581582565364,0.029935417205097802,0.0
1970-01-02 02:56:00,-0.6689527339430675,0.2841666055164395,0.029960314588832703,0.0
1970-01-02 02:57:00,-0.6690067620015244,0.2840621354460623,0.0299256207924561,0.0
1970-01-02 02:58:00,-0.6689607014878258,0.284147384515128,0.029935137485440504,0.0
1970-01-02 02:59:00,-0.6540710782078154,0.2931398171533997,0.028585999003311,0.0
1970-01-02 03:00:00,-0.5549438353425151,0.4022591522078205,-0.0171901070466807,0.0
1970-01-02 03:01:00,-0.5551204991360391,0.4022494606734088,-0.0171778625874149,0.0
1970-01-02 03:02:00,-0.5552178535386617,0.4022465395201795,-0.0171652966639823,0.0
1970-01-02 03:03:00,-0.5432082107026278,0.3908395591081786,-0.0162697847892733,0.0
1970-01-02 03:04:00,-0.5406224150055999,0.388388792554897,-0.016071752331768,0.0
1970-01-02 03:05:00,-0.5406227549798928,0.3883685735197849,-0.0160728575034037,0.0
1970-01-02 03:06:00,-0.5406237947737448,0.3883605469275784,-0.0160591251638691,0.0
1970-01-02 03:07:00,-0.8212064820014238,0.3472654031797597,0.0021991427701043335,0.0103717117263226
1970-01-02 03:08:00,-0.8211930330053819,0.347296714816356,0.0022193555839892334,0.010370004917409267
1970-01-02 03:09:00,-0.821593621354618,0.34592411558726627,0.002308101577621933,0.010310493769880866
1970-01-02 03:10:00,-0.8237491123091928,0.34465749891248937,0.002277065712028832,0.010288262507347134
1970-01-02 03:11:00,-0.8237292264499713,0.3447085840358566,0.002273243139577734,0.0102855224643828
1970-01-02 03:12:00,-0.8307468003930794,0.3464391487569198,0.0023321414254924,0.0102759292467428
1970-01-02 03:13:00,-0.8307862318077004,0.34629457603938163,0.0023295387563488667,0.010265674346664533
1970-01-02 03:14:00,-0.8308075086800546,0.34620568685190545,0.0023271522646728673,0.0102568831797834
1970-01-02 03:15:00,-0.8308035481793477,0.34622114845145213,0.0023240968686938667,0.010257298306038066
1970-01-02 03:16:00,-0.8307944210507131,0.3462476980620141,0.002321442734678733,0.0102567199341168
1970-01-02 03:17:00,-0.8308238546948196,0.34613467166170625,0.0023381970955573678,0.0102521334544034
1970-01-02 03:18:00,-0.8308197754982604,0.34614341733593496,0.0023602172031921,0.010249646870397333
1970-01-02 03:19:00,-0.8308063617595763,0.3461712289126961,0.0023789159520825665,0.010250259086056934
1970-01-02 03:20:00,-0.8307829774122459,0.3462440192986301,0.002412928049491033,0.010249156812114933
1970-01-02 03:21:00,-0.830627010926347,0.3467006836439885,0.0025786835539065335,0.010240458548936
1970-01-02 03:22:00,-0.8308132745032913,0.3461332552731012,0.0024220663971681335,0.0102334711387732
1970-01-02 03:23:00,-0.8309230774521387,0.3452060012218123,0.002743105110725067,0.010056315687041866
1970-01-02 03:24:00,-0.8312569746745314,0.34280598903137977,0.003042624973517967,0.009607194225381267
1970-01-02 03:25:00,-0.8314098803300783,0.3425648993893993,0.0025483798618069335,0.009686323835645666
1970-01-02 03:26:00,-0.8312350545043766,0.3431916904557326,0.0021832451773784005,0.0097279701718028
1970-01-02 03:27:00,-0.8097622192662853,0.3583157319995076,-0.0003066559023371003,0.0
1970-01-02 03:28:00,-0.7814598434757937,0.3746644809116977,0.00047885802657990015,0.0
1970-01-02 03:29:00,-0.7578003839650586,0.39016614048409987,-0.0019214515573305,0.0
1970-01-02 03:30:00,-0.7558184269303826,0.3925035488298614,-0.0035692999703188333,0.0
1970-01-02 03:31:00,-0.746766508002746,0.39128305983812983,-0.005354004574577033,0.0
1970-01-02 03:32:00,-0.7468239314106219,0.39174955921327465,-0.0053640922729258,0.0
1970-01-02 03:33:00,-0.7471583743404843,0.39317008607157256,-0.005221476731290301,0.0
1970-01-02 03:34:00,-0.7472700615982077,0.39342174776541833,-0.005259797591817934,0.0
1970-01-02 03:35:00,-0.8936665765003057,0.3717725773652447,0.0034228913251291002,0.0051907040079594334
1970-01-02 03:36:00,-0.8939017112958503,0.371019869014999,0.0034275644718926336,0.0051712505842909
1970-01-02 03:37:00,-0.8937814625209509,0.371450549828,0.0034598853845008667,0.005196075854173066
1970-01-02 03:38:00,-0.8937553696445142,0.37148448959329744,0.003473426046407267,0.005182450033726434
1970-01-02 03:39:00,-0.8947775106053607,0.36800393264222925,0.0036749175691976666,0.0050513361583017
1970-01-02 03:40:00,-0.8941415494906181,0.3700466822660711,0.0035403538698241,0.0050891866629506665
1970-01-02 03:41:00,-0.8939414396343334,0.370785682633281,0.003489030175715734,0.0051345769094076005
1970-01-02 03:42:00,-0.8940593323139212,0.3703424745248341,0.0034651452033689005,0.005104517038189667
1970-01-02 03:43:00,-0.8941852779162905,0.36992824329147617,0.0034914173242789003,0.005092474652713967
1970-01-02 03:44:00,-0.894131149263925,0.3700793212738543,0.0034941214106456665,0.005089172954295
1970-01-02 03:45:00,-0.8940149357418169,0.3705561089378255,0.0034787532988505335,0.005130731205989433
1970-01-02 03:46:00,-0.8939791635335214,0.37064480058864996,0.0034833320386087,0.0051252123312843
1970-01-02 03:47:00,-0.8941989397525382,0.3699034888753954,0.0036250571836718005,0.0050991116855603
1970-01-02 03:48:00,-0.8940229271247957,0.37045791175131915,0.0036277342966085004,0.0051086824019552
1970-01-02 03:49:00,-0.8939174215283949,0.37083627209476216,0.0036310790019399336,0.0051296481060141
1970-01-02 03:50:00,-0.8939387055088037,0.37073336216372316,0.0035904098127181004,0.0051164139995822
1970-01-02 03:51:00,-0.8940823657830128,0.3700841841057925,0.0040539954123590335,0.0050512752415191
1970-01-02 03:52:00,-0.8941480551269264,0.36991083315243795,0.004025046178512333,0.005058114835504134
1970-01-02 03:53:00,-0.8949835986139288,0.36222456694770594,0.006622128948100966,0.0035391211240683334
1970-01-02 03:54:00,-0.8975367971229432,0.3453272865799218,0.006685725552901399,0.0014034485143779001
1970-01-02 03:55:00,-0.8957894271675227,0.36699678611634984,-0.0012714835278656667,0.0056786426951287335
1970-01-02 03:56:00,-0.8922029489933339,0.3767051499179268,4.8913078660999986e-05,0.005415976539826867
1970-01-02 03:57:00,-0.6705692741051271,0.5225640028629632,-0.023992087074548033,0.0
1970-01-02 03:58:00,-0.5733352777801118,0.6009744362766077,-0.03273967160388327,0.006683641163351933
1970-01-02 03:59:00,-0.5810942952544672,0.6010933755425545,-0.03253353390775947,0.006872122556029166
1970-01-02 04:00:00,0.21909586719085516,0.4834682389419476,-0.03207027100025397,0.0070232036790536
1970-01-02 04:01:00,0.17100384765846513,0.49048910477596114,-0.03305183116370417,0.0070275276443264
1970-01-02 04:02:00,0.21093369221095792,0.41247354774515904,-0.0150282580397005,0.0
1970-01-02 04:03:00,0.4367776275773714,0.12925670778670675,0.0051514849027399666,0.0
1970-01-02 04:04:00,0.03059429012934864,0.2946785293696296,0.0096728937391866,0.0
1970-01-02 04:05:00,0.0015354897115643362,0.3017499095505345,0.008894836089925766,0.0
1970-01-02 04:06:00,-0.025162769330789467,0.30769812678559155,0.007813277881781667,0.0
1970-01-02 04:07:00,-0.049760340682468505,0.31365885944556604,0.006947523182290833,0.0
1970-01-02 04:08:00,-0.07240903269935967,0.31942216045287997,0.006318188294353166,0.0
1970-01-02 04:09:00,-0.09336108326316696,0.3242945874443895,0.005429097924012566,0.0
1970-01-02 04:10:00,-0.1129386403702863,0.32980347006653804,0.004931728404575665,0.0
1970-01-02 04:11:00,-0.1309973125849104,0.3346648282846593,0.0045727198776669,0.0
1970-01-02 04:12:00,-0.14801819903456992,0.3379457050617054,0.004068845629564267,0.0
1970-01-02 04:13:00,-0.16406336790357182,0.3413812086751619,0.0036263588640876657,0.0
1970-01-02 04:14:00,-0.17921033005294199,0.34492641986773775,0.0031737457942981003,0.0
1970-01-02 04:15:00,-0.19329702862652134,0.34820300884760275,0.0027733600612235335,0.0
1970-01-02 04:16:00,-0.20651793125167142,0.3517160247231581,0.0025795623750143673,0.0
1970-01-02 04:17:00,0.152105421803805,0.1809166616364515,-0.00011182451980356704,0.0
1970-01-02 04:18:00,0.14014284222853934,0.18249093726329949,-0.0005768785016007314,0.0
1970-01-02 04:19:00,0.12474106266009106,0.1661798287714243,0.00045174389932460074,0.0
1970-01-02 04:20:00,0.11163365224063378,0.15667344676462538,0.0007264654550997335,0.0
1970-01-02 04:21:00,0.10135131706458515,0.15794643821698165,0.0003517928353700984,0.0
1970-01-02 04:22:00,0.09164759939391587,0.15954149922565508,5.370814532856585e-05,0.0
1970-01-02 04:23:00,0.08244638651737331,0.16106140197205418,-0.0002980226857335992,0.0
1970-01-02 04:24:00,0.07371167304036208,0.16226264782940242,-0.000821154380089365,0.0
1970-01-02 04:25:00,0.02843030637860881,0.23717373027946975,-0.006050546382581966,0.0
1970-01-02 04:26:00,-0.1980844163320842,0.5726741143333741,-0.0445707285268446,0.0
1970-01-02 04:27:00,-0.538623639336813,0.4432868774301988,-0.017156263344355202,0.0
1970-01-02 04:28:00,-0.5647644611069706,0.4263806352540082,-0.013512199660237935,0.005413681843879533
1970-01-02 04:29:00,-0.5580286189533631,0.4390938916240379,-0.013213976938199298,0.005491175478157101
1970-01-02 04:30:00,-0.57328832739223,0.40962928249640784,-0.022201314800911,0.004827779742563833
1970-01-02 04:31:00,-0.5841808927344195,0.39358738286176326,-0.027808858498980637,0.007127520788003767
1970-01-02 04:32:00,-0.589287842854699,0.3847883804559514,-0.027183343769053667,0.007162064111635066
1970-01-02 04:33:00,-0.5986332465646247,0.3786492999027067,-0.027143867534269468,0.007191724318559567
1970-01-02 04:34:00,-0.6127101832059317,0.4014312879677953,-0.026005935497018896,0.006903908868856266
1970-01-02 04:35:00,-0.6063712582236848,0.4134409919870669,-0.02519777781466233,0.007032893077151767
1970-01-02 04:36:00,-0.6066961092604818,0.4129769717583904,-0.0263732259512299,0.007126206306018133
1970-01-02 04:37:00,-0.6069617590068729,0.4127544321593393,-0.0274824745469931,0.007289070600457334
1970-01-02 04:38:00,-0.607102570867347,0.4125176842859008,-0.0276679371089511,0.007302522090649733
1970-01-02 04:39:00,-0.6066195449542529,0.41335233035372343,-0.027659872053353435,0.007293029806533301
1970-01-02 04:40:00,-0.6055425280720054,0.4152213588086105,-0.027663526953130967,0.007286536374671834
1970-01-02 04:41:00,-0.6064868123907617,0.4127327695438119,-0.026909740962483202,0.0068435126304483
1970-01-02 04:42:00,-0.6099831699192791,0.406635898945863,-0.0247530196692259,0.006881573989339866
1970-01-02 04:43:00,-0.609813873921455,0.4071363503907683,-0.025483952421227866,0.006993786787025034
1970-01-02 04:44:00,-0.6093132388333263,0.4081401349587644,-0.025850339265530764,0.0070453189532261665
1970-01-02 04:45:00,-0.6087778777135516,0.4091719558541083,-0.026112810970402602,0.0070803767517678
1970-01-02 04:46:00,-0.6084070564439759,0.409910906192183,-0.026239147773597968,0.007116870832489333
1970-01-02 04:47:00,-0.6085705764917262,0.4095830352519507,-0.026338780881001864,0.0071050404655118
1970-01-02 04:48:00,-0.63161585247315,0.4174067669601483,-0.027394073028018735,0.007127645847360067
1970-01-02 04:49:00,-0.6552565693634225,0.42660083599364285,-0.02819176960122317,0.007135084427550467
1970-01-02 04:50:00,-0.6803876101366204,0.43617426318860747,-0.02922604462700057,0.007109346920092966
1970-01-02 04:51:00,-0.705846996676179,0.4484283716171315,-0.030452228644388363,0.007122046623114833
1970-01-02 04:52:00,-0.7332331704282856,0.4602777118009342,-0.0316274062003227,0.007123177674147733
1970-01-02 04:53:00,-0.7619209323314774,0.4731715916142924,-0.033084052000282395,0.007165340310645433
1970-01-02 04:54:00,-0.7922537487916999,0.48661524442242504,-0.03453872010414857,0.007162964097491499
1970-01-02 04:55:00,-0.8242082765387829,0.5010691829393675,-0.035673368369506964,0.0071506886041835
1970-01-02 04:56:00,-0.8569597991902489,0.5100377164282194,-0.03640118020498027,0.007097447357011466
1970-01-02 04:57:00,-0.8784897356525793,0.4991989266958676,-0.0359110148502954,0.0111368876713547
1970-01-02 04:58:00,-0.8787591872134398,0.49927462831964675,-0.03631459403166993,0.011383283718894535
1970-01-02 04:59:00,-0.6205854151191281,0.6548481987260804,-0.0605542022289589,0.004118780062793333
1970-01-02 05:00:00,0.4530261544297198,0.5165340575065325,-0.07488360290579364,0.007450184547837767
1970-01-02 05:01:00,0.4630494621152141,0.5022581824687908,-0.0735582929852316,0.0074508193517593335
1970-01-02 05:02:00,0.472474346210685,0.49449602096646855,-0.07227543116642667,0.0075170918135227666
1970-01-02 05:03:00,0.7716090765791455,0.2243903408564625,-0.04824772820780613,0.0
1970-01-02 05:04:00,0.8395292936609291,0.1736518861070008,-0.0418355287682421,0.0
1970-01-02 05:05:00,0.8435396525029838,0.18177469080073935,-0.0404340241482647,0.0
1970-01-02 05:06:00,0.8467622409384141,0.18982929307976848,-0.0387807479120766,0.0
1970-01-02 05:07:00,0.8495124133443492,0.1969055159470469,-0.0376277628458547,0.0
1970-01-02 05:08:00,0.8518902723229994,0.2036217940024425,-0.03644477918471183,0.0
1970-01-02 05:09:00,0.85399028113179,0.2099750843109521,-0.0356976476034903,0.0
1970-01-02 05:10:00,0.8557917677132446,0.21683550173558733,-0.03425409772993567,0.0
1970-01-02 05:11:00,0.8573889309632697,0.22206857082813833,-0.03352027005188366,0.0
1970-01-02 05:12:00,0.5465549420869947,0.24842062360489234,0.14679804025024235,0.0
1970-01-02 05:13:00,0.5484889886121568,0.2521634365410554,0.14754697047348564,0.0
1970-01-02 05:14:00,0.5501212855143021,0.25556010841205296,0.14823763961209271,0.0
1970-01-02 05:15:00,0.5519025381122568,0.2592785897894246,0.1488372001691238,0.0
1970-01-02 05:16:00,0.553045670370869,0.26269203452685236,0.14941192340027928,0.0
1970-01-02 05:17:00,0.5516460879560885,0.2679884783200209,0.14947081415469313,0.0
1970-01-02 05:18:00,0.5415188545399289,0.2806867267776297,0.14791208440574652,0.0
1970-01-02 05:19:00,0.5283831002774884,0.29348155367630196,0.14613165612258702,0.0
1970-01-02 05:20:00,0.5132706104288313,0.30607795781399677,0.1441357939407448,0.0
1970-01-02 05:21:00,0.4993384432528689,0.31840338622925374,0.14210764764505668,0.0
1970-01-02 05:22:00,0.48477015415924374,0.31151307754579216,0.1562252082698028,0.0
1970-01-02 05:23:00,0.4712982340574385,0.29661857677887676,0.1719892998834418,0.0
1970-01-02 05:24:00,0.45846220845732444,0.284477049304547,0.18783445856525507,0.0
1970-01-02 05:25:00,0.4556159373055581,0.2801153142872448,0.1944668885324986,0.0
1970-01-02 05:26:00,0.442087925957562,0.273556838718863,0.20916154345664806,0.0
1970-01-02 05:27:00,0.43053614418094077,0.26869884314266224,0.22343067436320882,0.0
1970-01-02 05:28:00,0.41985384172705587,0.26051293051975694,0.23719484491816378,0.0
1970-01-02 05:29:00,0.4101207119748504,0.251064682826774,0.25004005567007964,0.0
1970-01-02 05:30:00,0.41010379428893134,0.2509232369069644,0.25001278945204036,0.0
1970-01-02 05:31:00,0.7339347197164313,0.21626477782107104,0.07353629625673527,0.0
1970-01-02 05:32:00,0.7421376478303245,0.23494023201532857,0.07835179796032184,0.0
1970-01-02 05:33:00,0.7295412320028141,0.3285728221408879,0.09311939776053524,0.0
1970-01-02 05:34:00,0.7184161099883374,0.3494944570440359,0.09360692654793808,0.0
1970-01-02 05:35:00,0.7086103822781308,0.361413694880561,0.0971174828946495,0.0
1970-01-02 05:36:00,0.6988529061868375,0.37250226562370337,0.10107339955849894,0.0
1970-01-02 05:37:00,0.6903709078193616,0.38082056854251983,0.10457325701185427,0.0
1970-01-02 05:38:00,0.6818528677557136,0.38871646083663497,0.10851094376631605,0.0
1970-01-02 05:39:00,0.672891139483879,0.39703493822976715,0.11276724220885959,0.0
1970-01-02 05:40:00,0.6632639329016525,0.4061075020667529,0.1172800318081129,0.0
1970-01-02 05:41:00,0.6533723226784193,0.41496196824500836,0.122067812372101,0.0
1970-01-02 05:42:00,0.6525330357929092,0.40473837264385315,0.12771319966566344,0.0
1970-01-02 05:43:00,0.6504950836795161,0.41077491811061734,0.12814786300488779,0.0
1970-01-02 05:44:00,0.649401090603064,0.412762525621678,0.12802549803927346,0.0
1970-01-02 05:45:00,0.648535788225651,0.41438906285840926,0.12792675505506265,0.0
1970-01-02 05:46:00,0.6482389202163804,0.41494027386385524,0.1278009509771116,0.0
1970-01-02 05:47:00,0.6090798688673525,0.45257989382349345,0.1203665341750383,0.0
1970-01-02 05:48:00,0.47761780339882404,0.5652754936838105,0.09673697323774398,0.0036964557767666666
1970-01-02 05:49:00,0.4207434296465402,0.5790448324510122,0.09169388588051434,0.0025916818825154667
1970-01-02 05:50:00,0.37451741986395853,0.5881036779965396,0.08716880301813712,0.007130978582713
1970-01-02 05:51:00,0.38201315247863504,0.5872967180521186,0.08397684822129022,0.0071117442423766
1970-01-02 05:52:00,0.3577442103035562,0.28571532790742826,0.3558173222307719,0.0
1970-01-02 05:53:00,0.3616936678181492,0.1403692035570671,0.39864524226641995,0.0
1970-01-02 05:54:00,0.35900819389846533,0.15748509123387813,0.4160046810248654,0.0
1970-01-02 05:55:00,0.5288906045046091,0.3080766203191223,0.26139193451468773,0.0
1970-01-02 05:56:00,0.3262088504022696,0.25749227181559037,0.422288438272626,0.0
1970-01-02 05:57:00,0.3489281236344987,0.27833645071499097,0.43003781033117355,0.0
1970-01-02 05:58:00,0.3529751832765178,0.2180521633162443,0.4299202331494006,0.0
1970-01-02 05:59:00,0.3636087513193187,0.17798511971246303,0.4274900889386539,0.0
1970-01-02 06:00:00,0.0252534456796,-0.19781750217490104,0.8714078573200522,0.0
1970-01-02 06:01:00,0.02322825279765207,-0.22119270448433073,0.8498534947937273,0.0
1970-01-02 06:02:00,0.021804977623522234,-0.19356173970211113,0.8586454689127567,0.0
1970-01-02 06:03:00,0.020655317435647264,-0.16574906312950552,0.8705649315866629,0.0
1970-01-02 06:04:00,0.0182338269232694,-0.1743736270658096,0.8671778462093699,0.0
1970-01-02 06:05:00,0.0236398891823056,-0.18800805590918576,0.8677473741087508,0.0
1970-01-02 06:06:00,0.025253245618147267,-0.2573688686537509,0.8372081876317448,0.0
1970-01-02 06:07:00,0.026061359527763398,-0.26303778888762913,0.8338198963527864,0.0
1970-01-02 06:08:00,0.0311707926508128,-0.24134085030628105,0.845629587674707,0.0
1970-01-02 06:09:00,0.03771185759010933,-0.2768414321028127,0.8240591136849416,0.0
1970-01-02 06:10:00,0.01983365736457503,-0.21281941460682682,0.8445876814101814,0.0
1970-01-02 06:11:00,0.029811878389265935,-0.16506406782167848,0.8687805525023893,0.0
1970-01-02 06:12:00,0.04625174320586667,-0.21581264350837168,0.8571337070288534,0.0
1970-01-02 06:13:00,0.046551553836378795,-0.22557832561325872,0.8548308429648942,0.0
1970-01-02 06:14:00,0.031611450305948766,-0.20584127229028573,0.8503096699165916,0.0
1970-01-02 06:15:00,0.030383814673004165,-0.19955822917254032,0.8512646408950683,0.0
1970-01-02 06:16:00,0.0310611065891412,-0.14845214019109876,0.8741419197818426,0.0
1970-01-02 06:17:00,0.03190843760274333,-0.13038165405389068,0.8783428728222917,0.0
1970-01-02 06:18:00,0.0358826683287016,-0.13056206380258703,0.8793432008381523,0.0
1970-01-02 06:19:00,0.04322937815743886,-0.16789215278345157,0.8759292641074993,0.0
1970-01-02 06:20:00,0.02783567677178787,-0.13058164837746453,0.8810163880155867,0.0
1970-01-02 06:21:00,0.021725345124548,-0.13010042245270784,0.8826154122017114,0.0
1970-01-02 06:22:00,0.021529649772073736,-0.14560870251410887,0.881821837302523,0.0
1970-01-02 06:23:00,0.024529099170420104,-0.14825797604569071,0.88273883719268,0.0
1970-01-02 06:24:00,0.0219369150803274,-0.14910860088402297,0.8829681986087675,0.0
1970-01-02 06:25:00,0.024890120083502998,-0.15463357692094104,0.8834361021642182,0.0
1970-01-02 06:26:00,0.0236543072515854,-0.1505711462250252,0.8844837463537062,0.0
1970-01-02 06:27:00,0.023485259062151233,-0.14884639049551426,0.8851261244312633,0.0
1970-01-02 06:28:00,0.024280047182368633,-0.1535259745915761,0.8848327840592768,0.0
1970-01-02 06:29:00,0.023198446572590934,-0.14640846954228168,0.8865958247244232,0.0
1970-01-02 06:30:00,-0.03588051834863463,0.44149221917472753,0.38063112161995954,0.007767231094560599
1970-01-02 06:31:00,0.06337874849467263,0.3674918039969428,0.4026251250218485,0.0
1970-01-02 06:32:00,0.025836075234856527,-0.1651703792827606,0.8045765178218848,0.0
1970-01-02 06:33:00,0.007727245353249433,-0.2147903561709811,0.8934543880645808,0.0
1970-01-02 06:34:00,0.080278545429675,-0.2223445254472175,0.8765036709489684,0.0
1970-01-02 06:35:00,0.037899529389829996,-0.21550204063038966,0.8913453119639031,0.0
1970-01-02 06:36:00,0.07258644369959123,-0.23348929576023605,0.8774116471810608,0.0
1970-01-02 06:37:00,0.1259999244326385,-0.22726056337072673,0.8677004031448862,0.0
1970-01-02 06:38:00,-0.04407112325224607,-0.43779336509527034,0.6292753426165091,0.0
1970-01-02 06:39:00,0.10752231728205243,-0.2555500631569803,0.7289394762083558,0.0
1970-01-02 06:40:00,0.05577604651542617,-0.2351823817525669,0.8639737405566023,0.0
1970-01-02 06:41:00,0.05436073654514447,-0.26810936724354545,0.8271720084847622,0.0
1970-01-02 06:42:00,0.0254044658270995,-0.18755479516072895,0.8961261838638469,0.0
1970-01-02 06:43:00,0.0316706859279005,-0.20632684732811735,0.8923237933705783,0.0
1970-01-02 06:44:00,0.04838457111829123,-0.25788276163659773,0.8537829898536745,0.0
1970-01-02 06:45:00,0.064184458364361,-0.19787645612449448,0.8921786156264634,0.0
1970-01-02 06:46:00,0.06686301345191693,-0.14906988293330456,0.9042814318683524,0.0
1970-01-02 06:47:00,0.0646820516279455,-0.1940088437662911,0.8988982500178024,0.0
1970-01-02 06:48:00,0.05221726125254983,-0.16402277095698556,0.9058737273935683,0.0
1970-01-02 06:49:00,0.0370506273698945,-0.16277957696555992,0.9061293815639843,0.0
1970-01-02 06:50:00,0.034202240009089,-0.16740631140913745,0.906778814096962,0.0
1970-01-02 06:51:00,0.03959735540820217,-0.13329532639946323,0.9103655250432116,0.0
1970-01-02 06:52:00,0.044348386438587566,-0.13468596625805387,0.9093597060651377,0.0
1970-01-02 06:53:00,0.0407501893276432,-0.1308973499042796,0.9110023340109059,0.0
1970-01-02 06:54:00,0.036474421403783965,-0.12466533060058982,0.9128675129850093,0.0
1970-01-02 06:55:00,0.03862122863713653,-0.12201847916960307,0.9113682218467521,0.0
1970-01-02 06:56:00,0.04730864436969537,-0.14808058680285283,0.9067859013657188,0.0
1970-01-02 06:57:00,0.04020522799861363,-0.09455271409679222,0.9137973006070101,0.0
1970-01-02 06:58:00,0.037519252969106034,-0.11821896647018937,0.9139130166221067,0.0
1970-01-02 06:59:00,0.041413342243874794,-0.1335619216549426,0.9104079137886018,0.0
1970-01-02 07:00:00,0.03571807964313553,-0.15277732201235636,0.9065410230806248,0.0
1970-01-02 07:01:00,0.03609842199936267,-0.13431862233017466,0.9106820110418433,0.0
1970-01-02 07:02:00,0.03390189939665373,-0.12189782890723366,0.9144918057416723,0.0
1970-01-02 07:03:00,0.033885222110063305,-0.12740859818087094,0.9135229808229702,0.0
1970-01-02 07:04:00,0.03669447015621367,-0.14022128983123122,0.9114605788713886,0.0
1970-01-02 07:05:00,0.0342343198292095,-0.13001071355919114,0.9121870812374979,0.0
1970-01-02 07:06:00,0.04393671153127534,-0.1220366397456688,0.9090037377082081,0.0
1970-01-02 07:07:00,0.0405793196691445,-0.12770979358623197,0.9109703435228166,0.0
1970-01-02 07:08:00,0.028032408822456566,-0.10811938483743144,0.9120208777046259,0.0
1970-01-02 07:09:00,0.029832149150159137,-0.11122482333301546,0.9142060155064855,0.0
1970-01-02 07:10:00,0.06077956656577884,-0.07390180775236987,0.8972951786072647,0.0
1970-01-02 07:11:00,0.054955782482348,-0.04962208811772453,0.9100115055166059,0.0
1970-01-02 07:12:00,0.04753772189035297,-0.03304306309039354,0.9098823162731783,0.0
1970-01-02 07:13:00,0.055786358828114925,-0.0384075071494936,0.9072196408649624,0.0
1970-01-02 07:14:00,0.0494293147696091,-0.08621773010217319,0.9065403959483751,0.0
1970-01-02 07:15:00,0.11133766198328894,-0.03854154520843373,0.899286842738429,0.0
1970-01-02 07:16:00,0.06941830431423043,-0.010267819608498494,0.8980272105265429,0.0
1970-01-02 07:17:00,0.07844942863748007,-0.08086165091447317,0.9042684171883328,0.0
1970-01-02 07:18:00,0.07534426205330401,-0.0976514586940909,0.9023002941182819,0.0
1970-01-02 07:19:00,0.0739464381784511,-0.10778045745832722,0.9010881890902187,0.0
1970-01-02 07:20:00,0.09119127120560723,-0.11015595086016673,0.8910415641676322,0.0
1970-01-02 07:21:00,0.06884681933014364,-0.002493552155007193,0.8897657141809033,0.0
1970-01-02 07:22:00,0.0421172520924381,-0.05354215102123733,0.8958298942209967,0.0
1970-01-02 07:23:00,0.02467213338098903,-0.12043721830019814,0.902753171266176,0.0
1970-01-02 07:24:00,0.01563562872068437,0.014231637993628496,0.9077564660706617,0.0
1970-01-02 07:25:00,0.030043274631165868,-0.064746466010932,0.9127353701509865,0.0
1970-01-02 07:26:00,0.010383734025759499,-0.0916540260052005,0.905894051873143,0.0
1970-01-02 07:27:00,0.015563451323263365,-0.05725293204651827,0.8853243703322481,0.0
1970-01-02 07:28:00,0.0386602448721858,-0.13756219126795552,0.9093013085889875,0.0
1970-01-02 07:29:00,0.04223331616073924,-0.15450698930832155,0.9059230145937046,0.0
1970-01-02 07:30:00,0.038799025919163635,-0.18322051102968526,0.9003879723317344,0.0
1970-01-02 07:31:00,0.03616749603243657,-0.25265577762928326,0.8805589272343172,0.0
1970-01-02 07:32:00,0.03855298099570179,-0.2210685523664303,0.8863572301739895,0.0
1970-01-02 07:33:00,0.026837745419832897,-0.04072942935339596,0.8944125551067178,0.0
1970-01-02 07:34:00,0.04328504897538837,-0.0022176714920407923,0.8939834348073775,0.0
1970-01-02 07:35:00,0.03125079985259913,-0.0022839901136185357,0.8938682650042402,0.0
1970-01-02 07:36:00,0.02348341296504707,-0.0028327596972683258,0.892582630405745,0.0
1970-01-02 07:37:00,0.018087172266680565,0.009817127141430607,0.8916566999842476,0.0
1970-01-02 07:38:00,0.030209045277422936,0.014684211556178745,0.892274816364888,0.0
1970-01-02 07:39:00,0.04218340738057374,-0.0043480421432146865,0.8961747023212255,0.0
1970-01-02 07:40:00,0.0514269055636892,-0.14830906986316175,0.9070203611634396,0.0
1970-01-02 07:41:00,0.044508934992997067,-0.1472028456379971,0.9056523564527997,0.0
1970-01-02 07:42:00,0.04642226021408324,-0.030942209628968372,0.9059881756574505,0.0
1970-01-02 07:43:00,0.03729474697666504,-0.012470402313372831,0.9049680675047851,0.0
1970-01-02 07:44:00,0.04000243676520183,-0.08990639824971026,0.9098035471139511,0.0
1970-01-02 07:45:00,0.025417151817900763,0.03869860667537787,0.8760315583737396,0.0
1970-01-02 07:46:00,0.022094222245403333,-0.019939882269598058,0.8666150058046823,0.0
1970-01-02 07:47:00,0.051470431787152236,-0.04154331333012416,0.8946688768695285,0.0
1970-01-02 07:48:00,0.052077935138746166,-0.04740066444054627,0.9008626844712885,0.0
1970-01-02 07:49:00,0.062339407158910794,-0.05357213848485657,0.8777600899509949,0.0
1970-01-02 07:50:00,0.06326367345891841,-0.03967337434497704,0.8858721669806374,0.0
1970-01-02 07:51:00,0.057789523370059236,-0.1206433983720495,0.9066482087484545,0.0
1970-01-02 07:52:00,0.05232986150908677,-0.12888113573373042,0.9102870458483577,0.0
1970-01-02 07:53:00,0.05019020168427304,-0.1600448243440843,0.9025269316212757,0.0
1970-01-02 07:54:00,0.051126424288847304,-0.19494647981176905,0.8951821340406845,0.0
1970-01-02 07:55:00,0.057921737240925836,-0.1698621015729204,0.9001849298367137,0.0
1970-01-02 07:56:00,0.053399915602204334,-0.22631908008475443,0.8763669392601513,0.0
1970-01-02 07:57:00,0.041723239108563036,-0.17402731724457976,0.8971233646009336,0.0
1970-01-02 07:58:00,0.056493626991637465,-0.1892933476310998,0.8871017777648306,0.0
1970-01-02 07:59:00,0.06217590469396126,-0.15514812268131714,0.9002537458002369,0.0
1970-01-02 08:00:00,0.04685938622560176,-0.12841864639659004,0.904050148192025,0.0
1970-01-02 08:01:00,0.048018954357762066,-0.21544177553416713,0.8802036062397097,0.0
1970-01-02 08:02:00,0.05105837005822173,-0.14397368509114442,0.8722119386019994,0.0
1970-01-02 08:03:00,0.06383106165041098,-0.25257559093143717,0.8597856704731571,0.0
1970-01-02 08:04:00,0.05380403869655861,-0.12689273776233417,0.7710073119574296,0.0
1970-01-02 08:05:00,0.19779829820747752,-0.3426898102086324,0.5245475746570598,0.0
1970-01-02 08:06:00,0.28383251634585516,-0.4139535416403238,0.4915438161793108,0.0
1970-01-02 08:07:00,0.35304894373231727,-0.13763768523292289,0.5520469124593511,0.0
1970-01-02 08:08:00,0.3321922781321705,-0.053379246151305626,0.5276038193837542,0.0
1970-01-02 08:09:00,0.034188112228619436,-0.43005144648057825,0.47922782891940124,0.0
1970-01-02 08:10:00,0.0512505412799301,-0.3385180807435742,0.5691419643993881,0.00030928014137006663
1970-01-02 08:11:00,0.10783169984981629,-0.087402950331767,0.8255726122040746,0.0
1970-01-02 08:12:00,0.12327000998384834,-0.015144569652160933,0.8623587637483574,0.0
1970-01-02 08:13:00,0.10614745654508795,0.09340294951529153,0.8939966753898739,0.0
1970-01-02 08:14:00,0.09522723170460028,0.0787373688090491,0.888967449004033,0.0
1970-01-02 08:15:00,0.11727839806646294,0.09164721203699071,0.887600310814835,0.0
1970-01-02 08:16:00,0.10945768254398323,0.043921293179981426,0.8945468119833239,0.0
1970-01-02 08:17:00,0.08451172341421563,-0.16277403874029692,0.9042844259190926,0.0
1970-01-02 08:18:00,0.0922503096740026,-0.13206927739265942,0.908023459196753,0.0
1970-01-02 08:19:00,0.09348521571203366,-0.12493658356855324,0.9061715477785763,0.0
1970-01-02 08:20:00,0.0735048988839234,-0.1565269356523542,0.8891938842063015,0.0
1970-01-02 08:21:00,0.06147828948809623,-0.158872021345839,0.8944110277362386,0.0
1970-01-02 08:22:00,0.04442942556762853,-0.3822351449879758,0.6021456318418106,0.0
1970-01-02 08:23:00,0.032640513660567604,-0.53199237320643,0.4415882751354607,0.0
1970-01-02 08:24:00,0.02574528705964217,0.09718209656376482,0.6248398902920269,0.0
1970-01-02 08:25:00,0.022893823196603765,0.04676496475599934,0.6164332794197932,0.0
1970-01-02 08:26:00,0.028898489238806235,-0.5635552743037646,0.4394508364730407,0.0
1970-01-02 08:27:00,0.04406523740966709,-0.5279747735009951,0.4409083423964059,0.0
1970-01-02 08:28:00,0.046962601662193904,-0.5382825213622707,0.4407281126798859,0.0
1970-01-02 08:29:00,0.0387373718280414,-0.5009687961920255,0.4407475335495524,0.0
1970-01-02 08:30:00,0.06800516581985162,-0.49925664409628245,0.46983845882451947,0.0
1970-01-02 08:31:00,-0.010708347694745301,-0.23228422897272138,0.875808970256938,0.0
1970-01-02 08:32:00,-0.021435355136874935,-0.2567649256491607,0.8662067258517671,0.0
1970-01-02 08:33:00,-0.03808555981834733,-0.2702563125472002,0.8680750236287248,0.0
1970-01-02 08:34:00,-0.035456553063539904,0.14242133105603916,0.5718830414538463,0.0
1970-01-02 08:35:00,-0.05145217644418704,0.3952528260167705,0.4000081426042092,0.0020675021887947335
1970-01-02 08:36:00,-0.0765248240496593,0.39202471608175626,0.3881369134897361,0.006667664928315633
1970-01-02 08:37:00,-0.0756493588133648,0.4035403373650293,0.3847722174748985,0.006934321672961134
1970-01-02 08:38:00,-0.07837269729464323,-0.0613822568166086,0.2572394393626502,0.007015852239979268
1970-01-02 08:39:00,-0.07738312847234047,0.013387006110426453,0.14786143856855252,0.0065063361196252
1970-01-02 08:40:00,-0.13587505836149183,0.3728984226169889,0.04989305709304107,0.006091001341860966
1970-01-02 08:41:00,-0.09780480437126993,0.2715167115582099,0.003908375843459193,0.0063036412171334
1970-01-02 08:42:00,-0.1523214388200036,0.5793907763300667,0.1739571802191969,0.017564807037329235
1970-01-02 08:43:00,-0.10457843772992093,0.6008540257538543,0.17488797934482617,0.018006991893452135
1970-01-02 08:44:00,-0.09532571736776825,0.5865174766637798,0.16837744972692104,0.016859987620880635
1970-01-02 08:45:00,-0.0566298849066957,0.5333183053815953,0.1597344614161267,0.017321484256468598
1970-01-02 08:46:00,-0.076552815868586,0.5210977785867289,0.1471029726877837,0.018061073703068368
1970-01-02 08:47:00,-0.0725239368426286,0.5221373339863696,0.14343508520367104,0.018296614714113434
1970-01-02 08:48:00,-0.07471957151389547,0.5291657370753061,0.16252385799891675,0.0175234717170891
1970-01-02 08:49:00,-0.07009653448217666,0.523178540347471,0.16347099627982453,0.017173453066493732
1970-01-02 08:50:00,-0.06785982638816307,0.5228581737775139,0.15937408290337687,0.017338259179787534
1970-01-02 08:51:00,-0.07752384362741,0.5370609149426697,0.16483615529358966,0.017294705208813835
1970-01-02 08:52:00,-0.17316731737183902,0.45667905344027765,0.1721767382757289,0.0069673297378351
1970-01-02 08:53:00,-0.3083492793072801,0.331259193428922,0.19469587052969348,0.01609821856678813
1970-01-02 08:54:00,-0.3238356564230905,0.2450852188083661,0.22750644530112063,0.006403204671302999
1970-01-02 08:55:00,-0.3319816537609876,0.15664644525044186,0.2556137237575498,0.009730432749483134
1970-01-02 08:56:00,-0.3370843144338392,0.17978783196097217,0.2586017729096131,0.009797372830788466
1970-01-02 08:57:00,-0.19963396898868313,0.08378618405729238,0.26500256787054477,0.003796365196472
1970-01-02 08:58:00,-0.07450230084399742,-0.026406898426995506,0.30052370263195943,0.003980613300417934
1970-01-02 08:59:00,-0.3124074336966251,-0.24385737375560979,0.5705765597655685,0.0033712859996115336
1970-01-02 09:00:00,-0.32603800772427566,-0.24977005708952685,0.5973904015588484,0.002321330964015967
1970-01-02 09:01:00,-0.3016412210043372,-0.27611035673178774,0.5936528012446619,0.0021766732245749
1970-01-02 09:02:00,-0.29733841952419665,-0.30516882934012984,0.566946650871026,0.0033008015144370332
1970-01-02 09:03:00,-0.1008057489035062,-0.05017957277672053,0.5146486427509446,0.0
1970-01-02 09:04:00,0.10314221301804798,-0.0033547736994306763,0.4136504977137321,0.0
1970-01-02 09:05:00,0.23717786425315712,0.025476996885814413,0.5141288580097062,0.0008321852177843666
1970-01-02 09:06:00,0.23359144761877126,0.016406064301230722,0.5076444049553429,0.0007955665546928
1970-01-02 09:07:00,0.13208451420083078,0.0675561622768883,0.49448737940179405,0.0
1970-01-02 09:08:00,0.054164723481454034,0.09527892701705336,0.4751888005239319,0.0079623096637232
1970-01-02 09:09:00,0.0711008464829782,0.10089222600030241,0.49976904000483363,0.0018517983994569334
1970-01-02 09:10:00,0.016044604668068663,0.16634676436708384,0.5074530891590548,0.008002417208122234
1970-01-02 09:11:00,0.005377295230468537,0.1670886364066523,0.5172929492532676,0.004889760486036867
1970-01-02 09:12:00,-0.11187081646155896,0.17017943637728647,0.5332297823352086,0.0
1970-01-02 09:13:00,-0.3439571763289933,-0.11059465634644854,0.5632112219179619,0.005078496155245767
1970-01-02 09:14:00,-0.32709858468774394,-0.012037350119364904,0.5657595839294461,0.0
1970-01-02 09:15:00,-0.20656742121550906,0.05959602658042349,0.495669328135014,0.0
1970-01-02 09:16:00,-0.05226717882411583,-0.16321878274319343,0.25518795490689855,0.018110829064651366
1970-01-02 09:17:00,-0.0544308391720672,-0.15585752581216203,0.2507484452514895,0.0208189360946833
1970-01-02 09:18:00,-0.0864563372293848,-0.17875239896206915,0.2595666664508792,0.02220711341296
1970-01-02 09:19:00,-0.08900968519220627,-0.2272074374320927,0.2727151549138037,0.019777530801166066
1970-01-02 09:20:00,-0.06912621003538603,-0.21647062469888212,0.2645608307492788,0.017416223209053467
1970-01-02 09:21:00,-0.0706446255497546,-0.1280829909229258,0.23351609180892455,0.024406040264830935
1970-01-02 09:22:00,0.03447658445049217,-0.1220140766057084,0.30067879985499085,0.0
1970-01-02 09:23:00,0.28313582423703393,-0.0353606927944986,0.5197903719420223,0.0
1970-01-02 09:24:00,0.28001142206874613,-0.003901512100192702,0.526530290352791,0.0
1970-01-02 09:25:00,0.26919081698208025,0.09219805282683646,0.5129430857927707,0.0
1970-01-02 09:26:00,0.286267426562263,-0.009301096623834229,0.5235450531808148,0.0
1970-01-02 09:27:00,0.26814801623025447,0.13068595679654385,0.5041039197249143,0.0
1970-01-02 09:28:00,0.26903066404068937,0.04364547755489079,0.5223196569950737,0.0
1970-01-02 09:29:00,0.20521136528403594,0.08103058929810601,0.4283546382970919,0.0
1970-01-02 09:30:00,-0.07057185033710527,-0.359337825413359,0.3687932653818682,0.0
1970-01-02 09:31:00,-0.054284594226135595,-0.34848541536043093,0.2583391798243058,0.0178587061971512
1970-01-02 09:32:00,-0.04890319341167243,-0.3646090852052964,0.27359601947697443,0.0102121835741152
1970-01-02 09:33:00,-0.05593259498264613,-0.3858227192620802,0.2560840931748591,0.0189736037865209
1970-01-02 09:34:00,-0.07185271342081456,-0.29523043157505374,0.2712160458461996,0.0227155168627536
1970-01-02 09:35:00,-0.08663758074037527,-0.26584079610938544,0.26211806297324886,0.023300152433345298
1970-01-02 09:36:00,-0.0838885098300771,-0.2639842549266361,0.2673673689468926,0.02266040576794877
1970-01-02 09:37:00,-0.0823346298064276,-0.2752160759348457,0.2669618099387379,0.023140828369702163
1970-01-02 09:38:00,-0.0824001609051336,-0.3715930424105503,0.3006936217548266,0.0
1970-01-02 09:39:00,-0.07217544573011113,-0.3605690524356526,0.245424207089049,0.0216584683631194
1970-01-02 09:40:00,0.10012663959551837,-0.06031071278794201,0.04328675156823517,0.023384139872563367
1970-01-02 09:41:00,0.22751118321958394,-0.093613517142297,-0.03793374624260126,0.02266588996038123
1970-01-02 09:42:00,0.23885581731088737,-0.0511887204680066,-0.023680500260023784,0.020981527846047135
1970-01-02 09:43:00,0.2250920975239262,-0.05723613226292915,-0.05438476707903647,0.024072482725083902
1970-01-02 09:44:00,0.2223300153410113,-0.028549996490155993,-0.03860602527086727,0.02423737724552613
1970-01-02 09:45:00,-0.004094814529082597,0.07717346304663364,-0.07953341090891826,0.023032356790717134
1970-01-02 09:46:00,-0.04941591667537413,0.07142482524693013,-0.05621111780052179,0.0226400440057035
1970-01-02 09:47:00,-0.017966167431345326,0.05342489273423231,-0.03408235851356986,0.023626378215294536
1970-01-02 09:48:00,-0.04445780420817366,0.13551441871894285,0.006181561664497959,0.02450624190877727
1970-01-02 09:49:00,-0.026409164649519437,0.09074329562861545,0.03182956460568075,0.014704129050540568
1970-01-02 09:50:00,-0.03700432306389983,0.07559944639600102,0.029614176101972547,0.022072811767045435
1970-01-02 09:51:00,-0.039299203854470666,0.04523475309174959,0.0182342410432028,0.022066319840806033
1970-01-02 09:52:00,-0.02629521930871873,0.054850022678607245,0.013413259652711626,0.0224492004149601
1970-01-02 09:53:00,-0.0285380725916236,0.07250069179287529,0.008644640433387496,0.022308382224352663
1970-01-02 09:54:00,-0.04581202273695973,0.08748428769972201,0.01946497122474478,0.023236436370529034
1970-01-02 09:55:00,-0.29067471383635585,-0.27219044391568054,-0.22580686632939093,0.0214482931185261
1970-01-02 09:56:00,-0.5679800945041433,-0.15472813809741495,-0.46363034518977425,0.026222092595144034
1970-01-02 09:57:00,-0.3698649058729461,0.22047045405550558,-0.27080089104028976,0.02698377508150503
1970-01-02 09:58:00,-0.1678523004219223,0.12752637677088177,-0.08949843446211743,0.02294316348803323
1970-01-02 09:59:00,-0.03330332810788317,0.10892792570252381,0.010352422699543997,0.0222231920974111
1970-01-02 10:00:00,-0.05227276136338036,0.09151389439759698,0.019572709847891404,0.018784862443692932
1970-01-02 10:01:00,-0.04646229625158083,0.0874306664726497,0.03214986060131333,0.017053329698563234
1970-01-02 10:02:00,0.19372887324279844,0.0001632250563967652,0.05657436224021884,0.01840061614150103
1970-01-02 10:03:00,0.2459831550825029,-0.11330430434789725,-0.022008599399247736,0.021448809963209668
1970-01-02 10:04:00,0.07769667376820162,0.041554860054520804,0.019121855707254113,0.022199501479161967
1970-01-02 10:05:00,-0.02563658517230134,0.10141264907596648,0.001665285627045927,0.024559203988876736
1970-01-02 10:06:00,0.0043745920559431955,0.10347983292942405,0.007346807101133108,0.022733227633936298
1970-01-02 10:07:00,0.0015019492213881696,0.0926317754112556,0.0005852897162178702,0.023574546220718366
1970-01-02 10:08:00,0.10578126834353167,0.036089387159863984,0.011253807299657512,0.021767762388869
1970-01-02 10:09:00,0.0820758901007641,0.08846183698923642,0.007462334302218955,0.02100420022150243
1970-01-02 10:10:00,0.10736096871020502,-0.13068113398791373,0.14756467689067554,0.0210127699507739
1970-01-02 10:11:00,0.047762069637586474,-0.22220476405521425,0.21114723527736232,0.019655557920997598
1970-01-02 10:12:00,0.26994398504717826,-0.14917627489215132,-0.0157566505689236,0.0214288931575807
1970-01-02 10:13:00,0.2796626144658137,-0.18136986327905866,-0.00751357033267954,0.017757903597869266
1970-01-02 10:14:00,0.21446139547766116,-0.047885606853549666,-0.025438196858566367,0.019794861718831634
1970-01-02 10:15:00,0.11987645030040335,0.05908884121392466,-0.02905286576510671,0.020093101923561566
1970-01-02 10:16:00,0.2774304339430147,-0.1128899030154797,-0.019702998258595384,0.0192369995740127
1970-01-02 10:17:00,0.2761241021722982,-0.10163566895471514,-0.018918253513559035,0.0211107425365524
1970-01-02 10:18:00,0.27974047989930434,-0.11257629037877015,-0.01128830631674572,0.021349403704958265
1970-01-02 10:19:00,0.13592023736823325,0.047419805587661235,-0.026291703620265894,0.021023072507661434
1970-01-02 10:20:00,0.17261288770456074,0.09584486659989261,-0.047802279093002276,0.021251407834078168
1970-01-02 10:21:00,0.2598696995246858,0.0006876604687011864,-0.05739001179278358,0.026165934305254768
1970-01-02 10:22:00,0.277613426942688,-0.0469712743792326,-0.051186230765247004,0.017713393169187932
1970-01-02 10:23:00,0.29679670222192084,-0.14281788199302894,-0.0398735000075526,0.023086205253943465
1970-01-02 10:24:00,0.2859928711272498,-0.1273846542367799,-0.02755960318847531,0.02246905281770943
1970-01-02 10:25:00,0.2828290834850953,-0.10709665923886097,-0.03637339400197236,0.022592659916294
1970-01-02 10:26:00,0.30476302091810165,-0.1628662974684589,-0.06697889760670145,0.02282818499709963
1970-01-02 10:27:00,0.26606055094971454,-0.09588297879506298,-0.04215667274108309,0.023221585175384002
1970-01-02 10:28:00,0.2548626277485648,-0.0876349254257106,-0.04212679292389828,0.023799140735958266
1970-01-02 10:29:00,0.2694746033875309,-0.10814164780258088,-0.03996317317589474,0.0222250225467555
1970-01-02 10:30:00,0.2214988235972152,-0.06358353876396872,0.005244612596807592,0.021152272181637566
1970-01-02 10:31:00,0.2297031342940762,-0.06143831946547714,-0.0010266492094626902,0.020466860081824967
1970-01-02 10:32:00,0.2293585026063417,-0.02717834769127488,-0.009294774275547606,0.0232533949182881
1970-01-02 10:33:00,0.24487908706117334,-0.07772994712292629,-0.0035892869088233075,0.020642677452780065
1970-01-02 10:34:00,0.2574507105344325,-0.04272845351310169,-0.02456153340713264,0.017871858653128864
1970-01-02 10:35:00,0.18477229120368185,0.06927763480051301,-0.03778049669953108,0.01673969871560217
1970-01-02 10:36:00,0.0017046085837936025,0.12683012129675886,-0.022542194536693577,0.018691213584435335
1970-01-02 10:37:00,0.001289557778721399,0.18236951544048996,-0.0456739068747721,0.018808239729810664
1970-01-02 10:38:00,0.04917477735334483,0.2701170464436351,-0.032185283458382195,0.0032359542539380334
1970-01-02 10:39:00,0.38646363250927857,0.3242840013281494,0.20136022287605815,0.003901585240616267
1970-01-02 10:40:00,0.3765392843208926,0.32544704864503704,0.19931815889076623,0.004274386542860334
1970-01-02 10:41:00,0.35788498760473203,0.32326124571209786,0.19796783526355197,0.0038053817473167662
1970-01-02 10:42:00,0.3568498881196711,0.30156556092632325,0.1977832156212845,0.0040970503600326
1970-01-02 10:43:00,0.37331888885145514,0.13050399082611344,-0.14064459619696215,0.004443084047481533
1970-01-02 10:44:00,0.23368038142538639,0.04407005481340135,-0.3153453192467292,0.012444516423062532
1970-01-02 10:45:00,-0.04486125915609631,-0.11678352051814304,-0.46550275641482114,0.0352350867820616
1970-01-02 10:46:00,-0.0329971939625733,-0.08151588191505565,-0.4687646802893279,0.030402162447953202
1970-01-02 10:47:00,-0.030363984918366633,0.4335390275222239,-0.5588913495400492,0.0295006006475798
1970-01-02 10:48:00,-0.06298229150148173,0.44748324313140303,-0.5530612449262978,0.030255206049246235
1970-01-02 10:49:00,-0.05059919521445813,0.6301125848853841,-0.5368877469687259,0.0242877178299582
1970-01-02 10:50:00,-0.05327446231825824,0.6154456383837518,-0.5319092980650341,0.0186874305999984
1970-01-02 10:51:00,-0.026544552215936396,0.32193061079822693,-0.5181047618354017,0.023375621813042032
1970-01-02 10:52:00,-0.03441489079806803,0.29759161164132186,-0.5158104389602066,0.027105207543680832
1970-01-02 10:53:00,-0.0391761462271381,0.4115036749261447,-0.5481422218607783,0.022544446005815105
1970-01-02 10:54:00,0.30644346633785,0.759866403838405,-0.20217012034465565,0.005223868511565067
1970-01-02 10:55:00,0.3890127693913004,0.8537311122654634,-0.09205968640150702,0.0050843829371308
1970-01-02 10:56:00,0.42259812562455096,0.8095869843145332,-0.12678561747036693,0.004665790807466967
1970-01-02 10:57:00,0.4403070962410058,0.7877874940762002,-0.11997574009697483,0.0048310392263772334
1970-01-02 10:58:00,0.4276609172965129,0.7948105340418468,-0.11537091028852935,0.005110100621871333
1970-01-02 10:59:00,0.4854125057737742,0.6644485609217325,-0.1267185446647634,0.004965944336015466
1970-01-02 11:00:00,0.4420832536370906,0.7712313223578136,-0.1366004900532779,0.004638846379866834
1970-01-02 11:01:00,0.42143837287298197,0.7832827406699875,-0.1382638470800722,0.0059659045457819
1970-01-02 11:02:00,0.47675662479451003,0.6908112035757593,-0.12334759755750192,0.0050576179779939666
1970-01-02 11:03:00,0.4812686572088676,0.7042130783451576,-0.10710769438672124,0.004699391385479733
1970-01-02 11:04:00,0.4779272041556922,0.7015325322916355,-0.10295590693842926,0.0045332943388106004
1970-01-02 11:05:00,0.49932580684312505,0.6184468461791283,-0.12810277726528252,0.0051147479801438665
1970-01-02 11:06:00,0.4566937699035876,0.7722756755515169,-0.11743771565257353,0.0044139548281872335
1970-01-02 11:07:00,0.46295102277596367,0.6179351231700698,-0.06171059222323643,0.0
1970-01-02 11:08:00,0.5463744411497968,0.5253127482333121,-0.0723313702070912,0.0033635701063864667
1970-01-02 11:09:00,0.5474270355216867,0.5717837862929207,-0.06743572299042551,0.0028672883281325
1970-01-02 11:10:00,0.537478343945547,0.3248352823743846,0.126813261864533,0.0
1970-01-02 11:11:00,0.5407620902463872,-0.06629452254332645,0.3347319495154493,0.0
1970-01-02 11:12:00,0.5321657754006464,-0.03471755825609624,0.3484153480705366,0.0
1970-01-02 11:13:00,0.5391786359517361,-0.008312125682761101,0.3378153261411379,0.0
1970-01-02 11:14:00,0.4877889399903104,0.026187970931503556,0.37081062507687435,0.0
1970-01-02 11:15:00,0.09248471038761252,-0.17183996340845034,-0.01276391141170304,0.0
1970-01-02 11:16:00,0.06884840178221863,-0.043462611060027335,-0.04710314464340041,0.0007840191948385
1970-01-02 11:17:00,0.0231319679419896,-0.1824616190783329,-0.07221909330433152,0.022728140397596432
1970-01-02 11:18:00,0.013904940447554701,-0.12192233317763863,-0.06081947775663055,0.008242827698563467
1970-01-02 11:19:00,0.0198847103485788,-0.1966878939486715,-0.06697474032678845,0.0228115029735815
1970-01-02 11:20:00,-0.005971422466328501,0.026438436793805004,-0.046570901549138045,0.006845395003117601
1970-01-02 11:21:00,-0.004129197696112201,-0.07497071524561323,-0.05705996153049401,0.005381374122996933
1970-01-02 11:22:00,0.0249123496059746,-0.4462180713408983,-0.17084222107854877,0.031706087931236436
1970-01-02 11:23:00,0.1673328693197028,-0.3303702157203078,0.03459297228857686,0.0
1970-01-02 11:24:00,0.37695955721781244,-0.16205817684810198,0.5257402925322441,0.0
1970-01-02 11:25:00,0.42681184384426923,0.16903256848271184,0.3104387713926274,0.0
1970-01-02 11:26:00,0.4089501534154758,0.2697864839359308,0.2659171694514036,0.0006337810166643999
1970-01-02 11:27:00,0.4098439047646371,0.19073344629271682,0.2337507943675162,0.0007722682152959667
1970-01-02 11:28:00,0.38828895581219375,0.22919155290951854,0.2499450753529743,0.0012749635886909001
1970-01-02 11:29:00,0.32906199451700396,0.22232137196346202,0.2546182288598439,0.0
1970-01-02 11:30:00,0.38063051195860526,0.2510664920865974,0.2604015008555972,0.001998035173349033
1970-01-02 11:31:00,0.3665909444007696,0.16286978950209355,0.22688731741685172,0.0
1970-01-02 11:32:00,0.38012049644623197,0.23300761524684557,0.2359590483989651,0.0023335753446246665
1970-01-02 11:33:00,0.3692459121610075,0.2345048571866506,0.262271777807988,0.0020197978159353
1970-01-02 11:34:00,0.6100084435598678,-0.01504337071754458,0.19226211187931444,0.0
1970-01-02 11:35:00,0.6919701157864182,-0.10417692889301784,0.11916135155226702,0.0
1970-01-02 11:36:00,0.4222693624145685,0.03054601890175172,0.060831915879582,0.0
1970-01-02 11:37:00,0.0841041013424955,-0.1558032341946786,-0.17818879890552616,0.0208950678249411
1970-01-02 11:38:00,0.29002367546989855,-0.3452502613231852,-0.17109275704060478,0.024313655772070134
1970-01-02 11:39:00,0.2610600990981073,-0.1886387864382253,-0.07437880864832906,0.023968256315155003
1970-01-02 11:40:00,0.2332789836651613,-0.15130902693015913,-0.07829500678651495,0.026094169522647603
1970-01-02 11:41:00,0.20163529612794043,-0.09840831946255546,-0.04893793467682587,0.02666896457296487
1970-01-02 11:42:00,0.2313372094723267,-0.10935585491309059,-0.05654483307762533,0.026492871145500266
1970-01-02 11:43:00,0.25746332619403045,-0.1176264714224034,-0.07732115132310069,0.0260091148177317
1970-01-02 11:44:00,0.24403039163914755,-0.08750243826996064,-0.06888060534850753,0.02675510725674
1970-01-02 11:45:00,0.25488886128740823,-0.1076915857026161,-0.07966025346392787,0.026776700812118536
1970-01-02 11:46:00,0.2562726101301939,-0.0949615822068603,-0.08817534051258147,0.026522044015786433
1970-01-02 11:47:00,0.27089285847695216,-0.07622279941435813,-0.09272806439744596,0.024987742306486666
1970-01-02 11:48:00,0.25417116652299143,-0.041484328979761974,-0.08072417995377845,0.025932039223068932
1970-01-02 11:49:00,0.09874282042152926,0.1346161656086685,-0.062034243039236846,0.027019715570346502
1970-01-02 11:50:00,0.05689020706443424,0.14718116301081557,-0.0528018380774203,0.0220987802287437
1970-01-02 11:51:00,0.0775830800834176,0.08730121108249085,-0.05715113509588521,0.025412026227416003
1970-01-02 11:52:00,0.27475606356205706,-0.11303443718697792,-0.0962542402232105,0.025948806700499802
1970-01-02 11:53:00,0.242929048951947,-0.08565880460408443,-0.07098735161916107,0.027537155510952035
1970-01-02 11:54:00,0.21917458832065304,-0.08285750322700927,-0.07785689759159642,0.028089562137116567
1970-01-02 11:55:00,-0.012146823005124907,0.1701223231165795,-0.043319760303310896,0.0271638643838716
1970-01-02 11:56:00,-0.018977908165498977,0.17094063967468354,-0.04718346140317949,0.026028340599171168
1970-01-02 11:57:00,-0.028895311147555672,0.21528312314072465,-0.06008060470114529,0.02896858987393237
1970-01-02 11:58:00,-0.03072941705948709,0.19010389966742594,-0.04047537838327734,0.024503031407802033
1970-01-02 11:59:00,-0.004056721391077068,0.11848891367772503,-0.04416924128056895,0.0270038567482536
1970-01-02 12:00:00,0.0020824102253003316,0.10277594300927471,-0.07361509643540724,0.024583023345166835
1970-01-02 12:01:00,-0.0030467125628055314,0.14029559310278164,-0.052410912155090715,0.026531212892740668
1970-01-02 12:02:00,-0.0393882959062934,0.14686842088105803,-0.05330186478111609,0.020402193602246165
1970-01-02 12:03:00,0.06548904064639449,0.045942595313577216,0.14075331935030722,0.0
1970-01-02 12:04:00,0.018402317597417568,0.21894953832893937,-0.037935668099495334,0.0020897608208261666
1970-01-02 12:05:00,0.331577187802017,-0.01685677677995273,-0.054307440998319,0.0
1970-01-02 12:06:00,0.5479056393603713,0.02395001762806596,0.0020035054669748087,0.009614108029373
1970-01-02 12:07:00,0.1864063575905319,0.2288898071836707,0.0016163288514281875,0.0
1970-01-02 12:08:00,0.24630413790311664,-0.04747418725758803,-0.07750915613084482,0.025231162053296997
1970-01-02 12:09:00,0.2359910867367073,-0.05377585712325769,-0.06921073315940866,0.026962926811241367
1970-01-02 12:10:00,0.021238388206239276,0.07840588076234428,-0.06983764287825918,0.025575607582043466
1970-01-02 12:11:00,0.035802960614158635,0.1679457755736462,-0.047579087445702495,0.0024533241532635
1970-01-02 12:12:00,0.3292415588705148,0.08425585757824271,-0.027035927529945842,0.0
1970-01-02 12:13:00,0.03276083716237064,0.11670821666388924,-0.07166605706714661,0.026565825299803034
1970-01-02 12:14:00,0.08244102333427038,0.05970570045053717,-0.06024245202505726,0.025223306310191634
1970-01-02 12:15:00,0.45516063758492153,0.050223078112662,-0.03268586986075236,0.0
1970-01-02 12:16:00,0.3121320606613733,-0.06653050497099693,-0.04206370881426961,0.0
1970-01-02 12:17:00,-0.023084705373349505,0.15809556916804296,-0.04038586705551572,0.025790991354920134
1970-01-02 12:18:00,-0.020338421336983433,0.16131461382376489,-0.049756692917208856,0.02884320744353723
1970-01-02 12:19:00,-0.03428778912654387,0.16910992353150747,-0.04943924261845108,0.02850902696621713
1970-01-02 12:20:00,-0.028326481166394805,0.13287281034132165,-0.03725447435258374,0.02813913431328127
1970-01-02 12:21:00,-0.00824060159778113,0.12034680564712397,-0.040559171343859446,0.027446080929993635
1970-01-02 12:22:00,-0.0246517988718253,0.0668709332241562,0.0013752470766196605,0.0243481237716012
1970-01-02 12:23:00,-0.01972433322647739,-0.3116003448232126,0.2225177633523873,0.0238505973473053
1970-01-02 12:24:00,-0.04540634356473178,-0.2127290457379921,0.2513952411316756,0.0174068931362617
1970-01-02 12:25:00,-0.047737875703639736,-0.27386628986803263,0.2269140345993582,0.0265215992028834
1970-01-02 12:26:00,-0.007822676004772636,-0.3744209592875345,0.19934254287156983,0.024845237131475198
1970-01-02 12:27:00,0.0037630446601576023,-0.3587311921319747,0.22221481127230427,0.0243893696917443
1970-01-02 12:28:00,-0.006137892028918693,-0.3497622189248619,0.22447902842783743,0.025562012461273032
1970-01-02 12:29:00,-0.0030578688499343317,-0.24348342598188846,0.2236373090550884,0.015172244049842935
1970-01-02 12:30:00,-0.03381730854184443,-0.3246707365488195,0.17208706510738667,0.024618926555422267
1970-01-02 12:31:00,-0.037787478595819234,-0.2740109841327634,0.21622136905262837,0.026859913395775332
1970-01-02 12:32:00,-0.045713699714699574,-0.28580738393133576,0.22212958197656982,0.02635007513713193
1970-01-02 12:33:00,-0.05611641437395867,-0.16288940092307916,0.21028364045280834,0.0257428919128726
1970-01-02 12:34:00,-0.0445900708274427,-0.20112398736978063,0.21072068419723836,0.025563689748016597
1970-01-02 12:35:00,-0.003708863259389595,-0.3371396680056184,0.20418129300913426,0.025501682596687367
1970-01-02 12:36:00,-0.03608854925669477,-0.2591338102022445,0.2120203045192364,0.023372627301898135
1970-01-02 12:37:00,-0.07668720121535554,-0.1375728674854002,0.22788071513036798,0.026049576147091635
1970-01-02 12:38:00,-0.32707247422850644,-0.017806950126703525,0.006198352624730563,0.020753819651353166
1970-01-02 12:39:00,-0.3585820401609703,-0.06426813744959765,0.00393717672344029,0.025027142352916833
1970-01-02 12:40:00,-0.36032336163290407,-0.06920974526409093,-0.001225686150114776,0.02586705426384057
1970-01-02 12:41:00,-0.35845846823671335,-0.11857501381934787,-0.02698267523558597,0.024470220989505034
1970-01-02 12:42:00,-0.35138396678160205,-0.03304715547365026,-0.009226005515526983,0.02136732119882227
1970-01-02 12:43:00,-0.3443874802137885,0.008334463691613336,0.019499874843284377,0.0175338408855742
1970-01-02 12:44:00,-0.350981725046937,-0.10320701404952994,0.03702736481456304,0.02099765424334697
1970-01-02 12:45:00,-0.34672091129518656,-0.15077040325512128,0.053845804229002266,0.013616598198233234
1970-01-02 12:46:00,-0.23341085467141162,-0.18064299998004038,0.10855501446854791,0.02330246102874273
1970-01-02 12:47:00,-0.011226671080512368,-0.24563143690612235,0.27545723335685407,0.0220471502009422
1970-01-02 12:48:00,-0.013499942608858964,-0.17264894452993226,0.268735690595336,0.02336782048021553
1970-01-02 12:49:00,-0.00718573025318323,-0.19271544053481157,0.2711897332651445,0.021307666815496836
1970-01-02 12:50:00,0.1268719610227706,-0.3383525968717246,0.20977816511623393,0.01788773240552515
1970-01-02 12:51:00,0.0022367168854139953,-0.2933712363466838,0.17587358510872453,0.0159437120750433
1970-01-02 12:52:00,-0.24915972322301327,-0.3808925981370215,0.05925585498760294,0.016900337436716425
1970-01-02 12:53:00,-0.25634541391489457,-0.19345187440738734,0.206669586877642,0.00835212133468365
1970-01-02 12:54:00,-0.24146975780323074,-0.3012039378300505,0.172084613896927,0.003417393346082875
1970-01-02 12:55:00,-0.24254969562826673,-0.2403609950905449,0.2159055809915001,0.017078797052616376
1970-01-02 12:56:00,-0.25539282392059454,-0.22070944323419964,0.16405064011995624,0.019154311752667724
1970-01-02 12:57:00,-0.2603649608693097,-0.12029770455241395,0.20474131705055248,0.0184709751790546
1970-01-02 12:58:00,-0.13747790428761225,-0.13233977992359544,0.263012296242709,0.018602744430761976
1970-01-02 12:59:00,-0.023251172738089604,0.05767368207618864,0.16489241343956548,0.020431188988295473
1970-01-02 13:00:00,-0.02521254955600328,0.0522149806249767,0.18730835040751453,0.019649740789920427
1970-01-02 13:01:00,-0.037775168437385716,0.04864811591137466,0.2025660329798735,0.019651228906781275
1970-01-02 13:02:00,-0.0150961378405641,0.07486804795587979,0.20865443516018983,0.020335402333407124
1970-01-02 13:03:00,-0.05027988275992362,0.038288820530679585,0.2092400097832631,0.020255081526694776
1970-01-02 13:04:00,-0.03617263900168037,0.059426905590447276,0.20957270344170184,0.01235570033525355
1970-01-02 13:05:00,-0.03282036593244212,0.08622192754661381,0.20380945921779212,0.01885064777861105
1970-01-02 13:06:00,-0.04422834865729809,0.10105521591976396,0.184909928636396,0.02221759908924635
1970-01-02 13:07:00,-0.048596048255314654,0.09009736446155728,0.1864385331498061,0.02228897087148315
1970-01-02 13:08:00,-0.045749764237058906,0.09832530611857249,0.19247425116363373,0.022714109676141375
1970-01-02 13:09:00,-0.047507532221322125,-0.17888884842532438,0.2548581777505886,0.026194318073749667
1970-01-02 13:10:00,-0.035650922135352474,-0.273023869272605,0.2825517242495452,0.01873266814210923
1970-01-02 13:11:00,-0.021829398890651507,-0.29453175469078874,0.3026782862808819,0.015154132489513967
1970-01-02 13:12:00,-0.0686582086256041,-0.17016244648298362,0.2663852933306575,0.024478112312923166
1970-01-02 13:13:00,-0.021102956682820237,-0.28875741192143617,0.2782350583381346,0.020556996647211435
1970-01-02 13:14:00,-0.023271619337608674,-0.1730602840792775,0.2841785120484918,0.017342866417567934
1970-01-02 13:15:00,-0.0387690384523423,-0.06823104530446772,0.2745540213068519,0.013450974140474366
1970-01-02 13:16:00,-0.001981502531317597,-0.2595273794027784,0.29841168305572274,0.0012099466476601
1970-01-02 13:17:00,-0.005228324950407796,-0.3804561639734762,0.3626741606947494,0.014531343437486735
1970-01-02 13:18:00,-0.013070737649115862,-0.3164883013931525,0.3028037801643868,0.01636713628822953
1970-01-02 13:19:00,-0.012565829940384668,-0.24545965686761204,0.25456335141632086,0.019415687286793066
1970-01-02 13:20:00,-0.0017724518208092298,-0.26076914256093825,0.2134143655633455,0.024068307856402765
1970-01-02 13:21:00,0.05972733264130594,-0.17475006814868732,0.18389429301560786,0.025158708777061767
1970-01-02 13:22:00,0.2523744328542314,-0.017873849086249265,-0.053976524214587644,0.025130678175924764
1970-01-02 13:23:00,0.29000249698629477,-0.03408824176482711,-0.055213923576719996,0.023074451717217868
1970-01-02 13:24:00,0.28766870545747963,-0.14063865288845073,-0.12178308803696009,0.02488431454895153
1970-01-02 13:25:00,0.2833453936401669,-0.07809900204722824,-0.07219326624501803,0.025205241622719966
1970-01-02 13:26:00,0.27355434945629925,-0.03829590215476245,-0.06201268452523525,0.0244544655045998
1970-01-02 13:27:00,0.26453318578972174,0.00667544754033141,-0.0532287735289231,0.025551943544564932
1970-01-02 13:28:00,0.26212768280770776,0.0507401292246158,-0.05565731956393677,0.024067064067743532
1970-01-02 13:29:00,0.5394042057036275,0.13274344500360608,0.12097052694214093,0.0
1970-01-02 13:30:00,0.6408718415617051,0.1777822439787324,0.21691779604418468,0.0
1970-01-02 13:31:00,0.66512191739149,0.10725155944716587,0.20810008059660912,0.0
1970-01-02 13:32:00,0.6680850764847351,0.10389754619058973,0.22382719525958153,0.0
1970-01-02 13:33:00,0.6603459627409233,0.1338136782689314,0.22846517541361064,0.0
1970-01-02 13:34:00,0.6698909532099288,0.07208745113639357,0.21948387959923962,0.0
1970-01-02 13:35:00,0.6690827246040209,0.07666001403241196,0.22067293583128877,0.0
1970-01-02 13:36:00,0.6767508038324661,-0.004933242943093296,0.2235713859919426,0.0
1970-01-02 13:37:00,0.43975643368880607,0.0276472607693707,0.2425215827900885,0.0
1970-01-02 13:38:00,0.04834811318076323,0.11725364430130987,0.26446142691603064,0.0001546150175092
1970-01-02 13:39:00,0.032959900842005695,0.0918579847834504,0.2511663108871237,0.004969454870331
1970-01-02 13:40:00,0.032933939836575186,0.09458509295307249,0.2513087036245817,0.004907499628047267
1970-01-02 13:41:00,0.032076303560325724,0.09829675449113245,0.2513631157764356,0.004627973884157767
1970-01-02 13:42:00,0.136843387160388,0.2365708803641724,0.25438819270465823,0.0
1970-01-02 13:43:00,0.031848702994938104,0.09063144048820847,0.25106609785097284,0.0040159686043856665
1970-01-02 13:44:00,0.027371612001536667,0.07079125627917177,0.2455833031230917,0.005294364821493133
1970-01-02 13:45:00,0.025492810609886767,0.06815856309343733,0.2447660756248665,0.0054866498419786
1970-01-02 13:46:00,0.024450651630291476,0.0677984533785033,0.2458571845888926,0.005398009297455534
1970-01-02 13:47:00,0.024979621401963043,0.07619727454959581,0.24663745174453355,0.005410922192713133
1970-01-02 13:48:00,0.021074885741289795,0.09190291094683063,0.24487656553788253,0.005403953839094333
1970-01-02 13:49:00,0.010915464297161984,0.14257253911416864,0.24360946168586106,0.005382916881866633
1970-01-02 13:50:00,-0.14762500238620582,0.09040529879142534,0.11612704296759518,0.005388135048688833
1970-01-02 13:51:00,-0.37549818030934734,-0.05685584079486869,-0.008717482181352145,0.0160201828076025
1970-01-02 13:52:00,-0.36820374439001174,-0.03180079964088204,-0.02195863786335905,0.0164390113001209
1970-01-02 13:53:00,-0.0762010543551136,-0.06430469373866433,-0.05462923739100036,0.018797856877346933
1970-01-02 13:54:00,-0.07868347329937321,-0.13188774667570502,-0.03697893402083216,0.0182585819079252
1970-01-02 13:55:00,-0.0572272825435107,-0.2982836646680907,-0.002865043567484262,0.0100666986404457
1970-01-02 13:56:00,-0.05963656582770386,-0.14645617580436612,-0.044215129828513826,0.018749604397683698
1970-01-02 13:57:00,-0.4328027260754201,0.11601590348561751,-0.05025114286423302,0.032166912080315
1970-01-02 13:58:00,-0.4191266829248144,0.0838988996988242,-0.03912331496982213,0.029867691760823798
1970-01-02 13:59:00,-0.396897600597019,0.08595406655401465,-0.04814888092633232,0.030499533479586033
1970-01-02 14:00:00,-0.4001691356426806,0.12407754829733664,-0.05553455674022856,0.03138099244869983
1970-01-02 14:01:00,-0.39350375958876066,0.10649671985576208,-0.04907051582908776,0.031085643125762803
1970-01-02 14:02:00,-0.4280352375434546,0.16766093969548482,-0.05665626706069454,0.03268732621235893
1970-01-02 14:03:00,-0.23722315754810389,0.362208467171776,-0.04264518853348692,0.027178325107390166
1970-01-02 14:04:00,-0.1571628718208737,0.40213512902227794,-0.03290900756119202,0.0291364966352112
1970-01-02 14:05:00,-0.1390540111693652,0.3974712129254441,-0.0329332431881301,0.029713598654970932
1970-01-02 14:06:00,-0.09984747746668689,0.3879990466768189,-0.04133196685936478,0.027466675640025234
1970-01-02 14:07:00,0.22510487142873162,0.06405231176048613,-0.08806535635137965,0.026833432960998632
1970-01-02 14:08:00,0.2128968602767065,0.06003246074396873,-0.0848973135003096,0.0272980299993224
1970-01-02 14:09:00,0.2221199096624529,0.055122491354555235,-0.08730154298809502,0.026931930187700532
1970-01-02 14:10:00,0.2121635431937494,0.0675917129803381,-0.08533971821397052,0.0273752301693868
1970-01-02 14:11:00,0.20756724960209808,0.05362367849990591,-0.0821443917383621,0.026682925246702002
1970-01-02 14:12:00,0.20337747915711493,0.08619651774886229,-0.08665258249014397,0.0272339576051573
1970-01-02 14:13:00,0.20888719046065965,0.09083053643452015,-0.0893261214473295,0.027506957707578533
1970-01-02 14:14:00,0.22923790217542558,0.10032248420319052,-0.09994573620201157,0.026577419188914365
1970-01-02 14:15:00,0.24279639551105955,-0.004676763578744768,-0.08163237534499025,0.026225770336367665
1970-01-02 14:16:00,0.2605156652531026,-0.04185421438770767,-0.06909476764008383,0.027402239421083097
1970-01-02 14:17:00,0.2832916957664218,0.04745300492175827,-0.07696794774275544,0.024738896012257133
1970-01-02 14:18:00,0.2852892601863007,0.07475683568985973,-0.09531735858909544,0.026093130787722334
1970-01-02 14:19:00,0.2836585609058102,0.004149816703854931,-0.08851325690142185,0.0261214113878251
1970-01-02 14:20:00,0.2688469149805802,-0.1511412992515973,-0.09849166601930441,0.02662874246619343
1970-01-02 14:21:00,0.245047046766134,0.05283513928305345,-0.08955663638089933,0.0270082182563617
1970-01-02 14:22:00,0.23587262261609243,0.08383627322742183,-0.09241221227442124,0.02691437713209313
1970-01-02 14:23:00,0.27393418191130214,0.07214115241008213,-0.09054610271697972,0.02654763841339987
1970-01-02 14:24:00,-0.052814113822538956,0.0331508258475439,-0.07558705647588905,0.026683028532403164
1970-01-02 14:25:00,-0.0673207025490101,-0.03670019787403463,-0.0687052915396219,0.027111060981287734
1970-01-02 14:26:00,-0.031806126242720036,0.08390267189561573,-0.0713956079703249,0.027087285357295637
1970-01-02 14:27:00,-0.05146955704281083,0.08515608183644259,-0.07971077469849124,0.0277353982280901
1970-01-02 14:28:00,0.27900047256063,0.06684042545753113,-0.08173806398744977,0.027277606991029133
1970-01-02 14:29:00,0.2697066436101289,0.10057259986154576,-0.09151179197443345,0.027313088596560602
1970-01-02 14:30:00,0.25565133944554747,0.13110818268570154,-0.08062046711507302,0.0275379172886536
1970-01-02 14:31:00,0.07428689395098777,0.11393786330982858,-0.049379058152557415,0.026878841266714
1970-01-02 14:32:00,-0.06265721628397412,0.22881599419764495,-0.031657197644032777,0.029256327755333333
1970-01-02 14:33:00,-0.04689980029331733,0.2602936256370004,-0.0359131261342327,0.028857841903977166
1970-01-02 14:34:00,-0.05285263334346476,0.24641716448557846,-0.03282155970083222,0.0281245311557525
1970-01-02 14:35:00,-0.0645890210287362,0.23398605505496606,-0.055268949374108645,0.029041440277209504
1970-01-02 14:36:00,-0.10580467105144091,0.03993760822527653,0.08038327625755526,0.02754814933404383
1970-01-02 14:37:00,-0.042118526845498556,-0.21523107282849666,0.21750262721209104,0.02707765981696507
1970-01-02 14:38:00,-0.04692564701054244,-0.1959070592186348,0.23357585818665183,0.02742695610644433
1970-01-02 14:39:00,-0.025575862969623265,-0.18610036815480005,0.2335520878513829,0.02751123993687547
1970-01-02 14:40:00,-0.027784948483527666,-0.1477931894329709,0.23907769615617833,0.027035388201291834
1970-01-02 14:41:00,-0.046206035720834905,-0.14246618717863002,0.2526463632263675,0.026777992991608
1970-01-02 14:42:00,-0.059324405177408335,-0.15309335605920804,0.24591471217192218,0.027366309373459366
1970-01-02 14:43:00,-0.039986128717428966,-0.131299133888808,0.2441368596777431,0.0269148118306337
1970-01-02 14:44:00,-0.03205938011452359,-0.12161282293001284,0.24314345522086922,0.02627898542815177
1970-01-02 14:45:00,-0.02775096972091717,-0.1370429989090166,0.24376750575612996,0.0272150385153565
1970-01-02 14:46:00,-0.044347305096336366,-0.089482511393265,0.25213304536499376,0.02678815748351927
1970-01-02 14:47:00,-0.08075683717364474,-0.10182956187096943,0.25364121750510876,0.02700640685461547
1970-01-02 14:48:00,-0.09135871221794355,-0.12257012042561155,0.25241856586587946,0.027547992117748665
1970-01-02 14:49:00,-0.05404897590356797,-0.1956743536993177,0.2514965398483877,0.019608356501215802
1970-01-02 14:50:00,-0.05480180110404976,-0.19384763988695508,0.25114597966419167,0.0207984617871879
1970-01-02 14:51:00,-0.06139018207312027,-0.19316856441784858,0.2497822569855789,0.02114545577332037
1970-01-02 14:52:00,-0.05663035085091777,-0.24703055170021027,0.25795623803728374,0.016231013022349198
1970-01-02 14:53:00,-0.3798638315110669,-0.16498528148846872,0.003869196936249835,0.014450912204714566
1970-01-02 14:54:00,-0.37164876014009574,-0.05434493853578546,-0.04507610148699121,0.0291253187933391
1970-01-02 14:55:00,-0.6523184119408401,0.06401949264781633,-0.2164165353060621,0.0053381595325173335
1970-01-02 14:56:00,-0.3322489123336549,0.16990059398951807,-0.016138634799177428,0.0060636450731827
1970-01-02 14:57:00,-0.328719885961189,0.17992285059096155,-0.0010035329798735344,0.005231297746756666
1970-01-02 14:58:00,-0.32847057942817254,0.17749672770433278,-0.00018371603235951654,0.0046808245500301665
1970-01-02 14:59:00,-0.32964902269702745,0.18343279465602702,-0.0017341959975745325,0.005112181516498933
1970-01-02 15:00:00,-0.32606075986855404,0.18421033746896973,0.013227574559955409,0.0034714415815218333
1970-01-02 15:01:00,-0.32214890317354317,0.18686821532134737,0.02915916805310097,0.0028452868503962996
1970-01-02 15:02:00,-0.32282927844319087,0.18531654168248032,0.026478299066287736,0.0036593601216259003
1970-01-02 15:03:00,-0.3219159310625009,0.18261178653045096,0.027056022735364754,0.0035924533029532
1970-01-02 15:04:00,-0.32133179525321454,0.1782541788165923,0.025773793532418824,0.0039061795279019666
1970-01-02 15:05:00,-0.32039900129480264,0.1842129589956525,0.026617798903368198,0.003757983589562667
1970-01-02 15:06:00,-0.17585910351702197,0.11869203196650409,0.11971662658414955,0.0036540701843000337
1970-01-02 15:07:00,0.013192735912698206,-0.013225862266052732,0.20546569357320268,0.0036209782613855998
1970-01-02 15:08:00,0.2583294901286841,-0.11844999101056486,0.41676095903491234,0.0
1970-01-02 15:09:00,0.3630466209915788,-0.17363480866171144,0.47428593238516337,0.0
1970-01-02 15:10:00,0.3673778538606669,-0.21476674241918223,0.45620697737900257,0.0
1970-01-02 15:11:00,0.3790945576004054,-0.2531819840729726,0.42949829824629554,0.0
1970-01-02 15:12:00,0.3681005069749186,-0.1718110465683237,0.48141204962463774,0.0
1970-01-02 15:13:00,0.3793652711934365,-0.18446850781808696,0.47104299780544184,0.0
1970-01-02 15:14:00,0.0834692699227063,-0.3463739056932151,0.8430158203213507,0.0
1970-01-02 15:15:00,0.0716944945875154,-0.2983571474618244,0.8547620882775632,0.0
1970-01-02 15:16:00,-0.4052035882353993,-0.13706919916710372,0.472380397787963,0.0
1970-01-02 15:17:00,-0.4527093665723383,-0.1254595631330244,0.4215639727492831,0.0033955221425416
1970-01-02 15:18:00,-0.45935557297764956,-0.0938235244429887,0.4039235315394924,0.0061672070318793
1970-01-02 15:19:00,-0.4589198711729985,-0.16118017052882985,0.3615953920749904,0.0062524056396941995
1970-01-02 15:20:00,-0.4529714997585627,-0.08816165717531922,0.40267644871595687,0.006236810434635367
1970-01-02 15:21:00,-0.46637351056247994,-0.1111705067009644,0.38660537561580344,0.0060639544740849335
1970-01-02 15:22:00,-0.01214012730005667,-0.2539673665004018,0.5371143562490882,0.0
1970-01-02 15:23:00,-0.008018133803371233,-0.27750915416385763,0.5290986812791548,0.0
1970-01-02 15:24:00,-0.006383463351132264,-0.2722092670556746,0.5315877145081376,0.0
1970-01-02 15:25:00,-0.012639049903150665,-0.31577278869805164,0.4833460441608741,0.0
1970-01-02 15:26:00,-0.007953877354392668,-0.283620034148154,0.5108115295190722,0.0
1970-01-02 15:27:00,-0.007615729069723802,-0.2762467930181773,0.5226664819211485,0.0
1970-01-02 15:28:00,0.001112444126242465,-0.2743064485669498,0.5252476120266553,0.0
1970-01-02 15:29:00,0.006970566568198532,-0.27785686348831085,0.5188351586626938,0.0
1970-01-02 15:30:00,0.003884187206712899,-0.2812154994369765,0.5172021602314685,0.0
1970-01-02 15:31:00,0.5047317004991491,-0.11841340970693054,0.2840101304111398,0.00024085615590003335
1970-01-02 15:32:00,0.49438551014886906,-0.145082425781808,0.2676696028593994,0.0
1970-01-02 15:33:00,0.31524172844256265,0.022524127240836436,0.19184661316217064,0.0
1970-01-02 15:34:00,-0.03464189354822734,-0.0810798880078998,-0.06655822336265882,0.024273339074526668
1970-01-02 15:35:00,-0.05509011508071502,-0.14112352526066482,-0.049869445226673914,0.016099727285771834
1970-01-02 15:36:00,-0.032896989580623835,-0.37030897461569307,-0.13738834011445356,0.024054913213490167
1970-01-02 15:37:00,-0.03776941226796283,-0.36980963381758847,-0.11161561203252361,0.016132108106508298
1970-01-02 15:38:00,-0.056457380047719496,-0.43466645409487253,-0.10071453627818454,0.020613871035298534
1970-01-02 15:39:00,-0.09438477378117023,-0.36504784072071345,-0.12955535716597735,0.025209773739967967
1970-01-02 15:40:00,-0.0679700353837866,-0.3759062592727751,-0.13652847099493123,0.024329652039769233
1970-01-02 15:41:00,-0.038781087066613325,-0.2716584140806576,-0.10550425883487731,0.0226866437177029
1970-01-02 15:42:00,-0.0682738266208855,-0.20365691745707792,-0.06699561776168013,0.025038661535169867
1970-01-02 15:43:00,-0.06332879575750504,-0.27696825133872255,-0.10055501204093927,0.0223077884191458
1970-01-02 15:44:00,-0.04427583540664887,-0.2768994512720406,-0.09972439560635189,0.023341724936066833
1970-01-02 15:45:00,-0.035189369217776136,-0.30784202611369565,-0.1087832198021661,0.024484989373478133
1970-01-02 15:46:00,-0.011314875200892935,-0.2654589787527023,-0.10641980111411065,0.0196715324648559
1970-01-02 15:47:00,0.06702295100399754,-0.05026003963772357,-0.07756307938927838,0.011261284339912666
1970-01-02 15:48:00,-0.020049298551479803,-0.2287745250475047,-0.11348119897975702,0.0163500204307861
1970-01-02 15:49:00,0.1420835453357565,-0.18366566527149011,0.01264533284133799,0.0
1970-01-02 15:50:00,-0.010100853134551828,0.20239485747878075,0.20169798416767545,0.005032217187510333
1970-01-02 15:51:00,0.010373395338869417,0.024043101836958163,0.19519422488072347,0.0020792299029397
1970-01-02 15:52:00,0.36758734414119615,-0.06792363628051884,0.4492230033727577,0.00017878020270486666
1970-01-02 15:53:00,0.39493182588104686,-0.10327852569533802,0.49086886678146563,0.0001341091874071
1970-01-02 15:54:00,0.25424900558228075,0.002172495182984735,0.40055191683983615,0.0
1970-01-02 15:55:00,-0.013770330920074528,0.0682217699028077,0.22500291313045004,0.022787236071732265
1970-01-02 15:56:00,0.008699785232945132,0.06399855045183533,0.2290305789684928,0.020154885849732667
1970-01-02 15:57:00,0.161072688910988,0.04753413216734554,0.32644143313070895,0.0
1970-01-02 15:58:00,0.06464691240048002,-0.22359757517827106,0.2218411550885916,0.023201822578615167
1970-01-02 15:59:00,0.024586127110712563,-0.1534545464034617,0.21704757195971683,0.023971776471465065
1970-01-02 16:00:00,-0.009730656054405503,-0.17799382719718182,0.22125207560544555,0.025332899680404735
1970-01-02 16:01:00,-0.004313043461626032,-0.18932466586971453,0.23979476456511276,0.02350335435437027
1970-01-02 16:02:00,-0.06910551507880516,0.013875200417215757,0.21423031182364116,0.025780465870193434
1970-01-02 16:03:00,-0.0667301929744216,-0.08077182860519383,0.242961404797818,0.017414789125052735
1970-01-02 16:04:00,-0.024429200613274766,-0.28279466943487075,0.27728051585066643,0.0223576594077206
1970-01-02 16:05:00,-0.022899039787949438,-0.18391268412637854,0.2696625516001718,0.021785462336118135
1970-01-02 16:06:00,-0.014987816798179966,-0.1734604070965183,0.2554501771075421,0.0224371033886234
1970-01-02 16:07:00,-0.019645650192748,-0.042799114663611935,0.23960719807560762,0.021096777762517865
1970-01-02 16:08:00,-0.003053552272329734,-0.1968466263887302,0.253868037078756,0.0249090078378681
1970-01-02 16:09:00,-0.00808444874357993,-0.26356300960852763,0.21566989053103117,0.024474557791805365
1970-01-02 16:10:00,-0.006028113811915502,-0.3064684762076782,0.2624680904322006,0.009561897109529533
1970-01-02 16:11:00,-0.017432889873469432,-0.43487982835636085,0.27845651694255097,0.018755780042197332
1970-01-02 16:12:00,-0.01754710774768307,-0.3268003467571388,0.24221940619612056,0.020253248425446266
1970-01-02 16:13:00,0.0002956372132123658,-0.3933638709573462,0.3225965392549723,0.014896731037804
1970-01-02 16:14:00,0.0037712382453459364,-0.38332777629711545,0.30407565157017735,0.018888408403906102
1970-01-02 16:15:00,0.0076209485308112975,-0.30262781954750295,0.2644644951437037,0.021673398246497833
1970-01-02 16:16:00,0.008985338709879534,-0.35194509015048037,0.29839642283764806,0.0131410019308428
1970-01-02 16:17:00,-0.007135584105206465,-0.40666007418744404,0.2847074475258891,0.017452057406766402
1970-01-02 16:18:00,-0.004456299331415975,-0.362009261161367,0.2487639762828023,0.021252466121685503
1970-01-02 16:19:00,0.002145919301910465,-0.39939324224612743,0.2869608146191675,0.012606881243929334
1970-01-02 16:20:00,-0.039188186050008705,-0.22256618453348964,0.22712999736739323,0.020026992358632836
1970-01-02 16:21:00,-0.005009199295021864,-0.4086824219299648,0.29413034559437573,0.003415757154810567
1970-01-02 16:22:00,-0.0013679858618387043,-0.42526946162474966,0.2974792520375729,0.0092855062794653
1970-01-02 16:23:00,-0.029613401524991163,-0.3200109728702045,0.2392571503865832,0.024242795662896402
1970-01-02 16:24:00,-0.037655950454185134,-0.3533751929908909,0.25539546824795706,0.022247970840840934
1970-01-02 16:25:00,0.0010452535525420313,-0.35347719239166997,0.21231488134927567,0.02368037474838437
1970-01-02 16:26:00,-0.007866800043463967,-0.36817844387128656,0.2323611434792272,0.022661652001547235
1970-01-02 16:27:00,-0.016194832118389096,-0.3151183135615589,0.2278304029398881,0.022775992925176434
1970-01-02 16:28:00,0.0012883621482647004,-0.3600053741697229,0.23430705392959725,0.021338403025479135
1970-01-02 16:29:00,0.01177513138690777,-0.36682106338175524,0.2394508128712893,0.020626629222553202
1970-01-02 16:30:00,0.002138683979367534,-0.2822819308343684,0.24231410990917512,0.021435339867873934
1970-01-02 16:31:00,0.006362248567552531,-0.3576286200336773,0.25906086068978623,0.015619401855748866
1970-01-02 16:32:00,-0.023022673252009296,-0.3409743711987087,0.2537127982452166,0.0194182271880631
1970-01-02 16:33:00,-0.22613951376097072,-0.1262407880903154,0.15470285125340133,0.0186591517369751
1970-01-02 16:34:00,-0.1889676969363322,-0.1521027991945501,0.16609082439433856,0.015123315791509
1970-01-02 16:35:00,-0.0027793660761340675,-0.34199067305632375,0.2562035652400959,0.013593574956252333
1970-01-02 16:36:00,-0.14620520880171167,-0.2676783662440794,0.14357111221162702,0.022917178035963732
1970-01-02 16:37:00,-0.35901116599810967,-0.08619489680488286,-0.03741550573023552,0.022059990215416866
1970-01-02 16:38:00,-0.3519010945369125,-0.24435046091181845,-0.019043693450203847,0.021711559541639933
1970-01-02 16:39:00,-0.3512063892845854,-0.19089861247955806,-0.028546695862707343,0.023391893199939336
1970-01-02 16:40:00,-0.3549237889937797,-0.17731304073165263,-0.03036203468135749,0.02577895483149487
1970-01-02 16:41:00,-0.35053607137701426,-0.244102686616989,0.009080099488799509,0.015800802296633134
1970-01-02 16:42:00,-0.3516777402179261,-0.18980338465830313,-0.01584602028617732,0.023021570359771936
1970-01-02 16:43:00,-0.349080030848602,-0.20147659271443952,-0.014314711686400453,0.02206400559575637
1970-01-02 16:44:00,-0.3375275592600478,-0.1846043969550283,-0.032548285137208456,0.023221154437278263
1970-01-02 16:45:00,-0.3575228082817658,-0.2013151286836007,-0.025858335005686017,0.025434686748906563
1970-01-02 16:46:00,-0.36166194905174925,-0.22220015136895185,-0.016961459284146756,0.025386682680160737
1970-01-02 16:47:00,-0.353229686133484,-0.1985425640417656,-0.016214187376866345,0.025576935973366067
1970-01-02 16:48:00,-0.3538559415421667,-0.21454251183536246,-0.012909072297424143,0.025337873581632062
1970-01-02 16:49:00,-0.35380321951386784,-0.20077942671005658,-0.024386051014308834,0.02492809955722643
1970-01-02 16:50:00,-0.36036889229566205,-0.19780167257324643,-0.014262295568373329,0.025085047691995235
1970-01-02 16:51:00,-0.35533265065295844,-0.21553897213797016,-0.025227352298891503,0.02527299700150047
1970-01-02 16:52:00,-0.0413270678358856,-0.4167993889593518,-0.07480207908501817,0.02325208725760933
1970-01-02 16:53:00,-0.03825858776564843,-0.4719166022401469,-0.056713127051329394,0.021036733279087633
1970-01-02 16:54:00,-0.04288458310360744,-0.442621746971053,-0.06179727808419596,0.01910394613969237
1970-01-02 16:55:00,-0.02020076558925894,-0.4347118855525179,-0.1307494978895989,0.02310828804167647
1970-01-02 16:56:00,0.08246478209389646,0.26117593446189696,-0.5040693600176083,0.023512188713731032
1970-01-02 16:57:00,-0.3145589267463997,0.2497888180152146,-0.3177739124852456,0.02781881061352007
1970-01-02 16:58:00,-0.3162324225641187,0.2752691568472582,-0.32646487978481686,0.025553687091027535
1970-01-02 16:59:00,-0.4214302144533953,0.2861220071565757,-0.27570735797410134,0.025061551248579336
1970-01-02 17:00:00,-0.409291444371052,0.19471249354659179,-0.13649596126831223,0.013099950957931768
1970-01-02 17:01:00,-0.1754543650246386,0.3768525253440695,-0.2882796602534639,0.0269701356404351
1970-01-02 17:02:00,-0.24169265277154536,0.3316130495019602,-0.3338088277023601,0.018401220662702767
1970-01-02 17:03:00,-0.06789115893924809,0.33375078444183065,-0.304759785420969,0.02652448176461113
1970-01-02 17:04:00,-0.08822680219369983,0.2021106319560685,-0.3050482392823773,0.022381934778019766
1970-01-02 17:05:00,-0.08266741947780087,0.36605956991537414,-0.2944650656317502,0.012841518848099767
1970-01-02 17:06:00,0.02228701765654136,0.3166389091016601,-0.24752492479807697,0.0130656439883583
1970-01-02 17:07:00,0.39776728988323984,0.32127906135928946,0.041234343272502895,0.013974028216032233
1970-01-02 17:08:00,0.36048116727038354,0.22213170150621595,0.06756750505482079,0.003864613225968967
1970-01-02 17:09:00,0.0040706909263391695,-0.28569950110426107,0.21859265049555587,0.024483945003895235
1970-01-02 17:10:00,0.071634862518489,-0.22070572106654315,0.2372037845340826,0.0
1970-01-02 17:11:00,-0.019342329295571503,-0.24050409092440705,0.2327185414279518,0.022015393111207603
1970-01-02 17:12:00,-0.02104437079044343,-0.12105906043867333,0.2240828359432825,0.0255803294705538
1970-01-02 17:13:00,-0.06147668945322046,-0.13314357802667387,0.22510166285801833,0.023434461382275867
1970-01-02 17:14:00,-0.015388546411973436,-0.17075805334297703,0.23895057038015277,0.024999345889372665
1970-01-02 17:15:00,-0.07571890758206119,-0.028657208926819434,0.2239163357026794,0.0248766776003469
1970-01-02 17:16:00,0.11487153241738436,0.0074422340892131384,0.2927582409223618,0.0
1970-01-02 17:17:00,0.23496868203384816,0.0098460840048654,0.3309555310636811,0.008947432088686333
1970-01-02 17:18:00,0.3386416494778524,-0.022198107378605392,0.2834309838936255,0.008421035989824733
1970-01-02 17:19:00,0.25107221545890995,0.10214932809130452,0.15034157803197534,0.0
1970-01-02 17:20:00,0.046408677500439456,0.0796168960140303,0.15854144683321142,0.005275893531259634
1970-01-02 17:21:00,-0.09310538765273092,-0.14300611161118232,0.22018258584563863,0.0242491738339215
1970-01-02 17:22:00,-0.15988966532251606,-0.11595233646647396,0.221197036321342,0.02258925838585363
1970-01-02 17:23:00,-0.02543669510102713,-0.2590948475117763,0.2596771024170351,0.023306767294448
1970-01-02 17:24:00,-0.042480266598444005,-0.1973919639737075,0.25118716809194275,0.023807634346308934
1970-01-02 17:25:00,-0.04218153481228493,-0.14260587852984413,0.2577061606235394,0.018913928963666667
1970-01-02 17:26:00,-0.07599210914141014,-0.09584519679218469,0.2697112521282036,0.0130574722928355
1970-01-02 17:27:00,-0.07623668590100241,-0.025148035310435485,0.23656162808387235,0.02226434577904107
1970-01-02 17:28:00,-0.0639436179499459,-0.11763436601993284,0.24436755668196605,0.023239729226835867
1970-01-02 17:29:00,-0.23002795895667202,-0.05141983506082537,0.08167141264169142,0.0184109199206294
1970-01-02 17:30:00,-0.3698525891209623,-0.037878148870288696,-0.0451604339161753,0.0298075897667677
1970-01-02 17:31:00,-0.13213552190604844,0.21626911734825535,0.05830814014962701,0.0045714598209044
1970-01-02 17:32:00,0.01364801616607724,0.1771093621165596,0.1713201295695688,0.0057396675605474005
1970-01-02 17:33:00,-0.02942757769438362,0.0928728458019726,0.18460989137260234,0.005836895830631469
1970-01-02 17:34:00,-0.03710763081019638,0.16398142687968334,0.16934221514439426,0.006644369938941768
1970-01-02 17:35:00,-0.010992301136803932,0.13487366556737443,0.18686360912047198,0.0064333591735573
1970-01-02 17:36:00,-0.29471657776072885,0.18992858757197273,-0.010074609856307185,0.0062981707942130335
1970-01-02 17:37:00,-0.4034700339657337,-0.04731677558669773,-0.009793486024526418,0.0156290370806579
1970-01-02 17:38:00,-0.11683122348426817,-0.04618453621124613,0.21289660382936396,0.025153532519883268
1970-01-02 17:39:00,-0.4202063196443861,0.130897760143188,-0.05028529122673001,0.0250424639385079
1970-01-02 17:40:00,-0.44433406313737267,0.1402055906886158,-0.06951817631560193,0.030127496077613638
1970-01-02 17:41:00,-0.438853003007786,0.1316464361451392,-0.06046151673755281,0.027927550649684302
1970-01-02 17:42:00,-0.44115966427491515,0.1444341232337429,-0.0540098229140367,0.026407927198553536
1970-01-02 17:43:00,-0.41301789043127496,-0.0593326231837678,-0.02727790617130506,0.024462069128735803
1970-01-02 17:44:00,-0.47806425769248806,0.17206871662608925,-0.06972254725205489,0.022321811471034264
1970-01-02 17:45:00,-0.20865734808816574,0.04478625190080196,0.0683365580069009,0.0031216359830444334
1970-01-02 17:46:00,-0.08582977412168746,0.170269048564198,0.1674821004317907,0.0038579287330112663
1970-01-02 17:47:00,-0.12173790625903103,0.23594571629112207,0.16486176656546234,0.0037149857341688334
1970-01-02 17:48:00,-0.030386394198028882,0.09777245916040649,0.19606986334181375,0.0038225140303949335
1970-01-02 17:49:00,0.0038135160899498005,0.04732193859344704,0.203877835177237,0.0035167548207598333
1970-01-02 17:50:00,0.06326968677680346,0.022946913456308022,0.25536331591928685,0.0010286447365546
1970-01-02 17:51:00,0.3648394688613546,-0.08986320309440687,0.4763831570349943,0.0010403383959517666
1970-01-02 17:52:00,0.3448169489155441,-0.07911520384657286,0.4729761093632329,0.0014601540345193667
1970-01-02 17:53:00,0.3290082702690576,-0.024255705649765036,0.4663929402980888,0.0014568251809221333
1970-01-02 17:54:00,0.258130066001632,0.14756383586571006,0.4389550547129057,0.0015554189416768667
1970-01-02 17:55:00,0.3029442911654991,0.008585509891882675,0.4491421235426256,0.0010213047977332
1970-01-02 17:56:00,0.36610085899314093,-0.12680979946205392,0.49460138934743725,0.0
1970-01-02 17:57:00,0.3607485049656545,-0.1616838188354723,0.4612455871468369,0.00015800254075606666
1970-01-02 17:58:00,0.3647035010625101,-0.1354973287663697,0.4784293614418054,0.0004135654575366334
1970-01-02 17:59:00,0.3668001445650851,-0.1496257466483211,0.4737353709601894,0.0004967842353066667
1970-01-02 18:00:00,0.3628570871899954,-0.1304842893526846,0.48387307166948273,0.00045818792195633336
1970-01-02 18:01:00,0.3495279614912327,-0.12268269598556492,0.4853813786767483,0.00028812622231626667
1970-01-02 18:02:00,0.3478992666500371,-0.10174256120491354,0.49448981375386,0.0004896740762124333
1970-01-02 18:03:00,0.33605215127651755,-0.11544538123399695,0.4927035388061345,0.0005170457312272
1970-01-02 18:04:00,0.22421564765078492,-0.05967513264894994,0.3983690245760316,0.0005097898500024333
1970-01-02 18:05:00,0.006936502842770506,0.023690746637975064,0.21988738862670718,0.002400827256167667
1970-01-02 18:06:00,-0.0008707442542708355,0.014218190162095542,0.2108588960530319,0.0032994765248019666
1970-01-02 18:07:00,-0.000542992055336318,0.03659836356940168,0.21578199884985297,0.003533098941451
1970-01-02 18:08:00,0.012364920066662066,0.04247869806451963,0.21715206028453735,0.003695902462227
1970-01-02 18:09:00,-0.0019126482832540921,0.0057715511436102025,0.19149791414465098,0.0037675692483189666
1970-01-02 18:10:00,-0.00034995048498664044,0.040840333940234765,0.21178439489964807,0.0033474131873830666
1970-01-02 18:11:00,-0.0004945866046419297,0.021856548466991404,0.218051165629808,0.0021885710544469667
1970-01-02 18:12:00,-0.0021590448627325856,0.026784578374200303,0.21582833245939423,0.0031895517878749668
1970-01-02 18:13:00,0.0022430379023135583,0.04164230097696612,0.21993425496149274,0.0035341283417757003
1970-01-02 18:14:00,-0.21798897126905814,-0.08216499993802392,-0.001436058674763041,0.0025377957695409997
1970-01-02 18:15:00,-0.3544257385773735,-0.1171287815857594,-0.03454011785231078,0.025305644944010833
1970-01-02 18:16:00,-0.3531848675741596,-0.08825152451082023,-0.026855441565840004,0.026418412372205238
1970-01-02 18:17:00,-0.3558312549275909,-0.05709094771267376,-0.02393361218465369,0.0221810073291101
1970-01-02 18:18:00,-0.32908195978735033,-0.03590054718626157,-0.02239193230100615,0.014446491381809033
1970-01-02 18:19:00,-0.2956360087905073,0.052245095662890616,-0.004582010286587335,0.011381221705492432
1970-01-02 18:20:00,-0.3452163686106755,-0.12370838330893734,-0.019188830734173584,0.025343969336500936
1970-01-02 18:21:00,-0.2789474779989182,0.08494303776724622,-0.0037504059501228815,0.021881072825824164
1970-01-02 18:22:00,-0.3099514592848189,-0.06398346166466885,-0.01693849815178054,0.007304335834333833
1970-01-02 18:23:00,-0.27848013594416754,-0.12954158035290064,0.02149830930540179,0.0242659167307618
1970-01-02 18:24:00,0.015347147707411172,-0.1606300751730981,0.2430362425796093,0.011711428498665001
1970-01-02 18:25:00,0.00269537303655303,-0.2366870280043767,0.23402275397642305,0.02390895578775867
1970-01-02 18:26:00,-0.0010848324372179686,-0.11411789815564151,0.24528715509074947,0.013372528143642834
1970-01-02 18:27:00,-0.005381954672689401,-0.014096439258752461,0.2607932157507569,0.022697799669007934
1970-01-02 18:28:00,-0.029552960647126366,-0.17462508536321245,0.23945101517201492,0.007544232386620234
1970-01-02 18:29:00,-0.06710214833465124,-0.16403152605563986,0.24047074569665897,0.010988446976399868
1970-01-02 18:30:00,-0.0466173765549312,-0.15068874570070123,0.2443471984856037,0.006527024346763134
1970-01-02 18:31:00,-0.061525437768531,-0.27712924009277734,0.21477796011816522,0.024493840221201667
1970-01-02 18:32:00,-0.06976325249238001,-0.18968514580024878,0.23181595651019915,0.014519489678539733
1970-01-02 18:33:00,-0.06034904289597323,-0.2311373460694063,0.22071645071738533,0.021346911286192868
1970-01-02 18:34:00,-0.056183642212945105,-0.23041905776415572,0.2309766310293708,0.023464781491893034
1970-01-02 18:35:00,-0.008664892164691266,-0.1260685477837615,0.2500514248444712,0.009163016111669333
1970-01-02 18:36:00,-0.0330388212435463,-0.16230986342130146,0.23833653373081373,0.014185266402338801
1970-01-02 18:37:00,0.0445950643428794,-0.16026955521925568,0.2884116142734761,0.0
1970-01-02 18:38:00,0.32385905913099966,-0.1615323106025318,0.4919629967696621,0.0
1970-01-02 18:39:00,0.31921457987366453,-0.1232971638295164,0.5184814997335025,0.0
1970-01-02 18:40:00,0.3287818829169275,-0.13230805144607236,0.5270858216322594,0.0
1970-01-02 18:41:00,0.3343817764059465,-0.08295145794285345,0.5396721163784824,0.0
1970-01-02 18:42:00,0.33622816390425997,-0.062480826584092826,0.5439130881016964,0.0
1970-01-02 18:43:00,0.3421251012305581,-0.05569542501049083,0.5469661297335673,0.0
1970-01-02 18:44:00,0.33752253937040977,-0.03860918459917989,0.5471047596775273,0.0
1970-01-02 18:45:00,0.3562845131588741,-0.02811828507697056,0.5440377458088684,0.0
1970-01-02 18:46:00,0.38704596608147956,-0.06558841633248903,0.5270997399221872,0.0
1970-01-02 18:47:00,0.15629551225576332,-0.05658458282399172,0.3443632139597212,0.0
1970-01-02 18:48:00,-0.02126388326744777,0.0558421604639364,0.21757623095945575,0.0031456139429257
1970-01-02 18:49:00,-0.3237812376545111,-0.2344803729278998,-0.2359469170987811,0.022410661909934137
1970-01-02 18:50:00,-0.3650523526224448,-0.1068807835206142,-0.05455598766990572,0.027805597607048194
1970-01-02 18:51:00,-0.16907348747960307,-0.07754651029592192,0.12171173657100805,0.0231491648763268
1970-01-02 18:52:00,-0.35966934298170544,-0.06940836093070503,-0.08303288978224886,0.0298940848477543
1970-01-02 18:53:00,-0.3513672455380095,-0.025256438440515967,-0.048506447458995065,0.018160628511179836
1970-01-02 18:54:00,-0.3675594050706719,-0.1315985382511301,-0.03816246069971233,0.0274016966472472
1970-01-02 18:55:00,-0.36661141957234017,-0.020681083918755266,-0.03376974320215624,0.0213300045491291
1970-01-02 18:56:00,-0.3791295034170618,-0.12610519912818507,-0.020690070702754967,0.013286366809064067
1970-01-02 18:57:00,-0.3799013092510431,-0.21478355220859838,-0.01581599211512694,0.020971284036256768
1970-01-02 18:58:00,-0.3664055777229838,-0.2200607754734478,-0.028893237005819833,0.02451753409322983
1970-01-02 18:59:00,-0.36507666084459683,-0.2186900372048267,-0.02475882381818621,0.0252930612129319
1970-01-02 19:00:00,-0.36636601642110866,-0.14923062654459698,-0.025073482366929318,0.015277357565203398
1970-01-02 19:01:00,-0.37535534642677737,-0.08072256991870813,-0.07171630182405124,0.028990083189019505
1970-01-02 19:02:00,-0.320077174499749,-0.06395938764482635,0.01672858417544378,0.024725386812717298
1970-01-02 19:03:00,-0.017626203977232028,-0.20451583265837017,0.2354701482351824,0.02492865875737173
1970-01-02 19:04:00,-0.0321348279128996,-0.19830943827771316,0.24711726186237504,0.024585529159087866
1970-01-02 19:05:00,-0.026942459790196095,-0.21531661264380567,0.24127027188138592,0.025152344519174266
1970-01-02 19:06:00,-0.014965231690509501,-0.20479086282603878,0.24378323126587378,0.024717674610615668
1970-01-02 19:07:00,-0.2808524865552102,-0.06734733066087296,0.03664478716884715,0.0241668250768594
1970-01-02 19:08:00,-0.3798121468680171,-0.06223815526105042,-0.02982259979629671,0.0284970299760109
1970-01-02 19:09:00,-0.3351336785093846,-0.0809567763120802,0.016223580873895905,0.02497897981095577
1970-01-02 19:10:00,-0.012064262963811806,-0.2564989957811791,0.2267752293281026,0.025210168241929065
1970-01-02 19:11:00,-0.02621680001700187,-0.24135624718953827,0.2345436176548652,0.02394407478675813
1970-01-02 19:12:00,-0.022601679460255434,-0.238618923070515,0.22057769264963237,0.024593775707052
1970-01-02 19:13:00,-0.014663660282015871,-0.21873525353719084,0.22406665862858458,0.023490218862328934
1970-01-02 19:14:00,0.011485340454972506,-0.3104122729329143,0.28195178796078707,0.01892987512060877
1970-01-02 19:15:00,-0.0004677552505702685,-0.3129830600667927,0.2869973636169427,0.019593108951471202
1970-01-02 19:16:00,-0.006984574220249028,-0.24181215269249057,0.2599239025590233,0.022097577806780597
1970-01-02 19:17:00,-0.033272742825833534,-0.22408239752135006,0.2611639790340922,0.021934188275767468
1970-01-02 19:18:00,-0.056824078150499946,-0.2817687219599954,0.28467694731981213,0.0198864310757889
1970-01-02 19:19:00,-0.048506833123886144,-0.2956375186479098,0.3035295475045261,0.0
1970-01-02 19:20:00,-0.056846540178564574,-0.21542148371694328,0.28178557768455764,0.0025410220788656666
1970-01-02 19:21:00,-0.045109238187649836,-0.18882249342255944,0.24918601605674348,0.024968344814896067
1970-01-02 19:22:00,-0.035793202159696134,-0.20688733373522328,0.24323387690189657,0.02622950319244813
1970-01-02 19:23:00,-0.04245870129322186,-0.17921362756500325,0.2496229856242407,0.026163526003562768
1970-01-02 19:24:00,-0.021161700820404538,-0.20609678334713719,0.24465559245520793,0.025829056972607234
1970-01-02 19:25:00,-0.03251152183795383,-0.18366636067646894,0.24936792486928683,0.0260829561294847
1970-01-02 19:26:00,-0.036566581654352136,-0.14070756301923013,0.24770466899285534,0.025981414208481397
1970-01-02 19:27:00,-0.03089348217406333,-0.20473386963525622,0.22584877292471825,0.025925537096703366
1970-01-02 19:28:00,-0.19830569388252672,-0.09675842862552808,0.1467654541570371,0.026048310444816068
1970-01-02 19:29:00,-0.39070821733586,-0.07310502373404186,-0.021627646902694992,0.0272607714961014
1970-01-02 19:30:00,-0.3886395920264129,-0.12805505465384845,-0.03288825825009336,0.0285185008770847
1970-01-02 19:31:00,-0.3911502665316117,-0.1599584740567856,-0.03330162606625972,0.027709158555185968
1970-01-02 19:32:00,-0.38201740812274027,-0.12748358184865974,0.002234290134845607,0.025179973613176268
1970-01-02 19:33:00,-0.3701779852245852,-0.08190594907612776,0.02061633208823978,0.025239281380963267
1970-01-02 19:34:00,-0.37198041572081514,-0.06459077534229142,0.012500964300125724,0.0257532626818831
1970-01-02 19:35:00,-0.35859727565789257,-0.12479009325787005,-0.006644344804593735,0.02484452736952523
1970-01-02 19:36:00,-0.36813845945051743,-0.08108784264039144,-0.01041734100241896,0.02667006780659183
1970-01-02 19:37:00,-0.38447463091340567,-0.1794149247932623,-0.02305019863233924,0.027261017396322904
1970-01-02 19:38:00,-0.3744432650077474,-0.13793883060914883,-0.018605860732943572,0.027357522457265734
1970-01-02 19:39:00,-0.38496398663479964,-0.15499738489705814,-0.00850321873941289,0.025565203054821267
1970-01-02 19:40:00,-0.3862012707466435,-0.15152541294558455,-0.025064608108428896,0.02807496818199827
1970-01-02 19:41:00,-0.37577968974209003,-0.09636099717575924,-0.009642981027968137,0.026009614443965934
1970-01-02 19:42:00,-0.3801985113335296,-0.11070548088667109,-0.01583033523657862,0.027451167391029336
1970-01-02 19:43:00,-0.3719671582889869,-0.11371832545888756,-0.0160456438989338,0.026980051643645832
1970-01-02 19:44:00,-0.3742627775571927,-0.0865449506636483,-0.012379988466161257,0.026867716869476
1970-01-02 19:45:00,-0.4844538650981373,0.08466726716837723,-0.05698780423331797,0.026051806086928697
1970-01-02 19:46:00,-0.5298764903364408,0.03752510326924026,-0.05900285432837241,0.022880250652630035
1970-01-02 19:47:00,-0.40067123889467876,-0.10098355918946379,0.0021605919804755327,0.022968109288499267
1970-01-02 19:48:00,-0.42368273827675856,-0.1358647627466922,0.026567985721345017,0.0229254761021073
1970-01-02 19:49:00,-0.4126051869301141,-0.12608045471793133,0.008282036612655039,0.023949179675868834
1970-01-02 19:50:00,-0.3668573502075965,-0.0740574884151834,-0.009642192055138091,0.0242926148738393
1970-01-02 19:51:00,-0.5505702337040653,0.1177280605842741,-0.07396967566068717,0.025844865982643933
1970-01-02 19:52:00,-0.5605289123110785,0.12308854233586886,-0.08711301219846407,0.02562490330672933
1970-01-02 19:53:00,-0.5031774644237829,0.08286132545293604,-0.07073831268247524,0.025598184745684
1970-01-02 19:54:00,-0.3573832184259496,-0.11123832119368364,-0.008649718181602484,0.025212952058318635
1970-01-02 19:55:00,-0.3659549129548236,-0.11947516803675856,-0.006566330901408873,0.025173659585136832
1970-01-02 19:56:00,-0.3365683031863816,-0.11468967113564123,0.052830402939888034,0.012472305930114067
1970-01-02 19:57:00,-0.10289283615382823,-0.16736854941791315,0.21941891409286204,0.0224450834736484
1970-01-02 19:58:00,-0.03997147345293433,-0.1595443929108331,0.20710738419227517,0.026395528616745333
1970-01-02 19:59:00,-0.06196214179282957,-0.059311280754705424,0.2093015648365734,0.02674595967545593
1970-01-02 20:00:00,-0.02388111833709723,-0.1837763247155666,0.24042375123808044,0.026895222062640733
1970-01-02 20:01:00,0.00692277067531966,-0.18719607625575255,0.23690414344254337,0.0264336197048065
1970-01-02 20:02:00,0.011261256449751558,-0.22016394555598973,0.2111057029383776,0.026202731064326065
1970-01-02 20:03:00,-0.00029386135032819644,-0.26604942760885997,0.18591359816925931,0.0262675621821912
1970-01-02 20:04:00,-0.0029804341950641334,-0.16059827665478574,0.2516107723248291,0.02638875689296563
1970-01-02 20:05:00,-0.026530239816058027,-0.13329798794945413,0.2549449108150507,0.027151551422616067
1970-01-02 20:06:00,-0.03104071175684156,-0.17703784046492446,0.25743267701583233,0.026889543437788335
1970-01-02 20:07:00,-0.026876427581666373,-0.16182067853763585,0.253111310984228,0.026480567080430867
1970-01-02 20:08:00,-0.032405321720920206,-0.13928436419947263,0.2535019941456868,0.027506047066770265
1970-01-02 20:09:00,-0.0299653564492728,-0.17923536022131992,0.24810349138684426,0.027313215947296163
1970-01-02 20:10:00,-0.0486943624861745,-0.21473271260144136,0.24828461796991494,0.026630419979682934
1970-01-02 20:11:00,-0.031132177486776807,-0.1994842424413651,0.2427342615430097,0.02615589021855767
1970-01-02 20:12:00,-0.025634237868390124,-0.17437492968154902,0.24659121254199765,0.026482274883725666
1970-01-02 20:13:00,-0.011655225476624592,-0.1956365116614772,0.2386565734788604,0.02627551830894957
1970-01-02 20:14:00,-0.028808285074830933,-0.13752445929421234,0.2547349091750662,0.0270594014865267
1970-01-02 20:15:00,-0.03887483416495677,-0.15058461505876405,0.2469841142680813,0.02658183515421603
1970-01-02 20:16:00,-0.05558661821064784,-0.02791845870528543,0.249191296105684,0.026124609612489764
1970-01-02 20:17:00,-0.07430785264958116,0.00893671442075696,0.24149405694414774,0.0267447980686152
1970-01-02 20:18:00,-0.0315913611219408,0.007926976385675863,0.23905307615786134,0.025195895277349067
1970-01-02 20:19:00,-0.014323688036502141,-0.10951963028997413,0.2561111205518116,0.025731068792313933
1970-01-02 20:20:00,-0.015552295036134603,-0.11917023045208697,0.2522949466357659,0.026133919786980833
1970-01-02 20:21:00,-0.015744861870861732,-0.13872779007073674,0.25194953837671746,0.0261077823039953
1970-01-02 20:22:00,-0.02062341216429116,-0.13577280919625473,0.251023790025873,0.026348921942785167
1970-01-02 20:23:00,-0.01753803502245303,-0.144107543045198,0.2524568141897505,0.025443784227181368
1970-01-02 20:24:00,-0.0390682713483251,-0.1355834189021655,0.26131080215744285,0.025270660602315833
1970-01-02 20:25:00,-0.03934642246610873,-0.12533697174021047,0.25703264081748917,0.025307757426050067
1970-01-02 20:26:00,-0.04159286264038361,-0.1546403269593693,0.2508363179433731,0.026445227070120664
1970-01-02 20:27:00,-0.10453896434205005,0.10038050799415754,0.1994263493188669,0.0265768270695122
1970-01-02 20:28:00,-0.10944770430451038,0.11441114893433801,0.19739319330886307,0.025845943049834164
1970-01-02 20:29:00,-0.11411493570612385,0.09975602431734558,0.19565064229131726,0.026485433383789666
1970-01-02 20:30:00,-0.11887161081557673,0.1317759615760873,0.19547545660622453,0.0260365847252956
1970-01-02 20:31:00,-0.12523858036515303,0.1696797453752357,0.19717155263379363,0.0271896932302047
1970-01-02 20:32:00,-0.12307606289925584,0.14693013682220035,0.19642641837084798,0.026181925015885135
1970-01-02 20:33:00,-0.11273416714807936,0.11966250713630595,0.1858969555628922,0.025023700456935333
1970-01-02 20:34:00,-0.13851254881770145,0.16905227996196784,0.18377146950168208,0.0276984852655564
1970-01-02 20:35:00,-0.14010689565746892,0.1700120789143249,0.1872688242173929,0.0278214538824839
1970-01-02 20:36:00,-0.15235676266687784,0.17139095192032414,0.18856110776640575,0.027980102120765068
1970-01-02 20:37:00,-0.155315930464334,0.1430847474058383,0.1870656738286518,0.02771908982550263
1970-01-02 20:38:00,-0.15362461447797046,0.151056249721813,0.1841726857875918,0.0272757464635329
1970-01-02 20:39:00,-0.14139756115264282,0.1647178457435186,0.18624483189079424,0.026713047772117197
1970-01-02 20:40:00,-0.1538451907144251,0.13582717085452756,0.18770418886579965,0.027768683676994133
1970-01-02 20:41:00,-0.13814564851271136,0.16240587933751457,0.18370258610458357,0.027050515175946133
1970-01-02 20:42:00,-0.13673554305147642,0.17192617361417065,0.18349636748816944,0.027214596948934935
1970-01-02 20:43:00,-0.1436013278692951,0.14877837316851195,0.1893475788109681,0.026474855555325933
1970-01-02 20:44:00,-0.12628048439413633,0.12653223782014592,0.18188753725030696,0.026300551847229067
1970-01-02 20:45:00,-0.12018779774616027,0.1370475115370088,0.18885356718218282,0.023400686862129833
1970-01-02 20:46:00,-0.1010991443096123,0.07726015353205153,0.2072950922922884,0.0205477997102113
1970-01-02 20:47:00,-0.08887721637072767,0.08675953563020777,0.19214892462328903,0.0218946095490262
1970-01-02 20:48:00,-0.08116409879794774,0.1332417552015262,0.18930862917791458,0.024487791031801532
1970-01-02 20:49:00,-0.04206179593860967,0.08699893504781021,0.1891455680496484,0.023354477246747034
1970-01-02 20:50:00,-0.02528691601212797,0.0978732178386334,0.18903396548264095,0.0238961470908582
1970-01-02 20:51:00,-0.04386795398861639,0.09845109437312351,0.18031489861227099,0.0236110555758533
1970-01-02 20:52:00,-0.04192034230590516,0.13419991319824978,0.17831890524557695,0.025621246959010763
1970-01-02 20:53:00,-0.0429925151265231,0.10091263788745071,0.17990771445495324,0.02390106414942557
1970-01-02 20:54:00,-0.05467305983634777,0.13142661813104128,0.1848584245574739,0.025066201049675232
1970-01-02 20:55:00,-0.0968595266242665,0.17011018604838793,0.19636992926487687,0.019469770748374398
1970-01-02 20:56:00,-0.08946737428929945,0.15107914305406558,0.185576558416897,0.027571670698238637
1970-01-02 20:57:00,-0.11271388538731807,0.18249102620398427,0.19116519014110347,0.027265044506813732
1970-01-02 20:58:00,-0.12359805229899663,0.15886780889265797,0.20005887625453422,0.026544102079078497
1970-01-02 20:59:00,-0.12099460214520051,0.17319124034349143,0.19449333378648695,0.02709445684276497
1970-01-02 21:00:00,-0.13382899178551413,0.16971102359054227,0.1934233585049384,0.026731528176671765
1970-01-02 21:01:00,-0.12139539329879685,0.15955790077732832,0.19318305895960244,0.026735649840588533
1970-01-02 21:02:00,-0.09143244569323823,0.10834736760638876,0.2047200198416552,0.027348875615249468
1970-01-02 21:03:00,-0.06711426288442547,-0.17804722829605937,0.23681185385148215,0.027252994436864065
1970-01-02 21:04:00,-0.08686827587870961,-0.1524881335994355,0.25712042584572503,0.026785507437085868
1970-01-02 21:05:00,-0.0981501042054362,-0.150147630574732,0.25359034561595445,0.027169794262038697
1970-01-02 21:06:00,-0.0710248184521747,-0.1754937612487759,0.2547579579710802,0.025651874250662603
1970-01-02 21:07:00,-0.06838716095935725,-0.23030916376584729,0.21086967193835382,0.025908617714161333
1970-01-02 21:08:00,-0.08501188376672182,-0.11957133404037705,0.23482693307784094,0.025350502152484234
1970-01-02 21:09:00,-0.08194679717704545,-0.10157024085174339,0.2353269934983245,0.025830585179018966
1970-01-02 21:10:00,-0.0739590362552483,-0.16068206545036387,0.25568538541794794,0.0245759234852006
1970-01-02 21:11:00,-0.06273837849262097,-0.23657353190833622,0.27805836214095664,0.014990524404449033
1970-01-02 21:12:00,-0.279278737966619,-0.07148266893301046,0.5325247575628104,0.0
1970-01-02 21:13:00,-0.3318157424523239,-0.13437140306777615,0.5735373050630207,0.0076346685223891994
1970-01-02 21:14:00,-0.3338063177088714,-0.14871591679616905,0.5745591192851395,0.007131123674860867
1970-01-02 21:15:00,-0.32824835919984,-0.1676232877683579,0.5699946552148272,0.006819419691206133
1970-01-02 21:16:00,-0.3293072657972292,-0.1480233734838755,0.5808291268269105,0.006025134562126933
1970-01-02 21:17:00,-0.3328597476260067,-0.07569678308138234,0.5866510584913437,0.006785097976139533
1970-01-02 21:18:00,-0.33014086638473944,-0.08507181276116682,0.5789177895705615,0.007528312410060834
1970-01-02 21:19:00,-0.33375920459403846,-0.11821870631868657,0.5728010315718605,0.008382780891057701
1970-01-02 21:20:00,-0.32925373496009197,-0.12759032401145257,0.5824115972802151,0.007155957909117967
1970-01-02 21:21:00,-0.32286357369621643,-0.10822735771694947,0.5603426043709904,0.009387959039050134
1970-01-02 21:22:00,-0.31088296090736944,-0.14232249349660261,0.5617827225469824,0.008959710282175234
1970-01-02 21:23:00,-0.3202509541117856,-0.16021047081062315,0.547859692038954,0.0090094005045432
1970-01-02 21:24:00,-0.32346279554861784,-0.1690431146244051,0.5336404730384383,0.010847739676320066
1970-01-02 21:25:00,-0.3248469048388207,-0.11325207393078256,0.5401906535985793,0.0113169830001014
1970-01-02 21:26:00,-0.41208675804754197,0.05802757316962137,0.5004362412848847,0.0
1970-01-02 21:27:00,-0.4821521973464448,0.2429771611514768,0.4610719996374772,0.0
1970-01-02 21:28:00,-0.34886598662265694,0.21173748829063088,0.49479934060752795,0.0
1970-01-02 21:29:00,-0.46310420413682407,0.11089978404183372,0.5121588872596937,0.0101297545494243
1970-01-02 21:30:00,-0.3952487031176661,0.04073708381107654,0.524153317516114,0.010827641394739733
1970-01-02 21:31:00,-0.43737842141589495,0.018416855313527807,0.4962451771506995,0.010371864850712132
1970-01-02 21:32:00,-0.5703517725730541,0.07414054678538813,0.4349314888362367,0.008135178736856033
1970-01-02 21:33:00,-0.5912869629617229,0.021185197496354762,0.3987358429952161,0.0083427379178531
1970-01-02 21:34:00,-0.5885717037774273,0.03612508795071934,0.3808412716138096,0.010208783708336567
1970-01-02 21:35:00,-0.5776201419901542,-0.0039015421176737952,0.37969741610723773,0.0086388597314304
1970-01-02 21:36:00,-0.5483544843086452,0.05829856098316844,0.38448486278076643,0.0081237606415693
1970-01-02 21:37:00,-0.2633705142932144,0.27517812383290785,0.23876497969440183,0.0085141539571917
1970-01-02 21:38:00,-0.3039137100980467,0.2611740983926362,0.23226330410492455,0.013700759595829233
1970-01-02 21:39:00,-0.2770999915755526,0.2112678047638535,0.23887795116298646,0.012625664578672034
1970-01-02 21:40:00,-0.280502017377599,0.2749417761925506,0.22295968928766416,0.014132731550919401
1970-01-02 21:41:00,-0.28048272904508487,0.2807937241563745,0.22264111284820007,0.014022365685523
1970-01-02 21:42:00,-0.25328829892754606,0.22926962837786066,0.23693645086843662,0.009855925805344067
1970-01-02 21:43:00,-0.28128643007977794,0.23715622124562954,0.23639679345257747,0.012882908244517566
1970-01-02 21:44:00,-0.31499874292644575,0.35699317997626356,0.20714576738329682,0.015084763372966067
1970-01-02 21:45:00,-0.3520114090293411,0.4640344769741485,0.1925356224604516,0.014897172825439732
1970-01-02 21:46:00,-0.3522335061780679,0.48053850832786377,0.20284299953174134,0.012291231479237934
1970-01-02 21:47:00,-0.2724087420680007,0.5760631284277237,0.20777987900798203,0.004782834073764933
1970-01-02 21:48:00,-0.10343210944678823,0.8208674336421256,0.21212485353427465,0.012325817347881934
1970-01-02 21:49:00,-0.08718081016352279,0.7811998026418658,0.21333573801462613,0.012499619850821398
1970-01-02 21:50:00,-0.016639606648270105,0.23224073864552053,0.5302134650284085,0.007068809088159701
1970-01-02 21:51:00,0.27386487051041714,0.26545791313212325,0.30575962978427734,0.006689428723144466
1970-01-02 21:52:00,0.2565685462510205,0.27381157800581374,0.3120353961533731,0.007093881960759233
1970-01-02 21:53:00,0.25890398177171353,0.316167834764925,0.31840911653384946,0.006044296622761967
1970-01-02 21:54:00,0.18776325749644518,-0.05325524393688009,0.31404045259257823,0.0
1970-01-02 21:55:00,0.2202402555049626,-0.30923967005120967,0.38795541939368045,0.0
1970-01-02 21:56:00,0.24252616544505148,-0.31297173347059093,0.38913562834065935,0.0
1970-01-02 21:57:00,0.2524492652545782,-0.3318836871115611,0.3848490715205894,0.0
1970-01-02 21:58:00,0.5320284449347373,-0.04481573907306954,0.5209952244890692,0.0
1970-01-02 21:59:00,0.5399963680614942,-0.12473651705701934,0.5055942017375205,0.0
1970-01-02 22:00:00,0.5499708931677584,-0.11960117141659084,0.5011748918095719,0.0
1970-01-02 22:01:00,0.5426662284540381,-0.048532623652841,0.5053809970027123,0.0
1970-01-02 22:02:00,0.546555064867058,-0.012688644409712966,0.5048507870307433,0.0
1970-01-02 22:03:00,0.5460470713767802,-0.0109786985988308,0.508038854281978,0.0
1970-01-02 22:04:00,0.5439297900617273,0.007785574038039099,0.5005372500372234,0.0
1970-01-02 22:05:00,0.5363123009469799,0.030745930322966603,0.5019633588879611,0.0
1970-01-02 22:06:00,0.5308535665787514,0.006255553008872437,0.5138290651926227,0.0
1970-01-02 22:07:00,0.5188774769654187,0.010441025477361065,0.518410043745509,0.0
1970-01-02 22:08:00,0.5105499284175167,0.0088629464609528,0.5155322147721608,0.0
1970-01-02 22:09:00,0.5116007029695204,0.04699455793873943,0.512514606112395,0.0
1970-01-02 22:10:00,0.5262628335478637,-0.0012838026404409046,0.5138526231121296,0.0
1970-01-02 22:11:00,0.5347889666440783,0.011996591382944103,0.5112996486440997,0.0
1970-01-02 22:12:00,0.454967828986683,0.11363028918973363,0.48478874544418765,0.0
1970-01-02 22:13:00,0.13277063025495073,0.2319057085360459,0.5878501319809935,0.0
1970-01-02 22:14:00,0.029138903270301234,-0.5334305707609106,0.4285058007710086,0.0
1970-01-02 22:15:00,-0.015060526075326161,-0.5667923294481466,0.41345472792980015,0.0017222948264958666
1970-01-02 22:16:00,0.14489431287199697,-0.156331276526841,0.8277669085672117,0.0
1970-01-02 22:17:00,0.13697487409233247,-0.10641435986101606,0.8367608132379032,0.0
1970-01-02 22:18:00,0.13521287715032954,-0.10657717909223063,0.8384142986527247,0.0
1970-01-02 22:19:00,0.1357323536485706,-0.11932580042013276,0.8382439798123985,0.0
1970-01-02 22:20:00,0.14785498161587332,-0.11348975632562573,0.8385027014826454,0.0
1970-01-02 22:21:00,0.13719931483299064,-0.10584844152994788,0.8412454984106597,0.0
1970-01-02 22:22:00,0.12577728130356872,-0.09009030979397126,0.8434567537596048,0.0
1970-01-02 22:23:00,0.1353410907251986,-0.12414548456997077,0.8414619973634029,0.0
1970-01-02 22:24:00,0.13005115244118318,-0.11222709117393433,0.8438520960837704,0.0
1970-01-02 22:25:00,0.12295054359259028,-0.12606607443861242,0.8430221424197238,0.0
1970-01-02 22:26:00,0.12587740709612583,-0.1369174791826323,0.8419628291467456,0.0
1970-01-02 22:27:00,0.122416726536416,-0.1134850757176958,0.8345400292114102,0.0
1970-01-02 22:28:00,0.11848953576075134,-0.12179629258743578,0.8234306366678602,0.0
1970-01-02 22:29:00,0.12878387169981795,-0.1366880956120779,0.8121857236754085,0.0
1970-01-02 22:30:00,0.1273632077666825,-0.18254230945546857,0.7924832986022028,0.0
1970-01-02 22:31:00,0.12601261937794225,-0.1621770922820295,0.8065346495466827,0.0
1970-01-02 22:32:00,0.1248830661657826,-0.15598358881004704,0.8103669803973451,0.0
1970-01-02 22:33:00,0.1172580379013927,-0.1594848764059517,0.807021668795107,0.0
1970-01-02 22:34:00,0.11499447264442964,-0.13731553600716415,0.8114376933326269,0.0
1970-01-02 22:35:00,0.12162884134428886,-0.16278265490955882,0.8116986442810737,0.0
1970-01-02 22:36:00,0.10978546749698943,-0.14091678050811193,0.8231394354063287,0.0
1970-01-02 22:37:00,0.1064412002147896,-0.13584140541933207,0.8277829866171914,0.0
1970-01-02 22:38:00,0.09866736114924853,-0.12851739414731486,0.8313447870108107,0.0
1970-01-02 22:39:00,0.09647542963865142,-0.13997575425732603,0.8316072725013015,0.0
1970-01-02 22:40:00,0.08755564069474248,-0.1474196435075573,0.8331458872223934,0.0
1970-01-02 22:41:00,0.09101076371358346,-0.14613459498986167,0.8361965550882332,0.0
1970-01-02 22:42:00,0.09243149450521304,-0.1285905661478743,0.8422844499103163,0.0
1970-01-02 22:43:00,0.09080569232093076,-0.13919173094681803,0.8442419915139983,0.0
1970-01-02 22:44:00,0.0836215033651505,-0.15293517740179727,0.8453938593598141,0.0
1970-01-02 22:45:00,0.08594755330726878,-0.14660967378060252,0.8503002193002414,0.0
1970-01-02 22:46:00,0.07891436824226229,-0.13466207598158053,0.8572951312198523,0.0
1970-01-02 22:47:00,0.09235883460531846,-0.12288446162614526,0.8575643377782033,0.0
1970-01-02 22:48:00,0.09032114988485163,-0.12825868991035758,0.8556300558483586,0.0
1970-01-02 22:49:00,0.0906499610952677,-0.12561041390991542,0.8548250019118241,0.0
1970-01-02 22:50:00,0.09412330082911709,-0.13862213454075967,0.8511361495347622,0.0
1970-01-02 22:51:00,0.09134196279678547,-0.13408438412340382,0.8504189710275484,0.0
1970-01-02 22:52:00,0.10077038156233507,-0.131271252388468,0.8492896029011373,0.0
1970-01-02 22:53:00,0.10420441829143663,-0.13438735046307312,0.847173510759016,0.0
1970-01-02 22:54:00,0.0902422028997907,-0.12480411586857805,0.8462273139966209,0.0
1970-01-02 22:55:00,0.09738763508988009,-0.19687020011722103,0.8191552561350681,0.0
1970-01-02 22:56:00,0.08083717040494633,-0.1319413249365788,0.8286280425711811,0.0
1970-01-02 22:57:00,0.059430005614371006,0.2521120649299749,0.5174545170343587,0.0044534624715778
1970-01-02 22:58:00,0.319222017398417,0.03660936685231762,0.5479270109771072,0.0
1970-01-02 22:59:00,0.39749674729712653,-0.04876891739083966,0.554156090254211,0.0
1970-01-02 23:00:00,0.9803607349036924,0.0779044643110095,0.04691707855094413,0.0
1970-01-02 23:01:00,0.980277621004153,0.0789301516343819,0.046649758372013204,0.0
1970-01-02 23:02:00,0.9802955466696027,0.07919122367333879,0.046406053431128164,0.0
1970-01-02 23:03:00,0.9812027049043994,0.07095249573478159,0.04426443725872262,0.0
1970-01-02 23:04:00,0.9816935815380656,0.0667769740612777,0.04248112264494976,0.0
1970-01-02 23:05:00,0.9817395957278466,0.06588590513481343,0.04241288661017347,0.0
1970-01-02 23:06:00,0.9818658402378301,0.06291057240814539,0.042782678850025534,0.0
1970-01-02 23:07:00,0.981941833103032,0.061621981979468964,0.042429306685742234,0.0
1970-01-02 23:08:00,0.9820097378798504,0.06108070676026723,0.04223865173849147,0.0
1970-01-02 23:09:00,0.9820514970318297,0.0605596032883649,0.04220621618880533,0.0
1970-01-02 23:10:00,0.9820760602045939,0.06023429383985324,0.042155755644459926,0.0
1970-01-02 23:11:00,0.9821111115180553,0.059818371621726596,0.042099779033660634,0.0
1970-01-02 23:12:00,0.9821265316343862,0.05943295717022496,0.042025858348492366,0.0
1970-01-02 23:13:00,0.9821526420936237,0.05905576750854483,0.041974656034819396,0.0
1970-01-02 23:14:00,0.9821766865737634,0.058814366925535704,0.04191188886299437,0.0
1970-01-02 23:15:00,0.9822025684565902,0.058269809795067,0.04188125378976687,0.0
1970-01-02 23:16:00,0.9822767942503082,0.0573562177519504,0.04178645566970707,0.0
1970-01-02 23:17:00,0.9822739634193741,0.057132127249709126,0.041778545711332465,0.0
1970-01-02 23:18:00,0.7749983961691628,0.0223978825750125,0.21860899701986417,0.0
1970-01-02 23:19:00,0.7749610937133967,0.022056162022873128,0.21854593765905284,0.0
1970-01-02 23:20:00,0.7750075418539528,0.021959547407483796,0.2186450156560462,0.0
1970-01-02 23:21:00,0.7750734198051269,0.022159165616705463,0.21841750026522944,0.0
1970-01-02 23:22:00,0.7751969312771768,0.0218076693715544,0.21843234684436338,0.0
1970-01-02 23:23:00,0.7751003540276468,0.021623257234296464,0.21828881044737336,0.0
1970-01-02 23:24:00,0.7750672422602567,0.021532199050649233,0.21814222056077015,0.0
1970-01-02 23:25:00,0.7750529730923165,0.022107364418624733,0.21820974819541075,0.0
1970-01-02 23:26:00,0.7741535931623297,0.023873133976360834,0.21779990889320774,0.0
1970-01-02 23:27:00,0.7734312690458461,0.025779830759678934,0.21739409196900764,0.0
1970-01-02 23:28:00,0.774805353692483,0.02545777227657743,0.21774179651509065,0.0
1970-01-02 23:29:00,0.7736276401098628,0.02441820831524963,0.2179207609135666,0.0
1970-01-02 23:30:00,0.7743271813574829,0.023694881508746962,0.21804441483373585,0.0
1970-01-02 23:31:00,0.7740519512463159,0.021854629872412032,0.21729849923279843,0.0
1970-01-02 23:32:00,0.7728704651852764,0.020489475541697232,0.21618433621026098,0.0
1970-01-02 23:33:00,0.7728668713846512,0.0177104924068082,0.21529734098558606,0.0
1970-01-02 23:34:00,0.7730078216045907,0.016489413945628535,0.21483155547959773,0.0
1970-01-02 23:35:00,0.7731755408104203,0.015132504743359502,0.21476953610845936,0.0
1970-01-02 23:36:00,0.7735335321814296,0.0148206136206965,0.2147716656805514,0.0
1970-01-02 23:37:00,0.776515074640864,0.016471029454184636,0.21314635188033662,0.0
1970-01-02 23:38:00,0.7761341810415843,0.01588182900546693,0.21300234237266916,0.0
1970-01-02 23:39:00,0.7764408381130866,0.014943934562084567,0.21301881335788375,0.0
1970-01-02 23:40:00,0.7764331096236948,0.015201397411550568,0.2127981648871544,0.0
1970-01-02 23:41:00,0.7764614469194102,0.014841711098566164,0.21273660016323373,0.0
1970-01-02 23:42:00,0.7767676360271573,0.013889154694887468,0.2128249264112919,0.0
1970-01-02 23:43:00,0.7765089952745966,0.013534693334643931,0.21276626348785513,0.0
1970-01-02 23:44:00,0.7761933900901745,0.014305071067685533,0.21241065850752103,0.0
1970-01-02 23:45:00,0.7758490272803223,0.014794431930123532,0.2122118032204073,0.0
1970-01-02 23:46:00,0.3608857941935513,-0.0437496929884755,0.558151102716646,0.0
1970-01-02 23:47:00,0.36335460133097613,-0.0407953232946654,0.5583037897107566,0.0
1970-01-02 23:48:00,0.3685806827522507,-0.033224056123086,0.5584381703662089,0.0
1970-01-02 23:49:00,0.3690833002558569,-0.0344508900715476,0.5584756204016836,0.0
1970-01-02 23:50:00,0.3712649869625142,-0.0514290054528779,0.5682759624742749,0.0
1970-01-02 23:51:00,0.3802496615138138,-0.0504016701594778,0.5613340912811575,0.0
1970-01-02 23:52:00,0.3797147236501211,-0.0501433093901884,0.5615281871482429,0.0
1970-01-02 23:53:00,0.3797869536146787,-0.04883332206774169,0.5617253125208349,0.0
1970-01-02 23:54:00,0.37758672502884555,-0.0602587781100655,0.5615901992030636,0.0
1970-01-02 23:55:00,0.3785911682662224,-0.0681758222166943,0.5638762291041286,0.0
1970-01-02 23:56:00,0.37928042321282324,-0.0682912468585308,0.5639127304117673,0.0
1970-01-02 23:57:00,0.37958732320693206,-0.0688761526412412,0.563780156489497,0.0
1970-01-02 23:58:00,0.3867362442206059,-0.0601559085730402,0.5684804001447664,0.0
1970-01-02 23:59:00,0.38690224261908,-0.0618209247810391,0.5681595455041092,0.0
1970-01-03 00:00:00,-0.4766964479967885,0.1707293166077369,0.061784539363115,0.0
1970-01-03 00:01:00,-0.4766964479967885,0.1707293166077369,0.061784539363115,0.0
1970-01-03 00:02:00,-0.4766964479967885,0.1707293166077369,0.061784539363115,0.0
1970-01-03 00:03:00,-0.4766964479967885,0.1707293166077369,0.061784539363115,0.0
1970-01-03 00:04:00,-0.4766964479967885,0.1707293166077369,0.061784539363115,0.0
1970-01-03 00:05:00,-0.4766964479967885,0.1707293166077369,0.061784539363115,0.0
1970-01-03 00:06:00,-0.4766964479967885,0.1707293166077369,0.061784539363115,0.0
1970-01-03 00:07:00,-0.4766964479967885,0.1707293166077369,0.061784539363115,0.0
1970-01-03 00:08:00,-0.4766964479967885,0.1707293166077369,0.061784539363115,0.0
1970-01-03 00:09:00,-0.4766964479967885,0.1707293166077369,0.061784539363115,0.0
1970-01-03 00:10:00,-0.4766964479967885,0.1707293166077369,0.061784539363115,0.0
1970-01-03 00:11:00,-0.4766964479967885,0.1707293166077369,0.061784539363115,0.0
1970-01-03 00:12:00,-0.4766964479967885,0.1707293166077369,0.061784539363115,0.0
1970-01-03 00:13:00,-0.4766964479967885,0.1707293166077369,0.061784539363115,0.0
1970-01-03 00:14:00,-0.4766964479967885,0.1707293166077369,0.061784539363115,0.0
1970-01-03 00:15:00,-0.4766964479967885,0.1707293166077369,0.061784539363115,0.0
1970-01-03 00:16:00,-0.4766964479967885,0.1707293166077369,0.061784539363115,0.0
1970-01-03 00:17:00,-0.4766964479967885,0.1707293166077369,0.061784539363115,0.0
1970-01-03 00:18:00,-0.4766964479967885,0.1707293166077369,0.061784539363115,0.0
1970-01-03 00:19:00,-0.4766964479967885,0.1707293166077369,0.061784539363115,0.0
1970-01-03 00:20:00,-0.4766964479967885,0.1707293166077369,0.061784539363115,0.0
1970-01-03 00:21:00,-0.4766964479967885,0.1707293166077369,0.061784539363115,0.0
1970-01-03 00:22:00,-0.4766964479967885,0.1707293166077369,0.061784539363115,0.0
1970-01-03 00:23:00,-0.4766964479967885,0.1707293166077369,0.061784539363115,0.0
1970-01-03 00:24:00,-0.4766964479967885,0.1707293166077369,0.061784539363115,0.0
1970-01-03 00:25:00,-0.4766964479967885,0.1707293166077369,0.061784539363115,0.0
1970-01-03 00:26:00,-0.4766964479967885,0.1707293166077369,0.061784539363115,0.0
1970-01-03 00:27:00,-0.4766964479967885,0.1707293166077369,0.061784539363115,0.0
1970-01-03 00:28:00,-0.4766964479967885,0.1707293166077369,0.061784539363115,0.0
1970-01-03 00:29:00,-0.4766964479967885,0.1707293166077369,0.061784539363115,0.0
1970-01-03 00:30:00,-0.4766964479967885,0.1707293166077369,0.061784539363115,0.0
1970-01-03 00:31:00,-0.4766964479967885,0.1707293166077369,0.061784539363115,0.0
1970-01-03 00:32:00,-0.4766964479967885,0.1707293166077369,0.061784539363115,0.0
1970-01-03 00:33:00,-0.4766964479967885,0.1707293166077369,0.061784539363115,0.0
1970-01-03 00:34:00,-0.4766964479967885,0.1707293166077369,0.061784539363115,0.0
1970-01-03 00:35:00,-0.4766964479967885,0.1707293166077369,0.061784539363115,0.0
1970-01-03 00:36:00,-0.4766964479967885,0.1707293166077369,0.061784539363115,0.0
1970-01-03 00:37:00,-0.4766964479967885,0.1707293166077369,0.061784539363115,0.0
1970-01-03 00:38:00,-0.4766964479967885,0.1707293166077369,0.061784539363115,0.0
1970-01-03 00:39:00,-0.4766964479967885,0.1707293166077369,0.061784539363115,0.0
1970-01-03 00:40:00,-0.4766964479967885,0.1707293166077369,0.061784539363115,0.0
1970-01-03 00:41:00,-0.4766964479967885,0.1707293166077369,0.061784539363115,0.0
1970-01-03 00:42:00,-0.4766964479967885,0.1707293166077369,0.061784539363115,0.0
1970-01-03 00:43:00,-0.4766964479967885,0.1707293166077369,0.061784539363115,0.0
1970-01-03 00:44:00,-0.4766964479967885,0.1707293166077369,0.061784539363115,0.0
1970-01-03 00:45:00,-0.4766964479967885,0.1707293166077369,0.061784539363115,0.0
1970-01-03 00:46:00,-0.4766964479967885,0.1707293166077369,0.061784539363115,0.0
1970-01-03 00:47:00,-0.4766964479967885,0.1707293166077369,0.061784539363115,0.0
1970-01-03 00:48:00,-0.4766964479967885,0.1707293166077369,0.061784539363115,0.0
1970-01-03 00:49:00,-0.4766964479967885,0.1707293166077369,0.061784539363115,0.0
1970-01-03 00:50:00,-0.4766964479967885,0.1707293166077369,0.061784539363115,0.0
1970-01-03 00:51:00,-0.4766964479967885,0.1707293166077369,0.061784539363115,0.0
1970-01-03 00:52:00,-0.4766964479967885,0.1707293166077369,0.061784539363115,0.0
1970-01-03 00:53:00,-0.4766964479967885,0.1707293166077369,0.061784539363115,0.0
1970-01-03 00:54:00,-0.4766964479967885,0.1707293166077369,0.061784539363115,0.0
1970-01-03 00:55:00,-0.4766964479967885,0.1707293166077369,0.061784539363115,0.0
1970-01-03 00:56:00,-0.4766964479967885,0.1707293166077369,0.061784539363115,0.0
1970-01-03 00:57:00,-0.4766964479967885,0.1707293166077369,0.061784539363115,0.0
1970-01-03 00:58:00,-0.4766964479967885,0.1707293166077369,0.061784539363115,0.0
1970-01-03 00:59:00,-0.4766964479967885,0.1707293166077369,0.061784539363115,0.0
1970-01-03 01:00:00,-0.7033680769508072,0.15783331120034857,0.06245647065150114,0.0
1970-01-03 01:01:00,-0.6497391116102927,0.16064395871291728,0.06239145332928107,0.0
1970-01-03 01:02:00,-0.6008494876730405,0.16356830890334176,0.06220844113819474,0.0
1970-01-03 01:03:00,-0.5560206214829252,0.1661777667823077,0.062051328848454206,0.0
1970-01-03 01:04:00,-0.514774684470387,0.16855425072767072,0.061912815721924336,0.0
1970-01-03 01:05:00,-0.4766964479967885,0.1707293166077369,0.061784539363115,0.0
1970-01-03 01:06:00,-0.4766964479967885,0.1707293166077369,0.061784539363115,0.0
1970-01-03 01:07:00,-0.4766964479967885,0.1707293166077369,0.061784539363115,0.0
1970-01-03 01:08:00,-0.4766964479967885,0.1707293166077369,0.061784539363115,0.0
1970-01-03 01:09:00,-0.4766964479967885,0.1707293166077369,0.061784539363115,0.0
1970-01-03 01:10:00,-0.6534142924633355,0.16595054362238607,0.031770719474335164,0.0064385032304755995
1970-01-03 01:11:00,-0.653248003124454,0.16678846159564864,0.031788798415854636,0.006403380158997034
1970-01-03 01:12:00,-0.6528093034522607,0.16978109439725753,0.0315318697508668,0.0064574679493663
1970-01-03 01:13:00,-0.6527327743116335,0.17034013996527073,0.03138623345844027,0.0064787251584335
1970-01-03 01:14:00,-0.6527122463916606,0.17053577389542882,0.031208026749177168,0.006496275855540734
1970-01-03 01:15:00,-0.6526779950956372,0.17080537089901818,0.031185692749060634,0.006508279817385733
1970-01-03 01:16:00,-0.6526593309525525,0.1709484942489047,0.031103491220854002,0.006516347851689833
1970-01-03 01:17:00,-0.6528877139525772,0.16950422315741479,0.03082926584381937,0.006509990745762467
1970-01-03 01:18:00,-0.6527795445618504,0.17019509549659373,0.031125420619519135,0.006508356402643933
1970-01-03 01:19:00,-0.6529915931399008,0.1685880796284047,0.03132140281921313,0.006448901614116167
1970-01-03 01:20:00,-0.6521326645277901,0.17165822757204174,0.033152494121037206,0.006062930363871066
1970-01-03 01:21:00,-0.6402616717107388,0.2085904155487606,0.0406961533149848,0.0027690595569845335
1970-01-03 01:22:00,-0.6528945976191035,0.17177038288725974,0.02544769565571747,0.007101809574766633
1970-01-03 01:23:00,-0.6536269124824131,0.16726151708613632,0.025513207374054436,0.007082738956926033
1970-01-03 01:24:00,-0.6528080902390032,0.1722733858180585,0.02588061920870084,0.0070829213379430675
1970-01-03 01:25:00,-0.6533246289704858,0.1670688648924342,0.025672121337443937,0.006747026077933034
1970-01-03 01:26:00,-0.6546857223743977,0.15966458290515895,0.02286501669779817,0.007153298931214534
1970-01-03 01:27:00,-0.50695603199203,0.2892955653226035,0.015484337711826534,0.0
1970-01-03 01:28:00,-0.33386108542842113,0.11253538655785737,0.28589158525670494,0.0
1970-01-03 01:29:00,-0.30294808634543274,-0.017139411376166664,0.30548469376110376,0.0
1970-01-03 01:30:00,-0.1582652228140759,0.15349139786442587,0.18519175961295706,0.0
1970-01-03 01:31:00,-0.0001136437281401929,0.1951984365422985,0.061405314462887634,0.0
1970-01-03 01:32:00,-0.000987104525139726,0.1993166648502088,0.05998335614870543,0.0
1970-01-03 01:33:00,-0.0008265735535309959,0.19846230730313028,0.06011114277376827,0.0
1970-01-03 01:34:00,-0.0007843220831284711,0.19815959101206007,0.060186520024161534,0.0
1970-01-03 01:35:00,-0.00071849207680826,0.19791764010856416,0.06018108487799793,0.0
1970-01-03 01:36:00,-0.4826860312672194,0.1726406274641503,0.061161282843793706,0.0
1970-01-03 01:37:00,-0.48268157760888974,0.1726565786053725,0.061162479914631036,0.0
1970-01-03 01:38:00,-0.4826806112060587,0.17265783563371687,0.061162981420627566,0.0
1970-01-03 01:39:00,-0.4827184682786827,0.17252892611701065,0.061170444069619835,0.0
1970-01-03 01:40:00,-0.4826949141633219,0.17260458351048627,0.06116546022890227,0.0
1970-01-03 01:41:00,-0.4685500751298394,0.17301425573328508,0.0635646649424451,0.0
1970-01-03 01:42:00,-0.4532527524498524,0.1733421744457826,0.06616347145907393,0.0
1970-01-03 01:43:00,-0.4366632941651052,0.1734408795085731,0.06901253736845146,0.0
1970-01-03 01:44:00,-0.41856556702751063,0.17352006753084318,0.07213288758405056,0.0
1970-01-03 01:45:00,-0.3987440933595609,0.17359969588525215,0.07556670719931183,0.0
1970-01-03 01:46:00,-0.37694730718278957,0.17364418756809327,0.07934693786732316,0.0
1970-01-03 01:47:00,-0.35286769132710294,0.17364721032844008,0.0835388019911182,0.0
1970-01-03 01:48:00,-0.3260716234346096,0.17386208435222494,0.08822116512350674,0.0
1970-01-03 01:49:00,-0.29613918108828813,0.17401202195371068,0.09341956582911097,0.0
1970-01-03 01:50:00,-0.2624438617385076,0.17436200224566833,0.09924162321896436,0.0
1970-01-03 01:51:00,-0.22437478430628754,0.1743295695617445,0.10561468635934856,0.0
1970-01-03 01:52:00,-0.18255947543811069,0.16903753481407782,0.1117998266273504,0.0
1970-01-03 01:53:00,-0.13239565388400534,0.16831869291822274,0.12137986889701857,0.0
1970-01-03 01:54:00,-0.07380760210381893,0.16793781908822358,0.13243580206253633,0.0
1970-01-03 01:55:00,-0.004539580474767972,0.16811863226609694,0.14513760760554964,0.0
1970-01-03 01:56:00,0.07874052486445199,0.16877299242607227,0.1608240311463596,0.0
1970-01-03 01:57:00,0.1888760892415606,0.17618086843230066,0.1796699491632762,0.0
1970-01-03 01:58:00,0.28295356295864155,0.14918433328877503,0.20586154108506952,0.0
1970-01-03 01:59:00,0.3495370545436689,0.16124798560389875,0.16270141777400726,0.0
1970-01-03 02:00:00,-0.6525312427844624,0.2942013565095515,0.028760652222519296,0.0
1970-01-03 02:01:00,-0.6527178701828811,0.294195753053993,0.028784311292389102,0.0
1970-01-03 02:02:00,-0.6480865944255141,0.2893217534582463,0.029899152854817996,0.0
1970-01-03 02:03:00,-0.632950704577312,0.2726455401011616,0.0311325434205828,0.0
1970-01-03 02:04:00,-0.6645541796125455,0.2800566396107526,0.0312484740178593,0.0
1970-01-03 02:05:00,-0.6645541796125455,0.2800566396107526,0.0312484740178593,0.0
1970-01-03 02:06:00,-0.6645541796125455,0.2800566396107526,0.0312484740178593,0.0
1970-01-03 02:07:00,-0.6645541796125455,0.2800566396107526,0.0312484740178593,0.0
1970-01-03 02:08:00,-0.6645541796125455,0.2800566396107526,0.0312484740178593,0.0
1970-01-03 02:09:00,-0.6645541796125455,0.2800566396107526,0.0312484740178593,0.0
1970-01-03 02:10:00,-0.6645541796125455,0.2800566396107526,0.0312484740178593,0.0
1970-01-03 02:11:00,-0.6645541796125455,0.2800566396107526,0.0312484740178593,0.0
1970-01-03 02:12:00,-0.6645541796125455,0.2800566396107526,0.0312484740178593,0.0
1970-01-03 02:13:00,-0.6645541796125455,0.2800566396107526,0.0312484740178593,0.0
1970-01-03 02:14:00,-0.6645541796125455,0.2800566396107526,0.0312484740178593,0.0
1970-01-03 02:15:00,-0.6645541796125455,0.2800566396107526,0.0312484740178593,0.0
1970-01-03 02:16:00,-0.6645541796125455,0.2800566396107526,0.0312484740178593,0.0
1970-01-03 02:17:00,-0.6330962227111206,0.2717991394956117,0.0313158477190935,0.0
1970-01-03 02:18:00,-0.6331058655248546,0.2717342341971024,0.0313096079088254,0.0
1970-01-03 02:19:00,-0.6333515731628582,0.270644248659534,0.0313880204481838,0.0
1970-01-03 02:20:00,-0.6334980498974431,0.2699561100277524,0.0314219085430164,0.0
1970-01-03 02:21:00,-0.6335145505106983,0.2698938145183212,0.0314177010769619,0.0
1970-01-03 02:22:00,-0.6335265558442289,0.2698567868008654,0.0314170218133714,0.0
1970-01-03 02:23:00,-0.6335368174372997,0.2698205759052511,0.0314130364890752,0.0
1970-01-03 02:24:00,-0.6335453266675762,0.2697712571838032,0.0313987816796711,0.0
1970-01-03 02:25:00,-0.6356859998703535,0.2739787838420118,0.0311116356405824,0.0
1970-01-03 02:26:00,-0.6483016841518471,0.2932296640924071,0.0289020740461738,0.0
1970-01-03 02:27:00,-0.6675134136438553,0.2856694105036554,0.0304974093991531,0.0
1970-01-03 02:28:00,-0.6686076792537207,0.2845988953433954,0.0307203646398997,0.0
1970-01-03 02:29:00,-0.6684564262527286,0.2848585898493574,0.0308071594320192,0.0
1970-01-03 02:30:00,-0.6693367940472785,0.2831587085535326,0.0302886591707089,0.0
1970-01-03 02:31:00,-0.6696609086352253,0.2827531308212006,0.029903151017429398,0.0
1970-01-03 02:32:00,-0.6696460077187152,0.2827882709009026,0.0298755385245317,0.0
1970-01-03 02:33:00,-0.6696510507703118,0.2827799941577484,0.029861895285782997,0.0
1970-01-03 02:34:00,-0.6692002294475982,0.2836806911912756,0.029968251001917596,0.0
1970-01-03 02:35:00,-0.6688345222370837,0.284373558730849,0.030014875483592097,0.0
1970-01-03 02:36:00,-0.668853263643053,0.2843467883330407,0.0299470611680208,0.0
1970-01-03 02:37:00,-0.6688685895899601,0.2843339495100185,0.0298830660567268,0.0
1970-01-03 02:38:00,-0.6688767133511413,0.2843202909788586,0.0298723662935369,0.0
1970-01-03 02:39:00,-0.6688488464715397,0.2843684436366176,0.029872831585206,0.0
1970-01-03 02:40:00,-0.6687867108821792,0.2844762722013226,0.0298726207256035,0.0
1970-01-03 02:41:00,-0.668841188823646,0.2843326997437381,0.029916108378910105,0.0
1970-01-03 02:42:00,-0.6690429017579835,0.2839809572092411,0.030040534607367202,0.0
1970-01-03 02:43:00,-0.669033134681186,0.2840098294079856,0.0299983654101363,0.0
1970-01-03 02:44:00,-0.6690042518876401,0.2840677400561393,0.029977227707580396,0.0
1970-01-03 02:45:00,-0.6689733656691915,0.2841272681847168,0.029962085109222398,0.0
1970-01-03 02:46:00,-0.6689519721344083,0.2841698999349903,0.0299547964474996,0.0
1970-01-03 02:47:00,-0.668961405983317,0.2841509843038231,0.0299490483836109,0.0
1970-01-03 02:48:00,-0.6689747777033507,0.2841287026739578,0.0299395390823838,0.0
1970-01-03 02:49:00,-0.6689587690703882,0.2841592079391261,0.0299470926802493,0.0
1970-01-03 02:50:00,-0.6689720312360473,0.2841321038854701,0.029947596875904103,0.0
1970-01-03 02:51:00,-0.6689380759735265,0.2841946516571946,0.029941853091453797,0.0
1970-01-03 02:52:00,-0.6689370570164052,0.2841966518605025,0.0299422514682675,0.0
1970-01-03 02:53:00,-0.6689263196733193,0.284220068382057,0.0299300609043452,0.0
1970-01-03 02:54:00,-0.668918514938534,0.2842331652399648,0.029921754514356202,0.0
1970-01-03 02:55:00,-0.6689043124311609,0.2842581582565364,0.029935417205097802,0.0
1970-01-03 02:56:00,-0.6689527339430675,0.2841666055164395,0.029960314588832703,0.0
1970-01-03 02:57:00,-0.6690067620015244,0.2840621354460623,0.0299256207924561,0.0
1970-01-03 02:58:00,-0.6689607014878258,0.284147384515128,0.029935137485440504,0.0
1970-01-03 02:59:00,-0.6540710782078154,0.2931398171533997,0.028585999003311,0.0
1970-01-03 03:00:00,-0.5549438353425151,0.4022591522078205,-0.0171901070466807,0.0
1970-01-03 03:01:00,-0.5551204991360391,0.4022494606734088,-0.0171778625874149,0.0
1970-01-03 03:02:00,-0.5552178535386617,0.4022465395201795,-0.0171652966639823,0.0
1970-01-03 03:03:00,-0.5432082107026278,0.3908395591081786,-0.0162697847892733,0.0
1970-01-03 03:04:00,-0.5406224150055999,0.388388792554897,-0.016071752331768,0.0
1970-01-03 03:05:00,-0.5406227549798928,0.3883685735197849,-0.0160728575034037,0.0
1970-01-03 03:06:00,-0.5406237947737448,0.3883605469275784,-0.0160591251638691,0.0
1970-01-03 03:07:00,-0.8212064820014238,0.3472654031797597,0.0021991427701043335,0.0103717117263226
1970-01-03 03:08:00,-0.8211930330053819,0.347296714816356,0.0022193555839892334,0.010370004917409267
1970-01-03 03:09:00,-0.821593621354618,0.34592411558726627,0.002308101577621933,0.010310493769880866
1970-01-03 03:10:00,-0.8237491123091928,0.34465749891248937,0.002277065712028832,0.010288262507347134
1970-01-03 03:11:00,-0.8237292264499713,0.3447085840358566,0.002273243139577734,0.0102855224643828
1970-01-03 03:12:00,-0.8307468003930794,0.3464391487569198,0.0023321414254924,0.0102759292467428
1970-01-03 03:13:00,-0.8307862318077004,0.34629457603938163,0.0023295387563488667,0.010265674346664533
1970-01-03 03:14:00,-0.8308075086800546,0.34620568685190545,0.0023271522646728673,0.0102568831797834
1970-01-03 03:15:00,-0.8308035481793477,0.34622114845145213,0.0023240968686938667,0.010257298306038066
1970-01-03 03:16:00,-0.8307944210507131,0.3462476980620141,0.002321442734678733,0.0102567199341168
1970-01-03 03:17:00,-0.8308238546948196,0.34613467166170625,0.0023381970955573678,0.0102521334544034
1970-01-03 03:18:00,-0.8308197754982604,0.34614341733593496,0.0023602172031921,0.010249646870397333
1970-01-03 03:19:00,-0.8308063617595763,0.3461712289126961,0.0023789159520825665,0.010250259086056934
1970-01-03 03:20:00,-0.8307829774122459,0.3462440192986301,0.002412928049491033,0.010249156812114933
1970-01-03 03:21:00,-0.830627010926347,0.3467006836439885,0.0025786835539065335,0.010240458548936
1970-01-03 03:22:00,-0.8308132745032913,0.3461332552731012,0.0024220663971681335,0.0102334711387732
1970-01-03 03:23:00,-0.8309230774521387,0.3452060012218123,0.002743105110725067,0.010056315687041866
1970-01-03 03:24:00,-0.8312569746745314,0.34280598903137977,0.003042624973517967,0.009607194225381267
1970-01-03 03:25:00,-0.8314098803300783,0.3425648993893993,0.0025483798618069335,0.009686323835645666
1970-01-03 03:26:00,-0.8312350545043766,0.3431916904557326,0.0021832451773784005,0.0097279701718028
1970-01-03 03:27:00,-0.8097622192662853,0.3583157319995076,-0.0003066559023371003,0.0
1970-01-03 03:28:00,-0.7814598434757937,0.3746644809116977,0.00047885802657990015,0.0
1970-01-03 03:29:00,-0.7578003839650586,0.39016614048409987,-0.0019214515573305,0.0
1970-01-03 03:30:00,-0.7558184269303826,0.3925035488298614,-0.0035692999703188333,0.0
1970-01-03 03:31:00,-0.746766508002746,0.39128305983812983,-0.005354004574577033,0.0
1970-01-03 03:32:00,-0.7468239314106219,0.39174955921327465,-0.0053640922729258,0.0
1970-01-03 03:33:00,-0.7471583743404843,0.39317008607157256,-0.005221476731290301,0.0
1970-01-03 03:34:00,-0.7472700615982077,0.39342174776541833,-0.005259797591817934,0.0
1970-01-03 03:35:00,-0.8936665765003057,0.3717725773652447,0.0034228913251291002,0.0051907040079594334
1970-01-03 03:36:00,-0.8939017112958503,0.371019869014999,0.0034275644718926336,0.0051712505842909
1970-01-03 03:37:00,-0.8937814625209509,0.371450549828,0.0034598853845008667,0.005196075854173066
1970-01-03 03:38:00,-0.8937553696445142,0.37148448959329744,0.003473426046407267,0.005182450033726434
1970-01-03 03:39:00,-0.8947775106053607,0.36800393264222925,0.0036749175691976666,0.0050513361583017
1970-01-03 03:40:00,-0.8941415494906181,0.3700466822660711,0.0035403538698241,0.0050891866629506665
1970-01-03 03:41:00,-0.8939414396343334,0.370785682633281,0.003489030175715734,0.0051345769094076005
1970-01-03 03:42:00,-0.8940593323139212,0.3703424745248341,0.0034651452033689005,0.005104517038189667
1970-01-03 03:43:00,-0.8941852779162905,0.36992824329147617,0.0034914173242789003,0.005092474652713967
1970-01-03 03:44:00,-0.894131149263925,0.3700793212738543,0.0034941214106456665,0.005089172954295
1970-01-03 03:45:00,-0.8940149357418169,0.3705561089378255,0.0034787532988505335,0.005130731205989433
1970-01-03 03:46:00,-0.8939791635335214,0.37064480058864996,0.0034833320386087,0.0051252123312843
1970-01-03 03:47:00,-0.8941989397525382,0.3699034888753954,0.0036250571836718005,0.0050991116855603
1970-01-03 03:48:00,-0.8940229271247957,0.37045791175131915,0.0036277342966085004,0.0051086824019552
1970-01-03 03:49:00,-0.8939174215283949,0.37083627209476216,0.0036310790019399336,0.0051296481060141
1970-01-03 03:50:00,-0.8939387055088037,0.37073336216372316,0.0035904098127181004,0.0051164139995822
1970-01-03 03:51:00,-0.8940823657830128,0.3700841841057925,0.0040539954123590335,0.0050512752415191
1970-01-03 03:52:00,-0.8941480551269264,0.36991083315243795,0.004025046178512333,0.005058114835504134
1970-01-03 03:53:00,-0.8949835986139288,0.36222456694770594,0.006622128948100966,0.0035391211240683334
1970-01-03 03:54:00,-0.8975367971229432,0.3453272865799218,0.006685725552901399,0.0014034485143779001
1970-01-03 03:55:00,-0.8957894271675227,0.36699678611634984,-0.0012714835278656667,0.0056786426951287335
1970-01-03 03:56:00,-0.8922029489933339,0.3767051499179268,4.8913078660999986e-05,0.005415976539826867
1970-01-03 03:57:00,-0.6705692741051271,0.5225640028629632,-0.023992087074548033,0.0
1970-01-03 03:58:00,-0.5733352777801118,0.6009744362766077,-0.03273967160388327,0.006683641163351933
1970-01-03 03:59:00,-0.5810942952544672,0.6010933755425545,-0.03253353390775947,0.006872122556029166
1970-01-03 04:00:00,0.21909586719085516,0.4834682389419476,-0.03207027100025397,0.0070232036790536
1970-01-03 04:01:00,0.17100384765846513,0.49048910477596114,-0.03305183116370417,0.0070275276443264
1970-01-03 04:02:00,0.21093369221095792,0.41247354774515904,-0.0150282580397005,0.0
1970-01-03 04:03:00,0.4367776275773714,0.12925670778670675,0.0051514849027399666,0.0
1970-01-03 04:04:00,0.03059429012934864,0.2946785293696296,0.0096728937391866,0.0
1970-01-03 04:05:00,0.0015354897115643362,0.3017499095505345,0.008894836089925766,0.0
1970-01-03 04:06:00,-0.025162769330789467,0.30769812678559155,0.007813277881781667,0.0
1970-01-03 04:07:00,-0.049760340682468505,0.31365885944556604,0.006947523182290833,0.0
1970-01-03 04:08:00,-0.07240903269935967,0.31942216045287997,0.006318188294353166,0.0
1970-01-03 04:09:00,-0.09336108326316696,0.3242945874443895,0.005429097924012566,0.0
1970-01-03 04:10:00,-0.1129386403702863,0.32980347006653804,0.004931728404575665,0.0
1970-01-03 04:11:00,-0.1309973125849104,0.3346648282846593,0.0045727198776669,0.0
1970-01-03 04:12:00,-0.14801819903456992,0.3379457050617054,0.004068845629564267,0.0
1970-01-03 04:13:00,-0.16406336790357182,0.3413812086751619,0.0036263588640876657,0.0
1970-01-03 04:14:00,-0.17921033005294199,0.34492641986773775,0.0031737457942981003,0.0
1970-01-03 04:15:00,-0.19329702862652134,0.34820300884760275,0.0027733600612235335,0.0
1970-01-03 04:16:00,-0.20651793125167142,0.3517160247231581,0.0025795623750143673,0.0
1970-01-03 04:17:00,0.152105421803805,0.1809166616364515,-0.00011182451980356704,0.0
1970-01-03 04:18:00,0.14014284222853934,0.18249093726329949,-0.0005768785016007314,0.0
1970-01-03 04:19:00,0.12474106266009106,0.1661798287714243,0.00045174389932460074,0.0
1970-01-03 04:20:00,0.11163365224063378,0.15667344676462538,0.0007264654550997335,0.0
1970-01-03 04:21:00,0.10135131706458515,0.15794643821698165,0.0003517928353700984,0.0
1970-01-03 04:22:00,0.09164759939391587,0.15954149922565508,5.370814532856585e-05,0.0
1970-01-03 04:23:00,0.08244638651737331,0.16106140197205418,-0.0002980226857335992,0.0
1970-01-03 04:24:00,0.07371167304036208,0.16226264782940242,-0.000821154380089365,0.0
1970-01-03 04:25:00,0.02843030637860881,0.23717373027946975,-0.006050546382581966,0.0
1970-01-03 04:26:00,-0.1980844163320842,0.5726741143333741,-0.0445707285268446,0.0
1970-01-03 04:27:00,-0.538623639336813,0.4432868774301988,-0.017156263344355202,0.0
1970-01-03 04:28:00,-0.5647644611069706,0.4263806352540082,-0.013512199660237935,0.005413681843879533
1970-01-03 04:29:00,-0.5580286189533631,0.4390938916240379,-0.013213976938199298,0.005491175478157101
1970-01-03 04:30:00,-0.57328832739223,0.40962928249640784,-0.022201314800911,0.004827779742563833
1970-01-03 04:31:00,-0.5841808927344195,0.39358738286176326,-0.027808858498980637,0.007127520788003767
1970-01-03 04:32:00,-0.589287842854699,0.3847883804559514,-0.027183343769053667,0.007162064111635066
1970-01-03 04:33:00,-0.5986332465646247,0.3786492999027067,-0.027143867534269468,0.007191724318559567
1970-01-03 04:34:00,-0.6127101832059317,0.4014312879677953,-0.026005935497018896,0.006903908868856266
1970-01-03 04:35:00,-0.6063712582236848,0.4134409919870669,-0.02519777781466233,0.007032893077151767
1970-01-03 04:36:00,-0.6066961092604818,0.4129769717583904,-0.0263732259512299,0.007126206306018133
1970-01-03 04:37:00,-0.6069617590068729,0.4127544321593393,-0.0274824745469931,0.007289070600457334
1970-01-03 04:38:00,-0.607102570867347,0.4125176842859008,-0.0276679371089511,0.007302522090649733
1970-01-03 04:39:00,-0.6066195449542529,0.41335233035372343,-0.027659872053353435,0.007293029806533301
1970-01-03 04:40:00,-0.6055425280720054,0.4152213588086105,-0.027663526953130967,0.007286536374671834
1970-01-03 04:41:00,-0.6064868123907617,0.4127327695438119,-0.026909740962483202,0.0068435126304483
1970-01-03 04:42:00,-0.6099831699192791,0.406635898945863,-0.0247530196692259,0.006881573989339866
1970-01-03 04:43:00,-0.609813873921455,0.4071363503907683,-0.025483952421227866,0.006993786787025034
1970-01-03 04:44:00,-0.6093132388333263,0.4081401349587644,-0.025850339265530764,0.0070453189532261665
1970-01-03 04:45:00,-0.6087778777135516,0.4091719558541083,-0.026112810970402602,0.0070803767517678
1970-01-03 04:46:00,-0.6084070564439759,0.409910906192183,-0.026239147773597968,0.007116870832489333
1970-01-03 04:47:00,-0.6085705764917262,0.4095830352519507,-0.026338780881001864,0.0071050404655118
1970-01-03 04:48:00,-0.63161585247315,0.4174067669601483,-0.027394073028018735,0.007127645847360067
1970-01-03 04:49:00,-0.6552565693634225,0.42660083599364285,-0.02819176960122317,0.007135084427550467
1970-01-03 04:50:00,-0.6803876101366204,0.43617426318860747,-0.02922604462700057,0.007109346920092966
1970-01-03 04:51:00,-0.705846996676179,0.4484283716171315,-0.030452228644388363,0.007122046623114833
1970-01-03 04:52:00,-0.7332331704282856,0.4602777118009342,-0.0316274062003227,0.007123177674147733
1970-01-03 04:53:00,-0.7619209323314774,0.4731715916142924,-0.033084052000282395,0.007165340310645433
1970-01-03 04:54:00,-0.7922537487916999,0.48661524442242504,-0.03453872010414857,0.007162964097491499
1970-01-03 04:55:00,-0.8242082765387829,0.5010691829393675,-0.035673368369506964,0.0071506886041835
1970-01-03 04:56:00,-0.8569597991902489,0.5100377164282194,-0.03640118020498027,0.007097447357011466
1970-01-03 04:57:00,-0.8784897356525793,0.4991989266958676,-0.0359110148502954,0.0111368876713547
1970-01-03 04:58:00,-0.8787591872134398,0.49927462831964675,-0.03631459403166993,0.011383283718894535
1970-01-03 04:59:00,-0.6205854151191281,0.6548481987260804,-0.0605542022289589,0.004118780062793333
1970-01-03 05:00:00,0.4530261544297198,0.5165340575065325,-0.07488360290579364,0.007450184547837767
1970-01-03 05:01:00,0.4630494621152141,0.5022581824687908,-0.0735582929852316,0.0074508193517593335
1970-01-03 05:02:00,0.472474346210685,0.49449602096646855,-0.07227543116642667,0.0075170918135227666
1970-01-03 05:03:00,0.7716090765791455,0.2243903408564625,-0.04824772820780613,0.0
1970-01-03 05:04:00,0.8395292936609291,0.1736518861070008,-0.0418355287682421,0.0
1970-01-03 05:05:00,0.8435396525029838,0.18177469080073935,-0.0404340241482647,0.0
1970-01-03 05:06:00,0.8467622409384141,0.18982929307976848,-0.0387807479120766,0.0
1970-01-03 05:07:00,0.8495124133443492,0.1969055159470469,-0.0376277628458547,0.0
1970-01-03 05:08:00,0.8518902723229994,0.2036217940024425,-0.03644477918471183,0.0
1970-01-03 05:09:00,0.85399028113179,0.2099750843109521,-0.0356976476034903,0.0
1970-01-03 05:10:00,0.8557917677132446,0.21683550173558733,-0.03425409772993567,0.0
1970-01-03 05:11:00,0.8573889309632697,0.22206857082813833,-0.03352027005188366,0.0
1970-01-03 05:12:00,0.5465549420869947,0.24842062360489234,0.14679804025024235,0.0
1970-01-03 05:13:00,0.5484889886121568,0.2521634365410554,0.14754697047348564,0.0
1970-01-03 05:14:00,0.5501212855143021,0.25556010841205296,0.14823763961209271,0.0
1970-01-03 05:15:00,0.5519025381122568,0.2592785897894246,0.1488372001691238,0.0
1970-01-03 05:16:00,0.553045670370869,0.26269203452685236,0.14941192340027928,0.0
1970-01-03 05:17:00,0.5516460879560885,0.2679884783200209,0.14947081415469313,0.0
1970-01-03 05:18:00,0.5415188545399289,0.2806867267776297,0.14791208440574652,0.0
1970-01-03 05:19:00,0.5283831002774884,0.29348155367630196,0.14613165612258702,0.0
1970-01-03 05:20:00,0.5132706104288313,0.30607795781399677,0.1441357939407448,0.0
1970-01-03 05:21:00,0.4993384432528689,0.31840338622925374,0.14210764764505668,0.0
1970-01-03 05:22:00,0.48477015415924374,0.31151307754579216,0.1562252082698028,0.0
1970-01-03 05:23:00,0.4712982340574385,0.29661857677887676,0.1719892998834418,0.0
1970-01-03 05:24:00,0.45846220845732444,0.284477049304547,0.18783445856525507,0.0
1970-01-03 05:25:00,0.4556159373055581,0.2801153142872448,0.1944668885324986,0.0
1970-01-03 05:26:00,0.442087925957562,0.273556838718863,0.20916154345664806,0.0
1970-01-03 05:27:00,0.43053614418094077,0.26869884314266224,0.22343067436320882,0.0
1970-01-03 05:28:00,0.41985384172705587,0.26051293051975694,0.23719484491816378,0.0
1970-01-03 05:29:00,0.4101207119748504,0.251064682826774,0.25004005567007964,0.0
1970-01-03 05:30:00,0.41010379428893134,0.2509232369069644,0.25001278945204036,0.0
1970-01-03 05:31:00,0.7339347197164313,0.21626477782107104,0.07353629625673527,0.0
1970-01-03 05:32:00,0.7421376478303245,0.23494023201532857,0.07835179796032184,0.0
1970-01-03 05:33:00,0.7295412320028141,0.3285728221408879,0.09311939776053524,0.0
1970-01-03 05:34:00,0.7184161099883374,0.3494944570440359,0.09360692654793808,0.0
1970-01-03 05:35:00,0.7086103822781308,0.361413694880561,0.0971174828946495,0.0
1970-01-03 05:36:00,0.6988529061868375,0.37250226562370337,0.10107339955849894,0.0
1970-01-03 05:37:00,0.6903709078193616,0.38082056854251983,0.10457325701185427,0.0
1970-01-03 05:38:00,0.6818528677557136,0.38871646083663497,0.10851094376631605,0.0
1970-01-03 05:39:00,0.672891139483879,0.39703493822976715,0.11276724220885959,0.0
1970-01-03 05:40:00,0.6632639329016525,0.4061075020667529,0.1172800318081129,0.0
1970-01-03 05:41:00,0.6533723226784193,0.41496196824500836,0.122067812372101,0.0
1970-01-03 05:42:00,0.6525330357929092,0.40473837264385315,0.12771319966566344,0.0
1970-01-03 05:43:00,0.6504950836795161,0.41077491811061734,0.12814786300488779,0.0
1970-01-03 05:44:00,0.649401090603064,0.412762525621678,0.12802549803927346,0.0
1970-01-03 05:45:00,0.648535788225651,0.41438906285840926,0.12792675505506265,0.0
1970-01-03 05:46:00,0.6482389202163804,0.41494027386385524,0.1278009509771116,0.0
1970-01-03 05:47:00,0.6090798688673525,0.45257989382349345,0.1203665341750383,0.0
1970-01-03 05:48:00,0.47761780339882404,0.5652754936838105,0.09673697323774398,0.0036964557767666666
1970-01-03 05:49:00,0.4207434296465402,0.5790448324510122,0.09169388588051434,0.0025916818825154667
1970-01-03 05:50:00,0.37451741986395853,0.5881036779965396,0.08716880301813712,0.007130978582713
1970-01-03 05:51:00,0.38201315247863504,0.5872967180521186,0.08397684822129022,0.0071117442423766
1970-01-03 05:52:00,0.3577442103035562,0.28571532790742826,0.3558173222307719,0.0
1970-01-03 05:53:00,0.3616936678181492,0.1403692035570671,0.39864524226641995,0.0
1970-01-03 05:54:00,0.35900819389846533,0.15748509123387813,0.4160046810248654,0.0
1970-01-03 05:55:00,0.5288906045046091,0.3080766203191223,0.26139193451468773,0.0
1970-01-03 05:56:00,0.3262088504022696,0.25749227181559037,0.422288438272626,0.0
1970-01-03 05:57:00,0.3489281236344987,0.27833645071499097,0.43003781033117355,0.0
1970-01-03 05:58:00,0.3529751832765178,0.2180521633162443,0.4299202331494006,0.0
1970-01-03 05:59:00,0.3636087513193187,0.17798511971246303,0.4274900889386539,0.0
1970-01-03 06:00:00,0.0252534456796,-0.19781750217490104,0.8714078573200522,0.0
1970-01-03 06:01:00,0.02322825279765207,-0.22119270448433073,0.8498534947937273,0.0
1970-01-03 06:02:00,0.021804977623522234,-0.19356173970211113,0.8586454689127567,0.0
1970-01-03 06:03:00,0.020655317435647264,-0.16574906312950552,0.8705649315866629,0.0
1970-01-03 06:04:00,0.0182338269232694,-0.1743736270658096,0.8671778462093699,0.0
1970-01-03 06:05:00,0.0236398891823056,-0.18800805590918576,0.8677473741087508,0.0
1970-01-03 06:06:00,0.025253245618147267,-0.2573688686537509,0.8372081876317448,0.0
1970-01-03 06:07:00,0.026061359527763398,-0.26303778888762913,0.8338198963527864,0.0
1970-01-03 06:08:00,0.0311707926508128,-0.24134085030628105,0.845629587674707,0.0
1970-01-03 06:09:00,0.03771185759010933,-0.2768414321028127,0.8240591136849416,0.0
1970-01-03 06:10:00,0.01983365736457503,-0.21281941460682682,0.8445876814101814,0.0
1970-01-03 06:11:00,0.029811878389265935,-0.16506406782167848,0.8687805525023893,0.0
1970-01-03 06:12:00,0.04625174320586667,-0.21581264350837168,0.8571337070288534,0.0
1970-01-03 06:13:00,0.046551553836378795,-0.22557832561325872,0.8548308429648942,0.0
1970-01-03 06:14:00,0.031611450305948766,-0.20584127229028573,0.8503096699165916,0.0
1970-01-03 06:15:00,0.030383814673004165,-0.19955822917254032,0.8512646408950683,0.0
1970-01-03 06:16:00,0.0310611065891412,-0.14845214019109876,0.8741419197818426,0.0
1970-01-03 06:17:00,0.03190843760274333,-0.13038165405389068,0.8783428728222917,0.0
1970-01-03 06:18:00,0.0358826683287016,-0.13056206380258703,0.8793432008381523,0.0
1970-01-03 06:19:00,0.04322937815743886,-0.16789215278345157,0.8759292641074993,0.0
1970-01-03 06:20:00,0.02783567677178787,-0.13058164837746453,0.8810163880155867,0.0
1970-01-03 06:21:00,0.021725345124548,-0.13010042245270784,0.8826154122017114,0.0
1970-01-03 06:22:00,0.021529649772073736,-0.14560870251410887,0.881821837302523,0.0
1970-01-03 06:23:00,0.024529099170420104,-0.14825797604569071,0.88273883719268,0.0
1970-01-03 06:24:00,0.0219369150803274,-0.14910860088402297,0.8829681986087675,0.0
1970-01-03 06:25:00,0.024890120083502998,-0.15463357692094104,0.8834361021642182,0.0
1970-01-03 06:26:00,0.0236543072515854,-0.1505711462250252,0.8844837463537062,0.0
1970-01-03 06:27:00,0.023485259062151233,-0.14884639049551426,0.8851261244312633,0.0
1970-01-03 06:28:00,0.024280047182368633,-0.1535259745915761,0.8848327840592768,0.0
1970-01-03 06:29:00,0.023198446572590934,-0.14640846954228168,0.8865958247244232,0.0
1970-01-03 06:30:00,-0.03588051834863463,0.44149221917472753,0.38063112161995954,0.007767231094560599
1970-01-03 06:31:00,0.06337874849467263,0.3674918039969428,0.4026251250218485,0.0
1970-01-03 06:32:00,0.025836075234856527,-0.1651703792827606,0.8045765178218848,0.0
1970-01-03 06:33:00,0.007727245353249433,-0.2147903561709811,0.8934543880645808,0.0
1970-01-03 06:34:00,0.080278545429675,-0.2223445254472175,0.8765036709489684,0.0
1970-01-03 06:35:00,0.037899529389829996,-0.21550204063038966,0.8913453119639031,0.0
1970-01-03 06:36:00,0.07258644369959123,-0.23348929576023605,0.8774116471810608,0.0
1970-01-03 06:37:00,0.1259999244326385,-0.22726056337072673,0.8677004031448862,0.0
1970-01-03 06:38:00,-0.04407112325224607,-0.43779336509527034,0.6292753426165091,0.0
1970-01-03 06:39:00,0.10752231728205243,-0.2555500631569803,0.7289394762083558,0.0
1970-01-03 06:40:00,0.05577604651542617,-0.2351823817525669,0.8639737405566023,0.0
1970-01-03 06:41:00,0.05436073654514447,-0.26810936724354545,0.8271720084847622,0.0
1970-01-03 06:42:00,0.0254044658270995,-0.18755479516072895,0.8961261838638469,0.0
1970-01-03 06:43:00,0.0316706859279005,-0.20632684732811735,0.8923237933705783,0.0
1970-01-03 06:44:00,0.04838457111829123,-0.25788276163659773,0.8537829898536745,0.0
1970-01-03 06:45:00,0.064184458364361,-0.19787645612449448,0.8921786156264634,0.0
1970-01-03 06:46:00,0.06686301345191693,-0.14906988293330456,0.9042814318683524,0.0
1970-01-03 06:47:00,0.0646820516279455,-0.1940088437662911,0.8988982500178024,0.0
1970-01-03 06:48:00,0.05221726125254983,-0.16402277095698556,0.9058737273935683,0.0
1970-01-03 06:49:00,0.0370506273698945,-0.16277957696555992,0.9061293815639843,0.0
1970-01-03 06:50:00,0.034202240009089,-0.16740631140913745,0.906778814096962,0.0
1970-01-03 06:51:00,0.03959735540820217,-0.13329532639946323,0.9103655250432116,0.0
1970-01-03 06:52:00,0.044348386438587566,-0.13468596625805387,0.9093597060651377,0.0
1970-01-03 06:53:00,0.0407501893276432,-0.1308973499042796,0.9110023340109059,0.0
1970-01-03 06:54:00,0.036474421403783965,-0.12466533060058982,0.9128675129850093,0.0
1970-01-03 06:55:00,0.03862122863713653,-0.12201847916960307,0.9113682218467521,0.0
1970-01-03 06:56:00,0.04730864436969537,-0.14808058680285283,0.9067859013657188,0.0
1970-01-03 06:57:00,0.04020522799861363,-0.09455271409679222,0.9137973006070101,0.0
1970-01-03 06:58:00,0.037519252969106034,-0.11821896647018937,0.9139130166221067,0.0
1970-01-03 06:59:00,0.041413342243874794,-0.1335619216549426,0.9104079137886018,0.0
1970-01-03 07:00:00,0.03571807964313553,-0.15277732201235636,0.9065410230806248,0.0
1970-01-03 07:01:00,0.03609842199936267,-0.13431862233017466,0.9106820110418433,0.0
1970-01-03 07:02:00,0.03390189939665373,-0.12189782890723366,0.9144918057416723,0.0
1970-01-03 07:03:00,0.033885222110063305,-0.12740859818087094,0.9135229808229702,0.0
1970-01-03 07:04:00,0.03669447015621367,-0.14022128983123122,0.9114605788713886,0.0
1970-01-03 07:05:00,0.0342343198292095,-0.13001071355919114,0.9121870812374979,0.0
1970-01-03 07:06:00,0.04393671153127534,-0.1220366397456688,0.9090037377082081,0.0
1970-01-03 07:07:00,0.0405793196691445,-0.12770979358623197,0.9109703435228166,0.0
1970-01-03 07:08:00,0.028032408822456566,-0.10811938483743144,0.9120208777046259,0.0
1970-01-03 07:09:00,0.029832149150159137,-0.11122482333301546,0.9142060155064855,0.0
1970-01-03 07:10:00,0.06077956656577884,-0.07390180775236987,0.8972951786072647,0.0
1970-01-03 07:11:00,0.054955782482348,-0.04962208811772453,0.9100115055166059,0.0
1970-01-03 07:12:00,0.04753772189035297,-0.03304306309039354,0.9098823162731783,0.0
1970-01-03 07:13:00,0.055786358828114925,-0.0384075071494936,0.9072196408649624,0.0
1970-01-03 07:14:00,0.0494293147696091,-0.08621773010217319,0.9065403959483751,0.0
1970-01-03 07:15:00,0.11133766198328894,-0.03854154520843373,0.899286842738429,0.0
1970-01-03 07:16:00,0.06941830431423043,-0.010267819608498494,0.8980272105265429,0.0
1970-01-03 07:17:00,0.07844942863748007,-0.08086165091447317,0.9042684171883328,0.0
1970-01-03 07:18:00,0.07534426205330401,-0.0976514586940909,0.9023002941182819,0.0
1970-01-03 07:19:00,0.0739464381784511,-0.10778045745832722,0.9010881890902187,0.0
1970-01-03 07:20:00,0.09119127120560723,-0.11015595086016673,0.8910415641676322,0.0
1970-01-03 07:21:00,0.06884681933014364,-0.002493552155007193,0.8897657141809033,0.0
1970-01-03 07:22:00,0.0421172520924381,-0.05354215102123733,0.8958298942209967,0.0
1970-01-03 07:23:00,0.02467213338098903,-0.12043721830019814,0.902753171266176,0.0
1970-01-03 07:24:00,0.01563562872068437,0.014231637993628496,0.9077564660706617,0.0
1970-01-03 07:25:00,0.030043274631165868,-0.064746466010932,0.9127353701509865,0.0
1970-01-03 07:26:00,0.010383734025759499,-0.0916540260052005,0.905894051873143,0.0
1970-01-03 07:27:00,0.015563451323263365,-0.05725293204651827,0.8853243703322481,0.0
1970-01-03 07:28:00,0.0386602448721858,-0.13756219126795552,0.9093013085889875,0.0
1970-01-03 07:29:00,0.04223331616073924,-0.15450698930832155,0.9059230145937046,0.0
1970-01-03 07:30:00,0.038799025919163635,-0.18322051102968526,0.9003879723317344,0.0
1970-01-03 07:31:00,0.03616749603243657,-0.25265577762928326,0.8805589272343172,0.0
1970-01-03 07:32:00,0.03855298099570179,-0.2210685523664303,0.8863572301739895,0.0
1970-01-03 07:33:00,0.026837745419832897,-0.04072942935339596,0.8944125551067178,0.0
1970-01-03 07:34:00,0.04328504897538837,-0.0022176714920407923,0.8939834348073775,0.0
1970-01-03 07:35:00,0.03125079985259913,-0.0022839901136185357,0.8938682650042402,0.0
1970-01-03 07:36:00,0.02348341296504707,-0.0028327596972683258,0.892582630405745,0.0
1970-01-03 07:37:00,0.018087172266680565,0.009817127141430607,0.8916566999842476,0.0
1970-01-03 07:38:00,0.030209045277422936,0.014684211556178745,0.892274816364888,0.0
1970-01-03 07:39:00,0.04218340738057374,-0.0043480421432146865,0.8961747023212255,0.0
1970-01-03 07:40:00,0.0514269055636892,-0.14830906986316175,0.9070203611634396,0.0
1970-01-03 07:41:00,0.044508934992997067,-0.1472028456379971,0.9056523564527997,0.0
1970-01-03 07:42:00,0.04642226021408324,-0.030942209628968372,0.9059881756574505,0.0
1970-01-03 07:43:00,0.03729474697666504,-0.012470402313372831,0.9049680675047851,0.0
1970-01-03 07:44:00,0.04000243676520183,-0.08990639824971026,0.9098035471139511,0.0
1970-01-03 07:45:00,0.025417151817900763,0.03869860667537787,0.8760315583737396,0.0
1970-01-03 07:46:00,0.022094222245403333,-0.019939882269598058,0.8666150058046823,0.0
1970-01-03 07:47:00,0.051470431787152236,-0.04154331333012416,0.8946688768695285,0.0
1970-01-03 07:48:00,0.052077935138746166,-0.04740066444054627,0.9008626844712885,0.0
1970-01-03 07:49:00,0.062339407158910794,-0.05357213848485657,0.8777600899509949,0.0
1970-01-03 07:50:00,0.06326367345891841,-0.03967337434497704,0.8858721669806374,0.0
1970-01-03 07:51:00,0.057789523370059236,-0.1206433983720495,0.9066482087484545,0.0
1970-01-03 07:52:00,0.05232986150908677,-0.12888113573373042,0.9102870458483577,0.0
1970-01-03 07:53:00,0.05019020168427304,-0.1600448243440843,0.9025269316212757,0.0
1970-01-03 07:54:00,0.051126424288847304,-0.19494647981176905,0.8951821340406845,0.0
1970-01-03 07:55:00,0.057921737240925836,-0.1698621015729204,0.9001849298367137,0.0
1970-01-03 07:56:00,0.053399915602204334,-0.22631908008475443,0.8763669392601513,0.0
1970-01-03 07:57:00,0.041723239108563036,-0.17402731724457976,0.8971233646009336,0.0
1970-01-03 07:58:00,0.056493626991637465,-0.1892933476310998,0.8871017777648306,0.0
1970-01-03 07:59:00,0.06217590469396126,-0.15514812268131714,0.9002537458002369,0.0
1970-01-03 08:00:00,0.04685938622560176,-0.12841864639659004,0.904050148192025,0.0
1970-01-03 08:01:00,0.048018954357762066,-0.21544177553416713,0.8802036062397097,0.0
1970-01-03 08:02:00,0.05105837005822173,-0.14397368509114442,0.8722119386019994,0.0
1970-01-03 08:03:00,0.06383106165041098,-0.25257559093143717,0.8597856704731571,0.0
1970-01-03 08:04:00,0.05380403869655861,-0.12689273776233417,0.7710073119574296,0.0
1970-01-03 08:05:00,0.19779829820747752,-0.3426898102086324,0.5245475746570598,0.0
1970-01-03 08:06:00,0.28383251634585516,-0.4139535416403238,0.4915438161793108,0.0
1970-01-03 08:07:00,0.35304894373231727,-0.13763768523292289,0.5520469124593511,0.0
1970-01-03 08:08:00,0.3321922781321705,-0.053379246151305626,0.5276038193837542,0.0
1970-01-03 08:09:00,0.034188112228619436,-0.43005144648057825,0.47922782891940124,0.0
1970-01-03 08:10:00,0.0512505412799301,-0.3385180807435742,0.5691419643993881,0.00030928014137006663
1970-01-03 08:11:00,0.10783169984981629,-0.087402950331767,0.8255726122040746,0.0
1970-01-03 08:12:00,0.12327000998384834,-0.015144569652160933,0.8623587637483574,0.0
1970-01-03 08:13:00,0.10614745654508795,0.09340294951529153,0.8939966753898739,0.0
1970-01-03 08:14:00,0.09522723170460028,0.0787373688090491,0.888967449004033,0.0
1970-01-03 08:15:00,0.11727839806646294,0.09164721203699071,0.887600310814835,0.0
1970-01-03 08:16:00,0.10945768254398323,0.043921293179981426,0.8945468119833239,0.0
1970-01-03 08:17:00,0.08451172341421563,-0.16277403874029692,0.9042844259190926,0.0
1970-01-03 08:18:00,0.0922503096740026,-0.13206927739265942,0.908023459196753,0.0
1970-01-03 08:19:00,0.09348521571203366,-0.12493658356855324,0.9061715477785763,0.0
1970-01-03 08:20:00,0.0735048988839234,-0.1565269356523542,0.8891938842063015,0.0
1970-01-03 08:21:00,0.06147828948809623,-0.158872021345839,0.8944110277362386,0.0
1970-01-03 08:22:00,0.04442942556762853,-0.3822351449879758,0.6021456318418106,0.0
1970-01-03 08:23:00,0.032640513660567604,-0.53199237320643,0.4415882751354607,0.0
1970-01-03 08:24:00,0.02574528705964217,0.09718209656376482,0.6248398902920269,0.0
1970-01-03 08:25:00,0.022893823196603765,0.04676496475599934,0.6164332794197932,0.0
1970-01-03 08:26:00,0.028898489238806235,-0.5635552743037646,0.4394508364730407,0.0
1970-01-03 08:27:00,0.04406523740966709,-0.5279747735009951,0.4409083423964059,0.0
1970-01-03 08:28:00,0.046962601662193904,-0.5382825213622707,0.4407281126798859,0.0
1970-01-03 08:29:00,0.0387373718280414,-0.5009687961920255,0.4407475335495524,0.0
1970-01-03 08:30:00,0.06800516581985162,-0.49925664409628245,0.46983845882451947,0.0
1970-01-03 08:31:00,-0.010708347694745301,-0.23228422897272138,0.875808970256938,0.0
1970-01-03 08:32:00,-0.021435355136874935,-0.2567649256491607,0.8662067258517671,0.0
1970-01-03 08:33:00,-0.03808555981834733,-0.2702563125472002,0.8680750236287248,0.0
1970-01-03 08:34:00,-0.035456553063539904,0.14242133105603916,0.5718830414538463,0.0
1970-01-03 08:35:00,-0.05145217644418704,0.3952528260167705,0.4000081426042092,0.0020675021887947335
1970-01-03 08:36:00,-0.0765248240496593,0.39202471608175626,0.3881369134897361,0.006667664928315633
1970-01-03 08:37:00,-0.0756493588133648,0.4035403373650293,0.3847722174748985,0.006934321672961134
1970-01-03 08:38:00,-0.07837269729464323,-0.0613822568166086,0.2572394393626502,0.007015852239979268
1970-01-03 08:39:00,-0.07738312847234047,0.013387006110426453,0.14786143856855252,0.0065063361196252
1970-01-03 08:40:00,-0.13587505836149183,0.3728984226169889,0.04989305709304107,0.006091001341860966
1970-01-03 08:41:00,-0.09780480437126993,0.2715167115582099,0.003908375843459193,0.0063036412171334
1970-01-03 08:42:00,-0.1523214388200036,0.5793907763300667,0.1739571802191969,0.017564807037329235
1970-01-03 08:43:00,-0.10457843772992093,0.6008540257538543,0.17488797934482617,0.018006991893452135
1970-01-03 08:44:00,-0.09532571736776825,0.5865174766637798,0.16837744972692104,0.016859987620880635
1970-01-03 08:45:00,-0.0566298849066957,0.5333183053815953,0.1597344614161267,0.017321484256468598
1970-01-03 08:46:00,-0.076552815868586,0.5210977785867289,0.1471029726877837,0.018061073703068368
1970-01-03 08:47:00,-0.0725239368426286,0.5221373339863696,0.14343508520367104,0.018296614714113434
1970-01-03 08:48:00,-0.07471957151389547,0.5291657370753061,0.16252385799891675,0.0175234717170891
1970-01-03 08:49:00,-0.07009653448217666,0.523178540347471,0.16347099627982453,0.017173453066493732
1970-01-03 08:50:00,-0.06785982638816307,0.5228581737775139,0.15937408290337687,0.017338259179787534
1970-01-03 08:51:00,-0.07752384362741,0.5370609149426697,0.16483615529358966,0.017294705208813835
1970-01-03 08:52:00,-0.17316731737183902,0.45667905344027765,0.1721767382757289,0.0069673297378351
1970-01-03 08:53:00,-0.3083492793072801,0.331259193428922,0.19469587052969348,0.01609821856678813
1970-01-03 08:54:00,-0.3238356564230905,0.2450852188083661,0.22750644530112063,0.006403204671302999
1970-01-03 08:55:00,-0.3319816537609876,0.15664644525044186,0.2556137237575498,0.009730432749483134
1970-01-03 08:56:00,-0.3370843144338392,0.17978783196097217,0.2586017729096131,0.009797372830788466
1970-01-03 08:57:00,-0.19963396898868313,0.08378618405729238,0.26500256787054477,0.003796365196472
1970-01-03 08:58:00,-0.07450230084399742,-0.026406898426995506,0.30052370263195943,0.003980613300417934
1970-01-03 08:59:00,-0.3124074336966251,-0.24385737375560979,0.5705765597655685,0.0033712859996115336
1970-01-03 09:00:00,-0.32603800772427566,-0.24977005708952685,0.5973904015588484,0.002321330964015967
1970-01-03 09:01:00,-0.3016412210043372,-0.27611035673178774,0.5936528012446619,0.0021766732245749
1970-01-03 09:02:00,-0.29733841952419665,-0.30516882934012984,0.566946650871026,0.0033008015144370332
1970-01-03 09:03:00,-0.1008057489035062,-0.05017957277672053,0.5146486427509446,0.0
1970-01-03 09:04:00,0.10314221301804798,-0.0033547736994306763,0.4136504977137321,0.0
1970-01-03 09:05:00,0.23717786425315712,0.025476996885814413,0.5141288580097062,0.0008321852177843666
1970-01-03 09:06:00,0.23359144761877126,0.016406064301230722,0.5076444049553429,0.0007955665546928
1970-01-03 09:07:00,0.13208451420083078,0.0675561622768883,0.49448737940179405,0.0
1970-01-03 09:08:00,0.054164723481454034,0.09527892701705336,0.4751888005239319,0.0079623096637232
1970-01-03 09:09:00,0.0711008464829782,0.10089222600030241,0.49976904000483363,0.0018517983994569334
1970-01-03 09:10:00,0.016044604668068663,0.16634676436708384,0.5074530891590548,0.008002417208122234
1970-01-03 09:11:00,0.005377295230468537,0.1670886364066523,0.5172929492532676,0.004889760486036867
1970-01-03 09:12:00,-0.11187081646155896,0.17017943637728647,0.5332297823352086,0.0
1970-01-03 09:13:00,-0.3439571763289933,-0.11059465634644854,0.5632112219179619,0.005078496155245767
1970-01-03 09:14:00,-0.32709858468774394,-0.012037350119364904,0.5657595839294461,0.0
1970-01-03 09:15:00,-0.20656742121550906,0.05959602658042349,0.495669328135014,0.0
1970-01-03 09:16:00,-0.05226717882411583,-0.16321878274319343,0.25518795490689855,0.018110829064651366
1970-01-03 09:17:00,-0.0544308391720672,-0.15585752581216203,0.2507484452514895,0.0208189360946833
1970-01-03 09:18:00,-0.0864563372293848,-0.17875239896206915,0.2595666664508792,0.02220711341296
1970-01-03 09:19:00,-0.08900968519220627,-0.2272074374320927,0.2727151549138037,0.019777530801166066
1970-01-03 09:20:00,-0.06912621003538603,-0.21647062469888212,0.2645608307492788,0.017416223209053467
1970-01-03 09:21:00,-0.0706446255497546,-0.1280829909229258,0.23351609180892455,0.024406040264830935
1970-01-03 09:22:00,0.03447658445049217,-0.1220140766057084,0.30067879985499085,0.0
1970-01-03 09:23:00,0.28313582423703393,-0.0353606927944986,0.5197903719420223,0.0
1970-01-03 09:24:00,0.28001142206874613,-0.003901512100192702,0.526530290352791,0.0
1970-01-03 09:25:00,0.26919081698208025,0.09219805282683646,0.5129430857927707,0.0
1970-01-03 09:26:00,0.286267426562263,-0.009301096623834229,0.5235450531808148,0.0
1970-01-03 09:27:00,0.26814801623025447,0.13068595679654385,0.5041039197249143,0.0
1970-01-03 09:28:00,0.26903066404068937,0.04364547755489079,0.5223196569950737,0.0
1970-01-03 09:29:00,0.20521136528403594,0.08103058929810601,0.4283546382970919,0.0
1970-01-03 09:30:00,-0.07057185033710527,-0.359337825413359,0.3687932653818682,0.0
1970-01-03 09:31:00,-0.054284594226135595,-0.34848541536043093,0.2583391798243058,0.0178587061971512
1970-01-03 09:32:00,-0.04890319341167243,-0.3646090852052964,0.27359601947697443,0.0102121835741152
1970-01-03 09:33:00,-0.05593259498264613,-0.3858227192620802,0.2560840931748591,0.0189736037865209
1970-01-03 09:34:00,-0.07185271342081456,-0.29523043157505374,0.2712160458461996,0.0227155168627536
1970-01-03 09:35:00,-0.08663758074037527,-0.26584079610938544,0.26211806297324886,0.023300152433345298
1970-01-03 09:36:00,-0.0838885098300771,-0.2639842549266361,0.2673673689468926,0.02266040576794877
1970-01-03 09:37:00,-0.0823346298064276,-0.2752160759348457,0.2669618099387379,0.023140828369702163
1970-01-03 09:38:00,-0.0824001609051336,-0.3715930424105503,0.3006936217548266,0.0
1970-01-03 09:39:00,-0.07217544573011113,-0.3605690524356526,0.245424207089049,0.0216584683631194
1970-01-03 09:40:00,0.10012663959551837,-0.06031071278794201,0.04328675156823517,0.023384139872563367
1970-01-03 09:41:00,0.22751118321958394,-0.093613517142297,-0.03793374624260126,0.02266588996038123
1970-01-03 09:42:00,0.23885581731088737,-0.0511887204680066,-0.023680500260023784,0.020981527846047135
1970-01-03 09:43:00,0.2250920975239262,-0.05723613226292915,-0.05438476707903647,0.024072482725083902
1970-01-03 09:44:00,0.2223300153410113,-0.028549996490155993,-0.03860602527086727,0.02423737724552613
1970-01-03 09:45:00,-0.004094814529082597,0.07717346304663364,-0.07953341090891826,0.023032356790717134
1970-01-03 09:46:00,-0.04941591667537413,0.07142482524693013,-0.05621111780052179,0.0226400440057035
1970-01-03 09:47:00,-0.017966167431345326,0.05342489273423231,-0.03408235851356986,0.023626378215294536
1970-01-03 09:48:00,-0.04445780420817366,0.13551441871894285,0.006181561664497959,0.02450624190877727
1970-01-03 09:49:00,-0.026409164649519437,0.09074329562861545,0.03182956460568075,0.014704129050540568
1970-01-03 09:50:00,-0.03700432306389983,0.07559944639600102,0.029614176101972547,0.022072811767045435
1970-01-03 09:51:00,-0.039299203854470666,0.04523475309174959,0.0182342410432028,0.022066319840806033
1970-01-03 09:52:00,-0.02629521930871873,0.054850022678607245,0.013413259652711626,0.0224492004149601
1970-01-03 09:53:00,-0.0285380725916236,0.07250069179287529,0.008644640433387496,0.022308382224352663
1970-01-03 09:54:00,-0.04581202273695973,0.08748428769972201,0.01946497122474478,0.023236436370529034
1970-01-03 09:55:00,-0.29067471383635585,-0.27219044391568054,-0.22580686632939093,0.0214482931185261
1970-01-03 09:56:00,-0.5679800945041433,-0.15472813809741495,-0.46363034518977425,0.026222092595144034
1970-01-03 09:57:00,-0.3698649058729461,0.22047045405550558,-0.27080089104028976,0.02698377508150503
1970-01-03 09:58:00,-0.1678523004219223,0.12752637677088177,-0.08949843446211743,0.02294316348803323
1970-01-03 09:59:00,-0.03330332810788317,0.10892792570252381,0.010352422699543997,0.0222231920974111
1970-01-03 10:00:00,-0.05227276136338036,0.09151389439759698,0.019572709847891404,0.018784862443692932
1970-01-03 10:01:00,-0.04646229625158083,0.0874306664726497,0.03214986060131333,0.017053329698563234
1970-01-03 10:02:00,0.19372887324279844,0.0001632250563967652,0.05657436224021884,0.01840061614150103
1970-01-03 10:03:00,0.2459831550825029,-0.11330430434789725,-0.022008599399247736,0.021448809963209668
1970-01-03 10:04:00,0.07769667376820162,0.041554860054520804,0.019121855707254113,0.022199501479161967
1970-01-03 10:05:00,-0.02563658517230134,0.10141264907596648,0.001665285627045927,0.024559203988876736
1970-01-03 10:06:00,0.0043745920559431955,0.10347983292942405,0.007346807101133108,0.022733227633936298
1970-01-03 10:07:00,0.0015019492213881696,0.0926317754112556,0.0005852897162178702,0.023574546220718366
1970-01-03 10:08:00,0.10578126834353167,0.036089387159863984,0.011253807299657512,0.021767762388869
1970-01-03 10:09:00,0.0820758901007641,0.08846183698923642,0.007462334302218955,0.02100420022150243
1970-01-03 10:10:00,0.10736096871020502,-0.13068113398791373,0.14756467689067554,0.0210127699507739
1970-01-03 10:11:00,0.047762069637586474,-0.22220476405521425,0.21114723527736232,0.019655557920997598
1970-01-03 10:12:00,0.26994398504717826,-0.14917627489215132,-0.0157566505689236,0.0214288931575807
1970-01-03 10:13:00,0.2796626144658137,-0.18136986327905866,-0.00751357033267954,0.017757903597869266
1970-01-03 10:14:00,0.21446139547766116,-0.047885606853549666,-0.025438196858566367,0.019794861718831634
1970-01-03 10:15:00,0.11987645030040335,0.05908884121392466,-0.02905286576510671,0.020093101923561566
1970-01-03 10:16:00,0.2774304339430147,-0.1128899030154797,-0.019702998258595384,0.0192369995740127
1970-01-03 10:17:00,0.2761241021722982,-0.10163566895471514,-0.018918253513559035,0.0211107425365524
1970-01-03 10:18:00,0.27974047989930434,-0.11257629037877015,-0.01128830631674572,0.021349403704958265
1970-01-03 10:19:00,0.13592023736823325,0.047419805587661235,-0.026291703620265894,0.021023072507661434
1970-01-03 10:20:00,0.17261288770456074,0.09584486659989261,-0.047802279093002276,0.021251407834078168
1970-01-03 10:21:00,0.2598696995246858,0.0006876604687011864,-0.05739001179278358,0.026165934305254768
1970-01-03 10:22:00,0.277613426942688,-0.0469712743792326,-0.051186230765247004,0.017713393169187932
1970-01-03 10:23:00,0.29679670222192084,-0.14281788199302894,-0.0398735000075526,0.023086205253943465
1970-01-03 10:24:00,0.2859928711272498,-0.1273846542367799,-0.02755960318847531,0.02246905281770943
1970-01-03 10:25:00,0.2828290834850953,-0.10709665923886097,-0.03637339400197236,0.022592659916294
1970-01-03 10:26:00,0.30476302091810165,-0.1628662974684589,-0.06697889760670145,0.02282818499709963
1970-01-03 10:27:00,0.26606055094971454,-0.09588297879506298,-0.04215667274108309,0.023221585175384002
1970-01-03 10:28:00,0.2548626277485648,-0.0876349254257106,-0.04212679292389828,0.023799140735958266
1970-01-03 10:29:00,0.2694746033875309,-0.10814164780258088,-0.03996317317589474,0.0222250225467555
1970-01-03 10:30:00,0.2214988235972152,-0.06358353876396872,0.005244612596807592,0.021152272181637566
1970-01-03 10:31:00,0.2297031342940762,-0.06143831946547714,-0.0010266492094626902,0.020466860081824967
1970-01-03 10:32:00,0.2293585026063417,-0.02717834769127488,-0.009294774275547606,0.0232533949182881
1970-01-03 10:33:00,0.24487908706117334,-0.07772994712292629,-0.0035892869088233075,0.020642677452780065
1970-01-03 10:34:00,0.2574507105344325,-0.04272845351310169,-0.02456153340713264,0.017871858653128864
1970-01-03 10:35:00,0.18477229120368185,0.06927763480051301,-0.03778049669953108,0.01673969871560217
1970-01-03 10:36:00,0.0017046085837936025,0.12683012129675886,-0.022542194536693577,0.018691213584435335
1970-01-03 10:37:00,0.001289557778721399,0.18236951544048996,-0.0456739068747721,0.018808239729810664
1970-01-03 10:38:00,0.04917477735334483,0.2701170464436351,-0.032185283458382195,0.0032359542539380334
1970-01-03 10:39:00,0.38646363250927857,0.3242840013281494,0.20136022287605815,0.003901585240616267
1970-01-03 10:40:00,0.3765392843208926,0.32544704864503704,0.19931815889076623,0.004274386542860334
1970-01-03 10:41:00,0.35788498760473203,0.32326124571209786,0.19796783526355197,0.0038053817473167662
1970-01-03 10:42:00,0.3568498881196711,0.30156556092632325,0.1977832156212845,0.0040970503600326
1970-01-03 10:43:00,0.37331888885145514,0.13050399082611344,-0.14064459619696215,0.004443084047481533
1970-01-03 10:44:00,0.23368038142538639,0.04407005481340135,-0.3153453192467292,0.012444516423062532
1970-01-03 10:45:00,-0.04486125915609631,-0.11678352051814304,-0.46550275641482114,0.0352350867820616
1970-01-03 10:46:00,-0.0329971939625733,-0.08151588191505565,-0.4687646802893279,0.030402162447953202
1970-01-03 10:47:00,-0.030363984918366633,0.4335390275222239,-0.5588913495400492,0.0295006006475798
1970-01-03 10:48:00,-0.06298229150148173,0.44748324313140303,-0.5530612449262978,0.030255206049246235
1970-01-03 10:49:00,-0.05059919521445813,0.6301125848853841,-0.5368877469687259,0.0242877178299582
1970-01-03 10:50:00,-0.05327446231825824,0.6154456383837518,-0.5319092980650341,0.0186874305999984
1970-01-03 10:51:00,-0.026544552215936396,0.32193061079822693,-0.5181047618354017,0.023375621813042032
1970-01-03 10:52:00,-0.03441489079806803,0.29759161164132186,-0.5158104389602066,0.027105207543680832
1970-01-03 10:53:00,-0.0391761462271381,0.4115036749261447,-0.5481422218607783,0.022544446005815105
1970-01-03 10:54:00,0.30644346633785,0.759866403838405,-0.20217012034465565,0.005223868511565067
1970-01-03 10:55:00,0.3890127693913004,0.8537311122654634,-0.09205968640150702,0.0050843829371308
1970-01-03 10:56:00,0.42259812562455096,0.8095869843145332,-0.12678561747036693,0.004665790807466967
1970-01-03 10:57:00,0.4403070962410058,0.7877874940762002,-0.11997574009697483,0.0048310392263772334
1970-01-03 10:58:00,0.4276609172965129,0.7948105340418468,-0.11537091028852935,0.005110100621871333
1970-01-03 10:59:00,0.4854125057737742,0.6644485609217325,-0.1267185446647634,0.004965944336015466
1970-01-03 11:00:00,0.4420832536370906,0.7712313223578136,-0.1366004900532779,0.004638846379866834
1970-01-03 11:01:00,0.42143837287298197,0.7832827406699875,-0.1382638470800722,0.0059659045457819
1970-01-03 11:02:00,0.47675662479451003,0.6908112035757593,-0.12334759755750192,0.0050576179779939666
1970-01-03 11:03:00,0.4812686572088676,0.7042130783451576,-0.10710769438672124,0.004699391385479733
1970-01-03 11:04:00,0.4779272041556922,0.7015325322916355,-0.10295590693842926,0.0045332943388106004
1970-01-03 11:05:00,0.49932580684312505,0.6184468461791283,-0.12810277726528252,0.0051147479801438665
1970-01-03 11:06:00,0.4566937699035876,0.7722756755515169,-0.11743771565257353,0.0044139548281872335
1970-01-03 11:07:00,0.46295102277596367,0.6179351231700698,-0.06171059222323643,0.0
1970-01-03 11:08:00,0.5463744411497968,0.5253127482333121,-0.0723313702070912,0.0033635701063864667
1970-01-03 11:09:00,0.5474270355216867,0.5717837862929207,-0.06743572299042551,0.0028672883281325
1970-01-03 11:10:00,0.537478343945547,0.3248352823743846,0.126813261864533,0.0
1970-01-03 11:11:00,0.5407620902463872,-0.06629452254332645,0.3347319495154493,0.0
1970-01-03 11:12:00,0.5321657754006464,-0.03471755825609624,0.3484153480705366,0.0
1970-01-03 11:13:00,0.5391786359517361,-0.008312125682761101,0.3378153261411379,0.0
1970-01-03 11:14:00,0.4877889399903104,0.026187970931503556,0.37081062507687435,0.0
1970-01-03 11:15:00,0.09248471038761252,-0.17183996340845034,-0.01276391141170304,0.0
1970-01-03 11:16:00,0.06884840178221863,-0.043462611060027335,-0.04710314464340041,0.0007840191948385
1970-01-03 11:17:00,0.0231319679419896,-0.1824616190783329,-0.07221909330433152,0.022728140397596432
1970-01-03 11:18:00,0.013904940447554701,-0.12192233317763863,-0.06081947775663055,0.008242827698563467
1970-01-03 11:19:00,0.0198847103485788,-0.1966878939486715,-0.06697474032678845,0.0228115029735815
1970-01-03 11:20:00,-0.005971422466328501,0.026438436793805004,-0.046570901549138045,0.006845395003117601
1970-01-03 11:21:00,-0.004129197696112201,-0.07497071524561323,-0.05705996153049401,0.005381374122996933
1970-01-03 11:22:00,0.0249123496059746,-0.4462180713408983,-0.17084222107854877,0.031706087931236436
1970-01-03 11:23:00,0.1673328693197028,-0.3303702157203078,0.03459297228857686,0.0
1970-01-03 11:24:00,0.37695955721781244,-0.16205817684810198,0.5257402925322441,0.0
1970-01-03 11:25:00,0.42681184384426923,0.16903256848271184,0.3104387713926274,0.0
1970-01-03 11:26:00,0.4089501534154758,0.2697864839359308,0.2659171694514036,0.0006337810166643999
1970-01-03 11:27:00,0.4098439047646371,0.19073344629271682,0.2337507943675162,0.0007722682152959667
1970-01-03 11:28:00,0.38828895581219375,0.22919155290951854,0.2499450753529743,0.0012749635886909001
1970-01-03 11:29:00,0.32906199451700396,0.22232137196346202,0.2546182288598439,0.0
1970-01-03 11:30:00,0.38063051195860526,0.2510664920865974,0.2604015008555972,0.001998035173349033
1970-01-03 11:31:00,0.3665909444007696,0.16286978950209355,0.22688731741685172,0.0
1970-01-03 11:32:00,0.38012049644623197,0.23300761524684557,0.2359590483989651,0.0023335753446246665
1970-01-03 11:33:00,0.3692459121610075,0.2345048571866506,0.262271777807988,0.0020197978159353
1970-01-03 11:34:00,0.6100084435598678,-0.01504337071754458,0.19226211187931444,0.0
1970-01-03 11:35:00,0.6919701157864182,-0.10417692889301784,0.11916135155226702,0.0
1970-01-03 11:36:00,0.4222693624145685,0.03054601890175172,0.060831915879582,0.0
1970-01-03 11:37:00,0.0841041013424955,-0.1558032341946786,-0.17818879890552616,0.0208950678249411
1970-01-03 11:38:00,0.29002367546989855,-0.3452502613231852,-0.17109275704060478,0.024313655772070134
1970-01-03 11:39:00,0.2610600990981073,-0.1886387864382253,-0.07437880864832906,0.023968256315155003
1970-01-03 11:40:00,0.2332789836651613,-0.15130902693015913,-0.07829500678651495,0.026094169522647603
1970-01-03 11:41:00,0.20163529612794043,-0.09840831946255546,-0.04893793467682587,0.02666896457296487
1970-01-03 11:42:00,0.2313372094723267,-0.10935585491309059,-0.05654483307762533,0.026492871145500266
1970-01-03 11:43:00,0.25746332619403045,-0.1176264714224034,-0.07732115132310069,0.0260091148177317
1970-01-03 11:44:00,0.24403039163914755,-0.08750243826996064,-0.06888060534850753,0.02675510725674
1970-01-03 11:45:00,0.25488886128740823,-0.1076915857026161,-0.07966025346392787,0.026776700812118536
1970-01-03 11:46:00,0.2562726101301939,-0.0949615822068603,-0.08817534051258147,0.026522044015786433
1970-01-03 11:47:00,0.27089285847695216,-0.07622279941435813,-0.09272806439744596,0.024987742306486666
1970-01-03 11:48:00,0.25417116652299143,-0.041484328979761974,-0.08072417995377845,0.025932039223068932
1970-01-03 11:49:00,0.09874282042152926,0.1346161656086685,-0.062034243039236846,0.027019715570346502
1970-01-03 11:50:00,0.05689020706443424,0.14718116301081557,-0.0528018380774203,0.0220987802287437
1970-01-03 11:51:00,0.0775830800834176,0.08730121108249085,-0.05715113509588521,0.025412026227416003
1970-01-03 11:52:00,0.27475606356205706,-0.11303443718697792,-0.0962542402232105,0.025948806700499802
1970-01-03 11:53:00,0.242929048951947,-0.08565880460408443,-0.07098735161916107,0.027537155510952035
1970-01-03 11:54:00,0.21917458832065304,-0.08285750322700927,-0.07785689759159642,0.028089562137116567
1970-01-03 11:55:00,-0.012146823005124907,0.1701223231165795,-0.043319760303310896,0.0271638643838716
1970-01-03 11:56:00,-0.018977908165498977,0.17094063967468354,-0.04718346140317949,0.026028340599171168
1970-01-03 11:57:00,-0.028895311147555672,0.21528312314072465,-0.06008060470114529,0.02896858987393237
1970-01-03 11:58:00,-0.03072941705948709,0.19010389966742594,-0.04047537838327734,0.024503031407802033
1970-01-03 11:59:00,-0.004056721391077068,0.11848891367772503,-0.04416924128056895,0.0270038567482536
1970-01-03 12:00:00,0.0020824102253003316,0.10277594300927471,-0.07361509643540724,0.024583023345166835
1970-01-03 12:01:00,-0.0030467125628055314,0.14029559310278164,-0.052410912155090715,0.026531212892740668
1970-01-03 12:02:00,-0.0393882959062934,0.14686842088105803,-0.05330186478111609,0.020402193602246165
1970-01-03 12:03:00,0.06548904064639449,0.045942595313577216,0.14075331935030722,0.0
1970-01-03 12:04:00,0.018402317597417568,0.21894953832893937,-0.037935668099495334,0.0020897608208261666
1970-01-03 12:05:00,0.331577187802017,-0.01685677677995273,-0.054307440998319,0.0
1970-01-03 12:06:00,0.5479056393603713,0.02395001762806596,0.0020035054669748087,0.009614108029373
1970-01-03 12:07:00,0.1864063575905319,0.2288898071836707,0.0016163288514281875,0.0
1970-01-03 12:08:00,0.24630413790311664,-0.04747418725758803,-0.07750915613084482,0.025231162053296997
1970-01-03 12:09:00,0.2359910867367073,-0.05377585712325769,-0.06921073315940866,0.026962926811241367
1970-01-03 12:10:00,0.021238388206239276,0.07840588076234428,-0.06983764287825918,0.025575607582043466
1970-01-03 12:11:00,0.035802960614158635,0.1679457755736462,-0.047579087445702495,0.0024533241532635
1970-01-03 12:12:00,0.3292415588705148,0.08425585757824271,-0.027035927529945842,0.0
1970-01-03 12:13:00,0.03276083716237064,0.11670821666388924,-0.07166605706714661,0.026565825299803034
1970-01-03 12:14:00,0.08244102333427038,0.05970570045053717,-0.06024245202505726,0.025223306310191634
1970-01-03 12:15:00,0.45516063758492153,0.050223078112662,-0.03268586986075236,0.0
1970-01-03 12:16:00,0.3121320606613733,-0.06653050497099693,-0.04206370881426961,0.0
1970-01-03 12:17:00,-0.023084705373349505,0.15809556916804296,-0.04038586705551572,0.025790991354920134
1970-01-03 12:18:00,-0.020338421336983433,0.16131461382376489,-0.049756692917208856,0.02884320744353723
1970-01-03 12:19:00,-0.03428778912654387,0.16910992353150747,-0.04943924261845108,0.02850902696621713
1970-01-03 12:20:00,-0.028326481166394805,0.13287281034132165,-0.03725447435258374,0.02813913431328127
1970-01-03 12:21:00,-0.00824060159778113,0.12034680564712397,-0.040559171343859446,0.027446080929993635
1970-01-03 12:22:00,-0.0246517988718253,0.0668709332241562,0.0013752470766196605,0.0243481237716012
1970-01-03 12:23:00,-0.01972433322647739,-0.3116003448232126,0.2225177633523873,0.0238505973473053
1970-01-03 12:24:00,-0.04540634356473178,-0.2127290457379921,0.2513952411316756,0.0174068931362617
1970-01-03 12:25:00,-0.047737875703639736,-0.27386628986803263,0.2269140345993582,0.0265215992028834
1970-01-03 12:26:00,-0.007822676004772636,-0.3744209592875345,0.19934254287156983,0.024845237131475198
1970-01-03 12:27:00,0.0037630446601576023,-0.3587311921319747,0.22221481127230427,0.0243893696917443
1970-01-03 12:28:00,-0.006137892028918693,-0.3497622189248619,0.22447902842783743,0.025562012461273032
1970-01-03 12:29:00,-0.0030578688499343317,-0.24348342598188846,0.2236373090550884,0.015172244049842935
1970-01-03 12:30:00,-0.03381730854184443,-0.3246707365488195,0.17208706510738667,0.024618926555422267
1970-01-03 12:31:00,-0.037787478595819234,-0.2740109841327634,0.21622136905262837,0.026859913395775332
1970-01-03 12:32:00,-0.045713699714699574,-0.28580738393133576,0.22212958197656982,0.02635007513713193
1970-01-03 12:33:00,-0.05611641437395867,-0.16288940092307916,0.21028364045280834,0.0257428919128726
1970-01-03 12:34:00,-0.0445900708274427,-0.20112398736978063,0.21072068419723836,0.025563689748016597
1970-01-03 12:35:00,-0.003708863259389595,-0.3371396680056184,0.20418129300913426,0.025501682596687367
1970-01-03 12:36:00,-0.03608854925669477,-0.2591338102022445,0.2120203045192364,0.023372627301898135
1970-01-03 12:37:00,-0.07668720121535554,-0.1375728674854002,0.22788071513036798,0.026049576147091635
1970-01-03 12:38:00,-0.32707247422850644,-0.017806950126703525,0.006198352624730563,0.020753819651353166
1970-01-03 12:39:00,-0.3585820401609703,-0.06426813744959765,0.00393717672344029,0.025027142352916833
1970-01-03 12:40:00,-0.36032336163290407,-0.06920974526409093,-0.001225686150114776,0.02586705426384057
1970-01-03 12:41:00,-0.35845846823671335,-0.11857501381934787,-0.02698267523558597,0.024470220989505034
1970-01-03 12:42:00,-0.35138396678160205,-0.03304715547365026,-0.009226005515526983,0.02136732119882227
1970-01-03 12:43:00,-0.3443874802137885,0.008334463691613336,0.019499874843284377,0.0175338408855742
1970-01-03 12:44:00,-0.350981725046937,-0.10320701404952994,0.03702736481456304,0.02099765424334697
1970-01-03 12:45:00,-0.34672091129518656,-0.15077040325512128,0.053845804229002266,0.013616598198233234
1970-01-03 12:46:00,-0.23341085467141162,-0.18064299998004038,0.10855501446854791,0.02330246102874273
1970-01-03 12:47:00,-0.011226671080512368,-0.24563143690612235,0.27545723335685407,0.0220471502009422
1970-01-03 12:48:00,-0.013499942608858964,-0.17264894452993226,0.268735690595336,0.02336782048021553
1970-01-03 12:49:00,-0.00718573025318323,-0.19271544053481157,0.2711897332651445,0.021307666815496836
1970-01-03 12:50:00,0.1268719610227706,-0.3383525968717246,0.20977816511623393,0.01788773240552515
1970-01-03 12:51:00,0.0022367168854139953,-0.2933712363466838,0.17587358510872453,0.0159437120750433
1970-01-03 12:52:00,-0.24915972322301327,-0.3808925981370215,0.05925585498760294,0.016900337436716425
1970-01-03 12:53:00,-0.25634541391489457,-0.19345187440738734,0.206669586877642,0.00835212133468365
1970-01-03 12:54:00,-0.24146975780323074,-0.3012039378300505,0.172084613896927,0.003417393346082875
1970-01-03 12:55:00,-0.24254969562826673,-0.2403609950905449,0.2159055809915001,0.017078797052616376
1970-01-03 12:56:00,-0.25539282392059454,-0.22070944323419964,0.16405064011995624,0.019154311752667724
1970-01-03 12:57:00,-0.2603649608693097,-0.12029770455241395,0.20474131705055248,0.0184709751790546
1970-01-03 12:58:00,-0.13747790428761225,-0.13233977992359544,0.263012296242709,0.018602744430761976
1970-01-03 12:59:00,-0.023251172738089604,0.05767368207618864,0.16489241343956548,0.020431188988295473
1970-01-03 13:00:00,-0.02521254955600328,0.0522149806249767,0.18730835040751453,0.019649740789920427
1970-01-03 13:01:00,-0.037775168437385716,0.04864811591137466,0.2025660329798735,0.019651228906781275
1970-01-03 13:02:00,-0.0150961378405641,0.07486804795587979,0.20865443516018983,0.020335402333407124
1970-01-03 13:03:00,-0.05027988275992362,0.038288820530679585,0.2092400097832631,0.020255081526694776
1970-01-03 13:04:00,-0.03617263900168037,0.059426905590447276,0.20957270344170184,0.01235570033525355
1970-01-03 13:05:00,-0.03282036593244212,0.08622192754661381,0.20380945921779212,0.01885064777861105
1970-01-03 13:06:00,-0.04422834865729809,0.10105521591976396,0.184909928636396,0.02221759908924635
1970-01-03 13:07:00,-0.048596048255314654,0.09009736446155728,0.1864385331498061,0.02228897087148315
1970-01-03 13:08:00,-0.045749764237058906,0.09832530611857249,0.19247425116363373,0.022714109676141375
1970-01-03 13:09:00,-0.047507532221322125,-0.17888884842532438,0.2548581777505886,0.026194318073749667
1970-01-03 13:10:00,-0.035650922135352474,-0.273023869272605,0.2825517242495452,0.01873266814210923
1970-01-03 13:11:00,-0.021829398890651507,-0.29453175469078874,0.3026782862808819,0.015154132489513967
1970-01-03 13:12:00,-0.0686582086256041,-0.17016244648298362,0.2663852933306575,0.024478112312923166
1970-01-03 13:13:00,-0.021102956682820237,-0.28875741192143617,0.2782350583381346,0.020556996647211435
1970-01-03 13:14:00,-0.023271619337608674,-0.1730602840792775,0.2841785120484918,0.017342866417567934
1970-01-03 13:15:00,-0.0387690384523423,-0.06823104530446772,0.2745540213068519,0.013450974140474366
1970-01-03 13:16:00,-0.001981502531317597,-0.2595273794027784,0.29841168305572274,0.0012099466476601
1970-01-03 13:17:00,-0.005228324950407796,-0.3804561639734762,0.3626741606947494,0.014531343437486735
1970-01-03 13:18:00,-0.013070737649115862,-0.3164883013931525,0.3028037801643868,0.01636713628822953
1970-01-03 13:19:00,-0.012565829940384668,-0.24545965686761204,0.25456335141632086,0.019415687286793066
1970-01-03 13:20:00,-0.0017724518208092298,-0.26076914256093825,0.2134143655633455,0.024068307856402765
1970-01-03 13:21:00,0.05972733264130594,-0.17475006814868732,0.18389429301560786,0.025158708777061767
1970-01-03 13:22:00,0.2523744328542314,-0.017873849086249265,-0.053976524214587644,0.025130678175924764
1970-01-03 13:23:00,0.29000249698629477,-0.03408824176482711,-0.055213923576719996,0.023074451717217868
1970-01-03 13:24:00,0.28766870545747963,-0.14063865288845073,-0.12178308803696009,0.02488431454895153
1970-01-03 13:25:00,0.2833453936401669,-0.07809900204722824,-0.07219326624501803,0.025205241622719966
1970-01-03 13:26:00,0.27355434945629925,-0.03829590215476245,-0.06201268452523525,0.0244544655045998
1970-01-03 13:27:00,0.26453318578972174,0.00667544754033141,-0.0532287735289231,0.025551943544564932
1970-01-03 13:28:00,0.26212768280770776,0.0507401292246158,-0.05565731956393677,0.024067064067743532
1970-01-03 13:29:00,0.5394042057036275,0.13274344500360608,0.12097052694214093,0.0
1970-01-03 13:30:00,0.6408718415617051,0.1777822439787324,0.21691779604418468,0.0
1970-01-03 13:31:00,0.66512191739149,0.10725155944716587,0.20810008059660912,0.0
1970-01-03 13:32:00,0.6680850764847351,0.10389754619058973,0.22382719525958153,0.0
1970-01-03 13:33:00,0.6603459627409233,0.1338136782689314,0.22846517541361064,0.0
1970-01-03 13:34:00,0.6698909532099288,0.07208745113639357,0.21948387959923962,0.0
1970-01-03 13:35:00,0.6690827246040209,0.07666001403241196,0.22067293583128877,0.0
1970-01-03 13:36:00,0.6767508038324661,-0.004933242943093296,0.2235713859919426,0.0
1970-01-03 13:37:00,0.43975643368880607,0.0276472607693707,0.2425215827900885,0.0
1970-01-03 13:38:00,0.04834811318076323,0.11725364430130987,0.26446142691603064,0.0001546150175092
1970-01-03 13:39:00,0.032959900842005695,0.0918579847834504,0.2511663108871237,0.004969454870331
1970-01-03 13:40:00,0.032933939836575186,0.09458509295307249,0.2513087036245817,0.004907499628047267
1970-01-03 13:41:00,0.032076303560325724,0.09829675449113245,0.2513631157764356,0.004627973884157767
1970-01-03 13:42:00,0.136843387160388,0.2365708803641724,0.25438819270465823,0.0
1970-01-03 13:43:00,0.031848702994938104,0.09063144048820847,0.25106609785097284,0.0040159686043856665
1970-01-03 13:44:00,0.027371612001536667,0.07079125627917177,0.2455833031230917,0.005294364821493133
1970-01-03 13:45:00,0.025492810609886767,0.06815856309343733,0.2447660756248665,0.0054866498419786
1970-01-03 13:46:00,0.024450651630291476,0.0677984533785033,0.2458571845888926,0.005398009297455534
1970-01-03 13:47:00,0.024979621401963043,0.07619727454959581,0.24663745174453355,0.005410922192713133
1970-01-03 13:48:00,0.021074885741289795,0.09190291094683063,0.24487656553788253,0.005403953839094333
1970-01-03 13:49:00,0.010915464297161984,0.14257253911416864,0.24360946168586106,0.005382916881866633
1970-01-03 13:50:00,-0.14762500238620582,0.09040529879142534,0.11612704296759518,0.005388135048688833
1970-01-03 13:51:00,-0.37549818030934734,-0.05685584079486869,-0.008717482181352145,0.0160201828076025
1970-01-03 13:52:00,-0.36820374439001174,-0.03180079964088204,-0.02195863786335905,0.0164390113001209
1970-01-03 13:53:00,-0.0762010543551136,-0.06430469373866433,-0.05462923739100036,0.018797856877346933
1970-01-03 13:54:00,-0.07868347329937321,-0.13188774667570502,-0.03697893402083216,0.0182585819079252
1970-01-03 13:55:00,-0.0572272825435107,-0.2982836646680907,-0.002865043567484262,0.0100666986404457
1970-01-03 13:56:00,-0.05963656582770386,-0.14645617580436612,-0.044215129828513826,0.018749604397683698
1970-01-03 13:57:00,-0.4328027260754201,0.11601590348561751,-0.05025114286423302,0.032166912080315
1970-01-03 13:58:00,-0.4191266829248144,0.0838988996988242,-0.03912331496982213,0.029867691760823798
1970-01-03 13:59:00,-0.396897600597019,0.08595406655401465,-0.04814888092633232,0.030499533479586033
1970-01-03 14:00:00,-0.4001691356426806,0.12407754829733664,-0.05553455674022856,0.03138099244869983
1970-01-03 14:01:00,-0.39350375958876066,0.10649671985576208,-0.04907051582908776,0.031085643125762803
1970-01-03 14:02:00,-0.4280352375434546,0.16766093969548482,-0.05665626706069454,0.03268732621235893
1970-01-03 14:03:00,-0.23722315754810389,0.362208467171776,-0.04264518853348692,0.027178325107390166
1970-01-03 14:04:00,-0.1571628718208737,0.40213512902227794,-0.03290900756119202,0.0291364966352112
1970-01-03 14:05:00,-0.1390540111693652,0.3974712129254441,-0.0329332431881301,0.029713598654970932
1970-01-03 14:06:00,-0.09984747746668689,0.3879990466768189,-0.04133196685936478,0.027466675640025234
1970-01-03 14:07:00,0.22510487142873162,0.06405231176048613,-0.08806535635137965,0.026833432960998632
1970-01-03 14:08:00,0.2128968602767065,0.06003246074396873,-0.0848973135003096,0.0272980299993224
1970-01-03 14:09:00,0.2221199096624529,0.055122491354555235,-0.08730154298809502,0.026931930187700532
1970-01-03 14:10:00,0.2121635431937494,0.0675917129803381,-0.08533971821397052,0.0273752301693868
1970-01-03 14:11:00,0.20756724960209808,0.05362367849990591,-0.0821443917383621,0.026682925246702002
1970-01-03 14:12:00,0.20337747915711493,0.08619651774886229,-0.08665258249014397,0.0272339576051573
1970-01-03 14:13:00,0.20888719046065965,0.09083053643452015,-0.0893261214473295,0.027506957707578533
1970-01-03 14:14:00,0.22923790217542558,0.10032248420319052,-0.09994573620201157,0.026577419188914365
1970-01-03 14:15:00,0.24279639551105955,-0.004676763578744768,-0.08163237534499025,0.026225770336367665
1970-01-03 14:16:00,0.2605156652531026,-0.04185421438770767,-0.06909476764008383,0.027402239421083097
1970-01-03 14:17:00,0.2832916957664218,0.04745300492175827,-0.07696794774275544,0.024738896012257133
1970-01-03 14:18:00,0.2852892601863007,0.07475683568985973,-0.09531735858909544,0.026093130787722334
1970-01-03 14:19:00,0.2836585609058102,0.004149816703854931,-0.08851325690142185,0.0261214113878251
1970-01-03 14:20:00,0.2688469149805802,-0.1511412992515973,-0.09849166601930441,0.02662874246619343
1970-01-03 14:21:00,0.245047046766134,0.05283513928305345,-0.08955663638089933,0.0270082182563617
1970-01-03 14:22:00,0.23587262261609243,0.08383627322742183,-0.09241221227442124,0.02691437713209313
1970-01-03 14:23:00,0.27393418191130214,0.07214115241008213,-0.09054610271697972,0.02654763841339987
1970-01-03 14:24:00,-0.052814113822538956,0.0331508258475439,-0.07558705647588905,0.026683028532403164
1970-01-03 14:25:00,-0.0673207025490101,-0.03670019787403463,-0.0687052915396219,0.027111060981287734
1970-01-03 14:26:00,-0.031806126242720036,0.08390267189561573,-0.0713956079703249,0.027087285357295637
1970-01-03 14:27:00,-0.05146955704281083,0.08515608183644259,-0.07971077469849124,0.0277353982280901
1970-01-03 14:28:00,0.27900047256063,0.06684042545753113,-0.08173806398744977,0.027277606991029133
1970-01-03 14:29:00,0.2697066436101289,0.10057259986154576,-0.09151179197443345,0.027313088596560602
1970-01-03 14:30:00,0.25565133944554747,0.13110818268570154,-0.08062046711507302,0.0275379172886536
1970-01-03 14:31:00,0.07428689395098777,0.11393786330982858,-0.049379058152557415,0.026878841266714
1970-01-03 14:32:00,-0.06265721628397412,0.22881599419764495,-0.031657197644032777,0.029256327755333333
1970-01-03 14:33:00,-0.04689980029331733,0.2602936256370004,-0.0359131261342327,0.028857841903977166
1970-01-03 14:34:00,-0.05285263334346476,0.24641716448557846,-0.03282155970083222,0.0281245311557525
1970-01-03 14:35:00,-0.0645890210287362,0.23398605505496606,-0.055268949374108645,0.029041440277209504
1970-01-03 14:36:00,-0.10580467105144091,0.03993760822527653,0.08038327625755526,0.02754814933404383
1970-01-03 14:37:00,-0.042118526845498556,-0.21523107282849666,0.21750262721209104,0.02707765981696507
1970-01-03 14:38:00,-0.04692564701054244,-0.1959070592186348,0.23357585818665183,0.02742695610644433
1970-01-03 14:39:00,-0.025575862969623265,-0.18610036815480005,0.2335520878513829,0.02751123993687547
1970-01-03 14:40:00,-0.027784948483527666,-0.1477931894329709,0.23907769615617833,0.027035388201291834
1970-01-03 14:41:00,-0.046206035720834905,-0.14246618717863002,0.2526463632263675,0.026777992991608
1970-01-03 14:42:00,-0.059324405177408335,-0.15309335605920804,0.24591471217192218,0.027366309373459366
1970-01-03 14:43:00,-0.039986128717428966,-0.131299133888808,0.2441368596777431,0.0269148118306337
1970-01-03 14:44:00,-0.03205938011452359,-0.12161282293001284,0.24314345522086922,0.02627898542815177
1970-01-03 14:45:00,-0.02775096972091717,-0.1370429989090166,0.24376750575612996,0.0272150385153565
1970-01-03 14:46:00,-0.044347305096336366,-0.089482511393265,0.25213304536499376,0.02678815748351927
1970-01-03 14:47:00,-0.08075683717364474,-0.10182956187096943,0.25364121750510876,0.02700640685461547
1970-01-03 14:48:00,-0.09135871221794355,-0.12257012042561155,0.25241856586587946,0.027547992117748665
1970-01-03 14:49:00,-0.05404897590356797,-0.1956743536993177,0.2514965398483877,0.019608356501215802
1970-01-03 14:50:00,-0.05480180110404976,-0.19384763988695508,0.25114597966419167,0.0207984617871879
1970-01-03 14:51:00,-0.06139018207312027,-0.19316856441784858,0.2497822569855789,0.02114545577332037
1970-01-03 14:52:00,-0.05663035085091777,-0.24703055170021027,0.25795623803728374,0.016231013022349198
1970-01-03 14:53:00,-0.3798638315110669,-0.16498528148846872,0.003869196936249835,0.014450912204714566
1970-01-03 14:54:00,-0.37164876014009574,-0.05434493853578546,-0.04507610148699121,0.0291253187933391
1970-01-03 14:55:00,-0.6523184119408401,0.06401949264781633,-0.2164165353060621,0.0053381595325173335
1970-01-03 14:56:00,-0.3322489123336549,0.16990059398951807,-0.016138634799177428,0.0060636450731827
1970-01-03 14:57:00,-0.328719885961189,0.17992285059096155,-0.0010035329798735344,0.005231297746756666
1970-01-03 14:58:00,-0.32847057942817254,0.17749672770433278,-0.00018371603235951654,0.0046808245500301665
1970-01-03 14:59:00,-0.32964902269702745,0.18343279465602702,-0.0017341959975745325,0.005112181516498933
1970-01-03 15:00:00,-0.32606075986855404,0.18421033746896973,0.013227574559955409,0.0034714415815218333
1970-01-03 15:01:00,-0.32214890317354317,0.18686821532134737,0.02915916805310097,0.0028452868503962996
1970-01-03 15:02:00,-0.32282927844319087,0.18531654168248032,0.026478299066287736,0.0036593601216259003
1970-01-03 15:03:00,-0.3219159310625009,0.18261178653045096,0.027056022735364754,0.0035924533029532
1970-01-03 15:04:00,-0.32133179525321454,0.1782541788165923,0.025773793532418824,0.0039061795279019666
1970-01-03 15:05:00,-0.32039900129480264,0.1842129589956525,0.026617798903368198,0.003757983589562667
1970-01-03 15:06:00,-0.17585910351702197,0.11869203196650409,0.11971662658414955,0.0036540701843000337
1970-01-03 15:07:00,0.013192735912698206,-0.013225862266052732,0.20546569357320268,0.0036209782613855998
1970-01-03 15:08:00,0.2583294901286841,-0.11844999101056486,0.41676095903491234,0.0
1970-01-03 15:09:00,0.3630466209915788,-0.17363480866171144,0.47428593238516337,0.0
1970-01-03 15:10:00,0.3673778538606669,-0.21476674241918223,0.45620697737900257,0.0
1970-01-03 15:11:00,0.3790945576004054,-0.2531819840729726,0.42949829824629554,0.0
1970-01-03 15:12:00,0.3681005069749186,-0.1718110465683237,0.48141204962463774,0.0
1970-01-03 15:13:00,0.3793652711934365,-0.18446850781808696,0.47104299780544184,0.0
1970-01-03 15:14:00,0.0834692699227063,-0.3463739056932151,0.8430158203213507,0.0
1970-01-03 15:15:00,0.0716944945875154,-0.2983571474618244,0.8547620882775632,0.0
1970-01-03 15:16:00,-0.4052035882353993,-0.13706919916710372,0.472380397787963,0.0
1970-01-03 15:17:00,-0.4527093665723383,-0.1254595631330244,0.4215639727492831,0.0033955221425416
1970-01-03 15:18:00,-0.45935557297764956,-0.0938235244429887,0.4039235315394924,0.0061672070318793
1970-01-03 15:19:00,-0.4589198711729985,-0.16118017052882985,0.3615953920749904,0.0062524056396941995
1970-01-03 15:20:00,-0.4529714997585627,-0.08816165717531922,0.40267644871595687,0.006236810434635367
1970-01-03 15:21:00,-0.46637351056247994,-0.1111705067009644,0.38660537561580344,0.0060639544740849335
1970-01-03 15:22:00,-0.01214012730005667,-0.2539673665004018,0.5371143562490882,0.0
1970-01-03 15:23:00,-0.008018133803371233,-0.27750915416385763,0.5290986812791548,0.0
1970-01-03 15:24:00,-0.006383463351132264,-0.2722092670556746,0.5315877145081376,0.0
1970-01-03 15:25:00,-0.012639049903150665,-0.31577278869805164,0.4833460441608741,0.0
1970-01-03 15:26:00,-0.007953877354392668,-0.283620034148154,0.5108115295190722,0.0
1970-01-03 15:27:00,-0.007615729069723802,-0.2762467930181773,0.5226664819211485,0.0
1970-01-03 15:28:00,0.001112444126242465,-0.2743064485669498,0.5252476120266553,0.0
1970-01-03 15:29:00,0.006970566568198532,-0.27785686348831085,0.5188351586626938,0.0
1970-01-03 15:30:00,0.003884187206712899,-0.2812154994369765,0.5172021602314685,0.0
1970-01-03 15:31:00,0.5047317004991491,-0.11841340970693054,0.2840101304111398,0.00024085615590003335
1970-01-03 15:32:00,0.49438551014886906,-0.145082425781808,0.2676696028593994,0.0
1970-01-03 15:33:00,0.31524172844256265,0.022524127240836436,0.19184661316217064,0.0
1970-01-03 15:34:00,-0.03464189354822734,-0.0810798880078998,-0.06655822336265882,0.024273339074526668
1970-01-03 15:35:00,-0.05509011508071502,-0.14112352526066482,-0.049869445226673914,0.016099727285771834
1970-01-03 15:36:00,-0.032896989580623835,-0.37030897461569307,-0.13738834011445356,0.024054913213490167
1970-01-03 15:37:00,-0.03776941226796283,-0.36980963381758847,-0.11161561203252361,0.016132108106508298
1970-01-03 15:38:00,-0.056457380047719496,-0.43466645409487253,-0.10071453627818454,0.020613871035298534
1970-01-03 15:39:00,-0.09438477378117023,-0.36504784072071345,-0.12955535716597735,0.025209773739967967
1970-01-03 15:40:00,-0.0679700353837866,-0.3759062592727751,-0.13652847099493123,0.024329652039769233
1970-01-03 15:41:00,-0.038781087066613325,-0.2716584140806576,-0.10550425883487731,0.0226866437177029
1970-01-03 15:42:00,-0.0682738266208855,-0.20365691745707792,-0.06699561776168013,0.025038661535169867
1970-01-03 15:43:00,-0.06332879575750504,-0.27696825133872255,-0.10055501204093927,0.0223077884191458
1970-01-03 15:44:00,-0.04427583540664887,-0.2768994512720406,-0.09972439560635189,0.023341724936066833
1970-01-03 15:45:00,-0.035189369217776136,-0.30784202611369565,-0.1087832198021661,0.024484989373478133
1970-01-03 15:46:00,-0.011314875200892935,-0.2654589787527023,-0.10641980111411065,0.0196715324648559
1970-01-03 15:47:00,0.06702295100399754,-0.05026003963772357,-0.07756307938927838,0.011261284339912666
1970-01-03 15:48:00,-0.020049298551479803,-0.2287745250475047,-0.11348119897975702,0.0163500204307861
1970-01-03 15:49:00,0.1420835453357565,-0.18366566527149011,0.01264533284133799,0.0
1970-01-03 15:50:00,-0.010100853134551828,0.20239485747878075,0.20169798416767545,0.005032217187510333
1970-01-03 15:51:00,0.010373395338869417,0.024043101836958163,0.19519422488072347,0.0020792299029397
1970-01-03 15:52:00,0.36758734414119615,-0.06792363628051884,0.4492230033727577,0.00017878020270486666
1970-01-03 15:53:00,0.39493182588104686,-0.10327852569533802,0.49086886678146563,0.0001341091874071
1970-01-03 15:54:00,0.25424900558228075,0.002172495182984735,0.40055191683983615,0.0
1970-01-03 15:55:00,-0.013770330920074528,0.0682217699028077,0.22500291313045004,0.022787236071732265
1970-01-03 15:56:00,0.008699785232945132,0.06399855045183533,0.2290305789684928,0.020154885849732667
1970-01-03 15:57:00,0.161072688910988,0.04753413216734554,0.32644143313070895,0.0
1970-01-03 15:58:00,0.06464691240048002,-0.22359757517827106,0.2218411550885916,0.023201822578615167
1970-01-03 15:59:00,0.024586127110712563,-0.1534545464034617,0.21704757195971683,0.023971776471465065
1970-01-03 16:00:00,-0.009730656054405503,-0.17799382719718182,0.22125207560544555,0.025332899680404735
1970-01-03 16:01:00,-0.004313043461626032,-0.18932466586971453,0.23979476456511276,0.02350335435437027
1970-01-03 16:02:00,-0.06910551507880516,0.013875200417215757,0.21423031182364116,0.025780465870193434
1970-01-03 16:03:00,-0.0667301929744216,-0.08077182860519383,0.242961404797818,0.017414789125052735
1970-01-03 16:04:00,-0.024429200613274766,-0.28279466943487075,0.27728051585066643,0.0223576594077206
1970-01-03 16:05:00,-0.022899039787949438,-0.18391268412637854,0.2696625516001718,0.021785462336118135
1970-01-03 16:06:00,-0.014987816798179966,-0.1734604070965183,0.2554501771075421,0.0224371033886234
1970-01-03 16:07:00,-0.019645650192748,-0.042799114663611935,0.23960719807560762,0.021096777762517865
1970-01-03 16:08:00,-0.003053552272329734,-0.1968466263887302,0.253868037078756,0.0249090078378681
1970-01-03 16:09:00,-0.00808444874357993,-0.26356300960852763,0.21566989053103117,0.024474557791805365
1970-01-03 16:10:00,-0.006028113811915502,-0.3064684762076782,0.2624680904322006,0.009561897109529533
1970-01-03 16:11:00,-0.017432889873469432,-0.43487982835636085,0.27845651694255097,0.018755780042197332
1970-01-03 16:12:00,-0.01754710774768307,-0.3268003467571388,0.24221940619612056,0.020253248425446266
1970-01-03 16:13:00,0.0002956372132123658,-0.3933638709573462,0.3225965392549723,0.014896731037804
1970-01-03 16:14:00,0.0037712382453459364,-0.38332777629711545,0.30407565157017735,0.018888408403906102
1970-01-03 16:15:00,0.0076209485308112975,-0.30262781954750295,0.2644644951437037,0.021673398246497833
1970-01-03 16:16:00,0.008985338709879534,-0.35194509015048037,0.29839642283764806,0.0131410019308428
1970-01-03 16:17:00,-0.007135584105206465,-0.40666007418744404,0.2847074475258891,0.017452057406766402
1970-01-03 16:18:00,-0.004456299331415975,-0.362009261161367,0.2487639762828023,0.021252466121685503
1970-01-03 16:19:00,0.002145919301910465,-0.39939324224612743,0.2869608146191675,0.012606881243929334
1970-01-03 16:20:00,-0.039188186050008705,-0.22256618453348964,0.22712999736739323,0.020026992358632836
1970-01-03 16:21:00,-0.005009199295021864,-0.4086824219299648,0.29413034559437573,0.003415757154810567
1970-01-03 16:22:00,-0.0013679858618387043,-0.42526946162474966,0.2974792520375729,0.0092855062794653
1970-01-03 16:23:00,-0.029613401524991163,-0.3200109728702045,0.2392571503865832,0.024242795662896402
1970-01-03 16:24:00,-0.037655950454185134,-0.3533751929908909,0.25539546824795706,0.022247970840840934
1970-01-03 16:25:00,0.0010452535525420313,-0.35347719239166997,0.21231488134927567,0.02368037474838437
1970-01-03 16:26:00,-0.007866800043463967,-0.36817844387128656,0.2323611434792272,0.022661652001547235
1970-01-03 16:27:00,-0.016194832118389096,-0.3151183135615589,0.2278304029398881,0.022775992925176434
1970-01-03 16:28:00,0.0012883621482647004,-0.3600053741697229,0.23430705392959725,0.021338403025479135
1970-01-03 16:29:00,0.01177513138690777,-0.36682106338175524,0.2394508128712893,0.020626629222553202
1970-01-03 16:30:00,0.002138683979367534,-0.2822819308343684,0.24231410990917512,0.021435339867873934
1970-01-03 16:31:00,0.006362248567552531,-0.3576286200336773,0.25906086068978623,0.015619401855748866
1970-01-03 16:32:00,-0.023022673252009296,-0.3409743711987087,0.2537127982452166,0.0194182271880631
1970-01-03 16:33:00,-0.22613951376097072,-0.1262407880903154,0.15470285125340133,0.0186591517369751
1970-01-03 16:34:00,-0.1889676969363322,-0.1521027991945501,0.16609082439433856,0.015123315791509
1970-01-03 16:35:00,-0.0027793660761340675,-0.34199067305632375,0.2562035652400959,0.013593574956252333
1970-01-03 16:36:00,-0.14620520880171167,-0.2676783662440794,0.14357111221162702,0.022917178035963732
1970-01-03 16:37:00,-0.35901116599810967,-0.08619489680488286,-0.03741550573023552,0.022059990215416866
1970-01-03 16:38:00,-0.3519010945369125,-0.24435046091181845,-0.019043693450203847,0.021711559541639933
1970-01-03 16:39:00,-0.3512063892845854,-0.19089861247955806,-0.028546695862707343,0.023391893199939336
1970-01-03 16:40:00,-0.3549237889937797,-0.17731304073165263,-0.03036203468135749,0.02577895483149487
1970-01-03 16:41:00,-0.35053607137701426,-0.244102686616989,0.009080099488799509,0.015800802296633134
1970-01-03 16:42:00,-0.3516777402179261,-0.18980338465830313,-0.01584602028617732,0.023021570359771936
1970-01-03 16:43:00,-0.349080030848602,-0.20147659271443952,-0.014314711686400453,0.02206400559575637
1970-01-03 16:44:00,-0.3375275592600478,-0.1846043969550283,-0.032548285137208456,0.023221154437278263
1970-01-03 16:45:00,-0.3575228082817658,-0.2013151286836007,-0.025858335005686017,0.025434686748906563
1970-01-03 16:46:00,-0.36166194905174925,-0.22220015136895185,-0.016961459284146756,0.025386682680160737
1970-01-03 16:47:00,-0.353229686133484,-0.1985425640417656,-0.016214187376866345,0.025576935973366067
1970-01-03 16:48:00,-0.3538559415421667,-0.21454251183536246,-0.012909072297424143,0.025337873581632062
1970-01-03 16:49:00,-0.35380321951386784,-0.20077942671005658,-0.024386051014308834,0.02492809955722643
1970-01-03 16:50:00,-0.36036889229566205,-0.19780167257324643,-0.014262295568373329,0.025085047691995235
1970-01-03 16:51:00,-0.35533265065295844,-0.21553897213797016,-0.025227352298891503,0.02527299700150047
1970-01-03 16:52:00,-0.0413270678358856,-0.4167993889593518,-0.07480207908501817,0.02325208725760933
1970-01-03 16:53:00,-0.03825858776564843,-0.4719166022401469,-0.056713127051329394,0.021036733279087633
1970-01-03 16:54:00,-0.04288458310360744,-0.442621746971053,-0.06179727808419596,0.01910394613969237
1970-01-03 16:55:00,-0.02020076558925894,-0.4347118855525179,-0.1307494978895989,0.02310828804167647
1970-01-03 16:56:00,0.08246478209389646,0.26117593446189696,-0.5040693600176083,0.023512188713731032
1970-01-03 16:57:00,-0.3145589267463997,0.2497888180152146,-0.3177739124852456,0.02781881061352007
1970-01-03 16:58:00,-0.3162324225641187,0.2752691568472582,-0.32646487978481686,0.025553687091027535
1970-01-03 16:59:00,-0.4214302144533953,0.2861220071565757,-0.27570735797410134,0.025061551248579336
1970-01-03 17:00:00,-0.409291444371052,0.19471249354659179,-0.13649596126831223,0.013099950957931768
1970-01-03 17:01:00,-0.1754543650246386,0.3768525253440695,-0.2882796602534639,0.0269701356404351
1970-01-03 17:02:00,-0.24169265277154536,0.3316130495019602,-0.3338088277023601,0.018401220662702767
1970-01-03 17:03:00,-0.06789115893924809,0.33375078444183065,-0.304759785420969,0.02652448176461113
1970-01-03 17:04:00,-0.08822680219369983,0.2021106319560685,-0.3050482392823773,0.022381934778019766
1970-01-03 17:05:00,-0.08266741947780087,0.36605956991537414,-0.2944650656317502,0.012841518848099767
1970-01-03 17:06:00,0.02228701765654136,0.3166389091016601,-0.24752492479807697,0.0130656439883583
1970-01-03 17:07:00,0.39776728988323984,0.32127906135928946,0.041234343272502895,0.013974028216032233
1970-01-03 17:08:00,0.36048116727038354,0.22213170150621595,0.06756750505482079,0.003864613225968967
1970-01-03 17:09:00,0.0040706909263391695,-0.28569950110426107,0.21859265049555587,0.024483945003895235
1970-01-03 17:10:00,0.071634862518489,-0.22070572106654315,0.2372037845340826,0.0
1970-01-03 17:11:00,-0.019342329295571503,-0.24050409092440705,0.2327185414279518,0.022015393111207603
1970-01-03 17:12:00,-0.02104437079044343,-0.12105906043867333,0.2240828359432825,0.0255803294705538
1970-01-03 17:13:00,-0.06147668945322046,-0.13314357802667387,0.22510166285801833,0.023434461382275867
1970-01-03 17:14:00,-0.015388546411973436,-0.17075805334297703,0.23895057038015277,0.024999345889372665
1970-01-03 17:15:00,-0.07571890758206119,-0.028657208926819434,0.2239163357026794,0.0248766776003469
1970-01-03 17:16:00,0.11487153241738436,0.0074422340892131384,0.2927582409223618,0.0
1970-01-03 17:17:00,0.23496868203384816,0.0098460840048654,0.3309555310636811,0.008947432088686333
1970-01-03 17:18:00,0.3386416494778524,-0.022198107378605392,0.2834309838936255,0.008421035989824733
1970-01-03 17:19:00,0.25107221545890995,0.10214932809130452,0.15034157803197534,0.0
1970-01-03 17:20:00,0.046408677500439456,0.0796168960140303,0.15854144683321142,0.005275893531259634
1970-01-03 17:21:00,-0.09310538765273092,-0.14300611161118232,0.22018258584563863,0.0242491738339215
1970-01-03 17:22:00,-0.15988966532251606,-0.11595233646647396,0.221197036321342,0.02258925838585363
1970-01-03 17:23:00,-0.02543669510102713,-0.2590948475117763,0.2596771024170351,0.023306767294448
1970-01-03 17:24:00,-0.042480266598444005,-0.1973919639737075,0.25118716809194275,0.023807634346308934
1970-01-03 17:25:00,-0.04218153481228493,-0.14260587852984413,0.2577061606235394,0.018913928963666667
1970-01-03 17:26:00,-0.07599210914141014,-0.09584519679218469,0.2697112521282036,0.0130574722928355
1970-01-03 17:27:00,-0.07623668590100241,-0.025148035310435485,0.23656162808387235,0.02226434577904107
1970-01-03 17:28:00,-0.0639436179499459,-0.11763436601993284,0.24436755668196605,0.023239729226835867
1970-01-03 17:29:00,-0.23002795895667202,-0.05141983506082537,0.08167141264169142,0.0184109199206294
1970-01-03 17:30:00,-0.3698525891209623,-0.037878148870288696,-0.0451604339161753,0.0298075897667677
1970-01-03 17:31:00,-0.13213552190604844,0.21626911734825535,0.05830814014962701,0.0045714598209044
1970-01-03 17:32:00,0.01364801616607724,0.1771093621165596,0.1713201295695688,0.0057396675605474005
1970-01-03 17:33:00,-0.02942757769438362,0.0928728458019726,0.18460989137260234,0.005836895830631469
1970-01-03 17:34:00,-0.03710763081019638,0.16398142687968334,0.16934221514439426,0.006644369938941768
1970-01-03 17:35:00,-0.010992301136803932,0.13487366556737443,0.18686360912047198,0.0064333591735573
1970-01-03 17:36:00,-0.29471657776072885,0.18992858757197273,-0.010074609856307185,0.0062981707942130335
1970-01-03 17:37:00,-0.4034700339657337,-0.04731677558669773,-0.009793486024526418,0.0156290370806579
1970-01-03 17:38:00,-0.11683122348426817,-0.04618453621124613,0.21289660382936396,0.025153532519883268
1970-01-03 17:39:00,-0.4202063196443861,0.130897760143188,-0.05028529122673001,0.0250424639385079
1970-01-03 17:40:00,-0.44433406313737267,0.1402055906886158,-0.06951817631560193,0.030127496077613638
1970-01-03 17:41:00,-0.438853003007786,0.1316464361451392,-0.06046151673755281,0.027927550649684302
1970-01-03 17:42:00,-0.44115966427491515,0.1444341232337429,-0.0540098229140367,0.026407927198553536
1970-01-03 17:43:00,-0.41301789043127496,-0.0593326231837678,-0.02727790617130506,0.024462069128735803
1970-01-03 17:44:00,-0.47806425769248806,0.17206871662608925,-0.06972254725205489,0.022321811471034264
1970-01-03 17:45:00,-0.20865734808816574,0.04478625190080196,0.0683365580069009,0.0031216359830444334
1970-01-03 17:46:00,-0.08582977412168746,0.170269048564198,0.1674821004317907,0.0038579287330112663
1970-01-03 17:47:00,-0.12173790625903103,0.23594571629112207,0.16486176656546234,0.0037149857341688334
1970-01-03 17:48:00,-0.030386394198028882,0.09777245916040649,0.19606986334181375,0.0038225140303949335
1970-01-03 17:49:00,0.0038135160899498005,0.04732193859344704,0.203877835177237,0.0035167548207598333
1970-01-03 17:50:00,0.06326968677680346,0.022946913456308022,0.25536331591928685,0.0010286447365546
1970-01-03 17:51:00,0.3648394688613546,-0.08986320309440687,0.4763831570349943,0.0010403383959517666
1970-01-03 17:52:00,0.3448169489155441,-0.07911520384657286,0.4729761093632329,0.0014601540345193667
1970-01-03 17:53:00,0.3290082702690576,-0.024255705649765036,0.4663929402980888,0.0014568251809221333
1970-01-03 17:54:00,0.258130066001632,0.14756383586571006,0.4389550547129057,0.0015554189416768667
1970-01-03 17:55:00,0.3029442911654991,0.008585509891882675,0.4491421235426256,0.0010213047977332
1970-01-03 17:56:00,0.36610085899314093,-0.12680979946205392,0.49460138934743725,0.0
1970-01-03 17:57:00,0.3607485049656545,-0.1616838188354723,0.4612455871468369,0.00015800254075606666
1970-01-03 17:58:00,0.3647035010625101,-0.1354973287663697,0.4784293614418054,0.0004135654575366334
1970-01-03 17:59:00,0.3668001445650851,-0.1496257466483211,0.4737353709601894,0.0004967842353066667
1970-01-03 18:00:00,0.3628570871899954,-0.1304842893526846,0.48387307166948273,0.00045818792195633336
1970-01-03 18:01:00,0.3495279614912327,-0.12268269598556492,0.4853813786767483,0.00028812622231626667
1970-01-03 18:02:00,0.3478992666500371,-0.10174256120491354,0.49448981375386,0.0004896740762124333
1970-01-03 18:03:00,0.33605215127651755,-0.11544538123399695,0.4927035388061345,0.0005170457312272
1970-01-03 18:04:00,0.22421564765078492,-0.05967513264894994,0.3983690245760316,0.0005097898500024333
1970-01-03 18:05:00,0.006936502842770506,0.023690746637975064,0.21988738862670718,0.002400827256167667
1970-01-03 18:06:00,-0.0008707442542708355,0.014218190162095542,0.2108588960530319,0.0032994765248019666
1970-01-03 18:07:00,-0.000542992055336318,0.03659836356940168,0.21578199884985297,0.003533098941451
1970-01-03 18:08:00,0.012364920066662066,0.04247869806451963,0.21715206028453735,0.003695902462227
1970-01-03 18:09:00,-0.0019126482832540921,0.0057715511436102025,0.19149791414465098,0.0037675692483189666
1970-01-03 18:10:00,-0.00034995048498664044,0.040840333940234765,0.21178439489964807,0.0033474131873830666
1970-01-03 18:11:00,-0.0004945866046419297,0.021856548466991404,0.218051165629808,0.0021885710544469667
1970-01-03 18:12:00,-0.0021590448627325856,0.026784578374200303,0.21582833245939423,0.0031895517878749668
1970-01-03 18:13:00,0.0022430379023135583,0.04164230097696612,0.21993425496149274,0.0035341283417757003
1970-01-03 18:14:00,-0.21798897126905814,-0.08216499993802392,-0.001436058674763041,0.0025377957695409997
1970-01-03 18:15:00,-0.3544257385773735,-0.1171287815857594,-0.03454011785231078,0.025305644944010833
1970-01-03 18:16:00,-0.3531848675741596,-0.08825152451082023,-0.026855441565840004,0.026418412372205238
1970-01-03 18:17:00,-0.3558312549275909,-0.05709094771267376,-0.02393361218465369,0.0221810073291101
1970-01-03 18:18:00,-0.32908195978735033,-0.03590054718626157,-0.02239193230100615,0.014446491381809033
1970-01-03 18:19:00,-0.2956360087905073,0.052245095662890616,-0.004582010286587335,0.011381221705492432
1970-01-03 18:20:00,-0.3452163686106755,-0.12370838330893734,-0.019188830734173584,0.025343969336500936
1970-01-03 18:21:00,-0.2789474779989182,0.08494303776724622,-0.0037504059501228815,0.021881072825824164
1970-01-03 18:22:00,-0.3099514592848189,-0.06398346166466885,-0.01693849815178054,0.007304335834333833
1970-01-03 18:23:00,-0.27848013594416754,-0.12954158035290064,0.02149830930540179,0.0242659167307618
1970-01-03 18:24:00,0.015347147707411172,-0.1606300751730981,0.2430362425796093,0.011711428498665001
1970-01-03 18:25:00,0.00269537303655303,-0.2366870280043767,0.23402275397642305,0.02390895578775867
1970-01-03 18:26:00,-0.0010848324372179686,-0.11411789815564151,0.24528715509074947,0.013372528143642834
1970-01-03 18:27:00,-0.005381954672689401,-0.014096439258752461,0.2607932157507569,0.022697799669007934
1970-01-03 18:28:00,-0.029552960647126366,-0.17462508536321245,0.23945101517201492,0.007544232386620234
1970-01-03 18:29:00,-0.06710214833465124,-0.16403152605563986,0.24047074569665897,0.010988446976399868
1970-01-03 18:30:00,-0.0466173765549312,-0.15068874570070123,0.2443471984856037,0.006527024346763134
1970-01-03 18:31:00,-0.061525437768531,-0.27712924009277734,0.21477796011816522,0.024493840221201667
1970-01-03 18:32:00,-0.06976325249238001,-0.18968514580024878,0.23181595651019915,0.014519489678539733
1970-01-03 18:33:00,-0.06034904289597323,-0.2311373460694063,0.22071645071738533,0.021346911286192868
1970-01-03 18:34:00,-0.056183642212945105,-0.23041905776415572,0.2309766310293708,0.023464781491893034
1970-01-03 18:35:00,-0.008664892164691266,-0.1260685477837615,0.2500514248444712,0.009163016111669333
1970-01-03 18:36:00,-0.0330388212435463,-0.16230986342130146,0.23833653373081373,0.014185266402338801
1970-01-03 18:37:00,0.0445950643428794,-0.16026955521925568,0.2884116142734761,0.0
1970-01-03 18:38:00,0.32385905913099966,-0.1615323106025318,0.4919629967696621,0.0
1970-01-03 18:39:00,0.31921457987366453,-0.1232971638295164,0.5184814997335025,0.0
1970-01-03 18:40:00,0.3287818829169275,-0.13230805144607236,0.5270858216322594,0.0
1970-01-03 18:41:00,0.3343817764059465,-0.08295145794285345,0.5396721163784824,0.0
1970-01-03 18:42:00,0.33622816390425997,-0.062480826584092826,0.5439130881016964,0.0
1970-01-03 18:43:00,0.3421251012305581,-0.05569542501049083,0.5469661297335673,0.0
1970-01-03 18:44:00,0.33752253937040977,-0.03860918459917989,0.5471047596775273,0.0
1970-01-03 18:45:00,0.3562845131588741,-0.02811828507697056,0.5440377458088684,0.0
1970-01-03 18:46:00,0.38704596608147956,-0.06558841633248903,0.5270997399221872,0.0
1970-01-03 18:47:00,0.15629551225576332,-0.05658458282399172,0.3443632139597212,0.0
1970-01-03 18:48:00,-0.02126388326744777,0.0558421604639364,0.21757623095945575,0.0031456139429257
1970-01-03 18:49:00,-0.3237812376545111,-0.2344803729278998,-0.2359469170987811,0.022410661909934137
1970-01-03 18:50:00,-0.3650523526224448,-0.1068807835206142,-0.05455598766990572,0.027805597607048194
1970-01-03 18:51:00,-0.16907348747960307,-0.07754651029592192,0.12171173657100805,0.0231491648763268
1970-01-03 18:52:00,-0.35966934298170544,-0.06940836093070503,-0.08303288978224886,0.0298940848477543
1970-01-03 18:53:00,-0.3513672455380095,-0.025256438440515967,-0.048506447458995065,0.018160628511179836
1970-01-03 18:54:00,-0.3675594050706719,-0.1315985382511301,-0.03816246069971233,0.0274016966472472
1970-01-03 18:55:00,-0.36661141957234017,-0.020681083918755266,-0.03376974320215624,0.0213300045491291
1970-01-03 18:56:00,-0.3791295034170618,-0.12610519912818507,-0.020690070702754967,0.013286366809064067
1970-01-03 18:57:00,-0.3799013092510431,-0.21478355220859838,-0.01581599211512694,0.020971284036256768
1970-01-03 18:58:00,-0.3664055777229838,-0.2200607754734478,-0.028893237005819833,0.02451753409322983
1970-01-03 18:59:00,-0.36507666084459683,-0.2186900372048267,-0.02475882381818621,0.0252930612129319
1970-01-03 19:00:00,-0.36636601642110866,-0.14923062654459698,-0.025073482366929318,0.015277357565203398
1970-01-03 19:01:00,-0.37535534642677737,-0.08072256991870813,-0.07171630182405124,0.028990083189019505
1970-01-03 19:02:00,-0.320077174499749,-0.06395938764482635,0.01672858417544378,0.024725386812717298
1970-01-03 19:03:00,-0.017626203977232028,-0.20451583265837017,0.2354701482351824,0.02492865875737173
1970-01-03 19:04:00,-0.0321348279128996,-0.19830943827771316,0.24711726186237504,0.024585529159087866
1970-01-03 19:05:00,-0.026942459790196095,-0.21531661264380567,0.24127027188138592,0.025152344519174266
1970-01-03 19:06:00,-0.014965231690509501,-0.20479086282603878,0.24378323126587378,0.024717674610615668
1970-01-03 19:07:00,-0.2808524865552102,-0.06734733066087296,0.03664478716884715,0.0241668250768594
1970-01-03 19:08:00,-0.3798121468680171,-0.06223815526105042,-0.02982259979629671,0.0284970299760109
1970-01-03 19:09:00,-0.3351336785093846,-0.0809567763120802,0.016223580873895905,0.02497897981095577
1970-01-03 19:10:00,-0.012064262963811806,-0.2564989957811791,0.2267752293281026,0.025210168241929065
1970-01-03 19:11:00,-0.02621680001700187,-0.24135624718953827,0.2345436176548652,0.02394407478675813
1970-01-03 19:12:00,-0.022601679460255434,-0.238618923070515,0.22057769264963237,0.024593775707052
1970-01-03 19:13:00,-0.014663660282015871,-0.21873525353719084,0.22406665862858458,0.023490218862328934
1970-01-03 19:14:00,0.011485340454972506,-0.3104122729329143,0.28195178796078707,0.01892987512060877
1970-01-03 19:15:00,-0.0004677552505702685,-0.3129830600667927,0.2869973636169427,0.019593108951471202
1970-01-03 19:16:00,-0.006984574220249028,-0.24181215269249057,0.2599239025590233,0.022097577806780597
1970-01-03 19:17:00,-0.033272742825833534,-0.22408239752135006,0.2611639790340922,0.021934188275767468
1970-01-03 19:18:00,-0.056824078150499946,-0.2817687219599954,0.28467694731981213,0.0198864310757889
1970-01-03 19:19:00,-0.048506833123886144,-0.2956375186479098,0.3035295475045261,0.0
1970-01-03 19:20:00,-0.056846540178564574,-0.21542148371694328,0.28178557768455764,0.0025410220788656666
1970-01-03 19:21:00,-0.045109238187649836,-0.18882249342255944,0.24918601605674348,0.024968344814896067
1970-01-03 19:22:00,-0.035793202159696134,-0.20688733373522328,0.24323387690189657,0.02622950319244813
1970-01-03 19:23:00,-0.04245870129322186,-0.17921362756500325,0.2496229856242407,0.026163526003562768
1970-01-03 19:24:00,-0.021161700820404538,-0.20609678334713719,0.24465559245520793,0.025829056972607234
1970-01-03 19:25:00,-0.03251152183795383,-0.18366636067646894,0.24936792486928683,0.0260829561294847
1970-01-03 19:26:00,-0.036566581654352136,-0.14070756301923013,0.24770466899285534,0.025981414208481397
1970-01-03 19:27:00,-0.03089348217406333,-0.20473386963525622,0.22584877292471825,0.025925537096703366
1970-01-03 19:28:00,-0.19830569388252672,-0.09675842862552808,0.1467654541570371,0.026048310444816068
1970-01-03 19:29:00,-0.39070821733586,-0.07310502373404186,-0.021627646902694992,0.0272607714961014
1970-01-03 19:30:00,-0.3886395920264129,-0.12805505465384845,-0.03288825825009336,0.0285185008770847
1970-01-03 19:31:00,-0.3911502665316117,-0.1599584740567856,-0.03330162606625972,0.027709158555185968
1970-01-03 19:32:00,-0.38201740812274027,-0.12748358184865974,0.002234290134845607,0.025179973613176268
1970-01-03 19:33:00,-0.3701779852245852,-0.08190594907612776,0.02061633208823978,0.025239281380963267
1970-01-03 19:34:00,-0.37198041572081514,-0.06459077534229142,0.012500964300125724,0.0257532626818831
1970-01-03 19:35:00,-0.35859727565789257,-0.12479009325787005,-0.006644344804593735,0.02484452736952523
1970-01-03 19:36:00,-0.36813845945051743,-0.08108784264039144,-0.01041734100241896,0.02667006780659183
1970-01-03 19:37:00,-0.38447463091340567,-0.1794149247932623,-0.02305019863233924,0.027261017396322904
1970-01-03 19:38:00,-0.3744432650077474,-0.13793883060914883,-0.018605860732943572,0.027357522457265734
1970-01-03 19:39:00,-0.38496398663479964,-0.15499738489705814,-0.00850321873941289,0.025565203054821267
1970-01-03 19:40:00,-0.3862012707466435,-0.15152541294558455,-0.025064608108428896,0.02807496818199827
1970-01-03 19:41:00,-0.37577968974209003,-0.09636099717575924,-0.009642981027968137,0.026009614443965934
1970-01-03 19:42:00,-0.3801985113335296,-0.11070548088667109,-0.01583033523657862,0.027451167391029336
1970-01-03 19:43:00,-0.3719671582889869,-0.11371832545888756,-0.0160456438989338,0.026980051643645832
1970-01-03 19:44:00,-0.3742627775571927,-0.0865449506636483,-0.012379988466161257,0.026867716869476
1970-01-03 19:45:00,-0.4844538650981373,0.08466726716837723,-0.05698780423331797,0.026051806086928697
1970-01-03 19:46:00,-0.5298764903364408,0.03752510326924026,-0.05900285432837241,0.022880250652630035
1970-01-03 19:47:00,-0.40067123889467876,-0.10098355918946379,0.0021605919804755327,0.022968109288499267
1970-01-03 19:48:00,-0.42368273827675856,-0.1358647627466922,0.026567985721345017,0.0229254761021073
1970-01-03 19:49:00,-0.4126051869301141,-0.12608045471793133,0.008282036612655039,0.023949179675868834
1970-01-03 19:50:00,-0.3668573502075965,-0.0740574884151834,-0.009642192055138091,0.0242926148738393
1970-01-03 19:51:00,-0.5505702337040653,0.1177280605842741,-0.07396967566068717,0.025844865982643933
1970-01-03 19:52:00,-0.5605289123110785,0.12308854233586886,-0.08711301219846407,0.02562490330672933
1970-01-03 19:53:00,-0.5031774644237829,0.08286132545293604,-0.07073831268247524,0.025598184745684
1970-01-03 19:54:00,-0.3573832184259496,-0.11123832119368364,-0.008649718181602484,0.025212952058318635
1970-01-03 19:55:00,-0.3659549129548236,-0.11947516803675856,-0.006566330901408873,0.025173659585136832
1970-01-03 19:56:00,-0.3365683031863816,-0.11468967113564123,0.052830402939888034,0.012472305930114067
1970-01-03 19:57:00,-0.10289283615382823,-0.16736854941791315,0.21941891409286204,0.0224450834736484
1970-01-03 19:58:00,-0.03997147345293433,-0.1595443929108331,0.20710738419227517,0.026395528616745333
1970-01-03 19:59:00,-0.06196214179282957,-0.059311280754705424,0.2093015648365734,0.02674595967545593
1970-01-03 20:00:00,-0.02388111833709723,-0.1837763247155666,0.24042375123808044,0.026895222062640733
1970-01-03 20:01:00,0.00692277067531966,-0.18719607625575255,0.23690414344254337,0.0264336197048065
1970-01-03 20:02:00,0.011261256449751558,-0.22016394555598973,0.2111057029383776,0.026202731064326065
1970-01-03 20:03:00,-0.00029386135032819644,-0.26604942760885997,0.18591359816925931,0.0262675621821912
1970-01-03 20:04:00,-0.0029804341950641334,-0.16059827665478574,0.2516107723248291,0.02638875689296563
1970-01-03 20:05:00,-0.026530239816058027,-0.13329798794945413,0.2549449108150507,0.027151551422616067
1970-01-03 20:06:00,-0.03104071175684156,-0.17703784046492446,0.25743267701583233,0.026889543437788335
1970-01-03 20:07:00,-0.026876427581666373,-0.16182067853763585,0.253111310984228,0.026480567080430867
1970-01-03 20:08:00,-0.032405321720920206,-0.13928436419947263,0.2535019941456868,0.027506047066770265
1970-01-03 20:09:00,-0.0299653564492728,-0.17923536022131992,0.24810349138684426,0.027313215947296163
1970-01-03 20:10:00,-0.0486943624861745,-0.21473271260144136,0.24828461796991494,0.026630419979682934
1970-01-03 20:11:00,-0.031132177486776807,-0.1994842424413651,0.2427342615430097,0.02615589021855767
1970-01-03 20:12:00,-0.025634237868390124,-0.17437492968154902,0.24659121254199765,0.026482274883725666
1970-01-03 20:13:00,-0.011655225476624592,-0.1956365116614772,0.2386565734788604,0.02627551830894957
1970-01-03 20:14:00,-0.028808285074830933,-0.13752445929421234,0.2547349091750662,0.0270594014865267
1970-01-03 20:15:00,-0.03887483416495677,-0.15058461505876405,0.2469841142680813,0.02658183515421603
1970-01-03 20:16:00,-0.05558661821064784,-0.02791845870528543,0.249191296105684,0.026124609612489764
1970-01-03 20:17:00,-0.07430785264958116,0.00893671442075696,0.24149405694414774,0.0267447980686152
1970-01-03 20:18:00,-0.0315913611219408,0.007926976385675863,0.23905307615786134,0.025195895277349067
1970-01-03 20:19:00,-0.014323688036502141,-0.10951963028997413,0.2561111205518116,0.025731068792313933
1970-01-03 20:20:00,-0.015552295036134603,-0.11917023045208697,0.2522949466357659,0.026133919786980833
1970-01-03 20:21:00,-0.015744861870861732,-0.13872779007073674,0.25194953837671746,0.0261077823039953
1970-01-03 20:22:00,-0.02062341216429116,-0.13577280919625473,0.251023790025873,0.026348921942785167
1970-01-03 20:23:00,-0.01753803502245303,-0.144107543045198,0.2524568141897505,0.025443784227181368
1970-01-03 20:24:00,-0.0390682713483251,-0.1355834189021655,0.26131080215744285,0.025270660602315833
1970-01-03 20:25:00,-0.03934642246610873,-0.12533697174021047,0.25703264081748917,0.025307757426050067
1970-01-03 20:26:00,-0.04159286264038361,-0.1546403269593693,0.2508363179433731,0.026445227070120664
1970-01-03 20:27:00,-0.10453896434205005,0.10038050799415754,0.1994263493188669,0.0265768270695122
1970-01-03 20:28:00,-0.10944770430451038,0.11441114893433801,0.19739319330886307,0.025845943049834164
1970-01-03 20:29:00,-0.11411493570612385,0.09975602431734558,0.19565064229131726,0.026485433383789666
1970-01-03 20:30:00,-0.11887161081557673,0.1317759615760873,0.19547545660622453,0.0260365847252956
1970-01-03 20:31:00,-0.12523858036515303,0.1696797453752357,0.19717155263379363,0.0271896932302047
1970-01-03 20:32:00,-0.12307606289925584,0.14693013682220035,0.19642641837084798,0.026181925015885135
1970-01-03 20:33:00,-0.11273416714807936,0.11966250713630595,0.1858969555628922,0.025023700456935333
1970-01-03 20:34:00,-0.13851254881770145,0.16905227996196784,0.18377146950168208,0.0276984852655564
1970-01-03 20:35:00,-0.14010689565746892,0.1700120789143249,0.1872688242173929,0.0278214538824839
1970-01-03 20:36:00,-0.15235676266687784,0.17139095192032414,0.18856110776640575,0.027980102120765068
1970-01-03 20:37:00,-0.155315930464334,0.1430847474058383,0.1870656738286518,0.02771908982550263
1970-01-03 20:38:00,-0.15362461447797046,0.151056249721813,0.1841726857875918,0.0272757464635329
1970-01-03 20:39:00,-0.14139756115264282,0.1647178457435186,0.18624483189079424,0.026713047772117197
1970-01-03 20:40:00,-0.1538451907144251,0.13582717085452756,0.18770418886579965,0.027768683676994133
1970-01-03 20:41:00,-0.13814564851271136,0.16240587933751457,0.18370258610458357,0.027050515175946133
1970-01-03 20:42:00,-0.13673554305147642,0.17192617361417065,0.18349636748816944,0.027214596948934935
1970-01-03 20:43:00,-0.1436013278692951,0.14877837316851195,0.1893475788109681,0.026474855555325933
1970-01-03 20:44:00,-0.12628048439413633,0.12653223782014592,0.18188753725030696,0.026300551847229067
1970-01-03 20:45:00,-0.12018779774616027,0.1370475115370088,0.18885356718218282,0.023400686862129833
1970-01-03 20:46:00,-0.1010991443096123,0.07726015353205153,0.2072950922922884,0.0205477997102113
1970-01-03 20:47:00,-0.08887721637072767,0.08675953563020777,0.19214892462328903,0.0218946095490262
1970-01-03 20:48:00,-0.08116409879794774,0.1332417552015262,0.18930862917791458,0.024487791031801532
1970-01-03 20:49:00,-0.04206179593860967,0.08699893504781021,0.1891455680496484,0.023354477246747034
1970-01-03 20:50:00,-0.02528691601212797,0.0978732178386334,0.18903396548264095,0.0238961470908582
1970-01-03 20:51:00,-0.04386795398861639,0.09845109437312351,0.18031489861227099,0.0236110555758533
1970-01-03 20:52:00,-0.04192034230590516,0.13419991319824978,0.17831890524557695,0.025621246959010763
1970-01-03 20:53:00,-0.0429925151265231,0.10091263788745071,0.17990771445495324,0.02390106414942557
1970-01-03 20:54:00,-0.05467305983634777,0.13142661813104128,0.1848584245574739,0.025066201049675232
1970-01-03 20:55:00,-0.0968595266242665,0.17011018604838793,0.19636992926487687,0.019469770748374398
1970-01-03 20:56:00,-0.08946737428929945,0.15107914305406558,0.185576558416897,0.027571670698238637
1970-01-03 20:57:00,-0.11271388538731807,0.18249102620398427,0.19116519014110347,0.027265044506813732
1970-01-03 20:58:00,-0.12359805229899663,0.15886780889265797,0.20005887625453422,0.026544102079078497
1970-01-03 20:59:00,-0.12099460214520051,0.17319124034349143,0.19449333378648695,0.02709445684276497
1970-01-03 21:00:00,-0.13382899178551413,0.16971102359054227,0.1934233585049384,0.026731528176671765
1970-01-03 21:01:00,-0.12139539329879685,0.15955790077732832,0.19318305895960244,0.026735649840588533
1970-01-03 21:02:00,-0.09143244569323823,0.10834736760638876,0.2047200198416552,0.027348875615249468
1970-01-03 21:03:00,-0.06711426288442547,-0.17804722829605937,0.23681185385148215,0.027252994436864065
1970-01-03 21:04:00,-0.08686827587870961,-0.1524881335994355,0.25712042584572503,0.026785507437085868
1970-01-03 21:05:00,-0.0981501042054362,-0.150147630574732,0.25359034561595445,0.027169794262038697
1970-01-03 21:06:00,-0.0710248184521747,-0.1754937612487759,0.2547579579710802,0.025651874250662603
1970-01-03 21:07:00,-0.06838716095935725,-0.23030916376584729,0.21086967193835382,0.025908617714161333
1970-01-03 21:08:00,-0.08501188376672182,-0.11957133404037705,0.23482693307784094,0.025350502152484234
1970-01-03 21:09:00,-0.08194679717704545,-0.10157024085174339,0.2353269934983245,0.025830585179018966
1970-01-03 21:10:00,-0.0739590362552483,-0.16068206545036387,0.25568538541794794,0.0245759234852006
1970-01-03 21:11:00,-0.06273837849262097,-0.23657353190833622,0.27805836214095664,0.014990524404449033
1970-01-03 21:12:00,-0.279278737966619,-0.07148266893301046,0.5325247575628104,0.0
1970-01-03 21:13:00,-0.3318157424523239,-0.13437140306777615,0.5735373050630207,0.0076346685223891994
1970-01-03 21:14:00,-0.3338063177088714,-0.14871591679616905,0.5745591192851395,0.007131123674860867
1970-01-03 21:15:00,-0.32824835919984,-0.1676232877683579,0.5699946552148272,0.006819419691206133
1970-01-03 21:16:00,-0.3293072657972292,-0.1480233734838755,0.5808291268269105,0.006025134562126933
1970-01-03 21:17:00,-0.3328597476260067,-0.07569678308138234,0.5866510584913437,0.006785097976139533
1970-01-03 21:18:00,-0.33014086638473944,-0.08507181276116682,0.5789177895705615,0.007528312410060834
1970-01-03 21:19:00,-0.33375920459403846,-0.11821870631868657,0.5728010315718605,0.008382780891057701
1970-01-03 21:20:00,-0.32925373496009197,-0.12759032401145257,0.5824115972802151,0.007155957909117967
1970-01-03 21:21:00,-0.32286357369621643,-0.10822735771694947,0.5603426043709904,0.009387959039050134
1970-01-03 21:22:00,-0.31088296090736944,-0.14232249349660261,0.5617827225469824,0.008959710282175234
1970-01-03 21:23:00,-0.3202509541117856,-0.16021047081062315,0.547859692038954,0.0090094005045432
1970-01-03 21:24:00,-0.32346279554861784,-0.1690431146244051,0.5336404730384383,0.010847739676320066
1970-01-03 21:25:00,-0.3248469048388207,-0.11325207393078256,0.5401906535985793,0.0113169830001014
1970-01-03 21:26:00,-0.41208675804754197,0.05802757316962137,0.5004362412848847,0.0
1970-01-03 21:27:00,-0.4821521973464448,0.2429771611514768,0.4610719996374772,0.0
1970-01-03 21:28:00,-0.34886598662265694,0.21173748829063088,0.49479934060752795,0.0
1970-01-03 21:29:00,-0.46310420413682407,0.11089978404183372,0.5121588872596937,0.0101297545494243
1970-01-03 21:30:00,-0.3952487031176661,0.04073708381107654,0.524153317516114,0.010827641394739733
1970-01-03 21:31:00,-0.43737842141589495,0.018416855313527807,0.4962451771506995,0.010371864850712132
1970-01-03 21:32:00,-0.5703517725730541,0.07414054678538813,0.4349314888362367,0.008135178736856033
1970-01-03 21:33:00,-0.5912869629617229,0.021185197496354762,0.3987358429952161,0.0083427379178531
1970-01-03 21:34:00,-0.5885717037774273,0.03612508795071934,0.3808412716138096,0.010208783708336567
1970-01-03 21:35:00,-0.5776201419901542,-0.0039015421176737952,0.37969741610723773,0.0086388597314304
1970-01-03 21:36:00,-0.5483544843086452,0.05829856098316844,0.38448486278076643,0.0081237606415693
1970-01-03 21:37:00,-0.2633705142932144,0.27517812383290785,0.23876497969440183,0.0085141539571917
1970-01-03 21:38:00,-0.3039137100980467,0.2611740983926362,0.23226330410492455,0.013700759595829233
1970-01-03 21:39:00,-0.2770999915755526,0.2112678047638535,0.23887795116298646,0.012625664578672034
1970-01-03 21:40:00,-0.280502017377599,0.2749417761925506,0.22295968928766416,0.014132731550919401
1970-01-03 21:41:00,-0.28048272904508487,0.2807937241563745,0.22264111284820007,0.014022365685523
1970-01-03 21:42:00,-0.25328829892754606,0.22926962837786066,0.23693645086843662,0.009855925805344067
1970-01-03 21:43:00,-0.28128643007977794,0.23715622124562954,0.23639679345257747,0.012882908244517566
1970-01-03 21:44:00,-0.31499874292644575,0.35699317997626356,0.20714576738329682,0.015084763372966067
1970-01-03 21:45:00,-0.3520114090293411,0.4640344769741485,0.1925356224604516,0.014897172825439732
1970-01-03 21:46:00,-0.3522335061780679,0.48053850832786377,0.20284299953174134,0.012291231479237934
1970-01-03 21:47:00,-0.2724087420680007,0.5760631284277237,0.20777987900798203,0.004782834073764933
1970-01-03 21:48:00,-0.10343210944678823,0.8208674336421256,0.21212485353427465,0.012325817347881934
1970-01-03 21:49:00,-0.08718081016352279,0.7811998026418658,0.21333573801462613,0.012499619850821398
1970-01-03 21:50:00,-0.016639606648270105,0.23224073864552053,0.5302134650284085,0.007068809088159701
1970-01-03 21:51:00,0.27386487051041714,0.26545791313212325,0.30575962978427734,0.006689428723144466
1970-01-03 21:52:00,0.2565685462510205,0.27381157800581374,0.3120353961533731,0.007093881960759233
1970-01-03 21:53:00,0.25890398177171353,0.316167834764925,0.31840911653384946,0.006044296622761967
1970-01-03 21:54:00,0.18776325749644518,-0.05325524393688009,0.31404045259257823,0.0
1970-01-03 21:55:00,0.2202402555049626,-0.30923967005120967,0.38795541939368045,0.0
1970-01-03 21:56:00,0.24252616544505148,-0.31297173347059093,0.38913562834065935,0.0
1970-01-03 21:57:00,0.2524492652545782,-0.3318836871115611,0.3848490715205894,0.0
1970-01-03 21:58:00,0.5320284449347373,-0.04481573907306954,0.5209952244890692,0.0
1970-01-03 21:59:00,0.5399963680614942,-0.12473651705701934,0.5055942017375205,0.0
1970-01-03 22:00:00,0.5499708931677584,-0.11960117141659084,0.5011748918095719,0.0
1970-01-03 22:01:00,0.5426662284540381,-0.048532623652841,0.5053809970027123,0.0
1970-01-03 22:02:00,0.546555064867058,-0.012688644409712966,0.5048507870307433,0.0
1970-01-03 22:03:00,0.5460470713767802,-0.0109786985988308,0.508038854281978,0.0
1970-01-03 22:04:00,0.5439297900617273,0.007785574038039099,0.5005372500372234,0.0
1970-01-03 22:05:00,0.5363123009469799,0.030745930322966603,0.5019633588879611,0.0
1970-01-03 22:06:00,0.5308535665787514,0.006255553008872437,0.5138290651926227,0.0
1970-01-03 22:07:00,0.5188774769654187,0.010441025477361065,0.518410043745509,0.0
1970-01-03 22:08:00,0.5105499284175167,0.0088629464609528,0.5155322147721608,0.0
1970-01-03 22:09:00,0.5116007029695204,0.04699455793873943,0.512514606112395,0.0
1970-01-03 22:10:00,0.5262628335478637,-0.0012838026404409046,0.5138526231121296,0.0
1970-01-03 22:11:00,0.5347889666440783,0.011996591382944103,0.5112996486440997,0.0
1970-01-03 22:12:00,0.454967828986683,0.11363028918973363,0.48478874544418765,0.0
1970-01-03 22:13:00,0.13277063025495073,0.2319057085360459,0.5878501319809935,0.0
1970-01-03 22:14:00,0.029138903270301234,-0.5334305707609106,0.4285058007710086,0.0
1970-01-03 22:15:00,-0.015060526075326161,-0.5667923294481466,0.41345472792980015,0.0017222948264958666
1970-01-03 22:16:00,0.14489431287199697,-0.156331276526841,0.8277669085672117,0.0
1970-01-03 22:17:00,0.13697487409233247,-0.10641435986101606,0.8367608132379032,0.0
1970-01-03 22:18:00,0.13521287715032954,-0.10657717909223063,0.8384142986527247,0.0
1970-01-03 22:19:00,0.1357323536485706,-0.11932580042013276,0.8382439798123985,0.0
1970-01-03 22:20:00,0.14785498161587332,-0.11348975632562573,0.8385027014826454,0.0
1970-01-03 22:21:00,0.13719931483299064,-0.10584844152994788,0.8412454984106597,0.0
1970-01-03 22:22:00,0.12577728130356872,-0.09009030979397126,0.8434567537596048,0.0
1970-01-03 22:23:00,0.1353410907251986,-0.12414548456997077,0.8414619973634029,0.0
1970-01-03 22:24:00,0.13005115244118318,-0.11222709117393433,0.8438520960837704,0.0
1970-01-03 22:25:00,0.12295054359259028,-0.12606607443861242,0.8430221424197238,0.0
1970-01-03 22:26:00,0.12587740709612583,-0.1369174791826323,0.8419628291467456,0.0
1970-01-03 22:27:00,0.122416726536416,-0.1134850757176958,0.8345400292114102,0.0
1970-01-03 22:28:00,0.11848953576075134,-0.12179629258743578,0.8234306366678602,0.0
1970-01-03 22:29:00,0.12878387169981795,-0.1366880956120779,0.8121857236754085,0.0
1970-01-03 22:30:00,0.1273632077666825,-0.18254230945546857,0.7924832986022028,0.0
1970-01-03 22:31:00,0.12601261937794225,-0.1621770922820295,0.8065346495466827,0.0
1970-01-03 22:32:00,0.1248830661657826,-0.15598358881004704,0.8103669803973451,0.0
1970-01-03 22:33:00,0.1172580379013927,-0.1594848764059517,0.807021668795107,0.0
1970-01-03 22:34:00,0.11499447264442964,-0.13731553600716415,0.8114376933326269,0.0
1970-01-03 22:35:00,0.12162884134428886,-0.16278265490955882,0.8116986442810737,0.0
1970-01-03 22:36:00,0.10978546749698943,-0.14091678050811193,0.8231394354063287,0.0
1970-01-03 22:37:00,0.1064412002147896,-0.13584140541933207,0.8277829866171914,0.0
1970-01-03 22:38:00,0.09866736114924853,-0.12851739414731486,0.8313447870108107,0.0
1970-01-03 22:39:00,0.09647542963865142,-0.13997575425732603,0.8316072725013015,0.0
1970-01-03 22:40:00,0.08755564069474248,-0.1474196435075573,0.8331458872223934,0.0
1970-01-03 22:41:00,0.09101076371358346,-0.14613459498986167,0.8361965550882332,0.0
1970-01-03 22:42:00,0.09243149450521304,-0.1285905661478743,0.8422844499103163,0.0
1970-01-03 22:43:00,0.09080569232093076,-0.13919173094681803,0.8442419915139983,0.0
1970-01-03 22:44:00,0.0836215033651505,-0.15293517740179727,0.8453938593598141,0.0
1970-01-03 22:45:00,0.08594755330726878,-0.14660967378060252,0.8503002193002414,0.0
1970-01-03 22:46:00,0.07891436824226229,-0.13466207598158053,0.8572951312198523,0.0
1970-01-03 22:47:00,0.09235883460531846,-0.12288446162614526,0.8575643377782033,0.0
1970-01-03 22:48:00,0.09032114988485163,-0.12825868991035758,0.8556300558483586,0.0
1970-01-03 22:49:00,0.0906499610952677,-0.12561041390991542,0.8548250019118241,0.0
1970-01-03 22:50:00,0.09412330082911709,-0.13862213454075967,0.8511361495347622,0.0
1970-01-03 22:51:00,0.09134196279678547,-0.13408438412340382,0.8504189710275484,0.0
1970-01-03 22:52:00,0.10077038156233507,-0.131271252388468,0.8492896029011373,0.0
1970-01-03 22:53:00,0.10420441829143663,-0.13438735046307312,0.847173510759016,0.0
1970-01-03 22:54:00,0.0902422028997907,-0.12480411586857805,0.8462273139966209,0.0
1970-01-03 22:55:00,0.09738763508988009,-0.19687020011722103,0.8191552561350681,0.0
1970-01-03 22:56:00,0.08083717040494633,-0.1319413249365788,0.8286280425711811,0.0
1970-01-03 22:57:00,0.059430005614371006,0.2521120649299749,0.5174545170343587,0.0044534624715778
1970-01-03 22:58:00,0.319222017398417,0.03660936685231762,0.5479270109771072,0.0
1970-01-03 22:59:00,0.39749674729712653,-0.04876891739083966,0.554156090254211,0.0
1970-01-03 23:00:00,0.9803607349036924,0.0779044643110095,0.04691707855094413,0.0
1970-01-03 23:01:00,0.980277621004153,0.0789301516343819,0.046649758372013204,0.0
1970-01-03 23:02:00,0.9802955466696027,0.07919122367333879,0.046406053431128164,0.0
1970-01-03 23:03:00,0.9812027049043994,0.07095249573478159,0.04426443725872262,0.0
1970-01-03 23:04:00,0.9816935815380656,0.0667769740612777,0.04248112264494976,0.0
1970-01-03 23:05:00,0.9817395957278466,0.06588590513481343,0.04241288661017347,0.0
1970-01-03 23:06:00,0.9818658402378301,0.06291057240814539,0.042782678850025534,0.0
1970-01-03 23:07:00,0.981941833103032,0.061621981979468964,0.042429306685742234,0.0
1970-01-03 23:08:00,0.9820097378798504,0.06108070676026723,0.04223865173849147,0.0
1970-01-03 23:09:00,0.9820514970318297,0.0605596032883649,0.04220621618880533,0.0
1970-01-03 23:10:00,0.9820760602045939,0.06023429383985324,0.042155755644459926,0.0
1970-01-03 23:11:00,0.9821111115180553,0.059818371621726596,0.042099779033660634,0.0
1970-01-03 23:12:00,0.9821265316343862,0.05943295717022496,0.042025858348492366,0.0
1970-01-03 23:13:00,0.9821526420936237,0.05905576750854483,0.041974656034819396,0.0
1970-01-03 23:14:00,0.9821766865737634,0.058814366925535704,0.04191188886299437,0.0
1970-01-03 23:15:00,0.9822025684565902,0.058269809795067,0.04188125378976687,0.0
1970-01-03 23:16:00,0.9822767942503082,0.0573562177519504,0.04178645566970707,0.0
1970-01-03 23:17:00,0.9822739634193741,0.057132127249709126,0.041778545711332465,0.0
1970-01-03 23:18:00,0.7749983961691628,0.0223978825750125,0.21860899701986417,0.0
1970-01-03 23:19:00,0.7749610937133967,0.022056162022873128,0.21854593765905284,0.0
1970-01-03 23:20:00,0.7750075418539528,0.021959547407483796,0.2186450156560462,0.0
1970-01-03 23:21:00,0.7750734198051269,0.022159165616705463,0.21841750026522944,0.0
1970-01-03 23:22:00,0.7751969312771768,0.0218076693715544,0.21843234684436338,0.0
1970-01-03 23:23:00,0.7751003540276468,0.021623257234296464,0.21828881044737336,0.0
1970-01-03 23:24:00,0.7750672422602567,0.021532199050649233,0.21814222056077015,0.0
1970-01-03 23:25:00,0.7750529730923165,0.022107364418624733,0.21820974819541075,0.0
1970-01-03 23:26:00,0.7741535931623297,0.023873133976360834,0.21779990889320774,0.0
1970-01-03 23:27:00,0.7734312690458461,0.025779830759678934,0.21739409196900764,0.0
1970-01-03 23:28:00,0.774805353692483,0.02545777227657743,0.21774179651509065,0.0
1970-01-03 23:29:00,0.7736276401098628,0.02441820831524963,0.2179207609135666,0.0
1970-01-03 23:30:00,0.7743271813574829,0.023694881508746962,0.21804441483373585,0.0
1970-01-03 23:31:00,0.7740519512463159,0.021854629872412032,0.21729849923279843,0.0
1970-01-03 23:32:00,0.7728704651852764,0.020489475541697232,0.21618433621026098,0.0
1970-01-03 23:33:00,0.7728668713846512,0.0177104924068082,0.21529734098558606,0.0
1970-01-03 23:34:00,0.7730078216045907,0.016489413945628535,0.21483155547959773,0.0
1970-01-03 23:35:00,0.7731755408104203,0.015132504743359502,0.21476953610845936,0.0
1970-01-03 23:36:00,0.7735335321814296,0.0148206136206965,0.2147716656805514,0.0
1970-01-03 23:37:00,0.776515074640864,0.016471029454184636,0.21314635188033662,0.0
1970-01-03 23:38:00,0.7761341810415843,0.01588182900546693,0.21300234237266916,0.0
1970-01-03 23:39:00,0.7764408381130866,0.014943934562084567,0.21301881335788375,0.0
1970-01-03 23:40:00,0.7764331096236948,0.015201397411550568,0.2127981648871544,0.0
1970-01-03 23:41:00,0.7764614469194102,0.014841711098566164,0.21273660016323373,0.0
1970-01-03 23:42:00,0.7767676360271573,0.013889154694887468,0.2128249264112919,0.0
1970-01-03 23:43:00,0.7765089952745966,0.013534693334643931,0.21276626348785513,0.0
1970-01-03 23:44:00,0.7761933900901745,0.014305071067685533,0.21241065850752103,0.0
1970-01-03 23:45:00,0.7758490272803223,0.014794431930123532,0.2122118032204073,0.0
1970-01-03 23:46:00,0.3608857941935513,-0.0437496929884755,0.558151102716646,0.0
1970-01-03 23:47:00,0.36335460133097613,-0.0407953232946654,0.5583037897107566,0.0
1970-01-03 23:48:00,0.3685806827522507,-0.033224056123086,0.5584381703662089,0.0
1970-01-03 23:49:00,0.3690833002558569,-0.0344508900715476,0.5584756204016836,0.0
1970-01-03 23:50:00,0.3712649869625142,-0.0514290054528779,0.5682759624742749,0.0
1970-01-03 23:51:00,0.3802496615138138,-0.0504016701594778,0.5613340912811575,0.0
1970-01-03 23:52:00,0.3797147236501211,-0.0501433093901884,0.5615281871482429,0.0
1970-01-03 23:53:00,0.3797869536146787,-0.04883332206774169,0.5617253125208349,0.0
1970-01-03 23:54:00,0.37758672502884555,-0.0602587781100655,0.5615901992030636,0.0
1970-01-03 23:55:00,0.3785911682662224,-0.0681758222166943,0.5638762291041286,0.0
1970-01-03 23:56:00,0.37928042321282324,-0.0682912468585308,0.5639127304117673,0.0
1970-01-03 23:57:00,0.37958732320693206,-0.0688761526412412,0.563780156489497,0.0
1970-01-03 23:58:00,0.3867362442206059,-0.0601559085730402,0.5684804001447664,0.0
1970-01-03 23:59:00,0.38690224261908,-0.0618209247810391,0.5681595455041092,0.0
