timestamp,x,y,z,enmo
1970-01-01 00:00:00,0.0,0.0,0.0,0.0
1970-01-01 00:01:00,0.0,0.0,0.0,0.0
1970-01-01 00:02:00,0.0,0.0,0.0,0.0
1970-01-01 00:03:00,0.0,0.0,0.0,0.0
1970-01-01 00:04:00,0.0,0.0,0.0,0.0
1970-01-01 00:05:00,0.0,0.0,0.0,0.0
1970-01-01 00:06:00,0.0,0.0,0.0,0.0
1970-01-01 00:07:00,0.0,0.0,0.0,0.0
1970-01-01 00:08:00,0.0,0.0,0.0,0.0
1970-01-01 00:09:00,0.0,0.0,0.0,0.0
1970-01-01 00:10:00,0.0,0.0,0.0,0.0
1970-01-01 00:11:00,0.0,0.0,0.0,0.0
1970-01-01 00:12:00,0.0,0.0,0.0,0.0
1970-01-01 00:13:00,0.0,0.0,0.0,0.0
1970-01-01 00:14:00,0.0,0.0,0.0,0.0
1970-01-01 00:15:00,0.0,0.0,0.0,0.0
1970-01-01 00:16:00,0.0,0.0,0.0,0.0
1970-01-01 00:17:00,0.0,0.0,0.0,0.0
1970-01-01 00:18:00,0.0,0.0,0.0,0.0
1970-01-01 00:19:00,0.0,0.0,0.0,0.0
1970-01-01 00:20:00,0.0,0.0,0.0,0.0
1970-01-01 00:21:00,0.0,0.0,0.0,0.0
1970-01-01 00:22:00,0.0,0.0,0.0,0.0
1970-01-01 00:23:00,0.0,0.0,0.0,0.0
1970-01-01 00:24:00,0.0,0.0,0.0,0.0
1970-01-01 00:25:00,0.0,0.0,0.0,0.0
1970-01-01 00:26:00,0.0,0.0,0.0,0.0
1970-01-01 00:27:00,0.0,0.0,0.0,0.0
1970-01-01 00:28:00,0.0,0.0,0.0,0.0
1970-01-01 00:29:00,0.0,0.0,0.0,0.0
1970-01-01 00:30:00,0.0,0.0,0.0,0.0
1970-01-01 00:31:00,0.0,0.0,0.0,0.0
1970-01-01 00:32:00,0.0,0.0,0.0,0.0
1970-01-01 00:33:00,0.0,0.0,0.0,0.0
1970-01-01 00:34:00,0.0,0.0,0.0,0.0
1970-01-01 00:35:00,0.0,0.0,0.0,0.0
1970-01-01 00:36:00,0.0,0.0,0.0,0.0
1970-01-01 00:37:00,0.0,0.0,0.0,0.0
1970-01-01 00:38:00,0.0,0.0,0.0,0.0
1970-01-01 00:39:00,0.0,0.0,0.0,0.0
1970-01-01 00:40:00,0.0,0.0,0.0,0.0
1970-01-01 00:41:00,0.0,0.0,0.0,0.0
1970-01-01 00:42:00,0.0,0.0,0.0,0.0
1970-01-01 00:43:00,0.0,0.0,0.0,0.0
1970-01-01 00:44:00,0.0,0.0,0.0,0.0
1970-01-01 00:45:00,0.0,0.0,0.0,0.0
1970-01-01 00:46:00,0.0,0.0,0.0,0.0
1970-01-01 00:47:00,0.0,0.0,0.0,0.0
1970-01-01 00:48:00,0.0,0.0,0.0,0.0
1970-01-01 00:49:00,0.0,0.0,0.0,0.0
1970-01-01 00:50:00,0.0,0.0,0.0,0.0
1970-01-01 00:51:00,0.0,0.0,0.0,0.0
1970-01-01 00:52:00,0.0,0.0,0.0,0.0
1970-01-01 00:53:00,0.0,0.0,0.0,0.0
1970-01-01 00:54:00,0.0,0.0,0.0,0.0
1970-01-01 00:55:00,0.0,0.0,0.0,0.0
1970-01-01 00:56:00,0.0,0.0,0.0,0.0
1970-01-01 00:57:00,0.0,0.0,0.0,0.0
1970-01-01 00:58:00,0.0,0.0,0.0,0.0
1970-01-01 00:59:00,0.0,0.0,0.0,0.0
1970-01-01 01:00:00,0.0,0.0,0.0,0.0
1970-01-01 01:01:00,0.0,0.0,0.0,0.0
1970-01-01 01:02:00,0.0,0.0,0.0,0.0
1970-01-01 01:03:00,0.0,0.0,0.0,0.0
1970-01-01 01:04:00,0.0,0.0,0.0,0.0
1970-01-01 01:05:00,0.0,0.0,0.0,0.0
1970-01-01 01:06:00,0.0,0.0,0.0,0.0
1970-01-01 01:07:00,0.0,0.0,0.0,0.0
1970-01-01 01:08:00,0.0,0.0,0.0,0.0
1970-01-01 01:09:00,0.0,0.0,0.0,0.0
1970-01-01 01:10:00,0.0,0.0,0.0,0.0
1970-01-01 01:11:00,0.0,0.0,0.0,0.0
1970-01-01 01:12:00,0.0,0.0,0.0,0.0
1970-01-01 01:13:00,0.0,0.0,0.0,0.0
1970-01-01 01:14:00,0.0,0.0,0.0,0.0
1970-01-01 01:15:00,0.0,0.0,0.0,0.0
1970-01-01 01:16:00,0.0,0.0,0.0,0.0
1970-01-01 01:17:00,0.0,0.0,0.0,0.0
1970-01-01 01:18:00,0.0,0.0,0.0,0.0
1970-01-01 01:19:00,0.0,0.0,0.0,0.0
1970-01-01 01:20:00,0.0,0.0,0.0,0.0
1970-01-01 01:21:00,0.0,0.0,0.0,0.0
1970-01-01 01:22:00,0.0,0.0,0.0,0.0
1970-01-01 01:23:00,0.0,0.0,0.0,0.0
1970-01-01 01:24:00,0.0,0.0,0.0,0.0
1970-01-01 01:25:00,0.0,0.0,0.0,0.0
1970-01-01 01:26:00,0.0,0.0,0.0,0.0
1970-01-01 01:27:00,0.0,0.0,0.0,0.0
1970-01-01 01:28:00,0.0,0.0,0.0,0.0
1970-01-01 01:29:00,0.0,0.0,0.0,0.0
1970-01-01 01:30:00,0.0,0.0,0.0,0.0
1970-01-01 01:31:00,0.0,0.0,0.0,0.0
1970-01-01 01:32:00,0.0,0.0,0.0,0.0
1970-01-01 01:33:00,0.0,0.0,0.0,0.0
1970-01-01 01:34:00,0.0,0.0,0.0,0.0
1970-01-01 01:35:00,0.0,0.0,0.0,0.0
1970-01-01 01:36:00,0.0,0.0,0.0,0.0
1970-01-01 01:37:00,0.0,0.0,0.0,0.0
1970-01-01 01:38:00,0.0,0.0,0.0,0.0
1970-01-01 01:39:00,0.0,0.0,0.0,0.0
1970-01-01 01:40:00,0.0,0.0,0.0,0.0
1970-01-01 01:41:00,0.0,0.0,0.0,0.0
1970-01-01 01:42:00,0.0,0.0,0.0,0.0
1970-01-01 01:43:00,0.0,0.0,0.0,0.0
1970-01-01 01:44:00,0.0,0.0,0.0,0.0
1970-01-01 01:45:00,0.0,0.0,0.0,0.0
1970-01-01 01:46:00,0.0,0.0,0.0,0.0
1970-01-01 01:47:00,0.0,0.0,0.0,0.0
1970-01-01 01:48:00,0.0,0.0,0.0,0.0
1970-01-01 01:49:00,0.0,0.0,0.0,0.0
1970-01-01 01:50:00,0.0,0.0,0.0,0.0
1970-01-01 01:51:00,0.0,0.0,0.0,0.0
1970-01-01 01:52:00,0.0,0.0,0.0,0.0
1970-01-01 01:53:00,0.0,0.0,0.0,0.0
1970-01-01 01:54:00,0.0,0.0,0.0,0.0
1970-01-01 01:55:00,0.0,0.0,0.0,0.0
1970-01-01 01:56:00,0.0,0.0,0.0,0.0
1970-01-01 01:57:00,0.0,0.0,0.0,0.0
1970-01-01 01:58:00,0.0,0.0,0.0,0.0
1970-01-01 01:59:00,0.0,0.0,0.0,0.0
1970-01-01 02:00:00,0.0,0.0,0.0,0.0
1970-01-01 02:01:00,0.0,0.0,0.0,0.0
1970-01-01 02:02:00,0.0,0.0,0.0,0.0
1970-01-01 02:03:00,0.0,0.0,0.0,0.0
1970-01-01 02:04:00,0.0,0.0,0.0,0.0
1970-01-01 02:05:00,0.0,0.0,0.0,0.0
1970-01-01 02:06:00,0.0,0.0,0.0,0.0
1970-01-01 02:07:00,0.0,0.0,0.0,0.0
1970-01-01 02:08:00,0.0,0.0,0.0,0.0
1970-01-01 02:09:00,0.0,0.0,0.0,0.0
1970-01-01 02:10:00,0.0,0.0,0.0,0.0
1970-01-01 02:11:00,0.0,0.0,0.0,0.0
1970-01-01 02:12:00,0.0,0.0,0.0,0.0
1970-01-01 02:13:00,0.0,0.0,0.0,0.0
1970-01-01 02:14:00,0.0,0.0,0.0,0.0
1970-01-01 02:15:00,0.0,0.0,0.0,0.0
1970-01-01 02:16:00,0.0,0.0,0.0,0.0
1970-01-01 02:17:00,0.0,0.0,0.0,0.0
1970-01-01 02:18:00,0.0,0.0,0.0,0.0
1970-01-01 02:19:00,0.0,0.0,0.0,0.0
1970-01-01 02:20:00,0.0,0.0,0.0,0.0
1970-01-01 02:21:00,0.0,0.0,0.0,0.0
1970-01-01 02:22:00,0.0,0.0,0.0,0.0
1970-01-01 02:23:00,0.0,0.0,0.0,0.0
1970-01-01 02:24:00,0.0,0.0,0.0,0.0
1970-01-01 02:25:00,0.0,0.0,0.0,0.0
1970-01-01 02:26:00,0.0,0.0,0.0,0.0
1970-01-01 02:27:00,0.0,0.0,0.0,0.0
1970-01-01 02:28:00,0.0,0.0,0.0,0.0
1970-01-01 02:29:00,0.0,0.0,0.0,0.0
1970-01-01 02:30:00,0.0,0.0,0.0,0.0
1970-01-01 02:31:00,0.0,0.0,0.0,0.0
1970-01-01 02:32:00,0.0,0.0,0.0,0.0
1970-01-01 02:33:00,0.0,0.0,0.0,0.0
1970-01-01 02:34:00,0.0,0.0,0.0,0.0
1970-01-01 02:35:00,0.0,0.0,0.0,0.0
1970-01-01 02:36:00,0.0,0.0,0.0,0.0
1970-01-01 02:37:00,0.0,0.0,0.0,0.0
1970-01-01 02:38:00,0.0,0.0,0.0,0.0
1970-01-01 02:39:00,0.0,0.0,0.0,0.0
1970-01-01 02:40:00,0.0,0.0,0.0,0.0
1970-01-01 02:41:00,0.0,0.0,0.0,0.0
1970-01-01 02:42:00,0.0,0.0,0.0,0.0
1970-01-01 02:43:00,0.0,0.0,0.0,0.0
1970-01-01 02:44:00,0.0,0.0,0.0,0.0
1970-01-01 02:45:00,0.0,0.0,0.0,0.0
1970-01-01 02:46:00,0.0,0.0,0.0,0.0
1970-01-01 02:47:00,0.0,0.0,0.0,0.0
1970-01-01 02:48:00,0.0,0.0,0.0,0.0
1970-01-01 02:49:00,0.0,0.0,0.0,0.0
1970-01-01 02:50:00,0.0,0.0,0.0,0.0
1970-01-01 02:51:00,0.0,0.0,0.0,0.0
1970-01-01 02:52:00,0.0,0.0,0.0,0.0
1970-01-01 02:53:00,0.0,0.0,0.0,0.0
1970-01-01 02:54:00,0.0,0.0,0.0,0.0
1970-01-01 02:55:00,0.0,0.0,0.0,0.0
1970-01-01 02:56:00,0.0,0.0,0.0,0.0
1970-01-01 02:57:00,0.0,0.0,0.0,0.0
1970-01-01 02:58:00,0.0,0.0,0.0,0.0
1970-01-01 02:59:00,0.0,0.0,0.0,0.0
1970-01-01 03:00:00,0.0,0.0,0.0,0.0
1970-01-01 03:01:00,0.0,0.0,0.0,0.0
1970-01-01 03:02:00,0.0,0.0,0.0,0.0
1970-01-01 03:03:00,0.0,0.0,0.0,0.0
1970-01-01 03:04:00,0.0,0.0,0.0,0.0
1970-01-01 03:05:00,0.0,0.0,0.0,0.0
1970-01-01 03:06:00,0.0,0.0,0.0,0.0
1970-01-01 03:07:00,0.0,0.0,0.0,0.0
1970-01-01 03:08:00,0.0,0.0,0.0,0.0
1970-01-01 03:09:00,0.0,0.0,0.0,0.0
1970-01-01 03:10:00,0.0,0.0,0.0,0.0
1970-01-01 03:11:00,0.0,0.0,0.0,0.0
1970-01-01 03:12:00,0.0,0.0,0.0,0.0
1970-01-01 03:13:00,0.0,0.0,0.0,0.0
1970-01-01 03:14:00,0.0,0.0,0.0,0.0
1970-01-01 03:15:00,0.0,0.0,0.0,0.0
1970-01-01 03:16:00,0.0,0.0,0.0,0.0
1970-01-01 03:17:00,0.0,0.0,0.0,0.0
1970-01-01 03:18:00,0.0,0.0,0.0,0.0
1970-01-01 03:19:00,0.0,0.0,0.0,0.0
1970-01-01 03:20:00,0.0,0.0,0.0,0.0
1970-01-01 03:21:00,0.0,0.0,0.0,0.0
1970-01-01 03:22:00,0.0,0.0,0.0,0.0
1970-01-01 03:23:00,0.0,0.0,0.0,0.0
1970-01-01 03:24:00,0.0,0.0,0.0,0.0
1970-01-01 03:25:00,0.0,0.0,0.0,0.0
1970-01-01 03:26:00,0.0,0.0,0.0,0.0
1970-01-01 03:27:00,0.0,0.0,0.0,0.0
1970-01-01 03:28:00,0.0,0.0,0.0,0.0
1970-01-01 03:29:00,0.0,0.0,0.0,0.0
1970-01-01 03:30:00,0.0,0.0,0.0,0.0
1970-01-01 03:31:00,0.0,0.0,0.0,0.0
1970-01-01 03:32:00,0.0,0.0,0.0,0.0
1970-01-01 03:33:00,0.0,0.0,0.0,0.0
1970-01-01 03:34:00,0.0,0.0,0.0,0.0
1970-01-01 03:35:00,0.0,0.0,0.0,0.0
1970-01-01 03:36:00,0.0,0.0,0.0,0.0
1970-01-01 03:37:00,0.0,0.0,0.0,0.0
1970-01-01 03:38:00,0.0,0.0,0.0,0.0
1970-01-01 03:39:00,0.0,0.0,0.0,0.0
1970-01-01 03:40:00,0.0,0.0,0.0,0.0
1970-01-01 03:41:00,0.0,0.0,0.0,0.0
1970-01-01 03:42:00,0.0,0.0,0.0,0.0
1970-01-01 03:43:00,0.0,0.0,0.0,0.0
1970-01-01 03:44:00,0.0,0.0,0.0,0.0
1970-01-01 03:45:00,0.0,0.0,0.0,0.0
1970-01-01 03:46:00,0.0,0.0,0.0,0.0
1970-01-01 03:47:00,0.0,0.0,0.0,0.0
1970-01-01 03:48:00,0.0,0.0,0.0,0.0
1970-01-01 03:49:00,0.0,0.0,0.0,0.0
1970-01-01 03:50:00,0.0,0.0,0.0,0.0
1970-01-01 03:51:00,0.0,0.0,0.0,0.0
1970-01-01 03:52:00,0.0,0.0,0.0,0.0
1970-01-01 03:53:00,0.0,0.0,0.0,0.0
1970-01-01 03:54:00,0.0,0.0,0.0,0.0
1970-01-01 03:55:00,0.0,0.0,0.0,0.0
1970-01-01 03:56:00,0.0,0.0,0.0,0.0
1970-01-01 03:57:00,0.0,0.0,0.0,0.0
1970-01-01 03:58:00,0.0,0.0,0.0,0.0
1970-01-01 03:59:00,0.0,0.0,0.0,0.0
1970-01-01 04:00:00,0.0,0.0,0.0,0.0
1970-01-01 04:01:00,0.0,0.0,0.0,0.0
1970-01-01 04:02:00,0.0,0.0,0.0,0.0
1970-01-01 04:03:00,0.0,0.0,0.0,0.0
1970-01-01 04:04:00,0.0,0.0,0.0,0.0
1970-01-01 04:05:00,0.0,0.0,0.0,0.0
1970-01-01 04:06:00,0.0,0.0,0.0,0.0
1970-01-01 04:07:00,0.0,0.0,0.0,0.0
1970-01-01 04:08:00,0.0,0.0,0.0,0.0
1970-01-01 04:09:00,0.0,0.0,0.0,0.0
1970-01-01 04:10:00,0.0,0.0,0.0,0.0
1970-01-01 04:11:00,0.0,0.0,0.0,0.0
1970-01-01 04:12:00,0.0,0.0,0.0,0.0
1970-01-01 04:13:00,0.0,0.0,0.0,0.0
1970-01-01 04:14:00,0.0,0.0,0.0,0.0
1970-01-01 04:15:00,0.0,0.0,0.0,0.0
1970-01-01 04:16:00,0.0,0.0,0.0,0.0
1970-01-01 04:17:00,0.0,0.0,0.0,0.0
1970-01-01 04:18:00,0.0,0.0,0.0,0.0
1970-01-01 04:19:00,0.0,0.0,0.0,0.0
1970-01-01 04:20:00,0.0,0.0,0.0,0.0
1970-01-01 04:21:00,0.0,0.0,0.0,0.0
1970-01-01 04:22:00,0.0,0.0,0.0,0.0
1970-01-01 04:23:00,0.0,0.0,0.0,0.0
1970-01-01 04:24:00,0.0,0.0,0.0,0.0
1970-01-01 04:25:00,0.0,0.0,0.0,0.0
1970-01-01 04:26:00,0.0,0.0,0.0,0.0
1970-01-01 04:27:00,0.0,0.0,0.0,0.0
1970-01-01 04:28:00,0.0,0.0,0.0,0.0
1970-01-01 04:29:00,0.0,0.0,0.0,0.0
1970-01-01 04:30:00,0.0,0.0,0.0,0.0
1970-01-01 04:31:00,0.0,0.0,0.0,0.0
1970-01-01 04:32:00,0.0,0.0,0.0,0.0
1970-01-01 04:33:00,0.0,0.0,0.0,0.0
1970-01-01 04:34:00,0.0,0.0,0.0,0.0
1970-01-01 04:35:00,0.0,0.0,0.0,0.0
1970-01-01 04:36:00,0.0,0.0,0.0,0.0
1970-01-01 04:37:00,0.0,0.0,0.0,0.0
1970-01-01 04:38:00,0.0,0.0,0.0,0.0
1970-01-01 04:39:00,0.0,0.0,0.0,0.0
1970-01-01 04:40:00,0.0,0.0,0.0,0.0
1970-01-01 04:41:00,0.0,0.0,0.0,0.0
1970-01-01 04:42:00,0.0,0.0,0.0,0.0
1970-01-01 04:43:00,0.0,0.0,0.0,0.0
1970-01-01 04:44:00,0.0,0.0,0.0,0.0
1970-01-01 04:45:00,0.0,0.0,0.0,0.0
1970-01-01 04:46:00,0.0,0.0,0.0,0.0
1970-01-01 04:47:00,0.0,0.0,0.0,0.0
1970-01-01 04:48:00,0.0,0.0,0.0,0.0
1970-01-01 04:49:00,0.0,0.0,0.0,0.0
1970-01-01 04:50:00,0.0,0.0,0.0,0.0
1970-01-01 04:51:00,0.0,0.0,0.0,0.0
1970-01-01 04:52:00,0.0,0.0,0.0,0.0
1970-01-01 04:53:00,0.0,0.0,0.0,0.0
1970-01-01 04:54:00,0.0,0.0,0.0,0.0
1970-01-01 04:55:00,0.0,0.0,0.0,0.0
1970-01-01 04:56:00,0.0,0.0,0.0,0.0
1970-01-01 04:57:00,0.0,0.0,0.0,0.0
1970-01-01 04:58:00,0.0,0.0,0.0,0.0
1970-01-01 04:59:00,0.0,0.0,0.0,0.0
1970-01-01 05:00:00,0.0,0.0,0.0,0.0
1970-01-01 05:01:00,0.0,0.0,0.0,0.0
1970-01-01 05:02:00,0.0,0.0,0.0,0.0
1970-01-01 05:03:00,0.0,0.0,0.0,0.0
1970-01-01 05:04:00,0.0,0.0,0.0,0.0
1970-01-01 05:05:00,0.0,0.0,0.0,0.0
1970-01-01 05:06:00,0.0,0.0,0.0,0.0
1970-01-01 05:07:00,0.0,0.0,0.0,0.0
1970-01-01 05:08:00,0.0,0.0,0.0,0.0
1970-01-01 05:09:00,0.0,0.0,0.0,0.0
1970-01-01 05:10:00,0.0,0.0,0.0,0.0
1970-01-01 05:11:00,0.0,0.0,0.0,0.0
1970-01-01 05:12:00,0.0,0.0,0.0,0.0
1970-01-01 05:13:00,0.0,0.0,0.0,0.0
1970-01-01 05:14:00,0.0,0.0,0.0,0.0
1970-01-01 05:15:00,0.0,0.0,0.0,0.0
1970-01-01 05:16:00,0.0,0.0,0.0,0.0
1970-01-01 05:17:00,0.0,0.0,0.0,0.0
1970-01-01 05:18:00,0.0,0.0,0.0,0.0
1970-01-01 05:19:00,0.0,0.0,0.0,0.0
1970-01-01 05:20:00,0.0,0.0,0.0,0.0
1970-01-01 05:21:00,0.0,0.0,0.0,0.0
1970-01-01 05:22:00,0.0,0.0,0.0,0.0
1970-01-01 05:23:00,0.0,0.0,0.0,0.0
1970-01-01 05:24:00,0.0,0.0,0.0,0.0
1970-01-01 05:25:00,0.0,0.0,0.0,0.0
1970-01-01 05:26:00,0.0,0.0,0.0,0.0
1970-01-01 05:27:00,0.0,0.0,0.0,0.0
1970-01-01 05:28:00,0.0,0.0,0.0,0.0
1970-01-01 05:29:00,0.0,0.0,0.0,0.0
1970-01-01 05:30:00,0.0,0.0,0.0,0.0
1970-01-01 05:31:00,0.0,0.0,0.0,0.0
1970-01-01 05:32:00,0.0,0.0,0.0,0.0
1970-01-01 05:33:00,0.0,0.0,0.0,0.0
1970-01-01 05:34:00,0.0,0.0,0.0,0.0
1970-01-01 05:35:00,0.0,0.0,0.0,0.0
1970-01-01 05:36:00,0.0,0.0,0.0,0.0
1970-01-01 05:37:00,0.0,0.0,0.0,0.0
1970-01-01 05:38:00,0.0,0.0,0.0,0.0
1970-01-01 05:39:00,0.0,0.0,0.0,0.0
1970-01-01 05:40:00,0.0,0.0,0.0,0.0
1970-01-01 05:41:00,0.0,0.0,0.0,0.0
1970-01-01 05:42:00,0.0,0.0,0.0,0.0
1970-01-01 05:43:00,0.0,0.0,0.0,0.0
1970-01-01 05:44:00,0.0,0.0,0.0,0.0
1970-01-01 05:45:00,-0.013192173588196467,-0.3441141262523019,0.012317245755615366,0.011253781738270132
1970-01-01 05:46:00,-0.013195815654804433,-0.3443670978165722,0.012559921543137233,0.011515299023783501
1970-01-01 05:47:00,-0.013208386358190933,-0.344720397270682,0.012926981210679965,0.0118821364936507
1970-01-01 05:48:00,-0.013230582132001234,-0.3451782638026524,0.013424819048970034,0.012359171462276433
1970-01-01 05:49:00,-0.013263007051776235,-0.3457435937448132,0.014058264155745065,0.012950040166906533
1970-01-01 05:50:00,-0.013306152799804634,-0.34641774899346234,0.014830332848276099,0.013656939285972067
1970-01-01 05:51:00,-0.013360378366647168,-0.34720037020654365,0.0157419845015077,0.014480419784203198
1970-01-01 05:52:00,-0.013425889785895801,-0.3480891981755195,0.016791884973904034,0.0154191746203671
1970-01-01 05:53:00,-0.0135027202255327,-0.3490799069523534,0.017976182052125134,0.016469822759523967
1970-01-01 05:54:00,-0.013590710783031167,-0.35016595245425397,0.019288297566467435,0.01762669302407883
1970-01-01 05:55:00,-0.0136894923515794,-0.3513384403612681,0.020718740992712665,0.018881612551499068
1970-01-01 05:56:00,-0.013798468940922399,-0.35258601715872206,0.022254949453979798,0.020223705934962734
1970-01-01 05:57:00,-0.013916802847628034,-0.3538947881517051,0.0238811590601168,0.021639212422665335
1970-01-01 05:58:00,-0.014043402075375466,-0.35524826618646316,0.025578312464253433,0.023111329747568837
1970-01-01 05:59:00,-0.014176910405458834,-0.35662735464843004,0.027324007369038467,0.0246200941553342
1970-01-01 06:00:00,-0.014315700510475699,-0.3580103680640016,0.029092490472319463,0.026142306904373868
1970-01-01 06:01:00,-0.0144578704895746,-0.35937309330925055,0.030854700998167867,0.02765151785496647
1970-01-01 06:02:00,0.008078191057161467,-0.0341053985450445,0.08878413202119322,0.029118076694764933
1970-01-01 06:03:00,0.007925606185859467,-0.035542779216969765,0.09060761048051157,0.030509261845238934
1970-01-01 06:04:00,0.0077747789310452,-0.03694244939997297,0.09232415690682445,0.03178949616716
1970-01-01 06:05:00,0.007628626942594935,-0.038274075082980606,0.09389056754920848,0.03292065727082707
1970-01-01 06:06:00,0.007490330543345666,-0.039504839853991926,0.09526110797815963,0.0338624885991173
1970-01-01 06:07:00,0.007363313360222566,-0.0405996630954392,0.0963879245690041,0.03457311556532757
1970-01-01 06:08:00,0.007251217740597701,-0.041521469146719725,0.09722152218729944,0.035009668976791496
1970-01-01 06:09:00,0.022560183495009965,0.32369873251387626,0.057433133375734864,0.0
1970-01-01 06:10:00,0.007087269852602968,-0.04268972221754216,0.09780618342954762,0.034888595502862
1970-01-01 06:11:00,0.007043501203057766,-0.04285517132075926,0.09745522295660763,0.034247356956624
1970-01-01 06:12:00,0.007030736111633601,-0.04268648889490256,0.0966083609028241,0.0331667911275021
1970-01-01 06:13:00,0.007053160683856298,-0.042142390374840834,0.09521715104335626,0.03161204994308953
1970-01-01 06:14:00,0.007114926278989998,-0.04118221340272399,0.09323554629409764,0.029553142039420235
1970-01-01 06:15:00,0.007220092278016034,-0.03976648907881349,0.09062070235240856,0.02696619289459817
1970-01-01 06:16:00,0.007372565984812567,-0.0378575363644171,0.08733379119741057,0.0238347548726443
1970-01-01 06:17:00,0.0075760404447951695,-0.035420071496243155,0.08334081113919943,0.020151149834703768
1970-01-01 06:18:00,0.007833931074451834,-0.032421823308979913,0.07861337894290456,0.015917823246320965
1970-01-01 06:19:00,0.0081493120976417,-0.028834144491271047,0.07312948855673174,0.011148683528366433
1970-01-01 06:20:00,0.00852485387709847,-0.024632608050372262,0.06687422018480726,0.0058703930124845
1970-01-01 06:21:00,0.008962762309139434,-0.019797577665586947,0.059840382909941335,0.00012356628888436668
1970-01-01 06:22:00,0.009464721512827234,-0.014314740204991535,0.05202907383429297,0.0
1970-01-01 06:23:00,0.010031841088216566,-0.008175588500935064,0.04345013681444976,0.0
1970-01-01 06:24:00,0.010664609238100765,-0.0013778425659347244,0.0341225043694257,0.0
1970-01-01 06:25:00,0.011362853040048635,0.006074202178331804,0.0240744072837264,0.0
1970-01-01 06:26:00,0.012125707116446798,0.01416941034971475,0.013343437861055499,0.0
1970-01-01 06:27:00,0.012951591875431703,0.022889635299624105,0.001976454754845471,0.0
1970-01-01 06:28:00,0.013838202380637201,0.03220964906919569,-0.009970680144110206,0.0
1970-01-01 06:29:00,0.014782508748511133,0.04209717960515047,-0.02243353910027183,0.0
1970-01-01 06:30:00,0.015780768764879667,0.05251305870588981,-0.035339742690217606,0.0
1970-01-01 06:31:00,0.01682855315397043,0.06341148109535173,-0.04860974864369103,0.0
1970-01-01 06:32:00,0.0179207836197034,0.07474037136615601,-0.06215780797789457,0.0
1970-01-01 06:33:00,0.019051783406940536,0.08644185125911057,-0.0758930749444857,0.0
1970-01-01 06:34:00,0.020215339694713532,0.09845279485282143,-0.08972085043021087,0.0
1970-01-01 06:35:00,0.02140477663029967,0.11070545396783382,-0.10354393094921577,0.0
1970-01-01 06:36:00,0.022613037262595833,0.12312813136260588,-0.11726402802813836,0.0
1970-01-01 06:37:00,0.023832772116896165,0.13564587676720788,-0.1307832173978439,0.0
1970-01-01 06:38:00,0.025056431788176802,0.14818118177732897,-0.14400537601096033,0.0
1970-01-01 06:39:00,0.026276360767859098,0.16065465370167809,-0.15683756810030502,0.0020505635987461334
1970-01-01 06:40:00,0.027484889714141102,0.17298565370452845,-0.1691913477967014,0.005124766401054433
1970-01-01 06:41:00,0.028674423486074064,0.18509288923271594,-0.18098395300816428,0.008341966367698
1970-01-01 06:42:00,0.029837522516488264,0.19689495402937052,-0.19213937184013688,0.011659511699818
1970-01-01 06:43:00,0.030966975540043365,0.20831081115150418,-0.20258926831436094,0.0150282608098826
1970-01-01 06:44:00,0.032055862285091365,0.21926021624898748,-0.21227375869820167,0.018392718399763832
1970-01-01 06:45:00,0.03309760535765793,0.22966408131919033,-0.22114203389165513,0.0216912826647768
1970-01-01 06:46:00,0.03408601105898943,0.23944478390064075,-0.22915282738561546,0.024856607037993566
1970-01-01 06:47:00,0.0350152992559949,0.24852643237837588,-0.23627473218518488,0.02781607851636103
1970-01-01 06:48:00,0.03588012276637237,0.2568351030560279,-0.24248637337480128,0.0304924132692108
1970-01-01 06:49:00,0.0366755771399446,0.2642990675990366,-0.24777644536065369,0.0328043689055739
1970-01-01 06:50:00,0.0373972022179928,0.2708490300628639,-0.25214362424020087,0.03466757145196694
1970-01-01 06:51:00,0.038040977333706295,0.2764183914327024,-0.2555963664258492,0.035995453756788136
1970-01-01 06:52:00,0.03860331236286724,0.28094355701806983,-0.2581526047651028,0.0367003006971463
1970-01-01 06:53:00,0.03908103696343294,0.2843642986644647,-0.2598393530272945,0.0366943952491069
1970-01-01 06:54:00,0.03947139021730057,0.28662418006301355,-0.2606922289105746,0.03589125825511436
1970-01-01 06:55:00,0.03977201250391984,0.28767104996791226,-0.26075490490895775,0.034206973685677496
1970-01-01 06:56:00,0.03998094083454057,0.2874576051126869,-0.2600784956008617,0.0321752638429327
1970-01-01 06:57:00,0.040096608187543764,0.2859420217008866,-0.25872088902174223,0.029305741083340702
1970-01-01 06:58:00,0.04011784680726697,0.2830886508407143,-0.25674602852084055,0.02490553338197257
1970-01-01 06:59:00,0.040043895079757,0.2788687690197932,-0.25422314999099765,0.018943712150022766
1970-01-01 07:00:00,0.04806013381173704,0.3073700435106475,-0.17033521745691327,0.011402713091283668
1970-01-01 07:01:00,0.0477951929609059,0.3003626564769773,-0.16694112387680393,0.0022791575497191335
1970-01-01 07:02:00,0.047435323791876066,0.29195216557194276,-0.1632302504975439,0.0
1970-01-01 07:03:00,0.046981508006583066,0.28214561482808725,-0.15928460101408476,0.0
1970-01-01 07:04:00,0.0464351987377829,0.2709609693727864,-0.15518710492785712,0.0
1970-01-01 07:05:00,0.04579833424680646,0.25842780874642385,-0.1510206586709383,0.0
1970-01-01 07:06:00,0.04507334976032099,0.24458792423328665,-0.14686714910449725,0.0
1970-01-01 07:07:00,0.044263186360713226,0.229495791085589,-0.14280646518534348,0.0
1970-01-01 07:08:00,0.0433712956723597,0.21321888614390358,-0.13891550450998585,0.0
1970-01-01 07:09:00,0.04240163893275037,0.19583782226430446,-0.13526718296377344,0.0
1970-01-01 07:10:00,0.041358678976161134,0.17744627298435298,-0.13192945773611187,0.0
1970-01-01 07:11:00,0.040247363732854834,0.15815066382116796,-0.12896437634674066,0.0
1970-01-01 07:12:00,0.039073100035726595,0.13806961064343468,-0.12642716701411227,0.0
1970-01-01 07:13:00,0.03784171681623083,0.11733309091249956,-0.12436538867346553,0.0
1970-01-01 07:14:00,0.0365594172916505,0.0960813402972497,-0.12281816215197539,0.0
1970-01-01 07:15:00,0.035232720659779136,0.0744634752337343,-0.12181550735612662,0.0
1970-01-01 07:16:00,0.0338683949756839,0.05263585139930307,-0.12137781469799751,0.0
1970-01-01 07:17:00,0.0324733837971124,0.030760178448819935,-0.12151548175727778,0.0
1970-01-01 07:18:00,0.031054729508806365,0.00900142182439217,-0.12222874666140728,0.0
1970-01-01 07:19:00,0.029619496132565832,-0.012474468082083467,-0.1235077456260606,0.0
1970-01-01 07:20:00,0.028174694294792534,-0.03350295118997623,-0.1253328124945855,0.0
1970-01-01 07:21:00,0.026727211005777865,-0.05392336228841813,-0.1276750240988732,0.0
1970-01-01 07:22:00,0.025283746789942666,-0.07358138289113697,-0.1304969791197592,0.0
1970-01-01 07:23:00,0.0238507621927849,-0.09233145151198983,-0.1337537821266974,0.0
1970-01-01 07:24:00,0.0224344347319989,-0.11003903887552592,-0.1373941911977453,0.0
1970-01-01 07:25:00,0.0210406262378897,-0.12658271569213692,-0.141361879745343,0.0
1970-01-01 07:26:00,0.019674859598257467,-0.14185594900801515,-0.14559676208465147,0.0
1970-01-01 07:27:00,0.018342303353368266,-0.155768577009361,-0.1500363363248839,0.0
1970-01-01 07:28:00,0.017047762358784867,-0.16824792833169722,-0.1546170045322466,0.0
1970-01-01 07:29:00,0.015795672768704232,-0.17923956813942798,-0.15927533685172582,0.0
1970-01-01 07:30:00,0.014590099790556801,-0.18870766859805832,-0.16394925267403646,0.0
1970-01-01 07:31:00,0.013434736917636534,-0.1966350155505808,-0.1685790978279177,0.0
1970-01-01 07:32:00,0.012332905607324066,-0.20302267577652047,-0.173108602155124,0.0
1970-01-01 07:33:00,0.0112875546379338,-0.2078893593095014,-0.17748570675605171,0.0042679239151752
1970-01-01 07:34:00,0.010301258618428333,-0.21127051797399787,-0.18166325467607936,0.014739096436102333
1970-01-01 07:35:00,0.0093762152763802,-0.21321722418325964,-0.1855995426924604,0.023925774718114967
1970-01-01 07:36:00,0.0085142412164125,-0.2137948736967654,-0.18925873504526977,0.03184435483435897
1970-01-01 07:37:00,0.007716765934075266,-0.2130817537007018,-0.19261114250350095,0.038525227056353833
1970-01-01 07:38:00,0.006984824091243666,-0.21116751440515888,-0.19563337225644428,0.04401112927185457
1970-01-01 07:39:00,-0.05971227897854953,0.07624722217820312,-0.3307981342497745,0.0483555557952495
1970-01-01 07:40:00,-0.060288786297167,0.08004548968879566,-0.33296093551966993,0.0516212052547634
1970-01-01 07:41:00,-0.06079296696481043,0.08467036349036916,-0.33471814898848756,0.053878463106031234
1970-01-01 07:42:00,-0.06122532289126653,0.0900018509009987,-0.33606976640289293,0.055203921498847335
1970-01-01 07:43:00,-0.06158687587754239,0.09591738480384142,-0.3370218210227711,0.055678943335329
1970-01-01 07:44:00,-0.061879171160398434,0.10229338981060443,-0.3375860327493679,0.05538827944437153
1970-01-01 07:45:00,-0.06210427172869729,0.1090067572707234,-0.3377793954502905,0.054418748543987365
1970-01-01 07:46:00,-0.06226474233991757,0.11593621410959691,-0.3376237176845065,0.052857989531853396
1970-01-01 07:47:00,-0.06236362294052874,0.12296357407323429,-0.33714512755691367,0.05079329495404653
1970-01-01 07:48:00,-0.06240439196481257,0.12997486328177552,-0.33637355184537415,0.048310533476286034
1970-01-01 07:49:00,-0.062390920628970135,0.13686131498608636,-0.3353421788884455,0.04549316797816937
1970-01-01 07:50:00,-0.06232741975603833,0.14352023105250522,-0.3340869140255118,0.0424213746164051
1970-01-01 07:51:00,-0.06221838083271963,0.1498557100350276,-0.332645835599167,0.03968136640534187
1970-01-01 07:52:00,-0.0620685129725913,0.15577924388560552,-0.33105865855626493,0.037603152990317336
1970-01-01 07:53:00,-0.0618826773554872,0.1612101875121441,-0.32936621145646733,0.03524976359855946
1970-01-01 07:54:00,-0.06166582062110016,0.1660761074647128,-0.3276099312904836,0.032658925799423165
1970-01-01 07:55:00,-0.06142290866212521,0.17031301783536726,-0.32583137909782,0.029864136542248034
1970-01-01 07:56:00,-0.06115886230925577,0.17386551286014576,-0.32407177809283144,0.02689477681134717
1970-01-01 07:57:00,-0.060878496514621995,0.17668680670947268,-0.3223715748809444,0.02377635787697077
1970-01-01 07:58:00,-0.06058646474364423,0.1787386915602148,-0.3207700233437455,0.020530897807372498
1970-01-01 07:59:00,-0.060287210222987435,0.1799914251277673,-0.3193047899252188,0.0171774239755801
1970-01-01 08:00:00,-0.05998492531792977,0.18042355822584466,-0.318011578468217,0.013732593592485067
1970-01-01 08:01:00,0.005061331306148334,-0.09325070741744564,-0.1934231167379492,0.010211419905249866
1970-01-01 08:02:00,0.005348127711585,-0.09443737218688586,-0.1926576874549024,0.0078904568584752
1970-01-01 08:03:00,-0.059097439743919004,0.17670128123614318,-0.3154842699537723,0.006370284926962667
1970-01-01 08:04:00,-0.05881900180416493,0.17379371790703932,-0.3151847265234644,0.005132498161745367
1970-01-01 08:05:00,-0.05855390614988747,0.17007351900403345,-0.31519427561599567,0.004173030845193167
1970-01-01 08:06:00,-0.05830444835008103,0.16556299827469556,-0.3155298285768074,0.0034837968364136336
1970-01-01 08:07:00,-0.0580726028729896,0.16029046994017104,-0.31620411698971845,0.003053174717506567
1970-01-01 08:08:00,-0.057860030671606104,0.15428980842013207,-0.31722542883997185,0.0028664970061142666
1970-01-01 08:09:00,-0.0576680857714389,0.14759998136744468,-0.31859736126778876,0.0029065344174050664
1970-01-01 08:10:00,-0.0574978187153743,0.14026455327805554,-0.3203185933107383,0.0031539674557266
1970-01-01 08:11:00,-0.05734997507560403,0.1323311551500054,-0.32238268351846594,0.0035878390192306668
1970-01-01 08:12:00,-0.05722498781018313,0.1238509140829777,-0.3247778988989064,0.004185983118140467
1970-01-01 08:13:00,-0.057122962883224736,0.11487783572918116,-0.32748708309191804,0.004925426160280433
1970-01-01 08:14:00,-0.0570436581610122,0.10546813229093284,-0.3304875728097076,0.0057827584859215
1970-01-01 08:15:00,-0.05698645608863393,0.09567948947922893,-0.33375117226419393,0.0067344748986781005
1970-01-01 08:16:00,-0.0569503310454987,0.08557026785687179,-0.33724419524291777,0.0094623067394325
1970-01-01 08:17:00,-0.05693381258908963,0.07519863761623154,-0.34092758344458085,0.013298966329761333
1970-01-01 08:18:00,-0.05693494603612977,0.0646216510620276,-0.34475710764841655,0.017232707892073734
1970-01-01 08:19:00,-0.05695125200932657,0.05389426353109098,-0.34868365553744624,0.021199359482335266
1970-01-01 08:20:00,-0.05697968672923367,0.04306832077052203,-0.3526536068492241,0.025130200557578003
1970-01-01 08:21:00,-0.05701660503732723,0.032191538481460835,-0.3566092932966169,0.02895227993325007
1970-01-01 08:22:00,-0.05705772848727663,0.021306507045147843,-0.3604895378114131,0.03258882910209263
1970-01-01 08:23:00,-0.05709812131031677,0.010449760008402661,-0.36423026566061245,0.0359597808228633
1970-01-01 08:24:00,-0.0571321774467057,-0.00034905287478596375,-0.3677651791936017,0.03898240085173287
1970-01-01 08:25:00,-0.0571536218891874,-0.011067849250154064,-0.3710264881416185,0.04157203853336547
1970-01-01 08:26:00,-0.05715552920646253,-0.021692621462120254,-0.37394568776704035,0.0436429998158216
1970-01-01 08:27:00,-0.05713036140074187,-0.03221774298602753,-0.3764543770583719,0.04510954422169383
1970-01-01 08:28:00,-0.057070026381031036,-0.04264605888201082,-0.3784851084287835,0.04588700551414151
1970-01-01 08:29:00,-0.056965957455526406,-0.05298875425614983,-0.37997225938602003,0.04589303436493817
1970-01-01 08:30:00,-0.0504802327702358,0.32286471542166845,-0.28866320795316375,0.026175068399692702
1970-01-01 08:31:00,-0.05659059843931757,-0.07350140024809677,-0.3810677570001974,0.0432812708191907
1970-01-01 08:32:00,-0.0563007993968816,-0.08373120322475698,-0.380561929821013,0.04052320329095397
1970-01-01 08:33:00,-0.05593054000363113,-0.09399337578611326,-0.3792859047819372,0.036716453183882364
1970-01-01 08:34:00,-0.05547074816641707,-0.10433147716909826,-0.3771962995807028,0.031812998411825034
1970-01-01 08:35:00,-0.0549127346943959,-0.11479240521642198,-0.3742566609045716,0.025777051643716336
1970-01-01 08:36:00,-0.0542483796383163,-0.125425023238909,-0.37043819225748403,0.018587158776672268
1970-01-01 08:37:00,-0.05347032168898466,-0.13627869637506404,-0.36572041631148866,0.016802675434489933
1970-01-01 08:38:00,-0.052572144918546594,-0.1474017651200417,-0.3600917600667481,0.0160990773883233
1970-01-01 08:39:00,-0.051548556630388674,-0.15883998556337123,-0.3535500506236571,0.0153237173022793
1970-01-01 08:40:00,-0.05039555036698427,-0.17063496885118554,-0.34610290836472685,0.0144901414378764
1970-01-01 08:41:00,-0.0491105489890875,-0.18282265596040811,-0.33776802306451864,0.013613064026681667
1970-01-01 08:42:00,-0.0476925237886797,-0.19543186694721895,-0.3285732974253465,0.0127082464747304
1970-01-01 08:43:00,-0.04614208651429184,-0.20848296542015765,-0.31855684229294934,0.011792367967715866
1970-01-01 08:44:00,-0.044461551830049025,-0.22198667845132972,-0.307766808689536,0.0108828870332406
1970-01-01 08:45:00,-0.0426549681343928,-0.23594310932859272,-0.29626104391079366,0.009997893309315867
1970-01-01 08:46:00,-0.0407281149736199,-0.250340975959227,-0.2841065620839938,0.009155948410671867
1970-01-01 08:47:00,-0.03868846568350127,-0.26515710221365724,-0.2713788234328689,0.008375914393328401
1970-01-01 08:48:00,-0.03654511458095997,-0.2803561835664448,-0.2581608207536203,0.007676767922559767
1970-01-01 08:49:00,-0.034308669118459596,-0.29589084178688146,-0.24454197620921078,0.0070773978926108325
1970-01-01 08:50:00,-0.0319911087667293,-0.3117019754335957,-0.2306168566871345,0.006596383983973167
1970-01-01 08:51:00,-0.0296056137001298,-0.3277194031284308,-0.2164837219476181,0.006251753542065999
1970-01-01 08:52:00,-0.02716636745385223,-0.34386278527040187,-0.20224292683599696,0.006060714292042333
1970-01-01 08:53:00,-0.0246883386705679,-0.3600427975558847,-0.18799520695522762,0.0060393608395286
1970-01-01 08:54:00,-0.0221870479464505,-0.3761625172029053,-0.17383988604981002,0.0062023537075936
1970-01-01 08:55:00,-0.019678326495634103,-0.39211897171319626,-0.1598730518686474,0.006562570866018033
1970-01-01 08:56:00,-0.0171780735186758,-0.4078047927101705,-0.14618575338229892,0.0071307333267917996
1970-01-01 08:57:00,-0.014702018519937,-0.42310991572640716,-0.1328622737230943,0.007915008373388066
1970-01-01 08:58:00,-0.012265493605095566,-0.4379232708488294,-0.11997852958492401,0.0089205962755397
1970-01-01 08:59:00,-0.009883219627370167,-0.4521344173997566,-0.10760064082889752,0.010149308782234034
1970-01-01 09:00:00,-0.007569109378615134,-0.46563508627663674,-0.09578370602478163,0.0115991501087688
1970-01-01 09:01:00,-0.005336090800772966,-0.4783206039840075,-0.08457081177669706,0.0132639133386764
1970-01-01 09:02:00,-0.003195953138343566,-0.4900911810491817,-0.07399229607476067,0.015132806944291298
1970-01-01 09:03:00,-0.0011592188195971662,-0.5008530539269304,-0.0640652786447229,0.017190127309136667
1970-01-01 09:04:00,0.0007649564944075329,-0.5105194740862297,-0.05479346452451662,0.019414993577213265
1970-01-01 09:05:00,0.002568853890356467,-0.5190115412802326,-0.046167220929654244,0.021781160792365768
1970-01-01 09:06:00,0.004246230329634333,-0.5262588806467774,-0.038163921783255596,0.024256926136985966
1970-01-01 09:07:00,0.005792327134950999,-0.5322001660150998,-0.030748549016974047,0.02680514122161813
1970-01-01 09:08:00,0.0072038492196240325,-0.5367834949426936,-0.02387453494990449,0.03551959546097863
1970-01-01 09:09:00,0.008478917707336234,-0.5399666242370715,-0.017484825933627667,0.04646464289980793
1970-01-01 09:10:00,0.009616999948291335,-0.5417170775710177,-0.011513144351576238,0.0562851423971476
1970-01-01 09:11:00,0.0106188221201447,-0.5420121391755323,-0.005885424216728839,0.0649448110694172
1970-01-01 09:12:00,0.011486270212173633,-0.540838749494703,-0.000521394806290538,0.07241959866298377
1970-01-01 09:13:00,0.012222285048491701,-0.5381933198322567,0.004663713735816112,0.07869584450071374
1970-01-01 09:14:00,0.0128307561714142,-0.5340814830951278,0.009757369847523123,0.08376864241637061
1970-01-01 09:15:00,0.013316418051207033,-0.5285177969191462,0.01484787355111053,0.08764038726761701
1970-01-01 09:16:00,0.013684750533696765,-0.5215254142160838,0.020022453051868765,0.09031949261443223
1970-01-01 09:17:00,0.013941884097511868,-0.5131357346194668,0.025365356147036583,0.09181928176638393
1970-01-01 09:18:00,0.014094509635314133,-0.5033880482777503,0.030955968389909747,0.0921570644163033
1970-01-01 09:19:00,0.014149792124140035,-0.49232918116962976,0.03686699031207198,0.09135341896585276
1970-01-01 09:20:00,0.014115287599338765,-0.48001314922671595,0.043162706006358575,0.08943170654170673
1970-01-01 09:21:00,0.013998863141532035,-0.46650082756907896,0.04989737500878477,0.08641784639328857
1970-01-01 09:22:00,0.01380861995424063,-0.45185964108752574,0.057113778710197904,0.08234038342793197
1970-01-01 09:23:00,0.013552819878576067,-0.43616328273285704,0.0648419514722705,0.07723087661324526
1970-01-01 09:24:00,0.013239815759824768,-0.41949146498244533,0.07309812518424522,0.07112463151570797
1970-01-01 09:25:00,0.012877985991611933,-0.401929707010235,0.08188391417595751,0.0640617911959546
1970-01-01 09:26:00,0.012475673433508534,-0.3835691547808768,0.09118576516867109,0.05608878699824474
1970-01-01 09:27:00,0.012041128785812866,-0.36450642380890175,0.1009746941202772,0.04726013428765866
1970-01-01 09:28:00,0.011582458404431567,-0.3448434450520101,0.11120632815982073,0.037640537431298804
1970-01-01 09:29:00,0.0111075764245292,-0.32468728468079816,0.12182126620088007,0.03350412580178296
1970-01-01 09:30:00,0.010624160888200765,-0.3041499011578362,0.1327457663460505,0.03133421629198516
1970-01-01 09:31:00,0.010139613325122133,-0.28334780108086516,0.1438927619482054,0.029065123599104098
1970-01-01 09:32:00,0.009661021014873768,-0.2624015594043222,0.15516320119478363,0.026686656043214834
1970-01-01 09:33:00,0.0091951211103659,-0.2414351785424866,0.16644769728700173,0.0241860630099156
1970-01-01 09:34:00,0.008748265952959534,-0.22057527247130881,0.17762846768240148,0.021549569810193434
1970-01-01 09:35:00,0.008326389150282668,-0.19995007486578578,0.18858153153329224,0.018763928514077634
1970-01-01 09:36:00,0.007934972230761533,-0.17968828363395595,0.19917912459205747,0.0158179451960086
1970-01-01 09:37:00,0.007579012000400565,-0.15991776698709184,0.20929228078254178,0.012703947481851966
1970-01-01 09:38:00,0.007262989217833867,-0.1407641672954553,0.21879351972426223,0.0094191585280207
1970-01-01 09:39:00,0.0069908398266074,-0.12234944744374814,0.22755957034754856,0.005966944158544734
1970-01-01 09:40:00,0.0067659305180830355,-0.10479042946394133,0.23547405368696717,0.0023578986831393
1970-01-01 09:41:00,0.006591040614195566,-0.08819737628788742,0.2424300450637835,0.0
1970-01-01 09:42:00,0.006468352040496866,-0.07267266448042667,0.24833243875711056,0.0
1970-01-01 09:43:00,0.0063994485176205,-0.05830958944652665,0.2531000466312416,0.0
1970-01-01 09:44:00,0.006385324185005501,-0.04519133554985517,0.25666737409015977,0.0
1970-01-01 09:45:00,0.0064264009578937,-0.03339013229060256,0.2589860300552315,0.0
1970-01-01 09:46:00,0.0065225532319655,-0.02296660510652025,0.26002574112729493,0.0
1970-01-01 09:47:00,0.006673138100602466,-0.013969317251957367,0.25977495325203154,0.0
1970-01-01 09:48:00,0.006877028944576899,-0.006434489420548168,0.25824101699416785,0.0
1970-01-01 09:49:00,0.0071326501496491316,-0.00038587730371057266,0.25544996474086934,0.0
1970-01-01 09:50:00,0.007438011033734233,0.004165215953467638,0.25144589918724786,0.0
1970-01-01 09:51:00,0.007790737951670034,0.007219815975367583,0.24629002159676638,0.0
1970-01-01 09:52:00,0.0081881047693721,0.008791063703910898,0.24005933534838944,0.0
1970-01-01 09:53:00,0.008627062987845033,0.008903929418149983,0.23284506546945305,0.0
1970-01-01 09:54:00,0.009104273414532267,0.00759486469411839,0.2247508384370084,0.0
1970-01-01 09:55:00,0.009616141420855701,0.004911395224971952,0.21589066846190322,0.0
1970-01-01 09:56:00,0.0101588576465793,0.0009116509599249775,0.20638679696189433,0.0
1970-01-01 09:57:00,0.010728445624696934,-0.004336173158724976,0.19636743187452024,0.0
1970-01-01 09:58:00,0.011320817215768032,-0.010754430932458795,0.18596443400156215,0.0
1970-01-01 09:59:00,0.011931835880332068,-0.018256712405574322,0.1753109991789986,0.0
1970-01-01 10:00:00,0.012557386673059001,-0.026748598201049783,0.1645393869492586,0.0
1970-01-01 10:01:00,0.013193450697563967,-0.03612847171928635,0.15377874700187885,0.0
1970-01-01 10:02:00,0.013836181066133964,-0.04628838377314718,0.14315309268238277,0.0
1970-01-01 10:03:00,0.014481977339956766,-0.05711497035232527,0.13277946605808238,0.0
1970-01-01 10:04:00,0.015127555749009335,-0.06849042881973784,0.12276633189659437,0.0
1970-01-01 10:05:00,0.015770012872625565,-0.08029355931088011,0.11321222930900476,0.0
1970-01-01 10:06:00,0.016406880747418334,-0.09240087703983872,0.10420470049169606,0.0
1970-01-01 10:07:00,0.017036171561735633,-0.10468779857480781,0.09581950650758952,0.0
1970-01-01 10:08:00,0.017656410208303535,-0.11702990153544847,0.0881201308953818,0.0042425392052461335
1970-01-01 10:09:00,0.018266652986331768,-0.1293042529870641,0.08115756362743598,0.008672022870066933
1970-01-01 10:10:00,0.018866490725214898,-0.141390797209387,0.07497035086089603,0.012935340043864601
1970-01-01 10:11:00,0.01945603471206593,-0.15317378811406365,0.06958489004464907,0.016994064009801465
1970-01-01 10:12:00,0.020035884222906766,-0.16454324454152605,0.0650159451758096,0.02081736623249787
1970-01-01 10:13:00,0.020607075228594732,-0.17539639755497305,0.0612673532077177,0.024381496494613533
1970-01-01 10:14:00,0.021171010848680966,-0.1856390886988778,0.058332889568231794,0.027669104073232833
1970-01-01 10:15:00,0.021729375133755502,-0.1951870696904563,0.05619725849680335,0.030668451136234065
1970-01-01 10:16:00,0.022284032535325,-0.20396715040304927,0.054837172978895864,0.03337256283399433
1970-01-01 10:17:00,0.022836915819837728,-0.2119181451743828,0.0542224898208008,0.035778352256298634
1970-01-01 10:18:00,0.02338990521886197,-0.21899157675700284,0.054317367461862366,0.037885752693257564
1970-01-01 10:19:00,0.0239447014867217,-0.22515211005419866,0.05508141667256564,0.03969688450261777
1970-01-01 10:20:00,0.024502695503955035,-0.23037770150698464,0.05647081689778769,0.041215279285508936
1970-01-01 10:21:00,0.025064837207486635,-0.23465946310697353,0.058439373701084284,0.04244517991900137
1970-01-01 10:22:00,0.025631506871940466,-0.23800125204584202,0.060939495731766345,0.043390931193979736
1970-01-01 10:23:00,0.0262023920115964,-0.24041900784380663,0.06392307299877482,0.044056472278297
1970-01-01 10:24:00,0.02677637335175213,-0.24193986822636251,0.06734224198629817,0.044444938901314096
1970-01-01 10:25:00,0.027351423354931365,-0.24260110257943387,0.07115002717609224,0.0445583799865663
1970-01-01 10:26:00,0.02792452060234657,-0.24244890648844286,0.07530085275081504,0.044397590408900234
1970-01-01 10:27:00,0.0284915829236834,-0.2415371015674992,0.07975092255348626,0.0439620585975271
1970-01-01 10:28:00,0.029047421645048633,-0.23992578170003961,0.08445847055453914,0.043250024833468036
1970-01-01 10:29:00,0.02958571882828227,-0.23767994173790563,0.08938388776675277,0.042258643293501263
1970-01-01 10:30:00,0.0300990290146121,-0.23486811968669574,0.09448973447141513,0.042856440938713165
1970-01-01 10:31:00,0.03057880681140347,-0.23156107942426127,0.0997406487821717,0.04349331739903717
1970-01-01 10:32:00,0.031015461614806866,-0.22783055794272786,0.10510316417173786,0.04371152782145574
1970-01-01 10:33:00,0.03139844065803423,-0.2237480984020832,0.11054544979802494,0.04348455222148793
1970-01-01 10:34:00,0.03171634120219243,-0.21938398743989226,0.11603698837176923,0.04278984921804766
1970-01-01 10:35:00,0.031957051950406865,-0.2148063120809204,0.12154820690850299,0.04160960706058753
1970-01-01 10:36:00,0.03210792274035667,-0.2100801484798872,0.12705007597574472,0.03993152346627357
1970-01-01 10:37:00,0.0321559604398354,-0.20526689174218368,0.13251369304986374,0.03774955910853806
1970-01-01 10:38:00,0.032088047941626,-0.2004237327162652,0.13790986558426757,0.035064601900571264
1970-01-01 10:39:00,0.0318911823725545,-0.19560328313991582,0.14320870963764895,0.03188497630718807
1970-01-01 10:40:00,0.03155272810880543,-0.19085334473915735,0.1483792804130196,0.028226733912984803
1970-01-01 10:41:00,0.03106067980338593,-0.186216811846309,0.15338925141142082,0.02411366839673627
1970-01-01 10:42:00,0.0304039302289546,-0.1817316922428928,0.15820465857610555,0.0195770098858816
1970-01-01 10:43:00,0.029572537253855936,-0.17743122798271457,0.16278972453190846,0.016634979173770166
1970-01-01 10:44:00,0.0285579837522436,-0.17334409666480496,0.16710677593179693,0.016485745859010633
1970-01-01 10:45:00,0.027353423839548068,-0.16949467335187995,0.17111626429953067,0.016216767774555267
1970-01-01 10:46:00,0.0259539087122686,-0.16590333366492627,0.17477689784878883,0.0158530738655005
1970-01-01 10:47:00,0.02435658570992343,-0.1625867794697109,0.17804588874039862,0.015420085177634832
1970-01-01 10:48:00,0.0225608649563566,-0.15955836993787323,0.18087931728595205,0.014942424026128635
1970-01-01 10:49:00,0.0205685487329416,-0.156828442329465,0.1832326118644375,0.014442714800473168
1970-01-01 10:50:00,0.018383919174705967,-0.1544046084067356,0.1850611407464299,0.013940452968387668
1970-01-01 10:51:00,0.01601377990560567,-0.15229201407392068,0.18632090936984227,0.013451022245496632
1970-01-01 10:52:00,0.013467447249925567,-0.15049355166939493,0.18696935370579348,0.012984936583424601
1970-01-01 10:53:00,0.010756687149972232,-0.14901001610478212,0.18696621724410942,0.0125473729189384
1970-01-01 10:54:00,0.007895595047090033,-0.14784019810352358,0.18627449585222314,0.012138042801544733
1970-01-01 10:55:00,0.004900417764880367,-0.14698091110798453,0.1848614311022767,0.011751427493808267
1970-01-01 10:56:00,0.0017893192581589664,-0.14642695313616616,0.18269952817404742,0.0113773743022667
1970-01-01 10:57:00,-0.0014179034312599703,-0.14617100975658284,0.17976756873601543,0.011002024576843699
1970-01-01 10:58:00,-0.004700141900241532,-0.14620350847314914,0.1760515826555923,0.010609018729880466
1970-01-01 10:59:00,-0.008035318643009265,-0.14651243868789843,0.1715457366881232,0.010180903067910667
1970-01-01 11:00:00,-0.011400730735397067,-0.14708315582055634,0.16625309571310556,0.009700648899550867
1970-01-01 11:01:00,-0.0147733777328509,-0.14789819269418047,0.16018621376360972,0.009153187142136766
1970-01-01 11:02:00,-0.0181302615551715,-0.1489371047246133,0.15336751725569334,0.0085268613586092
1970-01-01 11:03:00,-0.0214486530755468,-0.15017637678207432,0.14582944980478588,0.007814707872927934
1970-01-01 11:04:00,-0.024706327688545634,-0.15158941821146885,0.13761435586588253,0.007015482056538434
1970-01-01 11:05:00,-0.027881778246801964,-0.1531466681600892,0.12877408939168433,0.006134363809776
1970-01-01 11:06:00,-0.0309544163330689,-0.15481582650328599,0.11936934440832554,0.005183291675899433
1970-01-01 11:07:00,-0.033904771224428,-0.1565622172481945,0.1094687170931321,0.0041808932699558335
1970-01-01 11:08:00,-0.03671469126299744,-0.15834928221383293,0.0991475232532582,0.0031519994752329003
1970-01-01 11:09:00,-0.039367546616274104,-0.16013919349006114,0.08848641005164663,0.0021267510384255666
1970-01-01 11:10:00,-0.04184842749144647,-0.16189356384828463,0.07756981431930354,0.0011393286795706667
1970-01-01 11:11:00,-0.044144329242410206,-0.1635742254604778,0.06648432865113278,0.00022636136525436667
1970-01-01 11:12:00,-0.046244315862000805,-0.16514404061318924,0.05531703809006098,0.0
1970-01-01 11:13:00,-0.04813965513518667,-0.16656770582137295,0.044153884796349595,0.0
1970-01-01 11:14:00,-0.04982392094408313,-0.16781251403995615,0.03307810884756871,0.0
1970-01-01 11:15:00,-0.05129306024006156,-0.1688490477033188,0.022168803785776642,0.0
1970-01-01 11:16:00,-0.05254542399857263,-0.169651785716024,0.01149961747962184,0.0
1970-01-01 11:17:00,-0.05358176303226506,-0.1701996173476953,0.001137622313691004,0.0
1970-01-01 11:18:00,-0.05440519069717817,-0.17047626290916074,-0.008857626951945178,0.0
1970-01-01 11:19:00,-0.05502111518242383,-0.17047060438619632,-0.018434834630955854,0.0
1970-01-01 11:20:00,-0.055437144297859065,-0.17017692974852397,-0.027551497092042965,0.00022056488587046666
1970-01-01 11:21:00,-0.05566296562418596,-0.16959509373975853,-0.036174224672180864,0.0013190498685124001
1970-01-01 11:22:00,-0.05571020470293047,-0.16873059632363227,-0.04427885489179421,0.0025827816679394665
1970-01-01 11:23:00,-0.055592263729551165,-0.16759457757826954,-0.05185036388976657,0.003974089613923167
1970-01-01 11:24:00,-0.05532414306109726,-0.16620372441994466,-0.05888258690929934,0.005450863702311833
1970-01-01 11:25:00,-0.054922247761583165,-0.16458008057595117,-0.06537776192011242,0.0069682820541911
1970-01-01 11:26:00,-0.0544041812440651,-0.16275074831693315,-0.07134591326086681,0.008480535041214833
1970-01-01 11:27:00,-0.053788527685022756,-0.1607474703473684,-0.07680409464793374,0.009942458332642101
1970-01-01 11:28:00,-0.053094624351198105,-0.158606083639234,-0.08177551280284796,0.0167348199483786
1970-01-01 11:29:00,-0.052342324543055575,-0.15636584337019546,-0.08628855399589053,0.023063000955167796
1970-01-01 11:30:00,-0.05155175173945997,-0.1540686231259998,-0.09037573605998679,0.028699179608663
1970-01-01 11:31:00,-0.050743045826912365,-0.15175800533679215,-0.09407260832986956,0.0336257787118368
1970-01-01 11:32:00,-0.04993610305662869,-0.1494782821401928,-0.09741662181118382,0.0378392255529168
1970-01-01 11:33:00,-0.04915031250657329,-0.14727339130265674,-0.10044599161979217,0.04134896706881647
1970-01-01 11:34:00,-0.04840429296849876,-0.14518581516871057,-0.10319857318628423,0.044176305512373865
1970-01-01 11:35:00,-0.04771563482352694,-0.14325547328004962,-0.10571077284784551,0.046353096536933765
1970-01-01 11:36:00,-0.04710065138897882,-0.1415186409217596,-0.10801651220783863,0.047920348403106904
1970-01-01 11:37:00,-0.04657414368441517,-0.14000692576110893,-0.11014626394578471,0.04892675632603053
1970-01-01 11:38:00,-0.0461491820505688,-0.1387463329211482,-0.1121261746774107,0.04942720047068794
1970-01-01 11:39:00,-0.045836907815874676,-0.13775644589749503,-0.11397728828799362,0.049481230354590434
1970-01-01 11:40:00,-0.04564635817439667,-0.13704974714594387,-0.11571488116991913,0.049151552987450636
1970-01-01 11:41:00,-0.04558431743261226,-0.13663109788589192,-0.11734791907033597,0.04850253746523017
1970-01-01 11:42:00,-0.04565519769501236,-0.13649739167819397,-0.11887864375987849,0.047598745334660235
1970-01-01 11:43:00,-0.04586095184805929,-0.13663739119453805,-0.1203022964498351,0.046503494118399234
1970-01-01 11:44:00,-0.04620102129740106,-0.13703175300360732,-0.12160698379669417,0.04527746106126823
1970-01-01 11:45:00,-0.046672320248557074,-0.13765324125578915,-0.12277369123206579,0.043977335369835
1970-01-01 11:46:00,-0.0472692574439193,-0.1384671272875245,-0.12377644673538153,0.042654529739214964
1970-01-01 11:47:00,-0.0479837953345351,-0.1394317679795076,-0.12458263552219322,0.04135396551475393
1970-01-01 11:48:00,-0.0488055458369866,-0.14049935158238033,-0.12515346245290682,0.04130759796705563
1970-01-01 11:49:00,-0.049721901203949835,-0.14161679644716965,-0.1254445548118064,0.041497473434193966
1970-01-01 11:50:00,-0.050718198131498395,-0.1427267858856802,-0.12540669400686635,0.0416092624049166
1970-01-01 11:51:00,-0.051777912954020296,-0.14376892069768146,-0.12498666097559792,0.041618239836341296
1970-01-01 11:52:00,-0.05288288552783162,-0.14468096913612952,-0.1241281770368019,0.041493116765456264
1970-01-01 11:53:00,-0.05401356913409311,-0.14540019205920252,-0.12277292028987152,0.0411965776782758
1970-01-01 11:54:00,-0.055149303462045364,-0.14586471881239724,-0.12086159791081656,0.040686008956216865
1970-01-01 11:55:00,-0.05626860745648563,-0.14601494717205443,-0.11833505661435195,0.03991442174143333
1970-01-01 11:56:00,-0.0573494884547777,-0.14579493876039412,-0.11513541641700194,0.03883156852260563
1970-01-01 11:57:00,-0.05836976352915857,-0.14515377999549015,-0.11120721589369209,0.037385248725953
1970-01-01 11:58:00,-0.05930738833288501,-0.14404687804057292,-0.10649855983630159,0.0355227949392412
1970-01-01 11:59:00,-0.060140788234583964,-0.14243716155962016,-0.10096226215848729,0.0331927283728815
1970-01-01 12:00:00,-0.060849186355719675,-0.14029615766010675,-0.0945569775403164,0.030346569951942733
1970-01-01 12:01:00,-0.06141292328013556,-0.13760491943604727,-0.0872483143173068,0.028783755697589366
1970-01-01 12:02:00,-0.0618137633500641,-0.13435478300143974,-0.07900991868356633,0.0269639450817637
1970-01-01 12:03:00,-0.062035182364039536,-0.1305479384393402,-0.06982451707951509,0.024713764083503703
1970-01-01 12:04:00,-0.06206263134977924,-0.1261978047855439,-0.05968490038908051,0.021979860413197435
1970-01-01 12:05:00,-0.06188377128064593,-0.12132920379763851,-0.04859483074454518,0.0187192059646765
1970-01-01 12:06:00,-0.0614886742343555,-0.11597832997825425,-0.03656984956269138,0.014902036544427566
1970-01-01 12:07:00,-0.06086998736793147,-0.11019251518422567,-0.023637963985279804,0.0170297780310564
1970-01-01 12:08:00,-0.0600230570205162,-0.1040297859937092,-0.009840188117148596,0.0197435999082663
1970-01-01 12:09:00,-0.05894601113725081,-0.09755821190174856,0.00476908474064112,0.022382127734877733
1970-01-01 12:10:00,-0.05763979890694667,-0.09085504310809356,0.02012190226677631,0.024893961274558868
1970-01-01 12:11:00,-0.05610818693854347,-0.08400563811320154,0.036136787947773384,0.027227023635718602
1970-01-01 12:12:00,-0.05435771145147824,-0.077102183124546,0.05271901065572308,0.029329047402029403
1970-01-01 12:13:00,-0.052397585875634305,-0.07024220769042876,0.06976110587640831,0.031148095421905733
1970-01-01 12:14:00,-0.05023956317428263,-0.06352690532066797,0.08714366137222003,0.032633122920586635
1970-01-01 12:15:00,-0.04789775252754063,-0.05705927518333212,0.1047363751465723,0.0337345820898358
1970-01-01 12:16:00,-0.045388391019118596,-0.05094211083874201,0.1223993877913369,0.034405064066597435
1970-01-01 12:17:00,-0.042729572488275365,-0.045275872565115484,0.13998488448043134,0.034599966968881735
1970-01-01 12:18:00,-0.03994093733048357,-0.04015648915267785,0.15733895389277133,0.0342781731250441
1970-01-01 12:19:00,-0.037043328598434296,-0.03567314209112776,0.17430368212800662,0.033402714276585435
1970-01-01 12:20:00,-0.0340584214756971,-0.03190609005125571,0.19071944921083586,0.0319414005274418
1970-01-01 12:21:00,-0.031008335243049134,-0.028924594965291955,0.20642738437437602,0.029867387204138535
1970-01-01 12:22:00,-0.027915239006412768,-0.026785012463173923,0.22127192516032457,0.0271596536552203
1970-01-01 12:23:00,-0.024800964058684566,-0.025529107566786623,0.2351034168734677,0.023803369451771767
1970-01-01 12:24:00,-0.0216866360996277,-0.025182650411025697,0.24778068565332503,0.0197901265292195
1970-01-01 12:25:00,-0.018592339444385403,-0.025754337050479397,0.2591735210664032,0.015118020584008733
1970-01-01 12:26:00,-0.015536823324129768,-0.027235069002034474,0.269165010851319,0.009791571536847933
1970-01-01 12:27:00,-0.012537258142720034,-0.02959761363136193,0.27765367862136564,0.003821481100653667
1970-01-01 12:28:00,-0.009609047454621867,-0.032796656423690305,0.2845553832947956,0.0
1970-01-01 12:29:00,-0.0067656994347395005,-0.036769245507880896,0.2898049463291352,0.0
1970-01-01 12:30:00,-0.004018759605967567,-0.0414356182111029,0.2933574795280958,0.0
1970-01-01 12:31:00,-0.0013778045730369337,-0.04670038890440447,0.2951893923125262,0.0
1970-01-01 12:32:00,0.0011495054218296,-0.05245406762129246,0.2952990628875218,0.0
1970-01-01 12:33:00,0.0035573190792778007,-0.058574870925459536,0.2937071627817643,0.0
1970-01-01 12:34:00,0.005841437361771799,-0.0649307808988633,0.29045662898855745,0.0
1970-01-01 12:35:00,0.007999114691938267,-0.07138180455204081,0.2856122825620331,0.0007781482360464668
1970-01-01 12:36:00,0.010028826450589666,-0.07778238331432101,0.27926009707127053,0.0062845644396172665
1970-01-01 12:37:00,0.011930012009106502,-0.08398389966848713,0.2715061248695129,0.010989212381524132
1970-01-01 12:38:00,0.013702802881596135,-0.08983722549968363,0.26247509387313,0.014872715322094799
1970-01-01 12:39:00,0.015347745659170464,-0.0951952551103377,0.2523086926603178,0.017934112815299434
1970-01-01 12:40:00,0.016865529317230066,-0.09991536601419791,0.24116356734524802,0.020189029469627102
1970-01-01 12:41:00,0.018256726227019265,-0.10386175305139188,0.22920905998614108,0.022241316936482434
1970-01-01 12:42:00,0.019521555700691102,-0.10690758587278996,0.21662472532328736,0.026738666847553366
1970-01-01 12:43:00,0.0206596782427601,-0.10893694571364414,0.2035976703567556,0.03048475592563593
1970-01-01 12:44:00,0.021670028055363732,-0.10984650367524157,0.19031976928598596,0.03345803973279413
1970-01-01 12:45:00,0.022550690835503567,-0.10954690863549305,0.17698481356812734,0.035644730181435866
1970-01-01 12:46:00,0.023298833346170767,-0.10796385852508905,0.16378566141806375,0.037038452332437466
1970-01-01 12:47:00,0.023910690306007065,-0.10503883553460804,0.1509114512580946,0.03763977429362494
1970-01-01 12:48:00,0.024381612595869972,-0.10072949544894504,0.13854493935774828,0.037455627906526
1970-01-01 12:49:00,0.024706178696103365,-0.0950097138730765,0.12686001477585115,0.0364986519685725
1970-01-01 12:50:00,0.024878368957631698,-0.08786930688048478,0.11601943646102846,0.0347865016523933
1970-01-01 12:51:00,0.024891800118938268,-0.07931346020769224,0.10617282871762691,0.03234117772954877
1970-01-01 12:52:00,0.02474001554624017,-0.06936191867617957,0.09745496210046882,0.029188437237917895
1970-01-01 12:53:00,0.024416824904670027,-0.05804800294124383,0.08998433707760795,0.025357353081435097
1970-01-01 12:54:00,0.02391668539965057,-0.04541752903026902,0.08386207814184941,0.020880092555934964
1970-01-01 12:55:00,0.023235115615032335,-0.03152770358160941,0.07917113751251244,0.0178769757144729
1970-01-01 12:56:00,0.022369132246322133,-0.016446054300453688,0.0759758004563595,0.014099998406474168
1970-01-01 12:57:00,0.021317699121703403,-0.00024943552252478424,0.07432147813561246,0.009510004509022967
1970-01-01 12:58:00,0.020082176509772603,0.016976870565286167,0.07423476886638859,0.004133558267064067
1970-01-01 12:59:00,0.01866675717619357,0.03513995136630007,0.07572376547106278,0.0
1970-01-01 13:00:00,0.017078874425935604,0.0541399645621905,0.0787785850781406,0.0
1970-01-01 13:01:00,0.0153295665521844,0.07387075416519862,0.08337209729817774,0.0
1970-01-01 13:02:00,0.013433781660869032,0.09422040015844824,0.08946082632068823,0.0
1970-01-01 13:03:00,0.011410606914774737,0.11507172486804479,0.09698600228662561,0.0
1970-01-01 13:04:00,0.009283407222042133,0.13630278277549274,0.10587473817298558,0.0
1970-01-01 13:05:00,0.007079860537428734,0.15778736248499753,0.11604131090115077,0.0
1970-01-01 13:06:00,0.0048318801056706955,0.17939552973027081,0.12738852891263172,0.0
1970-01-01 13:07:00,0.0025754177452545304,0.20099423841896094,0.13980917189529027,0.0
1970-01-01 13:08:00,0.0003501463072403353,0.22244803295542312,0.15318749087766767,0.0
1970-01-01 13:09:00,-0.0018009764832121976,0.24361986006731487,0.16740075838061017,0.0
1970-01-01 13:10:00,-0.0038322568389082636,0.2643720026965871,0.18232085878205048,0.0
1970-01-01 13:11:00,-0.0056959174890623965,0.28456714240267766,0.19781590839758367,0.0012679257497579667
1970-01-01 13:12:00,-0.007342843341141496,0.3040695499759664,0.21375189286567967,0.008881716889382999
1970-01-01 13:13:00,-0.008723408510799946,0.3227463963665423,0.2299943064022801,0.0156581330678955
1970-01-01 13:14:00,-0.009788371795340395,0.34046916781538966,0.2464097738410601,0.0216018964989332
1970-01-01 13:15:00,-0.010489825563663402,0.3571151612528276,0.26286763291711096,0.026728760423158065
1970-01-01 13:16:00,-0.010782180437444167,0.37256903043385714,0.27924145218754476,0.031064317040279232
1970-01-01 13:17:00,-0.01062316636409223,0.3867243515791734,0.2954104604424405,0.0346427312832493
1970-01-01 13:18:00,-0.009974830634497197,0.39948517960076796,0.31126086656583346,0.03750542204151577
1970-01-01 13:19:00,-0.008804514713543633,0.41076757077466164,0.3266870534951931,0.03969971271631727
1970-01-01 13:20:00,-0.007085793357292165,0.42050105289423567,0.34159263475200957,0.04127747291687317
1970-01-01 13:21:00,-0.004799360490386966,0.4286300273740629,0.35589136566384455,0.04229377286508113
1970-01-01 13:22:00,-0.0019338463264325656,0.43511508730072546,0.3695079027458208,0.0428055718005474
1970-01-01 13:23:00,0.0015134505053859338,0.43993423007738314,0.38237840353188474,0.04287046144099823
1970-01-01 13:24:00,0.0055359327641454,0.44308393518428124,0.39445095698005606,0.04254548529199557
1970-01-01 13:25:00,0.010117193495182067,0.44458007105776653,0.405685833879915,0.04188605410392401
1970-01-01 13:26:00,0.015230641277146168,0.4444585932394715,0.41605554879384493,0.04094497676368917
1970-01-01 13:27:00,0.020839279488633667,0.4427759983896429,0.4255447294070296,0.0397716241008649
1970-01-01 13:28:00,0.026895657668692036,0.4396095032353919,0.43414979430282147,0.0384112402517292
1970-01-01 13:29:00,0.03771278823737102,0.29050524685987517,0.5897711782584202,0.03881676256288548
1970-01-01 13:30:00,0.04127715524489488,0.291037773528397,0.5950723165504207,0.037055098426966804
1970-01-01 13:31:00,0.04507264378931653,0.2908017109488903,0.5997260419561219,0.0353020957817807
1970-01-01 13:32:00,0.04904413004553153,0.2899087178030579,0.6037511680937556,0.03357261314193745
1970-01-01 13:33:00,0.05313012835480928,0.2884832625966294,0.607172438695755,0.03187724128172807
1970-01-01 13:34:00,0.05726358984710178,0.2866611477043751,0.6100197679934022,0.031130781789205673
1970-01-01 13:35:00,0.0613728840515113,0.28458774913697216,0.6123274095569033,0.031219689267373875
1970-01-01 13:36:00,0.06538295540799055,0.282415990019307,0.6141330673559537,0.031252343788405
1970-01-01 13:37:00,0.06921663993632995,0.2803040738755664,0.6154769634740334,0.03121222028360285
1970-01-01 13:38:00,0.0727961207343829,0.2784130113074757,0.6164008775339963,0.03108237473340415
1970-01-01 13:39:00,0.07604449442677215,0.2769039808526155,0.6169471736985527,0.030845674298984327
1970-01-01 13:40:00,0.07888741378304484,0.2759355720980869,0.6171578319580195,0.03048500199514945
1970-01-01 13:41:00,0.0812547644831338,0.27566096649863947,0.6170735010186179,0.029983430501428574
1970-01-01 13:42:00,0.08308232749678703,0.276225118336771,0.6167325902494669,0.029324362461882726
1970-01-01 13:43:00,0.0843133746190291,0.2777620035364849,0.616170417717386,0.028491637833747502
1970-01-01 13:44:00,0.08490014483072085,0.28039200556062377,0.6154184302833544,0.0274696124896204
1970-01-01 13:45:00,0.08480515333719965,0.28421950426162984,0.6145035101329247,0.026243216229864575
1970-01-01 13:46:00,0.08400229199212281,0.28933072637416074,0.6134473801688097,0.024798002358233474
1970-01-01 13:47:00,0.08247768763175686,0.2957919074613563,0.6122661186132675,0.023120204639795226
1970-01-01 13:48:00,0.08023029257061863,0.3036478058027242,0.6109697910882611,0.021196820390782276
1970-01-01 13:49:00,0.07727218887375155,0.31292059891731994,0.6095622063831605,0.01901574027804235
1970-01-01 13:50:00,0.07362859516430595,0.32360918270253003,0.60804079990284,0.0165659458478324
1970-01-01 13:51:00,0.06933757194879164,0.335688881251168,0.6063966461456434,0.013837794669622799
1970-01-01 13:52:00,0.0644494292605789,0.3491115622491613,0.604614598499134,0.0108234101045485
1970-01-01 13:53:00,0.059025849509857474,0.3638061388760835,0.6026735515996502,0.010972967811676825
1970-01-01 13:54:00,0.05313874903250072,0.379679425915674,0.6005468190082999,0.0113328800437225
1970-01-01 13:55:00,0.04686891302489221,0.3966173085653081,0.598202617223494,0.01167313200910035
1970-01-01 13:56:00,0.040304448403117525,0.4144861807544816,0.5956046459571899,0.0119793636155902
1970-01-01 13:57:00,0.03353910583697188,0.4331346162895588,0.5927127539116698,0.01268923682247295
1970-01-01 13:58:00,0.026670524823173225,0.45239524674618825,0.5894836787815689,0.014732077900307824
1970-01-01 13:59:00,0.019798453816549547,0.4720868283811819,0.5858718496949644,0.016710041875285825
1970-01-01 14:00:00,0.0130229913986819,0.4920164827630754,0.5818302396750547,0.018576341507990524
1970-01-01 14:01:00,0.0064428856392920245,0.5119820936885666,0.5773112548965526,0.0202843434925327
1970-01-01 14:02:00,0.00015391951786040275,0.5317748401092681,0.5722676466725816,0.021788578836249226
1970-01-01 14:03:00,-0.005752597468310375,0.5511818434461012,0.5666534316446387,0.023045721891525726
1970-01-01 14:04:00,-0.011191216950814577,0.5699889072366285,0.5604248059016017,0.024015507756892526
1970-01-01 14:05:00,-0.01608360806695658,0.5879833260016337,0.5535410396428695,0.024661560678612
1970-01-01 14:06:00,-0.020359675348651178,0.6049567376676974,0.5459653402383717,0.024952109214802877
1970-01-01 14:07:00,-0.02395853365556535,0.6207079898591048,0.5376656730918954,0.02486056724550565
1970-01-01 14:08:00,-0.026829337646191574,0.6350459853609552,0.5286155317809444,0.0243659635085393
1970-01-01 14:09:00,-0.02893196439908318,0.6477924665591388,0.5187946515842294,0.023453206370695225
1970-01-01 14:10:00,-0.030237548311573943,0.6587846930438038,0.5081896634772683,0.02211317521204145
1970-01-01 14:11:00,-0.030728867618242083,0.6678779615255008,0.4967946884095149,0.02034263533058015
1970-01-01 14:12:00,-0.030400582013048065,0.6749479143045205,0.48461187323452914,0.0181439798560821
1970-01-01 14:13:00,-0.029259321035273143,0.6798925834271377,0.47165186912964074,0.015524809879867176
1970-01-01 14:14:00,-0.02732362303520055,0.6826341225662961,0.45793425061528203,0.0124973727359751
1970-01-01 14:15:00,-0.02462372453262475,0.683120185928939,0.44348786932255824,0.009077887700985424
1970-01-01 14:16:00,-0.021201199577530357,0.6813249211337176,0.4283511327185114,0.006091077462805125
1970-01-01 14:17:00,-0.017108448421267942,0.6772495502493279,0.4125721948075778,0.002887739727292875
1970-01-01 14:18:00,-0.012408034567225005,0.6709225203834137,0.39620904349212877,0.0
1970-01-01 14:19:00,-0.0071718693259985485,0.6623992128170618,0.37932946769411,0.0
1970-01-01 14:20:00,-0.0014802438158654195,0.651761207730763,0.362010886521678,0.0
1970-01-01 14:21:00,0.004579289519558098,0.6391151097642491,0.34434002288972787,0.0
1970-01-01 14:22:00,0.010913180293583749,0.6245909474491802,0.3264124053385612,0.0
1970-01-01 14:23:00,0.017423278686136093,0.608340166373358,0.3083316845397278,0.0
1970-01-01 14:24:00,0.024008355318433622,0.590533241659149,0.29020875513822253,0.0
1970-01-01 14:25:00,0.03056572522446542,0.5713569405453397,0.27216067895986157,0.0
1970-01-01 14:26:00,0.0369929552100521,0.5510112715380888,0.25430941186431505,0.0
1970-01-01 14:27:00,0.043189629790408454,0.5297061637969002,0.23678034323371233,0.0
1970-01-01 14:28:00,0.04905914550824886,0.5076579300305514,0.21970066398815663,0.0
1970-01-01 14:29:00,0.05451049653635384,0.4850855783862174,0.2031975861424628,0.0
1970-01-01 14:30:00,0.05946000670671722,0.4622070523108687,0.18739644420468238,0.0
1970-01-01 14:31:00,0.06383295646477855,0.4392354889862776,0.1724187153290416,0.000383149700850775
1970-01-01 14:32:00,0.06756505052637657,0.41637559282646097,0.15837999958545307,0.001226143189941625
1970-01-01 14:33:00,0.07060367493614503,0.393820218630845,0.14538800313508343,0.002071219300757975
1970-01-01 14:34:00,0.07290890009381971,0.37174725054750507,0.13354056617065635,0.002907386535578025
1970-01-01 14:35:00,0.0744541970166411,0.35031685116439115,0.12292377569040486,0.003726837828996625
1970-01-01 14:36:00,0.07522684587003739,0.32966914250575313,0.11361020166142102,0.004524716878842075
1970-01-01 14:37:00,0.07522802768353541,0.30992236889266367,0.10565729435604035,0.005298609649094775
1970-01-01 14:38:00,0.07447260185504932,0.29117158083837713,0.0991059807186923,0.0060477855734648
1970-01-01 14:39:00,0.07298858379493944,0.2734878685567322,0.09397949830991223,0.006772230047090425
1970-01-01 14:40:00,0.07081634918745072,0.2569181619102441,0.09028250568068144,0.0074715261406406
1970-01-01 14:41:00,0.06800760311757695,0.241485600252445,0.08800050594957617,0.00814365768649115
1970-01-01 14:42:00,0.06462416163333617,0.22719046180152702,0.0870996137048761,0.00878381624007205
1970-01-01 14:43:00,0.060736598037126055,0.21401163010622706,0.0875266835037522,0.0093832992253266
1970-01-01 14:44:00,0.10445215593132466,0.13630495825009203,0.09843026838820786,0.013238112823788466
1970-01-01 14:45:00,0.09900863462133758,0.1245273836688815,0.10353901863913458,0.013867544498572798
1970-01-01 14:46:00,0.09308054813604477,0.11347902250972718,0.10980436373721529,0.014366206635135166
1970-01-01 14:47:00,0.08680394316552903,0.10308931100843376,0.11709184435715432,0.014985350152079033
1970-01-01 14:48:00,0.08031831861240807,0.09328729507670362,0.12525084536269918,0.02022858379087863
1970-01-01 14:49:00,0.0737644360014359,0.08400442964864217,0.13411621816037692,0.024279273131601036
1970-01-01 14:50:00,0.06728220446062594,0.07517705313049587,0.1435101739562561,0.02710503703810523
1970-01-01 14:51:00,0.0610086652852365,0.06674847824687209,0.15324443213897374,0.028683656813519032
1970-01-01 14:52:00,0.05507609726322817,0.058670659106220456,0.16312260287189564,0.029002805996274705
1970-01-01 14:53:00,0.0496102607143348,0.05090541296026981,0.17294277737446814,0.028060208474920096
1970-01-01 14:54:00,0.044728795376527464,0.04342519313742373,0.18250029327514597,0.025864127297117734
1970-01-01 14:55:00,0.040539784650668036,0.03621342668265689,0.19159063574614374,0.022434103721554566
1970-01-01 14:56:00,0.03714049612039393,0.029264445592618333,0.20001242797188343,0.0178018863489347
1970-01-01 14:57:00,0.0346163056103524,0.022583052935174746,0.2075704573793841,0.015861214032366767
1970-01-01 14:58:00,0.0330398093627934,0.016183773698113024,0.2140786779893915,0.014190341154723634
1970-01-01 14:59:00,0.03247012640163647,0.010089844814120785,0.21936312557442159,0.012224294499200266
1970-01-01 15:00:00,0.03295239111070433,0.004331999860478164,0.22326468212097753,0.010035968679003
1970-01-01 15:01:00,0.03451743466874247,-0.0010528978799917432,0.22564162949626332,0.007694648798776267
1970-01-01 15:02:00,0.03718165322113837,-0.006023324307057469,0.22637193831593425,0.0052650737683464675
1970-01-01 15:03:00,0.0409470603057604,-0.010534621479728631,0.22535524561375278,0.002806655714771067
1970-01-01 15:04:00,0.04580152077614886,-0.014540545976362895,0.22251448311134625,0.0003728630232395
1970-01-01 15:05:00,0.0517191629656776,-0.01799480890953144,0.21779712600318366,0.0
1970-01-01 15:06:00,0.05866096488293777,-0.020852582569481415,0.2111760395911604,0.0
1970-01-01 15:07:00,0.06657550871764037,-0.023071949987429008,0.2026499073505684,0.0
1970-01-01 15:08:00,0.07539989587283194,-0.024615272207471766,0.1922432290999019,0.0
1970-01-01 15:09:00,0.08506081220753192,-0.025450445230065455,0.18000588264354886,0.0
1970-01-01 15:10:00,0.09547573033455346,-0.025552016153894037,0.1660122478578194,0.0
1970-01-01 15:11:00,0.10655423294181533,-0.024902127566157534,0.15035989978248254,0.0
1970-01-01 15:12:00,0.11819943847317872,-0.023491261479380094,0.13316788699101786,0.0
1970-01-01 15:13:00,0.13030950805520822,-0.021318758800893994,0.11457462264113176,0.0
1970-01-01 15:14:00,0.14277920969650112,-0.018393096787592805,0.09473542753096265,0.0
1970-01-01 15:15:00,0.15550151193280481,-0.014731914691575856,0.07381977703320657,0.0
1970-01-01 15:16:00,0.16836917469651114,-0.010361786609631737,0.05200831638638962,0.0
1970-01-01 15:17:00,0.18127630209043769,-0.005317750647283996,0.029489719751260208,0.0
1970-01-01 15:18:00,0.19411982194408076,0.00035738467080615827,0.006457475491577602,0.0
1970-01-01 15:19:00,0.20680086088522823,0.006613923056575904,-0.016893317901164995,0.0
1970-01-01 15:20:00,0.2192259896524287,0.013396307714344469,-0.04036906391853856,0.0
1970-01-01 15:21:00,0.23130831965764895,0.02064424330166556,-0.06378061449405618,0.0
1970-01-01 15:22:00,0.24296843747785757,0.028293863659578422,-0.08694598842679557,0.0
1970-01-01 15:23:00,0.2541351689277466,0.036278901836728744,-0.10969281284774979,0.0
1970-01-01 15:24:00,0.2647461687775709,0.044531825931387166,-0.13186045251638434,0.0
1970-01-01 15:25:00,0.27474833610970484,0.052984910598760614,-0.15330180401813578,0.0
1970-01-01 15:26:00,0.2840980587784961,0.06157121894093966,-0.17388474191913295,0.0
1970-01-01 15:27:00,0.29276129349711955,0.07022547352098146,-0.19349321191561528,0.0
1970-01-01 15:28:00,0.30071349083696675,0.07888479961256753,-0.21202797303343454,0.0
1970-01-01 15:29:00,0.3079393769401436,0.08748932911857216,-0.22940699771466852,0.0012591044480246333
1970-01-01 15:30:00,0.3144326058488296,0.0959826595017043,-0.2455655451211383,0.007616883977964734
1970-01-01 15:31:00,0.32019529780017103,0.10431216784767079,-0.2604559288070769,0.013162102711906034
1970-01-01 15:32:00,0.3252374795804681,0.1124291853275949,-0.27404700480289584,0.017882674375047966
1970-01-01 15:33:00,0.32957644327771285,0.12028904154811483,-0.2863234099903403,0.021781937416567063
1970-01-01 15:34:00,0.33323603972369226,0.127850991391427,-0.2972845834017945,0.02487669346677353
1970-01-01 15:35:00,0.3362459226146733,0.13507803904823823,-0.3069436048161615,0.027195346309131965
1970-01-01 15:36:00,0.3386407586877867,0.14193667538335467,-0.3153258858957036,0.03554582077895176
1970-01-01 15:37:00,0.3404594184370994,0.14839654574936997,-0.3224677492054819,0.0428782255054555
1970-01-01 15:38:00,0.3417441608141496,0.15443006579540453,-0.3284149298018405,0.04907510689164574
1970-01-01 15:39:00,0.3425398242610431,0.1600120027292004,-0.3332210327619135,0.05415431586781397
1970-01-01 15:40:00,0.34289303525901244,0.1651190392073166,-0.336945978258733,0.0581468179040018
1970-01-01 15:41:00,0.3428514443716439,0.1697293368112541,-0.3396544637320997,0.06109363113570913
1970-01-01 15:42:00,0.34246299864663926,0.1738221158662674,-0.34141447040842393,0.06304297661310691
1970-01-01 15:43:00,0.341775258299367,0.17737726799276823,-0.3422958388919965,0.0640476847140382
1970-01-01 15:44:00,0.34083476478095426,0.180375017052845,-0.3423689357855821,0.06416289075044906
1970-01-01 15:45:00,0.3396864664914272,0.18279564278970092,-0.34170343021776906,0.06344404458532243
1970-01-01 15:46:00,0.33837320743106,0.18461927923173208,-0.34036719566591805,0.06194525258455106
1970-01-01 15:47:00,0.33693528301123576,0.18582579698745794,-0.3384253486987641,0.0597179647374691
1970-01-01 15:48:00,0.3354100661448389,0.18639477542458535,-0.33593943259540954,0.0568100148359216
1970-01-01 15:49:00,0.3338317055870117,0.18630556792068573,-0.332966750505634,0.053265016933318164
1970-01-01 15:50:00,0.3322308972218082,0.18553746098554366,-0.3295598498363104,0.04912211677575287
1970-01-01 15:51:00,0.33063472762089574,0.18406992587554227,-0.32576615666899256,0.04441609248265774
1970-01-01 15:52:00,0.3290665878610136,0.18188295932671614,-0.32162775620788975,0.0391777945259326
1970-01-01 15:53:00,0.3275461543208163,0.17895750843371086,-0.3171813126963691,0.034652343382452204
1970-01-01 15:54:00,0.326089431940696,0.17527597343616544,-0.31245812005932394,0.0303611876983749
1970-01-01 15:55:00,0.3247088542119196,0.17082278082700567,-0.3074842727258139,0.02537825164640797
1970-01-01 15:56:00,0.32341343297614394,0.165585017530908,-0.30228094458702354,0.019709527951435133
1970-01-01 15:57:00,0.3222089499343937,0.15955311506671055,-0.2968647627314657,0.013367738161345566
1970-01-01 15:58:00,0.32109818066296225,0.15272157077326273,-0.2912482613220844,0.006374232117812967
1970-01-01 15:59:00,0.32008114124643455,0.1450896913686201,-0.2854403996853445,0.0
1970-01-01 16:00:00,0.016612887986906365,0.2619055630126574,-0.1838737618380909,0.0
1970-01-01 16:01:00,0.015747152739255567,0.2526608097614328,-0.17769268981704547,0.0
1970-01-01 16:02:00,0.31755663748754004,0.11747289305505665,-0.2669166824915117,0.0
1970-01-01 16:03:00,0.31686859496196795,0.10675479669672995,-0.2603817541062185,0.0
1970-01-01 16:04:00,0.31624202801863677,0.09533049497888997,-0.25366708256142917,0.0
1970-01-01 16:05:00,0.3156657295025214,0.08324285352896964,-0.2467724629696766,0.0
1970-01-01 16:06:00,0.31512739862241035,0.0705439032433211,-0.23969807747447977,0.0
1970-01-01 16:07:00,0.31461380597916716,0.05729510346479085,-0.23244490088074102,0.0
1970-01-01 16:08:00,0.3141109328340978,0.043567448428356435,-0.22501501695485135,0.0
1970-01-01 16:09:00,0.3136040845041364,0.029441395958523926,-0.21741183296787478,0.0009209537566338333
1970-01-01 16:10:00,0.3130779784460709,0.015006600898012784,-0.2096401834038728,0.0031774391317117
1970-01-01 16:11:00,0.3125168081112516,0.0003614404290226784,-0.20170631764891142,0.005565817215273167
1970-01-01 16:12:00,0.31190428406363385,-0.014387675961565769,-0.19361777081411322,0.008048395768766467
1970-01-01 16:13:00,0.31122365429547455,-0.029127212922468854,-0.18538312153027317,0.0105834465277629
1970-01-01 16:14:00,0.31045770630013625,-0.04373762643709359,-0.17701164556153834,0.013125317534528868
1970-01-01 16:15:00,0.3095887543177891,-0.058094678622117944,-0.16851287959314484,0.015624636859149768
1970-01-01 16:16:00,0.30859861618243895,-0.0720709280811213,-0.15989611578839885,0.018028616536772134
1970-01-01 16:17:00,0.3074685852541546,-0.08553736355330398,-0.15116985448799058,0.020281463292280734
1970-01-01 16:18:00,0.3061794039498927,-0.09836513863359979,-0.1423412485592869,0.0223249004774546
1970-01-01 16:19:00,0.3047112463906127,-0.11042735866399746,-0.1334155763686374,0.024098803694956466
1970-01-01 16:20:00,0.3030437186571868,-0.1216008700784255,-0.12439577958167163,0.025541950880489633
1970-01-01 16:21:00,0.3011558859376629,-0.1317680073113936,-0.11528209723283844,0.026592886186323366
1970-01-01 16:22:00,0.29902633609408974,-0.1408182599656006,-0.10607182045125245,0.027190895868863866
1970-01-01 16:23:00,0.2966332884910393,-0.1486498303012353,-0.09675918454652295,0.027277093535205934
1970-01-01 16:24:00,0.2939547551944817,-0.15517105716110066,-0.08733540772252368,0.02679561154955527
1970-01-01 16:25:00,0.29096875915365356,-0.16030168760437455,-0.07778887889929682,0.025694895138183533
1970-01-01 16:26:00,0.2876536112067475,-0.16397398239573147,-0.06810549118575367,0.02392909575586613
1970-01-01 16:27:00,0.28398824507948817,-0.1661336462034897,-0.0582691124408146,0.021459560571568965
1970-01-01 16:28:00,0.27995260713455394,-0.16674057765718567,-0.04826217991188605,0.018256415448481
1970-01-01 16:29:00,0.27552809549999796,-0.16576943801177832,-0.03806640198204714,0.014300239410428866
1970-01-01 16:30:00,0.27069804126349845,-0.1632100399768768,-0.027663546528306753,0.009583829031634267
1970-01-01 16:31:00,0.26544822246892563,-0.15906756060326013,-0.017036292322824182,0.004114050920078467
1970-01-01 16:32:00,0.2597673995080201,-0.15336258458693505,-0.006169117366205364,0.0
1970-01-01 16:33:00,0.25364785811724005,-0.14613098734114113,0.0049508039248984765,0.0010516952607219335
1970-01-01 16:34:00,0.24708594369984369,-0.13742367022372687,0.016332724141052506,0.0034376355715455
1970-01-01 16:35:00,0.24008256838656603,-0.1273061620341803,0.02798149719856502,0.0052770342174865
1970-01-01 16:36:00,0.23264367044628864,-0.115858100070429,0.03989683407062672,0.0066378246631073334
1970-01-01 16:37:00,0.22478060456071125,-0.10317260074622175,0.05207267002793747,0.007592835086437367
1970-01-01 16:38:00,0.216510441232185,-0.08935552563199721,0.06449667231612106,0.008216857418837901
1970-01-01 16:39:00,0.20785615445841232,-0.07452464595726631,0.07714991519374703,0.008583868479181
1970-01-01 16:40:00,0.1988466790594551,-0.058808708293843326,0.09000674632410284,0.00876448280726
1970-01-01 16:41:00,0.18951682271975975,-0.04234640548353787,0.10303486444638969,0.008823719447829833
1970-01-01 16:42:00,0.17990702257851612,-0.025285257566742367,0.1161956226939929,0.008819159548154201
1970-01-01 16:43:00,0.17006294154034296,-0.007780405846694234,0.12944456461515452,0.0087995574945309
1970-01-01 16:44:00,0.16003490512248666,0.010006680167819207,0.1427321910426168,0.0088039464420928
1970-01-01 16:45:00,0.14987718589196028,0.027909586172132777,0.15600494608097806,0.008861251844750366
1970-01-01 16:46:00,0.13964714989888596,0.0457584305056448,0.16920640037287105,0.008990397073706333
1970-01-01 16:47:00,0.12940428811202223,0.06338143647397593,0.18227859988394535,0.0092008567367448
1970-01-01 16:48:00,0.11920916499932832,0.08060659518075355,0.19516353892634997,0.009493588959198933
1970-01-01 16:49:00,0.10912232431798917,0.0972634086202871,0.2078047078732814,0.0098622601442295
1970-01-01 16:50:00,0.09920319648892305,0.1131846976731856,0.22014866087406926,0.010294666086229967
1970-01-01 16:51:00,0.08950905100354174,0.12820845592683747,0.23214654854361536,0.0107742519773998
1970-01-01 16:52:00,0.08009403161345463,0.14217972831931522,0.2437555649807688,0.011281639884950068
1970-01-01 16:53:00,0.07100830373288453,0.1549524939501743,0.2549402657752965,0.011796084093381433
1970-01-01 16:54:00,0.06229733466235111,0.16639153469668896,0.26567372183602705,0.0122967904451104
1970-01-01 16:55:00,0.054001318978210595,0.17637427367776704,0.2759384816097578,0.0127640534591146
1970-01-01 16:56:00,0.046154754018288564,0.18479256749375617,0.285727321051279,0.013180182543383467
1970-01-01 16:57:00,0.038786164065194896,0.19155443192723923,0.2950437664801889,0.013530204394988666
1970-01-01 16:58:00,0.031917966903769905,0.19658567302961796,0.3039023802209016,0.013802341790853467
1970-01-01 16:59:00,0.025566472947986068,0.19983138643006662,0.31232880255499124,0.013988279284230935
1970-01-01 17:00:00,0.019742004758774932,0.20125727960890935,0.3203595461478573,0.014083234152704701
1970-01-01 17:01:00,0.014449123145754602,0.20085076718884667,0.32804154177685735,0.014085856649771732
1970-01-01 17:02:00,0.0096869450625362,0.19862179086172582,0.3354314386160184,0.021078492444370933
1970-01-01 17:03:00,0.005449538288119601,0.19460332452302917,0.3425946693355722,0.027340894336226235
1970-01-01 17:04:00,0.0017263785081359998,0.1888515382894207,0.3496042984147234,0.0328246973117892
1970-01-01 17:05:00,-0.0014971444277038007,0.18144560662873296,0.35653967876136394,0.037521826789707634
1970-01-01 17:06:00,-0.004239183205145399,0.17248715315370985,0.3634849458356751,0.04143875162191474
1970-01-01 17:07:00,-0.006520864240690199,0.162099329932105,0.37052738104478466,0.044594000177973436
1970-01-01 17:08:00,-0.0083657047596052,0.15042553568235045,0.3777556787528488,0.04701581874618427
1970-01-01 17:09:00,-0.0097990271522733,0.13762778564109437,0.385258154280101,0.04874000090535036
1970-01-01 17:10:00,-0.010847381968875034,0.12388475490968086,0.39312093321777986,0.04980791214386687
1970-01-01 17:11:00,-0.011537990742273935,0.10938952510880035,0.401426164469298,0.05026473003800493
1970-01-01 17:12:00,-0.011898219438712533,0.09434706992138904,0.410250299903743,0.05015791622340823
1970-01-01 17:13:00,-0.011955092578670869,0.0789715184435349,0.4196624819336418,0.049535931860742004
1970-01-01 17:14:00,-0.011734856849102035,0.0634832374589136,0.4297230768186691,0.04844720302370403
1970-01-01 17:15:00,-0.011262601456903866,0.04810577603292445,0.4404823866280901,0.0469393363405188
1970-01-01 17:16:00,-0.01056194079309323,0.03306271834376671,0.4519795671765337,0.04505857853579506
1970-01-01 17:17:00,-0.009654763316111899,0.01857449333135656,0.46424177315471254,0.04284950661965307
1970-01-01 17:18:00,-0.008561048874891368,0.004855192821924814,0.4772835450474389,0.040354928589974665
1970-01-01 17:19:00,-0.007298754889412634,-0.007890546850861843,0.4911064452278742,0.03761596776418676
1970-01-01 17:20:00,-0.005883769923766866,-0.019470542265107842,0.5056989432725819,0.034672297430113797
1970-01-01 17:21:00,-0.004329931496312302,-0.029707882164332455,0.5210365440653258,0.0315624867484026
1970-01-01 17:22:00,-0.0026491038645291335,-0.038443515328802136,0.537082147605581,0.028324414136988236
1970-01-01 17:23:00,-0.0008513111271824346,-0.04553856073244722,0.553786626445915,0.024995700997868464
1970-01-01 17:24:00,0.0010550790427757333,-0.05087630092884501,0.5710896038581098,0.021614116812778934
1970-01-01 17:25:00,-0.0014219021159963664,-0.1892224382626664,0.3753164989737774,0.011790140536414466
1970-01-01 17:26:00,0.0007249989255473996,-0.19081556701283645,0.3935830899742543,0.008397484031949233
1970-01-01 17:27:00,0.007361908171443533,-0.05554277797595011,0.6258381961722005,0.011538018310138532
1970-01-01 17:28:00,0.009643303964098566,-0.053176716288818295,0.6447430042180708,0.0083341689095694
1970-01-01 17:29:00,0.012006994183578569,-0.04884586503868612,0.6638140605989451,0.006750048701666733
1970-01-01 17:30:00,0.014448546268593732,-0.04258685137590853,0.6829480793551551,0.006924686945491667
1970-01-01 17:31:00,0.016962967652436933,-0.03446126816348083,0.7020395533018945,0.007132762139030466
1970-01-01 17:32:00,0.019544346759270966,-0.024554353255867967,0.7209822615526198,0.0073715568898511325
1970-01-01 17:33:00,0.022185512892404963,-0.012973281162774075,0.7396707674374974,0.0076379672703782665
1970-01-01 17:34:00,0.024877727257857165,0.00015488996211354689,0.7580018855377554,0.007928499652000967
1970-01-01 17:35:00,0.027610417711548235,0.014685561841753514,0.7758760944014496,0.008239279762402367
1970-01-01 17:36:00,0.030370969616316936,0.030459166652630265,0.7931988690951601,0.0085660732132325
1970-01-01 17:37:00,0.033144584331948,0.04730389715305935,0.8098819066355043,0.008904315807474167
1970-01-01 17:38:00,0.035914215173976395,0.06503853264541475,0.8258442187651113,0.0092491513276737
1970-01-01 17:39:00,0.03866058806548573,0.0834753076759039,0.841013070402972,0.009595474247090332
1970-01-01 17:40:00,0.041362310708360266,0.10242278351478779,0.8553247474055389,0.009937974927027334
1970-01-01 17:41:00,0.043996070281805764,0.12168869311243448,0.8687251431624482,0.010271185368899234
1970-01-01 17:42:00,0.046536915879815434,0.14108273481900135,0.8811701596369294,0.010589524414164934
1970-01-01 17:43:00,0.04895861853133967,0.16041928782863443,0.892625924597768,0.010887342310091766
1970-01-01 17:44:00,0.0512340989335548,0.17952001525817796,0.903068832860724,0.011158965628529935
1970-01-01 17:45:00,0.053335910924006434,0.19821631276280094,0.9124854250263237,0.0113987444452704
1970-01-01 17:46:00,0.05523676710356914,0.2163515548497185,0.9208721217557092,0.016812200502321267
1970-01-01 17:47:00,0.056910091949897525,0.23378308953355184,0.9282348343763402,0.022282552708618602
1970-01-01 17:48:00,0.05833058730085491,0.25038393568749123,0.9345884734555039,0.027162098076890268
1970-01-01 17:49:00,0.059474795065511794,0.26604414636211726,0.9399563763706608,0.031427985088705465
1970-01-01 17:50:00,0.060321642110387264,0.28067181394158097,0.9443696733441417,0.03506684256154167
1970-01-01 17:51:00,0.06085295227607584,0.2941937063590648,0.9478666092237247,0.0380745984045967
1970-01-01 17:52:00,0.06105391049914053,0.3065555347101033,0.95049183575774,0.04045618279090493
1970-01-01 17:53:00,0.060913464416515566,0.31772186028878807,0.9522956865458893,0.042225117412683734
1970-01-01 17:54:00,0.06042465001930406,0.3276756545031048,0.9533334445090939,0.0434029922569941
1970-01-01 17:55:00,0.05958483000056264,0.3364175303739951,0.9536646097164111,0.04401883105091
1970-01-01 17:56:00,0.0583958361957804,0.34396467034317113,0.9533521737026348,0.04410834695066134
1970-01-01 17:57:00,0.05686401072665329,0.3503494812246975,0.9524619050091815,0.043713091968025336
1970-01-01 17:58:00,0.05500014400985903,0.35561801231192,0.9510616496431865,0.04287950728893847
1970-01-01 17:59:00,0.052819311509375105,0.3598281769075915,0.9492206493958323,0.04165788672922047
1970-01-01 18:00:00,0.05034061474478177,0.3630478216419952,0.9470088802523522,0.040101271514011834
1970-01-01 18:01:00,0.04758683542195883,0.36535269203577375,0.9444964123232952,0.03826430073134703
1970-01-01 18:02:00,0.044584014488125524,0.3668243458840426,0.9417527919174704,0.0362020474810207
1970-01-01 18:03:00,0.04136097029213594,0.367548066908525,0.938846445747754,0.03396887508474277
1970-01-01 18:04:00,0.03794877173866917,0.3676108291954656,0.9358441069570004,0.031617349944646565
1970-01-01 18:05:00,0.03438018331853973,0.3670993586200784,0.9328102626932041,0.02919724715231753
1970-01-01 18:06:00,0.0306890992281173,0.36609833170866496,0.9298066231364727,0.026754681471335796
1970-01-01 18:07:00,0.02690998354303113,0.3646887463124931,0.9268916118235321,0.024331390012968235
1970-01-01 18:08:00,0.02307733254718063,0.362946492693619,0.9241198768007365,0.02196418460463773
1970-01-01 18:09:00,0.019225173669458934,0.36094114762340795,0.9215418221509442,0.019756708039308
1970-01-01 18:10:00,0.0153866129895806,0.3587350069429523,0.9192031603980353,0.018686752705787433
1970-01-01 18:11:00,0.011593440213352004,0.35638236408174534,0.9171444880399707,0.017777148870153834
1970-01-01 18:12:00,0.007875796934444401,0.3539290348397816,0.9154008882032643,0.017041873167100333
1970-01-01 18:13:00,0.0042619113442770975,0.3514121233857419,0.9140015655423103,0.016489727668978233
1970-01-01 18:14:00,0.0007779002615446659,0.3488600207061907,0.9129695190039357,0.016124384127260968
1970-01-01 18:15:00,-0.002552363088202001,0.346292623769688,0.9123212581856497,0.015944469892413732
1970-01-01 18:16:00,-0.005707320096292598,0.34372176055660186,0.9120665688757829,0.015943686654939167
1970-01-01 18:17:00,-0.008667744445435733,0.3411518022843609,0.9122083330628789,0.016110956086349635
1970-01-01 18:18:00,-0.011416717076281101,0.3385804395394895,0.9127424085035466,0.016430589609767766
1970-01-01 18:19:00,-0.013939570524293433,0.3359995939220135,0.9136575732047976,0.016882482607098768
1970-01-01 18:20:00,-0.0162238144952418,0.3333964317423829,0.9149355410361971,0.017442336112451134
1970-01-01 18:21:00,-0.01825905310266757,0.3307544419918167,0.9165510559166523,0.018081911244188467
1970-01-01 18:22:00,-0.020036902132233334,0.32805453815088154,0.9184720732291055,0.018769323168765766
1970-01-01 18:23:00,-0.021550912353854267,0.32527614345243555,0.9206600378581582,0.019469382236311367
1970-01-01 18:24:00,-0.02279650237217733,0.32239822268365037,0.9230702680127804,0.020143990120413967
1970-01-01 18:25:00,-0.023770902027467098,0.3194002301545577,0.9256524522894612,0.020752598421076202
1970-01-01 18:26:00,-0.024473105353816065,0.3162629515782623,0.9283512639785773,0.021252736364319198
1970-01-01 18:27:00,-0.024903830843709868,0.3129692254043894,0.9311070917907722,0.0216006130672473
1970-01-01 18:28:00,-0.025065486196981665,0.3095045353626331,0.9338568811134814,0.021751798428880198
1970-01-01 18:29:00,-0.024962134640002496,0.30585747086119136,0.936535075568326,0.021661985134710297
1970-01-01 18:30:00,-0.0245994601411635,0.30202005684300787,0.9390746448791091,0.021287832591173002
1970-01-01 18:31:00,-0.023984729316622235,0.29798796041851855,0.9414081812251487,0.0205878918696903
1970-01-01 18:32:00,-0.023126748365982833,0.29376058714725045,0.943469042378006,0.019523608929899034
1970-01-01 18:33:00,-0.022035813828328903,0.2893410836643125,0.9451925167238588,0.0180604014534024
1970-01-01 18:34:00,-0.020723656202540432,0.2847362641739202,0.9465169834478683,0.016168802453154964
1970-01-01 18:35:00,-0.019203375547642534,0.27995647593026074,0.947385040936752,0.013825661273721966
1970-01-01 18:36:00,-0.017489368172355566,0.27501541474011665,0.9477445775522515,0.0110153894281002
1970-01-01 18:37:00,-0.015597243577192934,0.2699298980833471,0.9475497607809213,0.007731234587967866
1970-01-01 18:38:00,-0.0135437310358964,0.2647196014922022,0.9467619230261919,0.003976560491029633
1970-01-01 18:39:00,-0.011346575587430067,0.2594067622635658,0.9453503249858213,0.0
1970-01-01 18:40:00,-0.0090244236259674,0.25401585227568607,0.9432927806587319,0.0
1970-01-01 18:41:00,-0.006596698561223399,0.24857321912345506,0.9405761312454678,0.0
1970-01-01 18:42:00,-0.004083467022836233,0.2431066938668204,0.937196558062606,0.0
1970-01-01 18:43:00,-0.0015052957230092332,0.23764516609643763,0.9331597268201842,0.0
1970-01-01 18:44:00,0.0011169014529982665,0.23221813268392055,0.9284807574367369,0.0
1970-01-01 18:45:00,0.0037620268452001997,0.22685523384964493,0.9231840155455634,0.0
1970-01-01 18:46:00,0.006408973293277667,0.2215857974222879,0.9173027244286255,0.0
1970-01-01 18:47:00,0.009036808793431867,0.2164384184925878,0.9108783994379706,0.0022961673645280002
1970-01-01 18:48:00,0.011624969984728867,0.2114406060630943,0.9039601110341845,0.004790693371440333
1970-01-01 18:49:00,0.014153461979137,0.20661852891518206,0.8966035874187989,0.007280732389555834
1970-01-01 18:50:00,0.0166030612745719,0.20199688768379342,0.8888701733384164,0.009740553134030999
1970-01-01 18:51:00,0.0189555177357659,0.1975989280381382,0.8808256678142263,0.012144547535897866
1970-01-01 18:52:00,0.021193750854493668,0.1934465920741122,0.8725390699587477,0.014467674422934099
1970-01-01 18:53:00,0.023302034887995867,0.18956078516021693,0.8640812681115372,0.016685909468237965
1970-01-01 18:54:00,0.025266167262628102,0.18596171836357955,0.8555237123029998,0.018776684211162367
1970-01-01 18:55:00,0.027073614967703368,0.18266927611846126,0.8469371122328465,0.020719297984077033
1970-01-01 18:56:00,0.028713634612197333,0.17970335670141022,0.8383902014916811,0.022495288709219633
1970-01-01 18:57:00,0.030177363300185372,0.1770841386700769,0.8299486037824405,0.024088751305613432
1970-01-01 18:58:00,0.031457879214009096,0.17483223724074493,0.8216738297152419,0.025486595434031534
1970-01-01 18:59:00,0.0325502323898235,0.17296872784107986,0.8136224248373679,0.026678737192525667
1970-01-01 19:00:00,0.03345144736887333,0.17151502792122594,0.8058452818010574,0.027658222010923966
1970-01-01 19:01:00,0.034160500180005195,0.1704926413506651,0.7983871223565443,0.028421278344189563
1970-01-01 19:02:00,0.0346782725581853,0.16992278089133106,0.791286148479947,0.02896730380494743
1970-01-01 19:03:00,0.03500748652089,0.16982589160082492,0.7845738566725934,0.029298787075351437
1970-01-01 19:04:00,0.03515262244114484,0.17022110084139785,0.7782750053816857,0.0294211703096972
1970-01-01 19:05:00,0.0351198235531608,0.17112561983308827,0.772407722454559,0.0293426578200008
1970-01-01 19:06:00,0.0349167893154623,0.17255411931570594,0.766983737357176,0.029073977638724397
1970-01-01 19:07:00,0.03455265916372723,0.1745180993374209,0.7620087214098411,0.028628103067209736
1970-01-01 19:08:00,0.034037887058231464,0.177025270896864,0.7574827183592348,0.0284283093362603
1970-01-01 19:09:00,0.0333841062483504,0.18007896506036883,0.7534006470746141,0.028279693555530238
1970-01-01 19:10:00,0.03260398317292397,0.18367758342355608,0.7497528580295838,0.027852673852709498
1970-01-01 19:11:00,0.03171105947544547,0.1878141027483402,0.7465257256264147,0.027145371944156668
1970-01-01 19:12:00,0.03071958163759503,0.19247564621160654,0.7437022593497752,0.02783792921070093
1970-01-01 19:13:00,0.029644318552866866,0.19764313335161746,0.741262717994663,0.029348863723504065
1970-01-01 19:14:00,0.028500368265111233,0.2032910200959348,0.739185212572317,0.0301784299011691
1970-01-01 19:15:00,0.027302955904245963,0.20938713953975943,0.7374462849756612,0.0303649733669763
1970-01-01 19:16:00,0.026067225514619496,0.2158926540288767,0.7360214512923416,0.029960278484952734
1970-01-01 19:17:00,0.024808029060847826,0.2227621295788175,0.7348857008718773,0.029340621765866767
1970-01-01 19:18:00,0.023539716454318866,0.22994374384195515,0.7340139446192652,0.028796937525727196
1970-01-01 19:19:00,0.02227593088832797,0.23737963750410107,0.733381407938833,0.0279440570579938
1970-01-01 19:20:00,0.021029413972604966,0.24500641546563437,0.7329639648098832,0.02682638127970283
1970-01-01 19:21:00,0.0198118250978164,0.2527557988952604,0.7327384097979022,0.02548789393864223
1970-01-01 19:22:00,0.01863357924264857,0.26055542369044427,0.7326826652382651,0.02397123558385363
1970-01-01 19:23:00,0.017503707151155595,0.2683297765601748,0.732775922168221,0.02231693715596747
1970-01-01 19:24:00,0.0164297414344305,0.2760012575462929,0.7329987159231854,0.020562816832415266
1970-01-01 19:25:00,0.015417631637450302,0.2834913567835491,0.7333329401841343,0.0187435398741015
1970-01-01 19:26:00,0.014471690680503996,0.29072193198658475,0.7337618060584151,0.016890337172381465
1970-01-01 19:27:00,0.013594574347849803,0.297616569525527,0.7342697550024081,0.015030873960932367
1970-01-01 19:28:00,0.012787294577318567,0.3041020051465192,0.734842335866115,0.013189255731239899
1970-01-01 19:29:00,0.012049266185805763,0.3101095715195273,0.7354660572536783,0.011386153941106899
1970-01-01 19:30:00,0.011378385524471568,0.3155766311599696,0.7361282269987236,0.009639029957484767
1970-01-01 19:31:00,0.010771138615815265,0.32044794704755913,0.7368167907749856,0.0079624321713076
1970-01-01 19:32:00,0.010222735647562764,0.32467694070412284,0.7375201814361737,0.006368338702565534
1970-01-01 19:33:00,0.009727268215869833,0.32822678850204595,0.7382271895215943,0.005014359504920033
1970-01-01 19:34:00,0.00927788533491893,0.33107131026583625,0.7389268636090839,0.004654526603268466
1970-01-01 19:35:00,0.008866983904400336,0.33319560853575897,0.7396084470161125,0.0043296946724578666
1970-01-01 19:36:00,0.008486409024435204,0.33459642236359816,0.7402613549312077,0.004037358964274733
1970-01-01 19:37:00,0.008127659256274003,0.33528216767607094,0.7408751936099653,0.003775856035313
1970-01-01 19:38:00,0.007782091678302933,0.33527264810182067,0.7414398209117962,0.0035443003391698665
1970-01-01 19:39:00,0.007441121536217232,0.33459843514767534,0.7419454451824464,0.003342436847760567
1970-01-01 19:40:00,0.007096411633755739,0.3332999332247641,0.7423827572710907,0.003170421755735267
1970-01-01 19:41:00,0.0067400473632114,0.3314261618667067,0.7427430883266294,0.0030285505018308
1970-01-01 19:42:00,0.006364694195302001,0.329033303149654,0.7430185841037339,0.0029169580071222666
1970-01-01 19:43:00,0.005963735281796366,0.32618307489316417,0.7432023851843454,0.002835319346952333
1970-01-01 19:44:00,-0.023212414338716934,0.04513465814180267,0.7356612747135766,0.0027825795458552662
1970-01-01 19:45:00,-0.023705200947472627,0.0416698077613745,0.7357166153065172,0.002934838051491634
1970-01-01 19:46:00,0.0045540979527682645,0.3155518069487466,0.7431535116227187,0.0032478383198011
1970-01-01 19:47:00,0.004002481098717804,0.31153903300094643,0.7429275870293454,0.0035024119912491335
1970-01-01 19:48:00,0.0034061934961540363,0.3073999294330582,0.7425960171687404,0.0036901057962369665
1970-01-01 19:49:00,0.0027645483236214685,0.3031939290284795,0.742160784237134,0.0038024147902001003
1970-01-01 19:50:00,0.002077898233344163,0.29897516261419216,0.741625522754187,0.0038310431968937336
1970-01-01 19:51:00,0.0013475891500729642,0.29479159299019364,0.740995461227092,0.0037682619370002
1970-01-01 19:52:00,0.000575893853876098,0.2906844088956648,0.7402773197441085,0.003607324689692566
1970-01-01 19:53:00,-0.0002340726171763674,0.2866876868626796,0.7394791642909896,0.0033429003630251
1970-01-01 19:54:00,-0.001078453253609904,0.2828283200226815,0.738610219725698,0.002971479624034134
1970-01-01 19:55:00,-0.0019527621484436986,0.2791262049804565,0.7376806447858265,0.0028534652868393334
1970-01-01 19:56:00,-0.002852007214508632,0.2755946709076469,0.7367012742540019,0.0027545173077030334
1970-01-01 19:57:00,-0.0037708195121073005,0.2722411287320525,0.7356833352808304,0.0026137532228848333
1970-01-01 19:58:00,-0.004703586657176202,0.2690679124230418,0.7346381465950671,0.002428762309631733
1970-01-01 19:59:00,-0.005644588389163198,0.2660732789266322,0.733576810665251,0.002198275368036267
1970-01-01 20:00:00,-0.0065881326852665345,0.2632525286131992,0.7325099095544633,0.0019220093126566667
1970-01-01 20:01:00,-0.007528690662166567,0.2605992048614385,0.7314472149566132,0.0016004288420885333
1970-01-01 20:02:00,-0.008461028056898698,0.2581063305845857,0.7303974216182474,0.001234440016596
1970-01-01 20:03:00,-0.0093803305636418,0.25576764144092445,0.7293679113286483,0.0008250345724253666
1970-01-01 20:04:00,-0.01028231993325907,0.2535787791261501,0.7283645524677512,0.00037290658009953335
1970-01-01 20:05:00,-0.011163357653137066,0.2515384120851336,0.7273915380953961,0.0
1970-01-01 20:06:00,-0.012020533227085664,0.24964925458900358,0.7264512636606764,0.0
1970-01-01 20:07:00,-0.012851734494387904,0.24791895808209588,0.725544243472623,0.0
1970-01-01 20:08:00,-0.04350929737824157,-0.03802583984273977,0.7243301634105146,0.0
1970-01-01 20:09:00,-0.04430916303314907,-0.039497114307312974,0.7236285376598278,0.0
1970-01-01 20:10:00,-0.045077880390513865,-0.04071985378901063,0.7229253970996282,0.0
1970-01-01 20:11:00,-0.0458163114525696,-0.04166292247587766,0.7222138620616477,0.0
1970-01-01 20:12:00,-0.04652605703162,-0.042288871719559105,0.7214852207610027,0.0
1970-01-01 20:13:00,-0.04720939435451091,-0.042554265493654264,0.720728986085847,0.0
1970-01-01 20:14:00,-0.04786919573850901,-0.04241028718622943,0.7199329840816021,0.0
1970-01-01 20:15:00,-0.04850883091503156,-0.04180362540347923,0.719083474979502,0.0
1970-01-01 20:16:00,-0.04913205627939384,-0.0406776200822092,0.7181653066662309,0.0
1970-01-01 20:17:00,-0.04974289481617713,-0.038973634266165035,0.7171620993692956,0.0
1970-01-01 20:18:00,-0.05034551073538553,-0.03663260317810543,0.716056459496112,0.0
1970-01-01 20:19:00,-0.0509440829183801,-0.0335967011969061,0.7148302201675788,0.0
1970-01-01 20:20:00,-0.0515426811213919,-0.029811059566468828,0.7134647057831288,0.0
1970-01-01 20:21:00,-0.05214514860496744,-0.025225464607414667,0.711941017539353,0.0
1970-01-01 20:22:00,-0.023187472988370362,0.2641157403330401,0.7107406110458583,0.0
1970-01-01 20:23:00,-0.023906508551188737,0.270320854306693,0.7090389178041768,0.0
1970-01-01 20:24:00,-0.02465266414661103,0.27743663568365096,0.7071495806343483,0.0
1970-01-01 20:25:00,-0.025428139582871795,0.28548199692934323,0.7050559054985444,0.0
1970-01-01 20:26:00,-0.02623429033745373,0.29446481517523454,0.7027423240867144,0.0
1970-01-01 20:27:00,-0.027071565670300567,0.30438144900918307,0.7001946274235767,0.0
1970-01-01 20:28:00,-0.027939461958920737,0.3152165636634851,0.6974001748426435,0.0
1970-01-01 20:29:00,-0.028836488325375432,0.32694326397137274,0.6943480744093633,0.0
1970-01-01 20:30:00,-0.0297601412779199,0.33952351982334456,0.6910293321296889,0.0
1970-01-01 20:31:00,-0.030706885740060235,0.3529088543315893,0.6874369685997817,0.0
1970-01-01 20:32:00,-0.031672141275578304,0.3670412515363765,0.6835661034470889,0.0
1970-01-01 20:33:00,-0.03265027389760276,0.3818542293110041,0.6794140102607714,0.0
1970-01-01 20:34:00,-0.03363459488592999,0.3972740153024887,0.6749801476698201,0.0
1970-01-01 20:35:00,-0.03461736833232917,0.41322076062782825,0.6702661752257288,0.0
1970-01-01 20:36:00,-0.03558982903731053,0.4296097290588666,0.6652759647863146,0.0
1970-01-01 20:37:00,-0.036542212345289704,0.4463524091305204,0.6600156182277641,0.0
1970-01-01 20:38:00,-0.03746379768129237,0.4633575117173338,0.6544935002111081,0.0
1970-01-01 20:39:00,-0.038342967776727764,0.4805318335731286,0.6487202909067178,0.0
1970-01-01 20:40:00,-0.039167285655685634,0.4977809857487682,0.6427090589068606,0.0
1970-01-01 20:41:00,-0.03992359141594074,0.5150100030944268,0.6364753496103605,0.0
1970-01-01 20:42:00,-0.040598120770682,0.5321238657454447,0.6300372793637775,0.0
1970-01-01 20:43:00,-0.04117664712876127,0.5490279737414276,0.6234156209855859,0.00016190222864866666
1970-01-01 20:44:00,-0.06768152115719663,0.28229772487485233,0.6089186289545832,0.0008714712683124999
1970-01-01 20:45:00,-0.06804455068931833,0.2984800350792804,0.601923531113059,0.0015850356314108
1970-01-01 20:46:00,-0.0683189291304778,0.3141814349510406,0.5949064194345532,0.0022949972479076666
1970-01-01 20:47:00,-0.0684951824477611,0.32931565342506947,0.5879082030280628,0.0029930169761944667
1970-01-01 20:48:00,-0.042122009443446136,0.6271847587320017,0.5884696751442379,0.0036701313353593667
1970-01-01 20:49:00,-0.041823882695129266,0.6409343779868267,0.581332149496888,0.004316903417208333
1970-01-01 20:50:00,-0.04133409072282981,0.6538717212533433,0.5742286268414287,0.004923606695420866
1970-01-01 20:51:00,-0.040642444801263194,0.6659283450232679,0.5671982404580708,0.005480437430545167
1970-01-01 20:52:00,-0.039740381082737336,0.6770428599152266,0.5602811220570125,0.0059777484704241005
1970-01-01 20:53:00,-0.03862117689415853,0.6871617681852161,0.5535179770817718,0.006406294945306133
1970-01-01 20:54:00,-0.03728013558368636,0.6962402118061634,0.5469496559663131,0.006757481040053966
1970-01-01 20:55:00,-0.03571473476987227,0.7042426073515898,0.5406167323820056,0.0070235968193088335
1970-01-01 20:56:00,-0.03392473476348496,0.7111431487477086,0.534559097421595,0.0071980348611570995
1970-01-01 20:57:00,-0.03191224579386726,0.7169261630141589,0.5288155769097495,0.007275477959540067
1970-01-01 20:58:00,-0.029681754462259968,0.7215863081929174,0.523423577141117,0.0072520510957808995
1970-01-01 20:59:00,-0.027240111505069897,0.7251286071866992,0.5184187620244153,0.007125433005767933
1970-01-01 21:00:00,-0.0245964843181752,0.7275683158379375,0.5138347621545895,0.006894924790334333
1970-01-01 21:01:00,-0.021762278555555903,0.7289306277247306,0.5097029143098899,0.006561474978382433
1970-01-01 21:02:00,-0.018751033294846498,0.729250221647764,0.5060520285788837,0.0061276621196802335
1970-01-01 21:03:00,-0.015578293749333191,0.7285706608068955,0.5029081796718086,0.005597637256658766
1970-01-01 21:04:00,-0.012261464543282335,0.7269436554612275,0.5002945186988454,0.0049770294773245
1970-01-01 21:05:00,-0.008819645532785905,0.7244282035635332,0.49823110161891737,0.004272818248773667
1970-01-01 21:06:00,-0.00527345132112166,0.7210896263953638,0.49673473065235035,0.0034931764876714668
1970-01-01 21:07:00,-0.0016448150494005702,0.7169985181906,0.4958188053319739,0.0026472884396118667
1970-01-01 21:08:00,0.0020432233016561365,0.7122296294083679,0.49549318073252446,0.0017451464594435667
1970-01-01 21:09:00,0.005766743973484506,0.7068607023911534,0.4957640318212249,0.0007973307611927333
1970-01-01 21:10:00,0.00950118949365624,0.7009712764853648,0.49663372454920274,0.0
1970-01-01 21:11:00,0.01322162067524433,0.694641478921417,0.4981006958115286,0.0
1970-01-01 21:12:00,0.016902984332315005,0.6879508188639019,0.5001593454597574,0.0
1970-01-01 21:13:00,0.02052038912144777,0.6809770048351206,0.5027999441921068,0.0
1970-01-01 21:14:00,0.02404938461012536,0.6737948092138378,0.5060085616422555,0.0
1970-01-01 21:15:00,0.0274662375622014,0.666475006572283,0.5097670196354979,0.0
1970-01-01 21:16:00,0.030748198551185327,0.659083414148164,0.5140528764598208,0.0
1970-01-01 21:17:00,0.033873751481570666,0.6516800619347786,0.5188394487790704,0.0
1970-01-01 21:18:00,0.03682283864684843,0.6443185166031968,0.5240958777543135,0.0
1970-01-01 21:19:00,0.039577054734783165,0.6370453785348467,0.5297872442255681,0.0
1970-01-01 21:20:00,0.0421198046106914,0.6298999656955134,0.5358747342344726,0.0
1970-01-01 21:21:00,0.04443642147070711,0.6229141922155191,0.5423158516292964,0.0
1970-01-01 21:22:00,0.046514243794502,0.6161126425302642,0.5490646705842392,0.0
1970-01-01 21:23:00,0.048342651366636534,0.6095128327823254,0.5560721187693934,0.0
1970-01-01 21:24:00,0.049913062532019326,0.603125640411441,0.5632862816080616,0.0
1970-01-01 21:25:00,0.0512188968381062,0.5969558731102528,0.5706527186421174,0.0
1970-01-01 21:26:00,0.05225550920398176,0.5910029426974105,0.5781147836372819,0.0
1970-01-01 21:27:00,0.05302010345662017,0.5852616091341832,0.5856139405518573,0.0
1970-01-01 21:28:00,0.05351163402901086,0.5797227637467524,0.5930900683689465,0.0
1970-01-01 21:29:00,0.053730704440478894,0.5743742267472411,0.6004817495865734,0.0
1970-01-01 21:30:00,0.0536794698650293,0.5692015405486234,0.6077265398444266,0.0
1970-01-01 21:31:00,0.053361548991329534,0.5641887450736544,0.614761219139285,0.0
1970-01-01 21:32:00,0.052781947903171166,0.5593191220772883,0.6215220276048113,0.0
1970-01-01 21:33:00,0.05194699614314083,0.5545758919069776,0.6279448905504804,0.0
1970-01-01 21:34:00,0.0508642927492095,0.5499428405440158,0.6339656386842624,0.0
1970-01-01 21:35:00,0.04954265834273786,0.5454048511039414,0.6395202307522608,0.0
1970-01-01 21:36:00,0.04799208869842506,0.5409483148430291,0.6445449872192819,0.0
1970-01-01 21:37:00,0.04622370550925461,0.5365614023959898,0.6489768444152866,0.0
1970-01-01 21:38:00,0.044249700746275496,0.5322341852766477,0.6527536381378277,0.0
1970-01-01 21:39:00,0.0420832718434331,0.5279586091257155,0.6558144239288789,0.0
1970-01-01 21:40:00,0.039738546027923566,0.5237283323550896,0.6580998385261874,0.0
1970-01-01 21:41:00,0.03723049340287776,0.5195384549340238,0.6595525039938716,0.0
1970-01-01 21:42:00,0.0345748294136321,0.5153851698274775,0.6601174735011538,0.0
1970-01-01 21:43:00,0.03178790768724857,0.5112653723372749,0.6597427160671973,0.0
1970-01-01 21:44:00,0.0288866039569645,0.5071762604043006,0.6583796366212377,0.0
1970-01-01 21:45:00,0.025888191193573436,0.5031149533973833,0.6559836268109955,0.0
1970-01-01 21:46:00,0.02281020547092177,0.4990781498786494,0.6525146406445721,0.0
1970-01-01 21:47:00,0.019670301700097665,0.49506183772334017,0.6479377872889543,0.0
1970-01-01 21:48:00,0.016486098396743,0.49106106373278263,0.642223931573899,0.0
1970-01-01 21:49:00,0.013275011390644367,0.487069765105198,0.6353502913419934,0.0
1970-01-01 21:50:00,0.010054078061360933,0.48308066258731436,0.62730101979424,0.0
1970-01-01 21:51:00,0.0068397761183586646,0.47908521557249245,0.6180677602486849,0.0
1970-01-01 21:52:00,0.0036478434253128986,0.47507364192702634,0.6076501602373668,0.0
1970-01-01 21:53:00,-0.01038310527043673,0.181214703013991,0.617068516622877,0.0
1970-01-01 21:54:00,-0.0133901389741661,0.17710683545461678,0.6043434998343279,0.0
1970-01-01 21:55:00,-0.0164009461622795,0.1729627424783768,0.5905458057358887,0.0
1970-01-01 21:56:00,-0.0193974606213449,0.1687678463789758,0.5757040646959283,0.0
1970-01-01 21:57:00,-0.022362821579181697,0.16450741627198864,0.5598562749740764,0.0
1970-01-01 21:58:00,-0.0252815110858549,0.1601669895675526,0.5430499225163158,0.0
1970-01-01 21:59:00,-0.028139450314513436,0.15573282069895347,0.5253419655076846,0.0
1970-01-01 22:00:00,-0.03910978226452581,0.11708366732018834,0.4259079123800678,0.0
1970-01-01 22:01:00,-0.041809985244111336,0.11242593587121291,0.4066045480097514,0.0
1970-01-01 22:02:00,-0.04441621689832523,0.1076420719776044,0.38662489187839894,0.0
1970-01-01 22:03:00,-0.046920366174804364,0.10272564513430281,0.3660605985074365,0.0
1970-01-01 22:04:00,-0.04931571456254653,0.0976730191151005,0.34501039344181156,0.0
1970-01-01 22:05:00,-0.05159685424190203,0.0924836398126702,0.3235791178030773,0.0
1970-01-01 22:06:00,-0.05375959556336523,0.08716026089654301,0.30187663600504616,0.0
1970-01-01 22:07:00,-0.055800869641453636,0.08170909942744398,0.28001662674910716,0.0
1970-01-01 22:08:00,-0.057718631225323835,0.07613991166294125,0.2581152802744821,0.0
1970-01-01 22:09:00,-0.0595117661969323,0.07046597927262754,0.23628992560645393,0.0
1970-01-01 22:10:00,-0.0611800071414886,0.06470399865605425,0.2146576112002374,0.0
1970-01-01 22:11:00,-0.0627238593079859,0.058873870082609914,0.19333366231061724,0.0
1970-01-01 22:12:00,-0.06414453782597314,0.05299838802429916,0.17243023952666525,0.0
1970-01-01 22:13:00,-0.06544391536731926,0.047102839140633734,0.15205492537553925,0.0
1970-01-01 22:14:00,-0.06662447785251234,0.04121452007065881,0.13230936921753617,0.0
1970-01-01 22:15:00,-0.06768928475601603,0.035362193130032825,0.1132880233203223,0.0
1970-01-01 22:16:00,-0.06864193040536563,0.02957550272535958,0.09507700285872106,0.0
1970-01-01 22:17:00,-0.06948650335433797,0.02388437702252529,0.07775309858703906,0.0
1970-01-01 22:18:00,-0.07022754207453637,0.018318437732369002,0.06138296419252096,0.0001499885010765
1970-01-01 22:19:00,-0.0708699864004292,0.012906437095292786,0.04602249285487329,0.002312379232259
1970-01-01 22:20:00,-0.07141912503681666,0.007675736941882394,0.031716390482423334,0.004064601646454567
1970-01-01 22:21:00,-0.07188053989385407,0.0026518409756116266,0.018497946760680766,0.006784675729774367
1970-01-01 22:22:00,-0.07226004817927593,-0.002142011734786268,0.006388999614996699,0.011137934383769166
1970-01-01 22:23:00,-0.07256364321699547,-0.006685186799228138,-0.004599915968212566,0.014965152482126933
1970-01-01 22:24:00,-0.07279743495615633,-0.010959925228808695,-0.014469247593820464,0.018251378800911735
1970-01-01 22:25:00,-0.07296759110308557,-0.014951544064317165,-0.023229949365250104,0.020991847769860367
1970-01-01 22:26:00,-0.07308027975532742,-0.01864856792590071,-0.030902868017255503,0.023191480165433265
1970-01-01 22:27:00,-0.07314161434632434,-0.02204279400483633,-0.037518010743750295,0.024864171043623966
1970-01-01 22:28:00,-0.07315760162502453,-0.02512929425842107,-0.04311371506861774,0.0260319049974726
1970-01-01 22:29:00,-0.07313409330007357,-0.02790635956060013,-0.0477357414347415,0.02672374010236327
1970-01-01 22:30:00,-0.07307674187668377,-0.03037539132266187,-0.051436309031073026,0.026974701189435204
1970-01-01 22:31:00,-0.07299096110925724,-0.032540746649515416,-0.05427309480627707,0.026824620972342367
1970-01-01 22:32:00,-0.07288189138757403,-0.03440954345738182,-0.0563082146951658,0.026316964513702065
1970-01-01 22:33:00,-0.07275437027126634,-0.03599143216751355,-0.057607204872637464,0.025501985844523633
1970-01-01 22:34:00,-0.07261290828779043,-0.03729834062662115,-0.05823801940751377,0.025705609048696367
1970-01-01 22:35:00,-0.07246167001394167,-0.03834419880642773,-0.0582700590702608,0.025682959086009764
1970-01-01 22:36:00,-0.07230446037098677,-0.03914464962030776,-0.05777324430626124,0.025459404963914134
1970-01-01 22:37:00,-0.0721447159803989,-0.03971675188200937,-0.056817143570595974,0.0250617088003999
1970-01-01 22:38:00,-0.0719855013535076,-0.0400786810373126,-0.05547016637844793,0.024517298774498136
1970-01-01 22:39:00,-0.0718295096262772,-0.040249432841234244,-0.053798828596719334,0.023853598165920666
1970-01-01 22:40:00,-0.07167906750051636,-0.04024853464740352,-0.05186709571660574,0.0230974226948748
1970-01-01 22:41:00,-0.07153614401442067,-0.040095768437176736,-0.04973580812617337,0.022274455587079866
1970-01-01 22:42:00,-0.07140236273776794,-0.039810909156731765,-0.04746219076647956,0.021408806896502434
1970-01-01 22:43:00,-0.07127901697024162,-0.039413481362142844,-0.045099448023030696,0.020522660669231165
1970-01-01 22:44:00,-0.0711670875153446,-0.03892253660566769,-0.04269644329224593,0.019636010602584766
1970-01-01 22:45:00,-0.07106726260639046,-0.03835645344101146,-0.04029746138253813,0.018766482041623633
1970-01-01 22:46:00,-0.07097995957259266,-0.03773276139041289,-0.037942050770700765,0.0179292355707563
1970-01-01 22:47:00,-0.07090534784846124,-0.037067989710134884,-0.0356649417425109,0.017136945211654167
1970-01-01 22:48:00,-0.070843372945451,-0.03637754131946932,-0.033496035605012964,0.016399842428291
1970-01-01 22:49:00,-0.07079378102051577,-0.03567559182558803,-0.031460459467010905,0.015725815839618868
1970-01-01 22:50:00,-0.07075614369340216,-0.03497501318465387,-0.029578680541018327,0.0151205557912107
1970-01-01 22:51:00,-0.0707298827847443,-0.03428732119002501,-0.027866673519061597,0.014587732742227966
1970-01-01 22:52:00,-0.0144622442466312,-0.34671154622130734,0.017668005223888398,0.014129198748055702
1970-01-01 22:53:00,-0.07070857397677653,-0.03298972203739244,-0.024994733285480835,0.0137452020928673
1970-01-01 22:54:00,-0.0707118363618845,-0.03239590254577126,-0.023846401174310538,0.013434606255651967
1970-01-01 22:55:00,-0.07072314017545726,-0.03184718558048923,-0.022891640811749766,0.0131951057678757
1970-01-01 22:56:00,-0.07074150680037396,-0.0313482610040872,-0.02212785816471584,0.013023433026596866
1970-01-01 22:57:00,-0.07076593952735996,-0.03090256963239646,-0.021549706302202,0.012915551655041999
1970-01-01 22:58:00,-0.0707954408373948,-0.030512374796877368,-0.021149436335631905,0.012866833459294201
1970-01-01 22:59:00,-0.070829027999768,-0.0301788439568413,-0.020917249756002735,0.012872217340814734
1970-01-01 23:00:00,-0.07086574692355667,-0.02990213834321842,-0.020841647050288528,0.0129263496388303
1970-01-01 23:01:00,-0.07090468422936103,-0.029681508666137318,-0.020909767973429697,0.0130237062659167
1970-01-01 23:02:00,-0.0567222429362303,0.31578592763156466,-0.04603637661851293,0.0
1970-01-01 23:03:00,-0.0709858239795127,-0.029401529027008433,-0.02142088700680717,0.013325757986046233
1970-01-01 23:04:00,-0.07102648701488933,-0.02933703705397143,-0.02183422831943996,0.013519420340305066
1970-01-01 23:05:00,-0.07106630155137279,-0.02931854212018566,-0.022332543720977167,0.013734379607325533
1970-01-01 23:06:00,-0.07110467751477537,-0.02934226394621331,-0.022900724395201303,0.013965544767751867
1970-01-01 23:07:00,-0.07114110192519603,-0.029404115395500845,-0.02352397521331827,0.014208082127116732
1970-01-01 23:08:00,-0.07117513960088558,-0.029499794393848384,-0.024188011800031273,0.014457450804399365
1970-01-01 23:09:00,-0.07120643260608472,-0.02962487037960626,-0.02487923126488183,0.014709431552008866
1970-01-01 23:10:00,-0.07123469856858387,-0.02977486452241766,-0.02558485653908753,0.0149601497385244
1970-01-01 23:11:00,-0.07125972799797643,-0.02994532310672371,-0.026293054649084966,0.0152060931017191
1970-01-01 23:12:00,-0.07128138073845385,-0.030131883629842537,-0.026993029608817564,0.015444124689037234
1970-01-01 23:13:00,-0.0712995816905318,-0.0303303333111052,-0.027675090921638,0.015671491253986133
1970-01-01 23:14:00,-0.07131431593444167,-0.030536659846511067,-0.028330698949086432,0.015885827272924435
1970-01-01 23:15:00,-0.07132562338426567,-0.030747094371473344,-0.02895248862818633,0.016085154686470867
1970-01-01 23:16:00,-0.014557408119486298,-0.34865953742240124,0.021109621338957035,0.0162678784492265
1970-01-01 23:17:00,-0.0145772239905946,-0.34884849257831824,0.020701845162569767,0.0164327779847472
1970-01-01 23:18:00,-0.014594796025951802,-0.349017212533278,0.0203129166288177,0.016578994682568068
1970-01-01 23:19:00,-0.014610018842151533,-0.3491650180644261,0.019947013161328367,0.016706015632689666
1970-01-01 23:20:00,-0.014622832256959234,-0.3492916090570997,0.019607581728796102,0.0168136538622791
1970-01-01 23:21:00,-0.014633218006165967,-0.34939703429504404,0.019297354013921835,0.016902025411792167
1970-01-01 23:22:00,-0.014641196114547466,-0.34948165870638276,0.01901837098766933,0.016971523656765866
1970-01-01 23:23:00,-0.014646821009112534,-0.34954612880206043,0.018772015642204532,0.01702279134190447
1970-01-01 23:24:00,-0.0146501774590521,-0.3495913370028247,0.018559052628703335,0.017056690841840933
1970-01-01 23:25:00,0.0,0.0,0.0,0.0
1970-01-01 23:26:00,0.0,0.0,0.0,0.0
1970-01-01 23:27:00,0.0,0.0,0.0,0.0
1970-01-01 23:28:00,0.0,0.0,0.0,0.0
1970-01-01 23:29:00,0.0,0.0,0.0,0.0
1970-01-01 23:30:00,0.0,0.0,0.0,0.0
1970-01-01 23:31:00,0.0,0.0,0.0,0.0
1970-01-01 23:32:00,0.0,0.0,0.0,0.0
1970-01-01 23:33:00,0.0,0.0,0.0,0.0
1970-01-01 23:34:00,0.0,0.0,0.0,0.0
1970-01-01 23:35:00,0.0,0.0,0.0,0.0
1970-01-01 23:36:00,0.0,0.0,0.0,0.0
1970-01-01 23:37:00,0.0,0.0,0.0,0.0
1970-01-01 23:38:00,0.0,0.0,0.0,0.0
1970-01-01 23:39:00,0.0,0.0,0.0,0.0
1970-01-01 23:40:00,0.0,0.0,0.0,0.0
1970-01-01 23:41:00,0.0,0.0,0.0,0.0
1970-01-01 23:42:00,0.0,0.0,0.0,0.0
1970-01-01 23:43:00,0.0,0.0,0.0,0.0
1970-01-01 23:44:00,0.0,0.0,0.0,0.0
1970-01-01 23:45:00,0.0,0.0,0.0,0.0
1970-01-01 23:46:00,0.0,0.0,0.0,0.0
1970-01-01 23:47:00,0.0,0.0,0.0,0.0
1970-01-01 23:48:00,0.0,0.0,0.0,0.0
1970-01-01 23:49:00,0.0,0.0,0.0,0.0
1970-01-01 23:50:00,0.0,0.0,0.0,0.0
1970-01-01 23:51:00,0.0,0.0,0.0,0.0
1970-01-01 23:52:00,0.0,0.0,0.0,0.0
1970-01-01 23:53:00,0.0,0.0,0.0,0.0
1970-01-01 23:54:00,0.0,0.0,0.0,0.0
1970-01-01 23:55:00,0.0,0.0,0.0,0.0
1970-01-01 23:56:00,0.0,0.0,0.0,0.0
1970-01-01 23:57:00,0.0,0.0,0.0,0.0
1970-01-01 23:58:00,0.0,0.0,0.0,0.0
1970-01-01 23:59:00,0.0,0.0,0.0,0.0
1970-01-02 00:00:00,0.0,0.0,0.0,0.0
1970-01-02 00:01:00,0.0,0.0,0.0,0.0
1970-01-02 00:02:00,0.0,0.0,0.0,0.0
1970-01-02 00:03:00,0.0,0.0,0.0,0.0
1970-01-02 00:04:00,0.0,0.0,0.0,0.0
1970-01-02 00:05:00,0.0,0.0,0.0,0.0
1970-01-02 00:06:00,0.0,0.0,0.0,0.0
1970-01-02 00:07:00,0.0,0.0,0.0,0.0
1970-01-02 00:08:00,0.0,0.0,0.0,0.0
1970-01-02 00:09:00,0.0,0.0,0.0,0.0
1970-01-02 00:10:00,0.0,0.0,0.0,0.0
1970-01-02 00:11:00,0.0,0.0,0.0,0.0
1970-01-02 00:12:00,0.0,0.0,0.0,0.0
1970-01-02 00:13:00,0.0,0.0,0.0,0.0
1970-01-02 00:14:00,0.0,0.0,0.0,0.0
1970-01-02 00:15:00,0.0,0.0,0.0,0.0
1970-01-02 00:16:00,0.0,0.0,0.0,0.0
1970-01-02 00:17:00,0.0,0.0,0.0,0.0
1970-01-02 00:18:00,0.0,0.0,0.0,0.0
1970-01-02 00:19:00,0.0,0.0,0.0,0.0
1970-01-02 00:20:00,0.0,0.0,0.0,0.0
1970-01-02 00:21:00,0.0,0.0,0.0,0.0
1970-01-02 00:22:00,0.0,0.0,0.0,0.0
1970-01-02 00:23:00,0.0,0.0,0.0,0.0
1970-01-02 00:24:00,0.0,0.0,0.0,0.0
1970-01-02 00:25:00,0.0,0.0,0.0,0.0
1970-01-02 00:26:00,0.0,0.0,0.0,0.0
1970-01-02 00:27:00,0.0,0.0,0.0,0.0
1970-01-02 00:28:00,0.0,0.0,0.0,0.0
1970-01-02 00:29:00,0.0,0.0,0.0,0.0
1970-01-02 00:30:00,0.0,0.0,0.0,0.0
1970-01-02 00:31:00,0.0,0.0,0.0,0.0
1970-01-02 00:32:00,0.0,0.0,0.0,0.0
1970-01-02 00:33:00,0.0,0.0,0.0,0.0
1970-01-02 00:34:00,0.0,0.0,0.0,0.0
1970-01-02 00:35:00,0.0,0.0,0.0,0.0
1970-01-02 00:36:00,0.0,0.0,0.0,0.0
1970-01-02 00:37:00,0.0,0.0,0.0,0.0
1970-01-02 00:38:00,0.0,0.0,0.0,0.0
1970-01-02 00:39:00,0.0,0.0,0.0,0.0
1970-01-02 00:40:00,0.0,0.0,0.0,0.0
1970-01-02 00:41:00,0.0,0.0,0.0,0.0
1970-01-02 00:42:00,0.0,0.0,0.0,0.0
1970-01-02 00:43:00,0.0,0.0,0.0,0.0
1970-01-02 00:44:00,0.0,0.0,0.0,0.0
1970-01-02 00:45:00,0.0,0.0,0.0,0.0
1970-01-02 00:46:00,0.0,0.0,0.0,0.0
1970-01-02 00:47:00,0.0,0.0,0.0,0.0
1970-01-02 00:48:00,0.0,0.0,0.0,0.0
1970-01-02 00:49:00,0.0,0.0,0.0,0.0
1970-01-02 00:50:00,0.0,0.0,0.0,0.0
1970-01-02 00:51:00,0.0,0.0,0.0,0.0
1970-01-02 00:52:00,0.0,0.0,0.0,0.0
1970-01-02 00:53:00,0.0,0.0,0.0,0.0
1970-01-02 00:54:00,0.0,0.0,0.0,0.0
1970-01-02 00:55:00,0.0,0.0,0.0,0.0
1970-01-02 00:56:00,0.0,0.0,0.0,0.0
1970-01-02 00:57:00,0.0,0.0,0.0,0.0
1970-01-02 00:58:00,0.0,0.0,0.0,0.0
1970-01-02 00:59:00,0.0,0.0,0.0,0.0
1970-01-02 01:00:00,0.0,0.0,0.0,0.0
1970-01-02 01:01:00,0.0,0.0,0.0,0.0
1970-01-02 01:02:00,0.0,0.0,0.0,0.0
1970-01-02 01:03:00,0.0,0.0,0.0,0.0
1970-01-02 01:04:00,0.0,0.0,0.0,0.0
1970-01-02 01:05:00,0.0,0.0,0.0,0.0
1970-01-02 01:06:00,0.0,0.0,0.0,0.0
1970-01-02 01:07:00,0.0,0.0,0.0,0.0
1970-01-02 01:08:00,0.0,0.0,0.0,0.0
1970-01-02 01:09:00,0.0,0.0,0.0,0.0
1970-01-02 01:10:00,0.0,0.0,0.0,0.0
1970-01-02 01:11:00,0.0,0.0,0.0,0.0
1970-01-02 01:12:00,0.0,0.0,0.0,0.0
1970-01-02 01:13:00,0.0,0.0,0.0,0.0
1970-01-02 01:14:00,0.0,0.0,0.0,0.0
1970-01-02 01:15:00,0.0,0.0,0.0,0.0
1970-01-02 01:16:00,0.0,0.0,0.0,0.0
1970-01-02 01:17:00,0.0,0.0,0.0,0.0
1970-01-02 01:18:00,0.0,0.0,0.0,0.0
1970-01-02 01:19:00,0.0,0.0,0.0,0.0
1970-01-02 01:20:00,0.0,0.0,0.0,0.0
1970-01-02 01:21:00,0.0,0.0,0.0,0.0
1970-01-02 01:22:00,0.0,0.0,0.0,0.0
1970-01-02 01:23:00,0.0,0.0,0.0,0.0
1970-01-02 01:24:00,0.0,0.0,0.0,0.0
1970-01-02 01:25:00,0.0,0.0,0.0,0.0
1970-01-02 01:26:00,0.0,0.0,0.0,0.0
1970-01-02 01:27:00,0.0,0.0,0.0,0.0
1970-01-02 01:28:00,0.0,0.0,0.0,0.0
1970-01-02 01:29:00,0.0,0.0,0.0,0.0
1970-01-02 01:30:00,0.0,0.0,0.0,0.0
1970-01-02 01:31:00,0.0,0.0,0.0,0.0
1970-01-02 01:32:00,0.0,0.0,0.0,0.0
1970-01-02 01:33:00,0.0,0.0,0.0,0.0
1970-01-02 01:34:00,0.0,0.0,0.0,0.0
1970-01-02 01:35:00,0.0,0.0,0.0,0.0
1970-01-02 01:36:00,0.0,0.0,0.0,0.0
1970-01-02 01:37:00,0.0,0.0,0.0,0.0
1970-01-02 01:38:00,0.0,0.0,0.0,0.0
1970-01-02 01:39:00,0.0,0.0,0.0,0.0
1970-01-02 01:40:00,0.0,0.0,0.0,0.0
1970-01-02 01:41:00,0.0,0.0,0.0,0.0
1970-01-02 01:42:00,0.0,0.0,0.0,0.0
1970-01-02 01:43:00,0.0,0.0,0.0,0.0
1970-01-02 01:44:00,0.0,0.0,0.0,0.0
1970-01-02 01:45:00,0.0,0.0,0.0,0.0
1970-01-02 01:46:00,0.0,0.0,0.0,0.0
1970-01-02 01:47:00,0.0,0.0,0.0,0.0
1970-01-02 01:48:00,0.0,0.0,0.0,0.0
1970-01-02 01:49:00,0.0,0.0,0.0,0.0
1970-01-02 01:50:00,0.0,0.0,0.0,0.0
1970-01-02 01:51:00,0.0,0.0,0.0,0.0
1970-01-02 01:52:00,0.0,0.0,0.0,0.0
1970-01-02 01:53:00,0.0,0.0,0.0,0.0
1970-01-02 01:54:00,0.0,0.0,0.0,0.0
1970-01-02 01:55:00,0.0,0.0,0.0,0.0
1970-01-02 01:56:00,0.0,0.0,0.0,0.0
1970-01-02 01:57:00,0.0,0.0,0.0,0.0
1970-01-02 01:58:00,0.0,0.0,0.0,0.0
1970-01-02 01:59:00,0.0,0.0,0.0,0.0
1970-01-02 02:00:00,0.0,0.0,0.0,0.0
1970-01-02 02:01:00,0.0,0.0,0.0,0.0
1970-01-02 02:02:00,0.0,0.0,0.0,0.0
1970-01-02 02:03:00,0.0,0.0,0.0,0.0
1970-01-02 02:04:00,0.0,0.0,0.0,0.0
1970-01-02 02:05:00,0.0,0.0,0.0,0.0
1970-01-02 02:06:00,0.0,0.0,0.0,0.0
1970-01-02 02:07:00,0.0,0.0,0.0,0.0
1970-01-02 02:08:00,0.0,0.0,0.0,0.0
1970-01-02 02:09:00,0.0,0.0,0.0,0.0
1970-01-02 02:10:00,0.0,0.0,0.0,0.0
1970-01-02 02:11:00,0.0,0.0,0.0,0.0
1970-01-02 02:12:00,0.0,0.0,0.0,0.0
1970-01-02 02:13:00,0.0,0.0,0.0,0.0
1970-01-02 02:14:00,0.0,0.0,0.0,0.0
1970-01-02 02:15:00,0.0,0.0,0.0,0.0
1970-01-02 02:16:00,0.0,0.0,0.0,0.0
1970-01-02 02:17:00,0.0,0.0,0.0,0.0
1970-01-02 02:18:00,0.0,0.0,0.0,0.0
1970-01-02 02:19:00,0.0,0.0,0.0,0.0
1970-01-02 02:20:00,0.0,0.0,0.0,0.0
1970-01-02 02:21:00,0.0,0.0,0.0,0.0
1970-01-02 02:22:00,0.0,0.0,0.0,0.0
1970-01-02 02:23:00,0.0,0.0,0.0,0.0
1970-01-02 02:24:00,0.0,0.0,0.0,0.0
1970-01-02 02:25:00,0.0,0.0,0.0,0.0
1970-01-02 02:26:00,0.0,0.0,0.0,0.0
1970-01-02 02:27:00,0.0,0.0,0.0,0.0
1970-01-02 02:28:00,0.0,0.0,0.0,0.0
1970-01-02 02:29:00,0.0,0.0,0.0,0.0
1970-01-02 02:30:00,0.0,0.0,0.0,0.0
1970-01-02 02:31:00,0.0,0.0,0.0,0.0
1970-01-02 02:32:00,0.0,0.0,0.0,0.0
1970-01-02 02:33:00,0.0,0.0,0.0,0.0
1970-01-02 02:34:00,0.0,0.0,0.0,0.0
1970-01-02 02:35:00,0.0,0.0,0.0,0.0
1970-01-02 02:36:00,0.0,0.0,0.0,0.0
1970-01-02 02:37:00,0.0,0.0,0.0,0.0
1970-01-02 02:38:00,0.0,0.0,0.0,0.0
1970-01-02 02:39:00,0.0,0.0,0.0,0.0
1970-01-02 02:40:00,0.0,0.0,0.0,0.0
1970-01-02 02:41:00,0.0,0.0,0.0,0.0
1970-01-02 02:42:00,0.0,0.0,0.0,0.0
1970-01-02 02:43:00,0.0,0.0,0.0,0.0
1970-01-02 02:44:00,0.0,0.0,0.0,0.0
1970-01-02 02:45:00,0.0,0.0,0.0,0.0
1970-01-02 02:46:00,0.0,0.0,0.0,0.0
1970-01-02 02:47:00,0.0,0.0,0.0,0.0
1970-01-02 02:48:00,0.0,0.0,0.0,0.0
1970-01-02 02:49:00,0.0,0.0,0.0,0.0
1970-01-02 02:50:00,0.0,0.0,0.0,0.0
1970-01-02 02:51:00,0.0,0.0,0.0,0.0
1970-01-02 02:52:00,0.0,0.0,0.0,0.0
1970-01-02 02:53:00,0.0,0.0,0.0,0.0
1970-01-02 02:54:00,0.0,0.0,0.0,0.0
1970-01-02 02:55:00,0.0,0.0,0.0,0.0
1970-01-02 02:56:00,0.0,0.0,0.0,0.0
1970-01-02 02:57:00,0.0,0.0,0.0,0.0
1970-01-02 02:58:00,0.0,0.0,0.0,0.0
1970-01-02 02:59:00,0.0,0.0,0.0,0.0
1970-01-02 03:00:00,0.0,0.0,0.0,0.0
1970-01-02 03:01:00,0.0,0.0,0.0,0.0
1970-01-02 03:02:00,0.0,0.0,0.0,0.0
1970-01-02 03:03:00,0.0,0.0,0.0,0.0
1970-01-02 03:04:00,0.0,0.0,0.0,0.0
1970-01-02 03:05:00,0.0,0.0,0.0,0.0
1970-01-02 03:06:00,0.0,0.0,0.0,0.0
1970-01-02 03:07:00,0.0,0.0,0.0,0.0
1970-01-02 03:08:00,0.0,0.0,0.0,0.0
1970-01-02 03:09:00,0.0,0.0,0.0,0.0
1970-01-02 03:10:00,0.0,0.0,0.0,0.0
1970-01-02 03:11:00,0.0,0.0,0.0,0.0
1970-01-02 03:12:00,0.0,0.0,0.0,0.0
1970-01-02 03:13:00,0.0,0.0,0.0,0.0
1970-01-02 03:14:00,0.0,0.0,0.0,0.0
1970-01-02 03:15:00,0.0,0.0,0.0,0.0
1970-01-02 03:16:00,0.0,0.0,0.0,0.0
1970-01-02 03:17:00,0.0,0.0,0.0,0.0
1970-01-02 03:18:00,0.0,0.0,0.0,0.0
1970-01-02 03:19:00,0.0,0.0,0.0,0.0
1970-01-02 03:20:00,0.0,0.0,0.0,0.0
1970-01-02 03:21:00,0.0,0.0,0.0,0.0
1970-01-02 03:22:00,0.0,0.0,0.0,0.0
1970-01-02 03:23:00,0.0,0.0,0.0,0.0
1970-01-02 03:24:00,0.0,0.0,0.0,0.0
1970-01-02 03:25:00,0.0,0.0,0.0,0.0
1970-01-02 03:26:00,0.0,0.0,0.0,0.0
1970-01-02 03:27:00,0.0,0.0,0.0,0.0
1970-01-02 03:28:00,0.0,0.0,0.0,0.0
1970-01-02 03:29:00,0.0,0.0,0.0,0.0
1970-01-02 03:30:00,0.0,0.0,0.0,0.0
1970-01-02 03:31:00,0.0,0.0,0.0,0.0
1970-01-02 03:32:00,0.0,0.0,0.0,0.0
1970-01-02 03:33:00,0.0,0.0,0.0,0.0
1970-01-02 03:34:00,0.0,0.0,0.0,0.0
1970-01-02 03:35:00,0.0,0.0,0.0,0.0
1970-01-02 03:36:00,0.0,0.0,0.0,0.0
1970-01-02 03:37:00,0.0,0.0,0.0,0.0
1970-01-02 03:38:00,0.0,0.0,0.0,0.0
1970-01-02 03:39:00,0.0,0.0,0.0,0.0
1970-01-02 03:40:00,0.0,0.0,0.0,0.0
1970-01-02 03:41:00,0.0,0.0,0.0,0.0
1970-01-02 03:42:00,0.0,0.0,0.0,0.0
1970-01-02 03:43:00,0.0,0.0,0.0,0.0
1970-01-02 03:44:00,0.0,0.0,0.0,0.0
1970-01-02 03:45:00,0.0,0.0,0.0,0.0
1970-01-02 03:46:00,0.0,0.0,0.0,0.0
1970-01-02 03:47:00,0.0,0.0,0.0,0.0
1970-01-02 03:48:00,0.0,0.0,0.0,0.0
1970-01-02 03:49:00,0.0,0.0,0.0,0.0
1970-01-02 03:50:00,0.0,0.0,0.0,0.0
1970-01-02 03:51:00,0.0,0.0,0.0,0.0
1970-01-02 03:52:00,0.0,0.0,0.0,0.0
1970-01-02 03:53:00,0.0,0.0,0.0,0.0
1970-01-02 03:54:00,0.0,0.0,0.0,0.0
1970-01-02 03:55:00,0.0,0.0,0.0,0.0
1970-01-02 03:56:00,0.0,0.0,0.0,0.0
1970-01-02 03:57:00,0.0,0.0,0.0,0.0
1970-01-02 03:58:00,0.0,0.0,0.0,0.0
1970-01-02 03:59:00,0.0,0.0,0.0,0.0
1970-01-02 04:00:00,0.0,0.0,0.0,0.0
1970-01-02 04:01:00,0.0,0.0,0.0,0.0
1970-01-02 04:02:00,0.0,0.0,0.0,0.0
1970-01-02 04:03:00,0.0,0.0,0.0,0.0
1970-01-02 04:04:00,0.0,0.0,0.0,0.0
1970-01-02 04:05:00,0.0,0.0,0.0,0.0
1970-01-02 04:06:00,0.0,0.0,0.0,0.0
1970-01-02 04:07:00,0.0,0.0,0.0,0.0
1970-01-02 04:08:00,0.0,0.0,0.0,0.0
1970-01-02 04:09:00,0.0,0.0,0.0,0.0
1970-01-02 04:10:00,0.0,0.0,0.0,0.0
1970-01-02 04:11:00,0.0,0.0,0.0,0.0
1970-01-02 04:12:00,0.0,0.0,0.0,0.0
1970-01-02 04:13:00,0.0,0.0,0.0,0.0
1970-01-02 04:14:00,0.0,0.0,0.0,0.0
1970-01-02 04:15:00,0.0,0.0,0.0,0.0
1970-01-02 04:16:00,0.0,0.0,0.0,0.0
1970-01-02 04:17:00,0.0,0.0,0.0,0.0
1970-01-02 04:18:00,0.0,0.0,0.0,0.0
1970-01-02 04:19:00,0.0,0.0,0.0,0.0
1970-01-02 04:20:00,0.0,0.0,0.0,0.0
1970-01-02 04:21:00,0.0,0.0,0.0,0.0
1970-01-02 04:22:00,0.0,0.0,0.0,0.0
1970-01-02 04:23:00,0.0,0.0,0.0,0.0
1970-01-02 04:24:00,0.0,0.0,0.0,0.0
1970-01-02 04:25:00,0.0,0.0,0.0,0.0
1970-01-02 04:26:00,0.0,0.0,0.0,0.0
1970-01-02 04:27:00,0.0,0.0,0.0,0.0
1970-01-02 04:28:00,0.0,0.0,0.0,0.0
1970-01-02 04:29:00,0.0,0.0,0.0,0.0
1970-01-02 04:30:00,0.0,0.0,0.0,0.0
1970-01-02 04:31:00,0.0,0.0,0.0,0.0
1970-01-02 04:32:00,0.0,0.0,0.0,0.0
1970-01-02 04:33:00,0.0,0.0,0.0,0.0
1970-01-02 04:34:00,0.0,0.0,0.0,0.0
1970-01-02 04:35:00,0.0,0.0,0.0,0.0
1970-01-02 04:36:00,0.0,0.0,0.0,0.0
1970-01-02 04:37:00,0.0,0.0,0.0,0.0
1970-01-02 04:38:00,0.0,0.0,0.0,0.0
1970-01-02 04:39:00,0.0,0.0,0.0,0.0
1970-01-02 04:40:00,0.0,0.0,0.0,0.0
1970-01-02 04:41:00,0.0,0.0,0.0,0.0
1970-01-02 04:42:00,0.0,0.0,0.0,0.0
1970-01-02 04:43:00,0.0,0.0,0.0,0.0
1970-01-02 04:44:00,0.0,0.0,0.0,0.0
1970-01-02 04:45:00,0.0,0.0,0.0,0.0
1970-01-02 04:46:00,0.0,0.0,0.0,0.0
1970-01-02 04:47:00,0.0,0.0,0.0,0.0
1970-01-02 04:48:00,0.0,0.0,0.0,0.0
1970-01-02 04:49:00,0.0,0.0,0.0,0.0
1970-01-02 04:50:00,0.0,0.0,0.0,0.0
1970-01-02 04:51:00,0.0,0.0,0.0,0.0
1970-01-02 04:52:00,0.0,0.0,0.0,0.0
1970-01-02 04:53:00,0.0,0.0,0.0,0.0
1970-01-02 04:54:00,0.0,0.0,0.0,0.0
1970-01-02 04:55:00,0.0,0.0,0.0,0.0
1970-01-02 04:56:00,0.0,0.0,0.0,0.0
1970-01-02 04:57:00,0.0,0.0,0.0,0.0
1970-01-02 04:58:00,0.0,0.0,0.0,0.0
1970-01-02 04:59:00,0.0,0.0,0.0,0.0
1970-01-02 05:00:00,0.0,0.0,0.0,0.0
1970-01-02 05:01:00,0.0,0.0,0.0,0.0
1970-01-02 05:02:00,0.0,0.0,0.0,0.0
1970-01-02 05:03:00,0.0,0.0,0.0,0.0
1970-01-02 05:04:00,0.0,0.0,0.0,0.0
1970-01-02 05:05:00,0.0,0.0,0.0,0.0
1970-01-02 05:06:00,0.0,0.0,0.0,0.0
1970-01-02 05:07:00,0.0,0.0,0.0,0.0
1970-01-02 05:08:00,0.0,0.0,0.0,0.0
1970-01-02 05:09:00,0.0,0.0,0.0,0.0
1970-01-02 05:10:00,0.0,0.0,0.0,0.0
1970-01-02 05:11:00,0.0,0.0,0.0,0.0
1970-01-02 05:12:00,0.0,0.0,0.0,0.0
1970-01-02 05:13:00,0.0,0.0,0.0,0.0
1970-01-02 05:14:00,0.0,0.0,0.0,0.0
1970-01-02 05:15:00,0.0,0.0,0.0,0.0
1970-01-02 05:16:00,0.0,0.0,0.0,0.0
1970-01-02 05:17:00,0.0,0.0,0.0,0.0
1970-01-02 05:18:00,0.0,0.0,0.0,0.0
1970-01-02 05:19:00,0.0,0.0,0.0,0.0
1970-01-02 05:20:00,0.0,0.0,0.0,0.0
1970-01-02 05:21:00,0.0,0.0,0.0,0.0
1970-01-02 05:22:00,0.0,0.0,0.0,0.0
1970-01-02 05:23:00,0.0,0.0,0.0,0.0
1970-01-02 05:24:00,0.0,0.0,0.0,0.0
1970-01-02 05:25:00,0.0,0.0,0.0,0.0
1970-01-02 05:26:00,0.0,0.0,0.0,0.0
1970-01-02 05:27:00,0.0,0.0,0.0,0.0
1970-01-02 05:28:00,0.0,0.0,0.0,0.0
1970-01-02 05:29:00,0.0,0.0,0.0,0.0
1970-01-02 05:30:00,0.0,0.0,0.0,0.0
1970-01-02 05:31:00,0.0,0.0,0.0,0.0
1970-01-02 05:32:00,0.0,0.0,0.0,0.0
1970-01-02 05:33:00,0.0,0.0,0.0,0.0
1970-01-02 05:34:00,0.0,0.0,0.0,0.0
1970-01-02 05:35:00,0.0,0.0,0.0,0.0
1970-01-02 05:36:00,0.0,0.0,0.0,0.0
1970-01-02 05:37:00,0.0,0.0,0.0,0.0
1970-01-02 05:38:00,0.0,0.0,0.0,0.0
1970-01-02 05:39:00,0.0,0.0,0.0,0.0
1970-01-02 05:40:00,0.0,0.0,0.0,0.0
1970-01-02 05:41:00,0.0,0.0,0.0,0.0
1970-01-02 05:42:00,0.0,0.0,0.0,0.0
1970-01-02 05:43:00,0.0,0.0,0.0,0.0
1970-01-02 05:44:00,0.0,0.0,0.0,0.0
1970-01-02 05:45:00,-0.013192173588196467,-0.3441141262523019,0.012317245755615366,0.011253781738270132
1970-01-02 05:46:00,-0.013195815654804433,-0.3443670978165722,0.012559921543137233,0.011515299023783501
1970-01-02 05:47:00,-0.013208386358190933,-0.344720397270682,0.012926981210679965,0.0118821364936507
1970-01-02 05:48:00,-0.013230582132001234,-0.3451782638026524,0.013424819048970034,0.012359171462276433
1970-01-02 05:49:00,-0.013263007051776235,-0.3457435937448132,0.014058264155745065,0.012950040166906533
1970-01-02 05:50:00,-0.013306152799804634,-0.34641774899346234,0.014830332848276099,0.013656939285972067
1970-01-02 05:51:00,-0.013360378366647168,-0.34720037020654365,0.0157419845015077,0.014480419784203198
1970-01-02 05:52:00,-0.013425889785895801,-0.3480891981755195,0.016791884973904034,0.0154191746203671
1970-01-02 05:53:00,-0.0135027202255327,-0.3490799069523534,0.017976182052125134,0.016469822759523967
1970-01-02 05:54:00,-0.013590710783031167,-0.35016595245425397,0.019288297566467435,0.01762669302407883
1970-01-02 05:55:00,-0.0136894923515794,-0.3513384403612681,0.020718740992712665,0.018881612551499068
1970-01-02 05:56:00,-0.013798468940922399,-0.35258601715872206,0.022254949453979798,0.020223705934962734
1970-01-02 05:57:00,-0.013916802847628034,-0.3538947881517051,0.0238811590601168,0.021639212422665335
1970-01-02 05:58:00,-0.014043402075375466,-0.35524826618646316,0.025578312464253433,0.023111329747568837
1970-01-02 05:59:00,-0.014176910405458834,-0.35662735464843004,0.027324007369038467,0.0246200941553342
1970-01-02 06:00:00,-0.014315700510475699,-0.3580103680640016,0.029092490472319463,0.026142306904373868
1970-01-02 06:01:00,-0.0144578704895746,-0.35937309330925055,0.030854700998167867,0.02765151785496647
1970-01-02 06:02:00,0.008078191057161467,-0.0341053985450445,0.08878413202119322,0.029118076694764933
1970-01-02 06:03:00,0.007925606185859467,-0.035542779216969765,0.09060761048051157,0.030509261845238934
1970-01-02 06:04:00,0.0077747789310452,-0.03694244939997297,0.09232415690682445,0.03178949616716
1970-01-02 06:05:00,0.007628626942594935,-0.038274075082980606,0.09389056754920848,0.03292065727082707
1970-01-02 06:06:00,0.007490330543345666,-0.039504839853991926,0.09526110797815963,0.0338624885991173
1970-01-02 06:07:00,0.007363313360222566,-0.0405996630954392,0.0963879245690041,0.03457311556532757
1970-01-02 06:08:00,0.007251217740597701,-0.041521469146719725,0.09722152218729944,0.035009668976791496
1970-01-02 06:09:00,0.022560183495009965,0.32369873251387626,0.057433133375734864,0.0
1970-01-02 06:10:00,0.007087269852602968,-0.04268972221754216,0.09780618342954762,0.034888595502862
1970-01-02 06:11:00,0.007043501203057766,-0.04285517132075926,0.09745522295660763,0.034247356956624
1970-01-02 06:12:00,0.007030736111633601,-0.04268648889490256,0.0966083609028241,0.0331667911275021
1970-01-02 06:13:00,0.007053160683856298,-0.042142390374840834,0.09521715104335626,0.03161204994308953
1970-01-02 06:14:00,0.007114926278989998,-0.04118221340272399,0.09323554629409764,0.029553142039420235
1970-01-02 06:15:00,0.007220092278016034,-0.03976648907881349,0.09062070235240856,0.02696619289459817
1970-01-02 06:16:00,0.007372565984812567,-0.0378575363644171,0.08733379119741057,0.0238347548726443
1970-01-02 06:17:00,0.0075760404447951695,-0.035420071496243155,0.08334081113919943,0.020151149834703768
1970-01-02 06:18:00,0.007833931074451834,-0.032421823308979913,0.07861337894290456,0.015917823246320965
1970-01-02 06:19:00,0.0081493120976417,-0.028834144491271047,0.07312948855673174,0.011148683528366433
1970-01-02 06:20:00,0.00852485387709847,-0.024632608050372262,0.06687422018480726,0.0058703930124845
1970-01-02 06:21:00,0.008962762309139434,-0.019797577665586947,0.059840382909941335,0.00012356628888436668
1970-01-02 06:22:00,0.009464721512827234,-0.014314740204991535,0.05202907383429297,0.0
1970-01-02 06:23:00,0.010031841088216566,-0.008175588500935064,0.04345013681444976,0.0
1970-01-02 06:24:00,0.010664609238100765,-0.0013778425659347244,0.0341225043694257,0.0
1970-01-02 06:25:00,0.011362853040048635,0.006074202178331804,0.0240744072837264,0.0
1970-01-02 06:26:00,0.012125707116446798,0.01416941034971475,0.013343437861055499,0.0
1970-01-02 06:27:00,0.012951591875431703,0.022889635299624105,0.001976454754845471,0.0
1970-01-02 06:28:00,0.013838202380637201,0.03220964906919569,-0.009970680144110206,0.0
1970-01-02 06:29:00,0.014782508748511133,0.04209717960515047,-0.02243353910027183,0.0
1970-01-02 06:30:00,0.015780768764879667,0.05251305870588981,-0.035339742690217606,0.0
1970-01-02 06:31:00,0.01682855315397043,0.06341148109535173,-0.04860974864369103,0.0
1970-01-02 06:32:00,0.0179207836197034,0.07474037136615601,-0.06215780797789457,0.0
1970-01-02 06:33:00,0.019051783406940536,0.08644185125911057,-0.0758930749444857,0.0
1970-01-02 06:34:00,0.020215339694713532,0.09845279485282143,-0.08972085043021087,0.0
1970-01-02 06:35:00,0.02140477663029967,0.11070545396783382,-0.10354393094921577,0.0
1970-01-02 06:36:00,0.022613037262595833,0.12312813136260588,-0.11726402802813836,0.0
1970-01-02 06:37:00,0.023832772116896165,0.13564587676720788,-0.1307832173978439,0.0
1970-01-02 06:38:00,0.025056431788176802,0.14818118177732897,-0.14400537601096033,0.0
1970-01-02 06:39:00,0.026276360767859098,0.16065465370167809,-0.15683756810030502,0.0020505635987461334
1970-01-02 06:40:00,0.027484889714141102,0.17298565370452845,-0.1691913477967014,0.005124766401054433
1970-01-02 06:41:00,0.028674423486074064,0.18509288923271594,-0.18098395300816428,0.008341966367698
1970-01-02 06:42:00,0.029837522516488264,0.19689495402937052,-0.19213937184013688,0.011659511699818
1970-01-02 06:43:00,0.030966975540043365,0.20831081115150418,-0.20258926831436094,0.0150282608098826
1970-01-02 06:44:00,0.032055862285091365,0.21926021624898748,-0.21227375869820167,0.018392718399763832
1970-01-02 06:45:00,0.03309760535765793,0.22966408131919033,-0.22114203389165513,0.0216912826647768
1970-01-02 06:46:00,0.03408601105898943,0.23944478390064075,-0.22915282738561546,0.024856607037993566
1970-01-02 06:47:00,0.0350152992559949,0.24852643237837588,-0.23627473218518488,0.02781607851636103
1970-01-02 06:48:00,0.03588012276637237,0.2568351030560279,-0.24248637337480128,0.0304924132692108
1970-01-02 06:49:00,0.0366755771399446,0.2642990675990366,-0.24777644536065369,0.0328043689055739
1970-01-02 06:50:00,0.0373972022179928,0.2708490300628639,-0.25214362424020087,0.03466757145196694
1970-01-02 06:51:00,0.038040977333706295,0.2764183914327024,-0.2555963664258492,0.035995453756788136
1970-01-02 06:52:00,0.03860331236286724,0.28094355701806983,-0.2581526047651028,0.0367003006971463
1970-01-02 06:53:00,0.03908103696343294,0.2843642986644647,-0.2598393530272945,0.0366943952491069
1970-01-02 06:54:00,0.03947139021730057,0.28662418006301355,-0.2606922289105746,0.03589125825511436
1970-01-02 06:55:00,0.03977201250391984,0.28767104996791226,-0.26075490490895775,0.034206973685677496
1970-01-02 06:56:00,0.03998094083454057,0.2874576051126869,-0.2600784956008617,0.0321752638429327
1970-01-02 06:57:00,0.040096608187543764,0.2859420217008866,-0.25872088902174223,0.029305741083340702
1970-01-02 06:58:00,0.04011784680726697,0.2830886508407143,-0.25674602852084055,0.02490553338197257
1970-01-02 06:59:00,0.040043895079757,0.2788687690197932,-0.25422314999099765,0.018943712150022766
1970-01-02 07:00:00,0.04806013381173704,0.3073700435106475,-0.17033521745691327,0.011402713091283668
1970-01-02 07:01:00,0.0477951929609059,0.3003626564769773,-0.16694112387680393,0.0022791575497191335
1970-01-02 07:02:00,0.047435323791876066,0.29195216557194276,-0.1632302504975439,0.0
1970-01-02 07:03:00,0.046981508006583066,0.28214561482808725,-0.15928460101408476,0.0
1970-01-02 07:04:00,0.0464351987377829,0.2709609693727864,-0.15518710492785712,0.0
1970-01-02 07:05:00,0.04579833424680646,0.25842780874642385,-0.1510206586709383,0.0
1970-01-02 07:06:00,0.04507334976032099,0.24458792423328665,-0.14686714910449725,0.0
1970-01-02 07:07:00,0.044263186360713226,0.229495791085589,-0.14280646518534348,0.0
1970-01-02 07:08:00,0.0433712956723597,0.21321888614390358,-0.13891550450998585,0.0
1970-01-02 07:09:00,0.04240163893275037,0.19583782226430446,-0.13526718296377344,0.0
1970-01-02 07:10:00,0.041358678976161134,0.17744627298435298,-0.13192945773611187,0.0
1970-01-02 07:11:00,0.040247363732854834,0.15815066382116796,-0.12896437634674066,0.0
1970-01-02 07:12:00,0.039073100035726595,0.13806961064343468,-0.12642716701411227,0.0
1970-01-02 07:13:00,0.03784171681623083,0.11733309091249956,-0.12436538867346553,0.0
1970-01-02 07:14:00,0.0365594172916505,0.0960813402972497,-0.12281816215197539,0.0
1970-01-02 07:15:00,0.035232720659779136,0.0744634752337343,-0.12181550735612662,0.0
1970-01-02 07:16:00,0.0338683949756839,0.05263585139930307,-0.12137781469799751,0.0
1970-01-02 07:17:00,0.0324733837971124,0.030760178448819935,-0.12151548175727778,0.0
1970-01-02 07:18:00,0.031054729508806365,0.00900142182439217,-0.12222874666140728,0.0
1970-01-02 07:19:00,0.029619496132565832,-0.012474468082083467,-0.1235077456260606,0.0
1970-01-02 07:20:00,0.028174694294792534,-0.03350295118997623,-0.1253328124945855,0.0
1970-01-02 07:21:00,0.026727211005777865,-0.05392336228841813,-0.1276750240988732,0.0
1970-01-02 07:22:00,0.025283746789942666,-0.07358138289113697,-0.1304969791197592,0.0
1970-01-02 07:23:00,0.0238507621927849,-0.09233145151198983,-0.1337537821266974,0.0
1970-01-02 07:24:00,0.0224344347319989,-0.11003903887552592,-0.1373941911977453,0.0
1970-01-02 07:25:00,0.0210406262378897,-0.12658271569213692,-0.141361879745343,0.0
1970-01-02 07:26:00,0.019674859598257467,-0.14185594900801515,-0.14559676208465147,0.0
1970-01-02 07:27:00,0.018342303353368266,-0.155768577009361,-0.1500363363248839,0.0
1970-01-02 07:28:00,0.017047762358784867,-0.16824792833169722,-0.1546170045322466,0.0
1970-01-02 07:29:00,0.015795672768704232,-0.17923956813942798,-0.15927533685172582,0.0
1970-01-02 07:30:00,0.014590099790556801,-0.18870766859805832,-0.16394925267403646,0.0
1970-01-02 07:31:00,0.013434736917636534,-0.1966350155505808,-0.1685790978279177,0.0
1970-01-02 07:32:00,0.012332905607324066,-0.20302267577652047,-0.173108602155124,0.0
1970-01-02 07:33:00,0.0112875546379338,-0.2078893593095014,-0.17748570675605171,0.0042679239151752
1970-01-02 07:34:00,0.010301258618428333,-0.21127051797399787,-0.18166325467607936,0.014739096436102333
1970-01-02 07:35:00,0.0093762152763802,-0.21321722418325964,-0.1855995426924604,0.023925774718114967
1970-01-02 07:36:00,0.0085142412164125,-0.2137948736967654,-0.18925873504526977,0.03184435483435897
1970-01-02 07:37:00,0.007716765934075266,-0.2130817537007018,-0.19261114250350095,0.038525227056353833
1970-01-02 07:38:00,0.006984824091243666,-0.21116751440515888,-0.19563337225644428,0.04401112927185457
1970-01-02 07:39:00,-0.05971227897854953,0.07624722217820312,-0.3307981342497745,0.0483555557952495
1970-01-02 07:40:00,-0.060288786297167,0.08004548968879566,-0.33296093551966993,0.0516212052547634
1970-01-02 07:41:00,-0.06079296696481043,0.08467036349036916,-0.33471814898848756,0.053878463106031234
1970-01-02 07:42:00,-0.06122532289126653,0.0900018509009987,-0.33606976640289293,0.055203921498847335
1970-01-02 07:43:00,-0.06158687587754239,0.09591738480384142,-0.3370218210227711,0.055678943335329
1970-01-02 07:44:00,-0.061879171160398434,0.10229338981060443,-0.3375860327493679,0.05538827944437153
1970-01-02 07:45:00,-0.06210427172869729,0.1090067572707234,-0.3377793954502905,0.054418748543987365
1970-01-02 07:46:00,-0.06226474233991757,0.11593621410959691,-0.3376237176845065,0.052857989531853396
1970-01-02 07:47:00,-0.06236362294052874,0.12296357407323429,-0.33714512755691367,0.05079329495404653
1970-01-02 07:48:00,-0.06240439196481257,0.12997486328177552,-0.33637355184537415,0.048310533476286034
1970-01-02 07:49:00,-0.062390920628970135,0.13686131498608636,-0.3353421788884455,0.04549316797816937
1970-01-02 07:50:00,-0.06232741975603833,0.14352023105250522,-0.3340869140255118,0.0424213746164051
1970-01-02 07:51:00,-0.06221838083271963,0.1498557100350276,-0.332645835599167,0.03968136640534187
1970-01-02 07:52:00,-0.0620685129725913,0.15577924388560552,-0.33105865855626493,0.037603152990317336
1970-01-02 07:53:00,-0.0618826773554872,0.1612101875121441,-0.32936621145646733,0.03524976359855946
1970-01-02 07:54:00,-0.06166582062110016,0.1660761074647128,-0.3276099312904836,0.032658925799423165
1970-01-02 07:55:00,-0.06142290866212521,0.17031301783536726,-0.32583137909782,0.029864136542248034
1970-01-02 07:56:00,-0.06115886230925577,0.17386551286014576,-0.32407177809283144,0.02689477681134717
1970-01-02 07:57:00,-0.060878496514621995,0.17668680670947268,-0.3223715748809444,0.02377635787697077
1970-01-02 07:58:00,-0.06058646474364423,0.1787386915602148,-0.3207700233437455,0.020530897807372498
1970-01-02 07:59:00,-0.060287210222987435,0.1799914251277673,-0.3193047899252188,0.0171774239755801
1970-01-02 08:00:00,-0.05998492531792977,0.18042355822584466,-0.318011578468217,0.013732593592485067
1970-01-02 08:01:00,0.005061331306148334,-0.09325070741744564,-0.1934231167379492,0.010211419905249866
1970-01-02 08:02:00,0.005348127711585,-0.09443737218688586,-0.1926576874549024,0.0078904568584752
1970-01-02 08:03:00,-0.059097439743919004,0.17670128123614318,-0.3154842699537723,0.006370284926962667
1970-01-02 08:04:00,-0.05881900180416493,0.17379371790703932,-0.3151847265234644,0.005132498161745367
1970-01-02 08:05:00,-0.05855390614988747,0.17007351900403345,-0.31519427561599567,0.004173030845193167
1970-01-02 08:06:00,-0.05830444835008103,0.16556299827469556,-0.3155298285768074,0.0034837968364136336
1970-01-02 08:07:00,-0.0580726028729896,0.16029046994017104,-0.31620411698971845,0.003053174717506567
1970-01-02 08:08:00,-0.057860030671606104,0.15428980842013207,-0.31722542883997185,0.0028664970061142666
1970-01-02 08:09:00,-0.0576680857714389,0.14759998136744468,-0.31859736126778876,0.0029065344174050664
1970-01-02 08:10:00,-0.0574978187153743,0.14026455327805554,-0.3203185933107383,0.0031539674557266
1970-01-02 08:11:00,-0.05734997507560403,0.1323311551500054,-0.32238268351846594,0.0035878390192306668
1970-01-02 08:12:00,-0.05722498781018313,0.1238509140829777,-0.3247778988989064,0.004185983118140467
1970-01-02 08:13:00,-0.057122962883224736,0.11487783572918116,-0.32748708309191804,0.004925426160280433
1970-01-02 08:14:00,-0.0570436581610122,0.10546813229093284,-0.3304875728097076,0.0057827584859215
1970-01-02 08:15:00,-0.05698645608863393,0.09567948947922893,-0.33375117226419393,0.0067344748986781005
1970-01-02 08:16:00,-0.0569503310454987,0.08557026785687179,-0.33724419524291777,0.0094623067394325
1970-01-02 08:17:00,-0.05693381258908963,0.07519863761623154,-0.34092758344458085,0.013298966329761333
1970-01-02 08:18:00,-0.05693494603612977,0.0646216510620276,-0.34475710764841655,0.017232707892073734
1970-01-02 08:19:00,-0.05695125200932657,0.05389426353109098,-0.34868365553744624,0.021199359482335266
1970-01-02 08:20:00,-0.05697968672923367,0.04306832077052203,-0.3526536068492241,0.025130200557578003
1970-01-02 08:21:00,-0.05701660503732723,0.032191538481460835,-0.3566092932966169,0.02895227993325007
1970-01-02 08:22:00,-0.05705772848727663,0.021306507045147843,-0.3604895378114131,0.03258882910209263
1970-01-02 08:23:00,-0.05709812131031677,0.010449760008402661,-0.36423026566061245,0.0359597808228633
1970-01-02 08:24:00,-0.0571321774467057,-0.00034905287478596375,-0.3677651791936017,0.03898240085173287
1970-01-02 08:25:00,-0.0571536218891874,-0.011067849250154064,-0.3710264881416185,0.04157203853336547
1970-01-02 08:26:00,-0.05715552920646253,-0.021692621462120254,-0.37394568776704035,0.0436429998158216
1970-01-02 08:27:00,-0.05713036140074187,-0.03221774298602753,-0.3764543770583719,0.04510954422169383
1970-01-02 08:28:00,-0.057070026381031036,-0.04264605888201082,-0.3784851084287835,0.04588700551414151
1970-01-02 08:29:00,-0.056965957455526406,-0.05298875425614983,-0.37997225938602003,0.04589303436493817
1970-01-02 08:30:00,-0.0504802327702358,0.32286471542166845,-0.28866320795316375,0.026175068399692702
1970-01-02 08:31:00,-0.05659059843931757,-0.07350140024809677,-0.3810677570001974,0.0432812708191907
1970-01-02 08:32:00,-0.0563007993968816,-0.08373120322475698,-0.380561929821013,0.04052320329095397
1970-01-02 08:33:00,-0.05593054000363113,-0.09399337578611326,-0.3792859047819372,0.036716453183882364
1970-01-02 08:34:00,-0.05547074816641707,-0.10433147716909826,-0.3771962995807028,0.031812998411825034
1970-01-02 08:35:00,-0.0549127346943959,-0.11479240521642198,-0.3742566609045716,0.025777051643716336
1970-01-02 08:36:00,-0.0542483796383163,-0.125425023238909,-0.37043819225748403,0.018587158776672268
1970-01-02 08:37:00,-0.05347032168898466,-0.13627869637506404,-0.36572041631148866,0.016802675434489933
1970-01-02 08:38:00,-0.052572144918546594,-0.1474017651200417,-0.3600917600667481,0.0160990773883233
1970-01-02 08:39:00,-0.051548556630388674,-0.15883998556337123,-0.3535500506236571,0.0153237173022793
1970-01-02 08:40:00,-0.05039555036698427,-0.17063496885118554,-0.34610290836472685,0.0144901414378764
1970-01-02 08:41:00,-0.0491105489890875,-0.18282265596040811,-0.33776802306451864,0.013613064026681667
1970-01-02 08:42:00,-0.0476925237886797,-0.19543186694721895,-0.3285732974253465,0.0127082464747304
1970-01-02 08:43:00,-0.04614208651429184,-0.20848296542015765,-0.31855684229294934,0.011792367967715866
1970-01-02 08:44:00,-0.044461551830049025,-0.22198667845132972,-0.307766808689536,0.0108828870332406
1970-01-02 08:45:00,-0.0426549681343928,-0.23594310932859272,-0.29626104391079366,0.009997893309315867
1970-01-02 08:46:00,-0.0407281149736199,-0.250340975959227,-0.2841065620839938,0.009155948410671867
1970-01-02 08:47:00,-0.03868846568350127,-0.26515710221365724,-0.2713788234328689,0.008375914393328401
1970-01-02 08:48:00,-0.03654511458095997,-0.2803561835664448,-0.2581608207536203,0.007676767922559767
1970-01-02 08:49:00,-0.034308669118459596,-0.29589084178688146,-0.24454197620921078,0.0070773978926108325
1970-01-02 08:50:00,-0.0319911087667293,-0.3117019754335957,-0.2306168566871345,0.006596383983973167
1970-01-02 08:51:00,-0.0296056137001298,-0.3277194031284308,-0.2164837219476181,0.006251753542065999
1970-01-02 08:52:00,-0.02716636745385223,-0.34386278527040187,-0.20224292683599696,0.006060714292042333
1970-01-02 08:53:00,-0.0246883386705679,-0.3600427975558847,-0.18799520695522762,0.0060393608395286
1970-01-02 08:54:00,-0.0221870479464505,-0.3761625172029053,-0.17383988604981002,0.0062023537075936
1970-01-02 08:55:00,-0.019678326495634103,-0.39211897171319626,-0.1598730518686474,0.006562570866018033
1970-01-02 08:56:00,-0.0171780735186758,-0.4078047927101705,-0.14618575338229892,0.0071307333267917996
1970-01-02 08:57:00,-0.014702018519937,-0.42310991572640716,-0.1328622737230943,0.007915008373388066
1970-01-02 08:58:00,-0.012265493605095566,-0.4379232708488294,-0.11997852958492401,0.0089205962755397
1970-01-02 08:59:00,-0.009883219627370167,-0.4521344173997566,-0.10760064082889752,0.010149308782234034
1970-01-02 09:00:00,-0.007569109378615134,-0.46563508627663674,-0.09578370602478163,0.0115991501087688
1970-01-02 09:01:00,-0.005336090800772966,-0.4783206039840075,-0.08457081177669706,0.0132639133386764
1970-01-02 09:02:00,-0.003195953138343566,-0.4900911810491817,-0.07399229607476067,0.015132806944291298
1970-01-02 09:03:00,-0.0011592188195971662,-0.5008530539269304,-0.0640652786447229,0.017190127309136667
1970-01-02 09:04:00,0.0007649564944075329,-0.5105194740862297,-0.05479346452451662,0.019414993577213265
1970-01-02 09:05:00,0.002568853890356467,-0.5190115412802326,-0.046167220929654244,0.021781160792365768
1970-01-02 09:06:00,0.004246230329634333,-0.5262588806467774,-0.038163921783255596,0.024256926136985966
1970-01-02 09:07:00,0.005792327134950999,-0.5322001660150998,-0.030748549016974047,0.02680514122161813
1970-01-02 09:08:00,0.0072038492196240325,-0.5367834949426936,-0.02387453494990449,0.03551959546097863
1970-01-02 09:09:00,0.008478917707336234,-0.5399666242370715,-0.017484825933627667,0.04646464289980793
1970-01-02 09:10:00,0.009616999948291335,-0.5417170775710177,-0.011513144351576238,0.0562851423971476
1970-01-02 09:11:00,0.0106188221201447,-0.5420121391755323,-0.005885424216728839,0.0649448110694172
1970-01-02 09:12:00,0.011486270212173633,-0.540838749494703,-0.000521394806290538,0.07241959866298377
1970-01-02 09:13:00,0.012222285048491701,-0.5381933198322567,0.004663713735816112,0.07869584450071374
1970-01-02 09:14:00,0.0128307561714142,-0.5340814830951278,0.009757369847523123,0.08376864241637061
1970-01-02 09:15:00,0.013316418051207033,-0.5285177969191462,0.01484787355111053,0.08764038726761701
1970-01-02 09:16:00,0.013684750533696765,-0.5215254142160838,0.020022453051868765,0.09031949261443223
1970-01-02 09:17:00,0.013941884097511868,-0.5131357346194668,0.025365356147036583,0.09181928176638393
1970-01-02 09:18:00,0.014094509635314133,-0.5033880482777503,0.030955968389909747,0.0921570644163033
1970-01-02 09:19:00,0.014149792124140035,-0.49232918116962976,0.03686699031207198,0.09135341896585276
1970-01-02 09:20:00,0.014115287599338765,-0.48001314922671595,0.043162706006358575,0.08943170654170673
1970-01-02 09:21:00,0.013998863141532035,-0.46650082756907896,0.04989737500878477,0.08641784639328857
1970-01-02 09:22:00,0.01380861995424063,-0.45185964108752574,0.057113778710197904,0.08234038342793197
1970-01-02 09:23:00,0.013552819878576067,-0.43616328273285704,0.0648419514722705,0.07723087661324526
1970-01-02 09:24:00,0.013239815759824768,-0.41949146498244533,0.07309812518424522,0.07112463151570797
1970-01-02 09:25:00,0.012877985991611933,-0.401929707010235,0.08188391417595751,0.0640617911959546
1970-01-02 09:26:00,0.012475673433508534,-0.3835691547808768,0.09118576516867109,0.05608878699824474
1970-01-02 09:27:00,0.012041128785812866,-0.36450642380890175,0.1009746941202772,0.04726013428765866
1970-01-02 09:28:00,0.011582458404431567,-0.3448434450520101,0.11120632815982073,0.037640537431298804
1970-01-02 09:29:00,0.0111075764245292,-0.32468728468079816,0.12182126620088007,0.03350412580178296
1970-01-02 09:30:00,0.010624160888200765,-0.3041499011578362,0.1327457663460505,0.03133421629198516
1970-01-02 09:31:00,0.010139613325122133,-0.28334780108086516,0.1438927619482054,0.029065123599104098
1970-01-02 09:32:00,0.009661021014873768,-0.2624015594043222,0.15516320119478363,0.026686656043214834
1970-01-02 09:33:00,0.0091951211103659,-0.2414351785424866,0.16644769728700173,0.0241860630099156
1970-01-02 09:34:00,0.008748265952959534,-0.22057527247130881,0.17762846768240148,0.021549569810193434
1970-01-02 09:35:00,0.008326389150282668,-0.19995007486578578,0.18858153153329224,0.018763928514077634
1970-01-02 09:36:00,0.007934972230761533,-0.17968828363395595,0.19917912459205747,0.0158179451960086
1970-01-02 09:37:00,0.007579012000400565,-0.15991776698709184,0.20929228078254178,0.012703947481851966
1970-01-02 09:38:00,0.007262989217833867,-0.1407641672954553,0.21879351972426223,0.0094191585280207
1970-01-02 09:39:00,0.0069908398266074,-0.12234944744374814,0.22755957034754856,0.005966944158544734
1970-01-02 09:40:00,0.0067659305180830355,-0.10479042946394133,0.23547405368696717,0.0023578986831393
1970-01-02 09:41:00,0.006591040614195566,-0.08819737628788742,0.2424300450637835,0.0
1970-01-02 09:42:00,0.006468352040496866,-0.07267266448042667,0.24833243875711056,0.0
1970-01-02 09:43:00,0.0063994485176205,-0.05830958944652665,0.2531000466312416,0.0
1970-01-02 09:44:00,0.006385324185005501,-0.04519133554985517,0.25666737409015977,0.0
1970-01-02 09:45:00,0.0064264009578937,-0.03339013229060256,0.2589860300552315,0.0
1970-01-02 09:46:00,0.0065225532319655,-0.02296660510652025,0.26002574112729493,0.0
1970-01-02 09:47:00,0.006673138100602466,-0.013969317251957367,0.25977495325203154,0.0
1970-01-02 09:48:00,0.006877028944576899,-0.006434489420548168,0.25824101699416785,0.0
1970-01-02 09:49:00,0.0071326501496491316,-0.00038587730371057266,0.25544996474086934,0.0
1970-01-02 09:50:00,0.007438011033734233,0.004165215953467638,0.25144589918724786,0.0
1970-01-02 09:51:00,0.007790737951670034,0.007219815975367583,0.24629002159676638,0.0
1970-01-02 09:52:00,0.0081881047693721,0.008791063703910898,0.24005933534838944,0.0
1970-01-02 09:53:00,0.008627062987845033,0.008903929418149983,0.23284506546945305,0.0
1970-01-02 09:54:00,0.009104273414532267,0.00759486469411839,0.2247508384370084,0.0
1970-01-02 09:55:00,0.009616141420855701,0.004911395224971952,0.21589066846190322,0.0
1970-01-02 09:56:00,0.0101588576465793,0.0009116509599249775,0.20638679696189433,0.0
1970-01-02 09:57:00,0.010728445624696934,-0.004336173158724976,0.19636743187452024,0.0
1970-01-02 09:58:00,0.011320817215768032,-0.010754430932458795,0.18596443400156215,0.0
1970-01-02 09:59:00,0.011931835880332068,-0.018256712405574322,0.1753109991789986,0.0
1970-01-02 10:00:00,0.012557386673059001,-0.026748598201049783,0.1645393869492586,0.0
1970-01-02 10:01:00,0.013193450697563967,-0.03612847171928635,0.15377874700187885,0.0
1970-01-02 10:02:00,0.013836181066133964,-0.04628838377314718,0.14315309268238277,0.0
1970-01-02 10:03:00,0.014481977339956766,-0.05711497035232527,0.13277946605808238,0.0
1970-01-02 10:04:00,0.015127555749009335,-0.06849042881973784,0.12276633189659437,0.0
1970-01-02 10:05:00,0.015770012872625565,-0.08029355931088011,0.11321222930900476,0.0
1970-01-02 10:06:00,0.016406880747418334,-0.09240087703983872,0.10420470049169606,0.0
1970-01-02 10:07:00,0.017036171561735633,-0.10468779857480781,0.09581950650758952,0.0
1970-01-02 10:08:00,0.017656410208303535,-0.11702990153544847,0.0881201308953818,0.0042425392052461335
1970-01-02 10:09:00,0.018266652986331768,-0.1293042529870641,0.08115756362743598,0.008672022870066933
1970-01-02 10:10:00,0.018866490725214898,-0.141390797209387,0.07497035086089603,0.012935340043864601
1970-01-02 10:11:00,0.01945603471206593,-0.15317378811406365,0.06958489004464907,0.016994064009801465
1970-01-02 10:12:00,0.020035884222906766,-0.16454324454152605,0.0650159451758096,0.02081736623249787
1970-01-02 10:13:00,0.020607075228594732,-0.17539639755497305,0.0612673532077177,0.024381496494613533
1970-01-02 10:14:00,0.021171010848680966,-0.1856390886988778,0.058332889568231794,0.027669104073232833
1970-01-02 10:15:00,0.021729375133755502,-0.1951870696904563,0.05619725849680335,0.030668451136234065
1970-01-02 10:16:00,0.022284032535325,-0.20396715040304927,0.054837172978895864,0.03337256283399433
1970-01-02 10:17:00,0.022836915819837728,-0.2119181451743828,0.0542224898208008,0.035778352256298634
1970-01-02 10:18:00,0.02338990521886197,-0.21899157675700284,0.054317367461862366,0.037885752693257564
1970-01-02 10:19:00,0.0239447014867217,-0.22515211005419866,0.05508141667256564,0.03969688450261777
1970-01-02 10:20:00,0.024502695503955035,-0.23037770150698464,0.05647081689778769,0.041215279285508936
1970-01-02 10:21:00,0.025064837207486635,-0.23465946310697353,0.058439373701084284,0.04244517991900137
1970-01-02 10:22:00,0.025631506871940466,-0.23800125204584202,0.060939495731766345,0.043390931193979736
1970-01-02 10:23:00,0.0262023920115964,-0.24041900784380663,0.06392307299877482,0.044056472278297
1970-01-02 10:24:00,0.02677637335175213,-0.24193986822636251,0.06734224198629817,0.044444938901314096
1970-01-02 10:25:00,0.027351423354931365,-0.24260110257943387,0.07115002717609224,0.0445583799865663
1970-01-02 10:26:00,0.02792452060234657,-0.24244890648844286,0.07530085275081504,0.044397590408900234
1970-01-02 10:27:00,0.0284915829236834,-0.2415371015674992,0.07975092255348626,0.0439620585975271
1970-01-02 10:28:00,0.029047421645048633,-0.23992578170003961,0.08445847055453914,0.043250024833468036
1970-01-02 10:29:00,0.02958571882828227,-0.23767994173790563,0.08938388776675277,0.042258643293501263
1970-01-02 10:30:00,0.0300990290146121,-0.23486811968669574,0.09448973447141513,0.042856440938713165
1970-01-02 10:31:00,0.03057880681140347,-0.23156107942426127,0.0997406487821717,0.04349331739903717
1970-01-02 10:32:00,0.031015461614806866,-0.22783055794272786,0.10510316417173786,0.04371152782145574
1970-01-02 10:33:00,0.03139844065803423,-0.2237480984020832,0.11054544979802494,0.04348455222148793
1970-01-02 10:34:00,0.03171634120219243,-0.21938398743989226,0.11603698837176923,0.04278984921804766
1970-01-02 10:35:00,0.031957051950406865,-0.2148063120809204,0.12154820690850299,0.04160960706058753
1970-01-02 10:36:00,0.03210792274035667,-0.2100801484798872,0.12705007597574472,0.03993152346627357
1970-01-02 10:37:00,0.0321559604398354,-0.20526689174218368,0.13251369304986374,0.03774955910853806
1970-01-02 10:38:00,0.032088047941626,-0.2004237327162652,0.13790986558426757,0.035064601900571264
1970-01-02 10:39:00,0.0318911823725545,-0.19560328313991582,0.14320870963764895,0.03188497630718807
1970-01-02 10:40:00,0.03155272810880543,-0.19085334473915735,0.1483792804130196,0.028226733912984803
1970-01-02 10:41:00,0.03106067980338593,-0.186216811846309,0.15338925141142082,0.02411366839673627
1970-01-02 10:42:00,0.0304039302289546,-0.1817316922428928,0.15820465857610555,0.0195770098858816
1970-01-02 10:43:00,0.029572537253855936,-0.17743122798271457,0.16278972453190846,0.016634979173770166
1970-01-02 10:44:00,0.0285579837522436,-0.17334409666480496,0.16710677593179693,0.016485745859010633
1970-01-02 10:45:00,0.027353423839548068,-0.16949467335187995,0.17111626429953067,0.016216767774555267
1970-01-02 10:46:00,0.0259539087122686,-0.16590333366492627,0.17477689784878883,0.0158530738655005
1970-01-02 10:47:00,0.02435658570992343,-0.1625867794697109,0.17804588874039862,0.015420085177634832
1970-01-02 10:48:00,0.0225608649563566,-0.15955836993787323,0.18087931728595205,0.014942424026128635
1970-01-02 10:49:00,0.0205685487329416,-0.156828442329465,0.1832326118644375,0.014442714800473168
1970-01-02 10:50:00,0.018383919174705967,-0.1544046084067356,0.1850611407464299,0.013940452968387668
1970-01-02 10:51:00,0.01601377990560567,-0.15229201407392068,0.18632090936984227,0.013451022245496632
1970-01-02 10:52:00,0.013467447249925567,-0.15049355166939493,0.18696935370579348,0.012984936583424601
1970-01-02 10:53:00,0.010756687149972232,-0.14901001610478212,0.18696621724410942,0.0125473729189384
1970-01-02 10:54:00,0.007895595047090033,-0.14784019810352358,0.18627449585222314,0.012138042801544733
1970-01-02 10:55:00,0.004900417764880367,-0.14698091110798453,0.1848614311022767,0.011751427493808267
1970-01-02 10:56:00,0.0017893192581589664,-0.14642695313616616,0.18269952817404742,0.0113773743022667
1970-01-02 10:57:00,-0.0014179034312599703,-0.14617100975658284,0.17976756873601543,0.011002024576843699
1970-01-02 10:58:00,-0.004700141900241532,-0.14620350847314914,0.1760515826555923,0.010609018729880466
1970-01-02 10:59:00,-0.008035318643009265,-0.14651243868789843,0.1715457366881232,0.010180903067910667
1970-01-02 11:00:00,-0.011400730735397067,-0.14708315582055634,0.16625309571310556,0.009700648899550867
1970-01-02 11:01:00,-0.0147733777328509,-0.14789819269418047,0.16018621376360972,0.009153187142136766
1970-01-02 11:02:00,-0.0181302615551715,-0.1489371047246133,0.15336751725569334,0.0085268613586092
1970-01-02 11:03:00,-0.0214486530755468,-0.15017637678207432,0.14582944980478588,0.007814707872927934
1970-01-02 11:04:00,-0.024706327688545634,-0.15158941821146885,0.13761435586588253,0.007015482056538434
1970-01-02 11:05:00,-0.027881778246801964,-0.1531466681600892,0.12877408939168433,0.006134363809776
1970-01-02 11:06:00,-0.0309544163330689,-0.15481582650328599,0.11936934440832554,0.005183291675899433
1970-01-02 11:07:00,-0.033904771224428,-0.1565622172481945,0.1094687170931321,0.0041808932699558335
1970-01-02 11:08:00,-0.03671469126299744,-0.15834928221383293,0.0991475232532582,0.0031519994752329003
1970-01-02 11:09:00,-0.039367546616274104,-0.16013919349006114,0.08848641005164663,0.0021267510384255666
1970-01-02 11:10:00,-0.04184842749144647,-0.16189356384828463,0.07756981431930354,0.0011393286795706667
1970-01-02 11:11:00,-0.044144329242410206,-0.1635742254604778,0.06648432865113278,0.00022636136525436667
1970-01-02 11:12:00,-0.046244315862000805,-0.16514404061318924,0.05531703809006098,0.0
1970-01-02 11:13:00,-0.04813965513518667,-0.16656770582137295,0.044153884796349595,0.0
1970-01-02 11:14:00,-0.04982392094408313,-0.16781251403995615,0.03307810884756871,0.0
1970-01-02 11:15:00,-0.05129306024006156,-0.1688490477033188,0.022168803785776642,0.0
1970-01-02 11:16:00,-0.05254542399857263,-0.169651785716024,0.01149961747962184,0.0
1970-01-02 11:17:00,-0.05358176303226506,-0.1701996173476953,0.001137622313691004,0.0
1970-01-02 11:18:00,-0.05440519069717817,-0.17047626290916074,-0.008857626951945178,0.0
1970-01-02 11:19:00,-0.05502111518242383,-0.17047060438619632,-0.018434834630955854,0.0
1970-01-02 11:20:00,-0.055437144297859065,-0.17017692974852397,-0.027551497092042965,0.00022056488587046666
1970-01-02 11:21:00,-0.05566296562418596,-0.16959509373975853,-0.036174224672180864,0.0013190498685124001
1970-01-02 11:22:00,-0.05571020470293047,-0.16873059632363227,-0.04427885489179421,0.0025827816679394665
1970-01-02 11:23:00,-0.055592263729551165,-0.16759457757826954,-0.05185036388976657,0.003974089613923167
1970-01-02 11:24:00,-0.05532414306109726,-0.16620372441994466,-0.05888258690929934,0.005450863702311833
1970-01-02 11:25:00,-0.054922247761583165,-0.16458008057595117,-0.06537776192011242,0.0069682820541911
1970-01-02 11:26:00,-0.0544041812440651,-0.16275074831693315,-0.07134591326086681,0.008480535041214833
1970-01-02 11:27:00,-0.053788527685022756,-0.1607474703473684,-0.07680409464793374,0.009942458332642101
1970-01-02 11:28:00,-0.053094624351198105,-0.158606083639234,-0.08177551280284796,0.0167348199483786
1970-01-02 11:29:00,-0.052342324543055575,-0.15636584337019546,-0.08628855399589053,0.023063000955167796
1970-01-02 11:30:00,-0.05155175173945997,-0.1540686231259998,-0.09037573605998679,0.028699179608663
1970-01-02 11:31:00,-0.050743045826912365,-0.15175800533679215,-0.09407260832986956,0.0336257787118368
1970-01-02 11:32:00,-0.04993610305662869,-0.1494782821401928,-0.09741662181118382,0.0378392255529168
1970-01-02 11:33:00,-0.04915031250657329,-0.14727339130265674,-0.10044599161979217,0.04134896706881647
1970-01-02 11:34:00,-0.04840429296849876,-0.14518581516871057,-0.10319857318628423,0.044176305512373865
1970-01-02 11:35:00,-0.04771563482352694,-0.14325547328004962,-0.10571077284784551,0.046353096536933765
1970-01-02 11:36:00,-0.04710065138897882,-0.1415186409217596,-0.10801651220783863,0.047920348403106904
1970-01-02 11:37:00,-0.04657414368441517,-0.14000692576110893,-0.11014626394578471,0.04892675632603053
1970-01-02 11:38:00,-0.0461491820505688,-0.1387463329211482,-0.1121261746774107,0.04942720047068794
1970-01-02 11:39:00,-0.045836907815874676,-0.13775644589749503,-0.11397728828799362,0.049481230354590434
1970-01-02 11:40:00,-0.04564635817439667,-0.13704974714594387,-0.11571488116991913,0.049151552987450636
1970-01-02 11:41:00,-0.04558431743261226,-0.13663109788589192,-0.11734791907033597,0.04850253746523017
1970-01-02 11:42:00,-0.04565519769501236,-0.13649739167819397,-0.11887864375987849,0.047598745334660235
1970-01-02 11:43:00,-0.04586095184805929,-0.13663739119453805,-0.1203022964498351,0.046503494118399234
1970-01-02 11:44:00,-0.04620102129740106,-0.13703175300360732,-0.12160698379669417,0.04527746106126823
1970-01-02 11:45:00,-0.046672320248557074,-0.13765324125578915,-0.12277369123206579,0.043977335369835
1970-01-02 11:46:00,-0.0472692574439193,-0.1384671272875245,-0.12377644673538153,0.042654529739214964
1970-01-02 11:47:00,-0.0479837953345351,-0.1394317679795076,-0.12458263552219322,0.04135396551475393
1970-01-02 11:48:00,-0.0488055458369866,-0.14049935158238033,-0.12515346245290682,0.04130759796705563
1970-01-02 11:49:00,-0.049721901203949835,-0.14161679644716965,-0.1254445548118064,0.041497473434193966
1970-01-02 11:50:00,-0.050718198131498395,-0.1427267858856802,-0.12540669400686635,0.0416092624049166
1970-01-02 11:51:00,-0.051777912954020296,-0.14376892069768146,-0.12498666097559792,0.041618239836341296
1970-01-02 11:52:00,-0.05288288552783162,-0.14468096913612952,-0.1241281770368019,0.041493116765456264
1970-01-02 11:53:00,-0.05401356913409311,-0.14540019205920252,-0.12277292028987152,0.0411965776782758
1970-01-02 11:54:00,-0.055149303462045364,-0.14586471881239724,-0.12086159791081656,0.040686008956216865
1970-01-02 11:55:00,-0.05626860745648563,-0.14601494717205443,-0.11833505661435195,0.03991442174143333
1970-01-02 11:56:00,-0.0573494884547777,-0.14579493876039412,-0.11513541641700194,0.03883156852260563
1970-01-02 11:57:00,-0.05836976352915857,-0.14515377999549015,-0.11120721589369209,0.037385248725953
1970-01-02 11:58:00,-0.05930738833288501,-0.14404687804057292,-0.10649855983630159,0.0355227949392412
1970-01-02 11:59:00,-0.060140788234583964,-0.14243716155962016,-0.10096226215848729,0.0331927283728815
1970-01-02 12:00:00,-0.060849186355719675,-0.14029615766010675,-0.0945569775403164,0.030346569951942733
1970-01-02 12:01:00,-0.06141292328013556,-0.13760491943604727,-0.0872483143173068,0.028783755697589366
1970-01-02 12:02:00,-0.0618137633500641,-0.13435478300143974,-0.07900991868356633,0.0269639450817637
1970-01-02 12:03:00,-0.062035182364039536,-0.1305479384393402,-0.06982451707951509,0.024713764083503703
1970-01-02 12:04:00,-0.06206263134977924,-0.1261978047855439,-0.05968490038908051,0.021979860413197435
1970-01-02 12:05:00,-0.06188377128064593,-0.12132920379763851,-0.04859483074454518,0.0187192059646765
1970-01-02 12:06:00,-0.0614886742343555,-0.11597832997825425,-0.03656984956269138,0.014902036544427566
1970-01-02 12:07:00,-0.06086998736793147,-0.11019251518422567,-0.023637963985279804,0.0170297780310564
1970-01-02 12:08:00,-0.0600230570205162,-0.1040297859937092,-0.009840188117148596,0.0197435999082663
1970-01-02 12:09:00,-0.05894601113725081,-0.09755821190174856,0.00476908474064112,0.022382127734877733
1970-01-02 12:10:00,-0.05763979890694667,-0.09085504310809356,0.02012190226677631,0.024893961274558868
1970-01-02 12:11:00,-0.05610818693854347,-0.08400563811320154,0.036136787947773384,0.027227023635718602
1970-01-02 12:12:00,-0.05435771145147824,-0.077102183124546,0.05271901065572308,0.029329047402029403
1970-01-02 12:13:00,-0.052397585875634305,-0.07024220769042876,0.06976110587640831,0.031148095421905733
1970-01-02 12:14:00,-0.05023956317428263,-0.06352690532066797,0.08714366137222003,0.032633122920586635
1970-01-02 12:15:00,-0.04789775252754063,-0.05705927518333212,0.1047363751465723,0.0337345820898358
1970-01-02 12:16:00,-0.045388391019118596,-0.05094211083874201,0.1223993877913369,0.034405064066597435
1970-01-02 12:17:00,-0.042729572488275365,-0.045275872565115484,0.13998488448043134,0.034599966968881735
1970-01-02 12:18:00,-0.03994093733048357,-0.04015648915267785,0.15733895389277133,0.0342781731250441
1970-01-02 12:19:00,-0.037043328598434296,-0.03567314209112776,0.17430368212800662,0.033402714276585435
1970-01-02 12:20:00,-0.0340584214756971,-0.03190609005125571,0.19071944921083586,0.0319414005274418
1970-01-02 12:21:00,-0.031008335243049134,-0.028924594965291955,0.20642738437437602,0.029867387204138535
1970-01-02 12:22:00,-0.027915239006412768,-0.026785012463173923,0.22127192516032457,0.0271596536552203
1970-01-02 12:23:00,-0.024800964058684566,-0.025529107566786623,0.2351034168734677,0.023803369451771767
1970-01-02 12:24:00,-0.0216866360996277,-0.025182650411025697,0.24778068565332503,0.0197901265292195
1970-01-02 12:25:00,-0.018592339444385403,-0.025754337050479397,0.2591735210664032,0.015118020584008733
1970-01-02 12:26:00,-0.015536823324129768,-0.027235069002034474,0.269165010851319,0.009791571536847933
1970-01-02 12:27:00,-0.012537258142720034,-0.02959761363136193,0.27765367862136564,0.003821481100653667
1970-01-02 12:28:00,-0.009609047454621867,-0.032796656423690305,0.2845553832947956,0.0
1970-01-02 12:29:00,-0.0067656994347395005,-0.036769245507880896,0.2898049463291352,0.0
1970-01-02 12:30:00,-0.004018759605967567,-0.0414356182111029,0.2933574795280958,0.0
1970-01-02 12:31:00,-0.0013778045730369337,-0.04670038890440447,0.2951893923125262,0.0
1970-01-02 12:32:00,0.0011495054218296,-0.05245406762129246,0.2952990628875218,0.0
1970-01-02 12:33:00,0.0035573190792778007,-0.058574870925459536,0.2937071627817643,0.0
1970-01-02 12:34:00,0.005841437361771799,-0.0649307808988633,0.29045662898855745,0.0
1970-01-02 12:35:00,0.007999114691938267,-0.07138180455204081,0.2856122825620331,0.0007781482360464668
1970-01-02 12:36:00,0.010028826450589666,-0.07778238331432101,0.27926009707127053,0.0062845644396172665
1970-01-02 12:37:00,0.011930012009106502,-0.08398389966848713,0.2715061248695129,0.010989212381524132
1970-01-02 12:38:00,0.013702802881596135,-0.08983722549968363,0.26247509387313,0.014872715322094799
1970-01-02 12:39:00,0.015347745659170464,-0.0951952551103377,0.2523086926603178,0.017934112815299434
1970-01-02 12:40:00,0.016865529317230066,-0.09991536601419791,0.24116356734524802,0.020189029469627102
1970-01-02 12:41:00,0.018256726227019265,-0.10386175305139188,0.22920905998614108,0.022241316936482434
1970-01-02 12:42:00,0.019521555700691102,-0.10690758587278996,0.21662472532328736,0.026738666847553366
1970-01-02 12:43:00,0.0206596782427601,-0.10893694571364414,0.2035976703567556,0.03048475592563593
1970-01-02 12:44:00,0.021670028055363732,-0.10984650367524157,0.19031976928598596,0.03345803973279413
1970-01-02 12:45:00,0.022550690835503567,-0.10954690863549305,0.17698481356812734,0.035644730181435866
1970-01-02 12:46:00,0.023298833346170767,-0.10796385852508905,0.16378566141806375,0.037038452332437466
1970-01-02 12:47:00,0.023910690306007065,-0.10503883553460804,0.1509114512580946,0.03763977429362494
1970-01-02 12:48:00,0.024381612595869972,-0.10072949544894504,0.13854493935774828,0.037455627906526
1970-01-02 12:49:00,0.024706178696103365,-0.0950097138730765,0.12686001477585115,0.0364986519685725
1970-01-02 12:50:00,0.024878368957631698,-0.08786930688048478,0.11601943646102846,0.0347865016523933
1970-01-02 12:51:00,0.024891800118938268,-0.07931346020769224,0.10617282871762691,0.03234117772954877
1970-01-02 12:52:00,0.02474001554624017,-0.06936191867617957,0.09745496210046882,0.029188437237917895
1970-01-02 12:53:00,0.024416824904670027,-0.05804800294124383,0.08998433707760795,0.025357353081435097
1970-01-02 12:54:00,0.02391668539965057,-0.04541752903026902,0.08386207814184941,0.020880092555934964
1970-01-02 12:55:00,0.023235115615032335,-0.03152770358160941,0.07917113751251244,0.0178769757144729
1970-01-02 12:56:00,0.022369132246322133,-0.016446054300453688,0.0759758004563595,0.014099998406474168
1970-01-02 12:57:00,0.021317699121703403,-0.00024943552252478424,0.07432147813561246,0.009510004509022967
1970-01-02 12:58:00,0.020082176509772603,0.016976870565286167,0.07423476886638859,0.004133558267064067
1970-01-02 12:59:00,0.01866675717619357,0.03513995136630007,0.07572376547106278,0.0
1970-01-02 13:00:00,0.017078874425935604,0.0541399645621905,0.0787785850781406,0.0
1970-01-02 13:01:00,0.0153295665521844,0.07387075416519862,0.08337209729817774,0.0
1970-01-02 13:02:00,0.013433781660869032,0.09422040015844824,0.08946082632068823,0.0
1970-01-02 13:03:00,0.011410606914774737,0.11507172486804479,0.09698600228662561,0.0
1970-01-02 13:04:00,0.009283407222042133,0.13630278277549274,0.10587473817298558,0.0
1970-01-02 13:05:00,0.007079860537428734,0.15778736248499753,0.11604131090115077,0.0
1970-01-02 13:06:00,0.0048318801056706955,0.17939552973027081,0.12738852891263172,0.0
1970-01-02 13:07:00,0.0025754177452545304,0.20099423841896094,0.13980917189529027,0.0
1970-01-02 13:08:00,0.0003501463072403353,0.22244803295542312,0.15318749087766767,0.0
1970-01-02 13:09:00,-0.0018009764832121976,0.24361986006731487,0.16740075838061017,0.0
1970-01-02 13:10:00,-0.0038322568389082636,0.2643720026965871,0.18232085878205048,0.0
1970-01-02 13:11:00,-0.0056959174890623965,0.28456714240267766,0.19781590839758367,0.0012679257497579667
1970-01-02 13:12:00,-0.007342843341141496,0.3040695499759664,0.21375189286567967,0.008881716889382999
1970-01-02 13:13:00,-0.008723408510799946,0.3227463963665423,0.2299943064022801,0.0156581330678955
1970-01-02 13:14:00,-0.009788371795340395,0.34046916781538966,0.2464097738410601,0.0216018964989332
1970-01-02 13:15:00,-0.010489825563663402,0.3571151612528276,0.26286763291711096,0.026728760423158065
1970-01-02 13:16:00,-0.010782180437444167,0.37256903043385714,0.27924145218754476,0.031064317040279232
1970-01-02 13:17:00,-0.01062316636409223,0.3867243515791734,0.2954104604424405,0.0346427312832493
1970-01-02 13:18:00,-0.009974830634497197,0.39948517960076796,0.31126086656583346,0.03750542204151577
1970-01-02 13:19:00,-0.008804514713543633,0.41076757077466164,0.3266870534951931,0.03969971271631727
1970-01-02 13:20:00,-0.007085793357292165,0.42050105289423567,0.34159263475200957,0.04127747291687317
1970-01-02 13:21:00,-0.004799360490386966,0.4286300273740629,0.35589136566384455,0.04229377286508113
1970-01-02 13:22:00,-0.0019338463264325656,0.43511508730072546,0.3695079027458208,0.0428055718005474
1970-01-02 13:23:00,0.0015134505053859338,0.43993423007738314,0.38237840353188474,0.04287046144099823
1970-01-02 13:24:00,0.0055359327641454,0.44308393518428124,0.39445095698005606,0.04254548529199557
1970-01-02 13:25:00,0.010117193495182067,0.44458007105776653,0.405685833879915,0.04188605410392401
1970-01-02 13:26:00,0.015230641277146168,0.4444585932394715,0.41605554879384493,0.04094497676368917
1970-01-02 13:27:00,0.020839279488633667,0.4427759983896429,0.4255447294070296,0.0397716241008649
1970-01-02 13:28:00,0.026895657668692036,0.4396095032353919,0.43414979430282147,0.0384112402517292
1970-01-02 13:29:00,0.03771278823737102,0.29050524685987517,0.5897711782584202,0.03881676256288548
1970-01-02 13:30:00,0.04127715524489488,0.291037773528397,0.5950723165504207,0.037055098426966804
1970-01-02 13:31:00,0.04507264378931653,0.2908017109488903,0.5997260419561219,0.0353020957817807
1970-01-02 13:32:00,0.04904413004553153,0.2899087178030579,0.6037511680937556,0.03357261314193745
1970-01-02 13:33:00,0.05313012835480928,0.2884832625966294,0.607172438695755,0.03187724128172807
1970-01-02 13:34:00,0.05726358984710178,0.2866611477043751,0.6100197679934022,0.031130781789205673
1970-01-02 13:35:00,0.0613728840515113,0.28458774913697216,0.6123274095569033,0.031219689267373875
1970-01-02 13:36:00,0.06538295540799055,0.282415990019307,0.6141330673559537,0.031252343788405
1970-01-02 13:37:00,0.06921663993632995,0.2803040738755664,0.6154769634740334,0.03121222028360285
1970-01-02 13:38:00,0.0727961207343829,0.2784130113074757,0.6164008775339963,0.03108237473340415
1970-01-02 13:39:00,0.07604449442677215,0.2769039808526155,0.6169471736985527,0.030845674298984327
1970-01-02 13:40:00,0.07888741378304484,0.2759355720980869,0.6171578319580195,0.03048500199514945
1970-01-02 13:41:00,0.0812547644831338,0.27566096649863947,0.6170735010186179,0.029983430501428574
1970-01-02 13:42:00,0.08308232749678703,0.276225118336771,0.6167325902494669,0.029324362461882726
1970-01-02 13:43:00,0.0843133746190291,0.2777620035364849,0.616170417717386,0.028491637833747502
1970-01-02 13:44:00,0.08490014483072085,0.28039200556062377,0.6154184302833544,0.0274696124896204
1970-01-02 13:45:00,0.08480515333719965,0.28421950426162984,0.6145035101329247,0.026243216229864575
1970-01-02 13:46:00,0.08400229199212281,0.28933072637416074,0.6134473801688097,0.024798002358233474
1970-01-02 13:47:00,0.08247768763175686,0.2957919074613563,0.6122661186132675,0.023120204639795226
1970-01-02 13:48:00,0.08023029257061863,0.3036478058027242,0.6109697910882611,0.021196820390782276
1970-01-02 13:49:00,0.07727218887375155,0.31292059891731994,0.6095622063831605,0.01901574027804235
1970-01-02 13:50:00,0.07362859516430595,0.32360918270253003,0.60804079990284,0.0165659458478324
1970-01-02 13:51:00,0.06933757194879164,0.335688881251168,0.6063966461456434,0.013837794669622799
1970-01-02 13:52:00,0.0644494292605789,0.3491115622491613,0.604614598499134,0.0108234101045485
1970-01-02 13:53:00,0.059025849509857474,0.3638061388760835,0.6026735515996502,0.010972967811676825
1970-01-02 13:54:00,0.05313874903250072,0.379679425915674,0.6005468190082999,0.0113328800437225
1970-01-02 13:55:00,0.04686891302489221,0.3966173085653081,0.598202617223494,0.01167313200910035
1970-01-02 13:56:00,0.040304448403117525,0.4144861807544816,0.5956046459571899,0.0119793636155902
1970-01-02 13:57:00,0.03353910583697188,0.4331346162895588,0.5927127539116698,0.01268923682247295
1970-01-02 13:58:00,0.026670524823173225,0.45239524674618825,0.5894836787815689,0.014732077900307824
1970-01-02 13:59:00,0.019798453816549547,0.4720868283811819,0.5858718496949644,0.016710041875285825
1970-01-02 14:00:00,0.0130229913986819,0.4920164827630754,0.5818302396750547,0.018576341507990524
1970-01-02 14:01:00,0.0064428856392920245,0.5119820936885666,0.5773112548965526,0.0202843434925327
1970-01-02 14:02:00,0.00015391951786040275,0.5317748401092681,0.5722676466725816,0.021788578836249226
1970-01-02 14:03:00,-0.005752597468310375,0.5511818434461012,0.5666534316446387,0.023045721891525726
1970-01-02 14:04:00,-0.011191216950814577,0.5699889072366285,0.5604248059016017,0.024015507756892526
1970-01-02 14:05:00,-0.01608360806695658,0.5879833260016337,0.5535410396428695,0.024661560678612
1970-01-02 14:06:00,-0.020359675348651178,0.6049567376676974,0.5459653402383717,0.024952109214802877
1970-01-02 14:07:00,-0.02395853365556535,0.6207079898591048,0.5376656730918954,0.02486056724550565
1970-01-02 14:08:00,-0.026829337646191574,0.6350459853609552,0.5286155317809444,0.0243659635085393
1970-01-02 14:09:00,-0.02893196439908318,0.6477924665591388,0.5187946515842294,0.023453206370695225
1970-01-02 14:10:00,-0.030237548311573943,0.6587846930438038,0.5081896634772683,0.02211317521204145
1970-01-02 14:11:00,-0.030728867618242083,0.6678779615255008,0.4967946884095149,0.02034263533058015
1970-01-02 14:12:00,-0.030400582013048065,0.6749479143045205,0.48461187323452914,0.0181439798560821
1970-01-02 14:13:00,-0.029259321035273143,0.6798925834271377,0.47165186912964074,0.015524809879867176
1970-01-02 14:14:00,-0.02732362303520055,0.6826341225662961,0.45793425061528203,0.0124973727359751
1970-01-02 14:15:00,-0.02462372453262475,0.683120185928939,0.44348786932255824,0.009077887700985424
1970-01-02 14:16:00,-0.021201199577530357,0.6813249211337176,0.4283511327185114,0.006091077462805125
1970-01-02 14:17:00,-0.017108448421267942,0.6772495502493279,0.4125721948075778,0.002887739727292875
1970-01-02 14:18:00,-0.012408034567225005,0.6709225203834137,0.39620904349212877,0.0
1970-01-02 14:19:00,-0.0071718693259985485,0.6623992128170618,0.37932946769411,0.0
1970-01-02 14:20:00,-0.0014802438158654195,0.651761207730763,0.362010886521678,0.0
1970-01-02 14:21:00,0.004579289519558098,0.6391151097642491,0.34434002288972787,0.0
1970-01-02 14:22:00,0.010913180293583749,0.6245909474491802,0.3264124053385612,0.0
1970-01-02 14:23:00,0.017423278686136093,0.608340166373358,0.3083316845397278,0.0
1970-01-02 14:24:00,0.024008355318433622,0.590533241659149,0.29020875513822253,0.0
1970-01-02 14:25:00,0.03056572522446542,0.5713569405453397,0.27216067895986157,0.0
1970-01-02 14:26:00,0.0369929552100521,0.5510112715380888,0.25430941186431505,0.0
1970-01-02 14:27:00,0.043189629790408454,0.5297061637969002,0.23678034323371233,0.0
1970-01-02 14:28:00,0.04905914550824886,0.5076579300305514,0.21970066398815663,0.0
1970-01-02 14:29:00,0.05451049653635384,0.4850855783862174,0.2031975861424628,0.0
1970-01-02 14:30:00,0.05946000670671722,0.4622070523108687,0.18739644420468238,0.0
1970-01-02 14:31:00,0.06383295646477855,0.4392354889862776,0.1724187153290416,0.000383149700850775
1970-01-02 14:32:00,0.06756505052637657,0.41637559282646097,0.15837999958545307,0.001226143189941625
1970-01-02 14:33:00,0.07060367493614503,0.393820218630845,0.14538800313508343,0.002071219300757975
1970-01-02 14:34:00,0.07290890009381971,0.37174725054750507,0.13354056617065635,0.002907386535578025
1970-01-02 14:35:00,0.0744541970166411,0.35031685116439115,0.12292377569040486,0.003726837828996625
1970-01-02 14:36:00,0.07522684587003739,0.32966914250575313,0.11361020166142102,0.004524716878842075
1970-01-02 14:37:00,0.07522802768353541,0.30992236889266367,0.10565729435604035,0.005298609649094775
1970-01-02 14:38:00,0.07447260185504932,0.29117158083837713,0.0991059807186923,0.0060477855734648
1970-01-02 14:39:00,0.07298858379493944,0.2734878685567322,0.09397949830991223,0.006772230047090425
1970-01-02 14:40:00,0.07081634918745072,0.2569181619102441,0.09028250568068144,0.0074715261406406
1970-01-02 14:41:00,0.06800760311757695,0.241485600252445,0.08800050594957617,0.00814365768649115
1970-01-02 14:42:00,0.06462416163333617,0.22719046180152702,0.0870996137048761,0.00878381624007205
1970-01-02 14:43:00,0.060736598037126055,0.21401163010622706,0.0875266835037522,0.0093832992253266
1970-01-02 14:44:00,0.10445215593132466,0.13630495825009203,0.09843026838820786,0.013238112823788466
1970-01-02 14:45:00,0.09900863462133758,0.1245273836688815,0.10353901863913458,0.013867544498572798
1970-01-02 14:46:00,0.09308054813604477,0.11347902250972718,0.10980436373721529,0.014366206635135166
1970-01-02 14:47:00,0.08680394316552903,0.10308931100843376,0.11709184435715432,0.014985350152079033
1970-01-02 14:48:00,0.08031831861240807,0.09328729507670362,0.12525084536269918,0.02022858379087863
1970-01-02 14:49:00,0.0737644360014359,0.08400442964864217,0.13411621816037692,0.024279273131601036
1970-01-02 14:50:00,0.06728220446062594,0.07517705313049587,0.1435101739562561,0.02710503703810523
1970-01-02 14:51:00,0.0610086652852365,0.06674847824687209,0.15324443213897374,0.028683656813519032
1970-01-02 14:52:00,0.05507609726322817,0.058670659106220456,0.16312260287189564,0.029002805996274705
1970-01-02 14:53:00,0.0496102607143348,0.05090541296026981,0.17294277737446814,0.028060208474920096
1970-01-02 14:54:00,0.044728795376527464,0.04342519313742373,0.18250029327514597,0.025864127297117734
1970-01-02 14:55:00,0.040539784650668036,0.03621342668265689,0.19159063574614374,0.022434103721554566
1970-01-02 14:56:00,0.03714049612039393,0.029264445592618333,0.20001242797188343,0.0178018863489347
1970-01-02 14:57:00,0.0346163056103524,0.022583052935174746,0.2075704573793841,0.015861214032366767
1970-01-02 14:58:00,0.0330398093627934,0.016183773698113024,0.2140786779893915,0.014190341154723634
1970-01-02 14:59:00,0.03247012640163647,0.010089844814120785,0.21936312557442159,0.012224294499200266
1970-01-02 15:00:00,0.03295239111070433,0.004331999860478164,0.22326468212097753,0.010035968679003
1970-01-02 15:01:00,0.03451743466874247,-0.0010528978799917432,0.22564162949626332,0.007694648798776267
1970-01-02 15:02:00,0.03718165322113837,-0.006023324307057469,0.22637193831593425,0.0052650737683464675
1970-01-02 15:03:00,0.0409470603057604,-0.010534621479728631,0.22535524561375278,0.002806655714771067
1970-01-02 15:04:00,0.04580152077614886,-0.014540545976362895,0.22251448311134625,0.0003728630232395
1970-01-02 15:05:00,0.0517191629656776,-0.01799480890953144,0.21779712600318366,0.0
1970-01-02 15:06:00,0.05866096488293777,-0.020852582569481415,0.2111760395911604,0.0
1970-01-02 15:07:00,0.06657550871764037,-0.023071949987429008,0.2026499073505684,0.0
1970-01-02 15:08:00,0.07539989587283194,-0.024615272207471766,0.1922432290999019,0.0
1970-01-02 15:09:00,0.08506081220753192,-0.025450445230065455,0.18000588264354886,0.0
1970-01-02 15:10:00,0.09547573033455346,-0.025552016153894037,0.1660122478578194,0.0
1970-01-02 15:11:00,0.10655423294181533,-0.024902127566157534,0.15035989978248254,0.0
1970-01-02 15:12:00,0.11819943847317872,-0.023491261479380094,0.13316788699101786,0.0
1970-01-02 15:13:00,0.13030950805520822,-0.021318758800893994,0.11457462264113176,0.0
1970-01-02 15:14:00,0.14277920969650112,-0.018393096787592805,0.09473542753096265,0.0
1970-01-02 15:15:00,0.15550151193280481,-0.014731914691575856,0.07381977703320657,0.0
1970-01-02 15:16:00,0.16836917469651114,-0.010361786609631737,0.05200831638638962,0.0
1970-01-02 15:17:00,0.18127630209043769,-0.005317750647283996,0.029489719751260208,0.0
1970-01-02 15:18:00,0.19411982194408076,0.00035738467080615827,0.006457475491577602,0.0
1970-01-02 15:19:00,0.20680086088522823,0.006613923056575904,-0.016893317901164995,0.0
1970-01-02 15:20:00,0.2192259896524287,0.013396307714344469,-0.04036906391853856,0.0
1970-01-02 15:21:00,0.23130831965764895,0.02064424330166556,-0.06378061449405618,0.0
1970-01-02 15:22:00,0.24296843747785757,0.028293863659578422,-0.08694598842679557,0.0
1970-01-02 15:23:00,0.2541351689277466,0.036278901836728744,-0.10969281284774979,0.0
1970-01-02 15:24:00,0.2647461687775709,0.044531825931387166,-0.13186045251638434,0.0
1970-01-02 15:25:00,0.27474833610970484,0.052984910598760614,-0.15330180401813578,0.0
1970-01-02 15:26:00,0.2840980587784961,0.06157121894093966,-0.17388474191913295,0.0
1970-01-02 15:27:00,0.29276129349711955,0.07022547352098146,-0.19349321191561528,0.0
1970-01-02 15:28:00,0.30071349083696675,0.07888479961256753,-0.21202797303343454,0.0
1970-01-02 15:29:00,0.3079393769401436,0.08748932911857216,-0.22940699771466852,0.0012591044480246333
1970-01-02 15:30:00,0.3144326058488296,0.0959826595017043,-0.2455655451211383,0.007616883977964734
1970-01-02 15:31:00,0.32019529780017103,0.10431216784767079,-0.2604559288070769,0.013162102711906034
1970-01-02 15:32:00,0.3252374795804681,0.1124291853275949,-0.27404700480289584,0.017882674375047966
1970-01-02 15:33:00,0.32957644327771285,0.12028904154811483,-0.2863234099903403,0.021781937416567063
1970-01-02 15:34:00,0.33323603972369226,0.127850991391427,-0.2972845834017945,0.02487669346677353
1970-01-02 15:35:00,0.3362459226146733,0.13507803904823823,-0.3069436048161615,0.027195346309131965
1970-01-02 15:36:00,0.3386407586877867,0.14193667538335467,-0.3153258858957036,0.03554582077895176
1970-01-02 15:37:00,0.3404594184370994,0.14839654574936997,-0.3224677492054819,0.0428782255054555
1970-01-02 15:38:00,0.3417441608141496,0.15443006579540453,-0.3284149298018405,0.04907510689164574
1970-01-02 15:39:00,0.3425398242610431,0.1600120027292004,-0.3332210327619135,0.05415431586781397
1970-01-02 15:40:00,0.34289303525901244,0.1651190392073166,-0.336945978258733,0.0581468179040018
1970-01-02 15:41:00,0.3428514443716439,0.1697293368112541,-0.3396544637320997,0.06109363113570913
1970-01-02 15:42:00,0.34246299864663926,0.1738221158662674,-0.34141447040842393,0.06304297661310691
1970-01-02 15:43:00,0.341775258299367,0.17737726799276823,-0.3422958388919965,0.0640476847140382
1970-01-02 15:44:00,0.34083476478095426,0.180375017052845,-0.3423689357855821,0.06416289075044906
1970-01-02 15:45:00,0.3396864664914272,0.18279564278970092,-0.34170343021776906,0.06344404458532243
1970-01-02 15:46:00,0.33837320743106,0.18461927923173208,-0.34036719566591805,0.06194525258455106
1970-01-02 15:47:00,0.33693528301123576,0.18582579698745794,-0.3384253486987641,0.0597179647374691
1970-01-02 15:48:00,0.3354100661448389,0.18639477542458535,-0.33593943259540954,0.0568100148359216
1970-01-02 15:49:00,0.3338317055870117,0.18630556792068573,-0.332966750505634,0.053265016933318164
1970-01-02 15:50:00,0.3322308972218082,0.18553746098554366,-0.3295598498363104,0.04912211677575287
1970-01-02 15:51:00,0.33063472762089574,0.18406992587554227,-0.32576615666899256,0.04441609248265774
1970-01-02 15:52:00,0.3290665878610136,0.18188295932671614,-0.32162775620788975,0.0391777945259326
1970-01-02 15:53:00,0.3275461543208163,0.17895750843371086,-0.3171813126963691,0.034652343382452204
1970-01-02 15:54:00,0.326089431940696,0.17527597343616544,-0.31245812005932394,0.0303611876983749
1970-01-02 15:55:00,0.3247088542119196,0.17082278082700567,-0.3074842727258139,0.02537825164640797
1970-01-02 15:56:00,0.32341343297614394,0.165585017530908,-0.30228094458702354,0.019709527951435133
1970-01-02 15:57:00,0.3222089499343937,0.15955311506671055,-0.2968647627314657,0.013367738161345566
1970-01-02 15:58:00,0.32109818066296225,0.15272157077326273,-0.2912482613220844,0.006374232117812967
1970-01-02 15:59:00,0.32008114124643455,0.1450896913686201,-0.2854403996853445,0.0
1970-01-02 16:00:00,0.016612887986906365,0.2619055630126574,-0.1838737618380909,0.0
1970-01-02 16:01:00,0.015747152739255567,0.2526608097614328,-0.17769268981704547,0.0
1970-01-02 16:02:00,0.31755663748754004,0.11747289305505665,-0.2669166824915117,0.0
1970-01-02 16:03:00,0.31686859496196795,0.10675479669672995,-0.2603817541062185,0.0
1970-01-02 16:04:00,0.31624202801863677,0.09533049497888997,-0.25366708256142917,0.0
1970-01-02 16:05:00,0.3156657295025214,0.08324285352896964,-0.2467724629696766,0.0
1970-01-02 16:06:00,0.31512739862241035,0.0705439032433211,-0.23969807747447977,0.0
1970-01-02 16:07:00,0.31461380597916716,0.05729510346479085,-0.23244490088074102,0.0
1970-01-02 16:08:00,0.3141109328340978,0.043567448428356435,-0.22501501695485135,0.0
1970-01-02 16:09:00,0.3136040845041364,0.029441395958523926,-0.21741183296787478,0.0009209537566338333
1970-01-02 16:10:00,0.3130779784460709,0.015006600898012784,-0.2096401834038728,0.0031774391317117
1970-01-02 16:11:00,0.3125168081112516,0.0003614404290226784,-0.20170631764891142,0.005565817215273167
1970-01-02 16:12:00,0.31190428406363385,-0.014387675961565769,-0.19361777081411322,0.008048395768766467
1970-01-02 16:13:00,0.31122365429547455,-0.029127212922468854,-0.18538312153027317,0.0105834465277629
1970-01-02 16:14:00,0.31045770630013625,-0.04373762643709359,-0.17701164556153834,0.013125317534528868
1970-01-02 16:15:00,0.3095887543177891,-0.058094678622117944,-0.16851287959314484,0.015624636859149768
1970-01-02 16:16:00,0.30859861618243895,-0.0720709280811213,-0.15989611578839885,0.018028616536772134
1970-01-02 16:17:00,0.3074685852541546,-0.08553736355330398,-0.15116985448799058,0.020281463292280734
1970-01-02 16:18:00,0.3061794039498927,-0.09836513863359979,-0.1423412485592869,0.0223249004774546
1970-01-02 16:19:00,0.3047112463906127,-0.11042735866399746,-0.1334155763686374,0.024098803694956466
1970-01-02 16:20:00,0.3030437186571868,-0.1216008700784255,-0.12439577958167163,0.025541950880489633
1970-01-02 16:21:00,0.3011558859376629,-0.1317680073113936,-0.11528209723283844,0.026592886186323366
1970-01-02 16:22:00,0.29902633609408974,-0.1408182599656006,-0.10607182045125245,0.027190895868863866
1970-01-02 16:23:00,0.2966332884910393,-0.1486498303012353,-0.09675918454652295,0.027277093535205934
1970-01-02 16:24:00,0.2939547551944817,-0.15517105716110066,-0.08733540772252368,0.02679561154955527
1970-01-02 16:25:00,0.29096875915365356,-0.16030168760437455,-0.07778887889929682,0.025694895138183533
1970-01-02 16:26:00,0.2876536112067475,-0.16397398239573147,-0.06810549118575367,0.02392909575586613
1970-01-02 16:27:00,0.28398824507948817,-0.1661336462034897,-0.0582691124408146,0.021459560571568965
1970-01-02 16:28:00,0.27995260713455394,-0.16674057765718567,-0.04826217991188605,0.018256415448481
1970-01-02 16:29:00,0.27552809549999796,-0.16576943801177832,-0.03806640198204714,0.014300239410428866
1970-01-02 16:30:00,0.27069804126349845,-0.1632100399768768,-0.027663546528306753,0.009583829031634267
1970-01-02 16:31:00,0.26544822246892563,-0.15906756060326013,-0.017036292322824182,0.004114050920078467
1970-01-02 16:32:00,0.2597673995080201,-0.15336258458693505,-0.006169117366205364,0.0
1970-01-02 16:33:00,0.25364785811724005,-0.14613098734114113,0.0049508039248984765,0.0010516952607219335
1970-01-02 16:34:00,0.24708594369984369,-0.13742367022372687,0.016332724141052506,0.0034376355715455
1970-01-02 16:35:00,0.24008256838656603,-0.1273061620341803,0.02798149719856502,0.0052770342174865
1970-01-02 16:36:00,0.23264367044628864,-0.115858100070429,0.03989683407062672,0.0066378246631073334
1970-01-02 16:37:00,0.22478060456071125,-0.10317260074622175,0.05207267002793747,0.007592835086437367
1970-01-02 16:38:00,0.216510441232185,-0.08935552563199721,0.06449667231612106,0.008216857418837901
1970-01-02 16:39:00,0.20785615445841232,-0.07452464595726631,0.07714991519374703,0.008583868479181
1970-01-02 16:40:00,0.1988466790594551,-0.058808708293843326,0.09000674632410284,0.00876448280726
1970-01-02 16:41:00,0.18951682271975975,-0.04234640548353787,0.10303486444638969,0.008823719447829833
1970-01-02 16:42:00,0.17990702257851612,-0.025285257566742367,0.1161956226939929,0.008819159548154201
1970-01-02 16:43:00,0.17006294154034296,-0.007780405846694234,0.12944456461515452,0.0087995574945309
1970-01-02 16:44:00,0.16003490512248666,0.010006680167819207,0.1427321910426168,0.0088039464420928
1970-01-02 16:45:00,0.14987718589196028,0.027909586172132777,0.15600494608097806,0.008861251844750366
1970-01-02 16:46:00,0.13964714989888596,0.0457584305056448,0.16920640037287105,0.008990397073706333
1970-01-02 16:47:00,0.12940428811202223,0.06338143647397593,0.18227859988394535,0.0092008567367448
1970-01-02 16:48:00,0.11920916499932832,0.08060659518075355,0.19516353892634997,0.009493588959198933
1970-01-02 16:49:00,0.10912232431798917,0.0972634086202871,0.2078047078732814,0.0098622601442295
1970-01-02 16:50:00,0.09920319648892305,0.1131846976731856,0.22014866087406926,0.010294666086229967
1970-01-02 16:51:00,0.08950905100354174,0.12820845592683747,0.23214654854361536,0.0107742519773998
1970-01-02 16:52:00,0.08009403161345463,0.14217972831931522,0.2437555649807688,0.011281639884950068
1970-01-02 16:53:00,0.07100830373288453,0.1549524939501743,0.2549402657752965,0.011796084093381433
1970-01-02 16:54:00,0.06229733466235111,0.16639153469668896,0.26567372183602705,0.0122967904451104
1970-01-02 16:55:00,0.054001318978210595,0.17637427367776704,0.2759384816097578,0.0127640534591146
1970-01-02 16:56:00,0.046154754018288564,0.18479256749375617,0.285727321051279,0.013180182543383467
1970-01-02 16:57:00,0.038786164065194896,0.19155443192723923,0.2950437664801889,0.013530204394988666
1970-01-02 16:58:00,0.031917966903769905,0.19658567302961796,0.3039023802209016,0.013802341790853467
1970-01-02 16:59:00,0.025566472947986068,0.19983138643006662,0.31232880255499124,0.013988279284230935
1970-01-02 17:00:00,0.019742004758774932,0.20125727960890935,0.3203595461478573,0.014083234152704701
1970-01-02 17:01:00,0.014449123145754602,0.20085076718884667,0.32804154177685735,0.014085856649771732
1970-01-02 17:02:00,0.0096869450625362,0.19862179086172582,0.3354314386160184,0.021078492444370933
1970-01-02 17:03:00,0.005449538288119601,0.19460332452302917,0.3425946693355722,0.027340894336226235
1970-01-02 17:04:00,0.0017263785081359998,0.1888515382894207,0.3496042984147234,0.0328246973117892
1970-01-02 17:05:00,-0.0014971444277038007,0.18144560662873296,0.35653967876136394,0.037521826789707634
1970-01-02 17:06:00,-0.004239183205145399,0.17248715315370985,0.3634849458356751,0.04143875162191474
1970-01-02 17:07:00,-0.006520864240690199,0.162099329932105,0.37052738104478466,0.044594000177973436
1970-01-02 17:08:00,-0.0083657047596052,0.15042553568235045,0.3777556787528488,0.04701581874618427
1970-01-02 17:09:00,-0.0097990271522733,0.13762778564109437,0.385258154280101,0.04874000090535036
1970-01-02 17:10:00,-0.010847381968875034,0.12388475490968086,0.39312093321777986,0.04980791214386687
1970-01-02 17:11:00,-0.011537990742273935,0.10938952510880035,0.401426164469298,0.05026473003800493
1970-01-02 17:12:00,-0.011898219438712533,0.09434706992138904,0.410250299903743,0.05015791622340823
1970-01-02 17:13:00,-0.011955092578670869,0.0789715184435349,0.4196624819336418,0.049535931860742004
1970-01-02 17:14:00,-0.011734856849102035,0.0634832374589136,0.4297230768186691,0.04844720302370403
1970-01-02 17:15:00,-0.011262601456903866,0.04810577603292445,0.4404823866280901,0.0469393363405188
1970-01-02 17:16:00,-0.01056194079309323,0.03306271834376671,0.4519795671765337,0.04505857853579506
1970-01-02 17:17:00,-0.009654763316111899,0.01857449333135656,0.46424177315471254,0.04284950661965307
1970-01-02 17:18:00,-0.008561048874891368,0.004855192821924814,0.4772835450474389,0.040354928589974665
1970-01-02 17:19:00,-0.007298754889412634,-0.007890546850861843,0.4911064452278742,0.03761596776418676
1970-01-02 17:20:00,-0.005883769923766866,-0.019470542265107842,0.5056989432725819,0.034672297430113797
1970-01-02 17:21:00,-0.004329931496312302,-0.029707882164332455,0.5210365440653258,0.0315624867484026
1970-01-02 17:22:00,-0.0026491038645291335,-0.038443515328802136,0.537082147605581,0.028324414136988236
1970-01-02 17:23:00,-0.0008513111271824346,-0.04553856073244722,0.553786626445915,0.024995700997868464
1970-01-02 17:24:00,0.0010550790427757333,-0.05087630092884501,0.5710896038581098,0.021614116812778934
1970-01-02 17:25:00,-0.0014219021159963664,-0.1892224382626664,0.3753164989737774,0.011790140536414466
1970-01-02 17:26:00,0.0007249989255473996,-0.19081556701283645,0.3935830899742543,0.008397484031949233
1970-01-02 17:27:00,0.007361908171443533,-0.05554277797595011,0.6258381961722005,0.011538018310138532
1970-01-02 17:28:00,0.009643303964098566,-0.053176716288818295,0.6447430042180708,0.0083341689095694
1970-01-02 17:29:00,0.012006994183578569,-0.04884586503868612,0.6638140605989451,0.006750048701666733
1970-01-02 17:30:00,0.014448546268593732,-0.04258685137590853,0.6829480793551551,0.006924686945491667
1970-01-02 17:31:00,0.016962967652436933,-0.03446126816348083,0.7020395533018945,0.007132762139030466
1970-01-02 17:32:00,0.019544346759270966,-0.024554353255867967,0.7209822615526198,0.0073715568898511325
1970-01-02 17:33:00,0.022185512892404963,-0.012973281162774075,0.7396707674374974,0.0076379672703782665
1970-01-02 17:34:00,0.024877727257857165,0.00015488996211354689,0.7580018855377554,0.007928499652000967
1970-01-02 17:35:00,0.027610417711548235,0.014685561841753514,0.7758760944014496,0.008239279762402367
1970-01-02 17:36:00,0.030370969616316936,0.030459166652630265,0.7931988690951601,0.0085660732132325
1970-01-02 17:37:00,0.033144584331948,0.04730389715305935,0.8098819066355043,0.008904315807474167
1970-01-02 17:38:00,0.035914215173976395,0.06503853264541475,0.8258442187651113,0.0092491513276737
1970-01-02 17:39:00,0.03866058806548573,0.0834753076759039,0.841013070402972,0.009595474247090332
1970-01-02 17:40:00,0.041362310708360266,0.10242278351478779,0.8553247474055389,0.009937974927027334
1970-01-02 17:41:00,0.043996070281805764,0.12168869311243448,0.8687251431624482,0.010271185368899234
1970-01-02 17:42:00,0.046536915879815434,0.14108273481900135,0.8811701596369294,0.010589524414164934
1970-01-02 17:43:00,0.04895861853133967,0.16041928782863443,0.892625924597768,0.010887342310091766
1970-01-02 17:44:00,0.0512340989335548,0.17952001525817796,0.903068832860724,0.011158965628529935
1970-01-02 17:45:00,0.053335910924006434,0.19821631276280094,0.9124854250263237,0.0113987444452704
1970-01-02 17:46:00,0.05523676710356914,0.2163515548497185,0.9208721217557092,0.016812200502321267
1970-01-02 17:47:00,0.056910091949897525,0.23378308953355184,0.9282348343763402,0.022282552708618602
1970-01-02 17:48:00,0.05833058730085491,0.25038393568749123,0.9345884734555039,0.027162098076890268
1970-01-02 17:49:00,0.059474795065511794,0.26604414636211726,0.9399563763706608,0.031427985088705465
1970-01-02 17:50:00,0.060321642110387264,0.28067181394158097,0.9443696733441417,0.03506684256154167
1970-01-02 17:51:00,0.06085295227607584,0.2941937063590648,0.9478666092237247,0.0380745984045967
1970-01-02 17:52:00,0.06105391049914053,0.3065555347101033,0.95049183575774,0.04045618279090493
1970-01-02 17:53:00,0.060913464416515566,0.31772186028878807,0.9522956865458893,0.042225117412683734
1970-01-02 17:54:00,0.06042465001930406,0.3276756545031048,0.9533334445090939,0.0434029922569941
1970-01-02 17:55:00,0.05958483000056264,0.3364175303739951,0.9536646097164111,0.04401883105091
1970-01-02 17:56:00,0.0583958361957804,0.34396467034317113,0.9533521737026348,0.04410834695066134
1970-01-02 17:57:00,0.05686401072665329,0.3503494812246975,0.9524619050091815,0.043713091968025336
1970-01-02 17:58:00,0.05500014400985903,0.35561801231192,0.9510616496431865,0.04287950728893847
1970-01-02 17:59:00,0.052819311509375105,0.3598281769075915,0.9492206493958323,0.04165788672922047
1970-01-02 18:00:00,0.05034061474478177,0.3630478216419952,0.9470088802523522,0.040101271514011834
1970-01-02 18:01:00,0.04758683542195883,0.36535269203577375,0.9444964123232952,0.03826430073134703
1970-01-02 18:02:00,0.044584014488125524,0.3668243458840426,0.9417527919174704,0.0362020474810207
1970-01-02 18:03:00,0.04136097029213594,0.367548066908525,0.938846445747754,0.03396887508474277
1970-01-02 18:04:00,0.03794877173866917,0.3676108291954656,0.9358441069570004,0.031617349944646565
1970-01-02 18:05:00,0.03438018331853973,0.3670993586200784,0.9328102626932041,0.02919724715231753
1970-01-02 18:06:00,0.0306890992281173,0.36609833170866496,0.9298066231364727,0.026754681471335796
1970-01-02 18:07:00,0.02690998354303113,0.3646887463124931,0.9268916118235321,0.024331390012968235
1970-01-02 18:08:00,0.02307733254718063,0.362946492693619,0.9241198768007365,0.02196418460463773
1970-01-02 18:09:00,0.019225173669458934,0.36094114762340795,0.9215418221509442,0.019756708039308
1970-01-02 18:10:00,0.0153866129895806,0.3587350069429523,0.9192031603980353,0.018686752705787433
1970-01-02 18:11:00,0.011593440213352004,0.35638236408174534,0.9171444880399707,0.017777148870153834
1970-01-02 18:12:00,0.007875796934444401,0.3539290348397816,0.9154008882032643,0.017041873167100333
1970-01-02 18:13:00,0.0042619113442770975,0.3514121233857419,0.9140015655423103,0.016489727668978233
1970-01-02 18:14:00,0.0007779002615446659,0.3488600207061907,0.9129695190039357,0.016124384127260968
1970-01-02 18:15:00,-0.002552363088202001,0.346292623769688,0.9123212581856497,0.015944469892413732
1970-01-02 18:16:00,-0.005707320096292598,0.34372176055660186,0.9120665688757829,0.015943686654939167
1970-01-02 18:17:00,-0.008667744445435733,0.3411518022843609,0.9122083330628789,0.016110956086349635
1970-01-02 18:18:00,-0.011416717076281101,0.3385804395394895,0.9127424085035466,0.016430589609767766
1970-01-02 18:19:00,-0.013939570524293433,0.3359995939220135,0.9136575732047976,0.016882482607098768
1970-01-02 18:20:00,-0.0162238144952418,0.3333964317423829,0.9149355410361971,0.017442336112451134
1970-01-02 18:21:00,-0.01825905310266757,0.3307544419918167,0.9165510559166523,0.018081911244188467
1970-01-02 18:22:00,-0.020036902132233334,0.32805453815088154,0.9184720732291055,0.018769323168765766
1970-01-02 18:23:00,-0.021550912353854267,0.32527614345243555,0.9206600378581582,0.019469382236311367
1970-01-02 18:24:00,-0.02279650237217733,0.32239822268365037,0.9230702680127804,0.020143990120413967
1970-01-02 18:25:00,-0.023770902027467098,0.3194002301545577,0.9256524522894612,0.020752598421076202
1970-01-02 18:26:00,-0.024473105353816065,0.3162629515782623,0.9283512639785773,0.021252736364319198
1970-01-02 18:27:00,-0.024903830843709868,0.3129692254043894,0.9311070917907722,0.0216006130672473
1970-01-02 18:28:00,-0.025065486196981665,0.3095045353626331,0.9338568811134814,0.021751798428880198
1970-01-02 18:29:00,-0.024962134640002496,0.30585747086119136,0.936535075568326,0.021661985134710297
1970-01-02 18:30:00,-0.0245994601411635,0.30202005684300787,0.9390746448791091,0.021287832591173002
1970-01-02 18:31:00,-0.023984729316622235,0.29798796041851855,0.9414081812251487,0.0205878918696903
1970-01-02 18:32:00,-0.023126748365982833,0.29376058714725045,0.943469042378006,0.019523608929899034
1970-01-02 18:33:00,-0.022035813828328903,0.2893410836643125,0.9451925167238588,0.0180604014534024
1970-01-02 18:34:00,-0.020723656202540432,0.2847362641739202,0.9465169834478683,0.016168802453154964
1970-01-02 18:35:00,-0.019203375547642534,0.27995647593026074,0.947385040936752,0.013825661273721966
1970-01-02 18:36:00,-0.017489368172355566,0.27501541474011665,0.9477445775522515,0.0110153894281002
1970-01-02 18:37:00,-0.015597243577192934,0.2699298980833471,0.9475497607809213,0.007731234587967866
1970-01-02 18:38:00,-0.0135437310358964,0.2647196014922022,0.9467619230261919,0.003976560491029633
1970-01-02 18:39:00,-0.011346575587430067,0.2594067622635658,0.9453503249858213,0.0
1970-01-02 18:40:00,-0.0090244236259674,0.25401585227568607,0.9432927806587319,0.0
1970-01-02 18:41:00,-0.006596698561223399,0.24857321912345506,0.9405761312454678,0.0
1970-01-02 18:42:00,-0.004083467022836233,0.2431066938668204,0.937196558062606,0.0
1970-01-02 18:43:00,-0.0015052957230092332,0.23764516609643763,0.9331597268201842,0.0
1970-01-02 18:44:00,0.0011169014529982665,0.23221813268392055,0.9284807574367369,0.0
1970-01-02 18:45:00,0.0037620268452001997,0.22685523384964493,0.9231840155455634,0.0
1970-01-02 18:46:00,0.006408973293277667,0.2215857974222879,0.9173027244286255,0.0
1970-01-02 18:47:00,0.009036808793431867,0.2164384184925878,0.9108783994379706,0.0022961673645280002
1970-01-02 18:48:00,0.011624969984728867,0.2114406060630943,0.9039601110341845,0.004790693371440333
1970-01-02 18:49:00,0.014153461979137,0.20661852891518206,0.8966035874187989,0.007280732389555834
1970-01-02 18:50:00,0.0166030612745719,0.20199688768379342,0.8888701733384164,0.009740553134030999
1970-01-02 18:51:00,0.0189555177357659,0.1975989280381382,0.8808256678142263,0.012144547535897866
1970-01-02 18:52:00,0.021193750854493668,0.1934465920741122,0.8725390699587477,0.014467674422934099
1970-01-02 18:53:00,0.023302034887995867,0.18956078516021693,0.8640812681115372,0.016685909468237965
1970-01-02 18:54:00,0.025266167262628102,0.18596171836357955,0.8555237123029998,0.018776684211162367
1970-01-02 18:55:00,0.027073614967703368,0.18266927611846126,0.8469371122328465,0.020719297984077033
1970-01-02 18:56:00,0.028713634612197333,0.17970335670141022,0.8383902014916811,0.022495288709219633
1970-01-02 18:57:00,0.030177363300185372,0.1770841386700769,0.8299486037824405,0.024088751305613432
1970-01-02 18:58:00,0.031457879214009096,0.17483223724074493,0.8216738297152419,0.025486595434031534
1970-01-02 18:59:00,0.0325502323898235,0.17296872784107986,0.8136224248373679,0.026678737192525667
1970-01-02 19:00:00,0.03345144736887333,0.17151502792122594,0.8058452818010574,0.027658222010923966
1970-01-02 19:01:00,0.034160500180005195,0.1704926413506651,0.7983871223565443,0.028421278344189563
1970-01-02 19:02:00,0.0346782725581853,0.16992278089133106,0.791286148479947,0.02896730380494743
1970-01-02 19:03:00,0.03500748652089,0.16982589160082492,0.7845738566725934,0.029298787075351437
1970-01-02 19:04:00,0.03515262244114484,0.17022110084139785,0.7782750053816857,0.0294211703096972
1970-01-02 19:05:00,0.0351198235531608,0.17112561983308827,0.772407722454559,0.0293426578200008
1970-01-02 19:06:00,0.0349167893154623,0.17255411931570594,0.766983737357176,0.029073977638724397
1970-01-02 19:07:00,0.03455265916372723,0.1745180993374209,0.7620087214098411,0.028628103067209736
1970-01-02 19:08:00,0.034037887058231464,0.177025270896864,0.7574827183592348,0.0284283093362603
1970-01-02 19:09:00,0.0333841062483504,0.18007896506036883,0.7534006470746141,0.028279693555530238
1970-01-02 19:10:00,0.03260398317292397,0.18367758342355608,0.7497528580295838,0.027852673852709498
1970-01-02 19:11:00,0.03171105947544547,0.1878141027483402,0.7465257256264147,0.027145371944156668
1970-01-02 19:12:00,0.03071958163759503,0.19247564621160654,0.7437022593497752,0.02783792921070093
1970-01-02 19:13:00,0.029644318552866866,0.19764313335161746,0.741262717994663,0.029348863723504065
1970-01-02 19:14:00,0.028500368265111233,0.2032910200959348,0.739185212572317,0.0301784299011691
1970-01-02 19:15:00,0.027302955904245963,0.20938713953975943,0.7374462849756612,0.0303649733669763
1970-01-02 19:16:00,0.026067225514619496,0.2158926540288767,0.7360214512923416,0.029960278484952734
1970-01-02 19:17:00,0.024808029060847826,0.2227621295788175,0.7348857008718773,0.029340621765866767
1970-01-02 19:18:00,0.023539716454318866,0.22994374384195515,0.7340139446192652,0.028796937525727196
1970-01-02 19:19:00,0.02227593088832797,0.23737963750410107,0.733381407938833,0.0279440570579938
1970-01-02 19:20:00,0.021029413972604966,0.24500641546563437,0.7329639648098832,0.02682638127970283
1970-01-02 19:21:00,0.0198118250978164,0.2527557988952604,0.7327384097979022,0.02548789393864223
1970-01-02 19:22:00,0.01863357924264857,0.26055542369044427,0.7326826652382651,0.02397123558385363
1970-01-02 19:23:00,0.017503707151155595,0.2683297765601748,0.732775922168221,0.02231693715596747
1970-01-02 19:24:00,0.0164297414344305,0.2760012575462929,0.7329987159231854,0.020562816832415266
1970-01-02 19:25:00,0.015417631637450302,0.2834913567835491,0.7333329401841343,0.0187435398741015
1970-01-02 19:26:00,0.014471690680503996,0.29072193198658475,0.7337618060584151,0.016890337172381465
1970-01-02 19:27:00,0.013594574347849803,0.297616569525527,0.7342697550024081,0.015030873960932367
1970-01-02 19:28:00,0.012787294577318567,0.3041020051465192,0.734842335866115,0.013189255731239899
1970-01-02 19:29:00,0.012049266185805763,0.3101095715195273,0.7354660572536783,0.011386153941106899
1970-01-02 19:30:00,0.011378385524471568,0.3155766311599696,0.7361282269987236,0.009639029957484767
1970-01-02 19:31:00,0.010771138615815265,0.32044794704755913,0.7368167907749856,0.0079624321713076
1970-01-02 19:32:00,0.010222735647562764,0.32467694070412284,0.7375201814361737,0.006368338702565534
1970-01-02 19:33:00,0.009727268215869833,0.32822678850204595,0.7382271895215943,0.005014359504920033
1970-01-02 19:34:00,0.00927788533491893,0.33107131026583625,0.7389268636090839,0.004654526603268466
1970-01-02 19:35:00,0.008866983904400336,0.33319560853575897,0.7396084470161125,0.0043296946724578666
1970-01-02 19:36:00,0.008486409024435204,0.33459642236359816,0.7402613549312077,0.004037358964274733
1970-01-02 19:37:00,0.008127659256274003,0.33528216767607094,0.7408751936099653,0.003775856035313
1970-01-02 19:38:00,0.007782091678302933,0.33527264810182067,0.7414398209117962,0.0035443003391698665
1970-01-02 19:39:00,0.007441121536217232,0.33459843514767534,0.7419454451824464,0.003342436847760567
1970-01-02 19:40:00,0.007096411633755739,0.3332999332247641,0.7423827572710907,0.003170421755735267
1970-01-02 19:41:00,0.0067400473632114,0.3314261618667067,0.7427430883266294,0.0030285505018308
1970-01-02 19:42:00,0.006364694195302001,0.329033303149654,0.7430185841037339,0.0029169580071222666
1970-01-02 19:43:00,0.005963735281796366,0.32618307489316417,0.7432023851843454,0.002835319346952333
1970-01-02 19:44:00,-0.023212414338716934,0.04513465814180267,0.7356612747135766,0.0027825795458552662
1970-01-02 19:45:00,-0.023705200947472627,0.0416698077613745,0.7357166153065172,0.002934838051491634
1970-01-02 19:46:00,0.0045540979527682645,0.3155518069487466,0.7431535116227187,0.0032478383198011
1970-01-02 19:47:00,0.004002481098717804,0.31153903300094643,0.7429275870293454,0.0035024119912491335
1970-01-02 19:48:00,0.0034061934961540363,0.3073999294330582,0.7425960171687404,0.0036901057962369665
1970-01-02 19:49:00,0.0027645483236214685,0.3031939290284795,0.742160784237134,0.0038024147902001003
1970-01-02 19:50:00,0.002077898233344163,0.29897516261419216,0.741625522754187,0.0038310431968937336
1970-01-02 19:51:00,0.0013475891500729642,0.29479159299019364,0.740995461227092,0.0037682619370002
1970-01-02 19:52:00,0.000575893853876098,0.2906844088956648,0.7402773197441085,0.003607324689692566
1970-01-02 19:53:00,-0.0002340726171763674,0.2866876868626796,0.7394791642909896,0.0033429003630251
1970-01-02 19:54:00,-0.001078453253609904,0.2828283200226815,0.738610219725698,0.002971479624034134
1970-01-02 19:55:00,-0.0019527621484436986,0.2791262049804565,0.7376806447858265,0.0028534652868393334
1970-01-02 19:56:00,-0.002852007214508632,0.2755946709076469,0.7367012742540019,0.0027545173077030334
1970-01-02 19:57:00,-0.0037708195121073005,0.2722411287320525,0.7356833352808304,0.0026137532228848333
1970-01-02 19:58:00,-0.004703586657176202,0.2690679124230418,0.7346381465950671,0.002428762309631733
1970-01-02 19:59:00,-0.005644588389163198,0.2660732789266322,0.733576810665251,0.002198275368036267
1970-01-02 20:00:00,-0.0065881326852665345,0.2632525286131992,0.7325099095544633,0.0019220093126566667
1970-01-02 20:01:00,-0.007528690662166567,0.2605992048614385,0.7314472149566132,0.0016004288420885333
1970-01-02 20:02:00,-0.008461028056898698,0.2581063305845857,0.7303974216182474,0.001234440016596
1970-01-02 20:03:00,-0.0093803305636418,0.25576764144092445,0.7293679113286483,0.0008250345724253666
1970-01-02 20:04:00,-0.01028231993325907,0.2535787791261501,0.7283645524677512,0.00037290658009953335
1970-01-02 20:05:00,-0.011163357653137066,0.2515384120851336,0.7273915380953961,0.0
1970-01-02 20:06:00,-0.012020533227085664,0.24964925458900358,0.7264512636606764,0.0
1970-01-02 20:07:00,-0.012851734494387904,0.24791895808209588,0.725544243472623,0.0
1970-01-02 20:08:00,-0.04350929737824157,-0.03802583984273977,0.7243301634105146,0.0
1970-01-02 20:09:00,-0.04430916303314907,-0.039497114307312974,0.7236285376598278,0.0
1970-01-02 20:10:00,-0.045077880390513865,-0.04071985378901063,0.7229253970996282,0.0
1970-01-02 20:11:00,-0.0458163114525696,-0.04166292247587766,0.7222138620616477,0.0
1970-01-02 20:12:00,-0.04652605703162,-0.042288871719559105,0.7214852207610027,0.0
1970-01-02 20:13:00,-0.04720939435451091,-0.042554265493654264,0.720728986085847,0.0
1970-01-02 20:14:00,-0.04786919573850901,-0.04241028718622943,0.7199329840816021,0.0
1970-01-02 20:15:00,-0.04850883091503156,-0.04180362540347923,0.719083474979502,0.0
1970-01-02 20:16:00,-0.04913205627939384,-0.0406776200822092,0.7181653066662309,0.0
1970-01-02 20:17:00,-0.04974289481617713,-0.038973634266165035,0.7171620993692956,0.0
1970-01-02 20:18:00,-0.05034551073538553,-0.03663260317810543,0.716056459496112,0.0
1970-01-02 20:19:00,-0.0509440829183801,-0.0335967011969061,0.7148302201675788,0.0
1970-01-02 20:20:00,-0.0515426811213919,-0.029811059566468828,0.7134647057831288,0.0
1970-01-02 20:21:00,-0.05214514860496744,-0.025225464607414667,0.711941017539353,0.0
1970-01-02 20:22:00,-0.023187472988370362,0.2641157403330401,0.7107406110458583,0.0
1970-01-02 20:23:00,-0.023906508551188737,0.270320854306693,0.7090389178041768,0.0
1970-01-02 20:24:00,-0.02465266414661103,0.27743663568365096,0.7071495806343483,0.0
1970-01-02 20:25:00,-0.025428139582871795,0.28548199692934323,0.7050559054985444,0.0
1970-01-02 20:26:00,-0.02623429033745373,0.29446481517523454,0.7027423240867144,0.0
1970-01-02 20:27:00,-0.027071565670300567,0.30438144900918307,0.7001946274235767,0.0
1970-01-02 20:28:00,-0.027939461958920737,0.3152165636634851,0.6974001748426435,0.0
1970-01-02 20:29:00,-0.028836488325375432,0.32694326397137274,0.6943480744093633,0.0
1970-01-02 20:30:00,-0.0297601412779199,0.33952351982334456,0.6910293321296889,0.0
1970-01-02 20:31:00,-0.030706885740060235,0.3529088543315893,0.6874369685997817,0.0
1970-01-02 20:32:00,-0.031672141275578304,0.3670412515363765,0.6835661034470889,0.0
1970-01-02 20:33:00,-0.03265027389760276,0.3818542293110041,0.6794140102607714,0.0
1970-01-02 20:34:00,-0.03363459488592999,0.3972740153024887,0.6749801476698201,0.0
1970-01-02 20:35:00,-0.03461736833232917,0.41322076062782825,0.6702661752257288,0.0
1970-01-02 20:36:00,-0.03558982903731053,0.4296097290588666,0.6652759647863146,0.0
1970-01-02 20:37:00,-0.036542212345289704,0.4463524091305204,0.6600156182277641,0.0
1970-01-02 20:38:00,-0.03746379768129237,0.4633575117173338,0.6544935002111081,0.0
1970-01-02 20:39:00,-0.038342967776727764,0.4805318335731286,0.6487202909067178,0.0
1970-01-02 20:40:00,-0.039167285655685634,0.4977809857487682,0.6427090589068606,0.0
1970-01-02 20:41:00,-0.03992359141594074,0.5150100030944268,0.6364753496103605,0.0
1970-01-02 20:42:00,-0.040598120770682,0.5321238657454447,0.6300372793637775,0.0
1970-01-02 20:43:00,-0.04117664712876127,0.5490279737414276,0.6234156209855859,0.00016190222864866666
1970-01-02 20:44:00,-0.06768152115719663,0.28229772487485233,0.6089186289545832,0.0008714712683124999
1970-01-02 20:45:00,-0.06804455068931833,0.2984800350792804,0.601923531113059,0.0015850356314108
1970-01-02 20:46:00,-0.0683189291304778,0.3141814349510406,0.5949064194345532,0.0022949972479076666
1970-01-02 20:47:00,-0.0684951824477611,0.32931565342506947,0.5879082030280628,0.0029930169761944667
1970-01-02 20:48:00,-0.042122009443446136,0.6271847587320017,0.5884696751442379,0.0036701313353593667
1970-01-02 20:49:00,-0.041823882695129266,0.6409343779868267,0.581332149496888,0.004316903417208333
1970-01-02 20:50:00,-0.04133409072282981,0.6538717212533433,0.5742286268414287,0.004923606695420866
1970-01-02 20:51:00,-0.040642444801263194,0.6659283450232679,0.5671982404580708,0.005480437430545167
1970-01-02 20:52:00,-0.039740381082737336,0.6770428599152266,0.5602811220570125,0.0059777484704241005
1970-01-02 20:53:00,-0.03862117689415853,0.6871617681852161,0.5535179770817718,0.006406294945306133
1970-01-02 20:54:00,-0.03728013558368636,0.6962402118061634,0.5469496559663131,0.006757481040053966
1970-01-02 20:55:00,-0.03571473476987227,0.7042426073515898,0.5406167323820056,0.0070235968193088335
1970-01-02 20:56:00,-0.03392473476348496,0.7111431487477086,0.534559097421595,0.0071980348611570995
1970-01-02 20:57:00,-0.03191224579386726,0.7169261630141589,0.5288155769097495,0.007275477959540067
1970-01-02 20:58:00,-0.029681754462259968,0.7215863081929174,0.523423577141117,0.0072520510957808995
1970-01-02 20:59:00,-0.027240111505069897,0.7251286071866992,0.5184187620244153,0.007125433005767933
1970-01-02 21:00:00,-0.0245964843181752,0.7275683158379375,0.5138347621545895,0.006894924790334333
1970-01-02 21:01:00,-0.021762278555555903,0.7289306277247306,0.5097029143098899,0.006561474978382433
1970-01-02 21:02:00,-0.018751033294846498,0.729250221647764,0.5060520285788837,0.0061276621196802335
1970-01-02 21:03:00,-0.015578293749333191,0.7285706608068955,0.5029081796718086,0.005597637256658766
1970-01-02 21:04:00,-0.012261464543282335,0.7269436554612275,0.5002945186988454,0.0049770294773245
1970-01-02 21:05:00,-0.008819645532785905,0.7244282035635332,0.49823110161891737,0.004272818248773667
1970-01-02 21:06:00,-0.00527345132112166,0.7210896263953638,0.49673473065235035,0.0034931764876714668
1970-01-02 21:07:00,-0.0016448150494005702,0.7169985181906,0.4958188053319739,0.0026472884396118667
1970-01-02 21:08:00,0.0020432233016561365,0.7122296294083679,0.49549318073252446,0.0017451464594435667
1970-01-02 21:09:00,0.005766743973484506,0.7068607023911534,0.4957640318212249,0.0007973307611927333
1970-01-02 21:10:00,0.00950118949365624,0.7009712764853648,0.49663372454920274,0.0
1970-01-02 21:11:00,0.01322162067524433,0.694641478921417,0.4981006958115286,0.0
1970-01-02 21:12:00,0.016902984332315005,0.6879508188639019,0.5001593454597574,0.0
1970-01-02 21:13:00,0.02052038912144777,0.6809770048351206,0.5027999441921068,0.0
1970-01-02 21:14:00,0.02404938461012536,0.6737948092138378,0.5060085616422555,0.0
1970-01-02 21:15:00,0.0274662375622014,0.666475006572283,0.5097670196354979,0.0
1970-01-02 21:16:00,0.030748198551185327,0.659083414148164,0.5140528764598208,0.0
1970-01-02 21:17:00,0.033873751481570666,0.6516800619347786,0.5188394487790704,0.0
1970-01-02 21:18:00,0.03682283864684843,0.6443185166031968,0.5240958777543135,0.0
1970-01-02 21:19:00,0.039577054734783165,0.6370453785348467,0.5297872442255681,0.0
1970-01-02 21:20:00,0.0421198046106914,0.6298999656955134,0.5358747342344726,0.0
1970-01-02 21:21:00,0.04443642147070711,0.6229141922155191,0.5423158516292964,0.0
1970-01-02 21:22:00,0.046514243794502,0.6161126425302642,0.5490646705842392,0.0
1970-01-02 21:23:00,0.048342651366636534,0.6095128327823254,0.5560721187693934,0.0
1970-01-02 21:24:00,0.049913062532019326,0.603125640411441,0.5632862816080616,0.0
1970-01-02 21:25:00,0.0512188968381062,0.5969558731102528,0.5706527186421174,0.0
1970-01-02 21:26:00,0.05225550920398176,0.5910029426974105,0.5781147836372819,0.0
1970-01-02 21:27:00,0.05302010345662017,0.5852616091341832,0.5856139405518573,0.0
1970-01-02 21:28:00,0.05351163402901086,0.5797227637467524,0.5930900683689465,0.0
1970-01-02 21:29:00,0.053730704440478894,0.5743742267472411,0.6004817495865734,0.0
1970-01-02 21:30:00,0.0536794698650293,0.5692015405486234,0.6077265398444266,0.0
1970-01-02 21:31:00,0.053361548991329534,0.5641887450736544,0.614761219139285,0.0
1970-01-02 21:32:00,0.052781947903171166,0.5593191220772883,0.6215220276048113,0.0
1970-01-02 21:33:00,0.05194699614314083,0.5545758919069776,0.6279448905504804,0.0
1970-01-02 21:34:00,0.0508642927492095,0.5499428405440158,0.6339656386842624,0.0
1970-01-02 21:35:00,0.04954265834273786,0.5454048511039414,0.6395202307522608,0.0
1970-01-02 21:36:00,0.04799208869842506,0.5409483148430291,0.6445449872192819,0.0
1970-01-02 21:37:00,0.04622370550925461,0.5365614023959898,0.6489768444152866,0.0
1970-01-02 21:38:00,0.044249700746275496,0.5322341852766477,0.6527536381378277,0.0
1970-01-02 21:39:00,0.0420832718434331,0.5279586091257155,0.6558144239288789,0.0
1970-01-02 21:40:00,0.039738546027923566,0.5237283323550896,0.6580998385261874,0.0
1970-01-02 21:41:00,0.03723049340287776,0.5195384549340238,0.6595525039938716,0.0
1970-01-02 21:42:00,0.0345748294136321,0.5153851698274775,0.6601174735011538,0.0
1970-01-02 21:43:00,0.03178790768724857,0.5112653723372749,0.6597427160671973,0.0
1970-01-02 21:44:00,0.0288866039569645,0.5071762604043006,0.6583796366212377,0.0
1970-01-02 21:45:00,0.025888191193573436,0.5031149533973833,0.6559836268109955,0.0
1970-01-02 21:46:00,0.02281020547092177,0.4990781498786494,0.6525146406445721,0.0
1970-01-02 21:47:00,0.019670301700097665,0.49506183772334017,0.6479377872889543,0.0
1970-01-02 21:48:00,0.016486098396743,0.49106106373278263,0.642223931573899,0.0
1970-01-02 21:49:00,0.013275011390644367,0.487069765105198,0.6353502913419934,0.0
1970-01-02 21:50:00,0.010054078061360933,0.48308066258731436,0.62730101979424,0.0
1970-01-02 21:51:00,0.0068397761183586646,0.47908521557249245,0.6180677602486849,0.0
1970-01-02 21:52:00,0.0036478434253128986,0.47507364192702634,0.6076501602373668,0.0
1970-01-02 21:53:00,-0.01038310527043673,0.181214703013991,0.617068516622877,0.0
1970-01-02 21:54:00,-0.0133901389741661,0.17710683545461678,0.6043434998343279,0.0
1970-01-02 21:55:00,-0.0164009461622795,0.1729627424783768,0.5905458057358887,0.0
1970-01-02 21:56:00,-0.0193974606213449,0.1687678463789758,0.5757040646959283,0.0
1970-01-02 21:57:00,-0.022362821579181697,0.16450741627198864,0.5598562749740764,0.0
1970-01-02 21:58:00,-0.0252815110858549,0.1601669895675526,0.5430499225163158,0.0
1970-01-02 21:59:00,-0.028139450314513436,0.15573282069895347,0.5253419655076846,0.0
1970-01-02 22:00:00,-0.03910978226452581,0.11708366732018834,0.4259079123800678,0.0
1970-01-02 22:01:00,-0.041809985244111336,0.11242593587121291,0.4066045480097514,0.0
1970-01-02 22:02:00,-0.04441621689832523,0.1076420719776044,0.38662489187839894,0.0
1970-01-02 22:03:00,-0.046920366174804364,0.10272564513430281,0.3660605985074365,0.0
1970-01-02 22:04:00,-0.04931571456254653,0.0976730191151005,0.34501039344181156,0.0
1970-01-02 22:05:00,-0.05159685424190203,0.0924836398126702,0.3235791178030773,0.0
1970-01-02 22:06:00,-0.05375959556336523,0.08716026089654301,0.30187663600504616,0.0
1970-01-02 22:07:00,-0.055800869641453636,0.08170909942744398,0.28001662674910716,0.0
1970-01-02 22:08:00,-0.057718631225323835,0.07613991166294125,0.2581152802744821,0.0
1970-01-02 22:09:00,-0.0595117661969323,0.07046597927262754,0.23628992560645393,0.0
1970-01-02 22:10:00,-0.0611800071414886,0.06470399865605425,0.2146576112002374,0.0
1970-01-02 22:11:00,-0.0627238593079859,0.058873870082609914,0.19333366231061724,0.0
1970-01-02 22:12:00,-0.06414453782597314,0.05299838802429916,0.17243023952666525,0.0
1970-01-02 22:13:00,-0.06544391536731926,0.047102839140633734,0.15205492537553925,0.0
1970-01-02 22:14:00,-0.06662447785251234,0.04121452007065881,0.13230936921753617,0.0
1970-01-02 22:15:00,-0.06768928475601603,0.035362193130032825,0.1132880233203223,0.0
1970-01-02 22:16:00,-0.06864193040536563,0.02957550272535958,0.09507700285872106,0.0
1970-01-02 22:17:00,-0.06948650335433797,0.02388437702252529,0.07775309858703906,0.0
1970-01-02 22:18:00,-0.07022754207453637,0.018318437732369002,0.06138296419252096,0.0001499885010765
1970-01-02 22:19:00,-0.0708699864004292,0.012906437095292786,0.04602249285487329,0.002312379232259
1970-01-02 22:20:00,-0.07141912503681666,0.007675736941882394,0.031716390482423334,0.004064601646454567
1970-01-02 22:21:00,-0.07188053989385407,0.0026518409756116266,0.018497946760680766,0.006784675729774367
1970-01-02 22:22:00,-0.07226004817927593,-0.002142011734786268,0.006388999614996699,0.011137934383769166
1970-01-02 22:23:00,-0.07256364321699547,-0.006685186799228138,-0.004599915968212566,0.014965152482126933
1970-01-02 22:24:00,-0.07279743495615633,-0.010959925228808695,-0.014469247593820464,0.018251378800911735
1970-01-02 22:25:00,-0.07296759110308557,-0.014951544064317165,-0.023229949365250104,0.020991847769860367
1970-01-02 22:26:00,-0.07308027975532742,-0.01864856792590071,-0.030902868017255503,0.023191480165433265
1970-01-02 22:27:00,-0.07314161434632434,-0.02204279400483633,-0.037518010743750295,0.024864171043623966
1970-01-02 22:28:00,-0.07315760162502453,-0.02512929425842107,-0.04311371506861774,0.0260319049974726
1970-01-02 22:29:00,-0.07313409330007357,-0.02790635956060013,-0.0477357414347415,0.02672374010236327
1970-01-02 22:30:00,-0.07307674187668377,-0.03037539132266187,-0.051436309031073026,0.026974701189435204
1970-01-02 22:31:00,-0.07299096110925724,-0.032540746649515416,-0.05427309480627707,0.026824620972342367
1970-01-02 22:32:00,-0.07288189138757403,-0.03440954345738182,-0.0563082146951658,0.026316964513702065
1970-01-02 22:33:00,-0.07275437027126634,-0.03599143216751355,-0.057607204872637464,0.025501985844523633
1970-01-02 22:34:00,-0.07261290828779043,-0.03729834062662115,-0.05823801940751377,0.025705609048696367
1970-01-02 22:35:00,-0.07246167001394167,-0.03834419880642773,-0.0582700590702608,0.025682959086009764
1970-01-02 22:36:00,-0.07230446037098677,-0.03914464962030776,-0.05777324430626124,0.025459404963914134
1970-01-02 22:37:00,-0.0721447159803989,-0.03971675188200937,-0.056817143570595974,0.0250617088003999
1970-01-02 22:38:00,-0.0719855013535076,-0.0400786810373126,-0.05547016637844793,0.024517298774498136
1970-01-02 22:39:00,-0.0718295096262772,-0.040249432841234244,-0.053798828596719334,0.023853598165920666
1970-01-02 22:40:00,-0.07167906750051636,-0.04024853464740352,-0.05186709571660574,0.0230974226948748
1970-01-02 22:41:00,-0.07153614401442067,-0.040095768437176736,-0.04973580812617337,0.022274455587079866
1970-01-02 22:42:00,-0.07140236273776794,-0.039810909156731765,-0.04746219076647956,0.021408806896502434
1970-01-02 22:43:00,-0.07127901697024162,-0.039413481362142844,-0.045099448023030696,0.020522660669231165
1970-01-02 22:44:00,-0.0711670875153446,-0.03892253660566769,-0.04269644329224593,0.019636010602584766
1970-01-02 22:45:00,-0.07106726260639046,-0.03835645344101146,-0.04029746138253813,0.018766482041623633
1970-01-02 22:46:00,-0.07097995957259266,-0.03773276139041289,-0.037942050770700765,0.0179292355707563
1970-01-02 22:47:00,-0.07090534784846124,-0.037067989710134884,-0.0356649417425109,0.017136945211654167
1970-01-02 22:48:00,-0.070843372945451,-0.03637754131946932,-0.033496035605012964,0.016399842428291
1970-01-02 22:49:00,-0.07079378102051577,-0.03567559182558803,-0.031460459467010905,0.015725815839618868
1970-01-02 22:50:00,-0.07075614369340216,-0.03497501318465387,-0.029578680541018327,0.0151205557912107
1970-01-02 22:51:00,-0.0707298827847443,-0.03428732119002501,-0.027866673519061597,0.014587732742227966
1970-01-02 22:52:00,-0.0144622442466312,-0.34671154622130734,0.017668005223888398,0.014129198748055702
1970-01-02 22:53:00,-0.07070857397677653,-0.03298972203739244,-0.024994733285480835,0.0137452020928673
1970-01-02 22:54:00,-0.0707118363618845,-0.03239590254577126,-0.023846401174310538,0.013434606255651967
1970-01-02 22:55:00,-0.07072314017545726,-0.03184718558048923,-0.022891640811749766,0.0131951057678757
1970-01-02 22:56:00,-0.07074150680037396,-0.0313482610040872,-0.02212785816471584,0.013023433026596866
1970-01-02 22:57:00,-0.07076593952735996,-0.03090256963239646,-0.021549706302202,0.012915551655041999
1970-01-02 22:58:00,-0.0707954408373948,-0.030512374796877368,-0.021149436335631905,0.012866833459294201
1970-01-02 22:59:00,-0.070829027999768,-0.0301788439568413,-0.020917249756002735,0.012872217340814734
1970-01-02 23:00:00,-0.07086574692355667,-0.02990213834321842,-0.020841647050288528,0.0129263496388303
1970-01-02 23:01:00,-0.07090468422936103,-0.029681508666137318,-0.020909767973429697,0.0130237062659167
1970-01-02 23:02:00,-0.0567222429362303,0.31578592763156466,-0.04603637661851293,0.0
1970-01-02 23:03:00,-0.0709858239795127,-0.029401529027008433,-0.02142088700680717,0.013325757986046233
1970-01-02 23:04:00,-0.07102648701488933,-0.02933703705397143,-0.02183422831943996,0.013519420340305066
1970-01-02 23:05:00,-0.07106630155137279,-0.02931854212018566,-0.022332543720977167,0.013734379607325533
1970-01-02 23:06:00,-0.07110467751477537,-0.02934226394621331,-0.022900724395201303,0.013965544767751867
1970-01-02 23:07:00,-0.07114110192519603,-0.029404115395500845,-0.02352397521331827,0.014208082127116732
1970-01-02 23:08:00,-0.07117513960088558,-0.029499794393848384,-0.024188011800031273,0.014457450804399365
1970-01-02 23:09:00,-0.07120643260608472,-0.02962487037960626,-0.02487923126488183,0.014709431552008866
1970-01-02 23:10:00,-0.07123469856858387,-0.02977486452241766,-0.02558485653908753,0.0149601497385244
1970-01-02 23:11:00,-0.07125972799797643,-0.02994532310672371,-0.026293054649084966,0.0152060931017191
1970-01-02 23:12:00,-0.07128138073845385,-0.030131883629842537,-0.026993029608817564,0.015444124689037234
1970-01-02 23:13:00,-0.0712995816905318,-0.0303303333111052,-0.027675090921638,0.015671491253986133
1970-01-02 23:14:00,-0.07131431593444167,-0.030536659846511067,-0.028330698949086432,0.015885827272924435
1970-01-02 23:15:00,-0.07132562338426567,-0.030747094371473344,-0.02895248862818633,0.016085154686470867
1970-01-02 23:16:00,-0.014557408119486298,-0.34865953742240124,0.021109621338957035,0.0162678784492265
1970-01-02 23:17:00,-0.0145772239905946,-0.34884849257831824,0.020701845162569767,0.0164327779847472
1970-01-02 23:18:00,-0.014594796025951802,-0.349017212533278,0.0203129166288177,0.016578994682568068
1970-01-02 23:19:00,-0.014610018842151533,-0.3491650180644261,0.019947013161328367,0.016706015632689666
1970-01-02 23:20:00,-0.014622832256959234,-0.3492916090570997,0.019607581728796102,0.0168136538622791
1970-01-02 23:21:00,-0.014633218006165967,-0.34939703429504404,0.019297354013921835,0.016902025411792167
1970-01-02 23:22:00,-0.014641196114547466,-0.34948165870638276,0.01901837098766933,0.016971523656765866
1970-01-02 23:23:00,-0.014646821009112534,-0.34954612880206043,0.018772015642204532,0.01702279134190447
1970-01-02 23:24:00,-0.0146501774590521,-0.3495913370028247,0.018559052628703335,0.017056690841840933
1970-01-02 23:25:00,0.0,0.0,0.0,0.0
1970-01-02 23:26:00,0.0,0.0,0.0,0.0
1970-01-02 23:27:00,0.0,0.0,0.0,0.0
1970-01-02 23:28:00,0.0,0.0,0.0,0.0
1970-01-02 23:29:00,0.0,0.0,0.0,0.0
1970-01-02 23:30:00,0.0,0.0,0.0,0.0
1970-01-02 23:31:00,0.0,0.0,0.0,0.0
1970-01-02 23:32:00,0.0,0.0,0.0,0.0
1970-01-02 23:33:00,0.0,0.0,0.0,0.0
1970-01-02 23:34:00,0.0,0.0,0.0,0.0
1970-01-02 23:35:00,0.0,0.0,0.0,0.0
1970-01-02 23:36:00,0.0,0.0,0.0,0.0
1970-01-02 23:37:00,0.0,0.0,0.0,0.0
1970-01-02 23:38:00,0.0,0.0,0.0,0.0
1970-01-02 23:39:00,0.0,0.0,0.0,0.0
1970-01-02 23:40:00,0.0,0.0,0.0,0.0
1970-01-02 23:41:00,0.0,0.0,0.0,0.0
1970-01-02 23:42:00,0.0,0.0,0.0,0.0
1970-01-02 23:43:00,0.0,0.0,0.0,0.0
1970-01-02 23:44:00,0.0,0.0,0.0,0.0
1970-01-02 23:45:00,0.0,0.0,0.0,0.0
1970-01-02 23:46:00,0.0,0.0,0.0,0.0
1970-01-02 23:47:00,0.0,0.0,0.0,0.0
1970-01-02 23:48:00,0.0,0.0,0.0,0.0
1970-01-02 23:49:00,0.0,0.0,0.0,0.0
1970-01-02 23:50:00,0.0,0.0,0.0,0.0
1970-01-02 23:51:00,0.0,0.0,0.0,0.0
1970-01-02 23:52:00,0.0,0.0,0.0,0.0
1970-01-02 23:53:00,0.0,0.0,0.0,0.0
1970-01-02 23:54:00,0.0,0.0,0.0,0.0
1970-01-02 23:55:00,0.0,0.0,0.0,0.0
1970-01-02 23:56:00,0.0,0.0,0.0,0.0
1970-01-02 23:57:00,0.0,0.0,0.0,0.0
1970-01-02 23:58:00,0.0,0.0,0.0,0.0
1970-01-02 23:59:00,0.0,0.0,0.0,0.0
1970-01-03 00:00:00,0.0,0.0,0.0,0.0
1970-01-03 00:01:00,0.0,0.0,0.0,0.0
1970-01-03 00:02:00,0.0,0.0,0.0,0.0
1970-01-03 00:03:00,0.0,0.0,0.0,0.0
1970-01-03 00:04:00,0.0,0.0,0.0,0.0
1970-01-03 00:05:00,0.0,0.0,0.0,0.0
1970-01-03 00:06:00,0.0,0.0,0.0,0.0
1970-01-03 00:07:00,0.0,0.0,0.0,0.0
1970-01-03 00:08:00,0.0,0.0,0.0,0.0
1970-01-03 00:09:00,0.0,0.0,0.0,0.0
1970-01-03 00:10:00,0.0,0.0,0.0,0.0
1970-01-03 00:11:00,0.0,0.0,0.0,0.0
1970-01-03 00:12:00,0.0,0.0,0.0,0.0
1970-01-03 00:13:00,0.0,0.0,0.0,0.0
1970-01-03 00:14:00,0.0,0.0,0.0,0.0
1970-01-03 00:15:00,0.0,0.0,0.0,0.0
1970-01-03 00:16:00,0.0,0.0,0.0,0.0
1970-01-03 00:17:00,0.0,0.0,0.0,0.0
1970-01-03 00:18:00,0.0,0.0,0.0,0.0
1970-01-03 00:19:00,0.0,0.0,0.0,0.0
1970-01-03 00:20:00,0.0,0.0,0.0,0.0
1970-01-03 00:21:00,0.0,0.0,0.0,0.0
1970-01-03 00:22:00,0.0,0.0,0.0,0.0
1970-01-03 00:23:00,0.0,0.0,0.0,0.0
1970-01-03 00:24:00,0.0,0.0,0.0,0.0
1970-01-03 00:25:00,0.0,0.0,0.0,0.0
1970-01-03 00:26:00,0.0,0.0,0.0,0.0
1970-01-03 00:27:00,0.0,0.0,0.0,0.0
1970-01-03 00:28:00,0.0,0.0,0.0,0.0
1970-01-03 00:29:00,0.0,0.0,0.0,0.0
1970-01-03 00:30:00,0.0,0.0,0.0,0.0
1970-01-03 00:31:00,0.0,0.0,0.0,0.0
1970-01-03 00:32:00,0.0,0.0,0.0,0.0
1970-01-03 00:33:00,0.0,0.0,0.0,0.0
1970-01-03 00:34:00,0.0,0.0,0.0,0.0
1970-01-03 00:35:00,0.0,0.0,0.0,0.0
1970-01-03 00:36:00,0.0,0.0,0.0,0.0
1970-01-03 00:37:00,0.0,0.0,0.0,0.0
1970-01-03 00:38:00,0.0,0.0,0.0,0.0
1970-01-03 00:39:00,0.0,0.0,0.0,0.0
1970-01-03 00:40:00,0.0,0.0,0.0,0.0
1970-01-03 00:41:00,0.0,0.0,0.0,0.0
1970-01-03 00:42:00,0.0,0.0,0.0,0.0
1970-01-03 00:43:00,0.0,0.0,0.0,0.0
1970-01-03 00:44:00,0.0,0.0,0.0,0.0
1970-01-03 00:45:00,0.0,0.0,0.0,0.0
1970-01-03 00:46:00,0.0,0.0,0.0,0.0
1970-01-03 00:47:00,0.0,0.0,0.0,0.0
1970-01-03 00:48:00,0.0,0.0,0.0,0.0
1970-01-03 00:49:00,0.0,0.0,0.0,0.0
1970-01-03 00:50:00,0.0,0.0,0.0,0.0
1970-01-03 00:51:00,0.0,0.0,0.0,0.0
1970-01-03 00:52:00,0.0,0.0,0.0,0.0
1970-01-03 00:53:00,0.0,0.0,0.0,0.0
1970-01-03 00:54:00,0.0,0.0,0.0,0.0
1970-01-03 00:55:00,0.0,0.0,0.0,0.0
1970-01-03 00:56:00,0.0,0.0,0.0,0.0
1970-01-03 00:57:00,0.0,0.0,0.0,0.0
1970-01-03 00:58:00,0.0,0.0,0.0,0.0
1970-01-03 00:59:00,0.0,0.0,0.0,0.0
1970-01-03 01:00:00,0.0,0.0,0.0,0.0
1970-01-03 01:01:00,0.0,0.0,0.0,0.0
1970-01-03 01:02:00,0.0,0.0,0.0,0.0
1970-01-03 01:03:00,0.0,0.0,0.0,0.0
1970-01-03 01:04:00,0.0,0.0,0.0,0.0
1970-01-03 01:05:00,0.0,0.0,0.0,0.0
1970-01-03 01:06:00,0.0,0.0,0.0,0.0
1970-01-03 01:07:00,0.0,0.0,0.0,0.0
1970-01-03 01:08:00,0.0,0.0,0.0,0.0
1970-01-03 01:09:00,0.0,0.0,0.0,0.0
1970-01-03 01:10:00,0.0,0.0,0.0,0.0
1970-01-03 01:11:00,0.0,0.0,0.0,0.0
1970-01-03 01:12:00,0.0,0.0,0.0,0.0
1970-01-03 01:13:00,0.0,0.0,0.0,0.0
1970-01-03 01:14:00,0.0,0.0,0.0,0.0
1970-01-03 01:15:00,0.0,0.0,0.0,0.0
1970-01-03 01:16:00,0.0,0.0,0.0,0.0
1970-01-03 01:17:00,0.0,0.0,0.0,0.0
1970-01-03 01:18:00,0.0,0.0,0.0,0.0
1970-01-03 01:19:00,0.0,0.0,0.0,0.0
1970-01-03 01:20:00,0.0,0.0,0.0,0.0
1970-01-03 01:21:00,0.0,0.0,0.0,0.0
1970-01-03 01:22:00,0.0,0.0,0.0,0.0
1970-01-03 01:23:00,0.0,0.0,0.0,0.0
1970-01-03 01:24:00,0.0,0.0,0.0,0.0
1970-01-03 01:25:00,0.0,0.0,0.0,0.0
1970-01-03 01:26:00,0.0,0.0,0.0,0.0
1970-01-03 01:27:00,0.0,0.0,0.0,0.0
1970-01-03 01:28:00,0.0,0.0,0.0,0.0
1970-01-03 01:29:00,0.0,0.0,0.0,0.0
1970-01-03 01:30:00,0.0,0.0,0.0,0.0
1970-01-03 01:31:00,0.0,0.0,0.0,0.0
1970-01-03 01:32:00,0.0,0.0,0.0,0.0
1970-01-03 01:33:00,0.0,0.0,0.0,0.0
1970-01-03 01:34:00,0.0,0.0,0.0,0.0
1970-01-03 01:35:00,0.0,0.0,0.0,0.0
1970-01-03 01:36:00,0.0,0.0,0.0,0.0
1970-01-03 01:37:00,0.0,0.0,0.0,0.0
1970-01-03 01:38:00,0.0,0.0,0.0,0.0
1970-01-03 01:39:00,0.0,0.0,0.0,0.0
1970-01-03 01:40:00,0.0,0.0,0.0,0.0
1970-01-03 01:41:00,0.0,0.0,0.0,0.0
1970-01-03 01:42:00,0.0,0.0,0.0,0.0
1970-01-03 01:43:00,0.0,0.0,0.0,0.0
1970-01-03 01:44:00,0.0,0.0,0.0,0.0
1970-01-03 01:45:00,0.0,0.0,0.0,0.0
1970-01-03 01:46:00,0.0,0.0,0.0,0.0
1970-01-03 01:47:00,0.0,0.0,0.0,0.0
1970-01-03 01:48:00,0.0,0.0,0.0,0.0
1970-01-03 01:49:00,0.0,0.0,0.0,0.0
1970-01-03 01:50:00,0.0,0.0,0.0,0.0
1970-01-03 01:51:00,0.0,0.0,0.0,0.0
1970-01-03 01:52:00,0.0,0.0,0.0,0.0
1970-01-03 01:53:00,0.0,0.0,0.0,0.0
1970-01-03 01:54:00,0.0,0.0,0.0,0.0
1970-01-03 01:55:00,0.0,0.0,0.0,0.0
1970-01-03 01:56:00,0.0,0.0,0.0,0.0
1970-01-03 01:57:00,0.0,0.0,0.0,0.0
1970-01-03 01:58:00,0.0,0.0,0.0,0.0
1970-01-03 01:59:00,0.0,0.0,0.0,0.0
1970-01-03 02:00:00,0.0,0.0,0.0,0.0
1970-01-03 02:01:00,0.0,0.0,0.0,0.0
1970-01-03 02:02:00,0.0,0.0,0.0,0.0
1970-01-03 02:03:00,0.0,0.0,0.0,0.0
1970-01-03 02:04:00,0.0,0.0,0.0,0.0
1970-01-03 02:05:00,0.0,0.0,0.0,0.0
1970-01-03 02:06:00,0.0,0.0,0.0,0.0
1970-01-03 02:07:00,0.0,0.0,0.0,0.0
1970-01-03 02:08:00,0.0,0.0,0.0,0.0
1970-01-03 02:09:00,0.0,0.0,0.0,0.0
1970-01-03 02:10:00,0.0,0.0,0.0,0.0
1970-01-03 02:11:00,0.0,0.0,0.0,0.0
1970-01-03 02:12:00,0.0,0.0,0.0,0.0
1970-01-03 02:13:00,0.0,0.0,0.0,0.0
1970-01-03 02:14:00,0.0,0.0,0.0,0.0
1970-01-03 02:15:00,0.0,0.0,0.0,0.0
1970-01-03 02:16:00,0.0,0.0,0.0,0.0
1970-01-03 02:17:00,0.0,0.0,0.0,0.0
1970-01-03 02:18:00,0.0,0.0,0.0,0.0
1970-01-03 02:19:00,0.0,0.0,0.0,0.0
1970-01-03 02:20:00,0.0,0.0,0.0,0.0
1970-01-03 02:21:00,0.0,0.0,0.0,0.0
1970-01-03 02:22:00,0.0,0.0,0.0,0.0
1970-01-03 02:23:00,0.0,0.0,0.0,0.0
1970-01-03 02:24:00,0.0,0.0,0.0,0.0
1970-01-03 02:25:00,0.0,0.0,0.0,0.0
1970-01-03 02:26:00,0.0,0.0,0.0,0.0
1970-01-03 02:27:00,0.0,0.0,0.0,0.0
1970-01-03 02:28:00,0.0,0.0,0.0,0.0
1970-01-03 02:29:00,0.0,0.0,0.0,0.0
1970-01-03 02:30:00,0.0,0.0,0.0,0.0
1970-01-03 02:31:00,0.0,0.0,0.0,0.0
1970-01-03 02:32:00,0.0,0.0,0.0,0.0
1970-01-03 02:33:00,0.0,0.0,0.0,0.0
1970-01-03 02:34:00,0.0,0.0,0.0,0.0
1970-01-03 02:35:00,0.0,0.0,0.0,0.0
1970-01-03 02:36:00,0.0,0.0,0.0,0.0
1970-01-03 02:37:00,0.0,0.0,0.0,0.0
1970-01-03 02:38:00,0.0,0.0,0.0,0.0
1970-01-03 02:39:00,0.0,0.0,0.0,0.0
1970-01-03 02:40:00,0.0,0.0,0.0,0.0
1970-01-03 02:41:00,0.0,0.0,0.0,0.0
1970-01-03 02:42:00,0.0,0.0,0.0,0.0
1970-01-03 02:43:00,0.0,0.0,0.0,0.0
1970-01-03 02:44:00,0.0,0.0,0.0,0.0
1970-01-03 02:45:00,0.0,0.0,0.0,0.0
1970-01-03 02:46:00,0.0,0.0,0.0,0.0
1970-01-03 02:47:00,0.0,0.0,0.0,0.0
1970-01-03 02:48:00,0.0,0.0,0.0,0.0
1970-01-03 02:49:00,0.0,0.0,0.0,0.0
1970-01-03 02:50:00,0.0,0.0,0.0,0.0
1970-01-03 02:51:00,0.0,0.0,0.0,0.0
1970-01-03 02:52:00,0.0,0.0,0.0,0.0
1970-01-03 02:53:00,0.0,0.0,0.0,0.0
1970-01-03 02:54:00,0.0,0.0,0.0,0.0
1970-01-03 02:55:00,0.0,0.0,0.0,0.0
1970-01-03 02:56:00,0.0,0.0,0.0,0.0
1970-01-03 02:57:00,0.0,0.0,0.0,0.0
1970-01-03 02:58:00,0.0,0.0,0.0,0.0
1970-01-03 02:59:00,0.0,0.0,0.0,0.0
1970-01-03 03:00:00,0.0,0.0,0.0,0.0
1970-01-03 03:01:00,0.0,0.0,0.0,0.0
1970-01-03 03:02:00,0.0,0.0,0.0,0.0
1970-01-03 03:03:00,0.0,0.0,0.0,0.0
1970-01-03 03:04:00,0.0,0.0,0.0,0.0
1970-01-03 03:05:00,0.0,0.0,0.0,0.0
1970-01-03 03:06:00,0.0,0.0,0.0,0.0
1970-01-03 03:07:00,0.0,0.0,0.0,0.0
1970-01-03 03:08:00,0.0,0.0,0.0,0.0
1970-01-03 03:09:00,0.0,0.0,0.0,0.0
1970-01-03 03:10:00,0.0,0.0,0.0,0.0
1970-01-03 03:11:00,0.0,0.0,0.0,0.0
1970-01-03 03:12:00,0.0,0.0,0.0,0.0
1970-01-03 03:13:00,0.0,0.0,0.0,0.0
1970-01-03 03:14:00,0.0,0.0,0.0,0.0
1970-01-03 03:15:00,0.0,0.0,0.0,0.0
1970-01-03 03:16:00,0.0,0.0,0.0,0.0
1970-01-03 03:17:00,0.0,0.0,0.0,0.0
1970-01-03 03:18:00,0.0,0.0,0.0,0.0
1970-01-03 03:19:00,0.0,0.0,0.0,0.0
1970-01-03 03:20:00,0.0,0.0,0.0,0.0
1970-01-03 03:21:00,0.0,0.0,0.0,0.0
1970-01-03 03:22:00,0.0,0.0,0.0,0.0
1970-01-03 03:23:00,0.0,0.0,0.0,0.0
1970-01-03 03:24:00,0.0,0.0,0.0,0.0
1970-01-03 03:25:00,0.0,0.0,0.0,0.0
1970-01-03 03:26:00,0.0,0.0,0.0,0.0
1970-01-03 03:27:00,0.0,0.0,0.0,0.0
1970-01-03 03:28:00,0.0,0.0,0.0,0.0
1970-01-03 03:29:00,0.0,0.0,0.0,0.0
1970-01-03 03:30:00,0.0,0.0,0.0,0.0
1970-01-03 03:31:00,0.0,0.0,0.0,0.0
1970-01-03 03:32:00,0.0,0.0,0.0,0.0
1970-01-03 03:33:00,0.0,0.0,0.0,0.0
1970-01-03 03:34:00,0.0,0.0,0.0,0.0
1970-01-03 03:35:00,0.0,0.0,0.0,0.0
1970-01-03 03:36:00,0.0,0.0,0.0,0.0
1970-01-03 03:37:00,0.0,0.0,0.0,0.0
1970-01-03 03:38:00,0.0,0.0,0.0,0.0
1970-01-03 03:39:00,0.0,0.0,0.0,0.0
1970-01-03 03:40:00,0.0,0.0,0.0,0.0
1970-01-03 03:41:00,0.0,0.0,0.0,0.0
1970-01-03 03:42:00,0.0,0.0,0.0,0.0
1970-01-03 03:43:00,0.0,0.0,0.0,0.0
1970-01-03 03:44:00,0.0,0.0,0.0,0.0
1970-01-03 03:45:00,0.0,0.0,0.0,0.0
1970-01-03 03:46:00,0.0,0.0,0.0,0.0
1970-01-03 03:47:00,0.0,0.0,0.0,0.0
1970-01-03 03:48:00,0.0,0.0,0.0,0.0
1970-01-03 03:49:00,0.0,0.0,0.0,0.0
1970-01-03 03:50:00,0.0,0.0,0.0,0.0
1970-01-03 03:51:00,0.0,0.0,0.0,0.0
1970-01-03 03:52:00,0.0,0.0,0.0,0.0
1970-01-03 03:53:00,0.0,0.0,0.0,0.0
1970-01-03 03:54:00,0.0,0.0,0.0,0.0
1970-01-03 03:55:00,0.0,0.0,0.0,0.0
1970-01-03 03:56:00,0.0,0.0,0.0,0.0
1970-01-03 03:57:00,0.0,0.0,0.0,0.0
1970-01-03 03:58:00,0.0,0.0,0.0,0.0
1970-01-03 03:59:00,0.0,0.0,0.0,0.0
1970-01-03 04:00:00,0.0,0.0,0.0,0.0
1970-01-03 04:01:00,0.0,0.0,0.0,0.0
1970-01-03 04:02:00,0.0,0.0,0.0,0.0
1970-01-03 04:03:00,0.0,0.0,0.0,0.0
1970-01-03 04:04:00,0.0,0.0,0.0,0.0
1970-01-03 04:05:00,0.0,0.0,0.0,0.0
1970-01-03 04:06:00,0.0,0.0,0.0,0.0
1970-01-03 04:07:00,0.0,0.0,0.0,0.0
1970-01-03 04:08:00,0.0,0.0,0.0,0.0
1970-01-03 04:09:00,0.0,0.0,0.0,0.0
1970-01-03 04:10:00,0.0,0.0,0.0,0.0
1970-01-03 04:11:00,0.0,0.0,0.0,0.0
1970-01-03 04:12:00,0.0,0.0,0.0,0.0
1970-01-03 04:13:00,0.0,0.0,0.0,0.0
1970-01-03 04:14:00,0.0,0.0,0.0,0.0
1970-01-03 04:15:00,0.0,0.0,0.0,0.0
1970-01-03 04:16:00,0.0,0.0,0.0,0.0
1970-01-03 04:17:00,0.0,0.0,0.0,0.0
1970-01-03 04:18:00,0.0,0.0,0.0,0.0
1970-01-03 04:19:00,0.0,0.0,0.0,0.0
1970-01-03 04:20:00,0.0,0.0,0.0,0.0
1970-01-03 04:21:00,0.0,0.0,0.0,0.0
1970-01-03 04:22:00,0.0,0.0,0.0,0.0
1970-01-03 04:23:00,0.0,0.0,0.0,0.0
1970-01-03 04:24:00,0.0,0.0,0.0,0.0
1970-01-03 04:25:00,0.0,0.0,0.0,0.0
1970-01-03 04:26:00,0.0,0.0,0.0,0.0
1970-01-03 04:27:00,0.0,0.0,0.0,0.0
1970-01-03 04:28:00,0.0,0.0,0.0,0.0
1970-01-03 04:29:00,0.0,0.0,0.0,0.0
1970-01-03 04:30:00,0.0,0.0,0.0,0.0
1970-01-03 04:31:00,0.0,0.0,0.0,0.0
1970-01-03 04:32:00,0.0,0.0,0.0,0.0
1970-01-03 04:33:00,0.0,0.0,0.0,0.0
1970-01-03 04:34:00,0.0,0.0,0.0,0.0
1970-01-03 04:35:00,0.0,0.0,0.0,0.0
1970-01-03 04:36:00,0.0,0.0,0.0,0.0
1970-01-03 04:37:00,0.0,0.0,0.0,0.0
1970-01-03 04:38:00,0.0,0.0,0.0,0.0
1970-01-03 04:39:00,0.0,0.0,0.0,0.0
1970-01-03 04:40:00,0.0,0.0,0.0,0.0
1970-01-03 04:41:00,0.0,0.0,0.0,0.0
1970-01-03 04:42:00,0.0,0.0,0.0,0.0
1970-01-03 04:43:00,0.0,0.0,0.0,0.0
1970-01-03 04:44:00,0.0,0.0,0.0,0.0
1970-01-03 04:45:00,0.0,0.0,0.0,0.0
1970-01-03 04:46:00,0.0,0.0,0.0,0.0
1970-01-03 04:47:00,0.0,0.0,0.0,0.0
1970-01-03 04:48:00,0.0,0.0,0.0,0.0
1970-01-03 04:49:00,0.0,0.0,0.0,0.0
1970-01-03 04:50:00,0.0,0.0,0.0,0.0
1970-01-03 04:51:00,0.0,0.0,0.0,0.0
1970-01-03 04:52:00,0.0,0.0,0.0,0.0
1970-01-03 04:53:00,0.0,0.0,0.0,0.0
1970-01-03 04:54:00,0.0,0.0,0.0,0.0
1970-01-03 04:55:00,0.0,0.0,0.0,0.0
1970-01-03 04:56:00,0.0,0.0,0.0,0.0
1970-01-03 04:57:00,0.0,0.0,0.0,0.0
1970-01-03 04:58:00,0.0,0.0,0.0,0.0
1970-01-03 04:59:00,0.0,0.0,0.0,0.0
1970-01-03 05:00:00,0.0,0.0,0.0,0.0
1970-01-03 05:01:00,0.0,0.0,0.0,0.0
1970-01-03 05:02:00,0.0,0.0,0.0,0.0
1970-01-03 05:03:00,0.0,0.0,0.0,0.0
1970-01-03 05:04:00,0.0,0.0,0.0,0.0
1970-01-03 05:05:00,0.0,0.0,0.0,0.0
1970-01-03 05:06:00,0.0,0.0,0.0,0.0
1970-01-03 05:07:00,0.0,0.0,0.0,0.0
1970-01-03 05:08:00,0.0,0.0,0.0,0.0
1970-01-03 05:09:00,0.0,0.0,0.0,0.0
1970-01-03 05:10:00,0.0,0.0,0.0,0.0
1970-01-03 05:11:00,0.0,0.0,0.0,0.0
1970-01-03 05:12:00,0.0,0.0,0.0,0.0
1970-01-03 05:13:00,0.0,0.0,0.0,0.0
1970-01-03 05:14:00,0.0,0.0,0.0,0.0
1970-01-03 05:15:00,0.0,0.0,0.0,0.0
1970-01-03 05:16:00,0.0,0.0,0.0,0.0
1970-01-03 05:17:00,0.0,0.0,0.0,0.0
1970-01-03 05:18:00,0.0,0.0,0.0,0.0
1970-01-03 05:19:00,0.0,0.0,0.0,0.0
1970-01-03 05:20:00,0.0,0.0,0.0,0.0
1970-01-03 05:21:00,0.0,0.0,0.0,0.0
1970-01-03 05:22:00,0.0,0.0,0.0,0.0
1970-01-03 05:23:00,0.0,0.0,0.0,0.0
1970-01-03 05:24:00,0.0,0.0,0.0,0.0
1970-01-03 05:25:00,0.0,0.0,0.0,0.0
1970-01-03 05:26:00,0.0,0.0,0.0,0.0
1970-01-03 05:27:00,0.0,0.0,0.0,0.0
1970-01-03 05:28:00,0.0,0.0,0.0,0.0
1970-01-03 05:29:00,0.0,0.0,0.0,0.0
1970-01-03 05:30:00,0.0,0.0,0.0,0.0
1970-01-03 05:31:00,0.0,0.0,0.0,0.0
1970-01-03 05:32:00,0.0,0.0,0.0,0.0
1970-01-03 05:33:00,0.0,0.0,0.0,0.0
1970-01-03 05:34:00,0.0,0.0,0.0,0.0
1970-01-03 05:35:00,0.0,0.0,0.0,0.0
1970-01-03 05:36:00,0.0,0.0,0.0,0.0
1970-01-03 05:37:00,0.0,0.0,0.0,0.0
1970-01-03 05:38:00,0.0,0.0,0.0,0.0
1970-01-03 05:39:00,0.0,0.0,0.0,0.0
1970-01-03 05:40:00,0.0,0.0,0.0,0.0
1970-01-03 05:41:00,0.0,0.0,0.0,0.0
1970-01-03 05:42:00,0.0,0.0,0.0,0.0
1970-01-03 05:43:00,0.0,0.0,0.0,0.0
1970-01-03 05:44:00,0.0,0.0,0.0,0.0
1970-01-03 05:45:00,-0.013192173588196467,-0.3441141262523019,0.012317245755615366,0.011253781738270132
1970-01-03 05:46:00,-0.013195815654804433,-0.3443670978165722,0.012559921543137233,0.011515299023783501
1970-01-03 05:47:00,-0.013208386358190933,-0.344720397270682,0.012926981210679965,0.0118821364936507
1970-01-03 05:48:00,-0.013230582132001234,-0.3451782638026524,0.013424819048970034,0.012359171462276433
1970-01-03 05:49:00,-0.013263007051776235,-0.3457435937448132,0.014058264155745065,0.012950040166906533
1970-01-03 05:50:00,-0.013306152799804634,-0.34641774899346234,0.014830332848276099,0.013656939285972067
1970-01-03 05:51:00,-0.013360378366647168,-0.34720037020654365,0.0157419845015077,0.014480419784203198
1970-01-03 05:52:00,-0.013425889785895801,-0.3480891981755195,0.016791884973904034,0.0154191746203671
1970-01-03 05:53:00,-0.0135027202255327,-0.3490799069523534,0.017976182052125134,0.016469822759523967
1970-01-03 05:54:00,-0.013590710783031167,-0.35016595245425397,0.019288297566467435,0.01762669302407883
1970-01-03 05:55:00,-0.0136894923515794,-0.3513384403612681,0.020718740992712665,0.018881612551499068
1970-01-03 05:56:00,-0.013798468940922399,-0.35258601715872206,0.022254949453979798,0.020223705934962734
1970-01-03 05:57:00,-0.013916802847628034,-0.3538947881517051,0.0238811590601168,0.021639212422665335
1970-01-03 05:58:00,-0.014043402075375466,-0.35524826618646316,0.025578312464253433,0.023111329747568837
1970-01-03 05:59:00,-0.014176910405458834,-0.35662735464843004,0.027324007369038467,0.0246200941553342
1970-01-03 06:00:00,-0.014315700510475699,-0.3580103680640016,0.029092490472319463,0.026142306904373868
1970-01-03 06:01:00,-0.0144578704895746,-0.35937309330925055,0.030854700998167867,0.02765151785496647
1970-01-03 06:02:00,0.008078191057161467,-0.0341053985450445,0.08878413202119322,0.029118076694764933
1970-01-03 06:03:00,0.007925606185859467,-0.035542779216969765,0.09060761048051157,0.030509261845238934
1970-01-03 06:04:00,0.0077747789310452,-0.03694244939997297,0.09232415690682445,0.03178949616716
1970-01-03 06:05:00,0.007628626942594935,-0.038274075082980606,0.09389056754920848,0.03292065727082707
1970-01-03 06:06:00,0.007490330543345666,-0.039504839853991926,0.09526110797815963,0.0338624885991173
1970-01-03 06:07:00,0.007363313360222566,-0.0405996630954392,0.0963879245690041,0.03457311556532757
1970-01-03 06:08:00,0.007251217740597701,-0.041521469146719725,0.09722152218729944,0.035009668976791496
1970-01-03 06:09:00,0.022560183495009965,0.32369873251387626,0.057433133375734864,0.0
1970-01-03 06:10:00,0.007087269852602968,-0.04268972221754216,0.09780618342954762,0.034888595502862
1970-01-03 06:11:00,0.007043501203057766,-0.04285517132075926,0.09745522295660763,0.034247356956624
1970-01-03 06:12:00,0.007030736111633601,-0.04268648889490256,0.0966083609028241,0.0331667911275021
1970-01-03 06:13:00,0.007053160683856298,-0.042142390374840834,0.09521715104335626,0.03161204994308953
1970-01-03 06:14:00,0.007114926278989998,-0.04118221340272399,0.09323554629409764,0.029553142039420235
1970-01-03 06:15:00,0.007220092278016034,-0.03976648907881349,0.09062070235240856,0.02696619289459817
1970-01-03 06:16:00,0.007372565984812567,-0.0378575363644171,0.08733379119741057,0.0238347548726443
1970-01-03 06:17:00,0.0075760404447951695,-0.035420071496243155,0.08334081113919943,0.020151149834703768
1970-01-03 06:18:00,0.007833931074451834,-0.032421823308979913,0.07861337894290456,0.015917823246320965
1970-01-03 06:19:00,0.0081493120976417,-0.028834144491271047,0.07312948855673174,0.011148683528366433
1970-01-03 06:20:00,0.00852485387709847,-0.024632608050372262,0.06687422018480726,0.0058703930124845
1970-01-03 06:21:00,0.008962762309139434,-0.019797577665586947,0.059840382909941335,0.00012356628888436668
1970-01-03 06:22:00,0.009464721512827234,-0.014314740204991535,0.05202907383429297,0.0
1970-01-03 06:23:00,0.010031841088216566,-0.008175588500935064,0.04345013681444976,0.0
1970-01-03 06:24:00,0.010664609238100765,-0.0013778425659347244,0.0341225043694257,0.0
1970-01-03 06:25:00,0.011362853040048635,0.006074202178331804,0.0240744072837264,0.0
1970-01-03 06:26:00,0.012125707116446798,0.01416941034971475,0.013343437861055499,0.0
1970-01-03 06:27:00,0.012951591875431703,0.022889635299624105,0.001976454754845471,0.0
1970-01-03 06:28:00,0.013838202380637201,0.03220964906919569,-0.009970680144110206,0.0
1970-01-03 06:29:00,0.014782508748511133,0.04209717960515047,-0.02243353910027183,0.0
1970-01-03 06:30:00,0.015780768764879667,0.05251305870588981,-0.035339742690217606,0.0
1970-01-03 06:31:00,0.01682855315397043,0.06341148109535173,-0.04860974864369103,0.0
1970-01-03 06:32:00,0.0179207836197034,0.07474037136615601,-0.06215780797789457,0.0
1970-01-03 06:33:00,0.019051783406940536,0.08644185125911057,-0.0758930749444857,0.0
1970-01-03 06:34:00,0.020215339694713532,0.09845279485282143,-0.08972085043021087,0.0
1970-01-03 06:35:00,0.02140477663029967,0.11070545396783382,-0.10354393094921577,0.0
1970-01-03 06:36:00,0.022613037262595833,0.12312813136260588,-0.11726402802813836,0.0
1970-01-03 06:37:00,0.023832772116896165,0.13564587676720788,-0.1307832173978439,0.0
1970-01-03 06:38:00,0.025056431788176802,0.14818118177732897,-0.14400537601096033,0.0
1970-01-03 06:39:00,0.026276360767859098,0.16065465370167809,-0.15683756810030502,0.0020505635987461334
1970-01-03 06:40:00,0.027484889714141102,0.17298565370452845,-0.1691913477967014,0.005124766401054433
1970-01-03 06:41:00,0.028674423486074064,0.18509288923271594,-0.18098395300816428,0.008341966367698
1970-01-03 06:42:00,0.029837522516488264,0.19689495402937052,-0.19213937184013688,0.011659511699818
1970-01-03 06:43:00,0.030966975540043365,0.20831081115150418,-0.20258926831436094,0.0150282608098826
1970-01-03 06:44:00,0.032055862285091365,0.21926021624898748,-0.21227375869820167,0.018392718399763832
1970-01-03 06:45:00,0.03309760535765793,0.22966408131919033,-0.22114203389165513,0.0216912826647768
1970-01-03 06:46:00,0.03408601105898943,0.23944478390064075,-0.22915282738561546,0.024856607037993566
1970-01-03 06:47:00,0.0350152992559949,0.24852643237837588,-0.23627473218518488,0.02781607851636103
1970-01-03 06:48:00,0.03588012276637237,0.2568351030560279,-0.24248637337480128,0.0304924132692108
1970-01-03 06:49:00,0.0366755771399446,0.2642990675990366,-0.24777644536065369,0.0328043689055739
1970-01-03 06:50:00,0.0373972022179928,0.2708490300628639,-0.25214362424020087,0.03466757145196694
1970-01-03 06:51:00,0.038040977333706295,0.2764183914327024,-0.2555963664258492,0.035995453756788136
1970-01-03 06:52:00,0.03860331236286724,0.28094355701806983,-0.2581526047651028,0.0367003006971463
1970-01-03 06:53:00,0.03908103696343294,0.2843642986644647,-0.2598393530272945,0.0366943952491069
1970-01-03 06:54:00,0.03947139021730057,0.28662418006301355,-0.2606922289105746,0.03589125825511436
1970-01-03 06:55:00,0.03977201250391984,0.28767104996791226,-0.26075490490895775,0.034206973685677496
1970-01-03 06:56:00,0.03998094083454057,0.2874576051126869,-0.2600784956008617,0.0321752638429327
1970-01-03 06:57:00,0.040096608187543764,0.2859420217008866,-0.25872088902174223,0.029305741083340702
1970-01-03 06:58:00,0.04011784680726697,0.2830886508407143,-0.25674602852084055,0.02490553338197257
1970-01-03 06:59:00,0.040043895079757,0.2788687690197932,-0.25422314999099765,0.018943712150022766
1970-01-03 07:00:00,0.04806013381173704,0.3073700435106475,-0.17033521745691327,0.011402713091283668
1970-01-03 07:01:00,0.0477951929609059,0.3003626564769773,-0.16694112387680393,0.0022791575497191335
1970-01-03 07:02:00,0.047435323791876066,0.29195216557194276,-0.1632302504975439,0.0
1970-01-03 07:03:00,0.046981508006583066,0.28214561482808725,-0.15928460101408476,0.0
1970-01-03 07:04:00,0.0464351987377829,0.2709609693727864,-0.15518710492785712,0.0
1970-01-03 07:05:00,0.04579833424680646,0.25842780874642385,-0.1510206586709383,0.0
1970-01-03 07:06:00,0.04507334976032099,0.24458792423328665,-0.14686714910449725,0.0
1970-01-03 07:07:00,0.044263186360713226,0.229495791085589,-0.14280646518534348,0.0
1970-01-03 07:08:00,0.0433712956723597,0.21321888614390358,-0.13891550450998585,0.0
1970-01-03 07:09:00,0.04240163893275037,0.19583782226430446,-0.13526718296377344,0.0
1970-01-03 07:10:00,0.041358678976161134,0.17744627298435298,-0.13192945773611187,0.0
1970-01-03 07:11:00,0.040247363732854834,0.15815066382116796,-0.12896437634674066,0.0
1970-01-03 07:12:00,0.039073100035726595,0.13806961064343468,-0.12642716701411227,0.0
1970-01-03 07:13:00,0.03784171681623083,0.11733309091249956,-0.12436538867346553,0.0
1970-01-03 07:14:00,0.0365594172916505,0.0960813402972497,-0.12281816215197539,0.0
1970-01-03 07:15:00,0.035232720659779136,0.0744634752337343,-0.12181550735612662,0.0
1970-01-03 07:16:00,0.0338683949756839,0.05263585139930307,-0.12137781469799751,0.0
1970-01-03 07:17:00,0.0324733837971124,0.030760178448819935,-0.12151548175727778,0.0
1970-01-03 07:18:00,0.031054729508806365,0.00900142182439217,-0.12222874666140728,0.0
1970-01-03 07:19:00,0.029619496132565832,-0.012474468082083467,-0.1235077456260606,0.0
1970-01-03 07:20:00,0.028174694294792534,-0.03350295118997623,-0.1253328124945855,0.0
1970-01-03 07:21:00,0.026727211005777865,-0.05392336228841813,-0.1276750240988732,0.0
1970-01-03 07:22:00,0.025283746789942666,-0.07358138289113697,-0.1304969791197592,0.0
1970-01-03 07:23:00,0.0238507621927849,-0.09233145151198983,-0.1337537821266974,0.0
1970-01-03 07:24:00,0.0224344347319989,-0.11003903887552592,-0.1373941911977453,0.0
1970-01-03 07:25:00,0.0210406262378897,-0.12658271569213692,-0.141361879745343,0.0
1970-01-03 07:26:00,0.019674859598257467,-0.14185594900801515,-0.14559676208465147,0.0
1970-01-03 07:27:00,0.018342303353368266,-0.155768577009361,-0.1500363363248839,0.0
1970-01-03 07:28:00,0.017047762358784867,-0.16824792833169722,-0.1546170045322466,0.0
1970-01-03 07:29:00,0.015795672768704232,-0.17923956813942798,-0.15927533685172582,0.0
1970-01-03 07:30:00,0.014590099790556801,-0.18870766859805832,-0.16394925267403646,0.0
1970-01-03 07:31:00,0.013434736917636534,-0.1966350155505808,-0.1685790978279177,0.0
1970-01-03 07:32:00,0.012332905607324066,-0.20302267577652047,-0.173108602155124,0.0
1970-01-03 07:33:00,0.0112875546379338,-0.2078893593095014,-0.17748570675605171,0.0042679239151752
1970-01-03 07:34:00,0.010301258618428333,-0.21127051797399787,-0.18166325467607936,0.014739096436102333
1970-01-03 07:35:00,0.0093762152763802,-0.21321722418325964,-0.1855995426924604,0.023925774718114967
1970-01-03 07:36:00,0.0085142412164125,-0.2137948736967654,-0.18925873504526977,0.03184435483435897
1970-01-03 07:37:00,0.007716765934075266,-0.2130817537007018,-0.19261114250350095,0.038525227056353833
1970-01-03 07:38:00,0.006984824091243666,-0.21116751440515888,-0.19563337225644428,0.04401112927185457
1970-01-03 07:39:00,-0.05971227897854953,0.07624722217820312,-0.3307981342497745,0.0483555557952495
1970-01-03 07:40:00,-0.060288786297167,0.08004548968879566,-0.33296093551966993,0.0516212052547634
1970-01-03 07:41:00,-0.06079296696481043,0.08467036349036916,-0.33471814898848756,0.053878463106031234
1970-01-03 07:42:00,-0.06122532289126653,0.0900018509009987,-0.33606976640289293,0.055203921498847335
1970-01-03 07:43:00,-0.06158687587754239,0.09591738480384142,-0.3370218210227711,0.055678943335329
1970-01-03 07:44:00,-0.061879171160398434,0.10229338981060443,-0.3375860327493679,0.05538827944437153
1970-01-03 07:45:00,-0.06210427172869729,0.1090067572707234,-0.3377793954502905,0.054418748543987365
1970-01-03 07:46:00,-0.06226474233991757,0.11593621410959691,-0.3376237176845065,0.052857989531853396
1970-01-03 07:47:00,-0.06236362294052874,0.12296357407323429,-0.33714512755691367,0.05079329495404653
1970-01-03 07:48:00,-0.06240439196481257,0.12997486328177552,-0.33637355184537415,0.048310533476286034
1970-01-03 07:49:00,-0.062390920628970135,0.13686131498608636,-0.3353421788884455,0.04549316797816937
1970-01-03 07:50:00,-0.06232741975603833,0.14352023105250522,-0.3340869140255118,0.0424213746164051
1970-01-03 07:51:00,-0.06221838083271963,0.1498557100350276,-0.332645835599167,0.03968136640534187
1970-01-03 07:52:00,-0.0620685129725913,0.15577924388560552,-0.33105865855626493,0.037603152990317336
1970-01-03 07:53:00,-0.0618826773554872,0.1612101875121441,-0.32936621145646733,0.03524976359855946
1970-01-03 07:54:00,-0.06166582062110016,0.1660761074647128,-0.3276099312904836,0.032658925799423165
1970-01-03 07:55:00,-0.06142290866212521,0.17031301783536726,-0.32583137909782,0.029864136542248034
1970-01-03 07:56:00,-0.06115886230925577,0.17386551286014576,-0.32407177809283144,0.02689477681134717
1970-01-03 07:57:00,-0.060878496514621995,0.17668680670947268,-0.3223715748809444,0.02377635787697077
1970-01-03 07:58:00,-0.06058646474364423,0.1787386915602148,-0.3207700233437455,0.020530897807372498
1970-01-03 07:59:00,-0.060287210222987435,0.1799914251277673,-0.3193047899252188,0.0171774239755801
1970-01-03 08:00:00,-0.05998492531792977,0.18042355822584466,-0.318011578468217,0.013732593592485067
1970-01-03 08:01:00,0.005061331306148334,-0.09325070741744564,-0.1934231167379492,0.010211419905249866
1970-01-03 08:02:00,0.005348127711585,-0.09443737218688586,-0.1926576874549024,0.0078904568584752
1970-01-03 08:03:00,-0.059097439743919004,0.17670128123614318,-0.3154842699537723,0.006370284926962667
1970-01-03 08:04:00,-0.05881900180416493,0.17379371790703932,-0.3151847265234644,0.005132498161745367
1970-01-03 08:05:00,-0.05855390614988747,0.17007351900403345,-0.31519427561599567,0.004173030845193167
1970-01-03 08:06:00,-0.05830444835008103,0.16556299827469556,-0.3155298285768074,0.0034837968364136336
1970-01-03 08:07:00,-0.0580726028729896,0.16029046994017104,-0.31620411698971845,0.003053174717506567
1970-01-03 08:08:00,-0.057860030671606104,0.15428980842013207,-0.31722542883997185,0.0028664970061142666
1970-01-03 08:09:00,-0.0576680857714389,0.14759998136744468,-0.31859736126778876,0.0029065344174050664
1970-01-03 08:10:00,-0.0574978187153743,0.14026455327805554,-0.3203185933107383,0.0031539674557266
1970-01-03 08:11:00,-0.05734997507560403,0.1323311551500054,-0.32238268351846594,0.0035878390192306668
1970-01-03 08:12:00,-0.05722498781018313,0.1238509140829777,-0.3247778988989064,0.004185983118140467
1970-01-03 08:13:00,-0.057122962883224736,0.11487783572918116,-0.32748708309191804,0.004925426160280433
1970-01-03 08:14:00,-0.0570436581610122,0.10546813229093284,-0.3304875728097076,0.0057827584859215
1970-01-03 08:15:00,-0.05698645608863393,0.09567948947922893,-0.33375117226419393,0.0067344748986781005
1970-01-03 08:16:00,-0.0569503310454987,0.08557026785687179,-0.33724419524291777,0.0094623067394325
1970-01-03 08:17:00,-0.05693381258908963,0.07519863761623154,-0.34092758344458085,0.013298966329761333
1970-01-03 08:18:00,-0.05693494603612977,0.0646216510620276,-0.34475710764841655,0.017232707892073734
1970-01-03 08:19:00,-0.05695125200932657,0.05389426353109098,-0.34868365553744624,0.021199359482335266
1970-01-03 08:20:00,-0.05697968672923367,0.04306832077052203,-0.3526536068492241,0.025130200557578003
1970-01-03 08:21:00,-0.05701660503732723,0.032191538481460835,-0.3566092932966169,0.02895227993325007
1970-01-03 08:22:00,-0.05705772848727663,0.021306507045147843,-0.3604895378114131,0.03258882910209263
1970-01-03 08:23:00,-0.05709812131031677,0.010449760008402661,-0.36423026566061245,0.0359597808228633
1970-01-03 08:24:00,-0.0571321774467057,-0.00034905287478596375,-0.3677651791936017,0.03898240085173287
1970-01-03 08:25:00,-0.0571536218891874,-0.011067849250154064,-0.3710264881416185,0.04157203853336547
1970-01-03 08:26:00,-0.05715552920646253,-0.021692621462120254,-0.37394568776704035,0.0436429998158216
1970-01-03 08:27:00,-0.05713036140074187,-0.03221774298602753,-0.3764543770583719,0.04510954422169383
1970-01-03 08:28:00,-0.057070026381031036,-0.04264605888201082,-0.3784851084287835,0.04588700551414151
1970-01-03 08:29:00,-0.056965957455526406,-0.05298875425614983,-0.37997225938602003,0.04589303436493817
1970-01-03 08:30:00,-0.0504802327702358,0.32286471542166845,-0.28866320795316375,0.026175068399692702
1970-01-03 08:31:00,-0.05659059843931757,-0.07350140024809677,-0.3810677570001974,0.0432812708191907
1970-01-03 08:32:00,-0.0563007993968816,-0.08373120322475698,-0.380561929821013,0.04052320329095397
1970-01-03 08:33:00,-0.05593054000363113,-0.09399337578611326,-0.3792859047819372,0.036716453183882364
1970-01-03 08:34:00,-0.05547074816641707,-0.10433147716909826,-0.3771962995807028,0.031812998411825034
1970-01-03 08:35:00,-0.0549127346943959,-0.11479240521642198,-0.3742566609045716,0.025777051643716336
1970-01-03 08:36:00,-0.0542483796383163,-0.125425023238909,-0.37043819225748403,0.018587158776672268
1970-01-03 08:37:00,-0.05347032168898466,-0.13627869637506404,-0.36572041631148866,0.016802675434489933
1970-01-03 08:38:00,-0.052572144918546594,-0.1474017651200417,-0.3600917600667481,0.0160990773883233
1970-01-03 08:39:00,-0.051548556630388674,-0.15883998556337123,-0.3535500506236571,0.0153237173022793
1970-01-03 08:40:00,-0.05039555036698427,-0.17063496885118554,-0.34610290836472685,0.0144901414378764
1970-01-03 08:41:00,-0.0491105489890875,-0.18282265596040811,-0.33776802306451864,0.013613064026681667
1970-01-03 08:42:00,-0.0476925237886797,-0.19543186694721895,-0.3285732974253465,0.0127082464747304
1970-01-03 08:43:00,-0.04614208651429184,-0.20848296542015765,-0.31855684229294934,0.011792367967715866
1970-01-03 08:44:00,-0.044461551830049025,-0.22198667845132972,-0.307766808689536,0.0108828870332406
1970-01-03 08:45:00,-0.0426549681343928,-0.23594310932859272,-0.29626104391079366,0.009997893309315867
1970-01-03 08:46:00,-0.0407281149736199,-0.250340975959227,-0.2841065620839938,0.009155948410671867
1970-01-03 08:47:00,-0.03868846568350127,-0.26515710221365724,-0.2713788234328689,0.008375914393328401
1970-01-03 08:48:00,-0.03654511458095997,-0.2803561835664448,-0.2581608207536203,0.007676767922559767
1970-01-03 08:49:00,-0.034308669118459596,-0.29589084178688146,-0.24454197620921078,0.0070773978926108325
1970-01-03 08:50:00,-0.0319911087667293,-0.3117019754335957,-0.2306168566871345,0.006596383983973167
1970-01-03 08:51:00,-0.0296056137001298,-0.3277194031284308,-0.2164837219476181,0.006251753542065999
1970-01-03 08:52:00,-0.02716636745385223,-0.34386278527040187,-0.20224292683599696,0.006060714292042333
1970-01-03 08:53:00,-0.0246883386705679,-0.3600427975558847,-0.18799520695522762,0.0060393608395286
1970-01-03 08:54:00,-0.0221870479464505,-0.3761625172029053,-0.17383988604981002,0.0062023537075936
1970-01-03 08:55:00,-0.019678326495634103,-0.39211897171319626,-0.1598730518686474,0.006562570866018033
1970-01-03 08:56:00,-0.0171780735186758,-0.4078047927101705,-0.14618575338229892,0.0071307333267917996
1970-01-03 08:57:00,-0.014702018519937,-0.42310991572640716,-0.1328622737230943,0.007915008373388066
1970-01-03 08:58:00,-0.012265493605095566,-0.4379232708488294,-0.11997852958492401,0.0089205962755397
1970-01-03 08:59:00,-0.009883219627370167,-0.4521344173997566,-0.10760064082889752,0.010149308782234034
1970-01-03 09:00:00,-0.007569109378615134,-0.46563508627663674,-0.09578370602478163,0.0115991501087688
1970-01-03 09:01:00,-0.005336090800772966,-0.4783206039840075,-0.08457081177669706,0.0132639133386764
1970-01-03 09:02:00,-0.003195953138343566,-0.4900911810491817,-0.07399229607476067,0.015132806944291298
1970-01-03 09:03:00,-0.0011592188195971662,-0.5008530539269304,-0.0640652786447229,0.017190127309136667
1970-01-03 09:04:00,0.0007649564944075329,-0.5105194740862297,-0.05479346452451662,0.019414993577213265
1970-01-03 09:05:00,0.002568853890356467,-0.5190115412802326,-0.046167220929654244,0.021781160792365768
1970-01-03 09:06:00,0.004246230329634333,-0.5262588806467774,-0.038163921783255596,0.024256926136985966
1970-01-03 09:07:00,0.005792327134950999,-0.5322001660150998,-0.030748549016974047,0.02680514122161813
1970-01-03 09:08:00,0.0072038492196240325,-0.5367834949426936,-0.02387453494990449,0.03551959546097863
1970-01-03 09:09:00,0.008478917707336234,-0.5399666242370715,-0.017484825933627667,0.04646464289980793
1970-01-03 09:10:00,0.009616999948291335,-0.5417170775710177,-0.011513144351576238,0.0562851423971476
1970-01-03 09:11:00,0.0106188221201447,-0.5420121391755323,-0.005885424216728839,0.0649448110694172
1970-01-03 09:12:00,0.011486270212173633,-0.540838749494703,-0.000521394806290538,0.07241959866298377
1970-01-03 09:13:00,0.012222285048491701,-0.5381933198322567,0.004663713735816112,0.07869584450071374
1970-01-03 09:14:00,0.0128307561714142,-0.5340814830951278,0.009757369847523123,0.08376864241637061
1970-01-03 09:15:00,0.013316418051207033,-0.5285177969191462,0.01484787355111053,0.08764038726761701
1970-01-03 09:16:00,0.013684750533696765,-0.5215254142160838,0.020022453051868765,0.09031949261443223
1970-01-03 09:17:00,0.013941884097511868,-0.5131357346194668,0.025365356147036583,0.09181928176638393
1970-01-03 09:18:00,0.014094509635314133,-0.5033880482777503,0.030955968389909747,0.0921570644163033
1970-01-03 09:19:00,0.014149792124140035,-0.49232918116962976,0.03686699031207198,0.09135341896585276
1970-01-03 09:20:00,0.014115287599338765,-0.48001314922671595,0.043162706006358575,0.08943170654170673
1970-01-03 09:21:00,0.013998863141532035,-0.46650082756907896,0.04989737500878477,0.08641784639328857
1970-01-03 09:22:00,0.01380861995424063,-0.45185964108752574,0.057113778710197904,0.08234038342793197
1970-01-03 09:23:00,0.013552819878576067,-0.43616328273285704,0.0648419514722705,0.07723087661324526
1970-01-03 09:24:00,0.013239815759824768,-0.41949146498244533,0.07309812518424522,0.07112463151570797
1970-01-03 09:25:00,0.012877985991611933,-0.401929707010235,0.08188391417595751,0.0640617911959546
1970-01-03 09:26:00,0.012475673433508534,-0.3835691547808768,0.09118576516867109,0.05608878699824474
1970-01-03 09:27:00,0.012041128785812866,-0.36450642380890175,0.1009746941202772,0.04726013428765866
1970-01-03 09:28:00,0.011582458404431567,-0.3448434450520101,0.11120632815982073,0.037640537431298804
1970-01-03 09:29:00,0.0111075764245292,-0.32468728468079816,0.12182126620088007,0.03350412580178296
1970-01-03 09:30:00,0.010624160888200765,-0.3041499011578362,0.1327457663460505,0.03133421629198516
1970-01-03 09:31:00,0.010139613325122133,-0.28334780108086516,0.1438927619482054,0.029065123599104098
1970-01-03 09:32:00,0.009661021014873768,-0.2624015594043222,0.15516320119478363,0.026686656043214834
1970-01-03 09:33:00,0.0091951211103659,-0.2414351785424866,0.16644769728700173,0.0241860630099156
1970-01-03 09:34:00,0.008748265952959534,-0.22057527247130881,0.17762846768240148,0.021549569810193434
1970-01-03 09:35:00,0.008326389150282668,-0.19995007486578578,0.18858153153329224,0.018763928514077634
1970-01-03 09:36:00,0.007934972230761533,-0.17968828363395595,0.19917912459205747,0.0158179451960086
1970-01-03 09:37:00,0.007579012000400565,-0.15991776698709184,0.20929228078254178,0.012703947481851966
1970-01-03 09:38:00,0.007262989217833867,-0.1407641672954553,0.21879351972426223,0.0094191585280207
1970-01-03 09:39:00,0.0069908398266074,-0.12234944744374814,0.22755957034754856,0.005966944158544734
1970-01-03 09:40:00,0.0067659305180830355,-0.10479042946394133,0.23547405368696717,0.0023578986831393
1970-01-03 09:41:00,0.006591040614195566,-0.08819737628788742,0.2424300450637835,0.0
1970-01-03 09:42:00,0.006468352040496866,-0.07267266448042667,0.24833243875711056,0.0
1970-01-03 09:43:00,0.0063994485176205,-0.05830958944652665,0.2531000466312416,0.0
1970-01-03 09:44:00,0.006385324185005501,-0.04519133554985517,0.25666737409015977,0.0
1970-01-03 09:45:00,0.0064264009578937,-0.03339013229060256,0.2589860300552315,0.0
1970-01-03 09:46:00,0.0065225532319655,-0.02296660510652025,0.26002574112729493,0.0
1970-01-03 09:47:00,0.006673138100602466,-0.013969317251957367,0.25977495325203154,0.0
1970-01-03 09:48:00,0.006877028944576899,-0.006434489420548168,0.25824101699416785,0.0
1970-01-03 09:49:00,0.0071326501496491316,-0.00038587730371057266,0.25544996474086934,0.0
1970-01-03 09:50:00,0.007438011033734233,0.004165215953467638,0.25144589918724786,0.0
1970-01-03 09:51:00,0.007790737951670034,0.007219815975367583,0.24629002159676638,0.0
1970-01-03 09:52:00,0.0081881047693721,0.008791063703910898,0.24005933534838944,0.0
1970-01-03 09:53:00,0.008627062987845033,0.008903929418149983,0.23284506546945305,0.0
1970-01-03 09:54:00,0.009104273414532267,0.00759486469411839,0.2247508384370084,0.0
1970-01-03 09:55:00,0.009616141420855701,0.004911395224971952,0.21589066846190322,0.0
1970-01-03 09:56:00,0.0101588576465793,0.0009116509599249775,0.20638679696189433,0.0
1970-01-03 09:57:00,0.010728445624696934,-0.004336173158724976,0.19636743187452024,0.0
1970-01-03 09:58:00,0.011320817215768032,-0.010754430932458795,0.18596443400156215,0.0
1970-01-03 09:59:00,0.011931835880332068,-0.018256712405574322,0.1753109991789986,0.0
1970-01-03 10:00:00,0.012557386673059001,-0.026748598201049783,0.1645393869492586,0.0
1970-01-03 10:01:00,0.013193450697563967,-0.03612847171928635,0.15377874700187885,0.0
1970-01-03 10:02:00,0.013836181066133964,-0.04628838377314718,0.14315309268238277,0.0
1970-01-03 10:03:00,0.014481977339956766,-0.05711497035232527,0.13277946605808238,0.0
1970-01-03 10:04:00,0.015127555749009335,-0.06849042881973784,0.12276633189659437,0.0
1970-01-03 10:05:00,0.015770012872625565,-0.08029355931088011,0.11321222930900476,0.0
1970-01-03 10:06:00,0.016406880747418334,-0.09240087703983872,0.10420470049169606,0.0
1970-01-03 10:07:00,0.017036171561735633,-0.10468779857480781,0.09581950650758952,0.0
1970-01-03 10:08:00,0.017656410208303535,-0.11702990153544847,0.0881201308953818,0.0042425392052461335
1970-01-03 10:09:00,0.018266652986331768,-0.1293042529870641,0.08115756362743598,0.008672022870066933
1970-01-03 10:10:00,0.018866490725214898,-0.141390797209387,0.07497035086089603,0.012935340043864601
1970-01-03 10:11:00,0.01945603471206593,-0.15317378811406365,0.06958489004464907,0.016994064009801465
1970-01-03 10:12:00,0.020035884222906766,-0.16454324454152605,0.0650159451758096,0.02081736623249787
1970-01-03 10:13:00,0.020607075228594732,-0.17539639755497305,0.0612673532077177,0.024381496494613533
1970-01-03 10:14:00,0.021171010848680966,-0.1856390886988778,0.058332889568231794,0.027669104073232833
1970-01-03 10:15:00,0.021729375133755502,-0.1951870696904563,0.05619725849680335,0.030668451136234065
1970-01-03 10:16:00,0.022284032535325,-0.20396715040304927,0.054837172978895864,0.03337256283399433
1970-01-03 10:17:00,0.022836915819837728,-0.2119181451743828,0.0542224898208008,0.035778352256298634
1970-01-03 10:18:00,0.02338990521886197,-0.21899157675700284,0.054317367461862366,0.037885752693257564
1970-01-03 10:19:00,0.0239447014867217,-0.22515211005419866,0.05508141667256564,0.03969688450261777
1970-01-03 10:20:00,0.024502695503955035,-0.23037770150698464,0.05647081689778769,0.041215279285508936
1970-01-03 10:21:00,0.025064837207486635,-0.23465946310697353,0.058439373701084284,0.04244517991900137
1970-01-03 10:22:00,0.025631506871940466,-0.23800125204584202,0.060939495731766345,0.043390931193979736
1970-01-03 10:23:00,0.0262023920115964,-0.24041900784380663,0.06392307299877482,0.044056472278297
1970-01-03 10:24:00,0.02677637335175213,-0.24193986822636251,0.06734224198629817,0.044444938901314096
1970-01-03 10:25:00,0.027351423354931365,-0.24260110257943387,0.07115002717609224,0.0445583799865663
1970-01-03 10:26:00,0.02792452060234657,-0.24244890648844286,0.07530085275081504,0.044397590408900234
1970-01-03 10:27:00,0.0284915829236834,-0.2415371015674992,0.07975092255348626,0.0439620585975271
1970-01-03 10:28:00,0.029047421645048633,-0.23992578170003961,0.08445847055453914,0.043250024833468036
1970-01-03 10:29:00,0.02958571882828227,-0.23767994173790563,0.08938388776675277,0.042258643293501263
1970-01-03 10:30:00,0.0300990290146121,-0.23486811968669574,0.09448973447141513,0.042856440938713165
1970-01-03 10:31:00,0.03057880681140347,-0.23156107942426127,0.0997406487821717,0.04349331739903717
1970-01-03 10:32:00,0.031015461614806866,-0.22783055794272786,0.10510316417173786,0.04371152782145574
1970-01-03 10:33:00,0.03139844065803423,-0.2237480984020832,0.11054544979802494,0.04348455222148793
1970-01-03 10:34:00,0.03171634120219243,-0.21938398743989226,0.11603698837176923,0.04278984921804766
1970-01-03 10:35:00,0.031957051950406865,-0.2148063120809204,0.12154820690850299,0.04160960706058753
1970-01-03 10:36:00,0.03210792274035667,-0.2100801484798872,0.12705007597574472,0.03993152346627357
1970-01-03 10:37:00,0.0321559604398354,-0.20526689174218368,0.13251369304986374,0.03774955910853806
1970-01-03 10:38:00,0.032088047941626,-0.2004237327162652,0.13790986558426757,0.035064601900571264
1970-01-03 10:39:00,0.0318911823725545,-0.19560328313991582,0.14320870963764895,0.03188497630718807
1970-01-03 10:40:00,0.03155272810880543,-0.19085334473915735,0.1483792804130196,0.028226733912984803
1970-01-03 10:41:00,0.03106067980338593,-0.186216811846309,0.15338925141142082,0.02411366839673627
1970-01-03 10:42:00,0.0304039302289546,-0.1817316922428928,0.15820465857610555,0.0195770098858816
1970-01-03 10:43:00,0.029572537253855936,-0.17743122798271457,0.16278972453190846,0.016634979173770166
1970-01-03 10:44:00,0.0285579837522436,-0.17334409666480496,0.16710677593179693,0.016485745859010633
1970-01-03 10:45:00,0.027353423839548068,-0.16949467335187995,0.17111626429953067,0.016216767774555267
1970-01-03 10:46:00,0.0259539087122686,-0.16590333366492627,0.17477689784878883,0.0158530738655005
1970-01-03 10:47:00,0.02435658570992343,-0.1625867794697109,0.17804588874039862,0.015420085177634832
1970-01-03 10:48:00,0.0225608649563566,-0.15955836993787323,0.18087931728595205,0.014942424026128635
1970-01-03 10:49:00,0.0205685487329416,-0.156828442329465,0.1832326118644375,0.014442714800473168
1970-01-03 10:50:00,0.018383919174705967,-0.1544046084067356,0.1850611407464299,0.013940452968387668
1970-01-03 10:51:00,0.01601377990560567,-0.15229201407392068,0.18632090936984227,0.013451022245496632
1970-01-03 10:52:00,0.013467447249925567,-0.15049355166939493,0.18696935370579348,0.012984936583424601
1970-01-03 10:53:00,0.010756687149972232,-0.14901001610478212,0.18696621724410942,0.0125473729189384
1970-01-03 10:54:00,0.007895595047090033,-0.14784019810352358,0.18627449585222314,0.012138042801544733
1970-01-03 10:55:00,0.004900417764880367,-0.14698091110798453,0.1848614311022767,0.011751427493808267
1970-01-03 10:56:00,0.0017893192581589664,-0.14642695313616616,0.18269952817404742,0.0113773743022667
1970-01-03 10:57:00,-0.0014179034312599703,-0.14617100975658284,0.17976756873601543,0.011002024576843699
1970-01-03 10:58:00,-0.004700141900241532,-0.14620350847314914,0.1760515826555923,0.010609018729880466
1970-01-03 10:59:00,-0.008035318643009265,-0.14651243868789843,0.1715457366881232,0.010180903067910667
1970-01-03 11:00:00,-0.011400730735397067,-0.14708315582055634,0.16625309571310556,0.009700648899550867
1970-01-03 11:01:00,-0.0147733777328509,-0.14789819269418047,0.16018621376360972,0.009153187142136766
1970-01-03 11:02:00,-0.0181302615551715,-0.1489371047246133,0.15336751725569334,0.0085268613586092
1970-01-03 11:03:00,-0.0214486530755468,-0.15017637678207432,0.14582944980478588,0.007814707872927934
1970-01-03 11:04:00,-0.024706327688545634,-0.15158941821146885,0.13761435586588253,0.007015482056538434
1970-01-03 11:05:00,-0.027881778246801964,-0.1531466681600892,0.12877408939168433,0.006134363809776
1970-01-03 11:06:00,-0.0309544163330689,-0.15481582650328599,0.11936934440832554,0.005183291675899433
1970-01-03 11:07:00,-0.033904771224428,-0.1565622172481945,0.1094687170931321,0.0041808932699558335
1970-01-03 11:08:00,-0.03671469126299744,-0.15834928221383293,0.0991475232532582,0.0031519994752329003
1970-01-03 11:09:00,-0.039367546616274104,-0.16013919349006114,0.08848641005164663,0.0021267510384255666
1970-01-03 11:10:00,-0.04184842749144647,-0.16189356384828463,0.07756981431930354,0.0011393286795706667
1970-01-03 11:11:00,-0.044144329242410206,-0.1635742254604778,0.06648432865113278,0.00022636136525436667
1970-01-03 11:12:00,-0.046244315862000805,-0.16514404061318924,0.05531703809006098,0.0
1970-01-03 11:13:00,-0.04813965513518667,-0.16656770582137295,0.044153884796349595,0.0
1970-01-03 11:14:00,-0.04982392094408313,-0.16781251403995615,0.03307810884756871,0.0
1970-01-03 11:15:00,-0.05129306024006156,-0.1688490477033188,0.022168803785776642,0.0
1970-01-03 11:16:00,-0.05254542399857263,-0.169651785716024,0.01149961747962184,0.0
1970-01-03 11:17:00,-0.05358176303226506,-0.1701996173476953,0.001137622313691004,0.0
1970-01-03 11:18:00,-0.05440519069717817,-0.17047626290916074,-0.008857626951945178,0.0
1970-01-03 11:19:00,-0.05502111518242383,-0.17047060438619632,-0.018434834630955854,0.0
1970-01-03 11:20:00,-0.055437144297859065,-0.17017692974852397,-0.027551497092042965,0.00022056488587046666
1970-01-03 11:21:00,-0.05566296562418596,-0.16959509373975853,-0.036174224672180864,0.0013190498685124001
1970-01-03 11:22:00,-0.05571020470293047,-0.16873059632363227,-0.04427885489179421,0.0025827816679394665
1970-01-03 11:23:00,-0.055592263729551165,-0.16759457757826954,-0.05185036388976657,0.003974089613923167
1970-01-03 11:24:00,-0.05532414306109726,-0.16620372441994466,-0.05888258690929934,0.005450863702311833
1970-01-03 11:25:00,-0.054922247761583165,-0.16458008057595117,-0.06537776192011242,0.0069682820541911
1970-01-03 11:26:00,-0.0544041812440651,-0.16275074831693315,-0.07134591326086681,0.008480535041214833
1970-01-03 11:27:00,-0.053788527685022756,-0.1607474703473684,-0.07680409464793374,0.009942458332642101
1970-01-03 11:28:00,-0.053094624351198105,-0.158606083639234,-0.08177551280284796,0.0167348199483786
1970-01-03 11:29:00,-0.052342324543055575,-0.15636584337019546,-0.08628855399589053,0.023063000955167796
1970-01-03 11:30:00,-0.05155175173945997,-0.1540686231259998,-0.09037573605998679,0.028699179608663
1970-01-03 11:31:00,-0.050743045826912365,-0.15175800533679215,-0.09407260832986956,0.0336257787118368
1970-01-03 11:32:00,-0.04993610305662869,-0.1494782821401928,-0.09741662181118382,0.0378392255529168
1970-01-03 11:33:00,-0.04915031250657329,-0.14727339130265674,-0.10044599161979217,0.04134896706881647
1970-01-03 11:34:00,-0.04840429296849876,-0.14518581516871057,-0.10319857318628423,0.044176305512373865
1970-01-03 11:35:00,-0.04771563482352694,-0.14325547328004962,-0.10571077284784551,0.046353096536933765
1970-01-03 11:36:00,-0.04710065138897882,-0.1415186409217596,-0.10801651220783863,0.047920348403106904
1970-01-03 11:37:00,-0.04657414368441517,-0.14000692576110893,-0.11014626394578471,0.04892675632603053
1970-01-03 11:38:00,-0.0461491820505688,-0.1387463329211482,-0.1121261746774107,0.04942720047068794
1970-01-03 11:39:00,-0.045836907815874676,-0.13775644589749503,-0.11397728828799362,0.049481230354590434
1970-01-03 11:40:00,-0.04564635817439667,-0.13704974714594387,-0.11571488116991913,0.049151552987450636
1970-01-03 11:41:00,-0.04558431743261226,-0.13663109788589192,-0.11734791907033597,0.04850253746523017
1970-01-03 11:42:00,-0.04565519769501236,-0.13649739167819397,-0.11887864375987849,0.047598745334660235
1970-01-03 11:43:00,-0.04586095184805929,-0.13663739119453805,-0.1203022964498351,0.046503494118399234
1970-01-03 11:44:00,-0.04620102129740106,-0.13703175300360732,-0.12160698379669417,0.04527746106126823
1970-01-03 11:45:00,-0.046672320248557074,-0.13765324125578915,-0.12277369123206579,0.043977335369835
1970-01-03 11:46:00,-0.0472692574439193,-0.1384671272875245,-0.12377644673538153,0.042654529739214964
1970-01-03 11:47:00,-0.0479837953345351,-0.1394317679795076,-0.12458263552219322,0.04135396551475393
1970-01-03 11:48:00,-0.0488055458369866,-0.14049935158238033,-0.12515346245290682,0.04130759796705563
1970-01-03 11:49:00,-0.049721901203949835,-0.14161679644716965,-0.1254445548118064,0.041497473434193966
1970-01-03 11:50:00,-0.050718198131498395,-0.1427267858856802,-0.12540669400686635,0.0416092624049166
1970-01-03 11:51:00,-0.051777912954020296,-0.14376892069768146,-0.12498666097559792,0.041618239836341296
1970-01-03 11:52:00,-0.05288288552783162,-0.14468096913612952,-0.1241281770368019,0.041493116765456264
1970-01-03 11:53:00,-0.05401356913409311,-0.14540019205920252,-0.12277292028987152,0.0411965776782758
1970-01-03 11:54:00,-0.055149303462045364,-0.14586471881239724,-0.12086159791081656,0.040686008956216865
1970-01-03 11:55:00,-0.05626860745648563,-0.14601494717205443,-0.11833505661435195,0.03991442174143333
1970-01-03 11:56:00,-0.0573494884547777,-0.14579493876039412,-0.11513541641700194,0.03883156852260563
1970-01-03 11:57:00,-0.05836976352915857,-0.14515377999549015,-0.11120721589369209,0.037385248725953
1970-01-03 11:58:00,-0.05930738833288501,-0.14404687804057292,-0.10649855983630159,0.0355227949392412
1970-01-03 11:59:00,-0.060140788234583964,-0.14243716155962016,-0.10096226215848729,0.0331927283728815
1970-01-03 12:00:00,-0.060849186355719675,-0.14029615766010675,-0.0945569775403164,0.030346569951942733
1970-01-03 12:01:00,-0.06141292328013556,-0.13760491943604727,-0.0872483143173068,0.028783755697589366
1970-01-03 12:02:00,-0.0618137633500641,-0.13435478300143974,-0.07900991868356633,0.0269639450817637
1970-01-03 12:03:00,-0.062035182364039536,-0.1305479384393402,-0.06982451707951509,0.024713764083503703
1970-01-03 12:04:00,-0.06206263134977924,-0.1261978047855439,-0.05968490038908051,0.021979860413197435
1970-01-03 12:05:00,-0.06188377128064593,-0.12132920379763851,-0.04859483074454518,0.0187192059646765
1970-01-03 12:06:00,-0.0614886742343555,-0.11597832997825425,-0.03656984956269138,0.014902036544427566
1970-01-03 12:07:00,-0.06086998736793147,-0.11019251518422567,-0.023637963985279804,0.0170297780310564
1970-01-03 12:08:00,-0.0600230570205162,-0.1040297859937092,-0.009840188117148596,0.0197435999082663
1970-01-03 12:09:00,-0.05894601113725081,-0.09755821190174856,0.00476908474064112,0.022382127734877733
1970-01-03 12:10:00,-0.05763979890694667,-0.09085504310809356,0.02012190226677631,0.024893961274558868
1970-01-03 12:11:00,-0.05610818693854347,-0.08400563811320154,0.036136787947773384,0.027227023635718602
1970-01-03 12:12:00,-0.05435771145147824,-0.077102183124546,0.05271901065572308,0.029329047402029403
1970-01-03 12:13:00,-0.052397585875634305,-0.07024220769042876,0.06976110587640831,0.031148095421905733
1970-01-03 12:14:00,-0.05023956317428263,-0.06352690532066797,0.08714366137222003,0.032633122920586635
1970-01-03 12:15:00,-0.04789775252754063,-0.05705927518333212,0.1047363751465723,0.0337345820898358
1970-01-03 12:16:00,-0.045388391019118596,-0.05094211083874201,0.1223993877913369,0.034405064066597435
1970-01-03 12:17:00,-0.042729572488275365,-0.045275872565115484,0.13998488448043134,0.034599966968881735
1970-01-03 12:18:00,-0.03994093733048357,-0.04015648915267785,0.15733895389277133,0.0342781731250441
1970-01-03 12:19:00,-0.037043328598434296,-0.03567314209112776,0.17430368212800662,0.033402714276585435
1970-01-03 12:20:00,-0.0340584214756971,-0.03190609005125571,0.19071944921083586,0.0319414005274418
1970-01-03 12:21:00,-0.031008335243049134,-0.028924594965291955,0.20642738437437602,0.029867387204138535
1970-01-03 12:22:00,-0.027915239006412768,-0.026785012463173923,0.22127192516032457,0.0271596536552203
1970-01-03 12:23:00,-0.024800964058684566,-0.025529107566786623,0.2351034168734677,0.023803369451771767
1970-01-03 12:24:00,-0.0216866360996277,-0.025182650411025697,0.24778068565332503,0.0197901265292195
1970-01-03 12:25:00,-0.018592339444385403,-0.025754337050479397,0.2591735210664032,0.015118020584008733
1970-01-03 12:26:00,-0.015536823324129768,-0.027235069002034474,0.269165010851319,0.009791571536847933
1970-01-03 12:27:00,-0.012537258142720034,-0.02959761363136193,0.27765367862136564,0.003821481100653667
1970-01-03 12:28:00,-0.009609047454621867,-0.032796656423690305,0.2845553832947956,0.0
1970-01-03 12:29:00,-0.0067656994347395005,-0.036769245507880896,0.2898049463291352,0.0
1970-01-03 12:30:00,-0.004018759605967567,-0.0414356182111029,0.2933574795280958,0.0
1970-01-03 12:31:00,-0.0013778045730369337,-0.04670038890440447,0.2951893923125262,0.0
1970-01-03 12:32:00,0.0011495054218296,-0.05245406762129246,0.2952990628875218,0.0
1970-01-03 12:33:00,0.0035573190792778007,-0.058574870925459536,0.2937071627817643,0.0
1970-01-03 12:34:00,0.005841437361771799,-0.0649307808988633,0.29045662898855745,0.0
1970-01-03 12:35:00,0.007999114691938267,-0.07138180455204081,0.2856122825620331,0.0007781482360464668
1970-01-03 12:36:00,0.010028826450589666,-0.07778238331432101,0.27926009707127053,0.0062845644396172665
1970-01-03 12:37:00,0.011930012009106502,-0.08398389966848713,0.2715061248695129,0.010989212381524132
1970-01-03 12:38:00,0.013702802881596135,-0.08983722549968363,0.26247509387313,0.014872715322094799
1970-01-03 12:39:00,0.015347745659170464,-0.0951952551103377,0.2523086926603178,0.017934112815299434
1970-01-03 12:40:00,0.016865529317230066,-0.09991536601419791,0.24116356734524802,0.020189029469627102
1970-01-03 12:41:00,0.018256726227019265,-0.10386175305139188,0.22920905998614108,0.022241316936482434
1970-01-03 12:42:00,0.019521555700691102,-0.10690758587278996,0.21662472532328736,0.026738666847553366
1970-01-03 12:43:00,0.0206596782427601,-0.10893694571364414,0.2035976703567556,0.03048475592563593
1970-01-03 12:44:00,0.021670028055363732,-0.10984650367524157,0.19031976928598596,0.03345803973279413
1970-01-03 12:45:00,0.022550690835503567,-0.10954690863549305,0.17698481356812734,0.035644730181435866
1970-01-03 12:46:00,0.023298833346170767,-0.10796385852508905,0.16378566141806375,0.037038452332437466
1970-01-03 12:47:00,0.023910690306007065,-0.10503883553460804,0.1509114512580946,0.03763977429362494
1970-01-03 12:48:00,0.024381612595869972,-0.10072949544894504,0.13854493935774828,0.037455627906526
1970-01-03 12:49:00,0.024706178696103365,-0.0950097138730765,0.12686001477585115,0.0364986519685725
1970-01-03 12:50:00,0.024878368957631698,-0.08786930688048478,0.11601943646102846,0.0347865016523933
1970-01-03 12:51:00,0.024891800118938268,-0.07931346020769224,0.10617282871762691,0.03234117772954877
1970-01-03 12:52:00,0.02474001554624017,-0.06936191867617957,0.09745496210046882,0.029188437237917895
1970-01-03 12:53:00,0.024416824904670027,-0.05804800294124383,0.08998433707760795,0.025357353081435097
1970-01-03 12:54:00,0.02391668539965057,-0.04541752903026902,0.08386207814184941,0.020880092555934964
1970-01-03 12:55:00,0.023235115615032335,-0.03152770358160941,0.07917113751251244,0.0178769757144729
1970-01-03 12:56:00,0.022369132246322133,-0.016446054300453688,0.0759758004563595,0.014099998406474168
1970-01-03 12:57:00,0.021317699121703403,-0.00024943552252478424,0.07432147813561246,0.009510004509022967
1970-01-03 12:58:00,0.020082176509772603,0.016976870565286167,0.07423476886638859,0.004133558267064067
1970-01-03 12:59:00,0.01866675717619357,0.03513995136630007,0.07572376547106278,0.0
1970-01-03 13:00:00,0.017078874425935604,0.0541399645621905,0.0787785850781406,0.0
1970-01-03 13:01:00,0.0153295665521844,0.07387075416519862,0.08337209729817774,0.0
1970-01-03 13:02:00,0.013433781660869032,0.09422040015844824,0.08946082632068823,0.0
1970-01-03 13:03:00,0.011410606914774737,0.11507172486804479,0.09698600228662561,0.0
1970-01-03 13:04:00,0.009283407222042133,0.13630278277549274,0.10587473817298558,0.0
1970-01-03 13:05:00,0.007079860537428734,0.15778736248499753,0.11604131090115077,0.0
1970-01-03 13:06:00,0.0048318801056706955,0.17939552973027081,0.12738852891263172,0.0
1970-01-03 13:07:00,0.0025754177452545304,0.20099423841896094,0.13980917189529027,0.0
1970-01-03 13:08:00,0.0003501463072403353,0.22244803295542312,0.15318749087766767,0.0
1970-01-03 13:09:00,-0.0018009764832121976,0.24361986006731487,0.16740075838061017,0.0
1970-01-03 13:10:00,-0.0038322568389082636,0.2643720026965871,0.18232085878205048,0.0
1970-01-03 13:11:00,-0.0056959174890623965,0.28456714240267766,0.19781590839758367,0.0012679257497579667
1970-01-03 13:12:00,-0.007342843341141496,0.3040695499759664,0.21375189286567967,0.008881716889382999
1970-01-03 13:13:00,-0.008723408510799946,0.3227463963665423,0.2299943064022801,0.0156581330678955
1970-01-03 13:14:00,-0.009788371795340395,0.34046916781538966,0.2464097738410601,0.0216018964989332
1970-01-03 13:15:00,-0.010489825563663402,0.3571151612528276,0.26286763291711096,0.026728760423158065
1970-01-03 13:16:00,-0.010782180437444167,0.37256903043385714,0.27924145218754476,0.031064317040279232
1970-01-03 13:17:00,-0.01062316636409223,0.3867243515791734,0.2954104604424405,0.0346427312832493
1970-01-03 13:18:00,-0.009974830634497197,0.39948517960076796,0.31126086656583346,0.03750542204151577
1970-01-03 13:19:00,-0.008804514713543633,0.41076757077466164,0.3266870534951931,0.03969971271631727
1970-01-03 13:20:00,-0.007085793357292165,0.42050105289423567,0.34159263475200957,0.04127747291687317
1970-01-03 13:21:00,-0.004799360490386966,0.4286300273740629,0.35589136566384455,0.04229377286508113
1970-01-03 13:22:00,-0.0019338463264325656,0.43511508730072546,0.3695079027458208,0.0428055718005474
1970-01-03 13:23:00,0.0015134505053859338,0.43993423007738314,0.38237840353188474,0.04287046144099823
1970-01-03 13:24:00,0.0055359327641454,0.44308393518428124,0.39445095698005606,0.04254548529199557
1970-01-03 13:25:00,0.010117193495182067,0.44458007105776653,0.405685833879915,0.04188605410392401
1970-01-03 13:26:00,0.015230641277146168,0.4444585932394715,0.41605554879384493,0.04094497676368917
1970-01-03 13:27:00,0.020839279488633667,0.4427759983896429,0.4255447294070296,0.0397716241008649
1970-01-03 13:28:00,0.026895657668692036,0.4396095032353919,0.43414979430282147,0.0384112402517292
1970-01-03 13:29:00,0.03771278823737102,0.29050524685987517,0.5897711782584202,0.03881676256288548
1970-01-03 13:30:00,0.04127715524489488,0.291037773528397,0.5950723165504207,0.037055098426966804
1970-01-03 13:31:00,0.04507264378931653,0.2908017109488903,0.5997260419561219,0.0353020957817807
1970-01-03 13:32:00,0.04904413004553153,0.2899087178030579,0.6037511680937556,0.03357261314193745
1970-01-03 13:33:00,0.05313012835480928,0.2884832625966294,0.607172438695755,0.03187724128172807
1970-01-03 13:34:00,0.05726358984710178,0.2866611477043751,0.6100197679934022,0.031130781789205673
1970-01-03 13:35:00,0.0613728840515113,0.28458774913697216,0.6123274095569033,0.031219689267373875
1970-01-03 13:36:00,0.06538295540799055,0.282415990019307,0.6141330673559537,0.031252343788405
1970-01-03 13:37:00,0.06921663993632995,0.2803040738755664,0.6154769634740334,0.03121222028360285
1970-01-03 13:38:00,0.0727961207343829,0.2784130113074757,0.6164008775339963,0.03108237473340415
1970-01-03 13:39:00,0.07604449442677215,0.2769039808526155,0.6169471736985527,0.030845674298984327
1970-01-03 13:40:00,0.07888741378304484,0.2759355720980869,0.6171578319580195,0.03048500199514945
1970-01-03 13:41:00,0.0812547644831338,0.27566096649863947,0.6170735010186179,0.029983430501428574
1970-01-03 13:42:00,0.08308232749678703,0.276225118336771,0.6167325902494669,0.029324362461882726
1970-01-03 13:43:00,0.0843133746190291,0.2777620035364849,0.616170417717386,0.028491637833747502
1970-01-03 13:44:00,0.08490014483072085,0.28039200556062377,0.6154184302833544,0.0274696124896204
1970-01-03 13:45:00,0.08480515333719965,0.28421950426162984,0.6145035101329247,0.026243216229864575
1970-01-03 13:46:00,0.08400229199212281,0.28933072637416074,0.6134473801688097,0.024798002358233474
1970-01-03 13:47:00,0.08247768763175686,0.2957919074613563,0.6122661186132675,0.023120204639795226
1970-01-03 13:48:00,0.08023029257061863,0.3036478058027242,0.6109697910882611,0.021196820390782276
1970-01-03 13:49:00,0.07727218887375155,0.31292059891731994,0.6095622063831605,0.01901574027804235
1970-01-03 13:50:00,0.07362859516430595,0.32360918270253003,0.60804079990284,0.0165659458478324
1970-01-03 13:51:00,0.06933757194879164,0.335688881251168,0.6063966461456434,0.013837794669622799
1970-01-03 13:52:00,0.0644494292605789,0.3491115622491613,0.604614598499134,0.0108234101045485
1970-01-03 13:53:00,0.059025849509857474,0.3638061388760835,0.6026735515996502,0.010972967811676825
1970-01-03 13:54:00,0.05313874903250072,0.379679425915674,0.6005468190082999,0.0113328800437225
1970-01-03 13:55:00,0.04686891302489221,0.3966173085653081,0.598202617223494,0.01167313200910035
1970-01-03 13:56:00,0.040304448403117525,0.4144861807544816,0.5956046459571899,0.0119793636155902
1970-01-03 13:57:00,0.03353910583697188,0.4331346162895588,0.5927127539116698,0.01268923682247295
1970-01-03 13:58:00,0.026670524823173225,0.45239524674618825,0.5894836787815689,0.014732077900307824
1970-01-03 13:59:00,0.019798453816549547,0.4720868283811819,0.5858718496949644,0.016710041875285825
1970-01-03 14:00:00,0.0130229913986819,0.4920164827630754,0.5818302396750547,0.018576341507990524
1970-01-03 14:01:00,0.0064428856392920245,0.5119820936885666,0.5773112548965526,0.0202843434925327
1970-01-03 14:02:00,0.00015391951786040275,0.5317748401092681,0.5722676466725816,0.021788578836249226
1970-01-03 14:03:00,-0.005752597468310375,0.5511818434461012,0.5666534316446387,0.023045721891525726
1970-01-03 14:04:00,-0.011191216950814577,0.5699889072366285,0.5604248059016017,0.024015507756892526
1970-01-03 14:05:00,-0.01608360806695658,0.5879833260016337,0.5535410396428695,0.024661560678612
1970-01-03 14:06:00,-0.020359675348651178,0.6049567376676974,0.5459653402383717,0.024952109214802877
1970-01-03 14:07:00,-0.02395853365556535,0.6207079898591048,0.5376656730918954,0.02486056724550565
1970-01-03 14:08:00,-0.026829337646191574,0.6350459853609552,0.5286155317809444,0.0243659635085393
1970-01-03 14:09:00,-0.02893196439908318,0.6477924665591388,0.5187946515842294,0.023453206370695225
1970-01-03 14:10:00,-0.030237548311573943,0.6587846930438038,0.5081896634772683,0.02211317521204145
1970-01-03 14:11:00,-0.030728867618242083,0.6678779615255008,0.4967946884095149,0.02034263533058015
1970-01-03 14:12:00,-0.030400582013048065,0.6749479143045205,0.48461187323452914,0.0181439798560821
1970-01-03 14:13:00,-0.029259321035273143,0.6798925834271377,0.47165186912964074,0.015524809879867176
1970-01-03 14:14:00,-0.02732362303520055,0.6826341225662961,0.45793425061528203,0.0124973727359751
1970-01-03 14:15:00,-0.02462372453262475,0.683120185928939,0.44348786932255824,0.009077887700985424
1970-01-03 14:16:00,-0.021201199577530357,0.6813249211337176,0.4283511327185114,0.006091077462805125
1970-01-03 14:17:00,-0.017108448421267942,0.6772495502493279,0.4125721948075778,0.002887739727292875
1970-01-03 14:18:00,-0.012408034567225005,0.6709225203834137,0.39620904349212877,0.0
1970-01-03 14:19:00,-0.0071718693259985485,0.6623992128170618,0.37932946769411,0.0
1970-01-03 14:20:00,-0.0014802438158654195,0.651761207730763,0.362010886521678,0.0
1970-01-03 14:21:00,0.004579289519558098,0.6391151097642491,0.34434002288972787,0.0
1970-01-03 14:22:00,0.010913180293583749,0.6245909474491802,0.3264124053385612,0.0
1970-01-03 14:23:00,0.017423278686136093,0.608340166373358,0.3083316845397278,0.0
1970-01-03 14:24:00,0.024008355318433622,0.590533241659149,0.29020875513822253,0.0
1970-01-03 14:25:00,0.03056572522446542,0.5713569405453397,0.27216067895986157,0.0
1970-01-03 14:26:00,0.0369929552100521,0.5510112715380888,0.25430941186431505,0.0
1970-01-03 14:27:00,0.043189629790408454,0.5297061637969002,0.23678034323371233,0.0
1970-01-03 14:28:00,0.04905914550824886,0.5076579300305514,0.21970066398815663,0.0
1970-01-03 14:29:00,0.05451049653635384,0.4850855783862174,0.2031975861424628,0.0
1970-01-03 14:30:00,0.05946000670671722,0.4622070523108687,0.18739644420468238,0.0
1970-01-03 14:31:00,0.06383295646477855,0.4392354889862776,0.1724187153290416,0.000383149700850775
1970-01-03 14:32:00,0.06756505052637657,0.41637559282646097,0.15837999958545307,0.001226143189941625
1970-01-03 14:33:00,0.07060367493614503,0.393820218630845,0.14538800313508343,0.002071219300757975
1970-01-03 14:34:00,0.07290890009381971,0.37174725054750507,0.13354056617065635,0.002907386535578025
1970-01-03 14:35:00,0.0744541970166411,0.35031685116439115,0.12292377569040486,0.003726837828996625
1970-01-03 14:36:00,0.07522684587003739,0.32966914250575313,0.11361020166142102,0.004524716878842075
1970-01-03 14:37:00,0.07522802768353541,0.30992236889266367,0.10565729435604035,0.005298609649094775
1970-01-03 14:38:00,0.07447260185504932,0.29117158083837713,0.0991059807186923,0.0060477855734648
1970-01-03 14:39:00,0.07298858379493944,0.2734878685567322,0.09397949830991223,0.006772230047090425
1970-01-03 14:40:00,0.07081634918745072,0.2569181619102441,0.09028250568068144,0.0074715261406406
1970-01-03 14:41:00,0.06800760311757695,0.241485600252445,0.08800050594957617,0.00814365768649115
1970-01-03 14:42:00,0.06462416163333617,0.22719046180152702,0.0870996137048761,0.00878381624007205
1970-01-03 14:43:00,0.060736598037126055,0.21401163010622706,0.0875266835037522,0.0093832992253266
1970-01-03 14:44:00,0.10445215593132466,0.13630495825009203,0.09843026838820786,0.013238112823788466
1970-01-03 14:45:00,0.09900863462133758,0.1245273836688815,0.10353901863913458,0.013867544498572798
1970-01-03 14:46:00,0.09308054813604477,0.11347902250972718,0.10980436373721529,0.014366206635135166
1970-01-03 14:47:00,0.08680394316552903,0.10308931100843376,0.11709184435715432,0.014985350152079033
1970-01-03 14:48:00,0.08031831861240807,0.09328729507670362,0.12525084536269918,0.02022858379087863
1970-01-03 14:49:00,0.0737644360014359,0.08400442964864217,0.13411621816037692,0.024279273131601036
1970-01-03 14:50:00,0.06728220446062594,0.07517705313049587,0.1435101739562561,0.02710503703810523
1970-01-03 14:51:00,0.0610086652852365,0.06674847824687209,0.15324443213897374,0.028683656813519032
1970-01-03 14:52:00,0.05507609726322817,0.058670659106220456,0.16312260287189564,0.029002805996274705
1970-01-03 14:53:00,0.0496102607143348,0.05090541296026981,0.17294277737446814,0.028060208474920096
1970-01-03 14:54:00,0.044728795376527464,0.04342519313742373,0.18250029327514597,0.025864127297117734
1970-01-03 14:55:00,0.040539784650668036,0.03621342668265689,0.19159063574614374,0.022434103721554566
1970-01-03 14:56:00,0.03714049612039393,0.029264445592618333,0.20001242797188343,0.0178018863489347
1970-01-03 14:57:00,0.0346163056103524,0.022583052935174746,0.2075704573793841,0.015861214032366767
1970-01-03 14:58:00,0.0330398093627934,0.016183773698113024,0.2140786779893915,0.014190341154723634
1970-01-03 14:59:00,0.03247012640163647,0.010089844814120785,0.21936312557442159,0.012224294499200266
1970-01-03 15:00:00,0.03295239111070433,0.004331999860478164,0.22326468212097753,0.010035968679003
1970-01-03 15:01:00,0.03451743466874247,-0.0010528978799917432,0.22564162949626332,0.007694648798776267
1970-01-03 15:02:00,0.03718165322113837,-0.006023324307057469,0.22637193831593425,0.0052650737683464675
1970-01-03 15:03:00,0.0409470603057604,-0.010534621479728631,0.22535524561375278,0.002806655714771067
1970-01-03 15:04:00,0.04580152077614886,-0.014540545976362895,0.22251448311134625,0.0003728630232395
1970-01-03 15:05:00,0.0517191629656776,-0.01799480890953144,0.21779712600318366,0.0
1970-01-03 15:06:00,0.05866096488293777,-0.020852582569481415,0.2111760395911604,0.0
1970-01-03 15:07:00,0.06657550871764037,-0.023071949987429008,0.2026499073505684,0.0
1970-01-03 15:08:00,0.07539989587283194,-0.024615272207471766,0.1922432290999019,0.0
1970-01-03 15:09:00,0.08506081220753192,-0.025450445230065455,0.18000588264354886,0.0
1970-01-03 15:10:00,0.09547573033455346,-0.025552016153894037,0.1660122478578194,0.0
1970-01-03 15:11:00,0.10655423294181533,-0.024902127566157534,0.15035989978248254,0.0
1970-01-03 15:12:00,0.11819943847317872,-0.023491261479380094,0.13316788699101786,0.0
1970-01-03 15:13:00,0.13030950805520822,-0.021318758800893994,0.11457462264113176,0.0
1970-01-03 15:14:00,0.14277920969650112,-0.018393096787592805,0.09473542753096265,0.0
1970-01-03 15:15:00,0.15550151193280481,-0.014731914691575856,0.07381977703320657,0.0
1970-01-03 15:16:00,0.16836917469651114,-0.010361786609631737,0.05200831638638962,0.0
1970-01-03 15:17:00,0.18127630209043769,-0.005317750647283996,0.029489719751260208,0.0
1970-01-03 15:18:00,0.19411982194408076,0.00035738467080615827,0.006457475491577602,0.0
1970-01-03 15:19:00,0.20680086088522823,0.006613923056575904,-0.016893317901164995,0.0
1970-01-03 15:20:00,0.2192259896524287,0.013396307714344469,-0.04036906391853856,0.0
1970-01-03 15:21:00,0.23130831965764895,0.02064424330166556,-0.06378061449405618,0.0
1970-01-03 15:22:00,0.24296843747785757,0.028293863659578422,-0.08694598842679557,0.0
1970-01-03 15:23:00,0.2541351689277466,0.036278901836728744,-0.10969281284774979,0.0
1970-01-03 15:24:00,0.2647461687775709,0.044531825931387166,-0.13186045251638434,0.0
1970-01-03 15:25:00,0.27474833610970484,0.052984910598760614,-0.15330180401813578,0.0
1970-01-03 15:26:00,0.2840980587784961,0.06157121894093966,-0.17388474191913295,0.0
1970-01-03 15:27:00,0.29276129349711955,0.07022547352098146,-0.19349321191561528,0.0
1970-01-03 15:28:00,0.30071349083696675,0.07888479961256753,-0.21202797303343454,0.0
1970-01-03 15:29:00,0.3079393769401436,0.08748932911857216,-0.22940699771466852,0.0012591044480246333
1970-01-03 15:30:00,0.3144326058488296,0.0959826595017043,-0.2455655451211383,0.007616883977964734
1970-01-03 15:31:00,0.32019529780017103,0.10431216784767079,-0.2604559288070769,0.013162102711906034
1970-01-03 15:32:00,0.3252374795804681,0.1124291853275949,-0.27404700480289584,0.017882674375047966
1970-01-03 15:33:00,0.32957644327771285,0.12028904154811483,-0.2863234099903403,0.021781937416567063
1970-01-03 15:34:00,0.33323603972369226,0.127850991391427,-0.2972845834017945,0.02487669346677353
1970-01-03 15:35:00,0.3362459226146733,0.13507803904823823,-0.3069436048161615,0.027195346309131965
1970-01-03 15:36:00,0.3386407586877867,0.14193667538335467,-0.3153258858957036,0.03554582077895176
1970-01-03 15:37:00,0.3404594184370994,0.14839654574936997,-0.3224677492054819,0.0428782255054555
1970-01-03 15:38:00,0.3417441608141496,0.15443006579540453,-0.3284149298018405,0.04907510689164574
1970-01-03 15:39:00,0.3425398242610431,0.1600120027292004,-0.3332210327619135,0.05415431586781397
1970-01-03 15:40:00,0.34289303525901244,0.1651190392073166,-0.336945978258733,0.0581468179040018
1970-01-03 15:41:00,0.3428514443716439,0.1697293368112541,-0.3396544637320997,0.06109363113570913
1970-01-03 15:42:00,0.34246299864663926,0.1738221158662674,-0.34141447040842393,0.06304297661310691
1970-01-03 15:43:00,0.341775258299367,0.17737726799276823,-0.3422958388919965,0.0640476847140382
1970-01-03 15:44:00,0.34083476478095426,0.180375017052845,-0.3423689357855821,0.06416289075044906
1970-01-03 15:45:00,0.3396864664914272,0.18279564278970092,-0.34170343021776906,0.06344404458532243
1970-01-03 15:46:00,0.33837320743106,0.18461927923173208,-0.34036719566591805,0.06194525258455106
1970-01-03 15:47:00,0.33693528301123576,0.18582579698745794,-0.3384253486987641,0.0597179647374691
1970-01-03 15:48:00,0.3354100661448389,0.18639477542458535,-0.33593943259540954,0.0568100148359216
1970-01-03 15:49:00,0.3338317055870117,0.18630556792068573,-0.332966750505634,0.053265016933318164
1970-01-03 15:50:00,0.3322308972218082,0.18553746098554366,-0.3295598498363104,0.04912211677575287
1970-01-03 15:51:00,0.33063472762089574,0.18406992587554227,-0.32576615666899256,0.04441609248265774
1970-01-03 15:52:00,0.3290665878610136,0.18188295932671614,-0.32162775620788975,0.0391777945259326
1970-01-03 15:53:00,0.3275461543208163,0.17895750843371086,-0.3171813126963691,0.034652343382452204
1970-01-03 15:54:00,0.326089431940696,0.17527597343616544,-0.31245812005932394,0.0303611876983749
1970-01-03 15:55:00,0.3247088542119196,0.17082278082700567,-0.3074842727258139,0.02537825164640797
1970-01-03 15:56:00,0.32341343297614394,0.165585017530908,-0.30228094458702354,0.019709527951435133
1970-01-03 15:57:00,0.3222089499343937,0.15955311506671055,-0.2968647627314657,0.013367738161345566
1970-01-03 15:58:00,0.32109818066296225,0.15272157077326273,-0.2912482613220844,0.006374232117812967
1970-01-03 15:59:00,0.32008114124643455,0.1450896913686201,-0.2854403996853445,0.0
1970-01-03 16:00:00,0.016612887986906365,0.2619055630126574,-0.1838737618380909,0.0
1970-01-03 16:01:00,0.015747152739255567,0.2526608097614328,-0.17769268981704547,0.0
1970-01-03 16:02:00,0.31755663748754004,0.11747289305505665,-0.2669166824915117,0.0
1970-01-03 16:03:00,0.31686859496196795,0.10675479669672995,-0.2603817541062185,0.0
1970-01-03 16:04:00,0.31624202801863677,0.09533049497888997,-0.25366708256142917,0.0
1970-01-03 16:05:00,0.3156657295025214,0.08324285352896964,-0.2467724629696766,0.0
1970-01-03 16:06:00,0.31512739862241035,0.0705439032433211,-0.23969807747447977,0.0
1970-01-03 16:07:00,0.31461380597916716,0.05729510346479085,-0.23244490088074102,0.0
1970-01-03 16:08:00,0.3141109328340978,0.043567448428356435,-0.22501501695485135,0.0
1970-01-03 16:09:00,0.3136040845041364,0.029441395958523926,-0.21741183296787478,0.0009209537566338333
1970-01-03 16:10:00,0.3130779784460709,0.015006600898012784,-0.2096401834038728,0.0031774391317117
1970-01-03 16:11:00,0.3125168081112516,0.0003614404290226784,-0.20170631764891142,0.005565817215273167
1970-01-03 16:12:00,0.31190428406363385,-0.014387675961565769,-0.19361777081411322,0.008048395768766467
1970-01-03 16:13:00,0.31122365429547455,-0.029127212922468854,-0.18538312153027317,0.0105834465277629
1970-01-03 16:14:00,0.31045770630013625,-0.04373762643709359,-0.17701164556153834,0.013125317534528868
1970-01-03 16:15:00,0.3095887543177891,-0.058094678622117944,-0.16851287959314484,0.015624636859149768
1970-01-03 16:16:00,0.30859861618243895,-0.0720709280811213,-0.15989611578839885,0.018028616536772134
1970-01-03 16:17:00,0.3074685852541546,-0.08553736355330398,-0.15116985448799058,0.020281463292280734
1970-01-03 16:18:00,0.3061794039498927,-0.09836513863359979,-0.1423412485592869,0.0223249004774546
1970-01-03 16:19:00,0.3047112463906127,-0.11042735866399746,-0.1334155763686374,0.024098803694956466
1970-01-03 16:20:00,0.3030437186571868,-0.1216008700784255,-0.12439577958167163,0.025541950880489633
1970-01-03 16:21:00,0.3011558859376629,-0.1317680073113936,-0.11528209723283844,0.026592886186323366
1970-01-03 16:22:00,0.29902633609408974,-0.1408182599656006,-0.10607182045125245,0.027190895868863866
1970-01-03 16:23:00,0.2966332884910393,-0.1486498303012353,-0.09675918454652295,0.027277093535205934
1970-01-03 16:24:00,0.2939547551944817,-0.15517105716110066,-0.08733540772252368,0.02679561154955527
1970-01-03 16:25:00,0.29096875915365356,-0.16030168760437455,-0.07778887889929682,0.025694895138183533
1970-01-03 16:26:00,0.2876536112067475,-0.16397398239573147,-0.06810549118575367,0.02392909575586613
1970-01-03 16:27:00,0.28398824507948817,-0.1661336462034897,-0.0582691124408146,0.021459560571568965
1970-01-03 16:28:00,0.27995260713455394,-0.16674057765718567,-0.04826217991188605,0.018256415448481
1970-01-03 16:29:00,0.27552809549999796,-0.16576943801177832,-0.03806640198204714,0.014300239410428866
1970-01-03 16:30:00,0.27069804126349845,-0.1632100399768768,-0.027663546528306753,0.009583829031634267
1970-01-03 16:31:00,0.26544822246892563,-0.15906756060326013,-0.017036292322824182,0.004114050920078467
1970-01-03 16:32:00,0.2597673995080201,-0.15336258458693505,-0.006169117366205364,0.0
1970-01-03 16:33:00,0.25364785811724005,-0.14613098734114113,0.0049508039248984765,0.0010516952607219335
1970-01-03 16:34:00,0.24708594369984369,-0.13742367022372687,0.016332724141052506,0.0034376355715455
1970-01-03 16:35:00,0.24008256838656603,-0.1273061620341803,0.02798149719856502,0.0052770342174865
1970-01-03 16:36:00,0.23264367044628864,-0.115858100070429,0.03989683407062672,0.0066378246631073334
1970-01-03 16:37:00,0.22478060456071125,-0.10317260074622175,0.05207267002793747,0.007592835086437367
1970-01-03 16:38:00,0.216510441232185,-0.08935552563199721,0.06449667231612106,0.008216857418837901
1970-01-03 16:39:00,0.20785615445841232,-0.07452464595726631,0.07714991519374703,0.008583868479181
1970-01-03 16:40:00,0.1988466790594551,-0.058808708293843326,0.09000674632410284,0.00876448280726
1970-01-03 16:41:00,0.18951682271975975,-0.04234640548353787,0.10303486444638969,0.008823719447829833
1970-01-03 16:42:00,0.17990702257851612,-0.025285257566742367,0.1161956226939929,0.008819159548154201
1970-01-03 16:43:00,0.17006294154034296,-0.007780405846694234,0.12944456461515452,0.0087995574945309
1970-01-03 16:44:00,0.16003490512248666,0.010006680167819207,0.1427321910426168,0.0088039464420928
1970-01-03 16:45:00,0.14987718589196028,0.027909586172132777,0.15600494608097806,0.008861251844750366
1970-01-03 16:46:00,0.13964714989888596,0.0457584305056448,0.16920640037287105,0.008990397073706333
1970-01-03 16:47:00,0.12940428811202223,0.06338143647397593,0.18227859988394535,0.0092008567367448
1970-01-03 16:48:00,0.11920916499932832,0.08060659518075355,0.19516353892634997,0.009493588959198933
1970-01-03 16:49:00,0.10912232431798917,0.0972634086202871,0.2078047078732814,0.0098622601442295
1970-01-03 16:50:00,0.09920319648892305,0.1131846976731856,0.22014866087406926,0.010294666086229967
1970-01-03 16:51:00,0.08950905100354174,0.12820845592683747,0.23214654854361536,0.0107742519773998
1970-01-03 16:52:00,0.08009403161345463,0.14217972831931522,0.2437555649807688,0.011281639884950068
1970-01-03 16:53:00,0.07100830373288453,0.1549524939501743,0.2549402657752965,0.011796084093381433
1970-01-03 16:54:00,0.06229733466235111,0.16639153469668896,0.26567372183602705,0.0122967904451104
1970-01-03 16:55:00,0.054001318978210595,0.17637427367776704,0.2759384816097578,0.0127640534591146
1970-01-03 16:56:00,0.046154754018288564,0.18479256749375617,0.285727321051279,0.013180182543383467
1970-01-03 16:57:00,0.038786164065194896,0.19155443192723923,0.2950437664801889,0.013530204394988666
1970-01-03 16:58:00,0.031917966903769905,0.19658567302961796,0.3039023802209016,0.013802341790853467
1970-01-03 16:59:00,0.025566472947986068,0.19983138643006662,0.31232880255499124,0.013988279284230935
1970-01-03 17:00:00,0.019742004758774932,0.20125727960890935,0.3203595461478573,0.014083234152704701
1970-01-03 17:01:00,0.014449123145754602,0.20085076718884667,0.32804154177685735,0.014085856649771732
1970-01-03 17:02:00,0.0096869450625362,0.19862179086172582,0.3354314386160184,0.021078492444370933
1970-01-03 17:03:00,0.005449538288119601,0.19460332452302917,0.3425946693355722,0.027340894336226235
1970-01-03 17:04:00,0.0017263785081359998,0.1888515382894207,0.3496042984147234,0.0328246973117892
1970-01-03 17:05:00,-0.0014971444277038007,0.18144560662873296,0.35653967876136394,0.037521826789707634
1970-01-03 17:06:00,-0.004239183205145399,0.17248715315370985,0.3634849458356751,0.04143875162191474
1970-01-03 17:07:00,-0.006520864240690199,0.162099329932105,0.37052738104478466,0.044594000177973436
1970-01-03 17:08:00,-0.0083657047596052,0.15042553568235045,0.3777556787528488,0.04701581874618427
1970-01-03 17:09:00,-0.0097990271522733,0.13762778564109437,0.385258154280101,0.04874000090535036
1970-01-03 17:10:00,-0.010847381968875034,0.12388475490968086,0.39312093321777986,0.04980791214386687
1970-01-03 17:11:00,-0.011537990742273935,0.10938952510880035,0.401426164469298,0.05026473003800493
1970-01-03 17:12:00,-0.011898219438712533,0.09434706992138904,0.410250299903743,0.05015791622340823
1970-01-03 17:13:00,-0.011955092578670869,0.0789715184435349,0.4196624819336418,0.049535931860742004
1970-01-03 17:14:00,-0.011734856849102035,0.0634832374589136,0.4297230768186691,0.04844720302370403
1970-01-03 17:15:00,-0.011262601456903866,0.04810577603292445,0.4404823866280901,0.0469393363405188
1970-01-03 17:16:00,-0.01056194079309323,0.03306271834376671,0.4519795671765337,0.04505857853579506
1970-01-03 17:17:00,-0.009654763316111899,0.01857449333135656,0.46424177315471254,0.04284950661965307
1970-01-03 17:18:00,-0.008561048874891368,0.004855192821924814,0.4772835450474389,0.040354928589974665
1970-01-03 17:19:00,-0.007298754889412634,-0.007890546850861843,0.4911064452278742,0.03761596776418676
1970-01-03 17:20:00,-0.005883769923766866,-0.019470542265107842,0.5056989432725819,0.034672297430113797
1970-01-03 17:21:00,-0.004329931496312302,-0.029707882164332455,0.5210365440653258,0.0315624867484026
1970-01-03 17:22:00,-0.0026491038645291335,-0.038443515328802136,0.537082147605581,0.028324414136988236
1970-01-03 17:23:00,-0.0008513111271824346,-0.04553856073244722,0.553786626445915,0.024995700997868464
1970-01-03 17:24:00,0.0010550790427757333,-0.05087630092884501,0.5710896038581098,0.021614116812778934
1970-01-03 17:25:00,-0.0014219021159963664,-0.1892224382626664,0.3753164989737774,0.011790140536414466
1970-01-03 17:26:00,0.0007249989255473996,-0.19081556701283645,0.3935830899742543,0.008397484031949233
1970-01-03 17:27:00,0.007361908171443533,-0.05554277797595011,0.6258381961722005,0.011538018310138532
1970-01-03 17:28:00,0.009643303964098566,-0.053176716288818295,0.6447430042180708,0.0083341689095694
1970-01-03 17:29:00,0.012006994183578569,-0.04884586503868612,0.6638140605989451,0.006750048701666733
1970-01-03 17:30:00,0.014448546268593732,-0.04258685137590853,0.6829480793551551,0.006924686945491667
1970-01-03 17:31:00,0.016962967652436933,-0.03446126816348083,0.7020395533018945,0.007132762139030466
1970-01-03 17:32:00,0.019544346759270966,-0.024554353255867967,0.7209822615526198,0.0073715568898511325
1970-01-03 17:33:00,0.022185512892404963,-0.012973281162774075,0.7396707674374974,0.0076379672703782665
1970-01-03 17:34:00,0.024877727257857165,0.00015488996211354689,0.7580018855377554,0.007928499652000967
1970-01-03 17:35:00,0.027610417711548235,0.014685561841753514,0.7758760944014496,0.008239279762402367
1970-01-03 17:36:00,0.030370969616316936,0.030459166652630265,0.7931988690951601,0.0085660732132325
1970-01-03 17:37:00,0.033144584331948,0.04730389715305935,0.8098819066355043,0.008904315807474167
1970-01-03 17:38:00,0.035914215173976395,0.06503853264541475,0.8258442187651113,0.0092491513276737
1970-01-03 17:39:00,0.03866058806548573,0.0834753076759039,0.841013070402972,0.009595474247090332
1970-01-03 17:40:00,0.041362310708360266,0.10242278351478779,0.8553247474055389,0.009937974927027334
1970-01-03 17:41:00,0.043996070281805764,0.12168869311243448,0.8687251431624482,0.010271185368899234
1970-01-03 17:42:00,0.046536915879815434,0.14108273481900135,0.8811701596369294,0.010589524414164934
1970-01-03 17:43:00,0.04895861853133967,0.16041928782863443,0.892625924597768,0.010887342310091766
1970-01-03 17:44:00,0.0512340989335548,0.17952001525817796,0.903068832860724,0.011158965628529935
1970-01-03 17:45:00,0.053335910924006434,0.19821631276280094,0.9124854250263237,0.0113987444452704
1970-01-03 17:46:00,0.05523676710356914,0.2163515548497185,0.9208721217557092,0.016812200502321267
1970-01-03 17:47:00,0.056910091949897525,0.23378308953355184,0.9282348343763402,0.022282552708618602
1970-01-03 17:48:00,0.05833058730085491,0.25038393568749123,0.9345884734555039,0.027162098076890268
1970-01-03 17:49:00,0.059474795065511794,0.26604414636211726,0.9399563763706608,0.031427985088705465
1970-01-03 17:50:00,0.060321642110387264,0.28067181394158097,0.9443696733441417,0.03506684256154167
1970-01-03 17:51:00,0.06085295227607584,0.2941937063590648,0.9478666092237247,0.0380745984045967
1970-01-03 17:52:00,0.06105391049914053,0.3065555347101033,0.95049183575774,0.04045618279090493
1970-01-03 17:53:00,0.060913464416515566,0.31772186028878807,0.9522956865458893,0.042225117412683734
1970-01-03 17:54:00,0.06042465001930406,0.3276756545031048,0.9533334445090939,0.0434029922569941
1970-01-03 17:55:00,0.05958483000056264,0.3364175303739951,0.9536646097164111,0.04401883105091
1970-01-03 17:56:00,0.0583958361957804,0.34396467034317113,0.9533521737026348,0.04410834695066134
1970-01-03 17:57:00,0.05686401072665329,0.3503494812246975,0.9524619050091815,0.043713091968025336
1970-01-03 17:58:00,0.05500014400985903,0.35561801231192,0.9510616496431865,0.04287950728893847
1970-01-03 17:59:00,0.052819311509375105,0.3598281769075915,0.9492206493958323,0.04165788672922047
1970-01-03 18:00:00,0.05034061474478177,0.3630478216419952,0.9470088802523522,0.040101271514011834
1970-01-03 18:01:00,0.04758683542195883,0.36535269203577375,0.9444964123232952,0.03826430073134703
1970-01-03 18:02:00,0.044584014488125524,0.3668243458840426,0.9417527919174704,0.0362020474810207
1970-01-03 18:03:00,0.04136097029213594,0.367548066908525,0.938846445747754,0.03396887508474277
1970-01-03 18:04:00,0.03794877173866917,0.3676108291954656,0.9358441069570004,0.031617349944646565
1970-01-03 18:05:00,0.03438018331853973,0.3670993586200784,0.9328102626932041,0.02919724715231753
1970-01-03 18:06:00,0.0306890992281173,0.36609833170866496,0.9298066231364727,0.026754681471335796
1970-01-03 18:07:00,0.02690998354303113,0.3646887463124931,0.9268916118235321,0.024331390012968235
1970-01-03 18:08:00,0.02307733254718063,0.362946492693619,0.9241198768007365,0.02196418460463773
1970-01-03 18:09:00,0.019225173669458934,0.36094114762340795,0.9215418221509442,0.019756708039308
1970-01-03 18:10:00,0.0153866129895806,0.3587350069429523,0.9192031603980353,0.018686752705787433
1970-01-03 18:11:00,0.011593440213352004,0.35638236408174534,0.9171444880399707,0.017777148870153834
1970-01-03 18:12:00,0.007875796934444401,0.3539290348397816,0.9154008882032643,0.017041873167100333
1970-01-03 18:13:00,0.0042619113442770975,0.3514121233857419,0.9140015655423103,0.016489727668978233
1970-01-03 18:14:00,0.0007779002615446659,0.3488600207061907,0.9129695190039357,0.016124384127260968
1970-01-03 18:15:00,-0.002552363088202001,0.346292623769688,0.9123212581856497,0.015944469892413732
1970-01-03 18:16:00,-0.005707320096292598,0.34372176055660186,0.9120665688757829,0.015943686654939167
1970-01-03 18:17:00,-0.008667744445435733,0.3411518022843609,0.9122083330628789,0.016110956086349635
1970-01-03 18:18:00,-0.011416717076281101,0.3385804395394895,0.9127424085035466,0.016430589609767766
1970-01-03 18:19:00,-0.013939570524293433,0.3359995939220135,0.9136575732047976,0.016882482607098768
1970-01-03 18:20:00,-0.0162238144952418,0.3333964317423829,0.9149355410361971,0.017442336112451134
1970-01-03 18:21:00,-0.01825905310266757,0.3307544419918167,0.9165510559166523,0.018081911244188467
1970-01-03 18:22:00,-0.020036902132233334,0.32805453815088154,0.9184720732291055,0.018769323168765766
1970-01-03 18:23:00,-0.021550912353854267,0.32527614345243555,0.9206600378581582,0.019469382236311367
1970-01-03 18:24:00,-0.02279650237217733,0.32239822268365037,0.9230702680127804,0.020143990120413967
1970-01-03 18:25:00,-0.023770902027467098,0.3194002301545577,0.9256524522894612,0.020752598421076202
1970-01-03 18:26:00,-0.024473105353816065,0.3162629515782623,0.9283512639785773,0.021252736364319198
1970-01-03 18:27:00,-0.024903830843709868,0.3129692254043894,0.9311070917907722,0.0216006130672473
1970-01-03 18:28:00,-0.025065486196981665,0.3095045353626331,0.9338568811134814,0.021751798428880198
1970-01-03 18:29:00,-0.024962134640002496,0.30585747086119136,0.936535075568326,0.021661985134710297
1970-01-03 18:30:00,-0.0245994601411635,0.30202005684300787,0.9390746448791091,0.021287832591173002
1970-01-03 18:31:00,-0.023984729316622235,0.29798796041851855,0.9414081812251487,0.0205878918696903
1970-01-03 18:32:00,-0.023126748365982833,0.29376058714725045,0.943469042378006,0.019523608929899034
1970-01-03 18:33:00,-0.022035813828328903,0.2893410836643125,0.9451925167238588,0.0180604014534024
1970-01-03 18:34:00,-0.020723656202540432,0.2847362641739202,0.9465169834478683,0.016168802453154964
1970-01-03 18:35:00,-0.019203375547642534,0.27995647593026074,0.947385040936752,0.013825661273721966
1970-01-03 18:36:00,-0.017489368172355566,0.27501541474011665,0.9477445775522515,0.0110153894281002
1970-01-03 18:37:00,-0.015597243577192934,0.2699298980833471,0.9475497607809213,0.007731234587967866
1970-01-03 18:38:00,-0.0135437310358964,0.2647196014922022,0.9467619230261919,0.003976560491029633
1970-01-03 18:39:00,-0.011346575587430067,0.2594067622635658,0.9453503249858213,0.0
1970-01-03 18:40:00,-0.0090244236259674,0.25401585227568607,0.9432927806587319,0.0
1970-01-03 18:41:00,-0.006596698561223399,0.24857321912345506,0.9405761312454678,0.0
1970-01-03 18:42:00,-0.004083467022836233,0.2431066938668204,0.937196558062606,0.0
1970-01-03 18:43:00,-0.0015052957230092332,0.23764516609643763,0.9331597268201842,0.0
1970-01-03 18:44:00,0.0011169014529982665,0.23221813268392055,0.9284807574367369,0.0
1970-01-03 18:45:00,0.0037620268452001997,0.22685523384964493,0.9231840155455634,0.0
1970-01-03 18:46:00,0.006408973293277667,0.2215857974222879,0.9173027244286255,0.0
1970-01-03 18:47:00,0.009036808793431867,0.2164384184925878,0.9108783994379706,0.0022961673645280002
1970-01-03 18:48:00,0.011624969984728867,0.2114406060630943,0.9039601110341845,0.004790693371440333
1970-01-03 18:49:00,0.014153461979137,0.20661852891518206,0.8966035874187989,0.007280732389555834
1970-01-03 18:50:00,0.0166030612745719,0.20199688768379342,0.8888701733384164,0.009740553134030999
1970-01-03 18:51:00,0.0189555177357659,0.1975989280381382,0.8808256678142263,0.012144547535897866
1970-01-03 18:52:00,0.021193750854493668,0.1934465920741122,0.8725390699587477,0.014467674422934099
1970-01-03 18:53:00,0.023302034887995867,0.18956078516021693,0.8640812681115372,0.016685909468237965
1970-01-03 18:54:00,0.025266167262628102,0.18596171836357955,0.8555237123029998,0.018776684211162367
1970-01-03 18:55:00,0.027073614967703368,0.18266927611846126,0.8469371122328465,0.020719297984077033
1970-01-03 18:56:00,0.028713634612197333,0.17970335670141022,0.8383902014916811,0.022495288709219633
1970-01-03 18:57:00,0.030177363300185372,0.1770841386700769,0.8299486037824405,0.024088751305613432
1970-01-03 18:58:00,0.031457879214009096,0.17483223724074493,0.8216738297152419,0.025486595434031534
1970-01-03 18:59:00,0.0325502323898235,0.17296872784107986,0.8136224248373679,0.026678737192525667
1970-01-03 19:00:00,0.03345144736887333,0.17151502792122594,0.8058452818010574,0.027658222010923966
1970-01-03 19:01:00,0.034160500180005195,0.1704926413506651,0.7983871223565443,0.028421278344189563
1970-01-03 19:02:00,0.0346782725581853,0.16992278089133106,0.791286148479947,0.02896730380494743
1970-01-03 19:03:00,0.03500748652089,0.16982589160082492,0.7845738566725934,0.029298787075351437
1970-01-03 19:04:00,0.03515262244114484,0.17022110084139785,0.7782750053816857,0.0294211703096972
1970-01-03 19:05:00,0.0351198235531608,0.17112561983308827,0.772407722454559,0.0293426578200008
1970-01-03 19:06:00,0.0349167893154623,0.17255411931570594,0.766983737357176,0.029073977638724397
1970-01-03 19:07:00,0.03455265916372723,0.1745180993374209,0.7620087214098411,0.028628103067209736
1970-01-03 19:08:00,0.034037887058231464,0.177025270896864,0.7574827183592348,0.0284283093362603
1970-01-03 19:09:00,0.0333841062483504,0.18007896506036883,0.7534006470746141,0.028279693555530238
1970-01-03 19:10:00,0.03260398317292397,0.18367758342355608,0.7497528580295838,0.027852673852709498
1970-01-03 19:11:00,0.03171105947544547,0.1878141027483402,0.7465257256264147,0.027145371944156668
1970-01-03 19:12:00,0.03071958163759503,0.19247564621160654,0.7437022593497752,0.02783792921070093
1970-01-03 19:13:00,0.029644318552866866,0.19764313335161746,0.741262717994663,0.029348863723504065
1970-01-03 19:14:00,0.028500368265111233,0.2032910200959348,0.739185212572317,0.0301784299011691
1970-01-03 19:15:00,0.027302955904245963,0.20938713953975943,0.7374462849756612,0.0303649733669763
1970-01-03 19:16:00,0.026067225514619496,0.2158926540288767,0.7360214512923416,0.029960278484952734
1970-01-03 19:17:00,0.024808029060847826,0.2227621295788175,0.7348857008718773,0.029340621765866767
1970-01-03 19:18:00,0.023539716454318866,0.22994374384195515,0.7340139446192652,0.028796937525727196
1970-01-03 19:19:00,0.02227593088832797,0.23737963750410107,0.733381407938833,0.0279440570579938
1970-01-03 19:20:00,0.021029413972604966,0.24500641546563437,0.7329639648098832,0.02682638127970283
1970-01-03 19:21:00,0.0198118250978164,0.2527557988952604,0.7327384097979022,0.02548789393864223
1970-01-03 19:22:00,0.01863357924264857,0.26055542369044427,0.7326826652382651,0.02397123558385363
1970-01-03 19:23:00,0.017503707151155595,0.2683297765601748,0.732775922168221,0.02231693715596747
1970-01-03 19:24:00,0.0164297414344305,0.2760012575462929,0.7329987159231854,0.020562816832415266
1970-01-03 19:25:00,0.015417631637450302,0.2834913567835491,0.7333329401841343,0.0187435398741015
1970-01-03 19:26:00,0.014471690680503996,0.29072193198658475,0.7337618060584151,0.016890337172381465
1970-01-03 19:27:00,0.013594574347849803,0.297616569525527,0.7342697550024081,0.015030873960932367
1970-01-03 19:28:00,0.012787294577318567,0.3041020051465192,0.734842335866115,0.013189255731239899
1970-01-03 19:29:00,0.012049266185805763,0.3101095715195273,0.7354660572536783,0.011386153941106899
1970-01-03 19:30:00,0.011378385524471568,0.3155766311599696,0.7361282269987236,0.009639029957484767
1970-01-03 19:31:00,0.010771138615815265,0.32044794704755913,0.7368167907749856,0.0079624321713076
1970-01-03 19:32:00,0.010222735647562764,0.32467694070412284,0.7375201814361737,0.006368338702565534
1970-01-03 19:33:00,0.009727268215869833,0.32822678850204595,0.7382271895215943,0.005014359504920033
1970-01-03 19:34:00,0.00927788533491893,0.33107131026583625,0.7389268636090839,0.004654526603268466
1970-01-03 19:35:00,0.008866983904400336,0.33319560853575897,0.7396084470161125,0.0043296946724578666
1970-01-03 19:36:00,0.008486409024435204,0.33459642236359816,0.7402613549312077,0.004037358964274733
1970-01-03 19:37:00,0.008127659256274003,0.33528216767607094,0.7408751936099653,0.003775856035313
1970-01-03 19:38:00,0.007782091678302933,0.33527264810182067,0.7414398209117962,0.0035443003391698665
1970-01-03 19:39:00,0.007441121536217232,0.33459843514767534,0.7419454451824464,0.003342436847760567
1970-01-03 19:40:00,0.007096411633755739,0.3332999332247641,0.7423827572710907,0.003170421755735267
1970-01-03 19:41:00,0.0067400473632114,0.3314261618667067,0.7427430883266294,0.0030285505018308
1970-01-03 19:42:00,0.006364694195302001,0.329033303149654,0.7430185841037339,0.0029169580071222666
1970-01-03 19:43:00,0.005963735281796366,0.32618307489316417,0.7432023851843454,0.002835319346952333
1970-01-03 19:44:00,-0.023212414338716934,0.04513465814180267,0.7356612747135766,0.0027825795458552662
1970-01-03 19:45:00,-0.023705200947472627,0.0416698077613745,0.7357166153065172,0.002934838051491634
1970-01-03 19:46:00,0.0045540979527682645,0.3155518069487466,0.7431535116227187,0.0032478383198011
1970-01-03 19:47:00,0.004002481098717804,0.31153903300094643,0.7429275870293454,0.0035024119912491335
1970-01-03 19:48:00,0.0034061934961540363,0.3073999294330582,0.7425960171687404,0.0036901057962369665
1970-01-03 19:49:00,0.0027645483236214685,0.3031939290284795,0.742160784237134,0.0038024147902001003
1970-01-03 19:50:00,0.002077898233344163,0.29897516261419216,0.741625522754187,0.0038310431968937336
1970-01-03 19:51:00,0.0013475891500729642,0.29479159299019364,0.740995461227092,0.0037682619370002
1970-01-03 19:52:00,0.000575893853876098,0.2906844088956648,0.7402773197441085,0.003607324689692566
1970-01-03 19:53:00,-0.0002340726171763674,0.2866876868626796,0.7394791642909896,0.0033429003630251
1970-01-03 19:54:00,-0.001078453253609904,0.2828283200226815,0.738610219725698,0.002971479624034134
1970-01-03 19:55:00,-0.0019527621484436986,0.2791262049804565,0.7376806447858265,0.0028534652868393334
1970-01-03 19:56:00,-0.002852007214508632,0.2755946709076469,0.7367012742540019,0.0027545173077030334
1970-01-03 19:57:00,-0.0037708195121073005,0.2722411287320525,0.7356833352808304,0.0026137532228848333
1970-01-03 19:58:00,-0.004703586657176202,0.2690679124230418,0.7346381465950671,0.002428762309631733
1970-01-03 19:59:00,-0.005644588389163198,0.2660732789266322,0.733576810665251,0.002198275368036267
1970-01-03 20:00:00,-0.0065881326852665345,0.2632525286131992,0.7325099095544633,0.0019220093126566667
1970-01-03 20:01:00,-0.007528690662166567,0.2605992048614385,0.7314472149566132,0.0016004288420885333
1970-01-03 20:02:00,-0.008461028056898698,0.2581063305845857,0.7303974216182474,0.001234440016596
1970-01-03 20:03:00,-0.0093803305636418,0.25576764144092445,0.7293679113286483,0.0008250345724253666
1970-01-03 20:04:00,-0.01028231993325907,0.2535787791261501,0.7283645524677512,0.00037290658009953335
1970-01-03 20:05:00,-0.011163357653137066,0.2515384120851336,0.7273915380953961,0.0
1970-01-03 20:06:00,-0.012020533227085664,0.24964925458900358,0.7264512636606764,0.0
1970-01-03 20:07:00,-0.012851734494387904,0.24791895808209588,0.725544243472623,0.0
1970-01-03 20:08:00,-0.04350929737824157,-0.03802583984273977,0.7243301634105146,0.0
1970-01-03 20:09:00,-0.04430916303314907,-0.039497114307312974,0.7236285376598278,0.0
1970-01-03 20:10:00,-0.045077880390513865,-0.04071985378901063,0.7229253970996282,0.0
1970-01-03 20:11:00,-0.0458163114525696,-0.04166292247587766,0.7222138620616477,0.0
1970-01-03 20:12:00,-0.04652605703162,-0.042288871719559105,0.7214852207610027,0.0
1970-01-03 20:13:00,-0.04720939435451091,-0.042554265493654264,0.720728986085847,0.0
1970-01-03 20:14:00,-0.04786919573850901,-0.04241028718622943,0.7199329840816021,0.0
1970-01-03 20:15:00,-0.04850883091503156,-0.04180362540347923,0.719083474979502,0.0
1970-01-03 20:16:00,-0.04913205627939384,-0.0406776200822092,0.7181653066662309,0.0
1970-01-03 20:17:00,-0.04974289481617713,-0.038973634266165035,0.7171620993692956,0.0
1970-01-03 20:18:00,-0.05034551073538553,-0.03663260317810543,0.716056459496112,0.0
1970-01-03 20:19:00,-0.0509440829183801,-0.0335967011969061,0.7148302201675788,0.0
1970-01-03 20:20:00,-0.0515426811213919,-0.029811059566468828,0.7134647057831288,0.0
1970-01-03 20:21:00,-0.05214514860496744,-0.025225464607414667,0.711941017539353,0.0
1970-01-03 20:22:00,-0.023187472988370362,0.2641157403330401,0.7107406110458583,0.0
1970-01-03 20:23:00,-0.023906508551188737,0.270320854306693,0.7090389178041768,0.0
1970-01-03 20:24:00,-0.02465266414661103,0.27743663568365096,0.7071495806343483,0.0
1970-01-03 20:25:00,-0.025428139582871795,0.28548199692934323,0.7050559054985444,0.0
1970-01-03 20:26:00,-0.02623429033745373,0.29446481517523454,0.7027423240867144,0.0
1970-01-03 20:27:00,-0.027071565670300567,0.30438144900918307,0.7001946274235767,0.0
1970-01-03 20:28:00,-0.027939461958920737,0.3152165636634851,0.6974001748426435,0.0
1970-01-03 20:29:00,-0.028836488325375432,0.32694326397137274,0.6943480744093633,0.0
1970-01-03 20:30:00,-0.0297601412779199,0.33952351982334456,0.6910293321296889,0.0
1970-01-03 20:31:00,-0.030706885740060235,0.3529088543315893,0.6874369685997817,0.0
1970-01-03 20:32:00,-0.031672141275578304,0.3670412515363765,0.6835661034470889,0.0
1970-01-03 20:33:00,-0.03265027389760276,0.3818542293110041,0.6794140102607714,0.0
1970-01-03 20:34:00,-0.03363459488592999,0.3972740153024887,0.6749801476698201,0.0
1970-01-03 20:35:00,-0.03461736833232917,0.41322076062782825,0.6702661752257288,0.0
1970-01-03 20:36:00,-0.03558982903731053,0.4296097290588666,0.6652759647863146,0.0
1970-01-03 20:37:00,-0.036542212345289704,0.4463524091305204,0.6600156182277641,0.0
1970-01-03 20:38:00,-0.03746379768129237,0.4633575117173338,0.6544935002111081,0.0
1970-01-03 20:39:00,-0.038342967776727764,0.4805318335731286,0.6487202909067178,0.0
1970-01-03 20:40:00,-0.039167285655685634,0.4977809857487682,0.6427090589068606,0.0
1970-01-03 20:41:00,-0.03992359141594074,0.5150100030944268,0.6364753496103605,0.0
1970-01-03 20:42:00,-0.040598120770682,0.5321238657454447,0.6300372793637775,0.0
1970-01-03 20:43:00,-0.04117664712876127,0.5490279737414276,0.6234156209855859,0.00016190222864866666
1970-01-03 20:44:00,-0.06768152115719663,0.28229772487485233,0.6089186289545832,0.0008714712683124999
1970-01-03 20:45:00,-0.06804455068931833,0.2984800350792804,0.601923531113059,0.0015850356314108
1970-01-03 20:46:00,-0.0683189291304778,0.3141814349510406,0.5949064194345532,0.0022949972479076666
1970-01-03 20:47:00,-0.0684951824477611,0.32931565342506947,0.5879082030280628,0.0029930169761944667
1970-01-03 20:48:00,-0.042122009443446136,0.6271847587320017,0.5884696751442379,0.0036701313353593667
1970-01-03 20:49:00,-0.041823882695129266,0.6409343779868267,0.581332149496888,0.004316903417208333
1970-01-03 20:50:00,-0.04133409072282981,0.6538717212533433,0.5742286268414287,0.004923606695420866
1970-01-03 20:51:00,-0.040642444801263194,0.6659283450232679,0.5671982404580708,0.005480437430545167
1970-01-03 20:52:00,-0.039740381082737336,0.6770428599152266,0.5602811220570125,0.0059777484704241005
1970-01-03 20:53:00,-0.03862117689415853,0.6871617681852161,0.5535179770817718,0.006406294945306133
1970-01-03 20:54:00,-0.03728013558368636,0.6962402118061634,0.5469496559663131,0.006757481040053966
1970-01-03 20:55:00,-0.03571473476987227,0.7042426073515898,0.5406167323820056,0.0070235968193088335
1970-01-03 20:56:00,-0.03392473476348496,0.7111431487477086,0.534559097421595,0.0071980348611570995
1970-01-03 20:57:00,-0.03191224579386726,0.7169261630141589,0.5288155769097495,0.007275477959540067
1970-01-03 20:58:00,-0.029681754462259968,0.7215863081929174,0.523423577141117,0.0072520510957808995
1970-01-03 20:59:00,-0.027240111505069897,0.7251286071866992,0.5184187620244153,0.007125433005767933
1970-01-03 21:00:00,-0.0245964843181752,0.7275683158379375,0.5138347621545895,0.006894924790334333
1970-01-03 21:01:00,-0.021762278555555903,0.7289306277247306,0.5097029143098899,0.006561474978382433
1970-01-03 21:02:00,-0.018751033294846498,0.729250221647764,0.5060520285788837,0.0061276621196802335
1970-01-03 21:03:00,-0.015578293749333191,0.7285706608068955,0.5029081796718086,0.005597637256658766
1970-01-03 21:04:00,-0.012261464543282335,0.7269436554612275,0.5002945186988454,0.0049770294773245
1970-01-03 21:05:00,-0.008819645532785905,0.7244282035635332,0.49823110161891737,0.004272818248773667
1970-01-03 21:06:00,-0.00527345132112166,0.7210896263953638,0.49673473065235035,0.0034931764876714668
1970-01-03 21:07:00,-0.0016448150494005702,0.7169985181906,0.4958188053319739,0.0026472884396118667
1970-01-03 21:08:00,0.0020432233016561365,0.7122296294083679,0.49549318073252446,0.0017451464594435667
1970-01-03 21:09:00,0.005766743973484506,0.7068607023911534,0.4957640318212249,0.0007973307611927333
1970-01-03 21:10:00,0.00950118949365624,0.7009712764853648,0.49663372454920274,0.0
1970-01-03 21:11:00,0.01322162067524433,0.694641478921417,0.4981006958115286,0.0
1970-01-03 21:12:00,0.016902984332315005,0.6879508188639019,0.5001593454597574,0.0
1970-01-03 21:13:00,0.02052038912144777,0.6809770048351206,0.5027999441921068,0.0
1970-01-03 21:14:00,0.02404938461012536,0.6737948092138378,0.5060085616422555,0.0
1970-01-03 21:15:00,0.0274662375622014,0.666475006572283,0.5097670196354979,0.0
1970-01-03 21:16:00,0.030748198551185327,0.659083414148164,0.5140528764598208,0.0
1970-01-03 21:17:00,0.033873751481570666,0.6516800619347786,0.5188394487790704,0.0
1970-01-03 21:18:00,0.03682283864684843,0.6443185166031968,0.5240958777543135,0.0
1970-01-03 21:19:00,0.039577054734783165,0.6370453785348467,0.5297872442255681,0.0
1970-01-03 21:20:00,0.0421198046106914,0.6298999656955134,0.5358747342344726,0.0
1970-01-03 21:21:00,0.04443642147070711,0.6229141922155191,0.5423158516292964,0.0
1970-01-03 21:22:00,0.046514243794502,0.6161126425302642,0.5490646705842392,0.0
1970-01-03 21:23:00,0.048342651366636534,0.6095128327823254,0.5560721187693934,0.0
1970-01-03 21:24:00,0.049913062532019326,0.603125640411441,0.5632862816080616,0.0
1970-01-03 21:25:00,0.0512188968381062,0.5969558731102528,0.5706527186421174,0.0
1970-01-03 21:26:00,0.05225550920398176,0.5910029426974105,0.5781147836372819,0.0
1970-01-03 21:27:00,0.05302010345662017,0.5852616091341832,0.5856139405518573,0.0
1970-01-03 21:28:00,0.05351163402901086,0.5797227637467524,0.5930900683689465,0.0
1970-01-03 21:29:00,0.053730704440478894,0.5743742267472411,0.6004817495865734,0.0
1970-01-03 21:30:00,0.0536794698650293,0.5692015405486234,0.6077265398444266,0.0
1970-01-03 21:31:00,0.053361548991329534,0.5641887450736544,0.614761219139285,0.0
1970-01-03 21:32:00,0.052781947903171166,0.5593191220772883,0.6215220276048113,0.0
1970-01-03 21:33:00,0.05194699614314083,0.5545758919069776,0.6279448905504804,0.0
1970-01-03 21:34:00,0.0508642927492095,0.5499428405440158,0.6339656386842624,0.0
1970-01-03 21:35:00,0.04954265834273786,0.5454048511039414,0.6395202307522608,0.0
1970-01-03 21:36:00,0.04799208869842506,0.5409483148430291,0.6445449872192819,0.0
1970-01-03 21:37:00,0.04622370550925461,0.5365614023959898,0.6489768444152866,0.0
1970-01-03 21:38:00,0.044249700746275496,0.5322341852766477,0.6527536381378277,0.0
1970-01-03 21:39:00,0.0420832718434331,0.5279586091257155,0.6558144239288789,0.0
1970-01-03 21:40:00,0.039738546027923566,0.5237283323550896,0.6580998385261874,0.0
1970-01-03 21:41:00,0.03723049340287776,0.5195384549340238,0.6595525039938716,0.0
1970-01-03 21:42:00,0.0345748294136321,0.5153851698274775,0.6601174735011538,0.0
1970-01-03 21:43:00,0.03178790768724857,0.5112653723372749,0.6597427160671973,0.0
1970-01-03 21:44:00,0.0288866039569645,0.5071762604043006,0.6583796366212377,0.0
1970-01-03 21:45:00,0.025888191193573436,0.5031149533973833,0.6559836268109955,0.0
1970-01-03 21:46:00,0.02281020547092177,0.4990781498786494,0.6525146406445721,0.0
1970-01-03 21:47:00,0.019670301700097665,0.49506183772334017,0.6479377872889543,0.0
1970-01-03 21:48:00,0.016486098396743,0.49106106373278263,0.642223931573899,0.0
1970-01-03 21:49:00,0.013275011390644367,0.487069765105198,0.6353502913419934,0.0
1970-01-03 21:50:00,0.010054078061360933,0.48308066258731436,0.62730101979424,0.0
1970-01-03 21:51:00,0.0068397761183586646,0.47908521557249245,0.6180677602486849,0.0
1970-01-03 21:52:00,0.0036478434253128986,0.47507364192702634,0.6076501602373668,0.0
1970-01-03 21:53:00,-0.01038310527043673,0.181214703013991,0.617068516622877,0.0
1970-01-03 21:54:00,-0.0133901389741661,0.17710683545461678,0.6043434998343279,0.0
1970-01-03 21:55:00,-0.0164009461622795,0.1729627424783768,0.5905458057358887,0.0
1970-01-03 21:56:00,-0.0193974606213449,0.1687678463789758,0.5757040646959283,0.0
1970-01-03 21:57:00,-0.022362821579181697,0.16450741627198864,0.5598562749740764,0.0
1970-01-03 21:58:00,-0.0252815110858549,0.1601669895675526,0.5430499225163158,0.0
1970-01-03 21:59:00,-0.028139450314513436,0.15573282069895347,0.5253419655076846,0.0
1970-01-03 22:00:00,-0.03910978226452581,0.11708366732018834,0.4259079123800678,0.0
1970-01-03 22:01:00,-0.041809985244111336,0.11242593587121291,0.4066045480097514,0.0
1970-01-03 22:02:00,-0.04441621689832523,0.1076420719776044,0.38662489187839894,0.0
1970-01-03 22:03:00,-0.046920366174804364,0.10272564513430281,0.3660605985074365,0.0
1970-01-03 22:04:00,-0.04931571456254653,0.0976730191151005,0.34501039344181156,0.0
1970-01-03 22:05:00,-0.05159685424190203,0.0924836398126702,0.3235791178030773,0.0
1970-01-03 22:06:00,-0.05375959556336523,0.08716026089654301,0.30187663600504616,0.0
1970-01-03 22:07:00,-0.055800869641453636,0.08170909942744398,0.28001662674910716,0.0
1970-01-03 22:08:00,-0.057718631225323835,0.07613991166294125,0.2581152802744821,0.0
1970-01-03 22:09:00,-0.0595117661969323,0.07046597927262754,0.23628992560645393,0.0
1970-01-03 22:10:00,-0.0611800071414886,0.06470399865605425,0.2146576112002374,0.0
1970-01-03 22:11:00,-0.0627238593079859,0.058873870082609914,0.19333366231061724,0.0
1970-01-03 22:12:00,-0.06414453782597314,0.05299838802429916,0.17243023952666525,0.0
1970-01-03 22:13:00,-0.06544391536731926,0.047102839140633734,0.15205492537553925,0.0
1970-01-03 22:14:00,-0.06662447785251234,0.04121452007065881,0.13230936921753617,0.0
1970-01-03 22:15:00,-0.06768928475601603,0.035362193130032825,0.1132880233203223,0.0
1970-01-03 22:16:00,-0.06864193040536563,0.02957550272535958,0.09507700285872106,0.0
1970-01-03 22:17:00,-0.06948650335433797,0.02388437702252529,0.07775309858703906,0.0
1970-01-03 22:18:00,-0.07022754207453637,0.018318437732369002,0.06138296419252096,0.0001499885010765
1970-01-03 22:19:00,-0.0708699864004292,0.012906437095292786,0.04602249285487329,0.002312379232259
1970-01-03 22:20:00,-0.07141912503681666,0.007675736941882394,0.031716390482423334,0.004064601646454567
1970-01-03 22:21:00,-0.07188053989385407,0.0026518409756116266,0.018497946760680766,0.006784675729774367
1970-01-03 22:22:00,-0.07226004817927593,-0.002142011734786268,0.006388999614996699,0.011137934383769166
1970-01-03 22:23:00,-0.07256364321699547,-0.006685186799228138,-0.004599915968212566,0.014965152482126933
1970-01-03 22:24:00,-0.07279743495615633,-0.010959925228808695,-0.014469247593820464,0.018251378800911735
1970-01-03 22:25:00,-0.07296759110308557,-0.014951544064317165,-0.023229949365250104,0.020991847769860367
1970-01-03 22:26:00,-0.07308027975532742,-0.01864856792590071,-0.030902868017255503,0.023191480165433265
1970-01-03 22:27:00,-0.07314161434632434,-0.02204279400483633,-0.037518010743750295,0.024864171043623966
1970-01-03 22:28:00,-0.07315760162502453,-0.02512929425842107,-0.04311371506861774,0.0260319049974726
1970-01-03 22:29:00,-0.07313409330007357,-0.02790635956060013,-0.0477357414347415,0.02672374010236327
1970-01-03 22:30:00,-0.07307674187668377,-0.03037539132266187,-0.051436309031073026,0.026974701189435204
1970-01-03 22:31:00,-0.07299096110925724,-0.032540746649515416,-0.05427309480627707,0.026824620972342367
1970-01-03 22:32:00,-0.07288189138757403,-0.03440954345738182,-0.0563082146951658,0.026316964513702065
1970-01-03 22:33:00,-0.07275437027126634,-0.03599143216751355,-0.057607204872637464,0.025501985844523633
1970-01-03 22:34:00,-0.07261290828779043,-0.03729834062662115,-0.05823801940751377,0.025705609048696367
1970-01-03 22:35:00,-0.07246167001394167,-0.03834419880642773,-0.0582700590702608,0.025682959086009764
1970-01-03 22:36:00,-0.07230446037098677,-0.03914464962030776,-0.05777324430626124,0.025459404963914134
1970-01-03 22:37:00,-0.0721447159803989,-0.03971675188200937,-0.056817143570595974,0.0250617088003999
1970-01-03 22:38:00,-0.0719855013535076,-0.0400786810373126,-0.05547016637844793,0.024517298774498136
1970-01-03 22:39:00,-0.0718295096262772,-0.040249432841234244,-0.053798828596719334,0.023853598165920666
1970-01-03 22:40:00,-0.07167906750051636,-0.04024853464740352,-0.05186709571660574,0.0230974226948748
1970-01-03 22:41:00,-0.07153614401442067,-0.040095768437176736,-0.04973580812617337,0.022274455587079866
1970-01-03 22:42:00,-0.07140236273776794,-0.039810909156731765,-0.04746219076647956,0.021408806896502434
1970-01-03 22:43:00,-0.07127901697024162,-0.039413481362142844,-0.045099448023030696,0.020522660669231165
1970-01-03 22:44:00,-0.0711670875153446,-0.03892253660566769,-0.04269644329224593,0.019636010602584766
1970-01-03 22:45:00,-0.07106726260639046,-0.03835645344101146,-0.04029746138253813,0.018766482041623633
1970-01-03 22:46:00,-0.07097995957259266,-0.03773276139041289,-0.037942050770700765,0.0179292355707563
1970-01-03 22:47:00,-0.07090534784846124,-0.037067989710134884,-0.0356649417425109,0.017136945211654167
1970-01-03 22:48:00,-0.070843372945451,-0.03637754131946932,-0.033496035605012964,0.016399842428291
1970-01-03 22:49:00,-0.07079378102051577,-0.03567559182558803,-0.031460459467010905,0.015725815839618868
1970-01-03 22:50:00,-0.07075614369340216,-0.03497501318465387,-0.029578680541018327,0.0151205557912107
1970-01-03 22:51:00,-0.0707298827847443,-0.03428732119002501,-0.027866673519061597,0.014587732742227966
1970-01-03 22:52:00,-0.0144622442466312,-0.34671154622130734,0.017668005223888398,0.014129198748055702
1970-01-03 22:53:00,-0.07070857397677653,-0.03298972203739244,-0.024994733285480835,0.0137452020928673
1970-01-03 22:54:00,-0.0707118363618845,-0.03239590254577126,-0.023846401174310538,0.013434606255651967
1970-01-03 22:55:00,-0.07072314017545726,-0.03184718558048923,-0.022891640811749766,0.0131951057678757
1970-01-03 22:56:00,-0.07074150680037396,-0.0313482610040872,-0.02212785816471584,0.013023433026596866
1970-01-03 22:57:00,-0.07076593952735996,-0.03090256963239646,-0.021549706302202,0.012915551655041999
1970-01-03 22:58:00,-0.0707954408373948,-0.030512374796877368,-0.021149436335631905,0.012866833459294201
1970-01-03 22:59:00,-0.070829027999768,-0.0301788439568413,-0.020917249756002735,0.012872217340814734
1970-01-03 23:00:00,-0.07086574692355667,-0.02990213834321842,-0.020841647050288528,0.0129263496388303
1970-01-03 23:01:00,-0.07090468422936103,-0.029681508666137318,-0.020909767973429697,0.0130237062659167
1970-01-03 23:02:00,-0.0567222429362303,0.31578592763156466,-0.04603637661851293,0.0
1970-01-03 23:03:00,-0.0709858239795127,-0.029401529027008433,-0.02142088700680717,0.013325757986046233
1970-01-03 23:04:00,-0.07102648701488933,-0.02933703705397143,-0.02183422831943996,0.013519420340305066
1970-01-03 23:05:00,-0.07106630155137279,-0.02931854212018566,-0.022332543720977167,0.013734379607325533
1970-01-03 23:06:00,-0.07110467751477537,-0.02934226394621331,-0.022900724395201303,0.013965544767751867
1970-01-03 23:07:00,-0.07114110192519603,-0.029404115395500845,-0.02352397521331827,0.014208082127116732
1970-01-03 23:08:00,-0.07117513960088558,-0.029499794393848384,-0.024188011800031273,0.014457450804399365
1970-01-03 23:09:00,-0.07120643260608472,-0.02962487037960626,-0.02487923126488183,0.014709431552008866
1970-01-03 23:10:00,-0.07123469856858387,-0.02977486452241766,-0.02558485653908753,0.0149601497385244
1970-01-03 23:11:00,-0.07125972799797643,-0.02994532310672371,-0.026293054649084966,0.0152060931017191
1970-01-03 23:12:00,-0.07128138073845385,-0.030131883629842537,-0.026993029608817564,0.015444124689037234
1970-01-03 23:13:00,-0.0712995816905318,-0.0303303333111052,-0.027675090921638,0.015671491253986133
1970-01-03 23:14:00,-0.07131431593444167,-0.030536659846511067,-0.028330698949086432,0.015885827272924435
1970-01-03 23:15:00,-0.07132562338426567,-0.030747094371473344,-0.02895248862818633,0.016085154686470867
1970-01-03 23:16:00,-0.014557408119486298,-0.34865953742240124,0.021109621338957035,0.0162678784492265
1970-01-03 23:17:00,-0.0145772239905946,-0.34884849257831824,0.020701845162569767,0.0164327779847472
1970-01-03 23:18:00,-0.014594796025951802,-0.349017212533278,0.0203129166288177,0.016578994682568068
1970-01-03 23:19:00,-0.014610018842151533,-0.3491650180644261,0.019947013161328367,0.016706015632689666
1970-01-03 23:20:00,-0.014622832256959234,-0.3492916090570997,0.019607581728796102,0.0168136538622791
1970-01-03 23:21:00,-0.014633218006165967,-0.34939703429504404,0.019297354013921835,0.016902025411792167
1970-01-03 23:22:00,-0.014641196114547466,-0.34948165870638276,0.01901837098766933,0.016971523656765866
1970-01-03 23:23:00,-0.014646821009112534,-0.34954612880206043,0.018772015642204532,0.01702279134190447
1970-01-03 23:24:00,-0.0146501774590521,-0.3495913370028247,0.018559052628703335,0.017056690841840933
1970-01-03 23:25:00,0.0,0.0,0.0,0.0
1970-01-03 23:26:00,0.0,0.0,0.0,0.0
1970-01-03 23:27:00,0.0,0.0,0.0,0.0
1970-01-03 23:28:00,0.0,0.0,0.0,0.0
1970-01-03 23:29:00,0.0,0.0,0.0,0.0
1970-01-03 23:30:00,0.0,0.0,0.0,0.0
1970-01-03 23:31:00,0.0,0.0,0.0,0.0
1970-01-03 23:32:00,0.0,0.0,0.0,0.0
1970-01-03 23:33:00,0.0,0.0,0.0,0.0
1970-01-03 23:34:00,0.0,0.0,0.0,0.0
1970-01-03 23:35:00,0.0,0.0,0.0,0.0
1970-01-03 23:36:00,0.0,0.0,0.0,0.0
1970-01-03 23:37:00,0.0,0.0,0.0,0.0
1970-01-03 23:38:00,0.0,0.0,0.0,0.0
1970-01-03 23:39:00,0.0,0.0,0.0,0.0
1970-01-03 23:40:00,0.0,0.0,0.0,0.0
1970-01-03 23:41:00,0.0,0.0,0.0,0.0
1970-01-03 23:42:00,0.0,0.0,0.0,0.0
1970-01-03 23:43:00,0.0,0.0,0.0,0.0
1970-01-03 23:44:00,0.0,0.0,0.0,0.0
1970-01-03 23:45:00,0.0,0.0,0.0,0.0
1970-01-03 23:46:00,0.0,0.0,0.0,0.0
1970-01-03 23:47:00,0.0,0.0,0.0,0.0
1970-01-03 23:48:00,0.0,0.0,0.0,0.0
1970-01-03 23:49:00,0.0,0.0,0.0,0.0
1970-01-03 23:50:00,0.0,0.0,0.0,0.0
1970-01-03 23:51:00,0.0,0.0,0.0,0.0
1970-01-03 23:52:00,0.0,0.0,0.0,0.0
1970-01-03 23:53:00,0.0,0.0,0.0,0.0
1970-01-03 23:54:00,0.0,0.0,0.0,0.0
1970-01-03 23:55:00,0.0,0.0,0.0,0.0
1970-01-03 23:56:00,0.0,0.0,0.0,0.0
1970-01-03 23:57:00,0.0,0.0,0.0,0.0
1970-01-03 23:58:00,0.0,0.0,0.0,0.0
1970-01-03 23:59:00,0.0,0.0,0.0,0.0
