timestamp,x,y,z,enmo
2011-07-07 12:50:00,0.2207875121594534,-0.6951161356328643,0.2443886895150483,0.0
2011-07-07 12:51:00,0.2017248722416444,-0.620523395811208,0.3109404589142552,0.0
2011-07-07 12:52:00,0.1828551099141435,-0.5460572772593603,0.3769559564851444,0.0
2011-07-07 12:53:00,0.1643043426828411,-0.4722088556264004,0.4420047714037275,0.0
2011-07-07 12:54:00,0.1461944923565199,-0.3994576655133155,0.5056703999088722,0.0
2011-07-07 12:55:00,0.1286414321095693,-0.3282647150719727,0.5675564294959015,0.0
2011-07-07 12:56:00,0.1117532893384676,-0.2590660963179186,0.6272921764494627,0.0
2011-07-07 12:57:00,0.0956289408906006,-0.1922673292343195,0.684537658672331,0.0
2011-07-07 12:58:00,0.0803567266287969,-0.1282385400269283,0.7389878203461643,0.0
2011-07-07 12:59:00,0.0660133974536814,-0.06731053827469,0.7903759558400804,0.0
2011-07-07 13:00:00,0.0526633053675507,-0.0097718252281998,0.8384763073578098,0.0
2011-07-07 13:01:00,0.0403578362195276,0.0441334634589844,0.883105834280523,0.0
2011-07-07 13:02:00,0.0291350804283278,0.094206702642539,0.9241251721670468,0.0
2011-07-07 13:03:00,0.0190197330223975,0.1402950541336241,0.9614388160622148,0.0
2011-07-07 13:04:00,0.010023211524792,0.1822909370461548,0.9949945763003692,0.011604990777322799
2011-07-07 13:05:00,0.0021439783679391,0.2201307698412406,1.0247823655636092,0.04816079360195791
2011-07-07 13:06:00,-0.0046319465550937,0.2537930741716364,1.050832383846685,0.08105553898367579
2011-07-07 13:07:00,-0.0103302983045832,0.2832960389884832,1.07321277361753,0.1100220800621301
2011-07-07 13:08:00,-0.0149877203216944,0.3086946466548708,1.0920268213330682,0.13491832091328115
2011-07-07 13:09:00,-0.0186507767049704,0.3300774607773415,1.107409783931524,0.15570559016220953
2011-07-07 13:10:00,-0.0213748439632652,0.3475631693738288,1.1195254200806524,0.17243089641411102
2011-07-07 13:11:00,-0.0232229061245939,0.3612969687020018,1.1285623057693657,0.1852120826947361
2011-07-07 13:12:00,-0.0242642797479487,0.3714468640063663,1.134730012173956,0.1942251582428487
2011-07-07 13:13:00,-0.0245732965382432,0.3781999550297836,1.1382552202677647,0.19969329386893886
2011-07-07 13:14:00,-0.0242279707936283,0.3817587683695231,1.139377840819592,0.201877121816747
2011-07-07 13:15:00,-0.0233086776541971,0.3823376968825615,1.1383472001370178,0.201066091841426
2011-07-07 13:16:00,-0.0218968668881147,0.3801596069427275,1.1354183422015085,0.19757071245834434
2011-07-07 13:17:00,-0.0200738355494977,0.3754526739468986,1.130848488501745,0.19171555884540914
2011-07-07 13:18:00,-0.0179195804542915,0.3684475023890466,1.124893689122685,0.18383296338986455
2011-07-07 13:19:00,-0.0155117476927711,0.3593745788686712,1.1178056924789448,0.17425732630963497
2011-07-07 13:20:00,-0.0129246918270167,0.3484620957724912,1.1098290558726482,0.16331999600632408
2011-07-07 13:21:00,-0.0102286530726506,0.3359341708440718,1.1011985144532557,0.15134467502934656
2011-07-07 13:22:00,-0.0074890575644457,0.3220094733579121,1.0921366222063305,0.13864331047070944
2011-07-07 13:23:00,-0.0047659437446374,0.3069002512495469,1.0828516753547648,0.1255124296316914
2011-07-07 13:24:00,-0.002113516279957,0.2908117365973331,1.073535925868351,0.11222988506146514
2011-07-07 13:25:00,0.0004201726142121,0.2739418911995245,1.0643640904998333,0.09905197940977084
2011-07-07 13:26:00,0.002793415773461,0.2564814407684951,1.055492158970117,0.08621095109456767
2011-07-07 13:27:00,0.0049709199905728,0.2386141356910019,1.047056503669474,0.07391281660740945
2011-07-07 13:28:00,0.006923755251009,0.2205171690478393,1.0391732919864962,0.06233558304789022
2011-07-07 13:29:00,0.0086291908991605,0.2023616804228005,1.031938199811132,0.0516278623489177
2011-07-07 13:30:00,0.0100704281468199,0.1843132779764936,1.0254264199904155,0.04190793296522144
2011-07-07 13:31:00,0.0112362402895365,0.1665325191718732,1.0196929537066182,0.03326330278225886
2011-07-07 13:32:00,0.0121205327596809,0.149175298534769,1.0147731683139545,0.025750827509906093
2011-07-07 13:33:00,0.0127218353667714,0.1323930978457468,1.0106836027030808,0.01939743094887736
2011-07-07 13:34:00,0.0130427396148992,0.116333063008165,1.0074229985871626,0.014201455672330221
2011-07-07 13:35:00,0.0130892950719722,0.1011378846192085,1.0049735313702697,0.010134644542775684
2011-07-07 13:36:00,0.0128703799361524,0.086945473512187,1.0033022088458925,0.0071447186571580446
2011-07-07 13:37:00,0.0123970616665763,0.0738884336348544,1.0023624030014535,0.005158482386646179
2011-07-07 13:38:00,0.0116819636405864,0.062093340959283,1.0020954809811524,0.004085357063249306
2011-07-07 13:39:00,0.0107386533229323,0.0516798409692553,1.0024325045611482,0.003821224540771606
2011-07-07 13:40:00,0.0095810664841747,0.0427595817895721,1.0032959715032552,0.004252450882971104
2011-07-07 13:41:00,0.0082229808098514,0.0354350072475987,1.0046015756295317,0.005259957876257104
2011-07-07 13:42:00,0.0066775511511165,0.0297980449439265,1.0062599646620474,0.006723214023358404
2011-07-07 13:43:00,0.0049569178545336,0.0259287378056054,1.0081784757925156,0.008524025261732904
2011-07-07 13:44:00,0.0030718987867483,0.0238938801850397,1.010262829473394,0.010550017905121223
2011-07-07 13:45:00,0.0010317742527508,0.0237457267928278,1.01241876302859,0.012697721845649435
2011-07-07 13:46:00,-0.0011558284236598,0.0255208416054297,1.0145535875561895,0.014875180166866064
2011-07-07 13:47:00,-0.0034849473362996,0.0292391446220174,1.0165776538333584,0.017004030822641125
2011-07-07 13:48:00,-0.0059511963637582,0.0349031997252907,1.018405715167224,0.01902102567831654
2011-07-07 13:49:00,-0.0085515791540885,0.0424977697899728,1.019958177210955,0.02087897088863766
2011-07-07 13:50:00,-0.0112842173883343,0.0519896471274132,1.0211622266658535,0.02254708944853201
2011-07-07 13:51:00,-0.0141480086324387,0.0633277493769934,1.0219528326051976,0.024010821260794124
2011-07-07 13:52:00,-0.01714223282049,0.0764434549366881,1.0222736159424386,0.02527108795711097
2011-07-07 13:53:00,-0.0202661287787213,0.0912511408857607,1.022077584196484,0.026343059023419046
2011-07-07 13:54:00,-0.023518463030473,0.1076488825188783,1.0213277299087613,0.027254463067190926
2011-07-07 13:55:00,-0.0268971126389685,0.1255192770001667,1.0199974916047203,0.028043494433420912
2011-07-07 13:56:00,-0.0303986824587134,0.1447303616467472,1.018071075992643,0.028756372155449572
2011-07-07 13:57:00,-0.0340181749291317,0.1651366072117301,1.0155436393070392,0.029444616579199945
2011-07-07 13:58:00,-0.0377487270251916,0.186579977075059,1.012421324704759,0.030162119743436966
2011-07-07 13:59:00,-0.041581424105416,0.2088910537907252,1.0087211518977282,0.0309620989494781
2011-07-07 14:00:00,-0.0455051951711604,0.2318902434074526,1.0044707552303849,0.03189403811061564
2011-07-07 14:01:00,-0.0495067898520848,0.2553890739036917,0.9997079674919228,0.033000736484575466
2011-07-07 14:02:00,-0.0535708347560168,0.2791916069845538,0.9944802488892328,0.03431559650711269
2011-07-07 14:03:00,-0.0576799651921074,0.303095982928889,0.9888439635283576,0.035860288580783495
2011-07-07 14:04:00,-0.0618150271115617,0.3268961156064403,0.9828635091330782,0.03764292777466127
2011-07-07 14:05:00,-0.0659553431302269,0.3503835481319125,0.976610309218476,0.039656882899710144
2011-07-07 14:06:00,-0.0700790354908964,0.3733494691255097,0.9701616801503988,0.04188031123727409
2011-07-07 14:07:00,-0.0741633975174288,0.3955868772597654,0.9635995883156164,0.044276473733601884
2011-07-07 14:08:00,-0.0781853033563986,0.416892870059748,0.9570093153607973,0.04679483971546583
2011-07-07 14:09:00,-0.0821216437024908,0.4370710227854111,0.9504780527385774,0.049372942314029
2011-07-07 14:10:00,-0.0859497730951076,0.455933814295835,0.9440934508750876,0.05193890055396322
2011-07-07 14:11:00,-0.0896479527865061,0.4733050488642937,0.9379421526048736,0.05441448508274349
2011-07-07 14:12:00,-0.0931957727485969,0.4890222170956896,0.9321083438548398,0.05671857443465256
2011-07-07 14:13:00,-0.0965745374587119,0.5029387372679264,0.9266723556101256,0.058770829491462395
2011-07-07 14:14:00,-0.099767602378826,0.5149260214165275,0.9217093495204516,0.06049540640668871
2011-07-07 14:15:00,-0.1027606507653627,0.5248753171673315,0.9172881157685342,0.06182453223092166
2011-07-07 14:16:00,-0.1055419030540082,0.532699284567409,0.9134700071479632,0.06270178085754186
2011-07-07 14:17:00,-0.1081022534621913,0.5383332753783837,0.9103080285127442,0.06308490693734403
2011-07-07 14:18:00,-0.1104353307796682,0.5417362898687766,0.9078460962007644,0.06294811935116074
2011-07-07 14:19:00,-0.1125374826828322,0.5428915930283105,0.906118477751282,0.06228370151843432
2011-07-07 14:20:00,-0.114407685326636,0.5418069784434794,0.9051494182060008,0.061102911894276746
2011-07-07 14:21:00,-0.116047382371347,0.5385146739335057,0.90495295549978,0.05943612391910569
2011-07-07 14:22:00,-0.1174602598656547,0.5330708885452696,0.9055329239323652,0.05733219055680383
2011-07-07 14:23:00,-0.1186519654184971,0.5255550057963183,0.9068831414410344,0.05485704493319843
2011-07-07 14:24:00,-0.1196297817713224,0.5160684333976736,0.9089877732407216,0.052091576117454075
2011-07-07 14:25:00,-0.1204022661401305,0.5047331253958491,0.9118218611944456,0.04912884819532248
2011-07-07 14:26:00,-0.1209788674248183,0.4916897989909058,0.9153520049091868,0.04607076131893528
2011-07-07 14:27:00,-0.1213695335694952,0.4770958753406623,0.9195371769787262,0.04302428437306993
2011-07-07 14:28:00,-0.121584321187434,0.461123181520251,0.9243296509737476,0.040097418208129953
2011-07-07 14:29:00,-0.1216330193290551,0.4439554594894122,0.9296760166617178,0.037395072938731566
2011-07-07 14:30:00,-0.1215247990433397,0.4257857370060717,0.935518252723296,0.035015058730440085
2011-07-07 14:31:00,-0.1212678997416007,0.4068136233772,0.9417948237697256,0.033044392924366894
2011-07-07 14:32:00,-0.120869361651783,0.3872425972184514,0.9484417671457692,0.03155611449556672
2011-07-07 14:33:00,-0.1203348107226032,0.3672773519695074,0.9553937367319316,0.03060676891236347
2011-07-07 14:34:00,-0.1196682990453331,0.347121257693889,0.9625849752539498,0.03023468390655437
2011-07-07 14:35:00,-0.1188722013662291,0.3269739864344341,0.9699501920722264,0.03045910310085942
2011-07-07 14:36:00,-0.1179471669750264,0.3070293356369977,0.9774253290296132,0.03128018548199529
2011-07-07 14:37:00,-0.1168921256851971,0.287473272150513,0.9849482024642752,0.03267982104122358
2011-07-07 14:38:00,-0.1157043461384665,0.2684822092825887,0.992459014991877,0.03462316272894106
2011-07-07 14:39:00,-0.1143795440588638,0.2502215215252957,0.9999007359983744,0.03706073678624944
2011-07-07 14:40:00,-0.112912037445559,0.2328442956472809,1.007219354738559,0.039930970197322724
2011-07-07 14:41:00,-0.1112949450858526,0.2164903127695045,1.0143640143447388,0.04316296613821291
2011-07-07 14:42:00,-0.1095204241000818,0.2012852539382457,1.0212870387977888,0.04667936464057698
2011-07-07 14:43:00,-0.1075799414018342,0.1873401216623607,1.027943867941178,0.050399143475641006
2011-07-07 14:44:00,-0.1054645729898371,0.1747508714495622,1.0342929180370797,0.05424023995006344
2011-07-07 14:45:00,-0.1031653239892914,0.1635982496587888,1.0402953874243626,0.058121904348284126
2011-07-07 14:46:00,-0.1006734614747884,0.1539478360805306,1.0459150286838383,0.06196672702392525
2011-07-07 14:47:00,-0.0979808515774279,0.1458502903885234,1.051117909998213,0.06570231077973476
2011-07-07 14:48:00,-0.0950802925701866,0.1393417988979494,1.0558721880564637,0.06926258536736096
2011-07-07 14:49:00,-0.0919658367358293,0.1344447101934303,1.0601479118119186,0.07258877960972909
2011-07-07 14:50:00,-0.0886330954798719,0.1311683366158924,1.0639168709742983,0.07563007883224704
2011-07-07 14:51:00,-0.0850795235793882,0.1295098879722953,1.0671524972236477,0.07834400297203836
2011-07-07 14:52:00,-0.0813046791479751,0.1294554979042681,1.069829821620851,0.08069654576032548
2011-07-07 14:53:00,-0.0773104558772709,0.1309813020899658,1.071925488971165,0.08266211811035729
2011-07-07 14:54:00,-0.0731012836509661,0.13405452875145,1.073417828397674,0.08422333892615086
2011-07-07 14:55:00,-0.0686842930369966,0.1386345645314912,1.0742869784469558,0.08537071392843387
2011-07-07 14:56:00,-0.0640694388294868,0.1446739627574824,1.074515064237767,0.08610223817363116
2011-07-07 14:57:00,-0.0592695780184462,0.1521193665611134,1.07408642323157,0.08642295130939992
2011-07-07 14:58:00,-0.0543004983310837,0.1609123257330417,1.0729878751011328,0.08634446691915576
2011-07-07 14:59:00,-0.0491808946581783,0.1709899927967189,1.0712090299658397,0.0858844892143713
2011-07-07 15:00:00,-0.0439322921156956,0.182285690205738,1.0687426280114871,0.08506632243067114
2011-07-07 15:01:00,-0.0385789161292672,0.1947293467868775,1.0655849022440058,0.08391837107787814
2011-07-07 15:02:00,-0.0331475116497254,0.2082478075823799,1.061735954870873,0.08247362312298434
2011-07-07 15:03:00,-0.0276671151310297,0.2227650270418559,1.0572001366155153,0.08076910364448175
2011-07-07 15:04:00,-0.0221687839069453,0.2382021609696437,1.0519864172205566,0.07884528385077716
2011-07-07 15:05:00,-0.0166852880105866,0.2544775775539982,1.046108734542455,0.07674542989499789
2011-07-07 15:06:00,-0.0112507695221462,0.2715068120643811,1.039586308956596,0.07451487778541366
2011-07-07 15:07:00,-0.0059003744921314,0.289202493407191,1.0324439092082185,0.07220022489889066
2011-07-07 15:08:00,-0.0006698624692974,0.3074742734361345,1.024712055457438,0.06984843512556216
2011-07-07 15:09:00,0.0044048013835343,0.3262287910801665,1.0164271453958351,0.06750586335737818
2011-07-07 15:10:00,0.0092878666502767,0.3453697024744501,1.0076314902326204,0.06521721538971326
2011-07-07 15:11:00,0.0139442254422286,0.3647978054160901,0.9983732490691546,0.06302447042223802
2011-07-07 15:12:00,0.0183398421426103,0.3844112820604893,0.9887062525098382,0.06096580403764795
2011-07-07 15:13:00,0.0224421791383918,0.404106078299611,0.978689709078555,0.059074558555457735
2011-07-07 15:14:00,0.0262206122465445,0.4237764320105329,0.9683877910173792,0.057378313862016306
2011-07-07 15:15:00,0.0296468296011631,0.4433155555117787,0.9578690993620652,0.05589811429740288
2011-07-07 15:16:00,0.03269520799074,0.462616470451746,0.9472060118413242,0.054647905334825886
2011-07-07 15:17:00,0.0353431605706953,0.4815729863327546,0.9364739210973242,0.05363422735784873
2011-07-07 15:18:00,0.0375714493242877,0.5000808067679926,0.9257503749888332,0.05285620285679049
2011-07-07 15:19:00,0.0393644550970804,0.5180387398345425,0.9151141352725548,0.05230583808609879
2011-07-07 15:20:00,0.0407103985516411,0.5353499810259805,0.904644175092462,0.05196864129282486
2011-07-07 15:21:00,0.0416015077000681,0.5519234316802883,0.894418637992879,0.051824538537536435
2011-07-07 15:22:00,0.0420341312518523,0.5676750146439417,0.8845137806054739,0.05184904740275642
2011-07-07 15:23:00,0.0420088005396746,0.5825289517547845,0.8750029185911679,0.05201465127552862
2011-07-07 15:24:00,0.041530245304794,0.5964189715577883,0.8659553929198889,0.05229230417986308
2011-07-07 15:25:00,0.040607369770747,0.6092894184435139,0.8574355723799686,0.05265298873346569
2011-07-07 15:26:00,0.0392531950725409,0.6210962363355756,0.8495019079610228,0.05306924736364693
2011-07-07 15:27:00,0.0374847725103579,0.6318078022112005,0.8422060545549785,0.053516608997771886
2011-07-07 15:28:00,0.0353230699526917,0.6414055875366731,0.8355920748582647,0.053974839623834425
2011-07-07 15:29:00,0.0327928315877457,0.6498846288565991,0.8296957395359761,0.054428954852707045
2011-07-07 15:30:00,0.0299224094535017,0.6572537918311222,0.8245439369009038,0.05486994522734068
2011-07-07 15:31:00,0.0267435642191057,0.6635358157383823,0.8201542046979788,0.05529517978550258
2011-07-07 15:32:00,0.0232912329021162,0.6687671281005985,0.8165343958086514,0.055708469558060525
2011-07-07 15:33:00,0.0196032623479573,0.6729974221812483,0.813682488320754,0.05611978958693031
2011-07-07 15:34:00,0.0157201086676775,0.676288993877491,0.8115865482679484,0.056544675054413185
2011-07-07 15:35:00,0.0116845038733551,0.6787158387694747,0.8102248506818219,0.057003323594442934
2011-07-07 15:36:00,0.0075410915504162,0.6803625144748138,0.809566161722294,0.057519451059899085
2011-07-07 15:37:00,0.0033360337078095,0.6813227778563077,0.8095701816766598,0.05811896108458203
2011-07-07 15:38:00,-0.0008834089120103,0.681698010998712,0.8101881455803628,0.05882849878998497
2011-07-07 15:39:00,-0.005069320764419,0.6815954541839552,0.8113635751351302,0.059673965063455015
2011-07-07 15:40:00,-0.0091735974508248,0.6811262683941226,0.8130331724433875,0.0606790692193615
2011-07-07 15:41:00,-0.0131484314340915,0.6804034542495571,0.8151278427514115,0.06186399403712528
2011-07-07 15:42:00,-0.0169468148124787,0.679539658769443,0.8175738298776883,0.06324423801573009
2011-07-07 15:43:00,-0.0205230554128235,0.6786449056742555,0.8202939445516881,0.06482968556913593
2011-07-07 15:44:00,-0.0238333011457727,0.6778242885699206,0.8232088630664471,0.066623937782186
2011-07-07 15:45:00,-0.0268360663437374,0.6771756688201663,0.8262384719030458,0.06862391576808968
2011-07-07 15:46:00,-0.0294927528668694,0.6767874214150865,0.8293032331214185,0.07081972746255749
2011-07-07 15:47:00,-0.0317681582953965,0.6767362732263964,0.83232554470549,0.07319476878669318
2011-07-07 15:48:00,-0.033630963670099,0.6770852787117853,0.8352310695255543,0.0757260133818447
2011-07-07 15:49:00,-0.0350541937471926,0.6778819777285227,0.8379500066765656,0.07838443326934907
2011-07-07 15:50:00,-0.0360156431416175,0.6791567783405824,0.8404182800381461,0.08113548713338381
2011-07-07 15:51:00,-0.0364982619035,0.6809216049638237,0.8425786205578503,0.08393961411586748
2011-07-07 15:52:00,-0.0364904941545223,0.6831688494892902,0.84438152044363,0.08675267892140859
2011-07-07 15:53:00,-0.0359865635241032,0.6858706599232972,0.8457860392555367,0.08952632785879122
2011-07-07 15:54:00,-0.0349866993950913,0.6889785969395215,0.8467604442461045,0.09220823386164523
2011-07-07 15:55:00,-0.0334972985561551,0.6924236830759047,0.8472826705075935,0.09474222976801272
2011-07-07 15:56:00,-0.0315310176777388,0.6961168618684275,0.8473405906983031,0.09706835115150891
2011-07-07 15:57:00,-0.0291067927088313,0.6999498750677446,0.8469320893377975,0.09912283068783223
2011-07-07 15:58:00,-0.0262497816334018,0.7037965558225011,0.8460649425375422,0.10083810345321464
2011-07-07 15:59:00,-0.0229912273310537,0.7075145252004597,0.8447565099749469,0.10214289502263396
2011-07-07 16:00:00,-0.0193682380947664,0.7109472694053539,0.8430332513743763,0.10296247055132257
2011-07-07 16:01:00,-0.0154234849162166,0.713926566095076,0.8409300843155753,0.10321912255465726
2011-07-07 16:02:00,-0.0112048167152751,0.7162752207543609,0.8384896035284158,0.10283296786484009
2011-07-07 16:03:00,-0.0067647968031527,0.7178100682845837,0.835761183840635,0.10172311086824637
2011-07-07 16:04:00,-0.0021601656772773,0.7183451905224976,0.8327999898940066,0.0998092117408429
2011-07-07 16:05:00,0.0025487634280892,0.7176952967173954,0.8296659161112685,0.09701347643592473
2011-07-07 16:06:00,0.0072987690171921,0.71567921081973,0.8264224804088075,0.09326306118599081
2011-07-07 16:07:00,0.012024438185604,0.7121234068649329,0.823135694749572,0.08849285973287802
2011-07-07 16:08:00,0.0166589277313955,0.7068655317058361,0.8198729349317125,0.08264861761352393
2011-07-07 16:09:00,0.0211347605375173,0.6997578525198435,0.8167018313780093,0.07569029541144201
2011-07-07 16:10:00,0.0253846469753349,0.6906705648587208,0.8136892022286702,0.06759558227254603
2011-07-07 16:11:00,0.0293423197052504,0.6794948959170092,0.8109000494494527,0.058363442065190174
2011-07-07 16:12:00,0.0329433690634581,0.6661459374135892,0.808396637812445,0.048017556877911316
2011-07-07 16:13:00,0.0361260655362371,0.6505651429716597,0.8062376756573126,0.03660951544454316
2011-07-07 16:14:00,0.0388321560685074,0.6327224264345092,0.8044776151443883,0.024221576870212314
2011-07-07 16:15:00,0.0410076224996211,0.612617800908037,0.8031660875921206,0.010968822145621226
2011-07-07 16:16:00,0.0426033931801799,0.5902825039600512,0.8023474859685673,0.0
2011-07-07 16:17:00,0.0435760020866558,0.5657795621733773,0.8020607018960851,0.0
2011-07-07 16:18:00,0.0438881925201682,0.5392037577797246,0.8023390191524495,0.0
2011-07-07 16:19:00,0.0435094641023927,0.5106809713005157,0.8032101598764128,0.0
2011-07-07 16:20:00,0.042416562215963,0.4803668871621499,0.8046964734523602,0.0
2011-07-07 16:21:00,0.0405939086009965,0.4484450643573979,0.8068152511937394,0.0
2011-07-07 16:22:00,0.0380339710283124,0.415124391541716,0.8095791423307942,0.0
2011-07-07 16:23:00,0.0347375693917236,0.3806359653823842,0.8129966384813867,0.0
2011-07-07 16:24:00,0.0307141153053753,0.3452294516104549,0.8170725854921403,0.0
2011-07-07 16:25:00,0.0259817816708357,0.3091690077370418,0.8218086752055489,0.0
2011-07-07 16:26:00,0.0205675969460418,0.2727288614459863,0.8272038678848025,0.0
2011-07-07 16:27:00,0.0145074562201755,0.236188646799442,0.8332547003037163,0.0
2011-07-07 16:28:00,0.0078460386100972,0.199828602013937,0.8399554443608366,0.0
2011-07-07 16:29:00,0.0006366185422562,0.1639247308154214,0.8472980943498619,0.0
2011-07-07 16:30:00,-0.0070592428548988,0.1287440276564546,0.8552721755146664,0.0
2011-07-07 16:31:00,-0.0151721409324769,0.0945398670068401,0.8638643810413805,0.0
2011-07-07 16:32:00,-0.0236254205153334,0.0615476582588482,0.873058058758402,0.0
2011-07-07 16:33:00,-0.0323359339291323,0.0299808686981717,0.8828325817828834,0.0
2011-07-07 16:34:00,-0.0412149776328447,2.7514038433000463e-05,0.8931626468127049,0.0
2011-07-07 16:35:00,-0.0501694156951813,-0.0281527945082455,0.9040175457296824,0.0
2011-07-07 16:36:00,-0.0591029877519368,-0.0544311764030331,0.9153604483258688,0.0
2011-07-07 16:37:00,-0.0679177844349983,-0.0787111339456628,0.9271477197526264,0.0
2011-07-07 16:38:00,-0.0765158588114524,-0.1009295051075409,0.9393282835044556,0.0
2011-07-07 16:39:00,-0.0848009323996157,-0.1210567108394904,0.9518430347372686,0.0
2011-07-07 16:40:00,-0.0926801501253561,-0.1390963088175259,0.9646243089070624,0.0
2011-07-07 16:41:00,-0.1000658384610409,-0.1550838843148099,0.977595413684202,0.0
2011-07-07 16:42:00,-0.1068772224882252,-0.169085327611569,0.9906702355156366,0.01066320019921374
2011-07-07 16:43:00,-0.1130420590951536,-0.1811945647945042,1.0037529354054848,0.026221190957714136
2011-07-07 16:44:00,-0.1184981442772569,-0.1915308243696029,1.0167377513822962,0.04138442564058975
2011-07-07 16:45:00,-0.1231946524505237,-0.2002355358213366,1.029508927617745,0.05601128035769687
2011-07-07 16:46:00,-0.1270932651933188,-0.2074689677597415,1.0419407920252537,0.06997041301477336
2011-07-07 16:47:00,-0.1301690471285225,-0.2134067208168375,1.0538980049282762,0.0831377632194088
2011-07-07 16:48:00,-0.1324110299360842,-0.2182361905745576,1.0652360003494457,0.09539374298272918
2011-07-07 16:49:00,-0.1338224737132063,-0.2221531056902362,1.07580163816459,0.10662081198401219
2011-07-07 16:50:00,-0.1344207880437607,-0.2253582268443235,1.0854340801313898,0.11670158098544814
2011-07-07 16:51:00,-0.1342371110546779,-0.2280542676508017,1.09396589670356,0.12551754056899234
2011-07-07 16:52:00,-0.1333155608693404,-0.2304430739847238,1.101224405587239,0.13294847216385075
2011-07-07 16:53:00,-0.1317121884871336,-0.2327230758227353,1.1070332375936496,0.13887256519486968
2011-07-07 16:54:00,-0.1294936730813139,-0.2350870069106278,1.111214120433095,0.14316723782488827
2011-07-07 16:55:00,-0.1267358089654398,-0.2377198739231626,1.113588866531292,0.1457106385971183
2011-07-07 16:56:00,-0.1235218373421594,-0.2407971495450064,1.113981546619952,0.14638379164185822
2011-07-07 16:57:00,-0.1199406756723227,-0.2444831626634197,1.1122208266197624,0.14507333812004775
2011-07-07 16:58:00,-0.1160850943002207,-0.2489296616804834,1.1081424410324434,0.14167482025329492
2011-07-07 16:59:00,-0.1120498853403745,-0.2542745317523205,1.1015917716083043,0.13609645082527022
2011-07-07 17:00:00,-0.1079300638572617,-0.2606406522554951,1.0924264954966036,0.12826330985076062
2011-07-07 17:01:00,-0.1038191365541293,-0.2681348863629023,1.080519262554282,0.11812191068350897
2011-07-07 17:02:00,-0.0998074687145216,-0.276847199877158,1.0657603572111454,0.10564507953223923
2011-07-07 17:03:00,-0.0959807760966301,-0.2868499110174614,1.0480602965377874,0.09083709416654506
2011-07-07 17:04:00,-0.0924187648366627,-0.2981970764876743,1.0273523131015918,0.07373902776928132
2011-07-07 17:05:00,-0.0891939389306452,-0.3109240219793435,1.0035946687704829,0.054434239471722545
2011-07-07 17:06:00,-0.0863705911038107,-0.3250470274571528,0.9767727436915842,0.03305393948483548
2011-07-07 17:07:00,-0.0840039885222124,-0.3405631792446656,0.9469008432658091,0.009782727185593476
2011-07-07 17:08:00,-0.0821397599745424,-0.3574504022360765,0.914023665329061,0.0
2011-07-07 17:09:00,-0.0808134862488608,-0.3756676865241545,0.8782173703179859,0.0
2011-07-07 17:10:00,-0.0800504906614798,-0.3951555230711193,0.8395901993536748,0.0
2011-07-07 17:11:00,-0.0798658221150975,-0.4158365625759512,0.7982825893431806,0.0
2011-07-07 17:12:00,-0.0802644189703175,-0.437616510415872,0.7544667407759668,0.0
2011-07-07 17:13:00,-0.0812414390976831,-0.4603852681426755,0.7083456031344388,0.0
2011-07-07 17:14:00,-0.0827827404397725,-0.4840183278872032,0.6601512547550867,0.0
2011-07-07 17:15:00,-0.0848654971663819,-0.5083784199145879,0.6101426685008607,0.0
2011-07-07 17:16:00,-0.0874589377089723,-0.533317405782121,0.5586028718595432,0.0
2011-07-07 17:17:00,-0.0905251909482852,-0.558678400487563,0.5058355303558065,0.0
2011-07-07 17:18:00,-0.0940202250983244,-0.5842980967151048,0.4521610066515222,0.0
2011-07-07 17:19:00,-0.0978948611251852,-0.6100092525447678,0.3979119743441695,0.0
2011-07-07 17:20:00,-0.1020958397099413,-0.635643290899294,0.3434286944541201,0.0
2011-07-07 17:21:00,-0.1065669182227577,-0.6610329461133336,0.2890540907470957,0.0
2011-07-07 17:22:00,-0.1112499723868079,-0.6860148837987959,0.2351287804551386,0.0
2011-07-07 17:23:00,-0.1160860770613498,-0.7104322183483167,0.1819862217872659,0.0
2011-07-07 17:24:00,-0.1210165423173974,-0.7341368588595697,0.1299481265018884,0.0
2011-07-07 17:25:00,-0.1259838842673285,-0.7569916262646468,0.0793202602761159,0.0
2011-07-07 17:26:00,-0.1309327140143411,-0.7788720981945189,0.0303887239857681,0.0
2011-07-07 17:27:00,-0.1358105319479899,-0.7996681512150163,-0.0165832193231076,0.0
2011-07-07 17:28:00,-0.1405684181978494,-0.8192851817993487,-0.0613577323166491,0.0
2011-07-07 17:29:00,-0.1451616133345955,-0.8376449977017428,-0.1037243888175142,0.0
2011-07-07 17:30:00,-0.1495499863773309,-0.8546863803295146,-0.143501558623172,0.0
2011-07-07 17:31:00,-0.1536983898320372,-0.8703653263444496,-0.1805372096772832,0.0
2011-07-07 17:32:00,-0.157576903855896,-0.8846549831317327,-0.2147091589398386,0.0
2011-07-07 17:33:00,-0.1611609737253004,-0.8975452980341236,-0.2459248140178024,0.0
2011-07-07 17:34:00,-0.1644314465889326,-0.909042405442082,-0.2741204558493712,0.0
2011-07-07 17:35:00,-0.1673745150077846,-0.919167779038478,-0.2992601186693738,0.0
2011-07-07 17:36:00,-0.1699815760043939,-0.9279571788001982,-0.3213341273317828,0.0
2011-07-07 17:37:00,-0.1722490152476664,-0.9354594238411206,-0.3403573540455811,0.010246101383153627
2011-07-07 17:38:00,-0.1741779265866899,-0.9417350229260172,-0.3563672568971768,0.02186125540795536
2011-07-07 17:39:00,-0.1757737774233081,-0.946854694573858,-0.369421761381644,0.03145657749055486
2011-07-07 17:40:00,-0.1770460303858483,-0.9508978081770691,-0.3795970437423276,0.03906008204013656
2011-07-07 17:41:00,-0.1780077314660715,-0.9539507765669114,-0.3869852714055529,0.04473271072515961
2011-07-07 17:42:00,-0.178675074277802,-0.9561054290369772,-0.3916923513467775,0.048563432371035775
2011-07-07 17:43:00,-0.1790669494678489,-0.9574573920804574,-0.3938357319781113,0.050664653361845335
2011-07-07 17:44:00,-0.1792044876108389,-0.958104503078241,-0.3935422982604195,0.05116793506972961
2011-07-07 17:45:00,-0.1791106031757175,-0.958145279959632,-0.3909463933849847,0.05022000941689275
2011-07-07 17:46:00,-0.1788095463787327,-0.9576774675024086,-0.3861879937080594,0.04797908000219686
2011-07-07 17:47:00,-0.1783264689495971,-0.9567966784939425,-0.3794110568173651,0.044611393552809187
2011-07-07 17:48:00,-0.1776870090472407,-0.9555951454835367,-0.3707620558153704,0.04028806457072065
2011-07-07 17:49:00,-0.1769168997810934,-0.954160596355738,-0.3603887062643229,0.035182135022124195
2011-07-07 17:50:00,-0.1760416050342996,-0.9525752644776612,-0.3484388858881758,0.029465851010479938
2011-07-07 17:51:00,-0.1750859855568513,-0.9509150417474824,-0.3350597411934233,0.023308139872166844
2011-07-07 17:52:00,-0.1740739976082926,-0.9492487805171252,-0.3203969697719999,0.016872274278171506
2011-07-07 17:53:00,-0.173028425789011,-0.9476377480944772,-0.3045942622931553,0.010313714826492237
2011-07-07 17:54:00,-0.1719706511124543,-0.946135235358434,-0.2877928841767016,0.0037781291767344793
2011-07-07 17:55:00,-0.1709204548427827,-0.9447863189485756,-0.2701313737571439,0.0
2011-07-07 17:56:00,-0.1698958581569889,-0.9436277745208438,-0.2517453314777221,0.0
2011-07-07 17:57:00,-0.1689129972895083,-0.9426881366876262,-0.232767273367086,0.0
2011-07-07 17:58:00,-0.1679860334816177,-0.9419878994779192,-0.2133265218120686,0.0
2011-07-07 17:59:00,-0.1671270967870705,-0.9415398494511972,-0.1935491075019954,0.0
2011-07-07 18:00:00,-0.1663462625779542,-0.9413495219660324,-0.1735576584288058,0.0
2011-07-07 18:01:00,-0.1656515594481672,-0.941415769528866,-0.1534712550202551,0.0
2011-07-07 18:02:00,-0.1650490071228236,-0.9417314296158013,-0.1334052348897068,0.0
2011-07-07 18:03:00,-0.1645426829461461,-0.9422840778559506,-0.1134709363266708,0.0
2011-07-07 18:04:00,-0.1641348155332266,-0.943056850973162,-0.0937753765408576,0.0
2011-07-07 18:05:00,-0.1638259042016872,-0.9440293223867268,-0.0744208687722135,0.0
2011-07-07 18:06:00,-0.1636148626908205,-0.9451784118636712,-0.0555045913349982,0.0
2011-07-07 18:07:00,-0.1634991851012944,-0.9464793091845104,-0.0371181302394712,0.0
2011-07-07 18:08:00,-0.1634751307662876,-0.9479063907627784,-0.0193470229669697,0.0
2011-07-07 18:09:00,-0.1635379232846572,-0.9494341080605292,-0.0022703321884471,0.0
2011-07-07 18:10:00,-0.1636819579361553,-0.9510378277550974,0.0140397254202968,0.0
2011-07-07 18:11:00,-0.1639010114931572,-0.9526946056988151,0.0295180766755199,0.0
2011-07-07 18:12:00,-0.1641884488028112,-0.9543838792478192,0.044107004295365,0.0
2011-07-07 18:13:00,-0.1645374210843402,-0.956088065130555,0.0577562693465015,0.0
2011-07-07 18:14:00,-0.1649410515086153,-0.9577930525403364,0.0704231443593705,0.0
2011-07-07 18:15:00,-0.1653926042697583,-0.9594885835463766,0.0820723622555515,0.0
2011-07-07 18:16:00,-0.1658856340099881,-0.9611685152221338,0.0926759898179148,0.0
2011-07-07 18:17:00,-0.1664141131056495,-0.9628309600876608,0.1022132371632667,0.0
2011-07-07 18:18:00,-0.16697253495317,-0.9644783035534846,0.1106702166098421,0.0
2011-07-07 18:19:00,-0.1675559920010423,-0.966117099037104,0.1180396655261423,0.0
2011-07-07 18:20:00,-0.1681602278528574,-0.9677578432996482,0.1243206482571947,0.0
2011-07-07 18:21:00,-0.1687816633135336,-0.9694146363204582,0.1295182521026646,0.0
2011-07-07 18:22:00,-0.1694173967636996,-0.971104731692754,0.1336432916286338,0.0
2011-07-07 18:23:00,-0.1700651797238405,-0.9728479850853105,0.1367120344032386,0.0
2011-07-07 18:24:00,-0.170723368908794,-0.9746662097733476,0.1387459596357735,0.0
2011-07-07 18:25:00,-0.1713908564733425,-0.9765824495955824,0.1397715592492671,0.0013112379853457146
2011-07-07 18:26:00,-0.1720669805099932,-0.9786201809415148,0.1398201887025481,0.003421242298888849
2011-07-07 18:27:00,-0.1727514181798035,-0.9808024565103812,0.1389279724686043,0.005543381816104809
2011-07-07 18:28:00,-0.1734440641355831,-0.983151004606099,0.1371357665371471,0.007707774955408864
2011-07-07 18:29:00,-0.1741448971333792,-0.9856852986339768,0.1344891777039686,0.009945192602171415
2011-07-07 18:30:00,-0.1748538379222637,-0.9884216122363048,0.1310386367990152,0.012285667440819381
2011-07-07 18:31:00,-0.1755706016535508,-0.9913720761354488,0.12683952044795,0.014757061297710594
2011-07-07 18:32:00,-0.1762945481581554,-0.9945437532344136,0.1219523135145726,0.017383610827026663
2011-07-07 18:33:00,-0.1770245335043595,-0.9979377488447893,0.116442802087221,0.020184474587692014
2011-07-07 18:34:00,-0.177758766267271,-1.0015483730583152,0.1103822848013797,0.023172307755928934
2011-07-07 18:35:00,-0.1784946719152833,-1.005362372238181,0.1038477884799023,0.026351894131195985
2011-07-07 18:36:00,-0.1792287686474465,-1.0093582463669115,0.0969222725643973,0.029718868399920995
2011-07-07 18:37:00,-0.1799565578985034,-1.013505668536756,0.0896948056451077,0.033258564468026997
2011-07-07 18:38:00,-0.1806724325652107,-1.0177650221931551,0.0822606966060025,0.03694502771119401
2011-07-07 18:39:00,-0.1813696057984102,-1.0220870708293115,0.0747215625153336,0.04074022991745907
2011-07-07 18:40:00,-0.1820400629503068,-1.026412773668408,0.0671853154320844,0.04459352529026095
2011-07-07 18:41:00,-0.1826745389660235,-1.0306732594502022,0.059766050781463,0.04844138403544784
2011-07-07 18:42:00,-0.1832625231635557,-1.034789968753772,0.0525838208868221,0.05220743679597839
2011-07-07 18:43:00,-0.1837922929579907,-1.038674973334579,0.0457642786327687,0.05580285867254697
2011-07-07 18:44:00,-0.1842509776560528,-1.0422314787318443,0.0394381780692012,0.05912711603291321
2011-07-07 18:45:00,-0.1846246529780127,-1.0453545139160552,0.0337407210365847,0.06206909309516773
2011-07-07 18:46:00,-0.1848984664587669,-1.0479318090059393,0.0288107415816235,0.06450860872787079
2011-07-07 18:47:00,-0.1850567933421709,-1.0498448591049192,0.024789723017583,0.06631832738559029
2011-07-07 18:48:00,-0.1850834220170373,-1.0509701691103386,0.0218206459377854,0.06736606188059602
2011-07-07 18:49:00,-0.1849617674549836,-1.0511806709626406,0.020046669280289,0.06751745998591141
2011-07-07 18:50:00,-0.1846751105058572,-1.0503473012610935,0.0196096506233128,0.06663906177506052
2011-07-07 18:51:00,-0.1842068602930741,-1.048340723519924,0.0206485162108601,0.06460171012027782
2011-07-07 18:52:00,-0.1835408363371783,-1.0450331756235527,0.0232974957022445,0.061284292761931924
2011-07-07 18:53:00,-0.1826615664305907,-1.0403004193194982,0.0276842412341527,0.056577790557757135
2011-07-07 18:54:00,-0.1815545957002239,-1.034023764927889,0.033927854996571,0.050389602480996665
2011-07-07 18:55:00,-0.180206801738792,-1.0260921409208914,0.0421368540624255,0.0426481129905818
2011-07-07 18:56:00,-0.1786067101726055,-1.016404174714997,0.0524071055746587,0.03330746054186062
2011-07-07 18:57:00,-0.1767448045767681,-1.0048702480129144,0.0648197694751379,0.022352455761331713
2011-07-07 18:58:00,-0.1746138242621978,-0.9914144874261492,0.0794392896413051,0.00980358201020426
2011-07-07 18:59:00,-0.1722090431578129,-0.9759766490074524,0.0963114774561292,0.0
2011-07-07 19:00:00,-0.1695285228112864,-0.9585138538338758,0.1154617343461121,0.0
2011-07-07 19:01:00,-0.1665733324492951,-0.9390021310216492,0.1368934615472352,0.0
2011-07-07 19:02:00,-0.1633477290899185,-0.9174377246437868,0.1605867061623042,0.0
2011-07-07 19:03:00,-0.1598592909028069,-0.8938381220839761,0.1864970923148629,0.0
2011-07-07 19:04:00,-0.1561189973840937,-0.8682427635215756,0.2145550847429275,0.0
2011-07-07 19:05:00,-0.1521412504698082,-0.8407133956289592,0.2446656293683222,0.0
2011-07-07 19:06:00,-0.147943831470571,-0.8113340373007456,0.2767082110837848,0.0
2011-07-07 19:07:00,-0.1435477896878975,-0.7802105314512561,0.3105373630825032,0.0
2011-07-07 19:08:00,-0.1389772597841361,-0.7474696647367572,0.3459836543799654,0.0
2011-07-07 19:09:00,-0.1342592064399704,-0.7132578466035556,0.382855172614859,0.0
2011-07-07 19:10:00,-0.1294230965709401,-0.6777393504441667,0.4209395076122045,0.0
2011-07-07 19:11:00,-0.1245005014434628,-0.6410941329584491,0.4600062273193939,0.0
2011-07-07 19:12:00,-0.1195246335277918,-0.6035152631430937,0.4998098212559786,0.0
2011-07-07 19:13:00,-0.1145298259465603,-0.565206009741301,0.5400930672378338,0.0
2011-07-07 19:14:00,-0.1095509659162617,-0.5263766554150001,0.5805907548472815,0.0
2011-07-07 19:15:00,-0.1046228973475033,-0.4872411263748029,0.6210336749625982,0.0
2011-07-07 19:16:00,-0.0997798110280339,-0.4480135443408261,0.6611527620235568,0.0
2011-07-07 19:17:00,-0.095054642558925,-0.4089048177668472,0.7006832606372234,0.0
2011-07-07 19:18:00,-0.0904784978546387,-0.3701193867978777,0.7393687861708922,0.0
2011-07-07 19:19:00,-0.0860801238279066,-0.3318522224236325,0.7769651605446929,0.0
2011-07-07 19:20:00,-0.0818854387349791,-0.2942861601052621,0.8132439243622206,0.0
2011-07-07 19:21:00,-0.0779171334569464,-0.257589626617023,0.847995448561277,0.0
2011-07-07 19:22:00,-0.0741943522472472,-0.2219147979374564,0.8810315894112355,0.0
2011-07-07 19:23:00,-0.0707324591120702,-0.1873962065357402,0.9121878491450032,0.0
2011-07-07 19:24:00,-0.067542893617808,-0.1541497992804067,0.9413250210516848,0.0
2011-07-07 19:25:00,-0.0646331173778364,-0.1222724329401464,0.9683303126779716,0.0
2011-07-07 19:26:00,-0.0620066499727242,-0.0918417823918714,0.9931179538514038,0.0
2011-07-07 19:27:00,-0.0596631908476775,-0.0629166264899597,1.0156293074741782,0.019323838841946328
2011-07-07 19:28:00,-0.0575988218600976,-0.0355374679558711,1.0358325104934265,0.03804119653484883
2011-07-07 19:29:00,-0.0558062835724666,-0.0097274370708192,1.0537216802779206,0.05524326285736669
2011-07-07 19:30:00,-0.0542753170735044,0.014506575245359,1.0693157279791736,0.0707905382811378
2011-07-07 19:31:00,-0.0529930620479525,0.0371726113181583,1.082656825457003,0.08459018498512338
2011-07-07 19:32:00,-0.051944500989396,0.058292223816892,1.0938085761139855,0.09659172699827567
2011-07-07 19:33:00,-0.0511129388686604,0.0778989902109172,1.1028539426146151,0.10678254591237257
2011-07-07 19:34:00,-0.0504805072267385,0.0960370145671157,1.1098929860757754,0.115183316911186
2011-07-07 19:35:00,-0.0500286814563348,0.1127594606698963,1.115040471990126,0.12184349136356265
2011-07-07 19:36:00,-0.0497387996146456,0.1281271530876356,1.1184233977545344,0.12683690576331652
2011-07-07 19:37:00,-0.0495925698127131,0.142207274402954,1.120178494710876,0.13025757767266044
2011-07-07 19:38:00,-0.049572550804361,0.1550721768147296,1.1204497536133708,0.13221573394277342
2011-07-07 19:39:00,-0.0496625879886874,0.1667983137431213,1.1193860168896677,0.13283410300069898
2011-07-07 19:40:00,-0.0498481865727294,0.1774652825731384,1.117138675286807,0.13224449128486193
2011-07-07 19:41:00,-0.0501168059621926,0.1871549566141008,1.1138595013946602,0.1305846544475291
2011-07-07 19:42:00,-0.0504580637471959,0.1959506768423618,1.1096986478777198,0.12799546677002893
2011-07-07 19:43:00,-0.0508638426120309,0.2039364738669515,1.1048028332943862,0.12461838697126537
2011-07-07 19:44:00,-0.0513282983026407,0.2111962965563635,1.0993137328058928,0.1205932147846489
2011-07-07 19:45:00,-0.0518477711528762,0.2178132332295227,1.093366585041759,0.11605612996358627
2011-07-07 19:46:00,-0.0524206075742623,0.2238687221105053,1.087089020215003,0.11113800344955371
2011-07-07 19:47:00,-0.0530469014432674,0.2294417588013418,1.0806001085115091,0.10596296906798375
2011-07-07 19:48:00,-0.0537281686493233,0.2346081191902216,1.0740096220101192,0.1006472431559089
2011-07-07 19:49:00,-0.0544669713187177,0.2394396252985191,1.0674174982396538,0.09529817888825631
2011-07-07 19:50:00,-0.0552665111655449,0.2440034869360841,1.0609134894670622,0.0900135416711838
2011-07-07 19:51:00,-0.0561302132297156,0.2483617515864909,1.0545769794429958,0.0848809916573503
2011-07-07 19:52:00,-0.0570613209331829,0.2525708883615924,1.0484769487215515,0.07997775902786941
2011-07-07 19:53:00,-0.058062520595738,0.2566815207749073,1.0426720704689814,0.07537049705732679
2011-07-07 19:54:00,-0.0591356090616701,0.2607383096252539,1.037210920360346,0.07111529709928299
2011-07-07 19:55:00,-0.0602812131608818,0.264779973473346,1.032132286263304,0.06725784858196682
2011-07-07 19:56:00,-0.0614985654336181,0.2688394224421267,1.027465565468649,0.06383372612134286
2011-07-07 19:57:00,-0.0627853375310569,0.2729439737354524,1.0232312388173463,0.0608687852411669
2011-07-07 19:58:00,-0.0641375309979938,0.2771156151221089,1.0194414120037316,0.05837964811082119
2011-07-07 19:59:00,-0.0655494241216379,0.2813712844270468,1.0161004147661308,0.05637426113603672
2011-07-07 20:00:00,-0.0670135724341885,0.2857231368330736,1.0132054489248932,0.054852507009021556
2011-07-07 20:01:00,-0.0685208590512322,0.2901787761033832,1.0107472765044323,0.05380685478274594
2011-07-07 20:02:00,-0.0700605896902226,0.294741430098089,1.0087109395146787,0.053223032572206064
2011-07-07 20:03:00,-0.0716206265065785,0.2994100551925092,1.007076503295805,0.0530807085793954
2011-07-07 20:04:00,-0.0731875550459435,0.3041793586536429,1.0058198155811031,0.05335416734360954
2011-07-07 20:05:00,-0.0747468793876004,0.3090397327286723,1.0049132736275257,0.05401296951033019
2011-07-07 20:06:00,-0.0762832415059628,0.3139770989544544,1.004326591965137,0.05502258503352375
2011-07-07 20:07:00,-0.0777806616943964,0.3189726659773781,1.0040275635141074,0.056344991596215754
2011-07-07 20:08:00,-0.0792227974093289,0.324002609191241,1.0039828069216246,0.05793923218033448
2011-07-07 20:09:00,-0.0805932180046818,0.3290376859023967,1.0041584929136047,0.059761928181455426
2011-07-07 20:10:00,-0.0818756925228786,0.334042805455965,1.0045210422256812,0.06176774728617618
2011-07-07 20:11:00,-0.083054487038457,0.3389765796613158,1.0050377872909202,0.0639098285375197
2011-07-07 20:12:00,-0.0841146670701708,0.3437908847767342,1.0056775893582766,0.0661401706198721
2011-07-07 20:13:00,-0.0850423993567133,0.348430472071863,1.0064114021543196,0.06840999337463693
2011-07-07 20:14:00,-0.0858252459535147,0.352832669379429,1.0072127726360354,0.07067008680805342
2011-07-07 20:15:00,-0.0864524423581221,0.3569272205532991,1.0080582689281026,0.07287116613128841
2011-07-07 20:16:00,-0.0869151505164306,0.3606363119711071,1.0089278255122909,0.07496425521706307
2011-07-07 20:17:00,-0.08720667745623,0.3638748330752411,1.0098049966315668,0.07690112357661127
2011-07-07 20:18:00,-0.0873226511468126,0.3665509101596096,1.0106771109927115,0.07863480280710378
2011-07-07 20:19:00,-0.0872611468974076,0.3685667398763095,1.0115353240162328,0.08012020684437116
2011-07-07 20:20:00,-0.0870227598612214,0.3698197331324245,1.012374567593896,0.08131487590753572
2011-07-07 20:21:00,-0.0866106216724118,0.370203962758202,1.0131934011360235,0.08217985655524984
2011-07-07 20:22:00,-0.0860303616381437,0.3696118908688606,1.0139937713121665,0.0826807199055104
2011-07-07 20:23:00,-0.0852900149317831,0.3679363362636316,1.0147806909432755,0.08278870741316813
2011-07-07 20:24:00,-0.0843998816058858,0.3650726309251411,1.0155618496055736,0.08248197963752979
2011-07-07 20:25:00,-0.0833723409993723,0.3609209085623054,1.0163471695675816,0.08174692907777192
2011-07-07 20:26:00,-0.0822216266286243,0.3553884657957648,1.0171483210057617,0.08057950398430402
2011-07-07 20:27:00,-0.0809635672232417,0.3483921360850202,1.0179782103920472,0.07898647653081858
2011-07-07 20:28:00,-0.0796153001466582,0.3398606169358637,1.018850455664696,0.07698657650391683
2011-07-07 20:29:00,-0.0781949638610579,0.3297366921577531,1.0197788613160843,0.0746114016310726
2011-07-07 20:30:00,-0.0767213763027369,0.3179792928475105,1.0207769059249974,0.07190600890721766
2011-07-07 20:31:00,-0.0752137060476745,0.3045653433059215,1.02185725396908,0.06892908904646644
2011-07-07 20:32:00,-0.073691142976486,0.2894913414868937,1.0230313029054467,0.0657526298693698
2011-07-07 20:33:00,-0.0721725748083412,0.2727746282138546,1.0243087753757265,0.06246098547823986
2011-07-07 20:34:00,-0.0706762753899764,0.2544543054973078,1.0256973649099863,0.059149287811877116
2011-07-07 20:35:00,-0.069219610007941,0.2345917718057824,1.0272024417252843,0.055921166609995465
2011-07-07 20:36:00,-0.0678187622327027,0.2132708508798592,1.0288268232681363,0.05288578327461524
2011-07-07 20:37:00,-0.0664884858940837,0.1905975004906409,1.0305706121429157,0.05015423274983366
2011-07-07 20:38:00,-0.0652418847392816,0.1666990984796758,1.032431102012921,0.04783542284171949
2011-07-07 20:39:00,-0.0640902211826878,0.1417233157159423,1.0344027498709412,0.046031597806362345
2011-07-07 20:40:00,-0.0630427544013219,0.1158365994741972,1.0364772106382705,0.04483372592615931
2011-07-07 20:41:00,-0.0621066070034913,0.0892223056382917,1.0386434274430936,0.04431701117411446
2011-07-07 20:42:00,-0.0612866588622066,0.0620785319237526,1.040887768675706,0.044536809145082845
2011-07-07 20:43:00,-0.0605854667799311,0.0346157138966331,1.0431942018273397,0.04552522167554418
2011-07-07 20:44:00,-0.0600032095677021,0.0070540493100579,1.0455444945978465,0.04728861110677629
2011-07-07 20:45:00,-0.0595376596000421,-0.0203791847922375,1.0479184353821491,0.049806216069050446
2011-07-07 20:46:00,-0.059184183360141,-0.0474523619234881,1.0502940671658056,0.05302997190764436
2011-07-07 20:47:00,-0.0589357744042677,-0.073932229515256,1.0526479304717662,0.05688554990226802
2011-07-07 20:48:00,-0.0587831224085759,-0.099586581867538,1.0549553121711996,0.06127454197601234
2011-07-07 20:49:00,-0.0587147216811814,-0.1241868496589162,1.0571904978669564,0.06607764302159902
2011-07-07 20:50:00,-0.0587170219247459,-0.1475105831636771,1.0593270263932983,0.07115862954852159
2011-07-07 20:51:00,-0.0587746232103549,-0.1693438144657623,1.06133794583332,0.07636890474271185
2011-07-07 20:52:00,-0.0588705161213921,-0.1894832900411307,1.063196071255628,0.0815523754338543
2011-07-07 20:53:00,-0.0589863669057596,-0.2077385696285012,1.064874244979518,0.08655044172497361
2011-07-07 20:54:00,-0.0591028462138699,-0.2239339905748931,1.06634560053959,0.09120690904865314
2011-07-07 20:55:00,-0.059199998387502,-0.2379104984903987,1.0675838317157813,0.09537266847497161
2011-07-07 20:56:00,-0.0592576460430875,-0.2495273444735597,1.0685634681387564,0.09891002802564386
2011-07-07 20:57:00,-0.0592558219780004,-0.2586636461959539,1.0692601590568234,0.10169661070909042
2011-07-07 20:58:00,-0.0591752179267118,-0.2652198055718699,1.069650966691411,0.1036287610551494
2011-07-07 20:59:00,-0.0589976382483848,-0.2691187712282004,1.0697146700743003,0.10462442020735407
2011-07-07 21:00:00,-0.0587064464793984,-0.2703071308964271,1.0694320793931984,0.10462544072955193
2011-07-07 21:01:00,-0.058286993318737,-0.2687560173166963,1.0687863598539782,0.10359931743544859
2011-07-07 21:02:00,-0.0577270153393115,-0.2644618106283337,1.0677633630662635,0.101540311149519
2011-07-07 21:03:00,-0.0570169942592322,-0.2574466200449743,1.0663519630449934,0.09846993991499353
2011-07-07 21:04:00,-0.056150467132999,-0.2477585277765212,1.0645443930841032,0.09443680854220404
2011-07-07 21:05:00,-0.0551242785740019,-0.2354715787653201,1.062336578931459,0.08951574446188348
2011-07-07 21:06:00,-0.053938767153906,-0.2206855010685679,1.059728462790319,0.0838062076920858
2011-07-07 21:07:00,-0.0525978793665343,-0.2035251437395782,1.0567243116879652,0.07742994758846211
2011-07-07 21:08:00,-0.0511092059363566,-0.1841396216102241,1.0533330028091976,0.07052789126918246
2011-07-07 21:09:00,-0.0494839367973153,-0.162701159148266,1.049568277641038,0.0632562704350843
2011-07-07 21:10:00,-0.0477367327616689,-0.1394036285493345,1.0454489562880342,0.055782026514573646
2011-07-07 21:11:00,-0.0458855136538574,-0.1144607807629062,1.0409991030971797,0.048277579339205845
2011-07-07 21:12:00,-0.0439511643371684,-0.0881041726842556,1.0362481347629844,0.040915100712221486
2011-07-07 21:13:00,-0.0419571614607515,-0.0605807996000044,1.0312308623581827,0.03386049743571351
2011-07-07 21:14:00,-0.0399291248835177,-0.0321504494257632,1.025987459229903,0.02726737167558957
2011-07-07 21:15:00,-0.0378942988362673,-0.0030828046278111,1.020563347347301,0.021271280080563892
2011-07-07 21:16:00,-0.0358809695158862,0.0263456711043496,1.0150089954069126,0.01598464511836406
2011-07-07 21:17:00,-0.033917828446319,0.0558550127437812,1.009379622781157,0.011492671461811543
2011-07-07 21:18:00,-0.0320332943354492,0.0851651425103605,1.0037348043191303,0.007850579622968867
2011-07-07 21:19:00,-0.0302548093225105,0.1139993053305991,0.9981379722832796,0.005082388074120869
2011-07-07 21:20:00,-0.0286081276721919,0.1420874904901719,0.9926558136505914,0.0031813616176392667
2011-07-07 21:21:00,-0.027116616145014,0.1691697816785833,0.9873575639261954,0.0021121119648273012
2011-07-07 21:22:00,-0.0258005858295703,0.1949995787426048,0.9823142025774996,0.001814203594863839
2011-07-07 21:23:00,-0.0246766754720837,0.2193466331927057,0.9775975599271626,0.0022070010635886206
2011-07-07 21:24:00,-0.0237573066606838,0.2419998376062675,0.9732793503745492,0.003195407130003769
2011-07-07 21:25:00,-0.0230502319134039,0.2627697083304361,0.969430151686363,0.004676092980204771
2011-07-07 21:26:00,-0.0225581974242999,0.2814905024321113,0.9661183543121508,0.006543814132963899
2011-07-07 21:27:00,-0.02227874179981,0.2980219149892999,0.9634091074857872,0.008697433592766313
2011-07-07 21:28:00,-0.0222041492996866,0.3122503129780775,0.9613632893420224,0.011045328506859464
2011-07-07 21:29:00,-0.0223215704067525,0.3240894775379061,0.960036525795132,0.01350992734013401
2011-07-07 21:30:00,-0.0226133146383336,0.3334808462362902,0.9594782775494776,0.01603120124074775
2011-07-07 21:31:00,-0.0230573115614239,0.3403932693741798,0.9597310069849808,0.018569007588631115
2011-07-07 21:32:00,-0.0236277269145493,0.3448223175052141,0.9608294278488616,0.02110425008868999
2011-07-07 21:33:00,-0.0242957122050095,0.3467891987671,0.962799832205914,0.023638875243028323
2011-07-07 21:34:00,-0.02503025892801,0.3463393609543897,0.96565948287961,0.026194768883380348
2011-07-07 21:35:00,-0.0257991237104838,0.3435408612486822,0.9694160572759324,0.028811649543359685
2011-07-07 21:36:00,-0.0265697891913587,0.3384825853571782,0.97406713021299,0.03154407974120166
2011-07-07 21:37:00,-0.0273104276321856,0.33127238986115,0.9795996877943278,0.03445773430745591
2011-07-07 21:38:00,-0.0279908392679247,0.3220352303403734,0.985989669729083,0.03762507943657867
2011-07-07 21:39:00,-0.0285833433658714,0.3109113256601468,0.9932015428683724,0.041120629273013964
2011-07-07 21:40:00,-0.0290636050267857,0.2980543965274873,1.001187913895907,0.04501595937945169
2011-07-07 21:41:00,-0.0294113843181292,0.2836300039551045,1.0098891941151111,0.049374667629036084
2011-07-07 21:42:00,-0.0296111969446591,0.2678139998948452,1.0192333341075928,0.05424748085079689
2011-07-07 21:43:00,-0.0296528781265426,0.2507910877061222,1.0291356503822624,0.05966770722794501
2011-07-07 21:44:00,-0.0295320438940436,0.232753476496185,1.0394987689026407,0.06564722726975902
2011-07-07 21:45:00,-0.0292504462395896,0.2138996055028574,1.0502127098242215,0.07217319762985475
2011-07-07 21:46:00,-0.0288162200143706,0.1944329158873502,1.061155132983114,0.07920561042499408
2011-07-07 21:47:00,-0.0282440200478787,0.1745606551118687,1.072191756236179,0.08667580681745712
2011-07-07 21:48:00,-0.0275550471131005,0.1544927069655851,1.0831769520209389,0.09448599192330032
2011-07-07 21:49:00,-0.0267769616151584,0.1344404437092939,1.093954523756719,0.10250974536549173
2011-07-07 21:50:00,-0.0259436845999748,0.1146155960171706,1.1043586626012152,0.11059347435654354
2011-07-07 21:51:00,-0.0250950868869378,0.0952291340146028,1.1142150849277186,0.11855871854432265
2011-07-07 21:52:00,-0.0242765686141962,0.0764901504672062,1.1233423505011773,0.12620519059880264
2011-07-07 21:53:00,-0.0235385329980446,0.0586047353917829,1.131553360368542,0.13331442455630116
2011-07-07 21:54:00,-0.0229357595563023,0.041774830082063,1.1386570319073217,0.1396539043967695
2011-07-07 21:55:00,-0.0225266835153424,0.0261970481629891,1.1444601461995274,0.14498155576485083
2011-07-07 21:56:00,-0.0223725896782218,0.0120614521162921,1.1487693598497632,0.1490505008596006
2011-07-07 21:57:00,-0.0225367305627398,-0.0004497244002878,1.1513933697028749,0.1516139970807211
2011-07-07 21:58:00,-0.0230833799345941,-0.0111634153319537,1.152145214918549,0.15243050138860337
2011-07-07 21:59:00,-0.0240768339261527,-0.0199171249597242,1.1508446966642771,0.15126882249058626
2011-07-07 22:00:00,-0.0255803728991143,-0.0265603917779979,1.1473208912683035,0.1479133405574451
2011-07-07 22:01:00,-0.0276551982387796,-0.0309563038007505,1.141414728046712,0.14216928873813628
2011-07-07 22:02:00,-0.0303593593771525,-0.0329830486471569,1.1329815983148188,0.13386810269971572
2011-07-07 22:03:00,-0.0337466874356833,-0.032535475966108,1.1218939574556182,0.12287285472784104
2011-07-07 22:04:00,-0.0378657528007385,-0.0295266453336269,1.1080438774647932,0.10908379864058881
2011-07-07 22:05:00,-0.0427588645068824,-0.0238893290433137,1.091345503291974,0.09244406176777287
2011-07-07 22:06:00,-0.0484611293985134,-0.0155774355430392,1.071737362770014,0.07294553091846256
2011-07-07 22:07:00,-0.0549995887510478,-0.0045673156794056,1.049184477123253,0.05063498998067528
2011-07-07 22:08:00,-0.0623924495151386,0.0091410890749221,1.0236802170771129,0.025620575115875788
2011-07-07 22:09:00,-0.0706484266415481,0.0255232993199845,0.995247848663476,0.0
2011-07-07 22:10:00,-0.0797662119988347,0.0445295954144652,0.9639417132220812,0.0
2011-07-07 22:11:00,-0.0897340842840242,0.0660846039980575,0.929847988039102,0.0
2011-07-07 22:12:00,-0.1005296732967399,0.0900872148897745,0.8930849776469588,0.0
2011-07-07 22:13:00,-0.1121198910926264,0.1164108653230913,0.8538028911725342,0.0
2011-07-07 22:14:00,-0.1244610414701776,0.1449042221645616,0.8121830684582536,0.0
2011-07-07 22:15:00,-0.1374991173546857,0.175392285268377,0.7684366271887664,0.0
2011-07-07 22:16:00,-0.1511702925866957,0.2076779266159299,0.7228025150821193,0.0
2011-07-07 22:17:00,-0.1654016104641909,0.2415438703286369,0.6755449654404355,0.0
2011-07-07 22:18:00,-0.1801118663301719,0.2767551078751777,0.6269503711132319,0.0
2011-07-07 22:19:00,-0.1952126757650269,0.3130617301980685,0.5773236113491723,0.0
2011-07-07 22:20:00,-0.2106097137933031,0.3502021427865173,0.5269838881858308,0.0
2011-07-07 22:21:00,-0.2262041039638002,0.3879066099590429,0.4762601539189592,0.0
2011-07-07 22:22:00,-0.2418939286979685,0.425901051552591,0.4254862380995334,0.0
2011-07-07 22:23:00,-0.2575758235866245,0.4639109921106624,0.3749958083447024,0.0
2011-07-07 22:24:00,-0.2731466098050146,0.5016655452402432,0.3251173174206485,0.0
2011-07-07 22:25:00,-0.2885049138836802,0.5389013101356274,0.2761690924530519,0.0
2011-07-07 22:26:00,-0.303552725231315,0.5753660654068937,0.2284547090347977,0.0
2011-07-07 22:27:00,-0.3181968482530411,0.6108221633840886,0.1822587688243891,0.0
2011-07-07 22:28:00,-0.3323502147057694,0.6450495496536346,0.1378431715642657,0.0
2011-07-07 22:29:00,-0.3459330307592588,0.677848353482207,0.0954439460495867,0.0
2011-07-07 22:30:00,-0.3588737412464507,0.7090410136019119,0.0552686809194553,0.0
2011-07-07 22:31:00,-0.3711098006870238,0.738473920432915,0.017494575331118,0.0
2011-07-07 22:32:00,-0.3825882468840003,0.7660185702831979,-0.0177328884986155,0.0
2011-07-07 22:33:00,-0.3932660782599891,0.7915722394788947,-0.0503006643563643,0.0
2011-07-07 22:34:00,-0.4031104406570959,0.8150581968419274,-0.0801282791296917,0.0
2011-07-07 22:35:00,-0.41209863311634,0.836425481553063,-0.1071674249687092,0.0
2011-07-07 22:36:00,-0.4202179452255955,0.8556482803355882,-0.1314010519353359,0.0
2011-07-07 22:37:00,-0.427465341029285,0.8727249431921764,-0.1528420129163712,0.0
2011-07-07 22:38:00,-0.4338470062800532,0.8876766807542568,-0.1715313170577355,0.002804122022152633
2011-07-07 22:39:00,-0.4393777770356091,0.9005459887905566,-0.1875360507603297,0.01941438052162847
2011-07-07 22:40:00,-0.4440804683168471,0.9113948467019708,-0.2009470265373778,0.03355103231994927
2011-07-07 22:41:00,-0.4479851218004584,0.9203027370364326,-0.2118762199425992,0.04524606180960333
2011-07-07 22:42:00,-0.4511281913743866,0.9273645323219828,-0.2204540535094054,0.05457176643897621
2011-07-07 22:43:00,-0.4535516848906396,0.9326882939681088,-0.2268265843608219,0.061634063105115544
2011-07-07 22:44:00,-0.455302279658729,0.936393025750244,-0.2311526490199754,0.06656627158610462
2011-07-07 22:45:00,-0.4564304281841176,0.9386064215910026,-0.2336010151275704,0.0695233446226573
2011-07-07 22:46:00,0.0,0.0,0.0,0.0
2011-07-07 22:47:00,-0.4570347593826989,0.9391001667359846,-0.2335726944334793,0.07020843672271204
2011-07-07 22:48:00,-0.4566228335568452,0.9376597086335144,-0.2314585337800776,0.0683085669317609
2011-07-07 22:49:00,-0.4558106117681794,0.9352822871283922,-0.2281867358311944,0.06516921511368023
2011-07-07 22:50:00,-0.454654654789668,0.932107409006326,-0.2239361414788115,0.06098184362731529
2011-07-07 22:51:00,-0.4532104801530825,0.928271417444676,-0.2188807716739822,0.05593387859938148
2011-07-07 22:52:00,-0.4515319431168799,0.9239060076848854,-0.2131880178690687,0.05020595011362938
2011-07-07 22:53:00,-0.4496706871603863,0.9191369206651908,-0.2070170615954101,0.04396957312595129
2011-07-07 22:54:00,-0.4476756668895095,0.914082820230912,-0.2005175289142629,0.037385263230660604
2011-07-07 22:55:00,-0.4455927448388986,0.9088543561598432,-0.1938283812825399,0.030601075273258393
2011-07-07 22:56:00,-0.4434643623574077,0.9035534121269956,-0.1870770405286058,0.023751546196800755
2011-07-07 22:57:00,-0.4413292835795377,0.8982725349120534,-0.1803787421665121,0.016957016863410557
2011-07-07 22:58:00,-0.4392224104238319,0.8930945386430509,-0.1738361082103184,0.010323301369553839
2011-07-07 22:59:00,-0.4371746656257428,0.8880922756828141,-0.1675389279959208,0.00394166702377774
2011-07-07 23:00:00,-0.4352129400103173,0.8833285639058964,-0.161564133280669,0.0
2011-07-07 23:01:00,-0.4333600995398123,0.8788562585823395,-0.1559759520684198,0.0
2011-07-07 23:02:00,-0.43163504713149,0.8747184558744235,-0.1508262241905593,0.0
2011-07-07 23:03:00,-0.4300528338278779,0.8709488140528266,-0.1461548606473125,0.0
2011-07-07 23:04:00,-0.4286248136106084,0.8675719779347693,-0.1419904280588771,0.0
2011-07-07 23:05:00,-0.4273588359729783,0.8646040917213533,-0.1383508392690499,0.0
2011-07-07 23:06:00,-0.4262594702978038,0.8620533853446486,-0.1352441311582392,0.0
2011-07-07 23:07:00,-0.4253282561171505,0.8599208196050505,-0.1326693110287462,0.0
2011-07-07 23:08:00,-0.4245639734495181,0.8582007757619047,-0.1306172534917325,0.0
2011-07-07 23:09:00,-0.4239629276080257,0.8568817758097935,-0.1290716305800346,0.0
2011-07-07 23:10:00,-0.4235192431398265,0.8559472204030434,-0.1280098588009974,0.0
2011-07-07 23:11:00,0.0,0.0,0.0,0.0
2011-07-07 23:12:00,0.0,0.0,0.0,0.0
2011-07-07 23:13:00,0.0,0.0,0.0,0.0
2011-07-07 23:14:00,-0.4231409261587046,0.8555836005833365,-0.1279833703324024,0.0
2011-07-07 23:15:00,-0.4233403095414201,0.8561944734255698,-0.1288485665652961,0.0
2011-07-07 23:16:00,-0.4236324353940716,0.8570233401924922,-0.129982382488405,0.0
2011-07-07 23:17:00,-0.4240042079648932,0.8580376006442317,-0.1313435486564464,0.0
2011-07-07 23:18:00,-0.424442515110744,0.8592048321891387,-0.1328911983678227,0.0
2011-07-07 23:19:00,-0.4249344291224652,0.8604932677527833,-0.1345854535524852,0.0
2011-07-07 23:20:00,-0.4254673859496048,0.8618722188704632,-0.1363879399574815,0.0
2011-07-07 23:21:00,-0.4260293421906322,0.8633124428137539,-0.1382622305591281,0.0
2011-07-07 23:22:00,-0.4266089095982491,0.8647864534929824,-0.1401742172926293,0.0
2011-07-07 23:23:00,-0.4271954672016801,0.8662687767307273,-0.1420924122477909,0.0
2011-07-07 23:24:00,-0.4277792514666741,0.867736151270302,-0.143988180426329,0.0
2011-07-07 23:25:00,-0.4283514251979157,0.8691676775628643,-0.1458359069875245,0.0
2011-07-07 23:26:00,-0.4289041261365655,0.8705449169645759,-0.1476131026221234,0.0
2011-07-07 23:27:00,-0.4294304964171437,0.871851944470431,-0.1493004512889773,0.0
2011-07-07 23:28:00,-0.4299246942230204,0.8730753585147827,-0.1508818050262658,0.0
2011-07-07 23:29:00,-0.4303818891190036,0.8742042516822818,-0.1523441309121328,0.0
2011-07-07 23:30:00,-0.4307982426438314,0.8752301464002937,-0.1536774155024835,0.0
2011-07-07 23:31:00,-0.4311708758162111,0.8761468998296659,-0.1548745322221482,0.0
2011-07-07 23:32:00,-0.4314978252476361,0.8769505822406436,-0.1559310772365147,0.0
2011-07-07 23:33:00,-0.4317779895663084,0.8776393331608024,-0.1568451792920088,0.0
2011-07-07 23:34:00,-0.4320110678417619,0.8782131995184367,-0.1576172888941887,0.0
2011-07-07 23:35:00,-0.4321974916615202,0.878673959884831,-0.1582499520008776,0.0
2011-07-07 23:36:00,0.0,0.0,0.0,0.0
2011-07-07 23:37:00,0.0,0.0,0.0,0.0
2011-07-07 23:38:00,0.0,0.0,0.0,0.0
2011-07-07 23:39:00,0.0,0.0,0.0,0.0
2011-07-07 23:40:00,0.0,0.0,0.0,0.0
2011-07-07 23:41:00,0.0,0.0,0.0,0.0
2011-07-07 23:42:00,0.0,0.0,0.0,0.0
2011-07-07 23:43:00,0.0,0.0,0.0,0.0
2011-07-07 23:44:00,0.0,0.0,0.0,0.0
2011-07-07 23:45:00,0.0,0.0,0.0,0.0
2011-07-07 23:46:00,0.0,0.0,0.0,0.0
2011-07-07 23:47:00,0.0,0.0,0.0,0.0
2011-07-07 23:48:00,0.0,0.0,0.0,0.0
2011-07-07 23:49:00,0.0,0.0,0.0,0.0
2011-07-07 23:50:00,0.0,0.0,0.0,0.0
2011-07-07 23:51:00,0.0,0.0,0.0,0.0
2011-07-07 23:52:00,0.0,0.0,0.0,0.0
2011-07-07 23:53:00,0.0,0.0,0.0,0.0
2011-07-07 23:54:00,0.0,0.0,0.0,0.0
2011-07-07 23:55:00,0.0,0.0,0.0,0.0
2011-07-07 23:56:00,0.0,0.0,0.0,0.0
2011-07-07 23:57:00,0.0,0.0,0.0,0.0
2011-07-07 23:58:00,0.0,0.0,0.0,0.0
2011-07-07 23:59:00,0.0,0.0,0.0,0.0
2011-07-08 00:00:00,0.0,0.0,0.0,0.0
2011-07-08 00:01:00,0.0,0.0,0.0,0.0
2011-07-08 00:02:00,0.0,0.0,0.0,0.0
2011-07-08 00:03:00,0.0,0.0,0.0,0.0
2011-07-08 00:04:00,0.0,0.0,0.0,0.0
2011-07-08 00:05:00,0.0,0.0,0.0,0.0
2011-07-08 00:06:00,0.0,0.0,0.0,0.0
2011-07-08 00:07:00,0.0,0.0,0.0,0.0
2011-07-08 00:08:00,0.0,0.0,0.0,0.0
2011-07-08 00:09:00,0.0,0.0,0.0,0.0
2011-07-08 00:10:00,0.0,0.0,0.0,0.0
2011-07-08 00:11:00,0.0,0.0,0.0,0.0
2011-07-08 00:12:00,0.0,0.0,0.0,0.0
2011-07-08 00:13:00,0.0,0.0,0.0,0.0
2011-07-08 00:14:00,0.0,0.0,0.0,0.0
2011-07-08 00:15:00,0.0,0.0,0.0,0.0
2011-07-08 00:16:00,0.0,0.0,0.0,0.0
2011-07-08 00:17:00,0.0,0.0,0.0,0.0
2011-07-08 00:18:00,0.0,0.0,0.0,0.0
2011-07-08 00:19:00,0.0,0.0,0.0,0.0
2011-07-08 00:20:00,0.0,0.0,0.0,0.0
2011-07-08 00:21:00,0.0,0.0,0.0,0.0
2011-07-08 00:22:00,0.0,0.0,0.0,0.0
2011-07-08 00:23:00,0.0,0.0,0.0,0.0
2011-07-08 00:24:00,0.0,0.0,0.0,0.0
2011-07-08 00:25:00,0.0,0.0,0.0,0.0
2011-07-08 00:26:00,0.0,0.0,0.0,0.0
2011-07-08 00:27:00,0.0,0.0,0.0,0.0
2011-07-08 00:28:00,0.0,0.0,0.0,0.0
2011-07-08 00:29:00,0.0,0.0,0.0,0.0
2011-07-08 00:30:00,0.0,0.0,0.0,0.0
2011-07-08 00:31:00,0.0,0.0,0.0,0.0
2011-07-08 00:32:00,0.0,0.0,0.0,0.0
2011-07-08 00:33:00,0.0,0.0,0.0,0.0
2011-07-08 00:34:00,0.0,0.0,0.0,0.0
2011-07-08 00:35:00,0.0,0.0,0.0,0.0
2011-07-08 00:36:00,0.0,0.0,0.0,0.0
2011-07-08 00:37:00,0.0,0.0,0.0,0.0
2011-07-08 00:38:00,0.0,0.0,0.0,0.0
2011-07-08 00:39:00,0.0,0.0,0.0,0.0
2011-07-08 00:40:00,0.0,0.0,0.0,0.0
2011-07-08 00:41:00,0.0,0.0,0.0,0.0
2011-07-08 00:42:00,0.0,0.0,0.0,0.0
2011-07-08 00:43:00,0.0,0.0,0.0,0.0
2011-07-08 00:44:00,0.0,0.0,0.0,0.0
2011-07-08 00:45:00,0.0,0.0,0.0,0.0
2011-07-08 00:46:00,0.0,0.0,0.0,0.0
2011-07-08 00:47:00,0.0,0.0,0.0,0.0
2011-07-08 00:48:00,0.0,0.0,0.0,0.0
2011-07-08 00:49:00,0.0,0.0,0.0,0.0
2011-07-08 00:50:00,0.0,0.0,0.0,0.0
2011-07-08 00:51:00,0.0,0.0,0.0,0.0
2011-07-08 00:52:00,0.0,0.0,0.0,0.0
2011-07-08 00:53:00,0.0,0.0,0.0,0.0
2011-07-08 00:54:00,0.0,0.0,0.0,0.0
2011-07-08 00:55:00,0.0,0.0,0.0,0.0
2011-07-08 00:56:00,0.0,0.0,0.0,0.0
2011-07-08 00:57:00,0.0,0.0,0.0,0.0
2011-07-08 00:58:00,0.0,0.0,0.0,0.0
2011-07-08 00:59:00,0.0,0.0,0.0,0.0
2011-07-08 01:00:00,0.0,0.0,0.0,0.0
2011-07-08 01:01:00,0.0,0.0,0.0,0.0
2011-07-08 01:02:00,0.0,0.0,0.0,0.0
2011-07-08 01:03:00,0.0,0.0,0.0,0.0
2011-07-08 01:04:00,0.0,0.0,0.0,0.0
2011-07-08 01:05:00,0.0,0.0,0.0,0.0
2011-07-08 01:06:00,0.0,0.0,0.0,0.0
2011-07-08 01:07:00,0.0,0.0,0.0,0.0
2011-07-08 01:08:00,0.0,0.0,0.0,0.0
2011-07-08 01:09:00,0.0,0.0,0.0,0.0
2011-07-08 01:10:00,0.0,0.0,0.0,0.0
2011-07-08 01:11:00,0.0,0.0,0.0,0.0
2011-07-08 01:12:00,0.0,0.0,0.0,0.0
2011-07-08 01:13:00,0.0,0.0,0.0,0.0
2011-07-08 01:14:00,0.0,0.0,0.0,0.0
2011-07-08 01:15:00,0.0,0.0,0.0,0.0
2011-07-08 01:16:00,0.0,0.0,0.0,0.0
2011-07-08 01:17:00,0.0,0.0,0.0,0.0
2011-07-08 01:18:00,0.0,0.0,0.0,0.0
2011-07-08 01:19:00,0.0,0.0,0.0,0.0
2011-07-08 01:20:00,0.0,0.0,0.0,0.0
2011-07-08 01:21:00,0.0,0.0,0.0,0.0
2011-07-08 01:22:00,0.0,0.0,0.0,0.0
2011-07-08 01:23:00,0.0,0.0,0.0,0.0
2011-07-08 01:24:00,0.0,0.0,0.0,0.0
2011-07-08 01:25:00,0.0,0.0,0.0,0.0
2011-07-08 01:26:00,0.0,0.0,0.0,0.0
2011-07-08 01:27:00,0.0,0.0,0.0,0.0
2011-07-08 01:28:00,0.0,0.0,0.0,0.0
2011-07-08 01:29:00,0.0,0.0,0.0,0.0
2011-07-08 01:30:00,0.0,0.0,0.0,0.0
2011-07-08 01:31:00,0.0,0.0,0.0,0.0
2011-07-08 01:32:00,0.0,0.0,0.0,0.0
2011-07-08 01:33:00,0.0,0.0,0.0,0.0
2011-07-08 01:34:00,0.0,0.0,0.0,0.0
2011-07-08 01:35:00,0.0,0.0,0.0,0.0
2011-07-08 01:36:00,0.0,0.0,0.0,0.0
2011-07-08 01:37:00,0.0,0.0,0.0,0.0
2011-07-08 01:38:00,0.0,0.0,0.0,0.0
2011-07-08 01:39:00,0.0,0.0,0.0,0.0
2011-07-08 01:40:00,0.0,0.0,0.0,0.0
2011-07-08 01:41:00,0.0,0.0,0.0,0.0
2011-07-08 01:42:00,0.0,0.0,0.0,0.0
2011-07-08 01:43:00,0.0,0.0,0.0,0.0
2011-07-08 01:44:00,0.0,0.0,0.0,0.0
2011-07-08 01:45:00,0.0,0.0,0.0,0.0
2011-07-08 01:46:00,0.0,0.0,0.0,0.0
2011-07-08 01:47:00,0.0,0.0,0.0,0.0
2011-07-08 01:48:00,0.0,0.0,0.0,0.0
2011-07-08 01:49:00,0.0,0.0,0.0,0.0
2011-07-08 01:50:00,0.0,0.0,0.0,0.0
2011-07-08 01:51:00,0.0,0.0,0.0,0.0
2011-07-08 01:52:00,0.0,0.0,0.0,0.0
2011-07-08 01:53:00,0.0,0.0,0.0,0.0
2011-07-08 01:54:00,0.0,0.0,0.0,0.0
2011-07-08 01:55:00,0.0,0.0,0.0,0.0
2011-07-08 01:56:00,0.0,0.0,0.0,0.0
2011-07-08 01:57:00,0.0,0.0,0.0,0.0
2011-07-08 01:58:00,0.0,0.0,0.0,0.0
2011-07-08 01:59:00,0.0,0.0,0.0,0.0
2011-07-08 02:00:00,0.0,0.0,0.0,0.0
2011-07-08 02:01:00,0.0,0.0,0.0,0.0
2011-07-08 02:02:00,0.0,0.0,0.0,0.0
2011-07-08 02:03:00,0.0,0.0,0.0,0.0
2011-07-08 02:04:00,0.0,0.0,0.0,0.0
2011-07-08 02:05:00,0.0,0.0,0.0,0.0
2011-07-08 02:06:00,0.0,0.0,0.0,0.0
2011-07-08 02:07:00,0.0,0.0,0.0,0.0
2011-07-08 02:08:00,0.0,0.0,0.0,0.0
2011-07-08 02:09:00,0.0,0.0,0.0,0.0
2011-07-08 02:10:00,0.0,0.0,0.0,0.0
2011-07-08 02:11:00,0.0,0.0,0.0,0.0
2011-07-08 02:12:00,0.0,0.0,0.0,0.0
2011-07-08 02:13:00,0.0,0.0,0.0,0.0
2011-07-08 02:14:00,0.0,0.0,0.0,0.0
2011-07-08 02:15:00,0.0,0.0,0.0,0.0
2011-07-08 02:16:00,0.0,0.0,0.0,0.0
2011-07-08 02:17:00,0.0,0.0,0.0,0.0
2011-07-08 02:18:00,0.0,0.0,0.0,0.0
2011-07-08 02:19:00,0.0,0.0,0.0,0.0
2011-07-08 02:20:00,0.0,0.0,0.0,0.0
2011-07-08 02:21:00,0.0,0.0,0.0,0.0
2011-07-08 02:22:00,0.0,0.0,0.0,0.0
2011-07-08 02:23:00,0.0,0.0,0.0,0.0
2011-07-08 02:24:00,0.0,0.0,0.0,0.0
2011-07-08 02:25:00,0.0,0.0,0.0,0.0
2011-07-08 02:26:00,0.0,0.0,0.0,0.0
2011-07-08 02:27:00,0.0,0.0,0.0,0.0
2011-07-08 02:28:00,0.0,0.0,0.0,0.0
2011-07-08 02:29:00,0.0,0.0,0.0,0.0
2011-07-08 02:30:00,0.0,0.0,0.0,0.0
2011-07-08 02:31:00,0.0,0.0,0.0,0.0
2011-07-08 02:32:00,0.0,0.0,0.0,0.0
2011-07-08 02:33:00,0.0,0.0,0.0,0.0
2011-07-08 02:34:00,0.0,0.0,0.0,0.0
2011-07-08 02:35:00,0.0,0.0,0.0,0.0
2011-07-08 02:36:00,0.0,0.0,0.0,0.0
2011-07-08 02:37:00,0.0,0.0,0.0,0.0
2011-07-08 02:38:00,0.0,0.0,0.0,0.0
2011-07-08 02:39:00,0.0,0.0,0.0,0.0
2011-07-08 02:40:00,0.0,0.0,0.0,0.0
2011-07-08 02:41:00,0.0,0.0,0.0,0.0
2011-07-08 02:42:00,0.0,0.0,0.0,0.0
2011-07-08 02:43:00,0.0,0.0,0.0,0.0
2011-07-08 02:44:00,0.0,0.0,0.0,0.0
2011-07-08 02:45:00,0.0,0.0,0.0,0.0
2011-07-08 02:46:00,0.0,0.0,0.0,0.0
2011-07-08 02:47:00,0.0,0.0,0.0,0.0
2011-07-08 02:48:00,0.0,0.0,0.0,0.0
2011-07-08 02:49:00,0.0,0.0,0.0,0.0
2011-07-08 02:50:00,0.0,0.0,0.0,0.0
2011-07-08 02:51:00,0.0,0.0,0.0,0.0
2011-07-08 02:52:00,0.0,0.0,0.0,0.0
2011-07-08 02:53:00,0.0,0.0,0.0,0.0
2011-07-08 02:54:00,0.0,0.0,0.0,0.0
2011-07-08 02:55:00,0.0,0.0,0.0,0.0
2011-07-08 02:56:00,0.0,0.0,0.0,0.0
2011-07-08 02:57:00,0.0,0.0,0.0,0.0
2011-07-08 02:58:00,0.0,0.0,0.0,0.0
2011-07-08 02:59:00,0.0,0.0,0.0,0.0
2011-07-08 03:00:00,0.0,0.0,0.0,0.0
2011-07-08 03:01:00,0.0,0.0,0.0,0.0
2011-07-08 03:02:00,0.0,0.0,0.0,0.0
2011-07-08 03:03:00,0.0,0.0,0.0,0.0
2011-07-08 03:04:00,0.0,0.0,0.0,0.0
2011-07-08 03:05:00,0.0,0.0,0.0,0.0
2011-07-08 03:06:00,0.0,0.0,0.0,0.0
2011-07-08 03:07:00,0.0,0.0,0.0,0.0
2011-07-08 03:08:00,0.0,0.0,0.0,0.0
2011-07-08 03:09:00,0.0,0.0,0.0,0.0
2011-07-08 03:10:00,0.0,0.0,0.0,0.0
2011-07-08 03:11:00,0.0,0.0,0.0,0.0
2011-07-08 03:12:00,0.0,0.0,0.0,0.0
2011-07-08 03:13:00,0.0,0.0,0.0,0.0
2011-07-08 03:14:00,0.0,0.0,0.0,0.0
2011-07-08 03:15:00,0.0,0.0,0.0,0.0
2011-07-08 03:16:00,0.0,0.0,0.0,0.0
2011-07-08 03:17:00,0.0,0.0,0.0,0.0
2011-07-08 03:18:00,0.0,0.0,0.0,0.0
2011-07-08 03:19:00,0.0,0.0,0.0,0.0
2011-07-08 03:20:00,0.0,0.0,0.0,0.0
2011-07-08 03:21:00,0.0,0.0,0.0,0.0
2011-07-08 03:22:00,0.0,0.0,0.0,0.0
2011-07-08 03:23:00,0.0,0.0,0.0,0.0
2011-07-08 03:24:00,0.0,0.0,0.0,0.0
2011-07-08 03:25:00,0.0,0.0,0.0,0.0
2011-07-08 03:26:00,0.0,0.0,0.0,0.0
2011-07-08 03:27:00,0.0,0.0,0.0,0.0
2011-07-08 03:28:00,0.0,0.0,0.0,0.0
2011-07-08 03:29:00,0.0,0.0,0.0,0.0
2011-07-08 03:30:00,0.0,0.0,0.0,0.0
2011-07-08 03:31:00,0.0,0.0,0.0,0.0
2011-07-08 03:32:00,0.0,0.0,0.0,0.0
2011-07-08 03:33:00,0.0,0.0,0.0,0.0
2011-07-08 03:34:00,0.0,0.0,0.0,0.0
2011-07-08 03:35:00,0.0,0.0,0.0,0.0
2011-07-08 03:36:00,0.0,0.0,0.0,0.0
2011-07-08 03:37:00,0.0,0.0,0.0,0.0
2011-07-08 03:38:00,0.0,0.0,0.0,0.0
2011-07-08 03:39:00,0.0,0.0,0.0,0.0
2011-07-08 03:40:00,0.0,0.0,0.0,0.0
2011-07-08 03:41:00,0.0,0.0,0.0,0.0
2011-07-08 03:42:00,0.0,0.0,0.0,0.0
2011-07-08 03:43:00,0.0,0.0,0.0,0.0
2011-07-08 03:44:00,0.0,0.0,0.0,0.0
2011-07-08 03:45:00,0.0,0.0,0.0,0.0
2011-07-08 03:46:00,0.0,0.0,0.0,0.0
2011-07-08 03:47:00,0.0,0.0,0.0,0.0
2011-07-08 03:48:00,0.0,0.0,0.0,0.0
2011-07-08 03:49:00,0.0,0.0,0.0,0.0
2011-07-08 03:50:00,0.0,0.0,0.0,0.0
2011-07-08 03:51:00,0.0,0.0,0.0,0.0
2011-07-08 03:52:00,0.0,0.0,0.0,0.0
2011-07-08 03:53:00,0.0,0.0,0.0,0.0
2011-07-08 03:54:00,0.0,0.0,0.0,0.0
2011-07-08 03:55:00,0.0,0.0,0.0,0.0
2011-07-08 03:56:00,0.0,0.0,0.0,0.0
2011-07-08 03:57:00,0.0,0.0,0.0,0.0
2011-07-08 03:58:00,0.0,0.0,0.0,0.0
2011-07-08 03:59:00,0.0,0.0,0.0,0.0
2011-07-08 04:00:00,0.0,0.0,0.0,0.0
2011-07-08 04:01:00,0.0,0.0,0.0,0.0
2011-07-08 04:02:00,0.0,0.0,0.0,0.0
2011-07-08 04:03:00,0.0,0.0,0.0,0.0
2011-07-08 04:04:00,0.0,0.0,0.0,0.0
2011-07-08 04:05:00,0.0,0.0,0.0,0.0
2011-07-08 04:06:00,0.0,0.0,0.0,0.0
2011-07-08 04:07:00,0.0,0.0,0.0,0.0
2011-07-08 04:08:00,0.0,0.0,0.0,0.0
2011-07-08 04:09:00,0.0,0.0,0.0,0.0
2011-07-08 04:10:00,0.0,0.0,0.0,0.0
2011-07-08 04:11:00,0.0,0.0,0.0,0.0
2011-07-08 04:12:00,0.0,0.0,0.0,0.0
2011-07-08 04:13:00,0.0,0.0,0.0,0.0
2011-07-08 04:14:00,0.0,0.0,0.0,0.0
2011-07-08 04:15:00,0.0,0.0,0.0,0.0
2011-07-08 04:16:00,0.0,0.0,0.0,0.0
2011-07-08 04:17:00,0.0,0.0,0.0,0.0
2011-07-08 04:18:00,0.0,0.0,0.0,0.0
2011-07-08 04:19:00,0.0,0.0,0.0,0.0
2011-07-08 04:20:00,0.0,0.0,0.0,0.0
2011-07-08 04:21:00,0.0,0.0,0.0,0.0
2011-07-08 04:22:00,0.0,0.0,0.0,0.0
2011-07-08 04:23:00,0.0,0.0,0.0,0.0
2011-07-08 04:24:00,0.0,0.0,0.0,0.0
2011-07-08 04:25:00,0.0,0.0,0.0,0.0
2011-07-08 04:26:00,0.0,0.0,0.0,0.0
2011-07-08 04:27:00,0.0,0.0,0.0,0.0
2011-07-08 04:28:00,0.0,0.0,0.0,0.0
2011-07-08 04:29:00,0.0,0.0,0.0,0.0
2011-07-08 04:30:00,0.0,0.0,0.0,0.0
2011-07-08 04:31:00,0.0,0.0,0.0,0.0
2011-07-08 04:32:00,0.0,0.0,0.0,0.0
2011-07-08 04:33:00,0.0,0.0,0.0,0.0
2011-07-08 04:34:00,0.0,0.0,0.0,0.0
2011-07-08 04:35:00,0.0,0.0,0.0,0.0
2011-07-08 04:36:00,0.0,0.0,0.0,0.0
2011-07-08 04:37:00,0.0,0.0,0.0,0.0
2011-07-08 04:38:00,0.0,0.0,0.0,0.0
2011-07-08 04:39:00,0.0,0.0,0.0,0.0
2011-07-08 04:40:00,0.0,0.0,0.0,0.0
2011-07-08 04:41:00,0.0,0.0,0.0,0.0
2011-07-08 04:42:00,0.0,0.0,0.0,0.0
2011-07-08 04:43:00,0.0,0.0,0.0,0.0
2011-07-08 04:44:00,0.0,0.0,0.0,0.0
2011-07-08 04:45:00,0.0,0.0,0.0,0.0
2011-07-08 04:46:00,0.0,0.0,0.0,0.0
2011-07-08 04:47:00,0.0,0.0,0.0,0.0
2011-07-08 04:48:00,0.0,0.0,0.0,0.0
2011-07-08 04:49:00,0.0,0.0,0.0,0.0
2011-07-08 04:50:00,0.0,0.0,0.0,0.0
2011-07-08 04:51:00,0.0,0.0,0.0,0.0
2011-07-08 04:52:00,0.0,0.0,0.0,0.0
2011-07-08 04:53:00,0.0,0.0,0.0,0.0
2011-07-08 04:54:00,0.0,0.0,0.0,0.0
2011-07-08 04:55:00,0.0,0.0,0.0,0.0
2011-07-08 04:56:00,0.0,0.0,0.0,0.0
2011-07-08 04:57:00,0.0,0.0,0.0,0.0
2011-07-08 04:58:00,0.0,0.0,0.0,0.0
2011-07-08 04:59:00,0.0,0.0,0.0,0.0
2011-07-08 05:00:00,0.0,0.0,0.0,0.0
2011-07-08 05:01:00,0.0,0.0,0.0,0.0
2011-07-08 05:02:00,0.0,0.0,0.0,0.0
2011-07-08 05:03:00,0.0,0.0,0.0,0.0
2011-07-08 05:04:00,0.0,0.0,0.0,0.0
2011-07-08 05:05:00,0.0,0.0,0.0,0.0
2011-07-08 05:06:00,0.0,0.0,0.0,0.0
2011-07-08 05:07:00,0.0,0.0,0.0,0.0
2011-07-08 05:08:00,0.0,0.0,0.0,0.0
2011-07-08 05:09:00,0.0,0.0,0.0,0.0
2011-07-08 05:10:00,0.0,0.0,0.0,0.0
2011-07-08 05:11:00,0.0,0.0,0.0,0.0
2011-07-08 05:12:00,0.0,0.0,0.0,0.0
2011-07-08 05:13:00,0.0,0.0,0.0,0.0
2011-07-08 05:14:00,0.0,0.0,0.0,0.0
2011-07-08 05:15:00,0.0,0.0,0.0,0.0
2011-07-08 05:16:00,0.0,0.0,0.0,0.0
2011-07-08 05:17:00,0.0,0.0,0.0,0.0
2011-07-08 05:18:00,0.0,0.0,0.0,0.0
2011-07-08 05:19:00,0.0,0.0,0.0,0.0
2011-07-08 05:20:00,0.0,0.0,0.0,0.0
2011-07-08 05:21:00,0.0,0.0,0.0,0.0
2011-07-08 05:22:00,0.0,0.0,0.0,0.0
2011-07-08 05:23:00,0.0,0.0,0.0,0.0
2011-07-08 05:24:00,0.0,0.0,0.0,0.0
2011-07-08 05:25:00,0.0,0.0,0.0,0.0
2011-07-08 05:26:00,0.0,0.0,0.0,0.0
2011-07-08 05:27:00,0.0,0.0,0.0,0.0
2011-07-08 05:28:00,0.0,0.0,0.0,0.0
2011-07-08 05:29:00,0.0,0.0,0.0,0.0
2011-07-08 05:30:00,0.0,0.0,0.0,0.0
2011-07-08 05:31:00,0.0,0.0,0.0,0.0
2011-07-08 05:32:00,0.0,0.0,0.0,0.0
2011-07-08 05:33:00,0.0,0.0,0.0,0.0
2011-07-08 05:34:00,0.0,0.0,0.0,0.0
2011-07-08 05:35:00,0.0,0.0,0.0,0.0
2011-07-08 05:36:00,0.0,0.0,0.0,0.0
2011-07-08 05:37:00,0.0,0.0,0.0,0.0
2011-07-08 05:38:00,0.0,0.0,0.0,0.0
2011-07-08 05:39:00,0.0,0.0,0.0,0.0
2011-07-08 05:40:00,0.0,0.0,0.0,0.0
2011-07-08 05:41:00,0.0,0.0,0.0,0.0
2011-07-08 05:42:00,0.0,0.0,0.0,0.0
2011-07-08 05:43:00,0.0,0.0,0.0,0.0
2011-07-08 05:44:00,0.0,0.0,0.0,0.0
2011-07-08 05:45:00,0.0,0.0,0.0,0.0
2011-07-08 05:46:00,0.0,0.0,0.0,0.0
2011-07-08 05:47:00,0.0,0.0,0.0,0.0
2011-07-08 05:48:00,0.0,0.0,0.0,0.0
2011-07-08 05:49:00,0.0,0.0,0.0,0.0
2011-07-08 05:50:00,0.0,0.0,0.0,0.0
2011-07-08 05:51:00,0.0,0.0,0.0,0.0
2011-07-08 05:52:00,0.0,0.0,0.0,0.0
2011-07-08 05:53:00,0.0,0.0,0.0,0.0
2011-07-08 05:54:00,0.0,0.0,0.0,0.0
2011-07-08 05:55:00,0.0,0.0,0.0,0.0
2011-07-08 05:56:00,0.0,0.0,0.0,0.0
2011-07-08 05:57:00,0.0,0.0,0.0,0.0
2011-07-08 05:58:00,0.0,0.0,0.0,0.0
2011-07-08 05:59:00,0.0,0.0,0.0,0.0
2011-07-08 06:00:00,0.0,0.0,0.0,0.0
2011-07-08 06:01:00,0.0,0.0,0.0,0.0
2011-07-08 06:02:00,0.0,0.0,0.0,0.0
2011-07-08 06:03:00,0.0,0.0,0.0,0.0
2011-07-08 06:04:00,0.0,0.0,0.0,0.0
2011-07-08 06:05:00,0.0,0.0,0.0,0.0
2011-07-08 06:06:00,0.0,0.0,0.0,0.0
2011-07-08 06:07:00,0.0,0.0,0.0,0.0
2011-07-08 06:08:00,0.0,0.0,0.0,0.0
2011-07-08 06:09:00,0.0,0.0,0.0,0.0
2011-07-08 06:10:00,0.0,0.0,0.0,0.0
2011-07-08 06:11:00,0.0,0.0,0.0,0.0
2011-07-08 06:12:00,0.0,0.0,0.0,0.0
2011-07-08 06:13:00,0.0,0.0,0.0,0.0
2011-07-08 06:14:00,0.0,0.0,0.0,0.0
2011-07-08 06:15:00,0.0,0.0,0.0,0.0
2011-07-08 06:16:00,0.0,0.0,0.0,0.0
2011-07-08 06:17:00,0.0,0.0,0.0,0.0
2011-07-08 06:18:00,0.0,0.0,0.0,0.0
2011-07-08 06:19:00,0.0,0.0,0.0,0.0
2011-07-08 06:20:00,0.0,0.0,0.0,0.0
2011-07-08 06:21:00,0.0,0.0,0.0,0.0
2011-07-08 06:22:00,0.0,0.0,0.0,0.0
2011-07-08 06:23:00,0.0,0.0,0.0,0.0
2011-07-08 06:24:00,0.0,0.0,0.0,0.0
2011-07-08 06:25:00,0.0,0.0,0.0,0.0
2011-07-08 06:26:00,0.0,0.0,0.0,0.0
2011-07-08 06:27:00,0.0,0.0,0.0,0.0
2011-07-08 06:28:00,0.0,0.0,0.0,0.0
2011-07-08 06:29:00,0.0,0.0,0.0,0.0
2011-07-08 06:30:00,0.0,0.0,0.0,0.0
2011-07-08 06:31:00,0.0,0.0,0.0,0.0
2011-07-08 06:32:00,0.0,0.0,0.0,0.0
2011-07-08 06:33:00,0.0,0.0,0.0,0.0
2011-07-08 06:34:00,0.0,0.0,0.0,0.0
2011-07-08 06:35:00,0.0,0.0,0.0,0.0
2011-07-08 06:36:00,0.0,0.0,0.0,0.0
2011-07-08 06:37:00,0.0,0.0,0.0,0.0
2011-07-08 06:38:00,0.0,0.0,0.0,0.0
2011-07-08 06:39:00,0.0,0.0,0.0,0.0
2011-07-08 06:40:00,0.0,0.0,0.0,0.0
2011-07-08 06:41:00,0.0,0.0,0.0,0.0
2011-07-08 06:42:00,0.0,0.0,0.0,0.0
2011-07-08 06:43:00,0.0,0.0,0.0,0.0
2011-07-08 06:44:00,0.0,0.0,0.0,0.0
2011-07-08 06:45:00,0.0,0.0,0.0,0.0
2011-07-08 06:46:00,0.0,0.0,0.0,0.0
2011-07-08 06:47:00,0.0,0.0,0.0,0.0
2011-07-08 06:48:00,0.0,0.0,0.0,0.0
2011-07-08 06:49:00,0.0,0.0,0.0,0.0
2011-07-08 06:50:00,0.0,0.0,0.0,0.0
2011-07-08 06:51:00,0.0,0.0,0.0,0.0
2011-07-08 06:52:00,0.0,0.0,0.0,0.0
2011-07-08 06:53:00,0.0,0.0,0.0,0.0
2011-07-08 06:54:00,0.0,0.0,0.0,0.0
2011-07-08 06:55:00,0.0,0.0,0.0,0.0
2011-07-08 06:56:00,0.0,0.0,0.0,0.0
2011-07-08 06:57:00,0.0,0.0,0.0,0.0
2011-07-08 06:58:00,0.0,0.0,0.0,0.0
2011-07-08 06:59:00,0.0,0.0,0.0,0.0
2011-07-08 07:00:00,-0.06834826103078381,-0.1423670746910939,0.552190479321377,0.0
2011-07-08 07:01:00,-0.06834826103078381,-0.1423670746910939,0.552190479321377,0.0
2011-07-08 07:02:00,-0.06834826103078381,-0.1423670746910939,0.552190479321377,0.0
2011-07-08 07:03:00,-0.06834826103078381,-0.1423670746910939,0.552190479321377,0.0
2011-07-08 07:04:00,-0.06834826103078381,-0.1423670746910939,0.552190479321377,0.0
2011-07-08 07:05:00,-0.06834826103078381,-0.1423670746910939,0.552190479321377,0.0
2011-07-08 07:06:00,-0.06834826103078381,-0.1423670746910939,0.552190479321377,0.0
2011-07-08 07:07:00,-0.06834826103078381,-0.1423670746910939,0.552190479321377,0.0
2011-07-08 07:08:00,-0.06834826103078381,-0.1423670746910939,0.552190479321377,0.0
2011-07-08 07:09:00,-0.06834826103078381,-0.1423670746910939,0.552190479321377,0.0
2011-07-08 07:10:00,-0.06834826103078381,-0.1423670746910939,0.552190479321377,0.0
2011-07-08 07:11:00,-0.06834826103078381,-0.1423670746910939,0.552190479321377,0.0
2011-07-08 07:12:00,-0.06834826103078381,-0.1423670746910939,0.552190479321377,0.0
2011-07-08 07:13:00,-0.06834826103078381,-0.1423670746910939,0.552190479321377,0.0
2011-07-08 07:14:00,-0.06834826103078381,-0.1423670746910939,0.552190479321377,0.0
2011-07-08 07:15:00,-0.06834826103078381,-0.1423670746910939,0.552190479321377,0.0
2011-07-08 07:16:00,-0.06834826103078381,-0.1423670746910939,0.552190479321377,0.0
2011-07-08 07:17:00,-0.06834826103078381,-0.1423670746910939,0.552190479321377,0.0
2011-07-08 07:18:00,-0.06834826103078381,-0.1423670746910939,0.552190479321377,0.0
2011-07-08 07:19:00,-0.06834826103078381,-0.1423670746910939,0.552190479321377,0.0
2011-07-08 07:20:00,-0.06834826103078381,-0.1423670746910939,0.552190479321377,0.0
2011-07-08 07:21:00,-0.06834826103078381,-0.1423670746910939,0.552190479321377,0.0
2011-07-08 07:22:00,-0.06834826103078381,-0.1423670746910939,0.552190479321377,0.0
2011-07-08 07:23:00,-0.06834826103078381,-0.1423670746910939,0.552190479321377,0.0
2011-07-08 07:24:00,-0.06834826103078381,-0.1423670746910939,0.552190479321377,0.0
2011-07-08 07:25:00,-0.06834826103078381,-0.1423670746910939,0.552190479321377,0.0
2011-07-08 07:26:00,-0.06834826103078381,-0.1423670746910939,0.552190479321377,0.0
2011-07-08 07:27:00,-0.06834826103078381,-0.1423670746910939,0.552190479321377,0.0
2011-07-08 07:28:00,-0.06834826103078381,-0.1423670746910939,0.552190479321377,0.0
2011-07-08 07:29:00,-0.06834826103078381,-0.1423670746910939,0.552190479321377,0.0
2011-07-08 07:30:00,-0.06834826103078381,-0.1423670746910939,0.552190479321377,0.0
2011-07-08 07:31:00,-0.06834826103078381,-0.1423670746910939,0.552190479321377,0.0
2011-07-08 07:32:00,-0.06834826103078381,-0.1423670746910939,0.552190479321377,0.0
2011-07-08 07:33:00,-0.06834826103078381,-0.1423670746910939,0.552190479321377,0.0
2011-07-08 07:34:00,-0.06834826103078381,-0.1423670746910939,0.552190479321377,0.0
2011-07-08 07:35:00,-0.06834826103078381,-0.1423670746910939,0.552190479321377,0.0
2011-07-08 07:36:00,-0.06834826103078381,-0.1423670746910939,0.552190479321377,0.0
2011-07-08 07:37:00,-0.06834826103078381,-0.1423670746910939,0.552190479321377,0.0
2011-07-08 07:38:00,-0.06834826103078381,-0.1423670746910939,0.552190479321377,0.0
2011-07-08 07:39:00,-0.06834826103078381,-0.1423670746910939,0.552190479321377,0.0
2011-07-08 07:40:00,-0.06834826103078381,-0.1423670746910939,0.552190479321377,0.0
2011-07-08 07:41:00,-0.06834826103078381,-0.1423670746910939,0.552190479321377,0.0
2011-07-08 07:42:00,-0.06834826103078381,-0.1423670746910939,0.552190479321377,0.0
2011-07-08 07:43:00,-0.06834826103078381,-0.1423670746910939,0.552190479321377,0.0
2011-07-08 07:44:00,-0.06834826103078381,-0.1423670746910939,0.552190479321377,0.0
2011-07-08 07:45:00,-0.06834826103078381,-0.1423670746910939,0.552190479321377,0.0
2011-07-08 07:46:00,-0.06834826103078381,-0.1423670746910939,0.552190479321377,0.0
2011-07-08 07:47:00,-0.06834826103078381,-0.1423670746910939,0.552190479321377,0.0
2011-07-08 07:48:00,-0.06834826103078381,-0.1423670746910939,0.552190479321377,0.0
2011-07-08 07:49:00,-0.06834826103078381,-0.1423670746910939,0.552190479321377,0.0
2011-07-08 07:50:00,-0.06834826103078381,-0.1423670746910939,0.552190479321377,0.0
2011-07-08 07:51:00,-0.06834826103078381,-0.1423670746910939,0.552190479321377,0.0
2011-07-08 07:52:00,-0.06834826103078381,-0.1423670746910939,0.552190479321377,0.0
2011-07-08 07:53:00,-0.06834826103078381,-0.1423670746910939,0.552190479321377,0.0
2011-07-08 07:54:00,-0.06834826103078381,-0.1423670746910939,0.552190479321377,0.0
2011-07-08 07:55:00,-0.06834826103078381,-0.1423670746910939,0.552190479321377,0.0
2011-07-08 07:56:00,-0.4266215256621214,0.8770182919216195,-0.1572103779950908,0.0
2011-07-08 07:57:00,-0.4272279776921067,0.8768365013651609,-0.1577586656084798,0.0
2011-07-08 07:58:00,-0.4279061511805832,0.8765927930118272,-0.1583538408555061,0.0
2011-07-08 07:59:00,-0.4286517462910817,0.8762849730424963,-0.1589904223071049,0.0
2011-07-08 08:00:00,-0.4294588252152242,0.8759116963331779,-0.1596616078207873,0.0
2011-07-08 08:01:00,-0.4303197308110376,0.875472575735039,-0.1603592401899035,0.0
2011-07-08 08:02:00,-0.4312250234963071,0.8749682869204707,-0.1610737898434178,0.0
2011-07-08 08:03:00,-0.4321634390346458,0.8744006666851086,-0.1617943563773562,0.0
2011-07-08 08:04:00,-0.4331218697478426,0.8737728024979814,-0.1625086905466007,0.0
2011-07-08 08:05:00,-0.4340853715300463,0.8730891110219866,-0.1632032381499771,0.0
2011-07-08 08:06:00,-0.4350371988250754,0.8723554032885172,-0.1638632070016283,0.0
2011-07-08 08:07:00,-0.4359588694559855,0.87157893420685,-0.1644726578972023,0.0
2011-07-08 08:08:00,-0.436830260865001,0.8707684341246512,-0.1650146201548779,0.0
2011-07-08 08:09:00,-0.4376297389317528,0.8699341202348987,-0.1654712319400267,0.0
2011-07-08 08:10:00,-0.438334320088943,0.869087685750531,-0.1658239051706078,0.0
2011-07-08 08:11:00,-0.4389198669485527,0.8682422649439027,-0.1660535143514566,0.0
2011-07-08 08:12:00,-0.4393613170913745,0.8674123723749827,-0.1661406082037505,0.0
2011-07-08 08:13:00,-0.4396329440626638,0.8666138149109106,-0.1660656424465339,0.0
2011-07-08 08:14:00,-0.4397086489634361,0.865863575470506,-0.1658092315568256,0.0
2011-07-08 08:15:00,-0.4395622803382433,0.8651796678103962,-0.1653524167912806,0.0
2011-07-08 08:16:00,-0.4391679793452477,0.8645809621032037,-0.1646769472045922,0.0
2011-07-08 08:17:00,-0.438500546463658,0.8640869815403822,-0.1637655698579606,0.0
2011-07-08 08:18:00,-0.4375358252594078,0.8637176707198958,-0.1626023248864151,0.0
2011-07-08 08:19:00,-0.4362510980064268,0.8634931371482303,-0.1611728405991361,0.0
2011-07-08 08:20:00,-0.4346254872636403,0.863433367792034,-0.1594646233358894,0.0
2011-07-08 08:21:00,-0.4326403568539323,0.8635579232502247,-0.1574673364099452,0.0
2011-07-08 08:22:00,-0.4302797050991321,0.8638856127746425,-0.155173062149068,0.0
2011-07-08 08:23:00,-0.4275305426546018,0.8644341540370577,-0.1525765408178918,0.0
2011-07-08 08:24:00,-0.4243832468796554,0.8652198222121197,-0.1496753800846683,0.0
2011-07-08 08:25:00,-0.4208318843984083,0.8662570936079592,-0.1464702287010279,0.0
2011-07-08 08:26:00,-0.4168744933731219,0.8675582897159487,-0.1429649082135594,0.0
2011-07-08 08:27:00,-0.4125133170527917,0.8691332281548372,-0.1391664968394828,0.0
2011-07-08 08:28:00,-0.4077549803984158,0.8709888875374199,-0.1350853601344313,0.0
2011-07-08 08:29:00,-0.4026106020482711,0.8731290937746742,-0.1307351237772744,0.0
2011-07-08 08:30:00,-0.3970958345968239,0.8755542357370595,-0.1261325847136643,0.0
2011-07-08 08:31:00,-0.3912308271445031,0.8782610184991244,-0.1212975580547979,0.0
2011-07-08 08:32:00,-0.3850401053570763,0.8812422625845208,-0.1162526585383147,0.0
2011-07-08 08:33:00,-0.3785523658768657,0.8844867576860544,-0.1110230170410081,0.0
2011-07-08 08:34:00,-0.3718001838766179,0.8879791792415029,-0.1056359346038125,0.0
2011-07-08 08:35:00,-0.3648196348622927,0.8917000759831843,-0.1001204787028112,0.0
2011-07-08 08:36:00,-0.3576498345336183,0.8956259361308827,-0.0945070290889033,0.0
2011-07-08 08:37:00,-0.3503324036194825,0.8997293392471649,-0.0888267834347835,0.0
2011-07-08 08:38:00,-0.3429108681355813,0.9039791999051264,-0.0831112362808087,0.0
2011-07-08 08:39:00,-0.3354300094313364,0.9083411081028816,-0.0773916482837415,0.0
2011-07-08 08:40:00,-0.3279351823880725,0.912777769127479,-0.071698526001604,0.0
2011-07-08 08:41:00,-0.32047162329661,0.9172495410044404,-0.0660611340328547,0.0
2011-07-08 08:42:00,-0.3130837700471172,0.921715060323218,-0.0605070598582717,0.0
2011-07-08 08:43:00,-0.3058146157570602,0.9261319393426956,-0.0550618473828646,0.0
2011-07-08 08:44:00,-0.2987051135446336,0.9304575123544906,-0.0497487098204109,0.0
2011-07-08 08:45:00,-0.2917936460693425,0.9346496085740276,-0.0445883279073772,0.0
2011-07-08 08:46:00,-0.2851155695311292,0.938667330777648,-0.0395987358098816,0.0
2011-07-08 08:47:00,-0.2787028383000129,0.9424718215669592,-0.0347952941105385,0.0
2011-07-08 08:48:00,-0.2725837132643499,0.9460270016774168,-0.0301907466666709,0.0
2011-07-08 08:49:00,-0.2667825543275293,0.9493002670257232,-0.0257953558591845,0.0
2011-07-08 08:50:00,-0.2613196952310429,0.952263133219576,-0.0216171087917944,0.0
2011-07-08 08:51:00,-0.2562113970085188,0.9548918180464444,-0.0176619853417585,0.0
2011-07-08 08:52:00,-0.2514698748514751,0.9571677540305868,-0.0139342775934405,0.0
2011-07-08 08:53:00,-0.2471033919704704,0.9590780245165856,-0.0104369490919052,0.0
2011-07-08 08:54:00,-0.2431164131499187,0.960615717922307,-0.0071720215220581,0.0
2011-07-08 08:55:00,-0.2395098101059562,0.961780195825952,-0.0041409758391261,0.0
2011-07-08 08:56:00,-0.2362811104327663,0.9625772714366212,-0.0013451545519121,0.0
2011-07-08 08:57:00,-0.2334247818015753,0.963019295777898,0.0012138481798219,0.0
2011-07-08 08:58:00,-0.230932543081097,0.9631251496251044,0.0035338216879941,0.0
2011-07-08 08:59:00,-0.2287936941328682,0.9629201399083104,0.0056116116161098,0.0
2011-07-08 09:00:00,-0.2269954562089031,0.9624357999414938,0.0074428419514584,0.0
2011-07-08 09:01:00,-0.2255233151744626,0.9617095934731934,0.0090216966882618,0.0
2011-07-08 09:02:00,-0.2243613602081443,0.96078452318748,0.0103407702635286,0.0
2011-07-08 09:03:00,-0.2234926111826314,0.9597086449319168,0.0113909944983358,0.0
2011-07-08 09:04:00,-0.222899328581536,0.9585344896273272,0.0121616482534771,0.0
2011-07-08 09:05:00,-0.222563300540999,0.957318395536246,0.0126404543858321,0.0
2011-07-08 09:06:00,-0.2224661024004136,0.9561197543440968,0.0128137668868627,0.0
2011-07-08 09:07:00,-0.2225893249865513,0.9550001753487124,0.0126668493143512,0.0
2011-07-08 09:08:00,-0.2229147687221803,0.9540225729663796,0.0121842438105312,0.0
2011-07-08 09:09:00,-0.2234246015284581,0.9532501837490444,0.0113502281525534,0.0
2011-07-08 09:10:00,-0.2241014793662791,0.9527455201659912,0.0101493564240355,0.0
2011-07-08 09:11:00,-0.2249286291221515,0.952569269528504,0.0085670770494554,0.0
2011-07-08 09:12:00,-0.2258898943755458,0.952779147618643,0.0065904201174675,0.0
2011-07-08 09:13:00,-0.2269697453747528,0.9534287178108692,0.0042087441569101,0.0
2011-07-08 09:14:00,-0.2281532552877326,0.954566187731534,0.0014145308433229,0.0
2011-07-08 09:15:00,-0.229426045475823,0.956233196765928,-0.0017957854719525,0.0
2011-07-08 09:16:00,-0.2307742031545273,0.9584636089715116,-0.005420967978905,0.0
2011-07-08 09:17:00,-0.2321841753501451,0.961282327161744,-0.0094541232518257,0.0
2011-07-08 09:18:00,-0.2336426435279421,0.9647041450577744,-0.013881859732718,0.0
2011-07-08 09:19:00,-0.235136383652192,0.968732655432918,-0.0186834768031123,0.0
2011-07-08 09:20:00,-0.2366521167369474,0.9733592330622356,-0.0238302030983054,0.0019981534530328915
2011-07-08 09:21:00,-0.2381763551556409,0.978562111998834,-0.0292845031716152,0.00755613507181474
2011-07-08 09:22:00,-0.2396952500950838,0.984305577190961,-0.0349994717930464,0.013674624933054158
2011-07-08 09:23:00,-0.241194445563257,0.9905392906915748,-0.0409183350438389,0.020302483147568884
2011-07-08 09:24:00,-0.2426589442893497,0.997197772658288,-0.0469740769246026,0.027372047965677826
2011-07-08 09:25:00,-0.2440729906883978,1.004200056961452,-0.053089209411443,0.03479845542061688
2011-07-08 09:26:00,-0.2454199758020794,1.0114495404785002,-0.0591757027560129,0.0424792090269861
2011-07-08 09:27:00,-0.2466823687730566,1.0188340440236632,-0.0651350913196704,0.05029404475428678
2011-07-08 09:28:00,-0.24784167896497,1.0262261013191638,-0.0708587683509204,0.05810513367676062
2011-07-08 09:29:00,-0.248878452307021,1.033483490438516,-0.0762284808560783,0.06575766022362783
2011-07-08 09:30:00,-0.2497723048253255,1.0404500197317688,-0.0811170330783561,0.07308080817477514
2011-07-08 09:31:00,-0.2505019956282817,1.0469565773691532,-0.0853892040992363,0.07988917991013511
2011-07-08 09:32:00,-0.2510455408466137,1.052822450313211,-0.0889028817235376,0.08598466740614352
2011-07-08 09:33:00,-0.2513803691983025,1.057856914758418,-0.0915104111287105,0.09115878655006937
2011-07-08 09:34:00,-0.2514835189633189,1.0618610958798385,-0.0930601527804936,0.09519547994357347
2011-07-08 09:35:00,-0.2513318752233021,1.0646300901378298,-0.0933982398806112,0.0978743878709174
2011-07-08 09:36:00,-0.2509024452588122,1.065955338435263,-0.0923705211661552,0.09897458285257632
2011-07-08 09:37:00,-0.2501726690146628,1.0656272331698422,-0.0898246702823402,0.09827876050958229
2011-07-08 09:38:00,-0.2491207605566864,1.0634379367316007,-0.085612438267417,0.09557787865874601
2011-07-08 09:39:00,-0.2477260754670943,1.0591843833422427,-0.0795920209969509,0.09067623802336255
2011-07-08 09:40:00,-0.2459694981777997,1.052671430410021,-0.0716305088201038,0.08339700213224943
2011-07-08 09:41:00,-0.2438338423405046,1.0437151198853636,-0.0616063811784694,0.07358816142399771
2011-07-08 09:42:00,-0.2413042564991692,1.032146004564474,-0.0494120048337448,0.06112895783910921
2011-07-08 09:43:00,-0.2383686265861457,1.0178124890287328,-0.0349560905584847,0.04593680173830905
2011-07-08 09:44:00,-0.2350179661303755,1.0005841300679696,-0.0181660598859233,0.0279747328994584
2011-07-08 09:45:00,-0.2312467845683066,0.9803548371694512,0.0010097291022949,0.007259500668810537
2011-07-08 09:46:00,-0.2270534237101629,0.9570459101261632,0.0225999498141276,0.0
2011-07-08 09:47:00,-0.2224403522612176,0.9306088482004876,0.0466085228019472,0.0
2011-07-08 09:48:00,-0.2174144083556417,0.9010278637524052,0.0730131326913274,0.0
2011-07-08 09:49:00,-0.2119869803554983,0.868322032990601,0.1017640986961733,0.0
2011-07-08 09:50:00,-0.2061741167258235,0.83254701772086,0.1327836483257855,0.0
2011-07-08 09:51:00,-0.1999965566445546,0.7937962948429996,0.1659656396695941,0.0
2011-07-08 09:52:00,-0.1934796741690227,0.7522018350810519,0.2011757717628285,0.0
2011-07-08 09:53:00,-0.1866533302837441,0.7079341792164424,0.2382523148451217,0.0
2011-07-08 09:54:00,-0.1795516290212544,0.6612018691219782,0.2770073826830354,0.0
2011-07-08 09:55:00,-0.1722125761013681,0.6122502023506448,0.3172287574023961,0.0
2011-07-08 09:56:00,-0.1646776411955494,0.5613592930935847,0.3586822633409147,0.0
2011-07-08 09:57:00,-0.1569912280112336,0.508841439151074,0.4011146701700471,0.0
2011-07-08 09:58:00,-0.1492000599230078,0.4550378143108117,0.444257086844404,0.0
2011-07-08 09:59:00,-0.1413524928682373,0.4003145283367092,0.4878287867279068,0.0
2011-07-08 10:00:00,-0.133497771639153,0.3450581225809706,0.5315413806350687,0.0
2011-07-08 10:01:00,-0.1256852502259063,0.2896705967904366,0.5751032298715563,0.0
2011-07-08 10:02:00,-0.1179636005787057,0.2345640877875619,0.6182239699799799,0.0
2011-07-08 10:03:00,-0.110380035762189,0.1801553365123762,0.6606190046421246,0.0
2011-07-08 10:04:00,-0.1029795722667258,0.1268600815324854,0.7020138328376915,0.0
2011-07-08 10:05:00,-0.0958043527519617,0.0750875062645514,0.7421480892801114,0.0
2011-07-08 10:06:00,-0.0888930459300448,0.0252348502556431,0.7807792018918159,0.0
2011-07-08 10:07:00,-0.0822803355974678,-0.022317722869687,0.8176855946010888,0.0
2011-07-08 10:08:00,-0.0759965064693576,-0.0672119254476838,0.8526693860895379,0.0
2011-07-08 10:09:00,-0.0700671307073189,-0.109115755407837,0.8855585546679623,0.0
2011-07-08 10:10:00,-0.0645128560176841,-0.1477274728411181,0.9162085564951322,0.0
2011-07-08 10:11:00,-0.059349293948356,-0.182779113468416,0.9445033992962109,0.0
2011-07-08 10:12:00,-0.0545870053166471,-0.2140395176848186,0.9703561867658452,0.0
2011-07-08 10:13:00,-0.050231578160065,-0.2413168600615965,0.993709159818842,0.02382368242891686
2011-07-08 10:14:00,-0.0462837919137448,-0.2644606701368981,1.014533269539799,0.04945671204022828
2011-07-08 10:15:00,-0.0427398597076293,-0.2833633419961474,1.0328273230542135,0.07184595835520424
2011-07-08 10:16:00,-0.0395917389898553,-0.2979611369558292,1.048616747880449,0.0908461985392901
2011-07-08 10:17:00,-0.0368274992999357,-0.3082346897618443,1.061952023010411,0.10639368574353836
2011-07-08 10:18:00,-0.0344317349432441,-0.3142090338108057,1.072906826252062,0.11849985208662162
2011-07-08 10:19:00,-0.0323860096029272,-0.3159531648926933,1.0815759474052875,0.12724522000732197
2011-07-08 10:20:00,-0.030669319939166,-0.3135791650248031,1.0880730159607104,0.13277331712263596
2011-07-08 10:21:00,-0.0292585665212871,-0.3072409066521854,1.092528090711246,0.13528439935925207
2011-07-08 10:22:00,-0.0281290230748186,-0.2971323522891135,1.0950851572591358,0.13502880067656076
2011-07-08 10:23:00,-0.0272547981647006,-0.2834854573131565,1.0958995777482683,0.13229974522644872
2011-07-08 10:24:00,-0.0266092858847489,-0.2665676773696098,1.095135534869317,0.1274254833234123
2011-07-08 10:25:00,-0.0261656032417378,-0.2466790792337741,1.0929635090452936,0.12076065198115704
2011-07-08 10:26:00,-0.0258970118880362,-0.2241490554610004,1.0895578238088368,0.11267681997596957
2011-07-08 10:27:00,-0.0257773212483544,-0.1993326477416854,1.0850942899963214,0.103552261077414
2011-07-08 10:28:00,-0.0257812693995874,-0.1726064905503401,1.0797479746882266,0.09376110886943034
2011-07-08 10:29:00,-0.0258848775271868,-0.1443643949016661,1.0736911159651434,0.08366217886498051
2011-07-08 10:30:00,-0.0260657734352278,-0.1150126014353243,1.0670911998739676,0.07358788735816191
2011-07-08 10:31:00,-0.0263034793867634,-0.084964742421967,1.060109211937863,0.06383383181688584
2011-07-08 10:32:00,-0.026579659415648,-0.0546365638253852,1.0528980722245045,0.0546496967692045
2011-07-08 10:33:00,-0.0268783211163482,-0.0244404716512632,1.045601260272568,0.04623218086816294
2011-07-08 10:34:00,-0.0271859667607539,0.0052200185247241,1.0383516340133194,0.038720579001035205
2011-07-08 10:35:00,-0.0274916883999893,0.0339558341686751,1.0312704452923485,0.03219548678467454
2011-07-08 10:36:00,-0.0277872014501425,0.0613977900838211,1.0244665536938231,0.02668083493795992
2011-07-08 10:37:00,-0.0280668113973818,0.0872018010181923,1.0180358399087988,0.022149143394272874
2011-07-08 10:38:00,-0.0283273091995825,0.1110537336999461,1.012060819437952,0.018529562878076833
2011-07-08 10:39:00,-0.0285677934457683,0.1326737747397103,1.0066104562364355,0.01571800216918895
2011-07-08 10:40:00,-0.0287894218923466,0.1518202062770761,1.0017401733422922,0.013588467147665817
2011-07-08 10:41:00,-0.0289951009875045,0.168292502438085,0.9974920538105744,0.012004683622257817
2011-07-08 10:42:00,-0.0291891274720096,0.1819336819706033,0.993895221536451,0.01083113386507284
2011-07-08 10:43:00,-0.0293767993311781,0.1926318734577316,0.9909663887273552,0.009942779863352236
2011-07-08 10:44:00,-0.0295640139951506,0.200321069201145,0.9887105548416052,0.009232937901151761
2011-07-08 10:45:00,-0.0297568705927567,0.2049810629381545,0.9871218402140516,0.008618974111782807
2011-07-08 10:46:00,-0.0299612911758493,0.2066365853243495,0.9861844360480015,0.008045683124899838
2011-07-08 10:47:00,-0.0301826736896306,0.2053556694497755,0.98587365100598,0.007486377334245287
2011-07-08 10:48:00,-0.0304255872984143,0.201247296438715,0.9861570333756228,0.0069418479547638245
2011-07-08 10:49:00,-0.030693518528499,0.1944583883465528,0.9869955467477968,0.006437462626456725
2011-07-08 10:50:00,-0.0309886745035784,0.1851702313247997,0.9883447763410506,0.006018742090329932
2011-07-08 10:51:00,-0.0313118471199038,0.1735944236101433,0.9901561426939086,0.005745814106664859
2011-07-08 10:52:00,-0.0316623389908981,0.1599684461381109,0.9923780997612596,0.005687178180165953
2011-07-08 10:53:00,-0.0320379483713837,0.1445509469954403,0.9949572957917288,0.005913230284956272
2011-07-08 10:54:00,-0.0324350068851749,0.1276168191593254,0.9978396776915552,0.006489992289825164
2011-07-08 10:55:00,-0.0328484618807226,0.1094521419948787,1.000971522526236,0.007473464535759922
2011-07-08 10:56:00,-0.0332719949697763,0.0903490555990632,1.0043003829462729,0.008904969104098326
2011-07-08 10:57:00,-0.0336981691623029,0.0706006426494934,1.007775936369687,0.010807773650960861
2011-07-08 10:58:00,-0.0341185982997289,0.0504959018610595,1.0113507305948843,0.013185183038868953
2011-07-08 10:59:00,-0.0345241338631276,0.0303149074933541,1.014980821131782,0.016020165499029737
2011-07-08 11:00:00,-0.0349050654715346,0.0103242571569809,1.018626297945685,0.01927645354336871
2011-07-08 11:01:00,-0.0352513322352688,-0.0092270886947261,1.0222517015213046,0.02290094185768754
2011-07-08 11:02:00,-0.0355527424696952,-0.0281114800828145,1.0258263301519264,0.026827109323926956
2011-07-08 11:03:00,-0.0357991992300983,-0.0461256835126879,1.0293244420829566,0.030979130930601784
2011-07-08 11:04:00,-0.0359809289511886,-0.0630933596592212,1.0327253575223616,0.03527632222077215
2011-07-08 11:05:00,-0.0360887103814535,-0.0788668714603737,1.0360134665305778,0.03963757207194485
2011-07-08 11:06:00,-0.0361141010736641,-0.0933284004455656,1.0391781494369554,0.04398546201242759
2011-07-08 11:07:00,-0.0360496588510982,-0.1063903672060845,1.0422136167930718,0.048249832418981065
2011-07-08 11:08:00,-0.0358891557740076,-0.1179951688847746,1.045118676087448,0.05237062791066993
2011-07-08 11:09:00,-0.0356277821189204,-0.1281142624766143,1.0478964325529032,0.056299927324498844
2011-07-08 11:10:00,-0.0352623377861133,-0.136746637850309,1.05055393129437,0.06000313112158362
2011-07-08 11:11:00,-0.0347914083846766,-0.1439167389519573,1.053101747485416,0.06345933650741542
2011-07-08 11:12:00,-0.0342155229317108,-0.1496719052688599,1.0555535305005612,0.06666097565651108
2011-07-08 11:13:00,-0.033537289533603,-0.1540794170208025,1.0579255068183435,0.0696128245844756
2011-07-08 11:14:00,-0.0327615045894383,-0.1572232350725952,1.0602359457360468,0.07233050989910095
2011-07-08 11:15:00,-0.0318952301305703,-0.1592005293910558,1.0625045916285076,0.07483864905163151
2011-07-08 11:16:00,-0.030947833176668,-0.1601180883889928,1.0647520666935986,0.07716875842922843
2011-07-08 11:17:00,-0.0299309807572085,-0.1600886968159766,1.0669992487953248,0.07935705463350429
2011-07-08 11:18:00,-0.0288585846903999,-0.1592275634355898,1.0692666299785236,0.08144225960223905
2011-07-08 11:19:00,-0.0277466912901436,-0.1576488731819174,1.0715736621317833,0.08346350167765237
2011-07-08 11:20:00,-0.0266133126811543,-0.1554625326780479,1.0739380967814505,0.08545838390843064
2011-07-08 11:21:00,-0.0254781980296074,-0.1527711722967578,1.0763753261664744,0.08746126939755672
2011-07-08 11:22:00,-0.0243625444359968,-0.1496674611033476,1.0788977329508906,0.08950181305543925
2011-07-08 11:23:00,-0.0232886483967755,-0.1462317827230149,1.0815140564061592,0.09160375119665298
2011-07-08 11:24:00,-0.0222794997971572,-0.1425303111390708,1.0842287835296602,0.09378394609667717
2011-07-08 11:25:00,-0.0213583215501532,-0.1386135163450662,1.087041574146814,0.09605167247560331
2011-07-08 11:26:00,-0.0205480592283788,-0.1345151207883527,1.0899467294547274,0.0984081270219257
2011-07-08 11:27:00,-0.0198708261677968,-0.1302515186012659,1.0929327136802975,0.10084614023173377
2011-07-08 11:28:00,-0.0193473104633653,-0.1258216608823499,1.0959817385707915,0.10335007139620633
2011-07-08 11:29:00,-0.0189961511056242,-0.1212074022006483,1.0990694203368856,0.10589587160126213
2011-07-08 11:30:00,-0.0188332913287279,-0.1163742963815504,1.1021645183999018,0.10845130490259303
2011-07-08 11:31:00,-0.0188713180422884,-0.111272823229944,1.105228764795771,0.11097632304482596
2011-07-08 11:32:00,-0.0191187969305724,-0.1058400214865147,1.1082167923576536,0.1134235929814964
2011-07-08 11:33:00,-0.0195796134364805,-0.100001496691757,1.1110761689265272,0.11573917819504853
2011-07-08 11:34:00,-0.0202523305292019,-0.0936737660246381,1.1137475439110465,0.11786337398672786
2011-07-08 11:35:00,-0.0211295749915454,-0.0867668959183906,1.1161649125389344,0.11973169337555278
2011-07-08 11:36:00,-0.0221974648977768,-0.0791873823885986,1.11825600206384,0.12127599418218571
2011-07-08 11:37:00,-0.0234350917415174,-0.0708412183796114,1.1199427829646942,0.12242572977509081
2011-07-08 11:38:00,-0.0248140710267809,-0.0616370868137506,1.121142106741818,0.12310929659641312
2011-07-08 11:39:00,-0.026298174944709,-0.051489612490477,1.121766470189563,0.12325544193713744
2011-07-08 11:40:00,-0.0278430602313796,-0.0403226013005141,1.12172490391292,0.12279468659106962
2011-07-08 11:41:00,-0.0293961037975579,-0.0280721925824145,1.1209239803121285,0.12166071008734458
2011-07-08 11:42:00,-0.0308963583677096,-0.0146898506680308,1.1192689333735208,0.1197916421764067
2011-07-08 11:43:00,-0.0322746398979519,-0.0001451246304833,1.1166648796040406,0.11713120392494969
2011-07-08 11:44:00,-0.0334537575833365,0.015571889846876,1.1130181265773202,0.11362964568097578
2011-07-08 11:45:00,-0.0343488956805875,0.0324484464980082,1.1082375529446296,0.10924443747593826
2011-07-08 11:46:00,-0.0348681542505729,0.0504474556610677,1.1022360414135508,0.10394067999803869
2011-07-08 11:47:00,-0.0349132533024479,0.0695062489442321,1.0949319441236722,0.09769122077244607
2011-07-08 11:48:00,-0.0343804016883669,0.0895358409119687,1.0862505580807065,0.09047648014925702
2011-07-08 11:49:00,-0.0331613287007308,0.1104207201783943,1.076125586805088,0.08228401436152999
2011-07-08 11:50:00,-0.0311444731743572,0.1320191934613416,1.0645005630255835,0.07310786705404193
2011-07-08 11:51:00,-0.0282163222818918,0.1541642946677644,1.0513302061261969,0.06294778465683648
2011-07-08 11:52:00,-0.024262889894214,0.1766652569025324,1.03658168731213,0.05180839286122785
2011-07-08 11:53:00,-0.0191713219694399,0.1993095290112496,1.0202357753397266,0.03969844917831589
2011-07-08 11:54:00,-0.0128316138779107,0.2218653009201975,1.0022878363453942,0.02663029808838857
2011-07-08 11:55:00,-0.005138421978719,0.2440844855424417,0.9827486628239012,0.01261965897621975
2011-07-08 11:56:00,0.0040070511083515,0.2657060922837709,0.9616451089074094,0.0
2011-07-08 11:57:00,0.0146951218637132,0.2864599206155523,0.9390205114184964,0.0
2011-07-08 11:58:00,0.0270056712240449,0.3060705015091232,0.9149348785785396,0.0
2011-07-08 11:59:00,0.0410062050855733,0.3242612162190612,0.8894648311242751,0.0
2011-07-08 12:00:00,0.0567499703879492,0.3407585213263459,0.8627032845764256,0.0
2011-07-08 12:01:00,0.0742741708925876,0.3552962044529535,0.8347588665319067,0.0
2011-07-08 12:02:00,0.0935983288280423,0.3676195905239748,0.8057550677853563,0.0
2011-07-08 12:03:00,0.1147228398209145,0.3774896200773473,0.7758291291258422,0.0
2011-07-08 12:04:00,0.137627769488417,0.3846867309142419,0.7451306667618705,0.0
2011-07-08 12:05:00,0.162271940398081,0.3890144887895183,0.713820040401262,0.0
2011-07-08 12:06:00,0.188592356991373,0.3903029275208897,0.6820664708805316,0.0
2011-07-08 12:07:00,0.2165040128184892,0.3884115712723061,0.6500459195163001,0.0
2011-07-08 12:08:00,0.2459001186647537,0.3832321182761029,0.6179387496876344,0.0
2011-07-08 12:09:00,0.2766527817899105,0.3746907607605281,0.585927204027083,0.0
2011-07-08 12:10:00,0.3086141556873573,0.3627500991734379,0.5541927483769603,0.0
2011-07-08 12:11:00,0.3416180667214047,0.3474105871958765,0.5229133530813679,0.0
2011-07-08 12:12:00,0.375482108856367,0.3287114299420017,0.4922607966673947,0.0
2011-07-08 12:13:00,0.4100101802986184,0.3067308607316838,0.462398080702685,0.0
2011-07-08 12:14:00,0.4449954155690362,0.2815857432487986,0.4334770367119996,0.0
2011-07-08 12:15:00,0.4802234424859838,0.2534304800083207,0.4056361904483983,0.0
2011-07-08 12:16:00,0.5154758667379332,0.2224552466824895,0.3789989307227196,0.0
2011-07-08 12:17:00,0.5505338625486318,0.188883606861534,0.3536720131267618,0.0
2011-07-08 12:18:00,0.5851817350848468,0.1529695859037582,0.3297444151827143,0.0
2011-07-08 12:19:00,0.6192103242464311,0.114994292216553,0.3072865488289302,0.0
2011-07-08 12:20:00,0.6524201377226756,0.075262173010851,0.2863498277824707,0.0
2011-07-08 12:21:00,0.6846241259500528,0.0340969872182247,0.2669665805900355,0.0
2011-07-08 12:22:00,0.7156500363388923,-0.0081624224057813,0.2491502952888236,0.0
2011-07-08 12:23:00,0.7453423061393131,-0.0511664715231343,0.2328961786108571,0.0
2011-07-08 12:24:00,0.7735634723881151,-0.0945591991260652,0.2181820106942469,0.0
2011-07-08 12:25:00,0.8001950939565129,-0.1379825640063989,0.2049692740098358,0.0
2011-07-08 12:26:00,0.8251381949879936,-0.1810805911929233,0.1932045320691184,0.0
2011-07-08 12:27:00,0.8483132510401493,-0.2235033028294912,0.1828210298252919,0.0
2011-07-08 12:28:00,0.8696597493895614,-0.2649103853119488,0.173740484187867,0.0
2011-07-08 12:29:00,0.8891353637414121,-0.3049745592512456,0.1658750301600347,0.0
2011-07-08 12:30:00,0.90671479116444,-0.343384630016894,0.1591292859932357,0.0
2011-07-08 12:31:00,0.9223883051661166,-0.3798482051231269,0.1534024996065514,0.009265659441566543
2011-07-08 12:32:00,0.9361600830773816,-0.4140940718116674,0.1485907383933767,0.03438329887585945
2011-07-08 12:33:00,0.9480463681770306,-0.4458742347359066,0.1445890852877243,0.057592432366707635
2011-07-08 12:34:00,0.9580735273134416,-0.4749656199199674,0.1412938053273777,0.07863856934038371
2011-07-08 12:35:00,0.9662760633821078,-0.50117145690066,0.1386044487080394,0.09730280828894844
2011-07-08 12:36:00,0.9726946391843102,-0.5243223557351357,0.136425858351998,0.11340056073661886
2011-07-08 12:37:00,0.9773741652344168,-0.5442770990532624,0.1346700522711154,0.12678029908239563
2011-07-08 12:38:00,0.9803619992628052,-0.5609231714217044,0.1332579534643142,0.1373223535998247
2011-07-08 12:39:00,0.9817062996741388,-0.5741770489940385,0.1321209427283478,0.14493776508543021
2011-07-08 12:40:00,0.981454569215714,-0.5839842718718572,0.1312022125466093,0.14956718890425513
2011-07-08 12:41:00,0.9796524187134428,-0.5903193199657921,0.1304579031231209,0.15117984064317924
2011-07-08 12:42:00,0.9763425740591418,-0.5931853106128445,0.1298580046205451,0.14977247140959027
2011-07-08 12:43:00,0.9715641427938416,-0.592613532975513,0.1293870127211227,0.14536836087319416
2011-07-08 12:44:00,0.96535214973776,-0.5886628305193246,0.129044327743033,0.1380163177920557
2011-07-08 12:45:00,0.9577373442748528,-0.5814188388397404,0.1288443907008883,0.12778968065481222
2011-07-08 12:46:00,0.9487462752095296,-0.5709930819900626,0.1288165528891986,0.11478531507314127
2011-07-08 12:47:00,0.9384016226714004,-0.5575219264543703,0.1290046787843904,0.09912260965643549
2011-07-08 12:48:00,0.9267227704423608,-0.5411653882209626,0.1294664852973135,0.08094247834005919
2011-07-08 12:49:00,0.9137265964053336,-0.5221057852505587,0.1302726236573107,0.06040638457392222
2011-07-08 12:50:00,0.8994284536452527,-0.5005462252096033,0.1315055134666812,0.03769541141435573
2011-07-08 12:51:00,0.8838433101442412,-0.476708916862664,0.1332579417287722,0.013009411277551841
2011-07-08 12:52:00,0.8669870110773822,-0.4508332931876117,0.1356314429160308,0.0
2011-07-08 12:53:00,0.8488776245130674,-0.4231739352634011,0.1387344793832731,0.0
2011-07-08 12:54:00,0.8295368289405703,-0.393998288424108,0.1426804446099307,0.0
2011-07-08 12:55:00,0.8089912995740457,-0.3635841662035747,0.147585514833123,0.0
2011-07-08 12:56:00,0.7872740498900864,-0.3322170433479287,0.1535663775763662,0.0
2011-07-08 12:57:00,0.7644256853946839,-0.3001871468023437,0.160737868363561,0.0
2011-07-08 12:58:00,0.7404955282136979,-0.2677863632495158,0.1692105495194914,0.0
2011-07-08 12:59:00,0.7155425737964728,-0.2353049936247551,0.1790882673664493,0.0
2011-07-08 13:00:00,0.6896362448934363,-0.2030283991110538,0.190465726263504,0.0
2011-07-08 13:01:00,0.6628569130909118,-0.1712335991653637,0.2034261197205003,0.0
2011-07-08 13:02:00,0.6352961643799397,-0.1401858983126599,0.2180388603051344,0.0
2011-07-08 13:03:00,0.6070567916394731,-0.1101356292262074,0.2343574516240807,0.0
2011-07-08 13:04:00,0.5782525020217625,-0.0813150964255628,0.2524175478683204,0.0
2011-07-08 13:05:00,0.5490073300687298,-0.053935782935456,0.2722352493496512,0.0
2011-07-08 13:06:00,0.5194547490468692,-0.0281858478921731,0.2938056850283402,0.0
2011-07-08 13:07:00,0.4897364764915541,-0.0042279125186554,0.3171019331985909,0.0
2011-07-08 13:08:00,0.4600009781539264,0.0178028800807699,0.3420743274693389,0.0
2011-07-08 13:09:00,0.4304016881976612,0.037800535346826,0.3686501865380336,0.0
2011-07-08 13:10:00,0.4010949813864252,0.0556895853611387,0.3967339939338283,0.0
2011-07-08 13:11:00,0.3722379530712223,0.0714261194574616,0.4262080393570687,0.0
2011-07-08 13:12:00,0.343986081857392,0.0849983839564969,0.456933518100546,0.0
2011-07-08 13:13:00,0.3164908625277896,0.0964268538342391,0.4887520712995886,0.0
2011-07-08 13:14:00,0.2898974970011194,0.1057636856403028,0.5214877392675571,0.0
2011-07-08 13:15:00,0.2643427166908814,0.1130914852474275,0.5549492933471148,0.0
2011-07-08 13:16:00,0.2399527860029905,0.1185213583493367,0.5889329068778341,0.0
2011-07-08 13:17:00,0.2168417143584032,0.1221902507833545,0.6232251199641201,0.0
2011-07-08 13:18:00,0.1951096913420382,0.1242576288446116,0.6576060427015772,0.0
2011-07-08 13:19:00,0.1748417571950172,0.1249015954813889,0.6918527265257145,0.0
2011-07-08 13:20:00,0.1561067238375975,0.1243145807515906,0.7257426168547111,0.0
2011-07-08 13:21:00,0.1389563641871048,0.1226987749585781,0.7590569892921056,0.0
2011-07-08 13:22:00,0.1234248865140049,0.1202614835264703,0.7915842718846151,0.0
2011-07-08 13:23:00,0.1095287056420452,0.1172105740912733,0.8231231667004437,0.0
2011-07-08 13:24:00,0.0972665154005634,0.1137501646511024,0.8534855000665557,0.0
2011-07-08 13:25:00,0.0866196585708151,0.1100766737846354,0.882498747284148,0.0
2011-07-08 13:26:00,0.077552782623669,0.1063753241309344,0.9100081924024008,0.0
2011-07-08 13:27:00,0.0700147622115002,0.1028171607534175,0.935878696470307,0.0
2011-07-08 13:28:00,0.0639398629757466,0.0995566185502998,0.9599960590202185,0.0
2011-07-08 13:29:00,0.0592491162371714,0.0967296493030983,0.9822679677923956,0.0
2011-07-08 13:30:00,0.055851870854771,0.0944524001806741,1.0026245411040478,0.008611252069879782
2011-07-08 13:31:00,0.0536474867387803,0.092820421259666,1.0210184757618876,0.02663158498233331
2011-07-08 13:32:00,0.0525271336216329,0.0919083690942208,1.0374248208386778,0.042811827209601194
2011-07-08 13:33:00,0.0523756584419422,0.091770165765003,1.05184040384854,0.057134432364220666
2011-07-08 13:34:00,0.0530734852279628,0.0924395672110518,1.0642829408656982,0.06960742641314366
2011-07-08 13:35:00,0.054498512800112,0.0939310902707684,1.074789865995178,0.08026218746321567
2011-07-08 13:36:00,0.0565279777222036,0.0962412449767897,1.0834169183310214,0.08915104940771723
2011-07-08 13:37:00,0.0590402523839575,0.0993500179848813,1.0902365261382505,0.096344772597178
2011-07-08 13:38:00,0.0619165507390934,0.1032225543025673,1.0953360285742293,0.1019299299251919
2011-07-08 13:39:00,0.0650425169692943,0.1078109863994351,1.098815774986377,0.10600625909667993
2011-07-08 13:40:00,0.0683096750206557,0.1130563615575678,1.1007871408200205,0.1086840316270361
2011-07-08 13:41:00,0.0716167195054267,0.1188906204605358,1.1013704975474372,0.11008148665496598
2011-07-08 13:42:00,0.074870631112163,0.1252385832516645,1.1006931719138886,0.11032237338345796
2011-07-08 13:43:00,0.0779876026602966,0.1320199036890058,1.0988874273450293,0.10953364037136426
2011-07-08 13:44:00,0.080893765197563,0.1391509570056901,1.0960884977612055,0.10784330345399207
2011-07-08 13:45:00,0.083525706884303,0.1465466313386999,1.0924327015640007,0.1053785172119388
2011-07-08 13:46:00,0.0858307809223187,0.1541219943850574,1.0880556614779675,0.10226386794688147
2011-07-08 13:47:00,0.0877672028398602,0.1617938056352386,1.0830906542887186,0.09861989916614533
2011-07-08 13:48:00,0.0893039422371239,0.1694818418913132,1.077667112931957,0.09456187359375123
2011-07-08 13:49:00,0.0904204191552966,0.1771100034697839,1.0719093010999698,0.09019876871784827
2011-07-08 13:50:00,0.0911060196713991,0.1846071739871919,1.0659351766773697,0.08563249600687528
2011-07-08 13:51:00,0.0913594487614145,0.1919078191864073,1.0598554543385503,0.0809573275731319
2011-07-08 13:52:00,0.0911879413088468,0.1989523282364917,1.053772869742164,0.07625950892686761
2011-07-08 13:53:00,0.0906063547590592,0.205687120215192,1.0477816391235657,0.07161703337974701
2011-07-08 13:54:00,0.0896361691567854,0.2120645535853264,1.0419671005464552,0.06709955314845595
2011-07-08 13:55:00,0.088304421761849,0.2180426830462965,1.0364055181822702,0.0627684040520693
2011-07-08 13:56:00,0.0866426040173362,0.2235849060753884,1.031164028993591,0.05867672390864476
2011-07-08 13:57:00,0.0846855484522342,0.2286595350715816,1.0263007110254962,0.054869648130633664
2011-07-08 13:58:00,0.0824703321168107,0.2332393251524485,1.0218647528506026,0.051384568840274536
2011-07-08 13:59:00,0.0800352213459071,0.2373009844351842,1.0178967039498352,0.04825144587629082
2011-07-08 14:00:00,0.0774186802641068,0.2408246925743488,1.0144287859474908,0.04549315940672982
2011-07-08 14:01:00,0.074658462747243,0.243793653163379,1.0114852449464486,0.04312589466799488
2011-07-08 14:02:00,0.0717908044556653,0.2461937055458514,1.009082726113478,0.04115954992277593
2011-07-08 14:03:00,0.0688497278970609,0.2480130216186118,1.0072306533738264,0.0395981593960999
2011-07-08 14:04:00,0.0658664694673434,0.2492419133185525,1.005931599542655,0.03844032380933182
2011-07-08 14:05:00,0.0628690334964571,0.2498727755329514,1.0051816353531198,0.03767964197843421
2011-07-08 14:06:00,0.0598818747132547,0.2499001849659588,1.0049706496622677,0.0373051373861959
2011-07-08 14:07:00,0.0569257071551345,0.249321166189586,1.0052826376342223,0.03730167336897061
2011-07-08 14:08:00,0.0540174342858624,0.2481356217202561,1.006095958753222,0.0376503496808982
2011-07-08 14:09:00,0.0511701920625013,0.2463469055330469,1.0073835718398163,0.03832887238782279
2011-07-08 14:10:00,0.0483934941620399,0.243962501762138,1.009113259575658,0.03931188927802709
2011-07-08 14:11:00,0.0456934667058075,0.2409947548831487,1.011247859995382,0.0405712849805262
2011-07-08 14:12:00,0.0430731586195622,0.2374615869923311,1.0137455260053672,0.0420764337543964
2011-07-08 14:13:00,0.0405329132479345,0.2333871353254574,1.0165600345885897,0.04379441266685391
2011-07-08 14:14:00,0.038070786990744,0.2288022514232912,1.0196411636874088,0.045690182493971054
2011-07-08 14:15:00,0.0356830012854759,0.2237448209599934,1.022935147371438,0.047726747398855185
2011-07-08 14:16:00,0.0333644147850255,0.2182598851773639,1.026385211029065,0.04986530710885084
2011-07-08 14:17:00,0.0311090028261635,0.2123995655645532,1.0299321803421893,0.05206541698378486
2011-07-08 14:18:00,0.0289103313087003,0.2062228085524314,1.0335151522852148,0.05428517206055883
2011-07-08 14:19:00,0.0267620120774948,0.199794973877778,1.037072214040494,0.05648143098310543
2011-07-08 14:20:00,0.024658126976174,0.1931872890220407,1.040541196247463,0.058610094866736295
2011-07-08 14:21:00,0.0225936079998389,0.1864761857140747,1.0438604492369108,0.060626454715328126
2011-07-08 14:22:00,0.0205645614914224,0.1797425268056015,1.046969633572056,0.06248561908093708
2011-07-08 14:23:00,0.0185685255952976,0.1730707262009353,1.0498105184125812,0.0641430312604574
2011-07-08 14:24:00,0.016604653099371,0.1665477635301017,1.0523277822371306,0.06555508225034856
2011-07-08 14:25:00,0.0146738165974194,0.1602621003009719,1.054469809804275,0.06667982144365969
2011-07-08 14:26:00,0.0127786383862984,0.154302514379752,1.0561894770047489,0.067477761303947
2011-07-08 14:27:00,0.0109234519018438,0.1487568809513515,1.057444912399521,0.06791276525353762
2011-07-08 14:28:00,0.0091142038053672,0.1437109354298179,1.058200222070925,0.06795300068124432
2011-07-08 14:29:00,0.0073583061893614,0.1392470539820655,1.0584261637604762,0.0675719323986459
2011-07-08 14:30:00,0.005664447509889,0.1354430812683165,1.0581007570135388,0.06674932679691525
2011-07-08 14:31:00,0.0040423695134897,0.1323712260368045,1.057209817557118,0.06547223360016519
2011-07-08 14:32:00,0.0025026159734829,0.1300970362695011,1.0557474058719427,0.06373591033590431
2011-07-08 14:33:00,0.0010562574507058,0.1286784581163917,1.0537161816470977,0.06154465413752308
2011-07-08 14:34:00,-0.0002854055041479,0.1281649774936908,1.0511276573965649,0.05891250585506369
2011-07-08 14:35:00,-0.0015111597516519,0.1285968405520646,1.0480023457252152,0.0558637921859626
2011-07-08 14:36:00,-0.0026102164741007,0.1300043502905673,1.0443697951147135,0.052433472136107495
2011-07-08 14:37:00,-0.0035725638057352,0.1324072422794117,1.0402685083342045,0.048667254400582394
2011-07-08 14:38:00,-0.0043893268780563,0.1358141516703864,1.0357457360484028,0.04462145283678565
2011-07-08 14:39:00,-0.0050531227613033,0.1402221928971885,1.0308571370147597,0.04036254948205631
2011-07-08 14:40:00,-0.0055583954585554,0.1456166792198497,1.0256662964253775,0.035966439924595583
2011-07-08 14:41:00,-0.0059017156196568,0.151971010541375,1.0202440956025407,0.03151734493612279
2011-07-08 14:42:00,-0.0060820300584815,0.159246755650935,1.0146679289321592,0.0271063850830926
2011-07-08 14:43:00,-0.0061008469922754,0.1673939501620527,1.009020767147322,0.022829831115346755
2011-07-08 14:44:00,-0.0059623445275343,0.1763516241217709,1.003390069618903,0.018787061506220004
2011-07-08 14:45:00,-0.0056733928026036,0.1860485636084299,0.9978665521268868,0.015078278390515898
2011-07-08 14:46:00,-0.0052434843088341,0.1964042991055355,0.992542820734993,0.0118020526898579
2011-07-08 14:47:00,-0.0046845717480192,0.2073303008772657,0.9875118869284812,0.009052786379072142
2011-07-08 14:48:00,-0.0040108179073714,0.2187313486467388,0.9828655840874136,0.0069181922701566645
2011-07-08 14:49:00,-0.003238267218802,0.230507029877405,0.9786929106079006,0.005476897035256334
2011-07-08 14:50:00,-0.0023844537585591,0.2425533081320161,0.9750783304524516,0.0047962696106369496
2011-07-08 14:51:00,-0.001467965112701,0.2547640915351307,0.9721000671588056,0.004930563684599543
2011-07-08 14:52:00,-0.0005079849827742,0.2670327244292901,0.9698284311901076,0.0059194400694009275
2011-07-08 14:53:00,0.0004761614981058,0.2792533269558729,0.9683242213848694,0.007786904591595478
2011-07-08 14:54:00,0.0014654376167485,0.2913219192700358,0.9676372383427836,0.010540663794503136
2011-07-08 14:55:00,0.0024414822759891,0.3031372871020203,0.9678049415207328,0.014171869309746565
2011-07-08 14:56:00,0.0033869424742369,0.3146015691619475,0.9688512740429002,0.018655196773193827
2011-07-08 14:57:00,0.0042857454919428,0.3256205712271747,0.9707856708961388,0.023949189578271746
2011-07-08 14:58:00,0.0051233117089548,0.3361038343692561,0.9736022581698804,0.029996792671741268
2011-07-08 14:59:00,0.0058867141654572,0.3459645022566838,0.9772792446502302,0.03672600635341694
2011-07-08 15:00:00,0.006564793177828,0.355119040250702,0.9817785040815948,0.044050602382251114
2011-07-08 15:01:00,0.0071482329398581,0.3634868548223287,0.9870453475128258,0.05187086132733332
2011-07-08 15:02:00,0.0076296035971059,0.3709898486644342,0.9930084892839904,0.060074307986558884
2011-07-08 15:03:00,0.0080033695389068,0.3775519315724755,0.9995802152413228,0.06853643908851925
2011-07-08 15:04:00,0.0082658645755505,0.383098496095167,1.006656765672976,0.07712145373803447
2011-07-08 15:05:00,0.0084152370660575,0.3875558633028609,1.0141189467512572,0.08568301154396951
2011-07-08 15:06:00,0.0084513710098233,0.3908507077740221,1.02183298214658,0.09406505512331043
2011-07-08 15:07:00,0.008375790762894,0.3929094800925877,1.0296516112087808,0.10210274198115021
2011-07-08 15:08:00,0.0081915569672339,0.3936578573126024,1.0374154328344978,0.1096235354897106
2011-07-08 15:09:00,0.0079031601581441,0.3930202649251886,1.0449544860454352,0.11644850597277001
2011-07-08 15:10:00,0.0075164170148944,0.3909195257145542,1.052090050370653,0.12239389084160512
2011-07-08 15:11:00,0.0070383725643542,0.3872766981744308,1.0586366425367175,0.12727295743251887
2011-07-08 15:12:00,0.0064772098030246,0.3820111661000543,1.0644041819316843,0.13089820398903007
2011-07-08 15:13:00,0.0058421661989762,0.3750410301993856,1.0692002961526892,0.13308392386968015
2011-07-08 15:14:00,0.0051434546022559,0.3662838344328665,1.0728327388033754,0.13364914675592665
2011-07-08 15:15:00,0.0043921845317926,0.3556576381222022,1.0751118933110149,0.1324209597046584
2011-07-08 15:16:00,0.003600278776906,0.3430824221604746,1.075853338097594,0.12923820139884823
2011-07-08 15:17:00,0.0027803797009208,0.3284817950084938,1.0748804496856386,0.12395551570321683
2011-07-08 15:18:00,0.0019457394466241,0.3117849431786843,1.0720270208982885,0.1164477463056608
2011-07-08 15:19:00,0.001110088517283,0.2929287548757024,1.0671398703836923,0.10661465320682839
2011-07-08 15:20:00,0.000287478345825,0.2718600380864248,1.0600814163089975,0.09438593382583371
2011-07-08 15:21:00,-0.0005079041853653,0.2485377567632458,1.050732181163328,0.07972653530225537
2011-07-08 15:22:00,-0.0012619489183429,0.2229352177872313,1.0389931874121878,0.0626422480467499
2011-07-08 15:23:00,-0.0019608562509429,0.1950421520032395,1.0247881970800654,0.04318557068716333
2011-07-08 15:24:00,-0.0025913846246313,0.1648666408184254,1.0080657436203329,0.02146182894410642
2011-07-08 15:25:00,-0.0031411020896148,0.1324368444523042,0.9888009021888552,0.0
2011-07-08 15:26:00,-0.0035986321370391,0.0978024896935161,0.9669967444511436,0.0
2011-07-08 15:27:00,-0.0039538846162865,0.0610360746925241,0.9426854258786812,0.0
2011-07-08 15:28:00,-0.0041982636058554,0.0222337461230193,0.9159288568813964,0.0
2011-07-08 15:29:00,-0.0043248453235724,-0.0184841988003167,0.8868189140754928,0.0
2011-07-08 15:30:00,-0.0043285204028896,-0.0609732339398409,0.8554771545747606,0.0
2011-07-08 15:31:00,-0.0042060960990976,-0.1050649951224004,0.8220540044771845,0.0
2011-07-08 15:32:00,-0.0039563552529762,-0.1505681787707328,0.7867274027832466,0.0
2011-07-08 15:33:00,-0.0035800701465177,-0.1972699756106289,0.7497008939863649,0.0
2011-07-08 15:34:00,-0.0030799707731096,-0.2449380521973946,0.7112011766830661,0.0
2011-07-08 15:35:00,-0.0024606685536716,-0.2933230755342556,0.6714751318413152,0.0
2011-07-08 15:36:00,-0.0017285380992402,-0.3421617556538052,0.6307863727939522,0.0
2011-07-08 15:37:00,-0.0008915611117816,-0.3911803568363244,0.5894113794528801,0.0
2011-07-08 15:38:00,4.086212883078682e-05,-0.4400985997950487,0.5476353014356247,0.0
2011-07-08 15:39:00,0.0010581270235572,-0.4886338469931801,0.505747537581541,0.0
2011-07-08 15:40:00,0.0021486570655476,-0.5365054373465664,0.4640372188116858,0.0
2011-07-08 15:41:00,0.0033001464752203,-0.5834390227462956,0.4227887310856274,0.0
2011-07-08 15:42:00,0.004499805490849,-0.629170761689191,0.3822774109456586,0.0
2011-07-08 15:43:00,0.0057346015952076,-0.6734512425398662,0.3427655295680395,0.0
2011-07-08 15:44:00,0.0069914909929541,-0.7160490335792873,0.3044986585104304,0.0
2011-07-08 15:45:00,0.008257635687139,-0.7567537826980313,0.2677024869266687,0.0
2011-07-08 15:46:00,0.0095206024736325,-0.7953788133351937,0.2325801384088049,0.0
2011-07-08 15:47:00,0.0107685410668799,-0.8317631843234989,0.1993100163716593,0.0
2011-07-08 15:48:00,0.0119903393871312,-0.8657731996921956,0.1680441900171942,0.0
2011-07-08 15:49:00,0.0131757547774895,-0.8973033703204104,0.1389073183238016,0.0
2011-07-08 15:50:00,0.0143155205788838,-0.9262768427554788,0.1119960970917772,0.0
2011-07-08 15:51:00,0.0154014280732653,-0.9526453216528376,0.0873792037139525,0.0
2011-07-08 15:52:00,0.0164263843114879,-0.9763885213027615,0.0650977058960285,0.0
2011-07-08 15:53:00,0.0173844467746177,-0.9975131887377926,0.0451658938937473,0.0
2011-07-08 15:54:00,0.0182708361785911,-1.016051746122808,0.0275724908363115,0.016589994297007804
2011-07-08 15:55:00,0.0190819290255232,-1.032060603680995,0.012282192237788,0.03231006094674904
2011-07-08 15:56:00,0.0198152317343049,-1.0456181964680014,-0.0007625162756733,0.045806214183464755
2011-07-08 15:57:00,0.0204693383525482,-1.0568227990357113,-0.0116393148172036,0.05708509403154505
2011-07-08 15:58:00,0.0210438739658811,-1.0657901715854623,-0.0204438301783198,0.06619392451468276
2011-07-08 15:59:00,0.0215394259837099,-1.0726510897537074,-0.027287292115288,0.07321428593385249
2011-07-08 16:00:00,0.0219574654976908,-1.0775488078538946,-0.0322941131680345,0.07825621878278155
2011-07-08 16:01:00,0.0223002608851998,-1.0806365023654498,-0.0355994374331794,0.08145266739961388
2011-07-08 16:02:00,0.0225707857699923,-1.0820747388557437,-0.0373467003888276,0.0829542727511321
2011-07-08 16:03:00,0.0227726233609086,-1.0820290014757077,-0.0376852381069794,0.08292452626230351
2011-07-08 16:04:00,0.0229098690717211,-1.08066731980614,-0.0367679801045827,0.08153529880389954
2011-07-08 16:05:00,0.0229870331857125,-1.0781580232623469,-0.0347492557827275,0.07896276006037661
2011-07-08 16:06:00,0.0230089451718019,-1.074667648593092,-0.0317827399828455,0.07538370317358889
2011-07-08 16:07:00,0.0229806610892913,-1.0703590213293956,-0.0280195587373424,0.07097228768869535
2011-07-08 16:08:00,0.0229073753396045,-1.065389527432414,-0.023606571888767,0.06589721044946528
2011-07-08 16:09:00,0.0227943378395182,-1.0599095869294974,-0.0186848449659274,0.060319309328091375
2011-07-08 16:10:00,0.0226467775047684,-1.054061337074933,-0.0133883185975502,0.05438959873588267
2011-07-08 16:11:00,0.0224698327487125,-1.0479775285779624,-0.0078426798655347,0.04824772902954688
2011-07-08 16:12:00,0.0222684895207098,-1.0417806347473122,-0.002164436393452,0.04202085456335669
2011-07-08 16:13:00,0.022047527235582,-1.035582170041596,0.003539809333101,0.03582288766727837
2011-07-08 16:14:00,0.0218114727810578,-1.0294822115126538,0.0091738908809893,0.029754108726816275
2011-07-08 16:15:00,0.0215645626363111,-1.0235691139997125,0.0146524220914083,0.023901096282739953
2011-07-08 16:16:00,0.0213107129930911,-1.0179194076840423,0.0199009649160295,0.018336936103515056
2011-07-08 16:17:00,0.0210534976428311,-1.0125978647474645,0.024856033032146,0.013121664871606598
2011-07-08 16:18:00,0.0207961332796919,-1.0076577203883994,0.0294649448866842,0.008302902700824122
2011-07-08 16:19:00,0.0205414717715642,-1.003141032325603,0.0336855409428241,0.003916629240909186
2011-07-08 16:20:00,0.0202919988691071,-0.9990791621470392,0.0374857806832711,0.0
2011-07-08 16:21:00,0.0200498387570506,-0.9954933614200348,0.0408432353836107,0.0
2011-07-08 16:22:00,0.0198167638020957,-0.992395445345551,0.0437444928334981,0.0
2011-07-08 16:23:00,0.0195942088170202,-0.9897885368879916,0.046184490080249,0.0
2011-07-08 16:24:00,0.0193832891393794,-0.9876678647143136,0.0481657899272689,0.0
2011-07-08 16:25:00,0.0191848218141006,-0.986021598902712,0.0496978163674843,0.0
2011-07-08 16:26:00,0.0189993491728525,-0.9848317092011674,0.0507960633975847,0.0
2011-07-08 16:27:00,0.0188271641211974,-0.9840748315985628,0.0514812907699398,0.0
2011-07-08 16:28:00,-0.06834826103078381,-0.1423670746910939,0.552190479321377,0.0
2011-07-08 16:29:00,-0.06834826103078381,-0.1423670746910939,0.552190479321377,0.0
2011-07-08 16:30:00,0.018390077853991,-0.9841065942328232,0.0513286252306079,0.0
2011-07-08 16:31:00,0.018269911130678,-0.9847711873528237,0.0506468191808443,0.0
2011-07-08 16:32:00,0.0181616815466036,-0.985701329180374,0.0497071998216071,0.0
2011-07-08 16:33:00,0.0180647364726398,-0.986858821822792,0.048545935534241,0.0
2011-07-08 16:34:00,0.0179783509768875,-0.9882054906294948,0.0471993712534541,0.0
2011-07-08 16:35:00,0.0179017484077001,-0.9897037532779994,0.04570347179709,0.0
2011-07-08 16:36:00,0.01783411917202,-0.9913171260339328,0.0440933219526624,0.0
2011-07-08 16:37:00,0.0177746376594583,-0.9930106657054022,0.0424026851969639,0.0
2011-07-08 16:38:00,0.0177224773093754,-0.994751346904335,0.0406636219281262,0.0
2011-07-08 16:39:00,0.0176768238601862,-0.9965083752269168,0.0389061671765627,0.0
2011-07-08 16:40:00,0.0176368868571833,-0.9982534378649316,0.0371580669351327,0.0
2011-07-08 16:41:00,0.0176019095245797,-0.9999608939549722,0.0354445715066372,0.0007436906158480028
2011-07-08 16:42:00,0.0175711771250506,-1.001607907660532,0.0337882836017441,0.0023316791673406723
2011-07-08 16:43:00,0.0175440239338887,-1.003174527562058,0.0322090583298322,0.0038447833025012645
2011-07-08 16:44:00,0.0175198389479252,-1.0046437164026156,0.0307239517151861,0.005266085607694926
2011-07-08 16:45:00,0.0174980704373522,-1.006001335603804,0.0293472139519277,0.006581406877957496
2011-07-08 16:46:00,0.0174782294358888,-1.007236089231357,0.0280903232892458,0.007779288444045074
2011-07-08 16:47:00,0.0174598922529961,-1.0083394322573984,0.0269620562132049,0.008850935945396765
2011-07-08 16:48:00,0.0174427020811989,-1.0093054480426906,0.0259685894578309,0.009790128166729195
2011-07-08 16:49:00,0.0174263697620252,-1.0101306999541495,0.0251136293297944,0.010593095034325373
2011-07-08 16:50:00,0.0174106737658439,-1.0108140619473396,0.0243985638606078,0.011258369216255781
2011-07-08 16:51:00,0.0173954594343308,-1.0113565327877276,0.0238226334000224,0.01178661598355668
2011-07-08 16:52:00,-0.06834826103078381,-0.1423670746910939,0.552190479321377,0.0
2011-07-08 16:53:00,-0.06834826103078381,-0.1423670746910939,0.552190479321377,0.0
2011-07-08 16:54:00,-0.06834826103078381,-0.1423670746910939,0.552190479321377,0.0
2011-07-08 16:55:00,-0.06834826103078381,-0.1423670746910939,0.552190479321377,0.0
2011-07-08 16:56:00,-0.06834826103078381,-0.1423670746910939,0.552190479321377,0.0
2011-07-08 16:57:00,-0.06834826103078381,-0.1423670746910939,0.552190479321377,0.0
2011-07-08 16:58:00,-0.06834826103078381,-0.1423670746910939,0.552190479321377,0.0
2011-07-08 16:59:00,-0.06834826103078381,-0.1423670746910939,0.552190479321377,0.0
2011-07-08 17:00:00,-0.06834826103078381,-0.1423670746910939,0.552190479321377,0.0
2011-07-08 17:01:00,-0.06834826103078381,-0.1423670746910939,0.552190479321377,0.0
2011-07-08 17:02:00,-0.06834826103078381,-0.1423670746910939,0.552190479321377,0.0
2011-07-08 17:03:00,-0.06834826103078381,-0.1423670746910939,0.552190479321377,0.0
2011-07-08 17:04:00,-0.06834826103078381,-0.1423670746910939,0.552190479321377,0.0
2011-07-08 17:05:00,-0.06834826103078381,-0.1423670746910939,0.552190479321377,0.0
2011-07-08 17:06:00,-0.06834826103078381,-0.1423670746910939,0.552190479321377,0.0
2011-07-08 17:07:00,-0.06834826103078381,-0.1423670746910939,0.552190479321377,0.0
2011-07-08 17:08:00,-0.06834826103078381,-0.1423670746910939,0.552190479321377,0.0
2011-07-08 17:09:00,-0.06834826103078381,-0.1423670746910939,0.552190479321377,0.0
2011-07-08 17:10:00,-0.06834826103078381,-0.1423670746910939,0.552190479321377,0.0
2011-07-08 17:11:00,-0.06834826103078381,-0.1423670746910939,0.552190479321377,0.0
2011-07-08 17:12:00,-0.06834826103078381,-0.1423670746910939,0.552190479321377,0.0
2011-07-08 17:13:00,-0.06834826103078381,-0.1423670746910939,0.552190479321377,0.0
2011-07-08 17:14:00,-0.06834826103078381,-0.1423670746910939,0.552190479321377,0.0
2011-07-08 17:15:00,-0.06834826103078381,-0.1423670746910939,0.552190479321377,0.0
2011-07-08 17:16:00,-0.06834826103078381,-0.1423670746910939,0.552190479321377,0.0
2011-07-08 17:17:00,-0.06834826103078381,-0.1423670746910939,0.552190479321377,0.0
2011-07-08 17:18:00,-0.06834826103078381,-0.1423670746910939,0.552190479321377,0.0
2011-07-08 17:19:00,-0.06834826103078381,-0.1423670746910939,0.552190479321377,0.0
2011-07-08 17:20:00,-0.06834826103078381,-0.1423670746910939,0.552190479321377,0.0
2011-07-08 17:21:00,-0.06834826103078381,-0.1423670746910939,0.552190479321377,0.0
2011-07-08 17:22:00,-0.06834826103078381,-0.1423670746910939,0.552190479321377,0.0
2011-07-08 17:23:00,-0.06834826103078381,-0.1423670746910939,0.552190479321377,0.0
2011-07-08 17:24:00,-0.06834826103078381,-0.1423670746910939,0.552190479321377,0.0
2011-07-08 17:25:00,-0.06834826103078381,-0.1423670746910939,0.552190479321377,0.0
2011-07-08 17:26:00,-0.06834826103078381,-0.1423670746910939,0.552190479321377,0.0
2011-07-08 17:27:00,-0.06834826103078381,-0.1423670746910939,0.552190479321377,0.0
2011-07-08 17:28:00,-0.06834826103078381,-0.1423670746910939,0.552190479321377,0.0
2011-07-08 17:29:00,-0.06834826103078381,-0.1423670746910939,0.552190479321377,0.0
2011-07-08 17:30:00,-0.06834826103078381,-0.1423670746910939,0.552190479321377,0.0
2011-07-08 17:31:00,-0.06834826103078381,-0.1423670746910939,0.552190479321377,0.0
2011-07-08 17:32:00,-0.06834826103078381,-0.1423670746910939,0.552190479321377,0.0
2011-07-08 17:33:00,-0.06834826103078381,-0.1423670746910939,0.552190479321377,0.0
2011-07-08 17:34:00,-0.06834826103078381,-0.1423670746910939,0.552190479321377,0.0
2011-07-08 17:35:00,-0.06834826103078381,-0.1423670746910939,0.552190479321377,0.0
2011-07-08 17:36:00,-0.06834826103078381,-0.1423670746910939,0.552190479321377,0.0
2011-07-08 17:37:00,-0.06834826103078381,-0.1423670746910939,0.552190479321377,0.0
2011-07-08 17:38:00,-0.06834826103078381,-0.1423670746910939,0.552190479321377,0.0
2011-07-08 17:39:00,-0.06834826103078381,-0.1423670746910939,0.552190479321377,0.0
2011-07-08 17:40:00,-0.06834826103078381,-0.1423670746910939,0.552190479321377,0.0
2011-07-08 17:41:00,-0.06834826103078381,-0.1423670746910939,0.552190479321377,0.0
2011-07-08 17:42:00,-0.06834826103078381,-0.1423670746910939,0.552190479321377,0.0
2011-07-08 17:43:00,-0.06834826103078381,-0.1423670746910939,0.552190479321377,0.0
2011-07-08 17:44:00,-0.06834826103078381,-0.1423670746910939,0.552190479321377,0.0
2011-07-08 17:45:00,0.0194644373048308,-1.0122282100812034,0.0248481461504849,0.01272021998719186
2011-07-08 17:46:00,0.0194347785489939,-1.0119133322850922,0.0255170594077161,0.012421563872670793
2011-07-08 17:47:00,0.0193982441993005,-1.0114580804631692,0.026310867092506,0.011986166970386014
2011-07-08 17:48:00,0.0193557809577311,-1.010857776862511,0.0272270667747159,0.011409612602657049
2011-07-08 17:49:00,0.0193084743662806,-1.010109580242046,0.0282609561673856,0.010689300884604291
2011-07-08 17:50:00,0.0192575368054588,-1.0092127027315705,0.0294055055435518,0.009824646082104094
2011-07-08 17:51:00,0.0192042924344774,-1.0081686178128906,0.0306512526821747,0.008817260995097165
2011-07-08 17:52:00,0.0191501590942949,-1.006981254945308,0.0319862244678829,0.007671124405316032
2011-07-08 17:53:00,0.0190966272389528,-1.005657176085324,0.0333958892881021,0.006392727718734559
2011-07-08 17:54:00,0.019045236008029,-1.0042057291334114,0.0348631443186734,0.004991197111075429
2011-07-08 17:55:00,0.0189975466036786,-1.0026391731880946,0.0363683416590756,0.0034783877410096142
2011-07-08 17:56:00,0.0189551131896932,-1.0009727704084117,0.0378893570654014,0.0018689469156902838
2011-07-08 17:57:00,0.0189194515872321,-0.9992248392884728,0.0394017047287492,0.00018034345560269394
2011-07-08 17:58:00,0.0188920061022233,-0.9974167642399432,0.0408787011552317,0.0
2011-07-08 17:59:00,0.0188741148826348,-0.9955729565670622,0.0422916807191193,0.0
2011-07-08 18:00:00,0.0188669742694309,-0.9937207622110829,0.0436102648818683,0.0
2011-07-08 18:01:00,0.0188716026723116,-0.9918903120424484,0.0448026863975875,0.0
2011-07-08 18:02:00,0.0188888045688627,-0.9901143109936464,0.0458361690622068,0.0
2011-07-08 18:03:00,0.0189191352910492,-0.9884277629555048,0.0466773627133639,0.0
2011-07-08 18:04:00,0.0189628673224325,-0.986867629104815,0.0472928322567998,0.0
2011-07-08 18:05:00,0.0190199588783864,-0.985472418189718,0.0476495984907821,0.0
2011-07-08 18:06:00,0.0190900255744021,-0.9842817082673564,0.0477157274327287,0.0
2011-07-08 18:07:00,0.0191723159987287,-0.9833356004598344,0.04746096373379,0.0
2011-07-08 18:08:00,0.0192656919917596,-0.9826741064612342,0.0468574026118093,0.0
2011-07-08 18:09:00,0.0193686143967471,-0.9823364727797708,0.0458801935569833,0.0
2011-07-08 18:10:00,0.019479134989563,-0.9823604460224544,0.0445082678858154,0.0
2011-07-08 18:11:00,0.0195948952253237,-0.9827814849101516,0.0427250810575195,0.0
2011-07-08 18:12:00,0.0197131323611977,-0.9836319261312846,0.0405193595445029,0.0
2011-07-08 18:13:00,0.0198306934297639,-0.9849401125824968,0.0378858409880271,0.0
2011-07-08 18:14:00,0.0199440574458825,-0.986729493981684,0.0348259953958676,0.0
2011-07-08 18:15:00,0.0200493661302335,-0.9890177112479628,0.0313487142759581,0.0
2011-07-08 18:16:00,0.0201424633213233,-0.9918156773975848,0.0274709538745353,0.0
2011-07-08 18:17:00,0.0202189431221802,-0.9951266689759688,0.0232183181253326,0.0
2011-07-08 18:18:00,0.020274206687353,-0.9989454432041874,0.0186255665435673,0.0
2011-07-08 18:19:00,0.0203035274017813,-1.0032573970327492,0.0137370321400337,0.0035568464107544884
2011-07-08 18:20:00,0.0203021240392621,-1.0080377851346067,0.0086069345117567,0.008278945441825059
2011-07-08 18:21:00,0.0202652413192871,-1.013251014500287,0.003299573610813,0.013459020176742609
2011-07-08 18:22:00,0.0201882371107934,-1.0188500336888473,-0.0021106096764988,0.01905221197866669
2011-07-08 18:23:00,0.0200666753616676,-1.02477583490896,-0.0075391190750767,0.025000010531636363
2011-07-08 18:24:00,0.0198964236642102,-1.030957086927041,-0.0128916462780187,0.031229643340160207
2011-07-08 18:25:00,0.019673754199963,-1.0373099162977952,-0.0180644822297775,0.037653720935982404
2011-07-08 18:26:00,0.0193954466438758,-1.0437378535630606,-0.0229451045472657,0.0441701815957134
2011-07-08 18:27:00,0.0190588914501068,-1.050131959846963,-0.0274129470563726,0.050662573855967175
2011-07-08 18:28:00,0.0186621917934316,-1.0563711476734117,-0.0313403548597098,0.05700070808023039
2011-07-08 18:29:00,0.0182042623062128,-1.062322707835672,-0.034593725473115,0.06304170030697165
2011-07-08 18:30:00,0.0176849226367664,-1.0678430517532582,-0.0370348333915264,0.06863142315333315
2011-07-08 18:31:00,0.0171049837659376,-1.072778675961747,-0.038522331995818,0.07360637019825278
2011-07-08 18:32:00,0.0164663249588952,-1.0769673522069902,-0.0389134230268576,0.07779593247936067
2011-07-08 18:33:00,0.01577195920171,-1.0802395430756693,-0.0380656799762801,0.08102507885499488
2011-07-08 18:34:00,0.0150260849798571,-1.0824200392171306,-0.0358390077282897,0.08311742623022389
2011-07-08 18:35:00,0.0142341223007058,-1.0833298100342992,-0.0320977166942864,0.08389868113380827
2011-07-08 18:36:00,0.0134027309461272,-1.0827880552916764,-0.0267126855820255,0.08320043087609097
2011-07-08 18:37:00,0.0125398090659937,-1.0806144404642044,-0.0195635829119729,0.0808642604543508
2011-07-08 18:38:00,0.0116544703902119,-1.0766314939011516,-0.0105411135220904,0.07674617037358789
2011-07-08 18:39:00,0.0107569985481727,-1.070667139084016,0.0004507473176894,0.07072127040853204
2011-07-08 18:40:00,0.0098587772425038,-1.0625573305075984,0.0134925728272523,0.06268872470994524
2011-07-08 18:41:00,0.0089721953310668,-1.0521487571107018,0.0286474001260271,0.05257692398828229
2011-07-08 18:42:00,0.0081105262294892,-1.0393015728400643,0.0459587878111053,0.04034885981607972
2011-07-08 18:43:00,0.0072877814580436,-1.0238921099719025,0.0654490629140442,0.026007672708942886
2011-07-08 18:44:00,0.0065185386224324,-1.0058155273742029,0.0871178051490008,0.00960233677760347
2011-07-08 18:45:00,0.0058177446378016,-0.9849883431138498,0.1109406161061659,0.0
2011-07-08 18:46:00,0.0052004955778107,-0.9613507988482284,0.1368682196892035,0.0
2011-07-08 18:47:00,0.0046817951539018,-0.9348690024507124,0.1648259375080582,0.0
2011-07-08 18:48:00,0.0042762945015442,-0.905536795469085,0.1947135789826446,0.0
2011-07-08 18:49:00,0.0039980166664378,-0.8733772934765391,0.2264057804481806,0.0
2011-07-08 18:50:00,0.0038600699383076,-0.8384440503213797,0.2597528204343501,0.0
2011-07-08 18:51:00,0.0038743549646931,-0.8008218018904966,0.2945819293763485,0.0
2011-07-08 18:52:00,0.0040512713833641,-0.7606267514497232,0.3306991011817026,0.0
2011-07-08 18:53:00,0.0043994305321863,-0.7180063670874428,0.3678914012218863,0.0
2011-07-08 18:54:00,0.0049253816225223,-0.6731386724403147,0.4059297503571063,0.0
2011-07-08 18:55:00,0.0056333595886872,-0.626231024890064,0.4445721474565849,0.0
2011-07-08 18:56:00,0.0065250636418601,-0.5775183909470349,0.4835672734707064,0.0
2011-07-08 18:57:00,0.0075994762974177,-0.5272611465173942,0.5226583985036871,0.0
2011-07-08 18:58:00,0.0088527329647617,-0.4757424488369864,0.5615874904632412,0.0
2011-07-08 18:59:00,0.0102780513023707,-0.423265242910494,0.6000994030583455,0.0
2011-07-08 19:00:00,0.0118657268104868,-0.3701489725200319,0.6379460082223953,0.0
2011-07-08 19:01:00,0.0136031970963281,-0.3167260616773712,0.6748901388907046,0.0
2011-07-08 19:02:00,0.0154751734516184,-0.2633382205036377,0.7107092226603305,0.0
2011-07-08 19:03:00,0.0174638359124446,-0.2103326166787705,0.7451985099397285,0.0
2011-07-08 19:04:00,0.019549086633768,-0.1580579445005432,0.7781738254493347,0.0
2011-07-08 19:05:00,0.0217088553968542,-0.1068604196377401,0.809473795555656,0.0
2011-07-08 19:06:00,0.0239194498917911,-0.0570797281607843,0.8389615245583331,0.0
2011-07-08 19:07:00,0.0261559422163632,-0.0090449612661118,0.8665257105287476,0.0
2011-07-08 19:08:00,0.028392582262541,0.0369294298749998,0.8920812061312483,0.0
2011-07-08 19:09:00,0.0306032285778598,0.0805476212341689,0.9155690429871411,0.0
2011-07-08 19:10:00,0.0327617876630378,0.121536300546476,0.93695595028976,0.0
2011-07-08 19:11:00,0.0348426529838699,0.1596483939944727,0.9562334095686816,0.0
2011-07-08 19:12:00,0.0368211349924093,0.1946665667315317,0.9734162971958396,0.0
2011-07-08 19:13:00,0.0386738735477721,0.226406419714269,0.9885411737293026,0.014873976186762894
2011-07-08 19:14:00,0.0403792248557872,0.2547193032480058,1.0016642840737044,0.03433251096346712
2011-07-08 19:15:00,0.0419176164056646,0.2794946719135722,1.0128593348775232,0.051550469754897854
2011-07-08 19:16:00,0.0432718648335241,0.3006619126262561,1.022215116147785,0.06639288429325085
2011-07-08 19:17:00,0.0444274527495318,0.3181915859985321,1.0298330330788703,0.07878438994013015
2011-07-08 19:18:00,0.0453727612454502,0.3320960318979744,1.0358246115616987,0.08870523457102975
2011-07-08 19:19:00,0.0460992551581956,0.3424293034424293,1.0403090367966,0.0961869645379283
2011-07-08 19:20:00,0.0466016184486851,0.3492864084791518,1.0434107790916187,0.10130774986598579
2011-07-08 19:21:00,0.0468778375733194,0.3528018526702351,1.045257354541007,0.10418731025363881
2011-07-08 19:22:00,0.0469292315127872,0.3531474932464209,1.045977261055685,0.10498141857778065
2011-07-08 19:23:00,0.0467604278104873,0.3505297273210384,1.045698122339026,0.10387598506722928
2011-07-08 19:24:00,0.0463792841981476,0.3451860533971196,1.0445450640860388,0.10108076014846357
2011-07-08 19:25:00,0.0457967553031443,0.3373810591693224,1.042639338261416,0.09682273479934467
2011-07-08 19:26:00,0.0450267042231606,0.3274019026209863,1.0400972031602818,0.09133936149800914
2011-07-08 19:27:00,0.0440856601062896,0.3155533666461535,1.0370290593094034,0.08487176315031597
2011-07-08 19:28:00,0.0429925254501203,0.3021525802299365,1.0335388341318648,0.07765813718583381
2011-07-08 19:29:00,0.0417682401831611,0.2875235119521295,1.0297236015904483,0.06992759170220908
2011-07-08 19:30:00,0.0404354128766334,0.2719913542727376,1.0256734167903123,0.06189466394927101
2011-07-08 19:31:00,0.0390179316836135,0.2558769289342443,1.0214713400523587,0.05375476288463288
2011-07-08 19:32:00,0.0375405681278154,0.2394912527692545,1.0171936207207122,0.04568074307756964
2011-07-08 19:33:00,0.0360285857059603,0.2231304059734963,1.0129100083310938,0.03782075621716374
2011-07-08 19:34:00,0.0345073631290345,0.2070708388303116,1.0086841578770938,0.03029744285629965
2011-07-08 19:35:00,0.0330020397133863,0.1915652379486751,1.0045740966092036,0.02320842969249126
2011-07-08 19:36:00,0.0315371883830256,0.1768390516554467,1.0006327217227158,0.01662799893752398
2011-07-08 19:37:00,0.0301365199726486,0.1630877488724736,0.9969083010327784,0.010609709203515338
2011-07-08 19:38:00,0.0288226208625855,0.150474858480312,0.9934449519962903,0.005189683171773263
2011-07-08 19:39:00,0.0276167243765588,0.1391308082300424,0.9902830780371048,0.0003902438102234562
2011-07-08 19:40:00,0.0265385149265025,0.1291525546712656,0.987459744937535,0.0
2011-07-08 19:41:00,0.0256059627193059,0.1206039686899376,0.985008983977453,0.0
2011-07-08 19:42:00,0.0248351860445353,0.1135169152333388,0.9829620124641348,0.0
2011-07-08 19:43:00,0.0242403377901915,0.1078929415081363,0.9813473662181484,0.0
2011-07-08 19:44:00,0.0238335128167078,0.103705468220095,0.9801909422813602,0.0
2011-07-08 19:45:00,0.0236246729766827,0.1009023677715263,0.9795159533114768,0.0
2011-07-08 19:46:00,0.0236215867861218,0.0994088144129392,0.979342797621309,0.0
2011-07-08 19:47:00,0.0238297811106431,0.0991303013903631,0.9796888508057752,0.0
2011-07-08 19:48:00,0.0242525028452481,0.0999557319088142,0.9805681870568114,0.0
2011-07-08 19:49:00,0.0248906893791382,0.1017604980562914,0.9819912411531684,0.0
2011-07-08 19:50:00,0.0257429474405039,0.1044094647969877,0.9839644252450018,0.0
2011-07-08 19:51:00,0.0268055405437489,0.1077597810579989,0.9864897164031609,0.0
2011-07-08 19:52:00,0.0280723856441987,0.1116634532607065,0.9895642301533888,0.0
2011-07-08 19:53:00,0.0295350596906284,0.115969638943715,0.99317979202788,0.00036362198962813785
2011-07-08 19:54:00,0.0311828165219083,0.1205266442176207,0.997322515190066,0.0050628036683275646
2011-07-08 19:55:00,0.0330026140718719,0.125183632505404,1.0019723894139594,0.010301333034230975
2011-07-08 19:56:00,0.0349791513228453,0.1297920693856359,1.0071028861835742,0.016034323072777745
2011-07-08 19:57:00,0.0370949140512825,0.134206937230343,1.0126805861396777,0.022208151108873864
2011-07-08 19:58:00,0.0393302282822803,0.1382877528977809,1.0186648375595604,0.02876062363335974
2011-07-08 19:59:00,0.0416633207410497,0.1418994146742274,1.025007457088379,0.03562134164319186
2011-07-08 20:00:00,0.044070386661373,0.1449128979634605,1.031652485788289,0.04271223183091455
2011-07-08 20:01:00,0.0465256669260514,0.1472058190365341,1.038536014095219,0.04994820987223725
2011-07-08 20:02:00,0.0490015380110319,0.1486628917817242,1.045586088398841,0.05723794595802345
2011-07-08 20:03:00,0.0514686187934288,0.1491763080431052,1.0527227104432788,0.06448470852564059
2011-07-08 20:04:00,0.0538958976975036,0.1486460732654015,1.059857939504038,0.07158726887528277
2011-07-08 20:05:00,0.056250882379705,0.146980324383853,1.0668961066292717,0.07844085598848505
2011-07-08 20:06:00,0.0584997729627711,0.1440956462017732,1.0737341499098538,0.08493815647420155
2011-07-08 20:07:00,0.0606076591897243,0.1399173879680867,1.0802620794564,0.09097035895561123
2011-07-08 20:08:00,0.0625387418187461,0.1343799690055813,1.0863635801283684,0.09642824595480892
2011-07-08 20:09:00,0.0642565788525003,0.1274271568112399,1.0919167585581508,0.10120333991455155
2011-07-08 20:10:00,0.0657243573943289,0.1190123037931429,1.0967950384407774,0.10518911320975066
2011-07-08 20:11:00,0.066905191779022,0.1090985345497477,1.1008682049494651,0.10828227433111448
2011-07-08 20:12:00,0.0677624481001111,0.0976588783136615,1.1040035963386488,0.11038414371544092
2011-07-08 20:13:00,0.0682600943829393,0.0846763394229063,1.1060674386816154,0.11140213327802284
2011-07-08 20:14:00,0.0683630745202881,0.070143895265723,1.1069263179424027,0.11125134391569591
2011-07-08 20:15:00,0.0680377030059073,0.054064408975946,1.1064487815882686,0.10985629503391237
2011-07-08 20:16:00,0.0672520768258374,0.0364504448459148,1.1045070591496016,0.10715279906531183
2011-07-08 20:17:00,0.065976500571414,0.0173239799161937,1.1009788871430255,0.10308999127110274
2011-07-08 20:18:00,0.0641839205563831,-0.0032839829961079,1.0957494185230094,0.09763251974229537
2011-07-08 20:19:00,0.0618503631908908,-0.0253338795744424,1.0887131907442618,0.09076289109122548
2011-07-08 20:20:00,0.0589553720807492,-0.0487780902183123,1.079776120488863,0.08248395293440947
2011-07-08 20:21:00,0.0554824373518745,-0.0735614465945345,1.0688574880760875,0.07282147494161806
2011-07-08 20:22:00,0.0514194095988737,-0.0996217001847514,1.0558918709688334,0.061826766478063844
2011-07-08 20:23:00,0.0467588897026432,-0.1268899241894554,1.0408309834650518,0.049579240823605764
2011-07-08 20:24:00,0.0414985847067928,-0.1552908318605192,1.0236453783077888,0.03618880302939731
2011-07-08 20:25:00,0.035641619241657,-0.1847430053826622,1.0043259654117809,0.02179789971417123
2011-07-08 20:26:00,0.0291967919166958,-0.2151590393389593,0.982885303108593,0.006583023865573301
2011-07-08 20:27:00,0.022178766720004,-0.2464456119534999,0.9593586182046284,0.0
2011-07-08 20:28:00,0.0146081904823367,-0.2785035057361832,0.9338045128230048,0.0
2011-07-08 20:29:00,0.0065117285136768,-0.3112276064718889,0.9063053186891448,0.0
2011-07-08 20:30:00,-0.0020779885726084,-0.3445069153818276,0.8769670634330763,0.0
2011-07-08 20:31:00,-0.011122513055046,-0.3782246136331917,0.8459190187766306,0.0
2011-07-08 20:32:00,-0.0205778287638154,-0.4122582210284768,0.8133128073327992,0.0
2011-07-08 20:33:00,-0.0303947046949647,-0.44647989125203,0.7793210534176502,0.0
2011-07-08 20:34:00,-0.0405191566058973,-0.480756883873902,0.7441355740283407,0.0
2011-07-08 20:35:00,-0.0508930172918099,-0.514952247874459,0.7079651191650391,0.0
2011-07-08 20:36:00,-0.0614546128483295,-0.5489257425760743,0.6710326860313377,0.0
2011-07-08 20:37:00,-0.0721395378805105,-0.5825350095190887,0.63357244927332,0.0
2011-07-08 20:38:00,-0.0828815175573901,-0.6156369923079668,0.5958263691113345,0.0
2011-07-08 20:39:00,-0.093613338665416,-0.6480895796687427,0.5580405602157965,0.0
2011-07-08 20:40:00,-0.1042678255923158,-0.6797534213381319,0.5204615239438393,0.0
2011-07-08 20:41:00,-0.1147788317348361,-0.7104938434834831,0.4833323601012034,0.0
2011-07-08 20:42:00,-0.1250822142382637,-0.7401827784230948,0.4468890766063561,0.0
2011-07-08 20:43:00,-0.135116761381191,-0.7687006255268133,0.4113571053219962,0.0
2011-07-08 20:44:00,-0.1448250464348382,-0.7959379721941077,0.3769481140559639,0.0
2011-07-08 20:45:00,-0.1541541875665069,-0.8217971193352362,0.3438571839579025,0.0
2011-07-08 20:46:00,-0.1630564989840798,-0.8461933708765671,0.3122604017181156,0.0
2011-07-08 20:47:00,-0.1714900235825552,-0.8690560602866404,0.2823128981850891,0.0
2011-07-08 20:48:00,-0.1794189418097525,-0.8903292988902588,0.2541473493531647,0.0
2011-07-08 20:49:00,-0.1868138553407601,-0.9099724408895544,0.2278729420639512,0.0
2011-07-08 20:50:00,-0.1936519474661729,-0.9279602686343742,0.2035747951294917,0.0
2011-07-08 20:51:00,-0.1999170248868521,-0.9442829088745172,0.1813138168225341,0.0
2011-07-08 20:52:00,-0.2055994478991691,-0.9589454965819734,0.1611269716796228,0.0
2011-07-08 20:53:00,-0.2106959577826354,-0.9719676075534248,0.1430279232088982,0.004774006220563454
2011-07-08 20:54:00,-0.2152094116010559,-0.9833824844944832,0.1270080142637861,0.014636505029976377
2011-07-08 20:55:00,-0.2191484356344679,-0.9932360837514008,0.1130375434096564,0.023387239087406364
2011-07-08 20:56:00,-0.2225270093083738,-1.0015859713978812,0.1010672934441421,0.030973969495297515
2011-07-08 20:57:00,-0.2253639918155591,-1.0085000981077998,0.0910302672033321,0.03737547987100376
2011-07-08 20:58:00,-0.2276826036704141,-1.014055482249898,0.082843585766136,0.04259817225899809
2011-07-08 20:59:00,-0.229509875231886,-1.0183368300243505,0.0764105050302023,0.04667246428477778
2011-07-08 21:00:00,-0.230876073813912,-1.02143512031576,0.0716225082502542,0.049649108112923335
2011-07-08 21:01:00,-0.2318141204051761,-1.023446180350813,0.0683614343831116,0.05159552880601903
2011-07-08 21:02:00,-0.2323590062756287,-1.0244692763058136,0.0665016048575561,0.05259226167618469
2011-07-08 21:03:00,-0.06834826103078381,-0.1423670746910939,0.552190479321377,0.0
2011-07-08 21:04:00,-0.2324161855682249,-1.0239576567039503,0.0664578564170004,0.05210418339453016
2011-07-08 21:05:00,-0.2320037424320082,-1.0226266144340868,0.0680034523222596,0.05081653897296734
2011-07-08 21:06:00,-0.23134763491112,-1.0207125566856754,0.0704130676650463,0.04896799362648774
2011-07-08 21:07:00,-0.2304850552958411,-1.0183127226575923,0.0735530897447271,0.04665859708504816
2011-07-08 21:08:00,-0.2294522215480438,-1.0155207006233573,0.0772934548841909,0.043985102161817835
2011-07-08 21:09:00,-0.2282840006614368,-1.0124255954723822,0.0815090124758865,0.04103933184120989
2011-07-08 21:10:00,-0.2270135788377006,-1.0091113153491271,0.0860807179071684,0.03790688490719618
2011-07-08 21:11:00,-0.2256721798085629,-1.0056559792626851,0.0908966497244436,0.03466616949500523
2011-07-08 21:12:00,-0.2242888317560022,-1.0021314454436658,0.0958528495897915,0.031387746083870516
2011-07-08 21:13:00,-0.2228901824762407,-0.998602958318598,0.1008539865150877,0.028133954503464897
2011-07-08 21:14:00,-0.2215003617045385,-0.9951289102684784,0.1058138495027498,0.024958793822444925
2011-07-08 21:15:00,-0.2201408888716334,-0.9917607128472576,0.1106556750619426,0.02190801979625734
2011-07-08 21:16:00,-0.218830624001761,-0.9885427708634102,0.1153123180943861,0.01901942205809304
2011-07-08 21:17:00,-0.217585758987664,-0.9855125516741036,0.1197262763517182,0.01632324251218842
2011-07-08 21:18:00,-0.2164198460894611,-0.9827007412031592,0.123849580059996,0.013842697376502233
2011-07-08 21:19:00,-0.2153438601999567,-0.9801314775639868,0.1276435593944593,0.011594567844484427
2011-07-08 21:20:00,-0.2143662911960024,-0.977822652737698,0.1310785032804914,0.009589828113562016
2011-07-08 21:21:00,-0.2134932625499356,-0.9757862725134068,0.1341332235090958,0.007834284209842446
2011-07-08 21:22:00,-0.2127286723021027,-0.9740288648289424,0.1367945384045274,0.0063292022378567125
2011-07-08 21:23:00,-0.2120743524895494,-0.9725519267411762,0.139056690287912,0.005071910017220738
2011-07-08 21:24:00,-0.2115302431810682,-0.9713524004905766,0.1409207107650315,0.004056361187741775
2011-07-08 21:25:00,-0.2110945773785282,-0.9704231694882492,0.142393747450809,0.0032736554855428146
2011-07-08 21:26:00,-0.2107640732020645,-0.9697535655282146,0.1434883651507311,0.002712512807654166
2011-07-08 21:27:00,-0.2105341299754883,-0.9693298790951128,0.1442218337761364,0.0023597017681993293
2011-07-08 21:28:00,-0.06834826103078381,-0.1423670746910939,0.552190479321377,0.0
2011-07-08 21:29:00,-0.06834826103078381,-0.1423670746910939,0.552190479321377,0.0
2011-07-08 21:30:00,-0.06834826103078381,-0.1423670746910939,0.552190479321377,0.0
2011-07-08 21:31:00,-0.06834826103078381,-0.1423670746910939,0.552190479321377,0.0
2011-07-08 21:32:00,-0.06834826103078381,-0.1423670746910939,0.552190479321377,0.0
2011-07-08 21:33:00,-0.06834826103078381,-0.1423670746910939,0.552190479321377,0.0
2011-07-08 21:34:00,-0.06834826103078381,-0.1423670746910939,0.552190479321377,0.0
2011-07-08 21:35:00,-0.06834826103078381,-0.1423670746910939,0.552190479321377,0.0
2011-07-08 21:36:00,-0.06834826103078381,-0.1423670746910939,0.552190479321377,0.0
2011-07-08 21:37:00,-0.06834826103078381,-0.1423670746910939,0.552190479321377,0.0
2011-07-08 21:38:00,-0.06834826103078381,-0.1423670746910939,0.552190479321377,0.0
2011-07-08 21:39:00,-0.06834826103078381,-0.1423670746910939,0.552190479321377,0.0
2011-07-08 21:40:00,-0.06834826103078381,-0.1423670746910939,0.552190479321377,0.0
2011-07-08 21:41:00,-0.06834826103078381,-0.1423670746910939,0.552190479321377,0.0
2011-07-08 21:42:00,-0.06834826103078381,-0.1423670746910939,0.552190479321377,0.0
2011-07-08 21:43:00,-0.06834826103078381,-0.1423670746910939,0.552190479321377,0.0
2011-07-08 21:44:00,-0.06834826103078381,-0.1423670746910939,0.552190479321377,0.0
2011-07-08 21:45:00,-0.06834826103078381,-0.1423670746910939,0.552190479321377,0.0
2011-07-08 21:46:00,-0.06834826103078381,-0.1423670746910939,0.552190479321377,0.0
2011-07-08 21:47:00,-0.06834826103078381,-0.1423670746910939,0.552190479321377,0.0
2011-07-08 21:48:00,-0.06834826103078381,-0.1423670746910939,0.552190479321377,0.0
2011-07-08 21:49:00,-0.06834826103078381,-0.1423670746910939,0.552190479321377,0.0
2011-07-08 21:50:00,-0.06834826103078381,-0.1423670746910939,0.552190479321377,0.0
2011-07-08 21:51:00,-0.06834826103078381,-0.1423670746910939,0.552190479321377,0.0
2011-07-08 21:52:00,-0.06834826103078381,-0.1423670746910939,0.552190479321377,0.0
2011-07-08 21:53:00,-0.06834826103078381,-0.1423670746910939,0.552190479321377,0.0
2011-07-08 21:54:00,-0.06834826103078381,-0.1423670746910939,0.552190479321377,0.0
2011-07-08 21:55:00,-0.06834826103078381,-0.1423670746910939,0.552190479321377,0.0
2011-07-08 21:56:00,-0.06834826103078381,-0.1423670746910939,0.552190479321377,0.0
2011-07-08 21:57:00,-0.06834826103078381,-0.1423670746910939,0.552190479321377,0.0
2011-07-08 21:58:00,-0.06834826103078381,-0.1423670746910939,0.552190479321377,0.0
2011-07-08 21:59:00,-0.06834826103078381,-0.1423670746910939,0.552190479321377,0.0
2011-07-08 22:00:00,0.0,0.0,0.0,0.0
2011-07-08 22:01:00,0.0,0.0,0.0,0.0
2011-07-08 22:02:00,0.0,0.0,0.0,0.0
2011-07-08 22:03:00,0.0,0.0,0.0,0.0
2011-07-08 22:04:00,0.0,0.0,0.0,0.0
2011-07-08 22:05:00,0.0,0.0,0.0,0.0
2011-07-08 22:06:00,0.0,0.0,0.0,0.0
2011-07-08 22:07:00,0.0,0.0,0.0,0.0
2011-07-08 22:08:00,0.0,0.0,0.0,0.0
2011-07-08 22:09:00,0.0,0.0,0.0,0.0
2011-07-08 22:10:00,0.0,0.0,0.0,0.0
2011-07-08 22:11:00,0.0,0.0,0.0,0.0
2011-07-08 22:12:00,0.0,0.0,0.0,0.0
2011-07-08 22:13:00,0.0,0.0,0.0,0.0
2011-07-08 22:14:00,0.0,0.0,0.0,0.0
2011-07-08 22:15:00,0.0,0.0,0.0,0.0
2011-07-08 22:16:00,0.0,0.0,0.0,0.0
2011-07-08 22:17:00,0.0,0.0,0.0,0.0
2011-07-08 22:18:00,0.0,0.0,0.0,0.0
2011-07-08 22:19:00,0.0,0.0,0.0,0.0
2011-07-08 22:20:00,0.0,0.0,0.0,0.0
2011-07-08 22:21:00,0.0,0.0,0.0,0.0
2011-07-08 22:22:00,0.0,0.0,0.0,0.0
2011-07-08 22:23:00,0.0,0.0,0.0,0.0
2011-07-08 22:24:00,0.0,0.0,0.0,0.0
2011-07-08 22:25:00,0.0,0.0,0.0,0.0
2011-07-08 22:26:00,0.0,0.0,0.0,0.0
2011-07-08 22:27:00,0.0,0.0,0.0,0.0
2011-07-08 22:28:00,0.0,0.0,0.0,0.0
2011-07-08 22:29:00,0.0,0.0,0.0,0.0
2011-07-08 22:30:00,0.0,0.0,0.0,0.0
2011-07-08 22:31:00,0.0,0.0,0.0,0.0
2011-07-08 22:32:00,0.0,0.0,0.0,0.0
2011-07-08 22:33:00,0.0,0.0,0.0,0.0
2011-07-08 22:34:00,0.0,0.0,0.0,0.0
2011-07-08 22:35:00,0.0,0.0,0.0,0.0
2011-07-08 22:36:00,0.0,0.0,0.0,0.0
2011-07-08 22:37:00,0.0,0.0,0.0,0.0
2011-07-08 22:38:00,0.0,0.0,0.0,0.0
2011-07-08 22:39:00,0.0,0.0,0.0,0.0
2011-07-08 22:40:00,0.0,0.0,0.0,0.0
2011-07-08 22:41:00,0.0,0.0,0.0,0.0
2011-07-08 22:42:00,0.0,0.0,0.0,0.0
2011-07-08 22:43:00,0.0,0.0,0.0,0.0
2011-07-08 22:44:00,0.0,0.0,0.0,0.0
2011-07-08 22:45:00,0.0,0.0,0.0,0.0
2011-07-08 22:46:00,0.0,0.0,0.0,0.0
2011-07-08 22:47:00,0.0,0.0,0.0,0.0
2011-07-08 22:48:00,0.0,0.0,0.0,0.0
2011-07-08 22:49:00,0.0,0.0,0.0,0.0
2011-07-08 22:50:00,0.0,0.0,0.0,0.0
2011-07-08 22:51:00,0.0,0.0,0.0,0.0
2011-07-08 22:52:00,0.0,0.0,0.0,0.0
2011-07-08 22:53:00,0.0,0.0,0.0,0.0
2011-07-08 22:54:00,0.0,0.0,0.0,0.0
2011-07-08 22:55:00,0.0,0.0,0.0,0.0
2011-07-08 22:56:00,0.0,0.0,0.0,0.0
2011-07-08 22:57:00,0.0,0.0,0.0,0.0
2011-07-08 22:58:00,0.0,0.0,0.0,0.0
2011-07-08 22:59:00,0.0,0.0,0.0,0.0
2011-07-08 23:00:00,0.0,0.0,0.0,0.0
2011-07-08 23:01:00,0.0,0.0,0.0,0.0
2011-07-08 23:02:00,0.0,0.0,0.0,0.0
2011-07-08 23:03:00,0.0,0.0,0.0,0.0
2011-07-08 23:04:00,0.0,0.0,0.0,0.0
2011-07-08 23:05:00,0.0,0.0,0.0,0.0
2011-07-08 23:06:00,0.0,0.0,0.0,0.0
2011-07-08 23:07:00,0.0,0.0,0.0,0.0
2011-07-08 23:08:00,0.0,0.0,0.0,0.0
2011-07-08 23:09:00,0.0,0.0,0.0,0.0
2011-07-08 23:10:00,0.0,0.0,0.0,0.0
2011-07-08 23:11:00,0.0,0.0,0.0,0.0
2011-07-08 23:12:00,0.0,0.0,0.0,0.0
2011-07-08 23:13:00,0.0,0.0,0.0,0.0
2011-07-08 23:14:00,0.0,0.0,0.0,0.0
2011-07-08 23:15:00,0.0,0.0,0.0,0.0
2011-07-08 23:16:00,0.0,0.0,0.0,0.0
2011-07-08 23:17:00,0.0,0.0,0.0,0.0
2011-07-08 23:18:00,0.0,0.0,0.0,0.0
2011-07-08 23:19:00,0.0,0.0,0.0,0.0
2011-07-08 23:20:00,0.0,0.0,0.0,0.0
2011-07-08 23:21:00,0.0,0.0,0.0,0.0
2011-07-08 23:22:00,0.0,0.0,0.0,0.0
2011-07-08 23:23:00,0.0,0.0,0.0,0.0
2011-07-08 23:24:00,0.0,0.0,0.0,0.0
2011-07-08 23:25:00,0.0,0.0,0.0,0.0
2011-07-08 23:26:00,0.0,0.0,0.0,0.0
2011-07-08 23:27:00,0.0,0.0,0.0,0.0
2011-07-08 23:28:00,0.0,0.0,0.0,0.0
2011-07-08 23:29:00,0.0,0.0,0.0,0.0
2011-07-08 23:30:00,0.0,0.0,0.0,0.0
2011-07-08 23:31:00,0.0,0.0,0.0,0.0
2011-07-08 23:32:00,0.0,0.0,0.0,0.0
2011-07-08 23:33:00,0.0,0.0,0.0,0.0
2011-07-08 23:34:00,0.0,0.0,0.0,0.0
2011-07-08 23:35:00,0.0,0.0,0.0,0.0
2011-07-08 23:36:00,0.0,0.0,0.0,0.0
2011-07-08 23:37:00,0.0,0.0,0.0,0.0
2011-07-08 23:38:00,0.0,0.0,0.0,0.0
2011-07-08 23:39:00,0.0,0.0,0.0,0.0
2011-07-08 23:40:00,0.0,0.0,0.0,0.0
2011-07-08 23:41:00,0.0,0.0,0.0,0.0
2011-07-08 23:42:00,0.0,0.0,0.0,0.0
2011-07-08 23:43:00,0.0,0.0,0.0,0.0
2011-07-08 23:44:00,0.0,0.0,0.0,0.0
2011-07-08 23:45:00,0.0,0.0,0.0,0.0
2011-07-08 23:46:00,0.0,0.0,0.0,0.0
2011-07-08 23:47:00,0.0,0.0,0.0,0.0
2011-07-08 23:48:00,0.0,0.0,0.0,0.0
2011-07-08 23:49:00,0.0,0.0,0.0,0.0
2011-07-08 23:50:00,0.0,0.0,0.0,0.0
2011-07-08 23:51:00,0.0,0.0,0.0,0.0
2011-07-08 23:52:00,0.0,0.0,0.0,0.0
2011-07-08 23:53:00,0.0,0.0,0.0,0.0
2011-07-08 23:54:00,0.0,0.0,0.0,0.0
2011-07-08 23:55:00,0.0,0.0,0.0,0.0
2011-07-08 23:56:00,0.0,0.0,0.0,0.0
2011-07-08 23:57:00,0.0,0.0,0.0,0.0
2011-07-08 23:58:00,0.0,0.0,0.0,0.0
2011-07-08 23:59:00,0.0,0.0,0.0,0.0
2011-07-09 00:00:00,0.0,0.0,0.0,0.0
2011-07-09 00:01:00,0.0,0.0,0.0,0.0
2011-07-09 00:02:00,0.0,0.0,0.0,0.0
2011-07-09 00:03:00,0.0,0.0,0.0,0.0
2011-07-09 00:04:00,0.0,0.0,0.0,0.0
2011-07-09 00:05:00,0.0,0.0,0.0,0.0
2011-07-09 00:06:00,0.0,0.0,0.0,0.0
2011-07-09 00:07:00,0.0,0.0,0.0,0.0
2011-07-09 00:08:00,0.0,0.0,0.0,0.0
2011-07-09 00:09:00,0.0,0.0,0.0,0.0
2011-07-09 00:10:00,0.0,0.0,0.0,0.0
2011-07-09 00:11:00,0.0,0.0,0.0,0.0
2011-07-09 00:12:00,0.0,0.0,0.0,0.0
2011-07-09 00:13:00,0.0,0.0,0.0,0.0
2011-07-09 00:14:00,0.0,0.0,0.0,0.0
2011-07-09 00:15:00,0.0,0.0,0.0,0.0
2011-07-09 00:16:00,0.0,0.0,0.0,0.0
2011-07-09 00:17:00,0.0,0.0,0.0,0.0
2011-07-09 00:18:00,0.0,0.0,0.0,0.0
2011-07-09 00:19:00,0.0,0.0,0.0,0.0
2011-07-09 00:20:00,0.0,0.0,0.0,0.0
2011-07-09 00:21:00,0.0,0.0,0.0,0.0
2011-07-09 00:22:00,0.0,0.0,0.0,0.0
2011-07-09 00:23:00,0.0,0.0,0.0,0.0
2011-07-09 00:24:00,0.0,0.0,0.0,0.0
2011-07-09 00:25:00,0.0,0.0,0.0,0.0
2011-07-09 00:26:00,0.0,0.0,0.0,0.0
2011-07-09 00:27:00,0.0,0.0,0.0,0.0
2011-07-09 00:28:00,0.0,0.0,0.0,0.0
2011-07-09 00:29:00,0.0,0.0,0.0,0.0
2011-07-09 00:30:00,0.0,0.0,0.0,0.0
2011-07-09 00:31:00,0.0,0.0,0.0,0.0
2011-07-09 00:32:00,0.0,0.0,0.0,0.0
2011-07-09 00:33:00,0.0,0.0,0.0,0.0
2011-07-09 00:34:00,0.0,0.0,0.0,0.0
2011-07-09 00:35:00,0.0,0.0,0.0,0.0
2011-07-09 00:36:00,0.0,0.0,0.0,0.0
2011-07-09 00:37:00,0.0,0.0,0.0,0.0
2011-07-09 00:38:00,0.0,0.0,0.0,0.0
2011-07-09 00:39:00,0.0,0.0,0.0,0.0
2011-07-09 00:40:00,0.0,0.0,0.0,0.0
2011-07-09 00:41:00,0.0,0.0,0.0,0.0
2011-07-09 00:42:00,0.0,0.0,0.0,0.0
2011-07-09 00:43:00,0.0,0.0,0.0,0.0
2011-07-09 00:44:00,0.0,0.0,0.0,0.0
2011-07-09 00:45:00,0.0,0.0,0.0,0.0
2011-07-09 00:46:00,0.0,0.0,0.0,0.0
2011-07-09 00:47:00,0.0,0.0,0.0,0.0
2011-07-09 00:48:00,0.0,0.0,0.0,0.0
2011-07-09 00:49:00,0.0,0.0,0.0,0.0
2011-07-09 00:50:00,0.0,0.0,0.0,0.0
2011-07-09 00:51:00,0.0,0.0,0.0,0.0
2011-07-09 00:52:00,0.0,0.0,0.0,0.0
2011-07-09 00:53:00,0.0,0.0,0.0,0.0
2011-07-09 00:54:00,0.0,0.0,0.0,0.0
2011-07-09 00:55:00,0.0,0.0,0.0,0.0
2011-07-09 00:56:00,0.0,0.0,0.0,0.0
2011-07-09 00:57:00,0.0,0.0,0.0,0.0
2011-07-09 00:58:00,0.0,0.0,0.0,0.0
2011-07-09 00:59:00,0.0,0.0,0.0,0.0
2011-07-09 01:00:00,0.0,0.0,0.0,0.0
2011-07-09 01:01:00,0.0,0.0,0.0,0.0
2011-07-09 01:02:00,0.0,0.0,0.0,0.0
2011-07-09 01:03:00,0.0,0.0,0.0,0.0
2011-07-09 01:04:00,0.0,0.0,0.0,0.0
2011-07-09 01:05:00,0.0,0.0,0.0,0.0
2011-07-09 01:06:00,0.0,0.0,0.0,0.0
2011-07-09 01:07:00,0.0,0.0,0.0,0.0
2011-07-09 01:08:00,0.0,0.0,0.0,0.0
2011-07-09 01:09:00,0.0,0.0,0.0,0.0
2011-07-09 01:10:00,0.0,0.0,0.0,0.0
2011-07-09 01:11:00,0.0,0.0,0.0,0.0
2011-07-09 01:12:00,0.0,0.0,0.0,0.0
2011-07-09 01:13:00,0.0,0.0,0.0,0.0
2011-07-09 01:14:00,0.0,0.0,0.0,0.0
2011-07-09 01:15:00,0.0,0.0,0.0,0.0
2011-07-09 01:16:00,0.0,0.0,0.0,0.0
2011-07-09 01:17:00,0.0,0.0,0.0,0.0
2011-07-09 01:18:00,0.0,0.0,0.0,0.0
2011-07-09 01:19:00,0.0,0.0,0.0,0.0
2011-07-09 01:20:00,0.0,0.0,0.0,0.0
2011-07-09 01:21:00,0.0,0.0,0.0,0.0
2011-07-09 01:22:00,0.0,0.0,0.0,0.0
2011-07-09 01:23:00,0.0,0.0,0.0,0.0
2011-07-09 01:24:00,0.0,0.0,0.0,0.0
2011-07-09 01:25:00,0.0,0.0,0.0,0.0
2011-07-09 01:26:00,0.0,0.0,0.0,0.0
2011-07-09 01:27:00,0.0,0.0,0.0,0.0
2011-07-09 01:28:00,0.0,0.0,0.0,0.0
2011-07-09 01:29:00,0.0,0.0,0.0,0.0
2011-07-09 01:30:00,0.0,0.0,0.0,0.0
2011-07-09 01:31:00,0.0,0.0,0.0,0.0
2011-07-09 01:32:00,0.0,0.0,0.0,0.0
2011-07-09 01:33:00,0.0,0.0,0.0,0.0
2011-07-09 01:34:00,0.0,0.0,0.0,0.0
2011-07-09 01:35:00,0.0,0.0,0.0,0.0
2011-07-09 01:36:00,0.0,0.0,0.0,0.0
2011-07-09 01:37:00,0.0,0.0,0.0,0.0
2011-07-09 01:38:00,0.0,0.0,0.0,0.0
2011-07-09 01:39:00,0.0,0.0,0.0,0.0
2011-07-09 01:40:00,0.0,0.0,0.0,0.0
2011-07-09 01:41:00,0.0,0.0,0.0,0.0
2011-07-09 01:42:00,0.0,0.0,0.0,0.0
2011-07-09 01:43:00,0.0,0.0,0.0,0.0
2011-07-09 01:44:00,0.0,0.0,0.0,0.0
2011-07-09 01:45:00,0.0,0.0,0.0,0.0
2011-07-09 01:46:00,0.0,0.0,0.0,0.0
2011-07-09 01:47:00,0.0,0.0,0.0,0.0
2011-07-09 01:48:00,0.0,0.0,0.0,0.0
2011-07-09 01:49:00,0.0,0.0,0.0,0.0
2011-07-09 01:50:00,0.0,0.0,0.0,0.0
2011-07-09 01:51:00,0.0,0.0,0.0,0.0
2011-07-09 01:52:00,0.0,0.0,0.0,0.0
2011-07-09 01:53:00,0.0,0.0,0.0,0.0
2011-07-09 01:54:00,0.0,0.0,0.0,0.0
2011-07-09 01:55:00,0.0,0.0,0.0,0.0
2011-07-09 01:56:00,0.0,0.0,0.0,0.0
2011-07-09 01:57:00,0.0,0.0,0.0,0.0
2011-07-09 01:58:00,0.0,0.0,0.0,0.0
2011-07-09 01:59:00,0.0,0.0,0.0,0.0
2011-07-09 02:00:00,0.0,0.0,0.0,0.0
2011-07-09 02:01:00,0.0,0.0,0.0,0.0
2011-07-09 02:02:00,0.0,0.0,0.0,0.0
2011-07-09 02:03:00,0.0,0.0,0.0,0.0
2011-07-09 02:04:00,0.0,0.0,0.0,0.0
2011-07-09 02:05:00,0.0,0.0,0.0,0.0
2011-07-09 02:06:00,0.0,0.0,0.0,0.0
2011-07-09 02:07:00,0.0,0.0,0.0,0.0
2011-07-09 02:08:00,0.0,0.0,0.0,0.0
2011-07-09 02:09:00,0.0,0.0,0.0,0.0
2011-07-09 02:10:00,0.0,0.0,0.0,0.0
2011-07-09 02:11:00,0.0,0.0,0.0,0.0
2011-07-09 02:12:00,0.0,0.0,0.0,0.0
2011-07-09 02:13:00,0.0,0.0,0.0,0.0
2011-07-09 02:14:00,0.0,0.0,0.0,0.0
2011-07-09 02:15:00,0.0,0.0,0.0,0.0
2011-07-09 02:16:00,0.0,0.0,0.0,0.0
2011-07-09 02:17:00,0.0,0.0,0.0,0.0
2011-07-09 02:18:00,0.0,0.0,0.0,0.0
2011-07-09 02:19:00,0.0,0.0,0.0,0.0
2011-07-09 02:20:00,0.0,0.0,0.0,0.0
2011-07-09 02:21:00,0.0,0.0,0.0,0.0
2011-07-09 02:22:00,0.0,0.0,0.0,0.0
2011-07-09 02:23:00,0.0,0.0,0.0,0.0
2011-07-09 02:24:00,0.0,0.0,0.0,0.0
2011-07-09 02:25:00,0.0,0.0,0.0,0.0
2011-07-09 02:26:00,0.0,0.0,0.0,0.0
2011-07-09 02:27:00,0.0,0.0,0.0,0.0
2011-07-09 02:28:00,0.0,0.0,0.0,0.0
2011-07-09 02:29:00,0.0,0.0,0.0,0.0
2011-07-09 02:30:00,0.0,0.0,0.0,0.0
2011-07-09 02:31:00,0.0,0.0,0.0,0.0
2011-07-09 02:32:00,0.0,0.0,0.0,0.0
2011-07-09 02:33:00,0.0,0.0,0.0,0.0
2011-07-09 02:34:00,0.0,0.0,0.0,0.0
2011-07-09 02:35:00,0.0,0.0,0.0,0.0
2011-07-09 02:36:00,0.0,0.0,0.0,0.0
2011-07-09 02:37:00,0.0,0.0,0.0,0.0
2011-07-09 02:38:00,0.0,0.0,0.0,0.0
2011-07-09 02:39:00,0.0,0.0,0.0,0.0
2011-07-09 02:40:00,0.0,0.0,0.0,0.0
2011-07-09 02:41:00,0.0,0.0,0.0,0.0
2011-07-09 02:42:00,0.0,0.0,0.0,0.0
2011-07-09 02:43:00,0.0,0.0,0.0,0.0
2011-07-09 02:44:00,0.0,0.0,0.0,0.0
2011-07-09 02:45:00,0.0,0.0,0.0,0.0
2011-07-09 02:46:00,0.0,0.0,0.0,0.0
2011-07-09 02:47:00,0.0,0.0,0.0,0.0
2011-07-09 02:48:00,0.0,0.0,0.0,0.0
2011-07-09 02:49:00,0.0,0.0,0.0,0.0
2011-07-09 02:50:00,0.0,0.0,0.0,0.0
2011-07-09 02:51:00,0.0,0.0,0.0,0.0
2011-07-09 02:52:00,0.0,0.0,0.0,0.0
2011-07-09 02:53:00,0.0,0.0,0.0,0.0
2011-07-09 02:54:00,0.0,0.0,0.0,0.0
2011-07-09 02:55:00,0.0,0.0,0.0,0.0
2011-07-09 02:56:00,0.0,0.0,0.0,0.0
2011-07-09 02:57:00,0.0,0.0,0.0,0.0
2011-07-09 02:58:00,0.0,0.0,0.0,0.0
2011-07-09 02:59:00,0.0,0.0,0.0,0.0
2011-07-09 03:00:00,0.0,0.0,0.0,0.0
2011-07-09 03:01:00,0.0,0.0,0.0,0.0
2011-07-09 03:02:00,0.0,0.0,0.0,0.0
2011-07-09 03:03:00,0.0,0.0,0.0,0.0
2011-07-09 03:04:00,0.0,0.0,0.0,0.0
2011-07-09 03:05:00,0.0,0.0,0.0,0.0
2011-07-09 03:06:00,0.0,0.0,0.0,0.0
2011-07-09 03:07:00,0.0,0.0,0.0,0.0
2011-07-09 03:08:00,0.0,0.0,0.0,0.0
2011-07-09 03:09:00,0.0,0.0,0.0,0.0
2011-07-09 03:10:00,0.0,0.0,0.0,0.0
2011-07-09 03:11:00,0.0,0.0,0.0,0.0
2011-07-09 03:12:00,0.0,0.0,0.0,0.0
2011-07-09 03:13:00,0.0,0.0,0.0,0.0
2011-07-09 03:14:00,0.0,0.0,0.0,0.0
2011-07-09 03:15:00,0.0,0.0,0.0,0.0
2011-07-09 03:16:00,0.0,0.0,0.0,0.0
2011-07-09 03:17:00,0.0,0.0,0.0,0.0
2011-07-09 03:18:00,0.0,0.0,0.0,0.0
2011-07-09 03:19:00,0.0,0.0,0.0,0.0
2011-07-09 03:20:00,0.0,0.0,0.0,0.0
2011-07-09 03:21:00,0.0,0.0,0.0,0.0
2011-07-09 03:22:00,0.0,0.0,0.0,0.0
2011-07-09 03:23:00,0.0,0.0,0.0,0.0
2011-07-09 03:24:00,0.0,0.0,0.0,0.0
2011-07-09 03:25:00,0.0,0.0,0.0,0.0
2011-07-09 03:26:00,0.0,0.0,0.0,0.0
2011-07-09 03:27:00,0.0,0.0,0.0,0.0
2011-07-09 03:28:00,0.0,0.0,0.0,0.0
2011-07-09 03:29:00,0.0,0.0,0.0,0.0
2011-07-09 03:30:00,0.0,0.0,0.0,0.0
2011-07-09 03:31:00,0.0,0.0,0.0,0.0
2011-07-09 03:32:00,0.0,0.0,0.0,0.0
2011-07-09 03:33:00,0.0,0.0,0.0,0.0
2011-07-09 03:34:00,0.0,0.0,0.0,0.0
2011-07-09 03:35:00,0.0,0.0,0.0,0.0
2011-07-09 03:36:00,0.0,0.0,0.0,0.0
2011-07-09 03:37:00,0.0,0.0,0.0,0.0
2011-07-09 03:38:00,0.0,0.0,0.0,0.0
2011-07-09 03:39:00,0.0,0.0,0.0,0.0
2011-07-09 03:40:00,0.0,0.0,0.0,0.0
2011-07-09 03:41:00,0.0,0.0,0.0,0.0
2011-07-09 03:42:00,0.0,0.0,0.0,0.0
2011-07-09 03:43:00,0.0,0.0,0.0,0.0
2011-07-09 03:44:00,0.0,0.0,0.0,0.0
2011-07-09 03:45:00,0.0,0.0,0.0,0.0
2011-07-09 03:46:00,0.0,0.0,0.0,0.0
2011-07-09 03:47:00,0.0,0.0,0.0,0.0
2011-07-09 03:48:00,0.0,0.0,0.0,0.0
2011-07-09 03:49:00,0.0,0.0,0.0,0.0
2011-07-09 03:50:00,0.0,0.0,0.0,0.0
2011-07-09 03:51:00,0.0,0.0,0.0,0.0
2011-07-09 03:52:00,0.0,0.0,0.0,0.0
2011-07-09 03:53:00,0.0,0.0,0.0,0.0
2011-07-09 03:54:00,0.0,0.0,0.0,0.0
2011-07-09 03:55:00,0.0,0.0,0.0,0.0
2011-07-09 03:56:00,0.0,0.0,0.0,0.0
2011-07-09 03:57:00,0.0,0.0,0.0,0.0
2011-07-09 03:58:00,0.0,0.0,0.0,0.0
2011-07-09 03:59:00,0.0,0.0,0.0,0.0
2011-07-09 04:00:00,0.0,0.0,0.0,0.0
2011-07-09 04:01:00,0.0,0.0,0.0,0.0
2011-07-09 04:02:00,0.0,0.0,0.0,0.0
2011-07-09 04:03:00,0.0,0.0,0.0,0.0
2011-07-09 04:04:00,0.0,0.0,0.0,0.0
2011-07-09 04:05:00,0.0,0.0,0.0,0.0
2011-07-09 04:06:00,0.0,0.0,0.0,0.0
2011-07-09 04:07:00,0.0,0.0,0.0,0.0
2011-07-09 04:08:00,0.0,0.0,0.0,0.0
2011-07-09 04:09:00,0.0,0.0,0.0,0.0
2011-07-09 04:10:00,0.0,0.0,0.0,0.0
2011-07-09 04:11:00,0.0,0.0,0.0,0.0
2011-07-09 04:12:00,0.0,0.0,0.0,0.0
2011-07-09 04:13:00,0.0,0.0,0.0,0.0
2011-07-09 04:14:00,0.0,0.0,0.0,0.0
2011-07-09 04:15:00,0.0,0.0,0.0,0.0
2011-07-09 04:16:00,0.0,0.0,0.0,0.0
2011-07-09 04:17:00,0.0,0.0,0.0,0.0
2011-07-09 04:18:00,0.0,0.0,0.0,0.0
2011-07-09 04:19:00,0.0,0.0,0.0,0.0
2011-07-09 04:20:00,0.0,0.0,0.0,0.0
2011-07-09 04:21:00,0.0,0.0,0.0,0.0
2011-07-09 04:22:00,0.0,0.0,0.0,0.0
2011-07-09 04:23:00,0.0,0.0,0.0,0.0
2011-07-09 04:24:00,0.0,0.0,0.0,0.0
2011-07-09 04:25:00,0.0,0.0,0.0,0.0
2011-07-09 04:26:00,0.0,0.0,0.0,0.0
2011-07-09 04:27:00,0.0,0.0,0.0,0.0
2011-07-09 04:28:00,0.0,0.0,0.0,0.0
2011-07-09 04:29:00,0.0,0.0,0.0,0.0
2011-07-09 04:30:00,0.0,0.0,0.0,0.0
2011-07-09 04:31:00,0.0,0.0,0.0,0.0
2011-07-09 04:32:00,0.0,0.0,0.0,0.0
2011-07-09 04:33:00,0.0,0.0,0.0,0.0
2011-07-09 04:34:00,0.0,0.0,0.0,0.0
2011-07-09 04:35:00,0.0,0.0,0.0,0.0
2011-07-09 04:36:00,0.0,0.0,0.0,0.0
2011-07-09 04:37:00,0.0,0.0,0.0,0.0
2011-07-09 04:38:00,0.0,0.0,0.0,0.0
2011-07-09 04:39:00,0.0,0.0,0.0,0.0
2011-07-09 04:40:00,0.0,0.0,0.0,0.0
2011-07-09 04:41:00,0.0,0.0,0.0,0.0
2011-07-09 04:42:00,0.0,0.0,0.0,0.0
2011-07-09 04:43:00,0.0,0.0,0.0,0.0
2011-07-09 04:44:00,0.0,0.0,0.0,0.0
2011-07-09 04:45:00,0.0,0.0,0.0,0.0
2011-07-09 04:46:00,0.0,0.0,0.0,0.0
2011-07-09 04:47:00,0.0,0.0,0.0,0.0
2011-07-09 04:48:00,0.0,0.0,0.0,0.0
2011-07-09 04:49:00,0.0,0.0,0.0,0.0
2011-07-09 04:50:00,0.0,0.0,0.0,0.0
2011-07-09 04:51:00,0.0,0.0,0.0,0.0
2011-07-09 04:52:00,0.0,0.0,0.0,0.0
2011-07-09 04:53:00,0.0,0.0,0.0,0.0
2011-07-09 04:54:00,0.0,0.0,0.0,0.0
2011-07-09 04:55:00,0.0,0.0,0.0,0.0
2011-07-09 04:56:00,0.0,0.0,0.0,0.0
2011-07-09 04:57:00,0.0,0.0,0.0,0.0
2011-07-09 04:58:00,0.0,0.0,0.0,0.0
2011-07-09 04:59:00,0.0,0.0,0.0,0.0
2011-07-09 05:00:00,0.0,0.0,0.0,0.0
2011-07-09 05:01:00,0.0,0.0,0.0,0.0
2011-07-09 05:02:00,0.0,0.0,0.0,0.0
2011-07-09 05:03:00,0.0,0.0,0.0,0.0
2011-07-09 05:04:00,0.0,0.0,0.0,0.0
2011-07-09 05:05:00,0.0,0.0,0.0,0.0
2011-07-09 05:06:00,0.0,0.0,0.0,0.0
2011-07-09 05:07:00,0.0,0.0,0.0,0.0
2011-07-09 05:08:00,0.0,0.0,0.0,0.0
2011-07-09 05:09:00,0.0,0.0,0.0,0.0
2011-07-09 05:10:00,0.0,0.0,0.0,0.0
2011-07-09 05:11:00,0.0,0.0,0.0,0.0
2011-07-09 05:12:00,0.0,0.0,0.0,0.0
2011-07-09 05:13:00,0.0,0.0,0.0,0.0
2011-07-09 05:14:00,0.0,0.0,0.0,0.0
2011-07-09 05:15:00,0.0,0.0,0.0,0.0
2011-07-09 05:16:00,0.0,0.0,0.0,0.0
2011-07-09 05:17:00,0.0,0.0,0.0,0.0
2011-07-09 05:18:00,0.0,0.0,0.0,0.0
2011-07-09 05:19:00,0.0,0.0,0.0,0.0
2011-07-09 05:20:00,0.0,0.0,0.0,0.0
2011-07-09 05:21:00,0.0,0.0,0.0,0.0
2011-07-09 05:22:00,0.0,0.0,0.0,0.0
2011-07-09 05:23:00,0.0,0.0,0.0,0.0
2011-07-09 05:24:00,0.0,0.0,0.0,0.0
2011-07-09 05:25:00,0.0,0.0,0.0,0.0
2011-07-09 05:26:00,0.0,0.0,0.0,0.0
2011-07-09 05:27:00,0.0,0.0,0.0,0.0
2011-07-09 05:28:00,0.0,0.0,0.0,0.0
2011-07-09 05:29:00,0.0,0.0,0.0,0.0
2011-07-09 05:30:00,0.0,0.0,0.0,0.0
2011-07-09 05:31:00,0.0,0.0,0.0,0.0
2011-07-09 05:32:00,0.0,0.0,0.0,0.0
2011-07-09 05:33:00,0.0,0.0,0.0,0.0
2011-07-09 05:34:00,0.0,0.0,0.0,0.0
2011-07-09 05:35:00,0.0,0.0,0.0,0.0
2011-07-09 05:36:00,0.0,0.0,0.0,0.0
2011-07-09 05:37:00,0.0,0.0,0.0,0.0
2011-07-09 05:38:00,0.0,0.0,0.0,0.0
2011-07-09 05:39:00,0.0,0.0,0.0,0.0
2011-07-09 05:40:00,0.0,0.0,0.0,0.0
2011-07-09 05:41:00,0.0,0.0,0.0,0.0
2011-07-09 05:42:00,0.0,0.0,0.0,0.0
2011-07-09 05:43:00,0.0,0.0,0.0,0.0
2011-07-09 05:44:00,0.0,0.0,0.0,0.0
2011-07-09 05:45:00,0.0,0.0,0.0,0.0
2011-07-09 05:46:00,0.0,0.0,0.0,0.0
2011-07-09 05:47:00,0.0,0.0,0.0,0.0
2011-07-09 05:48:00,0.0,0.0,0.0,0.0
2011-07-09 05:49:00,0.0,0.0,0.0,0.0
2011-07-09 05:50:00,0.0,0.0,0.0,0.0
2011-07-09 05:51:00,0.0,0.0,0.0,0.0
2011-07-09 05:52:00,0.0,0.0,0.0,0.0
2011-07-09 05:53:00,0.0,0.0,0.0,0.0
2011-07-09 05:54:00,0.0,0.0,0.0,0.0
2011-07-09 05:55:00,0.0,0.0,0.0,0.0
2011-07-09 05:56:00,0.0,0.0,0.0,0.0
2011-07-09 05:57:00,0.0,0.0,0.0,0.0
2011-07-09 05:58:00,0.0,0.0,0.0,0.0
2011-07-09 05:59:00,0.0,0.0,0.0,0.0
2011-07-09 06:00:00,0.0,0.0,0.0,0.0
2011-07-09 06:01:00,0.0,0.0,0.0,0.0
2011-07-09 06:02:00,0.0,0.0,0.0,0.0
2011-07-09 06:03:00,0.0,0.0,0.0,0.0
2011-07-09 06:04:00,0.0,0.0,0.0,0.0
2011-07-09 06:05:00,0.0,0.0,0.0,0.0
2011-07-09 06:06:00,0.0,0.0,0.0,0.0
2011-07-09 06:07:00,0.0,0.0,0.0,0.0
2011-07-09 06:08:00,0.0,0.0,0.0,0.0
2011-07-09 06:09:00,0.0,0.0,0.0,0.0
2011-07-09 06:10:00,0.0,0.0,0.0,0.0
2011-07-09 06:11:00,0.0,0.0,0.0,0.0
2011-07-09 06:12:00,0.0,0.0,0.0,0.0
2011-07-09 06:13:00,0.0,0.0,0.0,0.0
2011-07-09 06:14:00,0.0,0.0,0.0,0.0
2011-07-09 06:15:00,0.0,0.0,0.0,0.0
2011-07-09 06:16:00,0.0,0.0,0.0,0.0
2011-07-09 06:17:00,0.0,0.0,0.0,0.0
2011-07-09 06:18:00,0.0,0.0,0.0,0.0
2011-07-09 06:19:00,0.0,0.0,0.0,0.0
2011-07-09 06:20:00,0.0,0.0,0.0,0.0
2011-07-09 06:21:00,0.0,0.0,0.0,0.0
2011-07-09 06:22:00,0.0,0.0,0.0,0.0
2011-07-09 06:23:00,0.0,0.0,0.0,0.0
2011-07-09 06:24:00,0.0,0.0,0.0,0.0
2011-07-09 06:25:00,0.0,0.0,0.0,0.0
2011-07-09 06:26:00,0.0,0.0,0.0,0.0
2011-07-09 06:27:00,0.0,0.0,0.0,0.0
2011-07-09 06:28:00,0.0,0.0,0.0,0.0
2011-07-09 06:29:00,0.0,0.0,0.0,0.0
2011-07-09 06:30:00,0.0,0.0,0.0,0.0
2011-07-09 06:31:00,0.0,0.0,0.0,0.0
2011-07-09 06:32:00,0.0,0.0,0.0,0.0
2011-07-09 06:33:00,0.0,0.0,0.0,0.0
2011-07-09 06:34:00,0.0,0.0,0.0,0.0
2011-07-09 06:35:00,0.0,0.0,0.0,0.0
2011-07-09 06:36:00,0.0,0.0,0.0,0.0
2011-07-09 06:37:00,0.0,0.0,0.0,0.0
2011-07-09 06:38:00,0.0,0.0,0.0,0.0
2011-07-09 06:39:00,0.0,0.0,0.0,0.0
2011-07-09 06:40:00,0.0,0.0,0.0,0.0
2011-07-09 06:41:00,0.0,0.0,0.0,0.0
2011-07-09 06:42:00,0.0,0.0,0.0,0.0
2011-07-09 06:43:00,0.0,0.0,0.0,0.0
2011-07-09 06:44:00,0.0,0.0,0.0,0.0
2011-07-09 06:45:00,0.0,0.0,0.0,0.0
2011-07-09 06:46:00,0.0,0.0,0.0,0.0
2011-07-09 06:47:00,0.0,0.0,0.0,0.0
2011-07-09 06:48:00,0.0,0.0,0.0,0.0
2011-07-09 06:49:00,0.0,0.0,0.0,0.0
2011-07-09 06:50:00,0.0,0.0,0.0,0.0
2011-07-09 06:51:00,0.0,0.0,0.0,0.0
2011-07-09 06:52:00,0.0,0.0,0.0,0.0
2011-07-09 06:53:00,0.0,0.0,0.0,0.0
2011-07-09 06:54:00,0.0,0.0,0.0,0.0
2011-07-09 06:55:00,0.0,0.0,0.0,0.0
2011-07-09 06:56:00,0.0,0.0,0.0,0.0
2011-07-09 06:57:00,0.0,0.0,0.0,0.0
2011-07-09 06:58:00,0.0,0.0,0.0,0.0
2011-07-09 06:59:00,0.0,0.0,0.0,0.0
2011-07-09 07:00:00,-0.06834826103078381,-0.1423670746910939,0.552190479321377,0.0
2011-07-09 07:01:00,-0.06834826103078381,-0.1423670746910939,0.552190479321377,0.0
2011-07-09 07:02:00,-0.06834826103078381,-0.1423670746910939,0.552190479321377,0.0
2011-07-09 07:03:00,-0.06834826103078381,-0.1423670746910939,0.552190479321377,0.0
2011-07-09 07:04:00,-0.06834826103078381,-0.1423670746910939,0.552190479321377,0.0
2011-07-09 07:05:00,-0.06834826103078381,-0.1423670746910939,0.552190479321377,0.0
2011-07-09 07:06:00,-0.06834826103078381,-0.1423670746910939,0.552190479321377,0.0
2011-07-09 07:07:00,-0.06834826103078381,-0.1423670746910939,0.552190479321377,0.0
2011-07-09 07:08:00,-0.06834826103078381,-0.1423670746910939,0.552190479321377,0.0
2011-07-09 07:09:00,-0.06834826103078381,-0.1423670746910939,0.552190479321377,0.0
2011-07-09 07:10:00,-0.06834826103078381,-0.1423670746910939,0.552190479321377,0.0
2011-07-09 07:11:00,-0.06834826103078381,-0.1423670746910939,0.552190479321377,0.0
2011-07-09 07:12:00,-0.06834826103078381,-0.1423670746910939,0.552190479321377,0.0
2011-07-09 07:13:00,-0.06834826103078381,-0.1423670746910939,0.552190479321377,0.0
2011-07-09 07:14:00,-0.06834826103078381,-0.1423670746910939,0.552190479321377,0.0
2011-07-09 07:15:00,-0.06834826103078381,-0.1423670746910939,0.552190479321377,0.0
2011-07-09 07:16:00,-0.06834826103078381,-0.1423670746910939,0.552190479321377,0.0
2011-07-09 07:17:00,-0.06834826103078381,-0.1423670746910939,0.552190479321377,0.0
2011-07-09 07:18:00,-0.06834826103078381,-0.1423670746910939,0.552190479321377,0.0
2011-07-09 07:19:00,-0.06834826103078381,-0.1423670746910939,0.552190479321377,0.0
2011-07-09 07:20:00,-0.06834826103078381,-0.1423670746910939,0.552190479321377,0.0
2011-07-09 07:21:00,-0.06834826103078381,-0.1423670746910939,0.552190479321377,0.0
2011-07-09 07:22:00,-0.06834826103078381,-0.1423670746910939,0.552190479321377,0.0
2011-07-09 07:23:00,-0.06834826103078381,-0.1423670746910939,0.552190479321377,0.0
2011-07-09 07:24:00,-0.06834826103078381,-0.1423670746910939,0.552190479321377,0.0
2011-07-09 07:25:00,-0.06834826103078381,-0.1423670746910939,0.552190479321377,0.0
2011-07-09 07:26:00,-0.06834826103078381,-0.1423670746910939,0.552190479321377,0.0
2011-07-09 07:27:00,-0.06834826103078381,-0.1423670746910939,0.552190479321377,0.0
2011-07-09 07:28:00,-0.06834826103078381,-0.1423670746910939,0.552190479321377,0.0
2011-07-09 07:29:00,-0.06834826103078381,-0.1423670746910939,0.552190479321377,0.0
2011-07-09 07:30:00,-0.06834826103078381,-0.1423670746910939,0.552190479321377,0.0
2011-07-09 07:31:00,-0.06834826103078381,-0.1423670746910939,0.552190479321377,0.0
2011-07-09 07:32:00,-0.06834826103078381,-0.1423670746910939,0.552190479321377,0.0
2011-07-09 07:33:00,-0.06834826103078381,-0.1423670746910939,0.552190479321377,0.0
2011-07-09 07:34:00,-0.06834826103078381,-0.1423670746910939,0.552190479321377,0.0
2011-07-09 07:35:00,-0.06834826103078381,-0.1423670746910939,0.552190479321377,0.0
2011-07-09 07:36:00,-0.06834826103078381,-0.1423670746910939,0.552190479321377,0.0
2011-07-09 07:37:00,-0.06834826103078381,-0.1423670746910939,0.552190479321377,0.0
2011-07-09 07:38:00,-0.06834826103078381,-0.1423670746910939,0.552190479321377,0.0
2011-07-09 07:39:00,-0.06834826103078381,-0.1423670746910939,0.552190479321377,0.0
2011-07-09 07:40:00,-0.06834826103078381,-0.1423670746910939,0.552190479321377,0.0
2011-07-09 07:41:00,-0.06834826103078381,-0.1423670746910939,0.552190479321377,0.0
2011-07-09 07:42:00,-0.06834826103078381,-0.1423670746910939,0.552190479321377,0.0
2011-07-09 07:43:00,-0.06834826103078381,-0.1423670746910939,0.552190479321377,0.0
2011-07-09 07:44:00,-0.06834826103078381,-0.1423670746910939,0.552190479321377,0.0
2011-07-09 07:45:00,-0.06834826103078381,-0.1423670746910939,0.552190479321377,0.0
2011-07-09 07:46:00,-0.06834826103078381,-0.1423670746910939,0.552190479321377,0.0
2011-07-09 07:47:00,-0.06834826103078381,-0.1423670746910939,0.552190479321377,0.0
2011-07-09 07:48:00,-0.06834826103078381,-0.1423670746910939,0.552190479321377,0.0
2011-07-09 07:49:00,-0.06834826103078381,-0.1423670746910939,0.552190479321377,0.0
2011-07-09 07:50:00,-0.06834826103078381,-0.1423670746910939,0.552190479321377,0.0
2011-07-09 07:51:00,-0.06834826103078381,-0.1423670746910939,0.552190479321377,0.0
2011-07-09 07:52:00,-0.06834826103078381,-0.1423670746910939,0.552190479321377,0.0
2011-07-09 07:53:00,-0.06834826103078381,-0.1423670746910939,0.552190479321377,0.0
2011-07-09 07:54:00,-0.06834826103078381,-0.1423670746910939,0.552190479321377,0.0
2011-07-09 07:55:00,-0.06834826103078381,-0.1423670746910939,0.552190479321377,0.0
2011-07-09 07:56:00,-0.06834826103078381,-0.1423670746910939,0.552190479321377,0.0
2011-07-09 07:57:00,-0.06834826103078381,-0.1423670746910939,0.552190479321377,0.0
2011-07-09 07:58:00,-0.06834826103078381,-0.1423670746910939,0.552190479321377,0.0
2011-07-09 07:59:00,-0.06834826103078381,-0.1423670746910939,0.552190479321377,0.0
2011-07-09 08:00:00,-0.06834826103078381,-0.1423670746910939,0.552190479321377,0.0
2011-07-09 08:01:00,-0.06834826103078381,-0.1423670746910939,0.552190479321377,0.0
2011-07-09 08:02:00,-0.06834826103078381,-0.1423670746910939,0.552190479321377,0.0
2011-07-09 08:03:00,-0.06834826103078381,-0.1423670746910939,0.552190479321377,0.0
2011-07-09 08:04:00,-0.06834826103078381,-0.1423670746910939,0.552190479321377,0.0
2011-07-09 08:05:00,-0.06834826103078381,-0.1423670746910939,0.552190479321377,0.0
2011-07-09 08:06:00,-0.06834826103078381,-0.1423670746910939,0.552190479321377,0.0
2011-07-09 08:07:00,-0.06834826103078381,-0.1423670746910939,0.552190479321377,0.0
2011-07-09 08:08:00,-0.06834826103078381,-0.1423670746910939,0.552190479321377,0.0
2011-07-09 08:09:00,-0.06834826103078381,-0.1423670746910939,0.552190479321377,0.0
2011-07-09 08:10:00,-0.06834826103078381,-0.1423670746910939,0.552190479321377,0.0
2011-07-09 08:11:00,-0.06834826103078381,-0.1423670746910939,0.552190479321377,0.0
2011-07-09 08:12:00,-0.06834826103078381,-0.1423670746910939,0.552190479321377,0.0
2011-07-09 08:13:00,-0.06834826103078381,-0.1423670746910939,0.552190479321377,0.0
2011-07-09 08:14:00,-0.06834826103078381,-0.1423670746910939,0.552190479321377,0.0
2011-07-09 08:15:00,-0.06834826103078381,-0.1423670746910939,0.552190479321377,0.0
2011-07-09 08:16:00,-0.06834826103078381,-0.1423670746910939,0.552190479321377,0.0
2011-07-09 08:17:00,-0.06834826103078381,-0.1423670746910939,0.552190479321377,0.0
2011-07-09 08:18:00,-0.06834826103078381,-0.1423670746910939,0.552190479321377,0.0
2011-07-09 08:19:00,-0.06834826103078381,-0.1423670746910939,0.552190479321377,0.0
2011-07-09 08:20:00,-0.06834826103078381,-0.1423670746910939,0.552190479321377,0.0
2011-07-09 08:21:00,-0.06834826103078381,-0.1423670746910939,0.552190479321377,0.0
2011-07-09 08:22:00,-0.06834826103078381,-0.1423670746910939,0.552190479321377,0.0
2011-07-09 08:23:00,-0.06834826103078381,-0.1423670746910939,0.552190479321377,0.0
2011-07-09 08:24:00,-0.06834826103078381,-0.1423670746910939,0.552190479321377,0.0
2011-07-09 08:25:00,-0.06834826103078381,-0.1423670746910939,0.552190479321377,0.0
2011-07-09 08:26:00,-0.06834826103078381,-0.1423670746910939,0.552190479321377,0.0
2011-07-09 08:27:00,-0.06834826103078381,-0.1423670746910939,0.552190479321377,0.0
2011-07-09 08:28:00,-0.06834826103078381,-0.1423670746910939,0.552190479321377,0.0
2011-07-09 08:29:00,-0.06834826103078381,-0.1423670746910939,0.552190479321377,0.0
2011-07-09 08:30:00,-0.06834826103078381,-0.1423670746910939,0.552190479321377,0.0
2011-07-09 08:31:00,-0.06834826103078381,-0.1423670746910939,0.552190479321377,0.0
2011-07-09 08:32:00,-0.06834826103078381,-0.1423670746910939,0.552190479321377,0.0
2011-07-09 08:33:00,-0.06834826103078381,-0.1423670746910939,0.552190479321377,0.0
2011-07-09 08:34:00,-0.06834826103078381,-0.1423670746910939,0.552190479321377,0.0
2011-07-09 08:35:00,-0.06834826103078381,-0.1423670746910939,0.552190479321377,0.0
2011-07-09 08:36:00,-0.06834826103078381,-0.1423670746910939,0.552190479321377,0.0
2011-07-09 08:37:00,-0.06834826103078381,-0.1423670746910939,0.552190479321377,0.0
2011-07-09 08:38:00,-0.06834826103078381,-0.1423670746910939,0.552190479321377,0.0
2011-07-09 08:39:00,-0.06834826103078381,-0.1423670746910939,0.552190479321377,0.0
2011-07-09 08:40:00,-0.06834826103078381,-0.1423670746910939,0.552190479321377,0.0
2011-07-09 08:41:00,-0.06834826103078381,-0.1423670746910939,0.552190479321377,0.0
2011-07-09 08:42:00,-0.06834826103078381,-0.1423670746910939,0.552190479321377,0.0
2011-07-09 08:43:00,-0.06834826103078381,-0.1423670746910939,0.552190479321377,0.0
2011-07-09 08:44:00,-0.06834826103078381,-0.1423670746910939,0.552190479321377,0.0
2011-07-09 08:45:00,-0.06834826103078381,-0.1423670746910939,0.552190479321377,0.0
2011-07-09 08:46:00,-0.06834826103078381,-0.1423670746910939,0.552190479321377,0.0
2011-07-09 08:47:00,-0.06834826103078381,-0.1423670746910939,0.552190479321377,0.0
2011-07-09 08:48:00,-0.06834826103078381,-0.1423670746910939,0.552190479321377,0.0
2011-07-09 08:49:00,-0.06834826103078381,-0.1423670746910939,0.552190479321377,0.0
2011-07-09 08:50:00,-0.06834826103078381,-0.1423670746910939,0.552190479321377,0.0
2011-07-09 08:51:00,-0.06834826103078381,-0.1423670746910939,0.552190479321377,0.0
2011-07-09 08:52:00,-0.06834826103078381,-0.1423670746910939,0.552190479321377,0.0
2011-07-09 08:53:00,-0.06834826103078381,-0.1423670746910939,0.552190479321377,0.0
2011-07-09 08:54:00,-0.06834826103078381,-0.1423670746910939,0.552190479321377,0.0
2011-07-09 08:55:00,-0.06834826103078381,-0.1423670746910939,0.552190479321377,0.0
2011-07-09 08:56:00,-0.06834826103078381,-0.1423670746910939,0.552190479321377,0.0
2011-07-09 08:57:00,-0.06834826103078381,-0.1423670746910939,0.552190479321377,0.0
2011-07-09 08:58:00,-0.06834826103078381,-0.1423670746910939,0.552190479321377,0.0
2011-07-09 08:59:00,-0.06834826103078381,-0.1423670746910939,0.552190479321377,0.0
2011-07-09 09:00:00,-0.06834826103078381,-0.1423670746910939,0.552190479321377,0.0
2011-07-09 09:01:00,-0.06834826103078381,-0.1423670746910939,0.552190479321377,0.0
2011-07-09 09:02:00,-0.06834826103078381,-0.1423670746910939,0.552190479321377,0.0
2011-07-09 09:03:00,-0.06834826103078381,-0.1423670746910939,0.552190479321377,0.0
2011-07-09 09:04:00,-0.06834826103078381,-0.1423670746910939,0.552190479321377,0.0
2011-07-09 09:05:00,-0.06834826103078381,-0.1423670746910939,0.552190479321377,0.0
2011-07-09 09:06:00,-0.06834826103078381,-0.1423670746910939,0.552190479321377,0.0
2011-07-09 09:07:00,-0.06834826103078381,-0.1423670746910939,0.552190479321377,0.0
2011-07-09 09:08:00,-0.06834826103078381,-0.1423670746910939,0.552190479321377,0.0
2011-07-09 09:09:00,-0.06834826103078381,-0.1423670746910939,0.552190479321377,0.0
2011-07-09 09:10:00,-0.06834826103078381,-0.1423670746910939,0.552190479321377,0.0
2011-07-09 09:11:00,-0.06834826103078381,-0.1423670746910939,0.552190479321377,0.0
2011-07-09 09:12:00,-0.06834826103078381,-0.1423670746910939,0.552190479321377,0.0
2011-07-09 09:13:00,-0.06834826103078381,-0.1423670746910939,0.552190479321377,0.0
2011-07-09 09:14:00,-0.06834826103078381,-0.1423670746910939,0.552190479321377,0.0
2011-07-09 09:15:00,-0.06834826103078381,-0.1423670746910939,0.552190479321377,0.0
2011-07-09 09:16:00,-0.06834826103078381,-0.1423670746910939,0.552190479321377,0.0
2011-07-09 09:17:00,-0.06834826103078381,-0.1423670746910939,0.552190479321377,0.0
2011-07-09 09:18:00,-0.06834826103078381,-0.1423670746910939,0.552190479321377,0.0
2011-07-09 09:19:00,-0.06834826103078381,-0.1423670746910939,0.552190479321377,0.0
2011-07-09 09:20:00,-0.06834826103078381,-0.1423670746910939,0.552190479321377,0.0
2011-07-09 09:21:00,-0.06834826103078381,-0.1423670746910939,0.552190479321377,0.0
2011-07-09 09:22:00,-0.06834826103078381,-0.1423670746910939,0.552190479321377,0.0
2011-07-09 09:23:00,-0.06834826103078381,-0.1423670746910939,0.552190479321377,0.0
2011-07-09 09:24:00,-0.06834826103078381,-0.1423670746910939,0.552190479321377,0.0
2011-07-09 09:25:00,-0.06834826103078381,-0.1423670746910939,0.552190479321377,0.0
2011-07-09 09:26:00,-0.06834826103078381,-0.1423670746910939,0.552190479321377,0.0
2011-07-09 09:27:00,-0.06834826103078381,-0.1423670746910939,0.552190479321377,0.0
2011-07-09 09:28:00,-0.06834826103078381,-0.1423670746910939,0.552190479321377,0.0
2011-07-09 09:29:00,-0.06834826103078381,-0.1423670746910939,0.552190479321377,0.0
2011-07-09 09:30:00,-0.06834826103078381,-0.1423670746910939,0.552190479321377,0.0
2011-07-09 09:31:00,-0.06834826103078381,-0.1423670746910939,0.552190479321377,0.0
2011-07-09 09:32:00,-0.06834826103078381,-0.1423670746910939,0.552190479321377,0.0
2011-07-09 09:33:00,-0.06834826103078381,-0.1423670746910939,0.552190479321377,0.0
2011-07-09 09:34:00,-0.06834826103078381,-0.1423670746910939,0.552190479321377,0.0
2011-07-09 09:35:00,-0.06834826103078381,-0.1423670746910939,0.552190479321377,0.0
2011-07-09 09:36:00,-0.06834826103078381,-0.1423670746910939,0.552190479321377,0.0
2011-07-09 09:37:00,-0.06834826103078381,-0.1423670746910939,0.552190479321377,0.0
2011-07-09 09:38:00,-0.06834826103078381,-0.1423670746910939,0.552190479321377,0.0
2011-07-09 09:39:00,-0.06834826103078381,-0.1423670746910939,0.552190479321377,0.0
2011-07-09 09:40:00,-0.06834826103078381,-0.1423670746910939,0.552190479321377,0.0
2011-07-09 09:41:00,-0.06834826103078381,-0.1423670746910939,0.552190479321377,0.0
2011-07-09 09:42:00,-0.06834826103078381,-0.1423670746910939,0.552190479321377,0.0
2011-07-09 09:43:00,-0.06834826103078381,-0.1423670746910939,0.552190479321377,0.0
2011-07-09 09:44:00,-0.06834826103078381,-0.1423670746910939,0.552190479321377,0.0
2011-07-09 09:45:00,-0.06834826103078381,-0.1423670746910939,0.552190479321377,0.0
2011-07-09 09:46:00,-0.06834826103078381,-0.1423670746910939,0.552190479321377,0.0
2011-07-09 09:47:00,-0.06834826103078381,-0.1423670746910939,0.552190479321377,0.0
2011-07-09 09:48:00,-0.06834826103078381,-0.1423670746910939,0.552190479321377,0.0
2011-07-09 09:49:00,-0.06834826103078381,-0.1423670746910939,0.552190479321377,0.0
2011-07-09 09:50:00,-0.06834826103078381,-0.1423670746910939,0.552190479321377,0.0
2011-07-09 09:51:00,-0.06834826103078381,-0.1423670746910939,0.552190479321377,0.0
2011-07-09 09:52:00,-0.06834826103078381,-0.1423670746910939,0.552190479321377,0.0
2011-07-09 09:53:00,-0.06834826103078381,-0.1423670746910939,0.552190479321377,0.0
2011-07-09 09:54:00,-0.06834826103078381,-0.1423670746910939,0.552190479321377,0.0
2011-07-09 09:55:00,-0.06834826103078381,-0.1423670746910939,0.552190479321377,0.0
2011-07-09 09:56:00,-0.06834826103078381,-0.1423670746910939,0.552190479321377,0.0
2011-07-09 09:57:00,-0.06834826103078381,-0.1423670746910939,0.552190479321377,0.0
2011-07-09 09:58:00,-0.06834826103078381,-0.1423670746910939,0.552190479321377,0.0
2011-07-09 09:59:00,-0.06834826103078381,-0.1423670746910939,0.552190479321377,0.0
2011-07-09 10:00:00,-0.06834826103078381,-0.1423670746910939,0.552190479321377,0.0
2011-07-09 10:01:00,-0.06834826103078381,-0.1423670746910939,0.552190479321377,0.0
2011-07-09 10:02:00,-0.06834826103078381,-0.1423670746910939,0.552190479321377,0.0
2011-07-09 10:03:00,-0.06834826103078381,-0.1423670746910939,0.552190479321377,0.0
2011-07-09 10:04:00,-0.06834826103078381,-0.1423670746910939,0.552190479321377,0.0
2011-07-09 10:05:00,-0.06834826103078381,-0.1423670746910939,0.552190479321377,0.0
2011-07-09 10:06:00,-0.06834826103078381,-0.1423670746910939,0.552190479321377,0.0
2011-07-09 10:07:00,-0.06834826103078381,-0.1423670746910939,0.552190479321377,0.0
2011-07-09 10:08:00,-0.06834826103078381,-0.1423670746910939,0.552190479321377,0.0
2011-07-09 10:09:00,-0.06834826103078381,-0.1423670746910939,0.552190479321377,0.0
2011-07-09 10:10:00,-0.06834826103078381,-0.1423670746910939,0.552190479321377,0.0
2011-07-09 10:11:00,-0.06834826103078381,-0.1423670746910939,0.552190479321377,0.0
2011-07-09 10:12:00,-0.06834826103078381,-0.1423670746910939,0.552190479321377,0.0
2011-07-09 10:13:00,-0.06834826103078381,-0.1423670746910939,0.552190479321377,0.0
2011-07-09 10:14:00,-0.06834826103078381,-0.1423670746910939,0.552190479321377,0.0
2011-07-09 10:15:00,-0.06834826103078381,-0.1423670746910939,0.552190479321377,0.0
2011-07-09 10:16:00,-0.06834826103078381,-0.1423670746910939,0.552190479321377,0.0
2011-07-09 10:17:00,-0.06834826103078381,-0.1423670746910939,0.552190479321377,0.0
2011-07-09 10:18:00,-0.06834826103078381,-0.1423670746910939,0.552190479321377,0.0
2011-07-09 10:19:00,-0.06834826103078381,-0.1423670746910939,0.552190479321377,0.0
2011-07-09 10:20:00,-0.06834826103078381,-0.1423670746910939,0.552190479321377,0.0
2011-07-09 10:21:00,-0.06834826103078381,-0.1423670746910939,0.552190479321377,0.0
2011-07-09 10:22:00,-0.06834826103078381,-0.1423670746910939,0.552190479321377,0.0
2011-07-09 10:23:00,-0.06834826103078381,-0.1423670746910939,0.552190479321377,0.0
2011-07-09 10:24:00,-0.06834826103078381,-0.1423670746910939,0.552190479321377,0.0
2011-07-09 10:25:00,-0.06834826103078381,-0.1423670746910939,0.552190479321377,0.0
2011-07-09 10:26:00,-0.06834826103078381,-0.1423670746910939,0.552190479321377,0.0
2011-07-09 10:27:00,-0.06834826103078381,-0.1423670746910939,0.552190479321377,0.0
2011-07-09 10:28:00,-0.06834826103078381,-0.1423670746910939,0.552190479321377,0.0
2011-07-09 10:29:00,-0.06834826103078381,-0.1423670746910939,0.552190479321377,0.0
2011-07-09 10:30:00,-0.06834826103078381,-0.1423670746910939,0.552190479321377,0.0
2011-07-09 10:31:00,-0.06834826103078381,-0.1423670746910939,0.552190479321377,0.0
2011-07-09 10:32:00,-0.06834826103078381,-0.1423670746910939,0.552190479321377,0.0
2011-07-09 10:33:00,-0.06834826103078381,-0.1423670746910939,0.552190479321377,0.0
2011-07-09 10:34:00,-0.06834826103078381,-0.1423670746910939,0.552190479321377,0.0
2011-07-09 10:35:00,-0.06834826103078381,-0.1423670746910939,0.552190479321377,0.0
2011-07-09 10:36:00,-0.06834826103078381,-0.1423670746910939,0.552190479321377,0.0
2011-07-09 10:37:00,-0.06834826103078381,-0.1423670746910939,0.552190479321377,0.0
2011-07-09 10:38:00,-0.06834826103078381,-0.1423670746910939,0.552190479321377,0.0
2011-07-09 10:39:00,-0.06834826103078381,-0.1423670746910939,0.552190479321377,0.0
2011-07-09 10:40:00,-0.06834826103078381,-0.1423670746910939,0.552190479321377,0.0
2011-07-09 10:41:00,-0.06834826103078381,-0.1423670746910939,0.552190479321377,0.0
2011-07-09 10:42:00,-0.06834826103078381,-0.1423670746910939,0.552190479321377,0.0
2011-07-09 10:43:00,-0.06834826103078381,-0.1423670746910939,0.552190479321377,0.0
2011-07-09 10:44:00,-0.06834826103078381,-0.1423670746910939,0.552190479321377,0.0
2011-07-09 10:45:00,-0.06834826103078381,-0.1423670746910939,0.552190479321377,0.0
2011-07-09 10:46:00,-0.06834826103078381,-0.1423670746910939,0.552190479321377,0.0
2011-07-09 10:47:00,-0.06834826103078381,-0.1423670746910939,0.552190479321377,0.0
2011-07-09 10:48:00,-0.06834826103078381,-0.1423670746910939,0.552190479321377,0.0
2011-07-09 10:49:00,-0.06834826103078381,-0.1423670746910939,0.552190479321377,0.0
2011-07-09 10:50:00,-0.06834826103078381,-0.1423670746910939,0.552190479321377,0.0
2011-07-09 10:51:00,-0.06834826103078381,-0.1423670746910939,0.552190479321377,0.0
2011-07-09 10:52:00,-0.06834826103078381,-0.1423670746910939,0.552190479321377,0.0
2011-07-09 10:53:00,-0.06834826103078381,-0.1423670746910939,0.552190479321377,0.0
2011-07-09 10:54:00,-0.06834826103078381,-0.1423670746910939,0.552190479321377,0.0
2011-07-09 10:55:00,-0.06834826103078381,-0.1423670746910939,0.552190479321377,0.0
2011-07-09 10:56:00,-0.06834826103078381,-0.1423670746910939,0.552190479321377,0.0
2011-07-09 10:57:00,-0.06834826103078381,-0.1423670746910939,0.552190479321377,0.0
2011-07-09 10:58:00,-0.06834826103078381,-0.1423670746910939,0.552190479321377,0.0
2011-07-09 10:59:00,-0.06834826103078381,-0.1423670746910939,0.552190479321377,0.0
2011-07-09 11:00:00,-0.06834826103078381,-0.1423670746910939,0.552190479321377,0.0
2011-07-09 11:01:00,-0.06834826103078381,-0.1423670746910939,0.552190479321377,0.0
2011-07-09 11:02:00,-0.06834826103078381,-0.1423670746910939,0.552190479321377,0.0
2011-07-09 11:03:00,-0.06834826103078381,-0.1423670746910939,0.552190479321377,0.0
2011-07-09 11:04:00,-0.06834826103078381,-0.1423670746910939,0.552190479321377,0.0
2011-07-09 11:05:00,-0.06834826103078381,-0.1423670746910939,0.552190479321377,0.0
2011-07-09 11:06:00,-0.06834826103078381,-0.1423670746910939,0.552190479321377,0.0
2011-07-09 11:07:00,-0.06834826103078381,-0.1423670746910939,0.552190479321377,0.0
2011-07-09 11:08:00,-0.06834826103078381,-0.1423670746910939,0.552190479321377,0.0
2011-07-09 11:09:00,-0.06834826103078381,-0.1423670746910939,0.552190479321377,0.0
2011-07-09 11:10:00,-0.06834826103078381,-0.1423670746910939,0.552190479321377,0.0
2011-07-09 11:11:00,-0.06834826103078381,-0.1423670746910939,0.552190479321377,0.0
2011-07-09 11:12:00,-0.06834826103078381,-0.1423670746910939,0.552190479321377,0.0
2011-07-09 11:13:00,-0.06834826103078381,-0.1423670746910939,0.552190479321377,0.0
2011-07-09 11:14:00,-0.06834826103078381,-0.1423670746910939,0.552190479321377,0.0
2011-07-09 11:15:00,-0.06834826103078381,-0.1423670746910939,0.552190479321377,0.0
2011-07-09 11:16:00,-0.06834826103078381,-0.1423670746910939,0.552190479321377,0.0
2011-07-09 11:17:00,-0.06834826103078381,-0.1423670746910939,0.552190479321377,0.0
2011-07-09 11:18:00,-0.06834826103078381,-0.1423670746910939,0.552190479321377,0.0
2011-07-09 11:19:00,-0.06834826103078381,-0.1423670746910939,0.552190479321377,0.0
2011-07-09 11:20:00,-0.06834826103078381,-0.1423670746910939,0.552190479321377,0.0
2011-07-09 11:21:00,-0.06834826103078381,-0.1423670746910939,0.552190479321377,0.0
2011-07-09 11:22:00,-0.06834826103078381,-0.1423670746910939,0.552190479321377,0.0
2011-07-09 11:23:00,-0.06834826103078381,-0.1423670746910939,0.552190479321377,0.0
2011-07-09 11:24:00,-0.06834826103078381,-0.1423670746910939,0.552190479321377,0.0
2011-07-09 11:25:00,-0.06834826103078381,-0.1423670746910939,0.552190479321377,0.0
2011-07-09 11:26:00,-0.06834826103078381,-0.1423670746910939,0.552190479321377,0.0
2011-07-09 11:27:00,-0.06834826103078381,-0.1423670746910939,0.552190479321377,0.0
2011-07-09 11:28:00,-0.06834826103078381,-0.1423670746910939,0.552190479321377,0.0
2011-07-09 11:29:00,-0.06834826103078381,-0.1423670746910939,0.552190479321377,0.0
2011-07-09 11:30:00,-0.06834826103078381,-0.1423670746910939,0.552190479321377,0.0
2011-07-09 11:31:00,-0.06834826103078381,-0.1423670746910939,0.552190479321377,0.0
2011-07-09 11:32:00,-0.06834826103078381,-0.1423670746910939,0.552190479321377,0.0
2011-07-09 11:33:00,-0.06834826103078381,-0.1423670746910939,0.552190479321377,0.0
2011-07-09 11:34:00,-0.06834826103078381,-0.1423670746910939,0.552190479321377,0.0
2011-07-09 11:35:00,-0.06834826103078381,-0.1423670746910939,0.552190479321377,0.0
2011-07-09 11:36:00,-0.06834826103078381,-0.1423670746910939,0.552190479321377,0.0
2011-07-09 11:37:00,-0.06834826103078381,-0.1423670746910939,0.552190479321377,0.0
2011-07-09 11:38:00,-0.06834826103078381,-0.1423670746910939,0.552190479321377,0.0
2011-07-09 11:39:00,-0.06834826103078381,-0.1423670746910939,0.552190479321377,0.0
2011-07-09 11:40:00,-0.06834826103078381,-0.1423670746910939,0.552190479321377,0.0
2011-07-09 11:41:00,-0.06834826103078381,-0.1423670746910939,0.552190479321377,0.0
2011-07-09 11:42:00,-0.06834826103078381,-0.1423670746910939,0.552190479321377,0.0
2011-07-09 11:43:00,-0.06834826103078381,-0.1423670746910939,0.552190479321377,0.0
2011-07-09 11:44:00,-0.06834826103078381,-0.1423670746910939,0.552190479321377,0.0
2011-07-09 11:45:00,-0.06834826103078381,-0.1423670746910939,0.552190479321377,0.0
2011-07-09 11:46:00,-0.06834826103078381,-0.1423670746910939,0.552190479321377,0.0
2011-07-09 11:47:00,-0.06834826103078381,-0.1423670746910939,0.552190479321377,0.0
2011-07-09 11:48:00,-0.06834826103078381,-0.1423670746910939,0.552190479321377,0.0
2011-07-09 11:49:00,-0.06834826103078381,-0.1423670746910939,0.552190479321377,0.0
2011-07-09 11:50:00,-0.06834826103078381,-0.1423670746910939,0.552190479321377,0.0
2011-07-09 11:51:00,-0.06834826103078381,-0.1423670746910939,0.552190479321377,0.0
2011-07-09 11:52:00,-0.06834826103078381,-0.1423670746910939,0.552190479321377,0.0
2011-07-09 11:53:00,-0.06834826103078381,-0.1423670746910939,0.552190479321377,0.0
2011-07-09 11:54:00,-0.06834826103078381,-0.1423670746910939,0.552190479321377,0.0
2011-07-09 11:55:00,-0.06834826103078381,-0.1423670746910939,0.552190479321377,0.0
2011-07-09 11:56:00,-0.06834826103078381,-0.1423670746910939,0.552190479321377,0.0
2011-07-09 11:57:00,-0.06834826103078381,-0.1423670746910939,0.552190479321377,0.0
2011-07-09 11:58:00,-0.06834826103078381,-0.1423670746910939,0.552190479321377,0.0
2011-07-09 11:59:00,-0.06834826103078381,-0.1423670746910939,0.552190479321377,0.0
2011-07-09 12:00:00,-0.06834826103078381,-0.1423670746910939,0.552190479321377,0.0
2011-07-09 12:01:00,-0.06834826103078381,-0.1423670746910939,0.552190479321377,0.0
2011-07-09 12:02:00,-0.06834826103078381,-0.1423670746910939,0.552190479321377,0.0
2011-07-09 12:03:00,-0.06834826103078381,-0.1423670746910939,0.552190479321377,0.0
2011-07-09 12:04:00,-0.06834826103078381,-0.1423670746910939,0.552190479321377,0.0
2011-07-09 12:05:00,-0.06834826103078381,-0.1423670746910939,0.552190479321377,0.0
2011-07-09 12:06:00,-0.06834826103078381,-0.1423670746910939,0.552190479321377,0.0
2011-07-09 12:07:00,-0.06834826103078381,-0.1423670746910939,0.552190479321377,0.0
2011-07-09 12:08:00,-0.06834826103078381,-0.1423670746910939,0.552190479321377,0.0
2011-07-09 12:09:00,-0.06834826103078381,-0.1423670746910939,0.552190479321377,0.0
2011-07-09 12:10:00,-0.06834826103078381,-0.1423670746910939,0.552190479321377,0.0
2011-07-09 12:11:00,-0.06834826103078381,-0.1423670746910939,0.552190479321377,0.0
2011-07-09 12:12:00,-0.06834826103078381,-0.1423670746910939,0.552190479321377,0.0
2011-07-09 12:13:00,-0.06834826103078381,-0.1423670746910939,0.552190479321377,0.0
2011-07-09 12:14:00,-0.06834826103078381,-0.1423670746910939,0.552190479321377,0.0
2011-07-09 12:15:00,-0.06834826103078381,-0.1423670746910939,0.552190479321377,0.0
2011-07-09 12:16:00,-0.06834826103078381,-0.1423670746910939,0.552190479321377,0.0
2011-07-09 12:17:00,-0.06834826103078381,-0.1423670746910939,0.552190479321377,0.0
2011-07-09 12:18:00,-0.06834826103078381,-0.1423670746910939,0.552190479321377,0.0
2011-07-09 12:19:00,-0.06834826103078381,-0.1423670746910939,0.552190479321377,0.0
2011-07-09 12:20:00,-0.06834826103078381,-0.1423670746910939,0.552190479321377,0.0
2011-07-09 12:21:00,-0.06834826103078381,-0.1423670746910939,0.552190479321377,0.0
2011-07-09 12:22:00,-0.06834826103078381,-0.1423670746910939,0.552190479321377,0.0
2011-07-09 12:23:00,-0.06834826103078381,-0.1423670746910939,0.552190479321377,0.0
2011-07-09 12:24:00,-0.06834826103078381,-0.1423670746910939,0.552190479321377,0.0
2011-07-09 12:25:00,-0.06834826103078381,-0.1423670746910939,0.552190479321377,0.0
2011-07-09 12:26:00,-0.06834826103078381,-0.1423670746910939,0.552190479321377,0.0
2011-07-09 12:27:00,-0.06834826103078381,-0.1423670746910939,0.552190479321377,0.0
2011-07-09 12:28:00,-0.06834826103078381,-0.1423670746910939,0.552190479321377,0.0
2011-07-09 12:29:00,-0.06834826103078381,-0.1423670746910939,0.552190479321377,0.0
2011-07-09 12:30:00,-0.06834826103078381,-0.1423670746910939,0.552190479321377,0.0
2011-07-09 12:31:00,-0.06834826103078381,-0.1423670746910939,0.552190479321377,0.0
2011-07-09 12:32:00,-0.06834826103078381,-0.1423670746910939,0.552190479321377,0.0
2011-07-09 12:33:00,-0.06834826103078381,-0.1423670746910939,0.552190479321377,0.0
2011-07-09 12:34:00,-0.06834826103078381,-0.1423670746910939,0.552190479321377,0.0
2011-07-09 12:35:00,-0.06834826103078381,-0.1423670746910939,0.552190479321377,0.0
2011-07-09 12:36:00,-0.06834826103078381,-0.1423670746910939,0.552190479321377,0.0
2011-07-09 12:37:00,-0.06834826103078381,-0.1423670746910939,0.552190479321377,0.0
2011-07-09 12:38:00,-0.06834826103078381,-0.1423670746910939,0.552190479321377,0.0
2011-07-09 12:39:00,-0.06834826103078381,-0.1423670746910939,0.552190479321377,0.0
2011-07-09 12:40:00,-0.06834826103078381,-0.1423670746910939,0.552190479321377,0.0
2011-07-09 12:41:00,-0.06834826103078381,-0.1423670746910939,0.552190479321377,0.0
2011-07-09 12:42:00,-0.06834826103078381,-0.1423670746910939,0.552190479321377,0.0
2011-07-09 12:43:00,-0.06834826103078381,-0.1423670746910939,0.552190479321377,0.0
2011-07-09 12:44:00,-0.06834826103078381,-0.1423670746910939,0.552190479321377,0.0
2011-07-09 12:45:00,-0.06834826103078381,-0.1423670746910939,0.552190479321377,0.0
2011-07-09 12:46:00,-0.06834826103078381,-0.1423670746910939,0.552190479321377,0.0
2011-07-09 12:47:00,-0.06834826103078381,-0.1423670746910939,0.552190479321377,0.0
2011-07-09 12:48:00,-0.06834826103078381,-0.1423670746910939,0.552190479321377,0.0
2011-07-09 12:49:00,-0.06834826103078381,-0.1423670746910939,0.552190479321377,0.0
2011-07-09 12:50:00,-0.06834826103078381,-0.1423670746910939,0.552190479321377,0.0
2011-07-09 12:51:00,-0.06834826103078381,-0.1423670746910939,0.552190479321377,0.0
2011-07-09 12:52:00,-0.06834826103078381,-0.1423670746910939,0.552190479321377,0.0
2011-07-09 12:53:00,-0.06834826103078381,-0.1423670746910939,0.552190479321377,0.0
2011-07-09 12:54:00,-0.06834826103078381,-0.1423670746910939,0.552190479321377,0.0
2011-07-09 12:55:00,-0.06834826103078381,-0.1423670746910939,0.552190479321377,0.0
2011-07-09 12:56:00,-0.06834826103078381,-0.1423670746910939,0.552190479321377,0.0
2011-07-09 12:57:00,-0.06834826103078381,-0.1423670746910939,0.552190479321377,0.0
2011-07-09 12:58:00,-0.06834826103078381,-0.1423670746910939,0.552190479321377,0.0
2011-07-09 12:59:00,-0.06834826103078381,-0.1423670746910939,0.552190479321377,0.0
2011-07-09 13:00:00,-0.06834826103078381,-0.1423670746910939,0.552190479321377,0.0
2011-07-09 13:01:00,-0.06834826103078381,-0.1423670746910939,0.552190479321377,0.0
2011-07-09 13:02:00,-0.06834826103078381,-0.1423670746910939,0.552190479321377,0.0
2011-07-09 13:03:00,-0.06834826103078381,-0.1423670746910939,0.552190479321377,0.0
2011-07-09 13:04:00,-0.06834826103078381,-0.1423670746910939,0.552190479321377,0.0
2011-07-09 13:05:00,-0.06834826103078381,-0.1423670746910939,0.552190479321377,0.0
2011-07-09 13:06:00,-0.06834826103078381,-0.1423670746910939,0.552190479321377,0.0
2011-07-09 13:07:00,-0.06834826103078381,-0.1423670746910939,0.552190479321377,0.0
2011-07-09 13:08:00,-0.06834826103078381,-0.1423670746910939,0.552190479321377,0.0
2011-07-09 13:09:00,-0.06834826103078381,-0.1423670746910939,0.552190479321377,0.0
2011-07-09 13:10:00,-0.06834826103078381,-0.1423670746910939,0.552190479321377,0.0
2011-07-09 13:11:00,-0.06834826103078381,-0.1423670746910939,0.552190479321377,0.0
2011-07-09 13:12:00,-0.06834826103078381,-0.1423670746910939,0.552190479321377,0.0
2011-07-09 13:13:00,-0.06834826103078381,-0.1423670746910939,0.552190479321377,0.0
2011-07-09 13:14:00,-0.06834826103078381,-0.1423670746910939,0.552190479321377,0.0
2011-07-09 13:15:00,-0.06834826103078381,-0.1423670746910939,0.552190479321377,0.0
2011-07-09 13:16:00,-0.06834826103078381,-0.1423670746910939,0.552190479321377,0.0
2011-07-09 13:17:00,-0.06834826103078381,-0.1423670746910939,0.552190479321377,0.0
2011-07-09 13:18:00,-0.06834826103078381,-0.1423670746910939,0.552190479321377,0.0
2011-07-09 13:19:00,-0.06834826103078381,-0.1423670746910939,0.552190479321377,0.0
2011-07-09 13:20:00,-0.06834826103078381,-0.1423670746910939,0.552190479321377,0.0
2011-07-09 13:21:00,-0.06834826103078381,-0.1423670746910939,0.552190479321377,0.0
2011-07-09 13:22:00,-0.06834826103078381,-0.1423670746910939,0.552190479321377,0.0
2011-07-09 13:23:00,-0.06834826103078381,-0.1423670746910939,0.552190479321377,0.0
2011-07-09 13:24:00,-0.06834826103078381,-0.1423670746910939,0.552190479321377,0.0
2011-07-09 13:25:00,-0.06834826103078381,-0.1423670746910939,0.552190479321377,0.0
2011-07-09 13:26:00,-0.06834826103078381,-0.1423670746910939,0.552190479321377,0.0
2011-07-09 13:27:00,-0.06834826103078381,-0.1423670746910939,0.552190479321377,0.0
2011-07-09 13:28:00,-0.06834826103078381,-0.1423670746910939,0.552190479321377,0.0
2011-07-09 13:29:00,-0.06834826103078381,-0.1423670746910939,0.552190479321377,0.0
2011-07-09 13:30:00,-0.06834826103078381,-0.1423670746910939,0.552190479321377,0.0
2011-07-09 13:31:00,-0.06834826103078381,-0.1423670746910939,0.552190479321377,0.0
2011-07-09 13:32:00,-0.06834826103078381,-0.1423670746910939,0.552190479321377,0.0
2011-07-09 13:33:00,-0.06834826103078381,-0.1423670746910939,0.552190479321377,0.0
2011-07-09 13:34:00,-0.06834826103078381,-0.1423670746910939,0.552190479321377,0.0
2011-07-09 13:35:00,-0.06834826103078381,-0.1423670746910939,0.552190479321377,0.0
2011-07-09 13:36:00,-0.06834826103078381,-0.1423670746910939,0.552190479321377,0.0
2011-07-09 13:37:00,-0.06834826103078381,-0.1423670746910939,0.552190479321377,0.0
2011-07-09 13:38:00,-0.06834826103078381,-0.1423670746910939,0.552190479321377,0.0
2011-07-09 13:39:00,-0.06834826103078381,-0.1423670746910939,0.552190479321377,0.0
2011-07-09 13:40:00,-0.06834826103078381,-0.1423670746910939,0.552190479321377,0.0
2011-07-09 13:41:00,-0.06834826103078381,-0.1423670746910939,0.552190479321377,0.0
2011-07-09 13:42:00,-0.06834826103078381,-0.1423670746910939,0.552190479321377,0.0
2011-07-09 13:43:00,-0.06834826103078381,-0.1423670746910939,0.552190479321377,0.0
2011-07-09 13:44:00,-0.06834826103078381,-0.1423670746910939,0.552190479321377,0.0
2011-07-09 13:45:00,-0.06834826103078381,-0.1423670746910939,0.552190479321377,0.0
2011-07-09 13:46:00,-0.06834826103078381,-0.1423670746910939,0.552190479321377,0.0
2011-07-09 13:47:00,-0.06834826103078381,-0.1423670746910939,0.552190479321377,0.0
2011-07-09 13:48:00,-0.06834826103078381,-0.1423670746910939,0.552190479321377,0.0
2011-07-09 13:49:00,-0.06834826103078381,-0.1423670746910939,0.552190479321377,0.0
2011-07-09 13:50:00,-0.06834826103078381,-0.1423670746910939,0.552190479321377,0.0
2011-07-09 13:51:00,-0.06834826103078381,-0.1423670746910939,0.552190479321377,0.0
2011-07-09 13:52:00,-0.06834826103078381,-0.1423670746910939,0.552190479321377,0.0
2011-07-09 13:53:00,-0.06834826103078381,-0.1423670746910939,0.552190479321377,0.0
2011-07-09 13:54:00,-0.06834826103078381,-0.1423670746910939,0.552190479321377,0.0
2011-07-09 13:55:00,-0.06834826103078381,-0.1423670746910939,0.552190479321377,0.0
2011-07-09 13:56:00,-0.06834826103078381,-0.1423670746910939,0.552190479321377,0.0
2011-07-09 13:57:00,-0.06834826103078381,-0.1423670746910939,0.552190479321377,0.0
2011-07-09 13:58:00,-0.06834826103078381,-0.1423670746910939,0.552190479321377,0.0
2011-07-09 13:59:00,-0.06834826103078381,-0.1423670746910939,0.552190479321377,0.0
2011-07-09 14:00:00,-0.06834826103078381,-0.1423670746910939,0.552190479321377,0.0
2011-07-09 14:01:00,-0.06834826103078381,-0.1423670746910939,0.552190479321377,0.0
2011-07-09 14:02:00,-0.06834826103078381,-0.1423670746910939,0.552190479321377,0.0
2011-07-09 14:03:00,-0.06834826103078381,-0.1423670746910939,0.552190479321377,0.0
2011-07-09 14:04:00,-0.06834826103078381,-0.1423670746910939,0.552190479321377,0.0
2011-07-09 14:05:00,-0.06834826103078381,-0.1423670746910939,0.552190479321377,0.0
2011-07-09 14:06:00,-0.06834826103078381,-0.1423670746910939,0.552190479321377,0.0
2011-07-09 14:07:00,-0.06834826103078381,-0.1423670746910939,0.552190479321377,0.0
2011-07-09 14:08:00,-0.06834826103078381,-0.1423670746910939,0.552190479321377,0.0
2011-07-09 14:09:00,-0.06834826103078381,-0.1423670746910939,0.552190479321377,0.0
2011-07-09 14:10:00,-0.06834826103078381,-0.1423670746910939,0.552190479321377,0.0
2011-07-09 14:11:00,-0.06834826103078381,-0.1423670746910939,0.552190479321377,0.0
2011-07-09 14:12:00,-0.06834826103078381,-0.1423670746910939,0.552190479321377,0.0
2011-07-09 14:13:00,-0.06834826103078381,-0.1423670746910939,0.552190479321377,0.0
2011-07-09 14:14:00,-0.06834826103078381,-0.1423670746910939,0.552190479321377,0.0
2011-07-09 14:15:00,-0.06834826103078381,-0.1423670746910939,0.552190479321377,0.0
2011-07-09 14:16:00,-0.06834826103078381,-0.1423670746910939,0.552190479321377,0.0
2011-07-09 14:17:00,-0.06834826103078381,-0.1423670746910939,0.552190479321377,0.0
2011-07-09 14:18:00,-0.06834826103078381,-0.1423670746910939,0.552190479321377,0.0
2011-07-09 14:19:00,-0.06834826103078381,-0.1423670746910939,0.552190479321377,0.0
2011-07-09 14:20:00,-0.06834826103078381,-0.1423670746910939,0.552190479321377,0.0
2011-07-09 14:21:00,-0.06834826103078381,-0.1423670746910939,0.552190479321377,0.0
2011-07-09 14:22:00,-0.06834826103078381,-0.1423670746910939,0.552190479321377,0.0
2011-07-09 14:23:00,-0.06834826103078381,-0.1423670746910939,0.552190479321377,0.0
2011-07-09 14:24:00,-0.06834826103078381,-0.1423670746910939,0.552190479321377,0.0
2011-07-09 14:25:00,-0.06834826103078381,-0.1423670746910939,0.552190479321377,0.0
2011-07-09 14:26:00,-0.06834826103078381,-0.1423670746910939,0.552190479321377,0.0
2011-07-09 14:27:00,-0.06834826103078381,-0.1423670746910939,0.552190479321377,0.0
2011-07-09 14:28:00,-0.06834826103078381,-0.1423670746910939,0.552190479321377,0.0
2011-07-09 14:29:00,-0.06834826103078381,-0.1423670746910939,0.552190479321377,0.0
2011-07-09 14:30:00,-0.06834826103078381,-0.1423670746910939,0.552190479321377,0.0
2011-07-09 14:31:00,-0.06834826103078381,-0.1423670746910939,0.552190479321377,0.0
2011-07-09 14:32:00,-0.06834826103078381,-0.1423670746910939,0.552190479321377,0.0
2011-07-09 14:33:00,-0.06834826103078381,-0.1423670746910939,0.552190479321377,0.0
2011-07-09 14:34:00,-0.06834826103078381,-0.1423670746910939,0.552190479321377,0.0
2011-07-09 14:35:00,-0.06834826103078381,-0.1423670746910939,0.552190479321377,0.0
2011-07-09 14:36:00,-0.06834826103078381,-0.1423670746910939,0.552190479321377,0.0
2011-07-09 14:37:00,-0.06834826103078381,-0.1423670746910939,0.552190479321377,0.0
2011-07-09 14:38:00,-0.06834826103078381,-0.1423670746910939,0.552190479321377,0.0
2011-07-09 14:39:00,-0.06834826103078381,-0.1423670746910939,0.552190479321377,0.0
2011-07-09 14:40:00,-0.06834826103078381,-0.1423670746910939,0.552190479321377,0.0
2011-07-09 14:41:00,-0.06834826103078381,-0.1423670746910939,0.552190479321377,0.0
2011-07-09 14:42:00,-0.06834826103078381,-0.1423670746910939,0.552190479321377,0.0
2011-07-09 14:43:00,-0.06834826103078381,-0.1423670746910939,0.552190479321377,0.0
2011-07-09 14:44:00,-0.06834826103078381,-0.1423670746910939,0.552190479321377,0.0
2011-07-09 14:45:00,-0.06834826103078381,-0.1423670746910939,0.552190479321377,0.0
2011-07-09 14:46:00,-0.06834826103078381,-0.1423670746910939,0.552190479321377,0.0
2011-07-09 14:47:00,-0.06834826103078381,-0.1423670746910939,0.552190479321377,0.0
2011-07-09 14:48:00,-0.06834826103078381,-0.1423670746910939,0.552190479321377,0.0
2011-07-09 14:49:00,-0.06834826103078381,-0.1423670746910939,0.552190479321377,0.0
2011-07-09 14:50:00,-0.06834826103078381,-0.1423670746910939,0.552190479321377,0.0
2011-07-09 14:51:00,-0.06834826103078381,-0.1423670746910939,0.552190479321377,0.0
2011-07-09 14:52:00,-0.06834826103078381,-0.1423670746910939,0.552190479321377,0.0
2011-07-09 14:53:00,-0.06834826103078381,-0.1423670746910939,0.552190479321377,0.0
2011-07-09 14:54:00,-0.06834826103078381,-0.1423670746910939,0.552190479321377,0.0
2011-07-09 14:55:00,-0.06834826103078381,-0.1423670746910939,0.552190479321377,0.0
2011-07-09 14:56:00,-0.06834826103078381,-0.1423670746910939,0.552190479321377,0.0
2011-07-09 14:57:00,-0.06834826103078381,-0.1423670746910939,0.552190479321377,0.0
2011-07-09 14:58:00,-0.06834826103078381,-0.1423670746910939,0.552190479321377,0.0
2011-07-09 14:59:00,-0.06834826103078381,-0.1423670746910939,0.552190479321377,0.0
2011-07-09 15:00:00,-0.06834826103078381,-0.1423670746910939,0.552190479321377,0.0
2011-07-09 15:01:00,-0.06834826103078381,-0.1423670746910939,0.552190479321377,0.0
2011-07-09 15:02:00,-0.06834826103078381,-0.1423670746910939,0.552190479321377,0.0
2011-07-09 15:03:00,-0.06834826103078381,-0.1423670746910939,0.552190479321377,0.0
2011-07-09 15:04:00,-0.06834826103078381,-0.1423670746910939,0.552190479321377,0.0
2011-07-09 15:05:00,-0.06834826103078381,-0.1423670746910939,0.552190479321377,0.0
2011-07-09 15:06:00,-0.06834826103078381,-0.1423670746910939,0.552190479321377,0.0
2011-07-09 15:07:00,-0.06834826103078381,-0.1423670746910939,0.552190479321377,0.0
2011-07-09 15:08:00,-0.06834826103078381,-0.1423670746910939,0.552190479321377,0.0
2011-07-09 15:09:00,-0.06834826103078381,-0.1423670746910939,0.552190479321377,0.0
2011-07-09 15:10:00,-0.06834826103078381,-0.1423670746910939,0.552190479321377,0.0
2011-07-09 15:11:00,-0.06834826103078381,-0.1423670746910939,0.552190479321377,0.0
2011-07-09 15:12:00,-0.06834826103078381,-0.1423670746910939,0.552190479321377,0.0
2011-07-09 15:13:00,-0.06834826103078381,-0.1423670746910939,0.552190479321377,0.0
2011-07-09 15:14:00,-0.06834826103078381,-0.1423670746910939,0.552190479321377,0.0
2011-07-09 15:15:00,-0.06834826103078381,-0.1423670746910939,0.552190479321377,0.0
2011-07-09 15:16:00,-0.06834826103078381,-0.1423670746910939,0.552190479321377,0.0
2011-07-09 15:17:00,-0.06834826103078381,-0.1423670746910939,0.552190479321377,0.0
2011-07-09 15:18:00,-0.06834826103078381,-0.1423670746910939,0.552190479321377,0.0
2011-07-09 15:19:00,-0.06834826103078381,-0.1423670746910939,0.552190479321377,0.0
2011-07-09 15:20:00,-0.06834826103078381,-0.1423670746910939,0.552190479321377,0.0
2011-07-09 15:21:00,-0.06834826103078381,-0.1423670746910939,0.552190479321377,0.0
2011-07-09 15:22:00,-0.06834826103078381,-0.1423670746910939,0.552190479321377,0.0
2011-07-09 15:23:00,-0.06834826103078381,-0.1423670746910939,0.552190479321377,0.0
2011-07-09 15:24:00,-0.06834826103078381,-0.1423670746910939,0.552190479321377,0.0
2011-07-09 15:25:00,-0.06834826103078381,-0.1423670746910939,0.552190479321377,0.0
2011-07-09 15:26:00,-0.06834826103078381,-0.1423670746910939,0.552190479321377,0.0
2011-07-09 15:27:00,-0.06834826103078381,-0.1423670746910939,0.552190479321377,0.0
2011-07-09 15:28:00,-0.06834826103078381,-0.1423670746910939,0.552190479321377,0.0
2011-07-09 15:29:00,-0.06834826103078381,-0.1423670746910939,0.552190479321377,0.0
2011-07-09 15:30:00,-0.06834826103078381,-0.1423670746910939,0.552190479321377,0.0
2011-07-09 15:31:00,-0.06834826103078381,-0.1423670746910939,0.552190479321377,0.0
2011-07-09 15:32:00,-0.06834826103078381,-0.1423670746910939,0.552190479321377,0.0
2011-07-09 15:33:00,-0.06834826103078381,-0.1423670746910939,0.552190479321377,0.0
2011-07-09 15:34:00,-0.06834826103078381,-0.1423670746910939,0.552190479321377,0.0
2011-07-09 15:35:00,-0.06834826103078381,-0.1423670746910939,0.552190479321377,0.0
2011-07-09 15:36:00,-0.06834826103078381,-0.1423670746910939,0.552190479321377,0.0
2011-07-09 15:37:00,-0.06834826103078381,-0.1423670746910939,0.552190479321377,0.0
2011-07-09 15:38:00,-0.06834826103078381,-0.1423670746910939,0.552190479321377,0.0
2011-07-09 15:39:00,-0.06834826103078381,-0.1423670746910939,0.552190479321377,0.0
2011-07-09 15:40:00,-0.06834826103078381,-0.1423670746910939,0.552190479321377,0.0
2011-07-09 15:41:00,-0.06834826103078381,-0.1423670746910939,0.552190479321377,0.0
2011-07-09 15:42:00,-0.06834826103078381,-0.1423670746910939,0.552190479321377,0.0
2011-07-09 15:43:00,-0.06834826103078381,-0.1423670746910939,0.552190479321377,0.0
2011-07-09 15:44:00,-0.06834826103078381,-0.1423670746910939,0.552190479321377,0.0
2011-07-09 15:45:00,-0.06834826103078381,-0.1423670746910939,0.552190479321377,0.0
2011-07-09 15:46:00,-0.06834826103078381,-0.1423670746910939,0.552190479321377,0.0
2011-07-09 15:47:00,-0.06834826103078381,-0.1423670746910939,0.552190479321377,0.0
2011-07-09 15:48:00,-0.06834826103078381,-0.1423670746910939,0.552190479321377,0.0
2011-07-09 15:49:00,-0.06834826103078381,-0.1423670746910939,0.552190479321377,0.0
2011-07-09 15:50:00,-0.06834826103078381,-0.1423670746910939,0.552190479321377,0.0
2011-07-09 15:51:00,-0.06834826103078381,-0.1423670746910939,0.552190479321377,0.0
2011-07-09 15:52:00,-0.06834826103078381,-0.1423670746910939,0.552190479321377,0.0
2011-07-09 15:53:00,-0.06834826103078381,-0.1423670746910939,0.552190479321377,0.0
2011-07-09 15:54:00,-0.06834826103078381,-0.1423670746910939,0.552190479321377,0.0
2011-07-09 15:55:00,-0.06834826103078381,-0.1423670746910939,0.552190479321377,0.0
2011-07-09 15:56:00,-0.06834826103078381,-0.1423670746910939,0.552190479321377,0.0
2011-07-09 15:57:00,-0.06834826103078381,-0.1423670746910939,0.552190479321377,0.0
2011-07-09 15:58:00,-0.06834826103078381,-0.1423670746910939,0.552190479321377,0.0
2011-07-09 15:59:00,-0.06834826103078381,-0.1423670746910939,0.552190479321377,0.0
2011-07-09 16:00:00,-0.06834826103078381,-0.1423670746910939,0.552190479321377,0.0
2011-07-09 16:01:00,-0.06834826103078381,-0.1423670746910939,0.552190479321377,0.0
2011-07-09 16:02:00,-0.06834826103078381,-0.1423670746910939,0.552190479321377,0.0
2011-07-09 16:03:00,-0.06834826103078381,-0.1423670746910939,0.552190479321377,0.0
2011-07-09 16:04:00,-0.06834826103078381,-0.1423670746910939,0.552190479321377,0.0
2011-07-09 16:05:00,-0.06834826103078381,-0.1423670746910939,0.552190479321377,0.0
2011-07-09 16:06:00,-0.06834826103078381,-0.1423670746910939,0.552190479321377,0.0
2011-07-09 16:07:00,-0.06834826103078381,-0.1423670746910939,0.552190479321377,0.0
2011-07-09 16:08:00,-0.06834826103078381,-0.1423670746910939,0.552190479321377,0.0
2011-07-09 16:09:00,-0.06834826103078381,-0.1423670746910939,0.552190479321377,0.0
2011-07-09 16:10:00,-0.06834826103078381,-0.1423670746910939,0.552190479321377,0.0
2011-07-09 16:11:00,-0.06834826103078381,-0.1423670746910939,0.552190479321377,0.0
2011-07-09 16:12:00,-0.06834826103078381,-0.1423670746910939,0.552190479321377,0.0
2011-07-09 16:13:00,-0.06834826103078381,-0.1423670746910939,0.552190479321377,0.0
2011-07-09 16:14:00,-0.06834826103078381,-0.1423670746910939,0.552190479321377,0.0
2011-07-09 16:15:00,-0.06834826103078381,-0.1423670746910939,0.552190479321377,0.0
2011-07-09 16:16:00,-0.06834826103078381,-0.1423670746910939,0.552190479321377,0.0
2011-07-09 16:17:00,-0.06834826103078381,-0.1423670746910939,0.552190479321377,0.0
2011-07-09 16:18:00,-0.06834826103078381,-0.1423670746910939,0.552190479321377,0.0
2011-07-09 16:19:00,-0.06834826103078381,-0.1423670746910939,0.552190479321377,0.0
2011-07-09 16:20:00,-0.06834826103078381,-0.1423670746910939,0.552190479321377,0.0
2011-07-09 16:21:00,-0.06834826103078381,-0.1423670746910939,0.552190479321377,0.0
2011-07-09 16:22:00,-0.06834826103078381,-0.1423670746910939,0.552190479321377,0.0
2011-07-09 16:23:00,-0.06834826103078381,-0.1423670746910939,0.552190479321377,0.0
2011-07-09 16:24:00,-0.06834826103078381,-0.1423670746910939,0.552190479321377,0.0
2011-07-09 16:25:00,-0.06834826103078381,-0.1423670746910939,0.552190479321377,0.0
2011-07-09 16:26:00,-0.06834826103078381,-0.1423670746910939,0.552190479321377,0.0
2011-07-09 16:27:00,-0.06834826103078381,-0.1423670746910939,0.552190479321377,0.0
2011-07-09 16:28:00,-0.06834826103078381,-0.1423670746910939,0.552190479321377,0.0
2011-07-09 16:29:00,-0.06834826103078381,-0.1423670746910939,0.552190479321377,0.0
2011-07-09 16:30:00,-0.06834826103078381,-0.1423670746910939,0.552190479321377,0.0
2011-07-09 16:31:00,-0.06834826103078381,-0.1423670746910939,0.552190479321377,0.0
2011-07-09 16:32:00,-0.06834826103078381,-0.1423670746910939,0.552190479321377,0.0
2011-07-09 16:33:00,-0.06834826103078381,-0.1423670746910939,0.552190479321377,0.0
2011-07-09 16:34:00,-0.06834826103078381,-0.1423670746910939,0.552190479321377,0.0
2011-07-09 16:35:00,-0.06834826103078381,-0.1423670746910939,0.552190479321377,0.0
2011-07-09 16:36:00,-0.06834826103078381,-0.1423670746910939,0.552190479321377,0.0
2011-07-09 16:37:00,-0.06834826103078381,-0.1423670746910939,0.552190479321377,0.0
2011-07-09 16:38:00,-0.06834826103078381,-0.1423670746910939,0.552190479321377,0.0
2011-07-09 16:39:00,-0.06834826103078381,-0.1423670746910939,0.552190479321377,0.0
2011-07-09 16:40:00,-0.06834826103078381,-0.1423670746910939,0.552190479321377,0.0
2011-07-09 16:41:00,-0.06834826103078381,-0.1423670746910939,0.552190479321377,0.0
2011-07-09 16:42:00,-0.06834826103078381,-0.1423670746910939,0.552190479321377,0.0
2011-07-09 16:43:00,-0.06834826103078381,-0.1423670746910939,0.552190479321377,0.0
2011-07-09 16:44:00,-0.06834826103078381,-0.1423670746910939,0.552190479321377,0.0
2011-07-09 16:45:00,-0.06834826103078381,-0.1423670746910939,0.552190479321377,0.0
2011-07-09 16:46:00,-0.06834826103078381,-0.1423670746910939,0.552190479321377,0.0
2011-07-09 16:47:00,-0.06834826103078381,-0.1423670746910939,0.552190479321377,0.0
2011-07-09 16:48:00,-0.06834826103078381,-0.1423670746910939,0.552190479321377,0.0
2011-07-09 16:49:00,-0.06834826103078381,-0.1423670746910939,0.552190479321377,0.0
2011-07-09 16:50:00,-0.06834826103078381,-0.1423670746910939,0.552190479321377,0.0
2011-07-09 16:51:00,-0.06834826103078381,-0.1423670746910939,0.552190479321377,0.0
2011-07-09 16:52:00,-0.06834826103078381,-0.1423670746910939,0.552190479321377,0.0
2011-07-09 16:53:00,-0.06834826103078381,-0.1423670746910939,0.552190479321377,0.0
2011-07-09 16:54:00,-0.06834826103078381,-0.1423670746910939,0.552190479321377,0.0
2011-07-09 16:55:00,-0.06834826103078381,-0.1423670746910939,0.552190479321377,0.0
2011-07-09 16:56:00,-0.06834826103078381,-0.1423670746910939,0.552190479321377,0.0
2011-07-09 16:57:00,-0.06834826103078381,-0.1423670746910939,0.552190479321377,0.0
2011-07-09 16:58:00,-0.06834826103078381,-0.1423670746910939,0.552190479321377,0.0
2011-07-09 16:59:00,-0.06834826103078381,-0.1423670746910939,0.552190479321377,0.0
2011-07-09 17:00:00,-0.06834826103078381,-0.1423670746910939,0.552190479321377,0.0
2011-07-09 17:01:00,-0.06834826103078381,-0.1423670746910939,0.552190479321377,0.0
2011-07-09 17:02:00,-0.06834826103078381,-0.1423670746910939,0.552190479321377,0.0
2011-07-09 17:03:00,-0.06834826103078381,-0.1423670746910939,0.552190479321377,0.0
2011-07-09 17:04:00,-0.06834826103078381,-0.1423670746910939,0.552190479321377,0.0
2011-07-09 17:05:00,-0.06834826103078381,-0.1423670746910939,0.552190479321377,0.0
2011-07-09 17:06:00,-0.06834826103078381,-0.1423670746910939,0.552190479321377,0.0
2011-07-09 17:07:00,-0.06834826103078381,-0.1423670746910939,0.552190479321377,0.0
2011-07-09 17:08:00,-0.06834826103078381,-0.1423670746910939,0.552190479321377,0.0
2011-07-09 17:09:00,-0.06834826103078381,-0.1423670746910939,0.552190479321377,0.0
2011-07-09 17:10:00,-0.06834826103078381,-0.1423670746910939,0.552190479321377,0.0
2011-07-09 17:11:00,-0.06834826103078381,-0.1423670746910939,0.552190479321377,0.0
2011-07-09 17:12:00,-0.06834826103078381,-0.1423670746910939,0.552190479321377,0.0
2011-07-09 17:13:00,-0.06834826103078381,-0.1423670746910939,0.552190479321377,0.0
2011-07-09 17:14:00,-0.06834826103078381,-0.1423670746910939,0.552190479321377,0.0
2011-07-09 17:15:00,-0.06834826103078381,-0.1423670746910939,0.552190479321377,0.0
2011-07-09 17:16:00,-0.06834826103078381,-0.1423670746910939,0.552190479321377,0.0
2011-07-09 17:17:00,-0.06834826103078381,-0.1423670746910939,0.552190479321377,0.0
2011-07-09 17:18:00,-0.06834826103078381,-0.1423670746910939,0.552190479321377,0.0
2011-07-09 17:19:00,-0.06834826103078381,-0.1423670746910939,0.552190479321377,0.0
2011-07-09 17:20:00,-0.06834826103078381,-0.1423670746910939,0.552190479321377,0.0
2011-07-09 17:21:00,-0.06834826103078381,-0.1423670746910939,0.552190479321377,0.0
2011-07-09 17:22:00,-0.06834826103078381,-0.1423670746910939,0.552190479321377,0.0
2011-07-09 17:23:00,-0.06834826103078381,-0.1423670746910939,0.552190479321377,0.0
2011-07-09 17:24:00,-0.06834826103078381,-0.1423670746910939,0.552190479321377,0.0
2011-07-09 17:25:00,-0.06834826103078381,-0.1423670746910939,0.552190479321377,0.0
2011-07-09 17:26:00,-0.06834826103078381,-0.1423670746910939,0.552190479321377,0.0
2011-07-09 17:27:00,-0.06834826103078381,-0.1423670746910939,0.552190479321377,0.0
2011-07-09 17:28:00,-0.06834826103078381,-0.1423670746910939,0.552190479321377,0.0
2011-07-09 17:29:00,-0.06834826103078381,-0.1423670746910939,0.552190479321377,0.0
2011-07-09 17:30:00,-0.06834826103078381,-0.1423670746910939,0.552190479321377,0.0
2011-07-09 17:31:00,-0.06834826103078381,-0.1423670746910939,0.552190479321377,0.0
2011-07-09 17:32:00,-0.06834826103078381,-0.1423670746910939,0.552190479321377,0.0
2011-07-09 17:33:00,-0.06834826103078381,-0.1423670746910939,0.552190479321377,0.0
2011-07-09 17:34:00,-0.06834826103078381,-0.1423670746910939,0.552190479321377,0.0
2011-07-09 17:35:00,-0.06834826103078381,-0.1423670746910939,0.552190479321377,0.0
2011-07-09 17:36:00,-0.06834826103078381,-0.1423670746910939,0.552190479321377,0.0
2011-07-09 17:37:00,-0.06834826103078381,-0.1423670746910939,0.552190479321377,0.0
2011-07-09 17:38:00,-0.06834826103078381,-0.1423670746910939,0.552190479321377,0.0
2011-07-09 17:39:00,-0.06834826103078381,-0.1423670746910939,0.552190479321377,0.0
2011-07-09 17:40:00,-0.06834826103078381,-0.1423670746910939,0.552190479321377,0.0
2011-07-09 17:41:00,-0.06834826103078381,-0.1423670746910939,0.552190479321377,0.0
2011-07-09 17:42:00,-0.06834826103078381,-0.1423670746910939,0.552190479321377,0.0
2011-07-09 17:43:00,-0.06834826103078381,-0.1423670746910939,0.552190479321377,0.0
2011-07-09 17:44:00,-0.06834826103078381,-0.1423670746910939,0.552190479321377,0.0
2011-07-09 17:45:00,-0.06834826103078381,-0.1423670746910939,0.552190479321377,0.0
2011-07-09 17:46:00,-0.06834826103078381,-0.1423670746910939,0.552190479321377,0.0
2011-07-09 17:47:00,-0.06834826103078381,-0.1423670746910939,0.552190479321377,0.0
2011-07-09 17:48:00,-0.06834826103078381,-0.1423670746910939,0.552190479321377,0.0
2011-07-09 17:49:00,-0.06834826103078381,-0.1423670746910939,0.552190479321377,0.0
2011-07-09 17:50:00,-0.06834826103078381,-0.1423670746910939,0.552190479321377,0.0
2011-07-09 17:51:00,-0.06834826103078381,-0.1423670746910939,0.552190479321377,0.0
2011-07-09 17:52:00,-0.06834826103078381,-0.1423670746910939,0.552190479321377,0.0
2011-07-09 17:53:00,-0.06834826103078381,-0.1423670746910939,0.552190479321377,0.0
2011-07-09 17:54:00,-0.06834826103078381,-0.1423670746910939,0.552190479321377,0.0
2011-07-09 17:55:00,-0.06834826103078381,-0.1423670746910939,0.552190479321377,0.0
2011-07-09 17:56:00,-0.06834826103078381,-0.1423670746910939,0.552190479321377,0.0
2011-07-09 17:57:00,-0.06834826103078381,-0.1423670746910939,0.552190479321377,0.0
2011-07-09 17:58:00,-0.06834826103078381,-0.1423670746910939,0.552190479321377,0.0
2011-07-09 17:59:00,-0.06834826103078381,-0.1423670746910939,0.552190479321377,0.0
2011-07-09 18:00:00,-0.06834826103078381,-0.1423670746910939,0.552190479321377,0.0
2011-07-09 18:01:00,-0.06834826103078381,-0.1423670746910939,0.552190479321377,0.0
2011-07-09 18:02:00,-0.06834826103078381,-0.1423670746910939,0.552190479321377,0.0
2011-07-09 18:03:00,-0.06834826103078381,-0.1423670746910939,0.552190479321377,0.0
2011-07-09 18:04:00,-0.06834826103078381,-0.1423670746910939,0.552190479321377,0.0
2011-07-09 18:05:00,-0.06834826103078381,-0.1423670746910939,0.552190479321377,0.0
2011-07-09 18:06:00,-0.06834826103078381,-0.1423670746910939,0.552190479321377,0.0
2011-07-09 18:07:00,-0.06834826103078381,-0.1423670746910939,0.552190479321377,0.0
2011-07-09 18:08:00,-0.06834826103078381,-0.1423670746910939,0.552190479321377,0.0
2011-07-09 18:09:00,-0.06834826103078381,-0.1423670746910939,0.552190479321377,0.0
2011-07-09 18:10:00,-0.06834826103078381,-0.1423670746910939,0.552190479321377,0.0
2011-07-09 18:11:00,-0.06834826103078381,-0.1423670746910939,0.552190479321377,0.0
2011-07-09 18:12:00,-0.06834826103078381,-0.1423670746910939,0.552190479321377,0.0
2011-07-09 18:13:00,-0.06834826103078381,-0.1423670746910939,0.552190479321377,0.0
2011-07-09 18:14:00,-0.06834826103078381,-0.1423670746910939,0.552190479321377,0.0
2011-07-09 18:15:00,-0.06834826103078381,-0.1423670746910939,0.552190479321377,0.0
2011-07-09 18:16:00,-0.06834826103078381,-0.1423670746910939,0.552190479321377,0.0
2011-07-09 18:17:00,-0.06834826103078381,-0.1423670746910939,0.552190479321377,0.0
2011-07-09 18:18:00,-0.06834826103078381,-0.1423670746910939,0.552190479321377,0.0
2011-07-09 18:19:00,-0.06834826103078381,-0.1423670746910939,0.552190479321377,0.0
2011-07-09 18:20:00,-0.06834826103078381,-0.1423670746910939,0.552190479321377,0.0
2011-07-09 18:21:00,-0.06834826103078381,-0.1423670746910939,0.552190479321377,0.0
2011-07-09 18:22:00,-0.06834826103078381,-0.1423670746910939,0.552190479321377,0.0
2011-07-09 18:23:00,-0.06834826103078381,-0.1423670746910939,0.552190479321377,0.0
2011-07-09 18:24:00,-0.06834826103078381,-0.1423670746910939,0.552190479321377,0.0
2011-07-09 18:25:00,-0.06834826103078381,-0.1423670746910939,0.552190479321377,0.0
2011-07-09 18:26:00,-0.06834826103078381,-0.1423670746910939,0.552190479321377,0.0
2011-07-09 18:27:00,-0.06834826103078381,-0.1423670746910939,0.552190479321377,0.0
2011-07-09 18:28:00,-0.06834826103078381,-0.1423670746910939,0.552190479321377,0.0
2011-07-09 18:29:00,-0.06834826103078381,-0.1423670746910939,0.552190479321377,0.0
2011-07-09 18:30:00,-0.06834826103078381,-0.1423670746910939,0.552190479321377,0.0
2011-07-09 18:31:00,-0.06834826103078381,-0.1423670746910939,0.552190479321377,0.0
2011-07-09 18:32:00,-0.06834826103078381,-0.1423670746910939,0.552190479321377,0.0
2011-07-09 18:33:00,-0.06834826103078381,-0.1423670746910939,0.552190479321377,0.0
2011-07-09 18:34:00,-0.06834826103078381,-0.1423670746910939,0.552190479321377,0.0
2011-07-09 18:35:00,-0.06834826103078381,-0.1423670746910939,0.552190479321377,0.0
2011-07-09 18:36:00,-0.06834826103078381,-0.1423670746910939,0.552190479321377,0.0
2011-07-09 18:37:00,-0.06834826103078381,-0.1423670746910939,0.552190479321377,0.0
2011-07-09 18:38:00,-0.06834826103078381,-0.1423670746910939,0.552190479321377,0.0
2011-07-09 18:39:00,-0.06834826103078381,-0.1423670746910939,0.552190479321377,0.0
2011-07-09 18:40:00,-0.06834826103078381,-0.1423670746910939,0.552190479321377,0.0
2011-07-09 18:41:00,-0.06834826103078381,-0.1423670746910939,0.552190479321377,0.0
2011-07-09 18:42:00,-0.06834826103078381,-0.1423670746910939,0.552190479321377,0.0
2011-07-09 18:43:00,-0.06834826103078381,-0.1423670746910939,0.552190479321377,0.0
2011-07-09 18:44:00,-0.06834826103078381,-0.1423670746910939,0.552190479321377,0.0
2011-07-09 18:45:00,-0.06834826103078381,-0.1423670746910939,0.552190479321377,0.0
2011-07-09 18:46:00,-0.06834826103078381,-0.1423670746910939,0.552190479321377,0.0
2011-07-09 18:47:00,-0.06834826103078381,-0.1423670746910939,0.552190479321377,0.0
2011-07-09 18:48:00,-0.06834826103078381,-0.1423670746910939,0.552190479321377,0.0
2011-07-09 18:49:00,-0.06834826103078381,-0.1423670746910939,0.552190479321377,0.0
2011-07-09 18:50:00,-0.06834826103078381,-0.1423670746910939,0.552190479321377,0.0
2011-07-09 18:51:00,-0.06834826103078381,-0.1423670746910939,0.552190479321377,0.0
2011-07-09 18:52:00,-0.06834826103078381,-0.1423670746910939,0.552190479321377,0.0
2011-07-09 18:53:00,-0.06834826103078381,-0.1423670746910939,0.552190479321377,0.0
2011-07-09 18:54:00,-0.06834826103078381,-0.1423670746910939,0.552190479321377,0.0
2011-07-09 18:55:00,-0.06834826103078381,-0.1423670746910939,0.552190479321377,0.0
2011-07-09 18:56:00,-0.06834826103078381,-0.1423670746910939,0.552190479321377,0.0
2011-07-09 18:57:00,-0.06834826103078381,-0.1423670746910939,0.552190479321377,0.0
2011-07-09 18:58:00,-0.06834826103078381,-0.1423670746910939,0.552190479321377,0.0
2011-07-09 18:59:00,-0.06834826103078381,-0.1423670746910939,0.552190479321377,0.0
2011-07-09 19:00:00,-0.06834826103078381,-0.1423670746910939,0.552190479321377,0.0
2011-07-09 19:01:00,-0.06834826103078381,-0.1423670746910939,0.552190479321377,0.0
2011-07-09 19:02:00,-0.06834826103078381,-0.1423670746910939,0.552190479321377,0.0
2011-07-09 19:03:00,-0.06834826103078381,-0.1423670746910939,0.552190479321377,0.0
2011-07-09 19:04:00,-0.06834826103078381,-0.1423670746910939,0.552190479321377,0.0
2011-07-09 19:05:00,-0.06834826103078381,-0.1423670746910939,0.552190479321377,0.0
2011-07-09 19:06:00,-0.06834826103078381,-0.1423670746910939,0.552190479321377,0.0
2011-07-09 19:07:00,-0.06834826103078381,-0.1423670746910939,0.552190479321377,0.0
2011-07-09 19:08:00,-0.06834826103078381,-0.1423670746910939,0.552190479321377,0.0
2011-07-09 19:09:00,-0.06834826103078381,-0.1423670746910939,0.552190479321377,0.0
2011-07-09 19:10:00,-0.06834826103078381,-0.1423670746910939,0.552190479321377,0.0
2011-07-09 19:11:00,-0.06834826103078381,-0.1423670746910939,0.552190479321377,0.0
2011-07-09 19:12:00,-0.06834826103078381,-0.1423670746910939,0.552190479321377,0.0
2011-07-09 19:13:00,-0.06834826103078381,-0.1423670746910939,0.552190479321377,0.0
2011-07-09 19:14:00,-0.06834826103078381,-0.1423670746910939,0.552190479321377,0.0
2011-07-09 19:15:00,-0.06834826103078381,-0.1423670746910939,0.552190479321377,0.0
2011-07-09 19:16:00,-0.06834826103078381,-0.1423670746910939,0.552190479321377,0.0
2011-07-09 19:17:00,-0.06834826103078381,-0.1423670746910939,0.552190479321377,0.0
2011-07-09 19:18:00,-0.06834826103078381,-0.1423670746910939,0.552190479321377,0.0
2011-07-09 19:19:00,-0.06834826103078381,-0.1423670746910939,0.552190479321377,0.0
2011-07-09 19:20:00,-0.06834826103078381,-0.1423670746910939,0.552190479321377,0.0
2011-07-09 19:21:00,-0.06834826103078381,-0.1423670746910939,0.552190479321377,0.0
2011-07-09 19:22:00,-0.06834826103078381,-0.1423670746910939,0.552190479321377,0.0
2011-07-09 19:23:00,-0.06834826103078381,-0.1423670746910939,0.552190479321377,0.0
2011-07-09 19:24:00,-0.06834826103078381,-0.1423670746910939,0.552190479321377,0.0
2011-07-09 19:25:00,-0.06834826103078381,-0.1423670746910939,0.552190479321377,0.0
2011-07-09 19:26:00,-0.06834826103078381,-0.1423670746910939,0.552190479321377,0.0
2011-07-09 19:27:00,-0.06834826103078381,-0.1423670746910939,0.552190479321377,0.0
2011-07-09 19:28:00,-0.06834826103078381,-0.1423670746910939,0.552190479321377,0.0
2011-07-09 19:29:00,-0.06834826103078381,-0.1423670746910939,0.552190479321377,0.0
2011-07-09 19:30:00,-0.06834826103078381,-0.1423670746910939,0.552190479321377,0.0
2011-07-09 19:31:00,-0.06834826103078381,-0.1423670746910939,0.552190479321377,0.0
2011-07-09 19:32:00,-0.06834826103078381,-0.1423670746910939,0.552190479321377,0.0
2011-07-09 19:33:00,-0.06834826103078381,-0.1423670746910939,0.552190479321377,0.0
2011-07-09 19:34:00,-0.06834826103078381,-0.1423670746910939,0.552190479321377,0.0
2011-07-09 19:35:00,-0.06834826103078381,-0.1423670746910939,0.552190479321377,0.0
2011-07-09 19:36:00,-0.06834826103078381,-0.1423670746910939,0.552190479321377,0.0
2011-07-09 19:37:00,-0.06834826103078381,-0.1423670746910939,0.552190479321377,0.0
2011-07-09 19:38:00,-0.06834826103078381,-0.1423670746910939,0.552190479321377,0.0
2011-07-09 19:39:00,-0.06834826103078381,-0.1423670746910939,0.552190479321377,0.0
2011-07-09 19:40:00,-0.06834826103078381,-0.1423670746910939,0.552190479321377,0.0
2011-07-09 19:41:00,-0.06834826103078381,-0.1423670746910939,0.552190479321377,0.0
2011-07-09 19:42:00,-0.06834826103078381,-0.1423670746910939,0.552190479321377,0.0
2011-07-09 19:43:00,-0.06834826103078381,-0.1423670746910939,0.552190479321377,0.0
2011-07-09 19:44:00,-0.2162459405845184,-0.988984946931326,0.1176440356044921,0.019163211261744806
2011-07-09 19:45:00,-0.2159638885300956,-0.9882246221231862,0.1178761869398752,0.01839240981413348
2011-07-09 19:46:00,-0.2155973495852214,-0.9872820077102082,0.1182161461711268,0.017439451324758215
2011-07-09 19:47:00,-0.2151439218296849,-0.9861545458761216,0.1186690833237452,0.016302143454049345
2011-07-09 19:48:00,-0.2146024044668436,-0.9848425023102408,0.1192388117924115,0.014981202090616819
2011-07-09 19:49:00,-0.213972938973465,-0.9833492465357848,0.1199275880758203,0.013480530477582242
2011-07-09 19:50:00,-0.2132571422238511,-0.9816815088796552,0.120735917127476,0.011807469467552956
2011-07-09 19:51:00,-0.2124582285671384,-0.979849607468658,0.1216623671212733,0.009973011379968089
2011-07-09 19:52:00,-0.2115811177137504,-0.977867638465562,0.122703397659609,0.007991969972195312
2011-07-09 19:53:00,-0.2106325252035104,-0.9757536226799136,0.1238532056373891,0.005883099268120917
2011-07-09 19:54:00,-0.2096210321892263,-0.9735296017137718,0.1251035931102219,0.0036691544319471525
2011-07-09 19:55:00,-0.2085571312807531,-0.9712216769412136,0.1264438615920223,0.0013768885404050746
2011-07-09 19:56:00,-0.2074532452604266,-0.96885998488118,0.1278607372191775,0.0
2011-07-09 19:57:00,-0.2063237156057267,-0.9664786029139668,0.1293383311586246,0.0
2011-07-09 19:58:00,-0.2051847579428929,-0.9641153798202318,0.1308581394994623,0.0
2011-07-09 19:59:00,-0.2040543818091585,-0.961811686294662,0.1323990866465559,0.0
2011-07-09 20:00:00,-0.202952272423692,-0.9596120814085246,0.1339376159253403,0.0
2011-07-09 20:01:00,-0.2018996325597326,-0.9575638919664584,0.1354478307060797,0.0
2011-07-09 20:02:00,-0.2009189830733211,-0.9557167028202412,0.1369016888607042,0.0
2011-07-09 20:03:00,-0.2000339211768411,-0.9541217574613028,0.1382692527748616,0.0
2011-07-09 20:04:00,-0.1992688361464115,-0.9528312696084053,0.1395189964522765,0.0
2011-07-09 20:05:00,-0.1986485828177317,-0.951897648028343,0.1406181704698136,0.0
2011-07-09 20:06:00,-0.1981981139505877,-0.9513726384628178,0.1415332246734425,0.0
2011-07-09 20:07:00,-0.1979420733218523,-0.9513063882666264,0.1422302875531262,0.0
2011-07-09 20:08:00,-0.1979043522329024,-0.9517464411704064,0.1426757002059855,0.0
2011-07-09 20:09:00,-0.1981076129808858,-0.9527366714428316,0.1428366017014437,0.0
2011-07-09 20:10:00,-0.1985727837335424,-0.954316168617753,0.1426815615110228,0.0
2011-07-09 20:11:00,-0.1993185301521599,-0.9565180858439508,0.1421812534727342,0.0
2011-07-09 20:12:00,-0.200360710013087,-0.9593684667780132,0.1413091645413504,0.0
2011-07-09 20:13:00,-0.2017118179699973,-0.9628850677401848,0.1400423303490554,0.0
2011-07-09 20:14:00,-0.2033804284604755,-0.9670761935516288,0.1383620883857717,0.0
2011-07-09 20:15:00,-0.205370645574024,-0.9719395670299013,0.1362548384263396,0.0027008551987732776
2011-07-09 20:16:00,-0.2076815694458442,-0.977461253496534,0.1337127987058161,0.008187110070470238
2011-07-09 20:17:00,-0.2103067894025619,-0.9836146628047197,0.1307347452989881,0.014306819548033589
2011-07-09 20:18:00,-0.2132339146427838,-0.9903596522844624,0.1273267212214501,0.021025483111901666
2011-07-09 20:19:00,-0.2164441536670746,-0.997641754585768,0.1235027009637284,0.02829473367073221
2011-07-09 20:20:00,-0.2199119539588466,-1.0053915546370775,0.1192851955238942,0.03605135176820817
2011-07-09 20:21:00,-0.2236047135403528,-1.0135242397874864,0.1147057825448152,0.0442163899802972
2011-07-09 20:22:00,-0.2274825759679243,-1.021939346631114,0.109805545916201,0.05269445162202002
2011-07-09 20:23:00,-0.2314983200704057,-1.0305207269872882,0.1046354091944956,0.061373171793563275
2011-07-09 20:24:00,-0.2355973552587011,-1.0391367540021776,0.0992563474496204,0.07012295080150333
2011-07-09 20:25:00,-0.2397178325287385,-1.0476407873233868,0.0937394626887139,0.07879698987391093
2011-07-09 20:26:00,-0.243790880333845,-1.055871913763317,0.0881659088528871,0.08723167682514488
2011-07-09 20:27:00,-0.2477409733072725,-1.0636559768019318,0.0826266535499462,0.09524736508177423
2011-07-09 20:28:00,-0.2514864403666658,-1.0708069046851076,0.0772220651865438,0.10264958357642917
2011-07-09 20:29:00,-0.2549401170286939,-1.0771283427591831,0.0720613160053445,0.10923070788279676
2011-07-09 20:30:00,-0.2580101448072786,-1.0824155910623876,0.0672615937194779,0.11477211509262952
2011-07-09 20:31:00,-0.2606009183709509,-1.0864578430964966,0.0629471169650503,0.1190468368285067
2011-07-09 20:32:00,-0.2626141787070734,-1.0890407161665825,0.0592479526537792,0.12182271693003166
2011-07-09 20:33:00,-0.2639502479015782,-1.0899490577555675,0.0562986364860933,0.12286607319829002
2011-07-09 20:34:00,-0.2645093983168329,-1.08897000615927,0.0542366013571867,0.12194585655424217
2011-07-09 20:35:00,-0.2641933459675142,-1.085896277125568,0.0532004221236703,0.11883829646773147
2011-07-09 20:36:00,-0.2629068547913327,-1.080529641609981,0.0533278891576511,0.11333201896652345
2011-07-09 20:37:00,-0.2605594353306806,-1.0726845530839295,0.0547539272509667,0.1052336234091491
2011-07-09 20:38:00,-0.2570671181315,-1.0621918762287963,0.0576083806890967,0.0943737070473254
2011-07-09 20:39:00,-0.2523542789817083,-1.0489026624496942,0.0620136896275571,0.08061333284189032
2011-07-09 20:40:00,-0.2463554900140412,-1.0326919115919193,0.0680824872004255,0.06385094669828018
2011-07-09 20:41:00,-0.2390173677534575,-1.0134622536968851,0.0759151509897668,0.04402976581415552
2011-07-09 20:42:00,-0.2303003864687043,-0.991147479759229,0.0855973464968286,0.021145680286610347
2011-07-09 20:43:00,-0.220180622767333,-0.9657158464164824,0.0971976039841163,0.0
2011-07-09 20:44:00,-0.2086513953334441,-0.937173076497424,0.1107649733980655,0.0
2011-07-09 20:45:00,-0.195724762131014,-0.9055649755618784,0.1263268049250944,0.0
2011-07-09 20:46:00,-0.181432836368508,-0.8709795841758635,0.1438867049641835,0.0
2011-07-09 20:47:00,-0.1658288821296731,-0.8335487868766108,0.1634227187974834,0.0
2011-07-09 20:48:00,-0.1489881509083594,-0.7934493017855155,0.1848857918845222,0.0
2011-07-09 20:49:00,-0.1310084214284615,-0.7509029798126418,0.2081985613715226,0.0
2011-07-09 20:50:00,-0.1120102071680984,-0.7061763495471627,0.2332545279711709,0.0
2011-07-09 20:51:00,-0.0921365990210014,-0.6595793534191401,0.259917655707423,0.0
2011-07-09 20:52:00,-0.0715527145940899,-0.6114632327141163,0.2880224430152526,0.0
2011-07-09 20:53:00,-0.0504447308285468,-0.5622175336747927,0.3173745032222296,0.0
2011-07-09 20:54:00,-0.029018483004948,-0.5122662243684807,0.3477516854097721,0.0
2011-07-09 20:55:00,-0.00749762080481,-0.4620629323495353,0.3789057579576789,0.0
2011-07-09 20:56:00,0.0138786790053977,-0.4120853364948992,0.4105646666273466,0.0
2011-07-09 20:57:00,0.034858433494439,-0.3628287728073172,0.4424353667602337,0.0
2011-07-09 20:58:00,0.0551799867775708,-0.3147991435085552,0.4742072149959014,0.0
2011-07-09 20:59:00,0.0745755213247314,-0.2685052513902368,0.5055558897958512,0.0
2011-07-09 21:00:00,0.0927748989868427,-0.2244507168638661,0.5361477921400856,0.0
2011-07-09 21:01:00,0.1095097682367564,-0.1831256716119265,0.5656448593351938,0.0
2011-07-09 21:02:00,0.1245178593579319,-0.144998454525971,0.5937097094281232,0.0
2011-07-09 21:03:00,0.1375473773940091,-0.1105075529073884,0.6200110250085586,0.0
2011-07-09 21:04:00,0.1483613962060091,-0.0800540254302329,0.6442290822569133,0.0
2011-07-09 21:05:00,0.1567421569283296,-0.053994611108593,0.6660613273770969,0.0
2011-07-09 21:06:00,0.16249517903284,-0.0326356777540952,0.6852278925118999,0.0
2011-07-09 21:07:00,0.1654530992680397,-0.0162281069649091,0.7014769288352147,0.0
2011-07-09 21:08:00,0.1654791605682848,-0.0049631634645382,0.7145896236568067,0.0
2011-07-09 21:09:00,0.1624702790830659,0.0010306371529144,0.7243847679391746,0.0
2011-07-09 21:10:00,0.1563596238445364,0.0016896658958039,0.7307227514758265,0.0
2011-07-09 21:11:00,0.1471186515104815,-0.0029836661176728,0.7335088809156316,0.0
2011-07-09 21:12:00,0.1347585483333722,-0.0129207240877326,0.7326959360956297,0.0
2011-07-09 21:13:00,0.1193310424333468,-0.0279874192202236,0.7282859003586245,0.0
2011-07-09 21:14:00,0.1009285610388126,-0.047985912308989,0.7203308201874101,0.0
2011-07-09 21:15:00,0.0796837195002634,-0.0726572288944981,0.7089327686715566,0.0
2011-07-09 21:16:00,0.0557681416097542,-0.1016847591587672,0.6942429062504839,0.0
2011-07-09 21:17:00,0.0293906239064085,-0.1346986075547877,0.6764596511892658,0.0
2011-07-09 21:18:00,0.0007946701819573,-0.171280743793522,0.6558259916340363,0.0
2011-07-09 21:19:00,-0.0297445632201435,-0.2109708880334414,0.6326259909558982,0.0
2011-07-09 21:20:00,-0.061923854855342,-0.2532730397827997,0.6071805584360003,0.0
2011-07-09 21:21:00,-0.0954159645025056,-0.2976625335971103,0.5798425782407169,0.0
2011-07-09 21:22:00,-0.1298740469073455,-0.3435934781392578,0.5509915108000412,0.0
2011-07-09 21:23:00,-0.1649363273925515,-0.3905064140420148,0.5210276002201222,0.0
2011-07-09 21:24:00,-0.2002309280224241,-0.4378360165226751,0.4903658349435552,0.0
2011-07-09 21:25:00,-0.2353807379934883,-0.4850186740571496,0.4594298117720188,0.0
2011-07-09 21:26:00,-0.2700082348486101,-0.5314997926933791,0.4286456438984254,0.0
2011-07-09 21:27:00,-0.3037401780613141,-0.5767407014702806,0.3984360344515196,0.0
2011-07-09 21:28:00,-0.3362121092829247,-0.6202250625565907,0.369214613408645,0.0
2011-07-09 21:29:00,-0.3670726038289877,-0.6614647163669952,0.3413806126134075,0.0
2011-07-09 21:30:00,-0.3959872279085825,-0.700004914762146,0.3153139343270359,0.0
2011-07-09 21:31:00,-0.4226421672658437,-0.73542891350878,0.2913706542836576,0.0
2011-07-09 21:32:00,-0.4467475048929819,-0.7673619088205873,0.2698789898817085,0.0
2011-07-09 21:33:00,-0.46804013642196,-0.795474313297736,0.2511357562964247,0.0
2011-07-09 21:34:00,-0.4862863198879169,-0.8194843753370774,0.2354033260581599,0.0
2011-07-09 21:35:00,-0.5012838611644599,-0.8391601539029331,0.222907099706599,0.0025781009287764167
2011-07-09 21:36:00,-0.5128639383627867,-0.8543208672890453,0.2138334868079465,0.019126255004226156
2011-07-09 21:37:00,-0.5208925693944249,-0.8648376394651857,0.2083283896533364,0.03086077111392327
2011-07-09 21:38:00,-0.5252717275324883,-0.8706336704878814,0.2064961778306494,0.037571225213398396
2011-07-09 21:39:00,-0.5259401097286474,-0.8716838588542655,0.2083991405311375,0.03917079952362079
2011-07-09 21:40:00,-0.5228735608663195,-0.8680139045230862,0.2140574038077619,0.03569564603862152
2011-07-09 21:41:00,-0.5160851540639513,-0.8596989220873045,0.2234493010744099,0.027305073010898573
2011-07-09 21:42:00,-0.5056249235487412,-0.8468615941125714,0.2365121865360034,0.014282572696877827
2011-07-09 21:43:00,-0.4915792437910491,-0.8296698945992251,0.2531436827805962,0.0
2011-07-09 21:44:00,-0.474069847495108,-0.8083344117480671,0.2732033549796346,0.0
2011-07-09 21:45:00,-0.4532524760322846,-0.7831052980015701,0.2965148041304668,0.0
2011-07-09 21:46:00,-0.4293151588086856,-0.7542688743113751,0.3228681695093504,0.0
2011-07-09 21:47:00,-0.4024761225779263,-0.7221439153661482,0.3520230255393847,0.0
2011-07-09 21:48:00,-0.372981337734119,-0.687077643433225,0.3837116512466823,0.0
2011-07-09 21:49:00,-0.3411017161934131,-0.6494414606380987,0.4176426427195477,0.0
2011-07-09 21:50:00,-0.3071299844875965,-0.6096264531616845,0.4535048315795344,0.0
2011-07-09 21:51:00,-0.2713772657897479,-0.5680387065020026,0.4909714655214272,0.0
2011-07-09 21:52:00,-0.2341694154317736,-0.5250944792555484,0.5297045994741062,0.0
2011-07-09 21:53:00,-0.1958431659570854,-0.4812152942581792,0.5693596360175495,0.0
2011-07-09 21:54:00,-0.1567421497727298,-0.4368230200093723,0.6095899397520058,0.0
2011-07-09 21:55:00,-0.1172128790734873,-0.3923350295356578,0.6500514335402706,0.0
2011-07-09 21:56:00,-0.0776007710560415,-0.3481595329118298,0.6904070707128852,0.0
2011-07-09 21:57:00,-0.0382463074729723,-0.3046911782384117,0.730331073874785,0.0
2011-07-09 21:58:00,0.0005185905609567,-0.2623070031509438,0.7695128407558178,0.0
2011-07-09 21:59:00,0.0383739063580452,-0.2213627993360524,0.8076604367475019,0.0
2011-07-09 22:00:00,0.0750145407920072,-0.1821899316746385,0.844503616001692,0.0
2011-07-09 22:01:00,0.1101529618638851,-0.1450926346112696,0.879796334000197,0.0
2011-07-09 22:02:00,0.1435214730568573,-0.1103457916896415,0.9133187329057484,0.0
2011-07-09 22:03:00,0.1748740969914325,-0.0781931897946417,0.9448785967284876,0.0
2011-07-09 22:04:00,0.2039880833541815,-0.0488462279491847,0.97431228673163,0.0
2011-07-09 22:05:00,0.2306650600220957,-0.022483052272237,1.0014851788905497,0.027951565537943646
2011-07-09 22:06:00,0.2547318533266131,0.0007519159308807,1.0262916347804851,0.057432457463444386
2011-07-09 22:07:00,0.2760410077687401,0.0207480938151053,1.0486545450165288,0.084576173512384
2011-07-09 22:08:00,0.2944710378117089,0.0374285275359967,1.0685244902980262,0.1089899337460527
2011-07-09 22:09:00,0.3099264450059118,0.0507493944235558,1.0858785693183022,0.13038142662250207
2011-07-09 22:10:00,0.3223375326489765,0.060699250545999,1.1007189455115844,0.14855042596274814
2011-07-09 22:11:00,0.3316600475188563,0.067298055644018,1.113071166013622,0.1633807786037207
2011-07-09 22:12:00,0.3378746745384968,0.0705960048442868,1.122982306265668,0.17483290376982064
2011-07-09 22:13:00,0.3409864065865975,0.070672193713585,1.130518992110327,0.18293680303018744
2011-07-09 22:14:00,0.3410238087966685,0.0676331407688886,1.1357653478983092,0.18778550478738287
2011-07-09 22:15:00,0.3380381943342324,0.0616111896326262,1.1388209145480714,0.1895288289607786
2011-07-09 22:16:00,0.33210272588332,0.0527628110762715,1.1397985765655418,0.18836733795263716
2011-07-09 22:17:00,0.3233114533005246,0.0412668227052749,1.1388225322999477,0.18454632942977423
2011-07-09 22:18:00,0.3117782934255638,0.0273225409339074,1.136026337139538,0.1783497206555944
2011-07-09 22:19:00,0.29763595387269,0.011147876341898,1.1315510446394492,0.17009367266440223
2011-07-09 22:20:00,0.2810347997140427,-0.0070226202839952,1.1255434655479348,0.16011980790072733
2011-07-09 22:21:00,0.2621416607641609,-0.0269397574072192,1.1181545593535036,0.14878789140571125
2011-07-09 22:22:00,0.2411385778534709,-0.0483417461896466,1.1095379673594226,0.13646787863359244
2011-07-09 22:23:00,0.2182214889429548,-0.0709562871008862,1.099848690498807,0.12353128790771284
2011-07-09 22:24:00,0.1935988592674851,-0.094502698678066,1.0892419094174548,0.11034193634145506
2011-07-09 22:25:00,0.167490262108976,-0.1186940878665075,1.0778719392569098,0.09724618560888487
2011-07-09 22:26:00,0.1401249168315371,-0.1432395629746223,1.065891307560518,0.08456297385226885
2011-07-09 22:27:00,0.1117401886033366,-0.1678464918522369,1.053449941089461,0.07257405010451445
2011-07-09 22:28:00,0.0825800512693211,-0.1922228077677221,1.0406944460718954,0.06151495645546112
2011-07-09 22:29:00,0.052893512552324,-0.2160793631030259,1.0277674663069774,0.05156739186235515
2011-07-09 22:30:00,0.0229329996079511,-0.2391323271584264,1.0148071043287394,0.04285360974554053
2011-07-09 22:31:00,-0.0070472974178154,-0.2611056200985043,1.0019463921890908,0.03543342715437525
2011-07-09 22:32:00,-0.0367931261879092,-0.2817333710179956,0.9893127999793598,0.02930425175593432
2011-07-09 22:33:00,-0.0660519193018165,-0.300762384469607,0.9770277715773896,0.02440428268763939
2011-07-09 22:34:00,-0.0945745893377455,-0.3179545971936252,0.9652062777967486,0.020618752288638742
2011-07-09 22:35:00,-0.1221173746820105,-0.3330895069149582,0.9539563765968894,0.017788799931470534
2011-07-09 22:36:00,-0.1484437428563678,-0.3459665588525841,0.943378768288866,0.015722356303987217
2011-07-09 22:37:00,-0.1733263615102364,-0.3564074803149591,0.9335663319274072,0.014206298406408635
2011-07-09 22:38:00,-0.1965491449805169,-0.3642585541437046,0.924603629201901,0.01301911719017479
2011-07-09 22:39:00,-0.2179093739203632,-0.3693928148747353,0.9165663651540376,0.011943401903055761
2011-07-09 22:40:00,-0.2372198701250762,-0.3717121395160269,0.90952080031732,0.010777555971440478
2011-07-09 22:41:00,-0.2543111941327608,-0.3711491927190636,0.9035231149515852,0.009346286449332997
2011-07-09 22:42:00,-0.2690338232560222,-0.367669177410377,0.8986187319391903,0.007509527233055202
2011-07-09 22:43:00,-0.2812602625709876,-0.3612713373695352,0.8948416103174416,0.005169548912911326
2011-07-09 22:44:00,-0.2908870392962171,-0.3519901569087141,0.8922135262199854,0.002276068037664336
2011-07-09 22:45:00,-0.2978365306730439,-0.3398962039025876,0.890743361836736,0.0
2011-07-09 22:46:00,-0.3020585767948922,-0.3250965656475256,0.8904264254433217,0.0
2011-07-09 22:47:00,-0.3035318328240395,-0.3077348321960864,0.8912438265643225,0.0
2011-07-09 22:48:00,-0.3022648189919733,-0.2879905885568483,0.8931619304248996,0.0
2011-07-09 22:49:00,-0.2982966307979208,-0.2660783851837057,0.8961319155982526,0.0
2011-07-09 22:50:00,-0.2916972755412566,-0.2422461654294392,0.9000894584158564,0.0
2011-07-09 22:51:00,-0.2825676049919443,-0.2167731391133682,0.9049545672214112,0.0
2011-07-09 22:52:00,-0.2710388181281772,-0.189967103034171,0.9106315887633584,0.0
2011-07-09 22:53:00,-0.2572715130055111,-0.162161222132028,0.9170094077501496,0.0
2011-07-09 22:54:00,-0.2414542733781073,-0.1337102991225196,0.9239618586776204,0.0
2011-07-09 22:55:00,-0.2238017837788567,-0.1049865759128892,0.9313483664267668,0.0
2011-07-09 22:56:00,-0.2045524762083117,-0.076375127042045,0.9390148289199745,0.0
2011-07-09 22:57:00,-0.1839657218211054,-0.0482689234651847,0.9467947516108652,0.0
2011-07-09 22:58:00,-0.1623185907008725,-0.0210636628223943,0.9545106402809156,0.0
2011-07-09 22:59:00,-0.1399022104987421,0.004847523651356,0.961975655809737,0.0
2011-07-09 23:00:00,-0.1170177611855046,0.0290793723522064,0.9689955313881442,0.0
2011-07-09 23:01:00,-0.093972152764693,0.0512596887248471,0.9753707468839756,0.0
2011-07-09 23:02:00,-0.0710734499128205,0.0710343589264994,0.9808989450803096,0.0
2011-07-09 23:03:00,-0.0486261313397303,0.0880721046273718,0.9853775612360736,0.0
2011-07-09 23:04:00,-0.0269262953459217,0.1020689344610567,0.98860662439012,0.0
2011-07-09 23:05:00,-0.0062569385374051,0.1127522580898721,0.9903916796918334,0.0
2011-07-09 23:06:00,0.0131165618910515,0.1198846304119116,0.9905467770497856,0.0
2011-07-09 23:07:00,0.0309506391674191,0.1232670864105151,0.988897471205208,0.0
2011-07-09 23:08:00,0.0470272926221144,0.122742017289164,0.9852837798728216,0.0
2011-07-09 23:09:00,0.0611573179111988,0.118195531377185,0.9795630483999836,0.0
2011-07-09 23:10:00,0.0731829416302905,0.1095592421659255,0.9716126706795472,0.0
2011-07-09 23:11:00,0.0829798099525111,0.0968114316098566,0.9613326165070076,0.0
2011-07-09 23:12:00,0.0904582998485313,0.0799775481564148,0.9486477154316612,0.0
2011-07-09 23:13:00,0.0955641394451498,0.0591300134901157,0.9335096469565916,0.0
2011-07-09 23:14:00,0.0982783412681089,0.0343873278291297,0.915898587210303,0.0
2011-07-09 23:15:00,0.0986164686550247,0.0059124799271643,0.8958244633153474,0.0
2011-07-09 23:16:00,0.096627271633787,-0.0260893156074289,0.8733277688476696,0.0
2011-07-09 23:17:00,0.0923907438991654,-0.0613735151141107,0.8484798972350519,0.0
2011-07-09 23:18:00,0.086015666578027,-0.0996597245230258,0.8213829551412594,0.0
2011-07-09 23:19:00,0.0776367162280737,-0.1406356980710369,0.7921690255022956,0.0
2011-07-09 23:20:00,0.0674112228202772,-0.1839617903126837,0.760998860385919,0.0
2011-07-09 23:21:00,0.0555156674615729,-0.229275791986533,0.7280599971920297,0.0
2011-07-09 23:22:00,0.0421420093035615,-0.2761980773062665,0.6935643075846875,0.0
2011-07-09 23:23:00,0.0274939274730285,-0.3243369854565628,0.6577450066826641,0.0
2011-07-09 23:24:00,0.011783058356846,-0.3732943522273282,0.6208531702506994,0.0
2011-07-09 23:25:00,-0.0047746978380731,-0.4226710989792325,0.5831538297435506,0.0
2011-07-09 23:26:00,-0.0219627341559893,-0.4720727759261094,0.5449217385416661,0.0
2011-07-09 23:27:00,-0.0395670975890234,-0.521114946775396,0.5064369254551117,0.0
2011-07-09 23:28:00,-0.0573796010329997,-0.569428296231572,0.4679801685171258,0.0
2011-07-09 23:29:00,-0.075200642793918,-0.6166633456900903,0.4298285271021027,0.0
2011-07-09 23:30:00,-0.0928416996259067,-0.6624946772107387,0.3922510612637188,0.0
2011-07-09 23:31:00,-0.1101274694295347,-0.7066245880673643,0.3555048478760934,0.0
2011-07-09 23:32:00,-0.1268976496173019,-0.7487861224348871,0.3198313801501891,0.0
2011-07-09 23:33:00,-0.1430083462457837,-0.7887454495504962,0.2854534147182856,0.0
2011-07-09 23:34:00,-0.1583331170876759,-0.8263035778126271,0.2525723101760316,0.0
2011-07-09 23:35:00,-0.1727636588224372,-0.8612974116663353,0.2213658829166582,0.0
2011-07-09 23:36:00,-0.1862101544841337,-0.8936001728791444,0.1919867902394364,0.0
2011-07-09 23:37:00,-0.1986013022593534,-0.9231212200708954,0.1645614369998803,0.0
2011-07-09 23:38:00,-0.2098840507224323,-0.949805310272596,0.1391893904067729,0.0
2011-07-09 23:39:00,-0.2200230686795356,-0.9736313540123032,0.1159432778556214,0.004893530652325451
2011-07-09 23:40:00,-0.2289999800199437,-0.9946107211277864,0.0948691347975897,0.02503250200601581
2011-07-09 23:41:00,-0.2368123953985202,-1.012785158357859,0.0759871634421268,0.04287484225688343
2011-07-09 23:42:00,-0.2434727732609661,-1.028224381941868,0.0592928584412348,0.05831942909560839
2011-07-09 23:43:00,-0.2490071427449189,-1.041023409137137,0.0447584524705789,0.07132516752714091
2011-07-09 23:44:00,-0.2534537204236017,-1.0512996919244832,0.0323346326828962,0.08190358124364128
2011-07-09 23:45:00,-0.2568614517847082,-1.0591901143870408,0.0219524782400953,0.09011165259759624
2011-07-09 23:46:00,-0.2592885068337621,-1.064847912487656,0.0135255694060571,0.09604495689417702
2011-07-09 23:47:00,-0.2608007573528477,-1.0684395713987518,0.0069522198726117,0.09983111709376757
2011-07-09 23:48:00,-0.261470261202719,-1.0701417513116525,0.0021177859663929,0.10162359742844473
2011-07-09 23:49:00,-0.2613737766948525,-1.070138287916444,-0.0011029909827064,0.10159585284149308
2011-07-09 23:50:00,-0.2605913275416898,-1.0686173086353716,-0.0028436496618222,0.09993585206067546
2011-07-09 23:51:00,-0.2592048362753847,-1.0657685003404582,-0.0032437181453206,0.09684099356921583
2011-07-09 23:52:00,-0.2572968413605138,-1.0617805588094382,-0.0024465006752916,0.09251343470244544
2011-07-09 23:53:00,-0.2549493105623889,-1.056838844683735,-0.0005969708011964,0.08715585403511783
2011-07-09 23:54:00,-0.2522425605128207,-1.051123265286137,0.0021602044020684,0.08096766586374526
2011-07-09 23:55:00,-0.2492542898773611,-1.0448063964181502,0.0056824885820674,0.0741417028004423
2011-07-09 23:56:00,-0.2460587311050142,-1.0380518532588623,0.0098311325895163,0.0668613782376608
2011-07-09 23:57:00,-0.242725923460862,-1.031012914788458,0.0144726510733732,0.05929833475259083
2011-07-09 23:58:00,-0.2393211079267452,-1.0238314018093082,0.0194801110207891,0.0516105775216793
2011-07-09 23:59:00,-0.2359042426229848,-1.0166368046745464,0.0247342278045186,0.043941083745381526
2011-07-10 00:00:00,-0.2325296356684095,-1.0095456532866902,0.0301242677719336,0.03641687030023233
2011-07-10 00:01:00,-0.2292456908655957,-1.0026611188156436,0.0355487595839516,0.02914849281969034
2011-07-10 00:02:00,-0.2260947602780423,-0.9960728339152384,0.0409160193598712,0.02222994073220952
2011-07-10 00:03:00,-0.2231130966570433,-0.9898569159908172,0.046144497184718,0.015738885075872844
2011-07-10 00:04:00,-0.2203308977757958,-0.9840761762812472,0.0511629546778268,0.009737229763453703
2011-07-10 00:05:00,-0.2177724340313849,-0.9787804961564692,0.0559104851026982,0.004271912892457985
2011-07-10 00:06:00,-0.2154562501739061,-0.9740073510814268,0.0603363889244633,0.0
2011-07-10 00:07:00,-0.2133954317062633,-0.969782462138619,0.0643999188058586,0.0
2011-07-10 00:08:00,-0.2115979263561502,-0.9661205548074334,0.0680699087948608,0.0
2011-07-10 00:09:00,-0.2100669110395822,-0.9630262048366464,0.0713243029195496,0.0
2011-07-10 00:10:00,-0.2088011948980341,-0.9604947514832534,0.0741495985913449,0.0
2011-07-10 00:11:00,-0.2077956492829536,-0.9585132590922872,0.0765402201498187,0.0
2011-07-10 00:12:00,-0.2070416559658842,-0.9570615089242076,0.0784978375851537,0.0
2011-07-10 00:13:00,-0.2065275653531815,-0.9561130042635952,0.0800306449736226,0.0
2011-07-10 00:14:00,-0.2062391570648955,-0.9556359731292018,0.0811526124836218,0.0
2011-07-10 00:15:00,-0.2061600958817073,-0.9555943543146967,0.0818827249816704,0.0
2011-07-10 00:16:00,-0.2062723767562208,-0.9559487539868248,0.0822442193161229,0.0
2011-07-10 00:17:00,-0.2065567533105247,-0.9566573616212856,0.0822638313074503,0.0
2011-07-10 00:18:00,-0.206993144986697,-0.9576768156385136,0.0819710623531949,0.0
2011-07-10 00:19:00,-0.2075610187677752,-0.9589630106874634,0.0813974743873056,0.0
2011-07-10 00:20:00,-0.2082397421316988,-0.9604718400937788,0.0805760207401776,0.0
2011-07-10 00:21:00,-0.2090089046290957,-0.962159868518326,0.0795404192483505,0.0
2011-07-10 00:22:00,-0.2098486061779898,-0.9639849313424618,0.0783245727805164,0.0
2011-07-10 00:23:00,-0.2107397108362949,-0.9659066586890616,0.0769620411962349,0.0
2011-07-10 00:24:00,-0.2116640654393487,-0.9678869232887144,0.0754855676502279,0.0
2011-07-10 00:25:00,-0.2126046830690144,-0.9698902125977986,0.0739266611104281,0.0
2011-07-10 00:26:00,-0.2135458918485616,-0.9718839266610872,0.0723152359817666,0.0
2011-07-10 00:27:00,-0.2144734500302891,-0.973838604178842,0.0706793088277715,0.0
2011-07-10 00:28:00,-0.2153746287585145,-0.9757280800811482,0.0690447513644676,0.0015980704168179205
2011-07-10 00:29:00,-0.21623826424805,-0.9775295786272123,0.0674350981696709,0.0034293978558024296
2011-07-10 00:30:00,-0.2170547814175618,-0.9792237466349664,0.0658714069069946,0.005152210542240798
2011-07-10 00:31:00,-0.2178161912590044,-0.980794631910116,0.0643721683074222,0.006750107628937796
2011-07-10 00:32:00,-0.2185160644101193,-0.9822296122891572,0.0629532626814738,0.008209995459893316
2011-07-10 00:33:00,-0.219149483528984,-0.9835192809439988,0.0616279593513425,0.009522004462226397
2011-07-10 00:34:00,-0.2197129771506902,-0.98465729372277,0.0604069550940832,0.010679364899475852
2011-07-10 00:35:00,-0.2202044377398627,-0.9856401843284884,0.0592984474715501,0.01167824590428057
2011-07-10 00:36:00,-0.220623026642702,-0.9864671530731768,0.0583082387858357,0.012517562656367387
2011-07-10 00:37:00,-0.2209690685925849,-0.9871398348018912,0.0574398663347418,0.013198756894190256
2011-07-10 00:38:00,-0.2212439383382711,-0.9876620513723448,0.0566947546443839,0.013725556142609951
2011-07-10 00:39:00,-0.2214499418478762,-0.988039553812052,0.0560723854196738,0.01410371710599656
2011-07-10 00:40:00,0.0,0.0,0.0,0.0
2011-07-10 00:41:00,0.0,0.0,0.0,0.0
2011-07-10 00:42:00,0.0,0.0,0.0,0.0
2011-07-10 00:43:00,0.0,0.0,0.0,0.0
2011-07-10 00:44:00,0.0,0.0,0.0,0.0
2011-07-10 00:45:00,0.0,0.0,0.0,0.0
2011-07-10 00:46:00,0.0,0.0,0.0,0.0
2011-07-10 00:47:00,0.0,0.0,0.0,0.0
2011-07-10 00:48:00,0.0,0.0,0.0,0.0
2011-07-10 00:49:00,0.0,0.0,0.0,0.0
2011-07-10 00:50:00,0.0,0.0,0.0,0.0
2011-07-10 00:51:00,0.0,0.0,0.0,0.0
2011-07-10 00:52:00,0.0,0.0,0.0,0.0
2011-07-10 00:53:00,0.0,0.0,0.0,0.0
2011-07-10 00:54:00,0.0,0.0,0.0,0.0
2011-07-10 00:55:00,0.0,0.0,0.0,0.0
2011-07-10 00:56:00,0.0,0.0,0.0,0.0
2011-07-10 00:57:00,0.0,0.0,0.0,0.0
2011-07-10 00:58:00,0.0,0.0,0.0,0.0
2011-07-10 00:59:00,0.0,0.0,0.0,0.0
2011-07-10 01:00:00,0.0,0.0,0.0,0.0
2011-07-10 01:01:00,0.0,0.0,0.0,0.0
2011-07-10 01:02:00,0.0,0.0,0.0,0.0
2011-07-10 01:03:00,0.0,0.0,0.0,0.0
2011-07-10 01:04:00,0.0,0.0,0.0,0.0
2011-07-10 01:05:00,0.0,0.0,0.0,0.0
2011-07-10 01:06:00,0.0,0.0,0.0,0.0
2011-07-10 01:07:00,0.0,0.0,0.0,0.0
2011-07-10 01:08:00,0.0,0.0,0.0,0.0
2011-07-10 01:09:00,0.0,0.0,0.0,0.0
2011-07-10 01:10:00,0.0,0.0,0.0,0.0
2011-07-10 01:11:00,0.0,0.0,0.0,0.0
2011-07-10 01:12:00,0.0,0.0,0.0,0.0
2011-07-10 01:13:00,0.0,0.0,0.0,0.0
2011-07-10 01:14:00,0.0,0.0,0.0,0.0
2011-07-10 01:15:00,0.0,0.0,0.0,0.0
2011-07-10 01:16:00,0.0,0.0,0.0,0.0
2011-07-10 01:17:00,0.0,0.0,0.0,0.0
2011-07-10 01:18:00,0.0,0.0,0.0,0.0
2011-07-10 01:19:00,0.0,0.0,0.0,0.0
2011-07-10 01:20:00,0.0,0.0,0.0,0.0
2011-07-10 01:21:00,0.0,0.0,0.0,0.0
2011-07-10 01:22:00,0.0,0.0,0.0,0.0
2011-07-10 01:23:00,0.0,0.0,0.0,0.0
2011-07-10 01:24:00,0.0,0.0,0.0,0.0
2011-07-10 01:25:00,0.0,0.0,0.0,0.0
2011-07-10 01:26:00,0.0,0.0,0.0,0.0
2011-07-10 01:27:00,0.0,0.0,0.0,0.0
2011-07-10 01:28:00,0.0,0.0,0.0,0.0
2011-07-10 01:29:00,0.0,0.0,0.0,0.0
2011-07-10 01:30:00,0.0,0.0,0.0,0.0
2011-07-10 01:31:00,0.0,0.0,0.0,0.0
2011-07-10 01:32:00,0.0,0.0,0.0,0.0
2011-07-10 01:33:00,0.0,0.0,0.0,0.0
2011-07-10 01:34:00,0.0,0.0,0.0,0.0
2011-07-10 01:35:00,0.0,0.0,0.0,0.0
2011-07-10 01:36:00,0.0,0.0,0.0,0.0
2011-07-10 01:37:00,0.0,0.0,0.0,0.0
2011-07-10 01:38:00,0.0,0.0,0.0,0.0
2011-07-10 01:39:00,0.0,0.0,0.0,0.0
2011-07-10 01:40:00,0.0,0.0,0.0,0.0
2011-07-10 01:41:00,0.0,0.0,0.0,0.0
2011-07-10 01:42:00,0.0,0.0,0.0,0.0
2011-07-10 01:43:00,0.0,0.0,0.0,0.0
2011-07-10 01:44:00,0.0,0.0,0.0,0.0
2011-07-10 01:45:00,0.0,0.0,0.0,0.0
2011-07-10 01:46:00,0.0,0.0,0.0,0.0
2011-07-10 01:47:00,0.0,0.0,0.0,0.0
2011-07-10 01:48:00,0.0,0.0,0.0,0.0
2011-07-10 01:49:00,0.0,0.0,0.0,0.0
2011-07-10 01:50:00,0.0,0.0,0.0,0.0
2011-07-10 01:51:00,0.0,0.0,0.0,0.0
2011-07-10 01:52:00,0.0,0.0,0.0,0.0
2011-07-10 01:53:00,0.0,0.0,0.0,0.0
2011-07-10 01:54:00,0.0,0.0,0.0,0.0
2011-07-10 01:55:00,0.0,0.0,0.0,0.0
2011-07-10 01:56:00,0.0,0.0,0.0,0.0
2011-07-10 01:57:00,0.0,0.0,0.0,0.0
2011-07-10 01:58:00,0.0,0.0,0.0,0.0
2011-07-10 01:59:00,0.0,0.0,0.0,0.0
2011-07-10 02:00:00,0.0,0.0,0.0,0.0
2011-07-10 02:01:00,0.0,0.0,0.0,0.0
2011-07-10 02:02:00,0.0,0.0,0.0,0.0
2011-07-10 02:03:00,0.0,0.0,0.0,0.0
2011-07-10 02:04:00,0.0,0.0,0.0,0.0
2011-07-10 02:05:00,0.0,0.0,0.0,0.0
2011-07-10 02:06:00,0.0,0.0,0.0,0.0
2011-07-10 02:07:00,0.0,0.0,0.0,0.0
2011-07-10 02:08:00,0.0,0.0,0.0,0.0
2011-07-10 02:09:00,0.0,0.0,0.0,0.0
2011-07-10 02:10:00,0.0,0.0,0.0,0.0
2011-07-10 02:11:00,0.0,0.0,0.0,0.0
2011-07-10 02:12:00,0.0,0.0,0.0,0.0
2011-07-10 02:13:00,0.0,0.0,0.0,0.0
2011-07-10 02:14:00,0.0,0.0,0.0,0.0
2011-07-10 02:15:00,0.0,0.0,0.0,0.0
2011-07-10 02:16:00,0.0,0.0,0.0,0.0
2011-07-10 02:17:00,0.0,0.0,0.0,0.0
2011-07-10 02:18:00,0.0,0.0,0.0,0.0
2011-07-10 02:19:00,0.0,0.0,0.0,0.0
2011-07-10 02:20:00,0.0,0.0,0.0,0.0
2011-07-10 02:21:00,0.0,0.0,0.0,0.0
2011-07-10 02:22:00,0.0,0.0,0.0,0.0
2011-07-10 02:23:00,0.0,0.0,0.0,0.0
2011-07-10 02:24:00,0.0,0.0,0.0,0.0
2011-07-10 02:25:00,0.0,0.0,0.0,0.0
2011-07-10 02:26:00,0.0,0.0,0.0,0.0
2011-07-10 02:27:00,0.0,0.0,0.0,0.0
2011-07-10 02:28:00,0.0,0.0,0.0,0.0
2011-07-10 02:29:00,0.0,0.0,0.0,0.0
2011-07-10 02:30:00,0.0,0.0,0.0,0.0
2011-07-10 02:31:00,0.0,0.0,0.0,0.0
2011-07-10 02:32:00,0.0,0.0,0.0,0.0
2011-07-10 02:33:00,0.0,0.0,0.0,0.0
2011-07-10 02:34:00,0.0,0.0,0.0,0.0
2011-07-10 02:35:00,0.0,0.0,0.0,0.0
2011-07-10 02:36:00,0.0,0.0,0.0,0.0
2011-07-10 02:37:00,0.0,0.0,0.0,0.0
2011-07-10 02:38:00,0.0,0.0,0.0,0.0
2011-07-10 02:39:00,0.0,0.0,0.0,0.0
2011-07-10 02:40:00,0.0,0.0,0.0,0.0
2011-07-10 02:41:00,0.0,0.0,0.0,0.0
2011-07-10 02:42:00,0.0,0.0,0.0,0.0
2011-07-10 02:43:00,0.0,0.0,0.0,0.0
2011-07-10 02:44:00,0.0,0.0,0.0,0.0
2011-07-10 02:45:00,0.0,0.0,0.0,0.0
2011-07-10 02:46:00,0.0,0.0,0.0,0.0
2011-07-10 02:47:00,0.0,0.0,0.0,0.0
2011-07-10 02:48:00,0.0,0.0,0.0,0.0
2011-07-10 02:49:00,0.0,0.0,0.0,0.0
2011-07-10 02:50:00,0.0,0.0,0.0,0.0
2011-07-10 02:51:00,0.0,0.0,0.0,0.0
2011-07-10 02:52:00,0.0,0.0,0.0,0.0
2011-07-10 02:53:00,0.0,0.0,0.0,0.0
2011-07-10 02:54:00,0.0,0.0,0.0,0.0
2011-07-10 02:55:00,0.0,0.0,0.0,0.0
2011-07-10 02:56:00,0.0,0.0,0.0,0.0
2011-07-10 02:57:00,0.0,0.0,0.0,0.0
2011-07-10 02:58:00,0.0,0.0,0.0,0.0
2011-07-10 02:59:00,0.0,0.0,0.0,0.0
2011-07-10 03:00:00,0.0,0.0,0.0,0.0
2011-07-10 03:01:00,0.0,0.0,0.0,0.0
2011-07-10 03:02:00,0.0,0.0,0.0,0.0
2011-07-10 03:03:00,0.0,0.0,0.0,0.0
2011-07-10 03:04:00,0.0,0.0,0.0,0.0
2011-07-10 03:05:00,0.0,0.0,0.0,0.0
2011-07-10 03:06:00,0.0,0.0,0.0,0.0
2011-07-10 03:07:00,0.0,0.0,0.0,0.0
2011-07-10 03:08:00,0.0,0.0,0.0,0.0
2011-07-10 03:09:00,0.0,0.0,0.0,0.0
2011-07-10 03:10:00,0.0,0.0,0.0,0.0
2011-07-10 03:11:00,0.0,0.0,0.0,0.0
2011-07-10 03:12:00,0.0,0.0,0.0,0.0
2011-07-10 03:13:00,0.0,0.0,0.0,0.0
2011-07-10 03:14:00,0.0,0.0,0.0,0.0
2011-07-10 03:15:00,0.0,0.0,0.0,0.0
2011-07-10 03:16:00,0.0,0.0,0.0,0.0
2011-07-10 03:17:00,0.0,0.0,0.0,0.0
2011-07-10 03:18:00,0.0,0.0,0.0,0.0
2011-07-10 03:19:00,0.0,0.0,0.0,0.0
2011-07-10 03:20:00,0.0,0.0,0.0,0.0
2011-07-10 03:21:00,0.0,0.0,0.0,0.0
2011-07-10 03:22:00,0.0,0.0,0.0,0.0
2011-07-10 03:23:00,0.0,0.0,0.0,0.0
2011-07-10 03:24:00,0.0,0.0,0.0,0.0
2011-07-10 03:25:00,0.0,0.0,0.0,0.0
2011-07-10 03:26:00,0.0,0.0,0.0,0.0
2011-07-10 03:27:00,0.0,0.0,0.0,0.0
2011-07-10 03:28:00,0.0,0.0,0.0,0.0
2011-07-10 03:29:00,0.0,0.0,0.0,0.0
2011-07-10 03:30:00,0.0,0.0,0.0,0.0
2011-07-10 03:31:00,0.0,0.0,0.0,0.0
2011-07-10 03:32:00,0.0,0.0,0.0,0.0
2011-07-10 03:33:00,0.0,0.0,0.0,0.0
2011-07-10 03:34:00,0.0,0.0,0.0,0.0
2011-07-10 03:35:00,0.0,0.0,0.0,0.0
2011-07-10 03:36:00,0.0,0.0,0.0,0.0
2011-07-10 03:37:00,0.0,0.0,0.0,0.0
2011-07-10 03:38:00,0.0,0.0,0.0,0.0
2011-07-10 03:39:00,0.0,0.0,0.0,0.0
2011-07-10 03:40:00,0.0,0.0,0.0,0.0
2011-07-10 03:41:00,0.0,0.0,0.0,0.0
2011-07-10 03:42:00,0.0,0.0,0.0,0.0
2011-07-10 03:43:00,0.0,0.0,0.0,0.0
2011-07-10 03:44:00,0.0,0.0,0.0,0.0
2011-07-10 03:45:00,0.0,0.0,0.0,0.0
2011-07-10 03:46:00,0.0,0.0,0.0,0.0
2011-07-10 03:47:00,0.0,0.0,0.0,0.0
2011-07-10 03:48:00,0.0,0.0,0.0,0.0
2011-07-10 03:49:00,0.0,0.0,0.0,0.0
2011-07-10 03:50:00,0.0,0.0,0.0,0.0
2011-07-10 03:51:00,0.0,0.0,0.0,0.0
2011-07-10 03:52:00,0.0,0.0,0.0,0.0
2011-07-10 03:53:00,0.0,0.0,0.0,0.0
2011-07-10 03:54:00,0.0,0.0,0.0,0.0
2011-07-10 03:55:00,0.0,0.0,0.0,0.0
2011-07-10 03:56:00,0.0,0.0,0.0,0.0
2011-07-10 03:57:00,0.0,0.0,0.0,0.0
2011-07-10 03:58:00,0.0,0.0,0.0,0.0
2011-07-10 03:59:00,0.0,0.0,0.0,0.0
2011-07-10 04:00:00,0.0,0.0,0.0,0.0
2011-07-10 04:01:00,0.0,0.0,0.0,0.0
2011-07-10 04:02:00,0.0,0.0,0.0,0.0
2011-07-10 04:03:00,0.0,0.0,0.0,0.0
2011-07-10 04:04:00,0.0,0.0,0.0,0.0
2011-07-10 04:05:00,0.0,0.0,0.0,0.0
2011-07-10 04:06:00,0.0,0.0,0.0,0.0
2011-07-10 04:07:00,0.0,0.0,0.0,0.0
2011-07-10 04:08:00,0.0,0.0,0.0,0.0
2011-07-10 04:09:00,0.0,0.0,0.0,0.0
2011-07-10 04:10:00,0.0,0.0,0.0,0.0
2011-07-10 04:11:00,0.0,0.0,0.0,0.0
2011-07-10 04:12:00,0.0,0.0,0.0,0.0
2011-07-10 04:13:00,0.0,0.0,0.0,0.0
2011-07-10 04:14:00,0.0,0.0,0.0,0.0
2011-07-10 04:15:00,0.0,0.0,0.0,0.0
2011-07-10 04:16:00,0.0,0.0,0.0,0.0
2011-07-10 04:17:00,0.0,0.0,0.0,0.0
2011-07-10 04:18:00,0.0,0.0,0.0,0.0
2011-07-10 04:19:00,0.0,0.0,0.0,0.0
2011-07-10 04:20:00,0.0,0.0,0.0,0.0
2011-07-10 04:21:00,0.0,0.0,0.0,0.0
2011-07-10 04:22:00,0.0,0.0,0.0,0.0
2011-07-10 04:23:00,0.0,0.0,0.0,0.0
2011-07-10 04:24:00,0.0,0.0,0.0,0.0
2011-07-10 04:25:00,0.0,0.0,0.0,0.0
2011-07-10 04:26:00,0.0,0.0,0.0,0.0
2011-07-10 04:27:00,0.0,0.0,0.0,0.0
2011-07-10 04:28:00,0.0,0.0,0.0,0.0
2011-07-10 04:29:00,0.0,0.0,0.0,0.0
2011-07-10 04:30:00,0.0,0.0,0.0,0.0
2011-07-10 04:31:00,0.0,0.0,0.0,0.0
2011-07-10 04:32:00,0.0,0.0,0.0,0.0
2011-07-10 04:33:00,0.0,0.0,0.0,0.0
2011-07-10 04:34:00,0.0,0.0,0.0,0.0
2011-07-10 04:35:00,0.0,0.0,0.0,0.0
2011-07-10 04:36:00,0.0,0.0,0.0,0.0
2011-07-10 04:37:00,0.0,0.0,0.0,0.0
2011-07-10 04:38:00,0.0,0.0,0.0,0.0
2011-07-10 04:39:00,0.0,0.0,0.0,0.0
2011-07-10 04:40:00,0.0,0.0,0.0,0.0
2011-07-10 04:41:00,0.0,0.0,0.0,0.0
2011-07-10 04:42:00,0.0,0.0,0.0,0.0
2011-07-10 04:43:00,0.0,0.0,0.0,0.0
2011-07-10 04:44:00,0.0,0.0,0.0,0.0
2011-07-10 04:45:00,0.0,0.0,0.0,0.0
2011-07-10 04:46:00,0.0,0.0,0.0,0.0
2011-07-10 04:47:00,0.0,0.0,0.0,0.0
2011-07-10 04:48:00,0.0,0.0,0.0,0.0
2011-07-10 04:49:00,0.0,0.0,0.0,0.0
2011-07-10 04:50:00,0.0,0.0,0.0,0.0
2011-07-10 04:51:00,0.0,0.0,0.0,0.0
2011-07-10 04:52:00,0.0,0.0,0.0,0.0
2011-07-10 04:53:00,0.0,0.0,0.0,0.0
2011-07-10 04:54:00,0.0,0.0,0.0,0.0
2011-07-10 04:55:00,0.0,0.0,0.0,0.0
2011-07-10 04:56:00,0.0,0.0,0.0,0.0
2011-07-10 04:57:00,0.0,0.0,0.0,0.0
2011-07-10 04:58:00,0.0,0.0,0.0,0.0
2011-07-10 04:59:00,0.0,0.0,0.0,0.0
2011-07-10 05:00:00,0.0,0.0,0.0,0.0
2011-07-10 05:01:00,0.0,0.0,0.0,0.0
2011-07-10 05:02:00,0.0,0.0,0.0,0.0
2011-07-10 05:03:00,0.0,0.0,0.0,0.0
2011-07-10 05:04:00,0.0,0.0,0.0,0.0
2011-07-10 05:05:00,0.0,0.0,0.0,0.0
2011-07-10 05:06:00,0.0,0.0,0.0,0.0
2011-07-10 05:07:00,0.0,0.0,0.0,0.0
2011-07-10 05:08:00,0.0,0.0,0.0,0.0
2011-07-10 05:09:00,0.0,0.0,0.0,0.0
2011-07-10 05:10:00,0.0,0.0,0.0,0.0
2011-07-10 05:11:00,0.0,0.0,0.0,0.0
2011-07-10 05:12:00,0.0,0.0,0.0,0.0
2011-07-10 05:13:00,0.0,0.0,0.0,0.0
2011-07-10 05:14:00,0.0,0.0,0.0,0.0
2011-07-10 05:15:00,0.0,0.0,0.0,0.0
2011-07-10 05:16:00,0.0,0.0,0.0,0.0
2011-07-10 05:17:00,0.0,0.0,0.0,0.0
2011-07-10 05:18:00,0.0,0.0,0.0,0.0
2011-07-10 05:19:00,0.0,0.0,0.0,0.0
2011-07-10 05:20:00,0.0,0.0,0.0,0.0
2011-07-10 05:21:00,0.0,0.0,0.0,0.0
2011-07-10 05:22:00,0.0,0.0,0.0,0.0
2011-07-10 05:23:00,0.0,0.0,0.0,0.0
2011-07-10 05:24:00,0.0,0.0,0.0,0.0
2011-07-10 05:25:00,0.0,0.0,0.0,0.0
2011-07-10 05:26:00,0.0,0.0,0.0,0.0
2011-07-10 05:27:00,0.0,0.0,0.0,0.0
2011-07-10 05:28:00,0.0,0.0,0.0,0.0
2011-07-10 05:29:00,0.0,0.0,0.0,0.0
2011-07-10 05:30:00,0.0,0.0,0.0,0.0
2011-07-10 05:31:00,0.0,0.0,0.0,0.0
2011-07-10 05:32:00,0.0,0.0,0.0,0.0
2011-07-10 05:33:00,0.0,0.0,0.0,0.0
2011-07-10 05:34:00,0.0,0.0,0.0,0.0
2011-07-10 05:35:00,0.0,0.0,0.0,0.0
2011-07-10 05:36:00,0.0,0.0,0.0,0.0
2011-07-10 05:37:00,0.0,0.0,0.0,0.0
2011-07-10 05:38:00,0.0,0.0,0.0,0.0
2011-07-10 05:39:00,0.0,0.0,0.0,0.0
2011-07-10 05:40:00,0.0,0.0,0.0,0.0
2011-07-10 05:41:00,0.0,0.0,0.0,0.0
2011-07-10 05:42:00,0.0,0.0,0.0,0.0
2011-07-10 05:43:00,0.0,0.0,0.0,0.0
2011-07-10 05:44:00,0.0,0.0,0.0,0.0
2011-07-10 05:45:00,0.0,0.0,0.0,0.0
2011-07-10 05:46:00,0.0,0.0,0.0,0.0
2011-07-10 05:47:00,0.0,0.0,0.0,0.0
2011-07-10 05:48:00,0.0,0.0,0.0,0.0
2011-07-10 05:49:00,0.0,0.0,0.0,0.0
2011-07-10 05:50:00,0.0,0.0,0.0,0.0
2011-07-10 05:51:00,0.0,0.0,0.0,0.0
2011-07-10 05:52:00,0.0,0.0,0.0,0.0
2011-07-10 05:53:00,0.0,0.0,0.0,0.0
2011-07-10 05:54:00,0.0,0.0,0.0,0.0
2011-07-10 05:55:00,0.0,0.0,0.0,0.0
2011-07-10 05:56:00,0.0,0.0,0.0,0.0
2011-07-10 05:57:00,0.0,0.0,0.0,0.0
2011-07-10 05:58:00,0.0,0.0,0.0,0.0
2011-07-10 05:59:00,0.0,0.0,0.0,0.0
2011-07-10 06:00:00,0.0,0.0,0.0,0.0
2011-07-10 06:01:00,0.0,0.0,0.0,0.0
2011-07-10 06:02:00,0.0,0.0,0.0,0.0
2011-07-10 06:03:00,0.0,0.0,0.0,0.0
2011-07-10 06:04:00,0.0,0.0,0.0,0.0
2011-07-10 06:05:00,0.0,0.0,0.0,0.0
2011-07-10 06:06:00,0.0,0.0,0.0,0.0
2011-07-10 06:07:00,0.0,0.0,0.0,0.0
2011-07-10 06:08:00,0.0,0.0,0.0,0.0
2011-07-10 06:09:00,0.0,0.0,0.0,0.0
2011-07-10 06:10:00,0.0,0.0,0.0,0.0
2011-07-10 06:11:00,0.0,0.0,0.0,0.0
2011-07-10 06:12:00,0.0,0.0,0.0,0.0
2011-07-10 06:13:00,0.0,0.0,0.0,0.0
2011-07-10 06:14:00,0.0,0.0,0.0,0.0
2011-07-10 06:15:00,0.0,0.0,0.0,0.0
2011-07-10 06:16:00,0.0,0.0,0.0,0.0
2011-07-10 06:17:00,0.0,0.0,0.0,0.0
2011-07-10 06:18:00,0.0,0.0,0.0,0.0
2011-07-10 06:19:00,0.0,0.0,0.0,0.0
2011-07-10 06:20:00,-0.2187502475811602,-0.985474736812324,0.0533836293416961,0.010871871007315015
2011-07-10 06:21:00,-0.2185115737005707,-0.9848233018538162,0.0540526861593122,0.010220736570176525
2011-07-10 06:22:00,-0.218243228785847,-0.9840377378022424,0.0548401753166619,0.0094393598223661
2011-07-10 06:23:00,-0.2179465266320548,-0.9831176211459592,0.0557448570659734,0.008527855127449024
2011-07-10 06:24:00,-0.2176233765275915,-0.9820647182626494,0.0567634136920512,0.007488525990019257
2011-07-10 06:25:00,-0.2172763117907997,-0.9808831793018286,0.0578902945088573,0.006326037276686014
2011-07-10 06:26:00,-0.2169085108873799,-0.9795797122407508,0.0591175822932237,0.005047562688079266
2011-07-10 06:27:00,-0.2165238100245524,-0.9781637321629048,0.0604348855547842,0.003662902880459784
2011-07-10 06:28:00,-0.216126706143934,-0.97664748070954,0.061829261061732,0.002184569931286351
2011-07-10 06:29:00,-0.2157223492816734,-0.9750461106300244,0.0632851709920899,0.0006278342629890687
2011-07-10 06:30:00,-0.2153165233333846,-0.9733777304142024,0.0647844789536668,0.0
2011-07-10 06:31:00,-0.2149156143535359,-0.9716634041358582,0.0663064889072602,0.0
2011-07-10 06:32:00,-0.2145265656343411,-0.9699271018763068,0.0678280307323888,0.0
2011-07-10 06:33:00,-0.2141568189483585,-0.968195596435957,0.0693235957892867,0.0
2011-07-10 06:34:00,-0.2138142415024742,-0.966498302484394,0.0707655253525579,0.0
2011-07-10 06:35:00,-0.2135070383385597,-0.9648670548502958,0.0721242542194849,0.0
2011-07-10 06:36:00,-0.2132436501268849,-0.9633358233134928,0.0733686111296122,0.0
2011-07-10 06:37:00,-0.2130326365311413,-0.9619403620324384,0.0744661768736219,0.0
2011-07-10 06:38:00,-0.2128825455774802,-0.9607177926188912,0.0753837001221399,0.0
2011-07-10 06:39:00,-0.2128017697325977,-0.959706120853124,0.0760875700742841,0.0
2011-07-10 06:40:00,-0.2127983896848476,-0.9589436881104042,0.0765443440187522,0.0
2011-07-10 06:41:00,0.0,0.0,0.0,0.0
2011-07-10 06:42:00,0.0,0.0,0.0,0.0
2011-07-10 06:43:00,-0.2133251790459708,-0.9585270152493108,0.0761126828415355,0.0
2011-07-10 06:44:00,-0.2136999171924097,-0.9591290409200588,0.0752712557303241,0.0
2011-07-10 06:45:00,-0.2141816387302761,-0.9601536639525032,0.0740398770306059,0.0
2011-07-10 06:46:00,-0.214772786711189,-0.9616265054677556,0.0723997455360556,0.0
2011-07-10 06:47:00,-0.2154742022640614,-0.9635682043380523,0.0703370619218271,0.0
2011-07-10 06:48:00,-0.2162849422885641,-0.9659935364107972,0.0678437901990099,0.0
2011-07-10 06:49:00,-0.2172021071838089,-0.968910536023842,0.0649184052372447,0.0
2011-07-10 06:50:00,-0.2182206823183617,-0.972319633783322,0.061566613229165,0.0
2011-07-10 06:51:00,-0.2193333970745072,-0.9762128256163366,0.0578020311712894,0.0022173889818526415
2011-07-10 06:52:00,-0.2205306053746707,-0.9805728890009514,0.0536468107936637,0.0064963580952104305
2011-07-10 06:53:00,-0.2218001916137278,-0.9853726629838394,0.049132191911635,0.011221331973268578
2011-07-10 06:54:00,-0.223127505871579,-0.9905744090903766,0.0442989699239052,0.01635916021726258
2011-07-10 06:55:00,-0.2244953321611348,-0.9961292704837288,0.0391978621668172,0.021865035156322765
2011-07-10 06:56:00,-0.2258838932736015,-1.001976846710422,0.0338897580796842,0.027681687239244246
2011-07-10 06:57:00,-0.2272708955117062,-1.0080449010530268,0.0284458386619783,0.033738723383661906
2011-07-10 06:58:00,-0.2286316162487741,-1.0142492168707244,0.0229475515298185,0.039952152741951075
2011-07-10 06:59:00,-0.2299390368146762,-1.0204936183241289,0.0174864290226153,0.04622414467048919
2011-07-10 07:00:00,-0.2311640226868689,-1.0266701695346665,0.0121637382832078,0.05244306208276095
2011-07-10 07:01:00,-0.2322755523555676,-1.0326595645081502,0.0070899540442406,0.05848380990953084
2011-07-10 07:02:00,-0.2332409955377307,-1.038331718048479,0.0023840470026643,0.06420853331715426
2011-07-10 07:03:00,-0.234026440638057,-1.0435465653977982,-0.0018274168498114,0.06946769400650998
2011-07-10 07:04:00,-0.2345970705019197,-1.0481550754683786,-0.0054113677590156,0.07410154576707906
2011-07-10 07:05:00,-0.2349175845827312,-1.052000479291366,-0.0082295132972385,0.07794202296067754
2011-07-10 07:06:00,-0.2349526646643202,-1.0549197117195614,-0.0101398042900157,0.08081504821055607
2011-07-10 07:07:00,-0.2346674802490927,-1.0567450605153843,-0.0109980771930021,0.08254325867933088
2011-07-10 07:08:00,-0.2340282286587705,-1.0573060127697564,-0.0106598606455299,0.08294914427096911
2011-07-10 07:09:00,-0.233002703812156,-1.056431284180004,-0.0089823298735615,0.08185858615067865
2011-07-10 07:10:00,-0.2315608865613863,-1.0539510121221,-0.00582638844983,0.07910478033445045
2011-07-10 07:11:00,-0.2296755484045819,-1.0496990887533824,-0.0010588527091867,0.07453252888578787
2011-07-10 07:12:00,-0.2273228593716979,-1.043515605656902,0.0054452900622749,0.06800288053276238
2011-07-10 07:13:00,-0.2244829899272866,-1.0352493768784157,0.0138005826108654,0.059398103252144674
2011-07-10 07:14:00,-0.221140695875254,-1.0247605027119857,0.0241087946764381,0.04862697336634625
2011-07-10 07:15:00,-0.2172858745130051,-1.0119229323706904,0.0364566562862267,0.0356303684752346
2011-07-10 07:16:00,-0.2129140796928465,-0.9966269798562244,0.0509136708709877,0.020387154069645197
2011-07-10 07:17:00,-0.2080269830365506,-0.9787817440456488,0.0675300542960278,0.002920353957160282
2011-07-10 07:18:00,-0.2026327683459722,-0.958317381383822,0.0863348478496044,0.0
2011-07-10 07:19:00,-0.196746446290598,-0.9351871777521024,0.1073342544009729,0.0
2011-07-10 07:20:00,-0.1903900767638515,-0.909369365230217,0.1305102471985574,0.0
2011-07-10 07:21:00,-0.183592886915937,-0.8808686297368453,0.1558194999909074,0.0
2011-07-10 07:22:00,-0.1763912738240548,-0.8497172570885979,0.1831926851832568,0.0
2011-07-10 07:23:00,-0.168828682082321,-0.8159758680235881,0.2125341834543074,0.0
2011-07-10 07:24:00,-0.1609553483134751,-0.7797336973633947,0.2437222435161029,0.0
2011-07-10 07:25:00,-0.1528279067501514,-0.7411083789041295,0.2766096243719895,0.0
2011-07-10 07:26:00,-0.144508852630343,-0.7002452059993534,0.3110247443855032,0.0
2011-07-10 07:27:00,-0.1360658632217575,-0.6573158482860445,0.3467733515944292,0.0
2011-07-10 07:28:00,-0.1275709798514811,-0.6125165177650049,0.3836407178746505,0.0
2011-07-10 07:29:00,-0.119099658385817,-0.5660655926271762,0.4213943456721747,0.0
2011-07-10 07:30:00,-0.110729700192263,-0.518200724956643,0.4597871599840096,0.0
2011-07-10 07:31:00,-0.1025400807293011,-0.4691754788677683,0.4985611399964367,0.0
2011-07-10 07:32:00,-0.0946096985102008,-0.4192555688397171,0.537451324205034,0.0
2011-07-10 07:33:00,-0.0870160729456052,-0.3687147937058554,0.5761901000690606,0.0
2011-07-10 07:34:00,-0.0798340244472755,-0.3178307879135299,0.6145116657528129,0.0
2011-07-10 07:35:00,-0.0731343725347767,-0.2668807328042141,0.6521565318359686,0.0
2011-07-10 07:36:00,-0.066982686507718,-0.2161371790795057,0.6888759218267579,0.0
2011-07-10 07:37:00,-0.0614381192165266,-0.1658641228890678,0.7244359357923014,0.0
2011-07-10 07:38:00,-0.0565523493087118,-0.1163134548985875,0.7586213586424169,0.0
2011-07-10 07:39:00,-0.0523686522658023,-0.0677218715463944,0.7912390169354167,0.0
2011-07-10 07:40:00,-0.0489211159059601,-0.0203083067614122,0.822120610472221,0.0
2011-07-10 07:41:00,-0.0462340118757463,0.0257280859806075,0.8511249656262979,0.0
2011-07-10 07:42:00,-0.0443213311468373,0.0702093956952386,0.8781396762378184,0.0
2011-07-10 07:43:00,-0.0431864887796404,0.1129798739946428,0.9030821151712664,0.0
2011-07-10 07:44:00,-0.0428222011343965,0.15390634211535,0.9258998153488596,0.0
2011-07-10 07:45:00,-0.0432105370455638,0.1928781245416439,0.946570233192128,0.0
2011-07-10 07:46:00,-0.0443231429368997,0.2298065561995387,0.9650999199340417,0.0
2011-07-10 07:47:00,-0.0461216402300171,0.264624114478051,0.981523137240974,0.01761524978754303
2011-07-10 07:48:00,-0.048558191526136,0.2972832293789617,0.995899962987958,0.040457568915565734
2011-07-10 07:49:00,-0.0515762298020318,0.32775482585388,1.0083139408246131,0.061499098733654334
2011-07-10 07:50:00,-0.0551113422942762,0.3560266522801935,1.01886933346827,0.080688186233844
2011-07-10 07:51:00,-0.0590922980302546,0.3821014476307939,1.0276880447819616,0.09801463257818921
2011-07-10 07:52:00,-0.0634422052229576,0.4059949965337899,1.0349062799764024,0.11350251860901506
2011-07-10 07:53:00,-0.0680797819883899,0.4277341158612944,1.04067101688639,0.12720339600915986
2011-07-10 07:54:00,-0.0729207211904691,0.4473546091021828,1.045136364124319,0.13918988648903752
2011-07-10 07:55:00,-0.0778791280605461,0.4648992167090428,1.0484598835776342,0.14954972391618582
2011-07-10 07:56:00,-0.0828690078977873,0.4804155838308403,1.0507989545210783,0.15838026937620175
2011-07-10 07:57:00,-0.0878057802652457,0.4939542631976534,1.0523072541129488,0.16578352460388612
2011-07-10 07:58:00,-0.0926077946521698,0.5055667708291537,1.0531314244059928,0.171861664390619
2011-07-10 07:59:00,-0.0971978198682666,0.5153037146555268,1.0534079897679487,0.17671310328043832
2011-07-10 08:00:00,-0.1015044757745104,0.5232130197720214,1.0532605811157572,0.18042910604301787
2011-07-10 08:01:00,-0.1054635725015386,0.5293382780808773,1.052797514644042,0.18309094519698155
2011-07-10 08:02:00,-0.109019320520227,0.5337172537872845,1.052109762982565,0.18476760278130588
2011-07-10 08:03:00,-0.1121253759403666,0.5363805785422145,1.0512693467336984,0.18551400849966604
2011-07-10 08:04:00,-0.1147456894320981,0.537350669953373,1.0503281650672034,0.18536980308932494
2011-07-10 08:05:00,-0.1168551333930281,0.5366409044586913,1.0493172758895513,0.18435861461755465
2011-07-10 08:06:00,-0.1184398893127933,0.534255070803028,1.048246628799925,0.182487836237474
2011-07-10 08:07:00,-0.119497585107934,0.530187124693874,1.0471052470603464,0.1797488963584981
2011-07-10 08:08:00,-0.12003718046117,0.5244212596571693,1.045861847711993,0.17611801566552998
2011-07-10 08:09:00,-0.1200786068718895,0.5169323041305728,1.0444658816384318,0.17155744920545124
2011-07-10 08:10:00,-0.1196521778997795,0.5076864503336049,1.0428489679635669,0.16601721492916766
2011-07-10 08:11:00,-0.1187977933506019,0.4966423160333547,1.0409266900044805,0.15943731169202535
2011-07-10 08:12:00,-0.1175639678570063,0.4837523350637613,1.0386007136456423,0.15175042895722957
2011-07-10 08:13:00,-0.116006718121591,0.4689644648793429,1.0357611842401635,0.14288514678750497
2011-07-10 08:14:00,-0.1141883433514597,0.452224188560698,1.0322893554559611,0.13276961817680144
2011-07-10 08:15:00,-0.1121761308199363,0.433476775368489,1.028060402565332,0.12133571709474578
2011-07-10 08:16:00,-0.1100410145281192,0.4126697504574891,1.0229463726704775,0.10852362590100517
2011-07-10 08:17:00,-0.1078562107892784,0.3897555128753321,1.0168192244844894,0.09428682588422532
2011-07-10 08:18:00,-0.1056958507514453,0.3646940326515351,1.0095539101021562,0.07859744470319563
2011-07-10 08:19:00,-0.1036336268060439,0.3374555530386299,1.0010314504504594,0.06145190360775765
2011-07-10 08:20:00,-0.1017414683377813,0.3080232227090884,0.991141954646726,0.042876793474930563
2011-07-10 08:21:00,-0.1000882631764468,0.2763955844245678,0.9797875313602956,0.02293488850668224
2011-07-10 08:22:00,-0.0987386438871188,0.2425888507559152,0.9668850378843956,0.0017311749129365062
2011-07-10 08:23:00,-0.0977518605553944,0.2066389034885286,0.9523686106424684,0.0
2011-07-10 08:24:00,-0.0971807620390038,0.168602961140132,0.9361919198658308,0.0
2011-07-10 08:25:00,-0.0970709056035794,0.128560867730938,0.9183300916337088,0.0
2011-07-10 08:26:00,-0.0974598115925285,0.0866159640287409,0.8987812428512713,0.0
2011-07-10 08:27:00,-0.09837637634344,0.0428955086245352,0.8775675795040496,0.0
2011-07-10 08:28:00,-0.0998404532787982,-0.0024493794734761,0.8547360157442513,0.0
2011-07-10 08:29:00,-0.1018626088704054,-0.0492442808977972,0.8303582806986376,0.0
2011-07-10 08:30:00,-0.104444056927658,-0.0972925570184996,0.8045304909094826,0.0
2011-07-10 08:31:00,-0.1075767714392115,-0.1463769619496846,0.777372178782511,0.0
2011-07-10 08:32:00,-0.1112437750282267,-0.1962617836517904,0.7490247812715799,0.0
2011-07-10 08:33:00,-0.11541959686844,-0.2466954973428671,0.7196496083415422,0.0
2011-07-10 08:34:00,-0.1200708905237184,-0.2974138964513736,0.6894253276522054,0.0
2011-07-10 08:35:00,-0.125157198514851,-0.3481436459814678,0.6585450205660055,0.0
2011-07-10 08:36:00,-0.1306318463297692,-0.3986061807926855,0.627212884897605,0.0
2011-07-10 08:37:00,-0.1364429438985009,-0.4485218474111544,0.5956406803993894,0.0
2011-07-10 08:38:00,-0.1425344674609368,-0.4976141655897981,0.5640440298346078,0.0
2011-07-10 08:39:00,-0.1488473903594845,-0.545614071555862,0.5326386960229893,0.0
2011-07-10 08:40:00,-0.155320829248528,-0.5922640049754275,0.5016369504193083,0.0
2011-07-10 08:41:00,-0.1618931734397065,-0.6373217163142614,0.4712441340694883,0.0
2011-07-10 08:42:00,-0.1685031689341383,-0.6805636945796422,0.441655492729511,0.0
2011-07-10 08:43:00,-0.1750909336434244,-0.7217881407033293,0.4130533487890071,0.0
2011-07-10 08:44:00,-0.1815988852823981,-0.7608174354166951,0.3856046550619895,0.0
2011-07-10 08:45:00,-0.1879725680412555,-0.7975000713848293,0.3594589597634622,0.0
2011-07-10 08:46:00,-0.1941613683550768,-0.8317120375855296,0.3347467980549094,0.0
2011-07-10 08:47:00,-0.2001191138796618,-0.8633576595664302,0.311578513366522,0.0
2011-07-10 08:48:00,-0.2058045531450688,-0.8923699124259779,0.2900435012323806,0.0
2011-07-10 08:49:00,-0.2111817162847147,-0.9187102342894906,0.2702098595343063,0.0
2011-07-10 08:50:00,-0.2162201597332465,-0.942367876845966,0.2521244217547116,0.0
2011-07-10 08:51:00,-0.2208950998730913,-0.9633588363337352,0.2358131439931688,0.016101732884150843
2011-07-10 08:52:00,-0.2251874423204797,-0.9817244133731536,0.2212818120039375,0.031240926416057135
2011-07-10 08:53:00,-0.2290837149088395,-0.9975294534035593,0.2085170312563588,0.04452080456446805
2011-07-10 08:54:00,-0.2325759134777221,-1.0108603213538634,0.1974874608976187,0.0559031404581678
2011-07-10 08:55:00,-0.2356612703329119,-1.0218226647270192,0.1881452513966407,0.06539027032719469
2011-07-10 08:56:00,-0.2383419557319556,-1.030539018672144,0.1804276454566323,0.07301989362402006
2011-07-10 08:57:00,-0.2406247229935955,-1.0371463050135312,0.1742587023904356,0.07885995878879637
2011-07-10 08:58:00,-0.2425205078545586,-1.0417932747564185,0.1695511074473677,0.08300369440476252
2011-07-10 08:59:00,-0.2440439925280955,-1.0446379404419337,0.1662080294558765,0.08556483268178128
2011-07-10 09:00:00,-0.2452131445807353,-1.045845041017721,0.1641249925011518,0.08667306456911605
2011-07-10 09:01:00,-0.2460487402616474,-1.0455835777577664,0.1631917300949369,0.08646976093789815
2011-07-10 09:02:00,-0.2465738813168862,-1.044024455327083,0.1632939933262892,0.08510399065026597
2011-07-10 09:03:00,-0.2468135136218123,-1.041338257457071,0.1643152877224589,0.08272886297973425
2011-07-10 09:04:00,-0.2467939551912328,-1.0376931819787876,0.166138516919691,0.07949821817753255
2011-07-10 09:05:00,-0.2465424402991043,-1.033253155246889,0.1686475146731361,0.07556368565590521
2011-07-10 09:06:00,-0.2460866855773849,-1.028176141359319,0.1717284501593314,0.07107212412289332
2011-07-10 09:07:00,-0.2454544830846666,-1.0226126571101812,0.1752710948859779,0.06616345203295881
2011-07-10 09:08:00,-0.2446733244558039,-1.0167044993695815,0.1791699427691893,0.06096887001010587
2011-07-10 09:09:00,-0.2437700593783955,-1.0105836876166074,0.1833251780221112,0.055609469653889576
2011-07-10 09:10:00,-0.2427705908035372,-1.004371620699311,0.1876434883841469,0.0501952156424208
2011-07-10 09:11:00,-0.2416996084978151,-0.9981784435857972,0.1920387238797882,0.044824280660025195
2011-07-10 09:12:00,-0.2405803617904822,-0.9921026169216632,0.1964324037106027,0.03958270580535195
2011-07-10 09:13:00,-0.2394344716718741,-0.9862306796341154,0.2007540760390346,0.03454435319257576
2011-07-10 09:14:00,-0.2382817817624913,-0.9806371926316854,0.2049415373084175,0.029771112824009238
2011-07-10 09:15:00,-0.2371402471013966,-0.9753848498448116,0.208940919354422,0.025313322786146175
2011-07-10 09:16:00,-0.2360258592007705,-0.970524741432679,0.2127066538983856,0.02121036058056025
2011-07-10 09:17:00,-0.2349526053824306,-0.9660967529324964,0.216201325076673,0.017491363976920526
2011-07-10 09:18:00,-0.2339324600523916,-0.9621300834287344,0.2193954214608964,0.014176042047312265
2011-07-10 09:19:00,-0.2329754052805326,-0.9586438654478406,0.2222669995737673,0.011275540753325597
2011-07-10 09:20:00,-0.2320894778325507,-0.9556478692133432,0.2248012712198093,0.008793332251274988
2011-07-10 09:21:00,-0.2312808396480993,-0.953143274100722,0.2269901270462879,0.006726102536466438
2011-07-10 09:22:00,-0.2305538686690265,-0.9511234905827162,0.2288316086458547,0.005064617729603649
2011-07-10 09:23:00,-0.2299112668909342,-0.9495750166236404,0.230329341228011,0.0037945548117457317
2011-07-10 09:24:00,-0.229354182534996,-0.948478313335146,0.2314919384422138,0.0028972876008357407
2011-07-10 09:25:00,-0.2288823433087854,-0.947808685716223,0.2323323903528436,0.0023506229881342655
2011-07-10 09:26:00,-0.06834826103078381,-0.1423670746910939,0.552190479321377,0.0
2011-07-10 09:27:00,-0.06834826103078381,-0.1423670746910939,0.552190479321377,0.0
2011-07-10 09:28:00,-0.2279572709689986,-0.9480561449076004,0.2331034604710557,0.002552838791190837
2011-07-10 09:29:00,-0.2278003243425028,-0.9487748082930644,0.2328512317773525,0.003138236118193749
2011-07-10 09:30:00,-0.2277110391347622,-0.9497493759764324,0.2323860827813519,0.003932012629300097
2011-07-10 09:31:00,-0.227683691677104,-0.9509415148036968,0.2317346583115569,0.004903268924744797
2011-07-10 09:32:00,-0.2277121568506162,-0.9523131106836384,0.2309239811488988,0.006021357739071309
2011-07-10 09:33:00,-0.2277900397441407,-0.9538268304240896,0.2299810023840592,0.0072562663498692
2011-07-10 09:34:00,-0.2279107989419443,-0.9554466187489448,0.2289321951749733,0.008578962471842644
2011-07-10 09:35:00,-0.2280678603941528,-0.957138129167914,0.2278031939160563,0.009961703437401326
2011-07-10 09:36:00,-0.2282547210513769,-0.9588690884578942,0.2266184799845693,0.011378308029607265
2011-07-10 09:37:00,-0.2284650416674808,-0.960609595511114,0.2254011144410135,0.012804390118546394
2011-07-10 09:38:00,-0.2286927283886083,-0.9623323562044468,0.2241725173362201,0.01421755326196461
2011-07-10 09:39:00,-0.2289320029487335,-0.964012856739866,0.222952292622986,0.015597545644790323
2011-07-10 09:40:00,-0.2291774614789928,-0.9656294785930712,0.2217580970883045,0.016926375113807346
2011-07-10 09:41:00,-0.2294241221080475,-0.9671635587845212,0.2206055512155898,0.018188384569831184
2011-07-10 09:42:00,-0.2296674616825756,-0.968599399656498,0.219508189455641,0.019370288564827254
2011-07-10 09:43:00,-0.2299034420695712,-0.9699242327050476,0.2184774470300141,0.020461172570845232
2011-07-10 09:44:00,-0.2301285266149388,-0.971128141281564,0.2175226801094669,0.021452457000791236
2011-07-10 09:45:00,-0.2303396874267851,-0.972203947151246,0.216651216000724,0.02233782863343392
2011-07-10 09:46:00,-0.2305344042283911,-0.9731470659805924,0.2158684298336389,0.023113142598811143
2011-07-10 09:47:00,-0.2307106555859971,-0.9739553368290514,0.2151778441638347,0.023776298493820125
2011-07-10 09:48:00,-0.2308669033600655,-0.9746288306466642,0.2145812478884447,0.024327094506492175
2011-07-10 09:49:00,-0.06834826103078381,-0.1423670746910939,0.552190479321377,0.0
2011-07-10 09:50:00,-0.06834826103078381,-0.1423670746910939,0.552190479321377,0.0
2011-07-10 09:51:00,-0.06834826103078381,-0.1423670746910939,0.552190479321377,0.0
2011-07-10 09:52:00,-0.06834826103078381,-0.1423670746910939,0.552190479321377,0.0
2011-07-10 09:53:00,-0.06834826103078381,-0.1423670746910939,0.552190479321377,0.0
2011-07-10 09:54:00,-0.06834826103078381,-0.1423670746910939,0.552190479321377,0.0
2011-07-10 09:55:00,-0.06834826103078381,-0.1423670746910939,0.552190479321377,0.0
2011-07-10 09:56:00,-0.06834826103078381,-0.1423670746910939,0.552190479321377,0.0
2011-07-10 09:57:00,-0.06834826103078381,-0.1423670746910939,0.552190479321377,0.0
2011-07-10 09:58:00,-0.06834826103078381,-0.1423670746910939,0.552190479321377,0.0
2011-07-10 09:59:00,-0.06834826103078381,-0.1423670746910939,0.552190479321377,0.0
2011-07-10 10:00:00,-0.06834826103078381,-0.1423670746910939,0.552190479321377,0.0
2011-07-10 10:01:00,-0.06834826103078381,-0.1423670746910939,0.552190479321377,0.0
2011-07-10 10:02:00,-0.06834826103078381,-0.1423670746910939,0.552190479321377,0.0
2011-07-10 10:03:00,-0.06834826103078381,-0.1423670746910939,0.552190479321377,0.0
2011-07-10 10:04:00,-0.06834826103078381,-0.1423670746910939,0.552190479321377,0.0
2011-07-10 10:05:00,-0.06834826103078381,-0.1423670746910939,0.552190479321377,0.0
2011-07-10 10:06:00,-0.06834826103078381,-0.1423670746910939,0.552190479321377,0.0
2011-07-10 10:07:00,-0.06834826103078381,-0.1423670746910939,0.552190479321377,0.0
2011-07-10 10:08:00,-0.06834826103078381,-0.1423670746910939,0.552190479321377,0.0
2011-07-10 10:09:00,-0.06834826103078381,-0.1423670746910939,0.552190479321377,0.0
2011-07-10 10:10:00,-0.06834826103078381,-0.1423670746910939,0.552190479321377,0.0
2011-07-10 10:11:00,-0.06834826103078381,-0.1423670746910939,0.552190479321377,0.0
2011-07-10 10:12:00,-0.06834826103078381,-0.1423670746910939,0.552190479321377,0.0
2011-07-10 10:13:00,-0.06834826103078381,-0.1423670746910939,0.552190479321377,0.0
2011-07-10 10:14:00,-0.06834826103078381,-0.1423670746910939,0.552190479321377,0.0
2011-07-10 10:15:00,-0.06834826103078381,-0.1423670746910939,0.552190479321377,0.0
2011-07-10 10:16:00,-0.06834826103078381,-0.1423670746910939,0.552190479321377,0.0
2011-07-10 10:17:00,-0.06834826103078381,-0.1423670746910939,0.552190479321377,0.0
2011-07-10 10:18:00,-0.06834826103078381,-0.1423670746910939,0.552190479321377,0.0
2011-07-10 10:19:00,-0.06834826103078381,-0.1423670746910939,0.552190479321377,0.0
2011-07-10 10:20:00,-0.06834826103078381,-0.1423670746910939,0.552190479321377,0.0
2011-07-10 10:21:00,-0.06834826103078381,-0.1423670746910939,0.552190479321377,0.0
2011-07-10 10:22:00,-0.06834826103078381,-0.1423670746910939,0.552190479321377,0.0
2011-07-10 10:23:00,-0.06834826103078381,-0.1423670746910939,0.552190479321377,0.0
2011-07-10 10:24:00,-0.06834826103078381,-0.1423670746910939,0.552190479321377,0.0
2011-07-10 10:25:00,-0.06834826103078381,-0.1423670746910939,0.552190479321377,0.0
2011-07-10 10:26:00,-0.06834826103078381,-0.1423670746910939,0.552190479321377,0.0
2011-07-10 10:27:00,-0.06834826103078381,-0.1423670746910939,0.552190479321377,0.0
2011-07-10 10:28:00,-0.06834826103078381,-0.1423670746910939,0.552190479321377,0.0
2011-07-10 10:29:00,-0.06834826103078381,-0.1423670746910939,0.552190479321377,0.0
2011-07-10 10:30:00,-0.06834826103078381,-0.1423670746910939,0.552190479321377,0.0
2011-07-10 10:31:00,-0.06834826103078381,-0.1423670746910939,0.552190479321377,0.0
2011-07-10 10:32:00,-0.06834826103078381,-0.1423670746910939,0.552190479321377,0.0
2011-07-10 10:33:00,-0.06834826103078381,-0.1423670746910939,0.552190479321377,0.0
2011-07-10 10:34:00,-0.06834826103078381,-0.1423670746910939,0.552190479321377,0.0
2011-07-10 10:35:00,-0.06834826103078381,-0.1423670746910939,0.552190479321377,0.0
2011-07-10 10:36:00,-0.06834826103078381,-0.1423670746910939,0.552190479321377,0.0
2011-07-10 10:37:00,-0.06834826103078381,-0.1423670746910939,0.552190479321377,0.0
2011-07-10 10:38:00,-0.06834826103078381,-0.1423670746910939,0.552190479321377,0.0
2011-07-10 10:39:00,-0.06834826103078381,-0.1423670746910939,0.552190479321377,0.0
2011-07-10 10:40:00,-0.06834826103078381,-0.1423670746910939,0.552190479321377,0.0
2011-07-10 10:41:00,-0.06834826103078381,-0.1423670746910939,0.552190479321377,0.0
2011-07-10 10:42:00,-0.06834826103078381,-0.1423670746910939,0.552190479321377,0.0
2011-07-10 10:43:00,-0.06834826103078381,-0.1423670746910939,0.552190479321377,0.0
2011-07-10 10:44:00,-0.06834826103078381,-0.1423670746910939,0.552190479321377,0.0
2011-07-10 10:45:00,-0.06834826103078381,-0.1423670746910939,0.552190479321377,0.0
2011-07-10 10:46:00,-0.06834826103078381,-0.1423670746910939,0.552190479321377,0.0
2011-07-10 10:47:00,-0.06834826103078381,-0.1423670746910939,0.552190479321377,0.0
2011-07-10 10:48:00,-0.06834826103078381,-0.1423670746910939,0.552190479321377,0.0
2011-07-10 10:49:00,-0.06834826103078381,-0.1423670746910939,0.552190479321377,0.0
2011-07-10 10:50:00,-0.06834826103078381,-0.1423670746910939,0.552190479321377,0.0
2011-07-10 10:51:00,-0.06834826103078381,-0.1423670746910939,0.552190479321377,0.0
2011-07-10 10:52:00,-0.06834826103078381,-0.1423670746910939,0.552190479321377,0.0
2011-07-10 10:53:00,-0.06834826103078381,-0.1423670746910939,0.552190479321377,0.0
2011-07-10 10:54:00,-0.06834826103078381,-0.1423670746910939,0.552190479321377,0.0
2011-07-10 10:55:00,-0.06834826103078381,-0.1423670746910939,0.552190479321377,0.0
2011-07-10 10:56:00,-0.06834826103078381,-0.1423670746910939,0.552190479321377,0.0
2011-07-10 10:57:00,-0.06834826103078381,-0.1423670746910939,0.552190479321377,0.0
2011-07-10 10:58:00,-0.06834826103078381,-0.1423670746910939,0.552190479321377,0.0
2011-07-10 10:59:00,-0.06834826103078381,-0.1423670746910939,0.552190479321377,0.0
2011-07-10 11:00:00,-0.06834826103078381,-0.1423670746910939,0.552190479321377,0.0
2011-07-10 11:01:00,-0.06834826103078381,-0.1423670746910939,0.552190479321377,0.0
2011-07-10 11:02:00,-0.06834826103078381,-0.1423670746910939,0.552190479321377,0.0
2011-07-10 11:03:00,-0.06834826103078381,-0.1423670746910939,0.552190479321377,0.0
2011-07-10 11:04:00,-0.06834826103078381,-0.1423670746910939,0.552190479321377,0.0
2011-07-10 11:05:00,-0.06834826103078381,-0.1423670746910939,0.552190479321377,0.0
2011-07-10 11:06:00,-0.06834826103078381,-0.1423670746910939,0.552190479321377,0.0
2011-07-10 11:07:00,-0.06834826103078381,-0.1423670746910939,0.552190479321377,0.0
2011-07-10 11:08:00,-0.06834826103078381,-0.1423670746910939,0.552190479321377,0.0
2011-07-10 11:09:00,-0.06834826103078381,-0.1423670746910939,0.552190479321377,0.0
2011-07-10 11:10:00,-0.06834826103078381,-0.1423670746910939,0.552190479321377,0.0
2011-07-10 11:11:00,-0.06834826103078381,-0.1423670746910939,0.552190479321377,0.0
2011-07-10 11:12:00,-0.06834826103078381,-0.1423670746910939,0.552190479321377,0.0
2011-07-10 11:13:00,-0.06834826103078381,-0.1423670746910939,0.552190479321377,0.0
2011-07-10 11:14:00,-0.06834826103078381,-0.1423670746910939,0.552190479321377,0.0
2011-07-10 11:15:00,-0.06834826103078381,-0.1423670746910939,0.552190479321377,0.0
2011-07-10 11:16:00,-0.06834826103078381,-0.1423670746910939,0.552190479321377,0.0
2011-07-10 11:17:00,-0.06834826103078381,-0.1423670746910939,0.552190479321377,0.0
2011-07-10 11:18:00,-0.06834826103078381,-0.1423670746910939,0.552190479321377,0.0
2011-07-10 11:19:00,-0.06834826103078381,-0.1423670746910939,0.552190479321377,0.0
2011-07-10 11:20:00,-0.06834826103078381,-0.1423670746910939,0.552190479321377,0.0
2011-07-10 11:21:00,-0.06834826103078381,-0.1423670746910939,0.552190479321377,0.0
2011-07-10 11:22:00,-0.06834826103078381,-0.1423670746910939,0.552190479321377,0.0
2011-07-10 11:23:00,-0.06834826103078381,-0.1423670746910939,0.552190479321377,0.0
2011-07-10 11:24:00,-0.06834826103078381,-0.1423670746910939,0.552190479321377,0.0
2011-07-10 11:25:00,-0.06834826103078381,-0.1423670746910939,0.552190479321377,0.0
2011-07-10 11:26:00,-0.06834826103078381,-0.1423670746910939,0.552190479321377,0.0
2011-07-10 11:27:00,-0.06834826103078381,-0.1423670746910939,0.552190479321377,0.0
2011-07-10 11:28:00,-0.06834826103078381,-0.1423670746910939,0.552190479321377,0.0
2011-07-10 11:29:00,-0.06834826103078381,-0.1423670746910939,0.552190479321377,0.0
2011-07-10 11:30:00,-0.06834826103078381,-0.1423670746910939,0.552190479321377,0.0
2011-07-10 11:31:00,-0.06834826103078381,-0.1423670746910939,0.552190479321377,0.0
2011-07-10 11:32:00,-0.2309819989921248,-0.969391956597734,0.2294451408989862,0.022603795248647085
2011-07-10 11:33:00,-0.2311006965093358,-0.9699754568155304,0.2291031374010281,0.023107113805094892
2011-07-10 11:34:00,-0.2312068009921301,-0.9706119596504568,0.2284948054349201,0.023598572269547757
2011-07-10 11:35:00,-0.2312968578382234,-0.9712967034761916,0.2275967175541175,0.024068253814637508
2011-07-10 11:36:00,-0.2313672655921083,-0.9720237037703628,0.2263869527987768,0.024505707488513107
2011-07-10 11:37:00,-0.2314143119864673,-0.9727857331461645,0.2248455037611245,0.024900076576484853
2011-07-10 11:38:00,-0.2314342146457277,-0.9735743208205052,0.2229546826051359,0.0252402373909002
2011-07-10 11:39:00,-0.2314231661973456,-0.9743797735408342,0.2206995186626539,0.025514945028212832
2011-07-10 11:40:00,-0.2313773834381641,-0.9751912198305522,0.218068139679507,0.02571298243932385
2011-07-10 11:41:00,-0.2312931601022116,-0.9759966792006228,0.2150521283346008,0.02582330916291431
2011-07-10 11:42:00,-0.2311669226743,-0.9767831577115924,0.2116468453241155,0.025835206289677615
2011-07-10 11:43:00,-0.2309952885927052,-0.9775367709556516,0.2078517101145664,0.025738414665249287
2011-07-10 11:44:00,-0.2307751260862395,-0.978242895163137,0.2036704304459914,0.0255232639951819
2011-07-10 11:45:00,-0.2305036147985765,-0.9788863467231098,0.1991111718338533,0.025180791365687405
2011-07-10 11:46:00,-0.2301783062683739,-0.9794515899452508,0.1941866586996027,0.024702848702868208
2011-07-10 11:47:00,-0.2297971832604192,-0.9799229723829768,0.1889141993794579,0.024082199808927562
2011-07-10 11:48:00,-0.2293587168837101,-0.980284986488028,0.1833156281428235,0.02331260876907648
2011-07-10 11:49:00,-0.2288619203902897,-0.9805225557767294,0.1774171585193446,0.0223889226359697
2011-07-10 11:50:00,-0.2283063985271361,-0.9806213430602048,0.1712491437095571,0.021307152278337904
2011-07-10 11:51:00,-0.2276923913159333,-0.9805680776305687,0.164845741660023,0.0200645560329602
2011-07-10 11:52:00,-0.2270208111656975,-0.9803508976112232,0.1582444845399566,0.01865973123353548
2011-07-10 11:53:00,-0.2262932722846115,-0.9799597029817452,0.1514857548812404,0.017092718723955125
2011-07-10 11:54:00,-0.2255121114540375,-0.9793865140865032,0.1446121735498648,0.015365125029310311
2011-07-10 11:55:00,-0.2246803993658609,-0.9786258297446492,0.137667907984847,0.01348026591124607
2011-07-10 11:56:00,-0.2238019419168952,-0.977674978420536,0.130697912667978,0.011443333564038705
2011-07-10 11:57:00,-0.2228812711210129,-0.9765344553208758,0.1237471173785312,0.009261587748614408
2011-07-10 11:58:00,-0.2219236256572732,-0.9752082377885952,0.116859582251226,0.0069445688018470175
2011-07-10 11:59:00,-0.22093492150901,-0.9737040709792814,0.1100776418675969,0.004504327826888144
2011-07-10 12:00:00,-0.2199217135970295,-0.9720337155448316,0.103441063290282,0.001955666605049311
2011-07-10 12:01:00,-0.2188911496439483,-0.970213148935586,0.09698624440626,0.0
2011-07-10 12:02:00,-0.2178509176047833,-0.9682627120012622,0.0907454783966855,0.0
2011-07-10 12:03:00,-0.2168091878381713,-0.9662071928351624,0.0847463074801403,0.0
2011-07-10 12:04:00,-0.2157745508664262,-0.9640758402450836,0.0790109850325786,0.0
2011-07-10 12:05:00,-0.2147559512064424,-0.9619022998186408,0.0735560607466485,0.0
2011-07-10 12:06:00,-0.2137626174244387,-0.9597244662653792,0.0683920992377824,0.0
2011-07-10 12:07:00,-0.2128039883002034,-0.9575842465627984,0.0635235386031576,0.0
2011-07-10 12:08:00,-0.2118896347836327,-0.9555272294119826,0.0589486918982762,0.0
2011-07-10 12:09:00,-0.2110291772869195,-0.9536022576230422,0.0546598912967308,0.0
2011-07-10 12:10:00,-0.2102321977781333,-0.951860901300653,0.0506437718237661,0.0
2011-07-10 12:11:00,-0.2095081461239218,-0.9503568310824024,0.046881688985356,0.0
2011-07-10 12:12:00,-0.208866240167891,-0.949145092191518,0.0433502623335907,0.0
2011-07-10 12:13:00,-0.208315359123514,-0.9482812816922044,0.0400220349985966,0.0
2011-07-10 12:14:00,-0.2078639300022234,-0.9478206330688684,0.0368662374601858,0.0
2011-07-10 12:15:00,-0.2075198069840844,-0.947817014075346,0.033849642313281,0.0
2011-07-10 12:16:00,-0.2072901438649661,-0.9483218456982198,0.030937495485652,0.0
2011-07-10 12:17:00,-0.207181259974721,-0.949382952026645,0.0280945082820584,0.0
2011-07-10 12:18:00,-0.2071985002493174,-0.951043352793616,0.0252858937448496,0.0
2011-07-10 12:19:00,-0.2073460904494598,-0.9533400123215736,0.0224784301287631,0.0
2011-07-10 12:20:00,-0.2076269888418375,-0.9563025605374984,0.0196415337805847,0.0
2011-07-10 12:21:00,-0.2080427359892364,-0.9599520035852216,0.0167483233881358,0.0
2011-07-10 12:22:00,-0.2085933046244942,-0.9642994433188604,0.0137766574155441,0.0
2011-07-10 12:23:00,-0.2092769519025591,-0.9693448265718818,0.0107101265727878,0.0
2011-07-10 12:24:00,-0.210090076626468,-0.9750757465205452,0.0075389833787816,0.0
2011-07-10 12:25:00,-0.2110270843185819,-0.9814663196565142,0.0042609912720987,0.0039057341118864386
2011-07-10 12:26:00,-0.212080263249561,-0.9884761628084442,0.0008821763062729,0.010971780385359953
2011-07-10 12:27:00,-0.213239674736041,-0.9960494952627464,-0.0025825347572388,0.01862280819765516
2011-07-10 12:28:00,-0.2144930611656293,-1.0041143912863766,-0.0061088051700705,0.026786395301972687
2011-07-10 12:29:00,-0.215825775296974,-1.0125822082081726,-0.0096625217629025,0.03537281111158097
2011-07-10 12:30:00,-0.2172207344061523,-1.0213472146318063,-0.0131995839951779,0.044274489446976206
2011-07-10 12:31:00,-0.2186584028019844,-1.0302864422984144,-0.0166658595186001,0.05336574900332347
2011-07-10 12:32:00,-0.2201168061064067,-1.039259783560831,-0.0199973154554353,0.06250279937646042
2011-07-10 12:33:00,-0.2215715804868729,-1.0481103543502532,-0.0231203325419195,0.07152406876957884
2011-07-10 12:34:00,-0.2229960597321611,-1.0566651398926383,-0.0259522070157674,0.08025088640064904
2011-07-10 12:35:00,-0.2243614026784015,-1.0647359372560306,-0.0284018426393348,0.08848854829144037
2011-07-10 12:36:00,-0.2256367630174576,-1.0721206050800385,-0.0303706325551216,0.09602778978636395
2011-07-10 12:37:00,-0.2267895029553622,-1.0786046265638152,-0.0317535277818027,0.10264668213448913
2011-07-10 12:38:00,-0.2277854515363663,-1.0839629869892575,-0.0324402860960375,0.10811296412247273
2011-07-10 12:39:00,-0.2285892077121506,-1.0879623617634415,-0.0323168918323074,0.11218681344190351
2011-07-10 12:40:00,-0.2291644874216368,-1.090363605222335,-0.0312671337995415,0.11462405659698027
2011-07-10 12:41:00,-0.229474513062421,-1.0909245243033805,-0.0291743250946486,0.11517981111411824
2011-07-10 12:42:00,-0.2294824427900679,-1.0894029147384046,-0.0259231451310828,0.11361255005630899
2011-07-10 12:43:00,-0.2291518360884807,-1.0855598307255852,-0.0214015807442283,0.10968857691067302
2011-07-10 12:44:00,-0.2284471510276841,-1.079163052209785,-0.0155029398413821,0.10318689949216231
2011-07-10 12:45:00,-0.227334267581306,-1.0699907070495298,-0.008127907797017,0.09390449549960178
2011-07-10 12:46:00,-0.2257810303337692,-1.0578349986068207,0.0008133862737103,0.08166197101187822
2011-07-10 12:47:00,-0.2237578028879277,-1.0425059828090766,0.0113993290182107,0.0663096282262563
2011-07-10 12:48:00,-0.2212380253110203,-1.0238353326618417,0.0236948462021125,0.047733982453010526
2011-07-10 12:49:00,-0.2181987650559011,-1.001680022710671,0.0377495299529603,0.025864803948960846
2011-07-10 12:50:00,-0.2146212509930467,-0.9759258612466546,0.0535959113288381,0.0006828117535613298
2011-07-10 12:51:00,-0.2104913795161839,-0.9464907943193608,0.0712479203884302,0.0
2011-07-10 12:52:00,-0.2058001811715068,-0.91332790307123,0.0906995759097105,0.0
2011-07-10 12:53:00,-0.2005442359397345,-0.8764280147556545,0.1119239459953228,0.0
2011-07-10 12:54:00,-0.1947260252052451,-0.8358218482714931,0.1348724189012581,0.0
2011-07-10 12:55:00,-0.1883542086115893,-0.7915816173690554,0.1594743204191093,0.0
2011-07-10 12:56:00,-0.1814438144627683,-0.7438220190890031,0.185636909919212,0.0
2011-07-10 12:57:00,-0.1740163331198823,-0.6927005417192827,0.2132457816121577,0.0
2011-07-10 12:58:00,-0.166099703998054,-0.6384170358277276,0.2421656906022015,0.0
2011-07-10 12:59:00,-0.1577281883233131,-0.5812125039764909,0.2722418147850474,0.0
2011-07-10 13:00:00,-0.1489421217968222,-0.5213670797681992,0.303301453487122,0.0
2011-07-10 13:01:00,-0.1397875437665321,-0.4591971851207673,0.3351561518635825,0.0
2011-07-10 13:02:00,-0.1303157024544174,-0.3950518763131407,0.3676042263863638,0.0
2011-07-10 13:03:00,-0.120582439259234,-0.3293084145676721,0.4004336511898816,0.0
2011-07-10 13:04:00,-0.1106474591769192,-0.2623671258990604,0.4334252475401337,0.0
2011-07-10 13:05:00,-0.1005734989813976,-0.1946456476558353,0.4663560994318084,0.0
2011-07-10 13:06:00,-0.0904254100003777,-0.1265726945635693,0.4990030988663086,0.0
2011-07-10 13:07:00,-0.0802691779369546,-0.0585815113594272,0.5311465093089801,0.0
2011-07-10 13:08:00,-0.0701709074935293,0.0088967948919707,0.5625734315785016,0.0
2011-07-10 13:09:00,-0.0601958030995128,0.0754398397014794,0.5930810659242215,0.0
2011-07-10 13:10:00,-0.05040717743858,0.1406402694128125,0.6224796833946462,0.0
2011-07-10 13:11:00,-0.040865516569279,0.2041116239076022,0.6505952416908055,0.0
2011-07-10 13:12:00,-0.0316276254528974,0.265493617946771,0.6772716009160339,0.0
2011-07-10 13:13:00,-0.0227458721355018,0.3244567397239479,0.7023723119578941,0.0
2011-07-10 13:14:00,-0.014267543544628,0.3807060972627939,0.7257819650663568,0.0
2011-07-10 13:15:00,-0.006234321118326,0.4339844719361863,0.7474070988867907,0.0
2011-07-10 13:16:00,0.0013181196882206,0.4840745635269888,0.7671766809495179,0.0
2011-07-10 13:17:00,0.0083603855921504,0.5308004329861893,0.7850421795452306,0.0
2011-07-10 13:18:00,0.0148695200309592,0.5740281675067787,0.8009772541605822,0.0
2011-07-10 13:19:00,0.0208290413179103,0.6136658078789636,0.8149770973448588,0.020395630095805473
2011-07-10 13:20:00,0.0262288717671284,0.6496625905103675,0.8270574651550897,0.0520330250954959
2011-07-10 13:21:00,0.0310651668230994,0.682007566194165,0.837253436301483,0.08032063829886948
2011-07-10 13:22:00,0.0353400544937005,0.7107276649090869,0.8456179419004884,0.10519339338541056
2011-07-10 13:23:00,0.0390612962764094,0.7358852808556471,0.8522201084562802,0.12664637074106877
2011-07-10 13:24:00,0.0422418813187823,0.7575754547857473,0.8571434564594396,0.14472697669899315
2011-07-10 13:25:00,0.0448995658016674,0.7759227316812161,0.8604839959444249,0.15952781934083138
2011-07-10 13:26:00,0.0470563695118921,0.7910777711973814,0.8623482586097656,0.17118011472256112
2011-07-10 13:27:00,0.0487380413147724,0.8032137862286607,0.8628513037907215,0.1798475136695965
2011-07-10 13:28:00,0.049973504779432,0.8125228816905212,0.8621147327864005,0.1857202861290581
2011-07-10 13:29:00,0.0507942945841712,0.819212361354557,0.8602647428774878,0.18900983225391488
2011-07-10 13:30:00,0.0512339935662252,0.8235010655148626,0.8574302489204235,0.1899435107451939
2011-07-10 13:31:00,0.0513276794098689,0.8256157965798063,0.8537410967647611,0.18875978841009244
2011-07-10 13:32:00,0.0511113890168186,0.8257878835322452,0.8493263890081904,0.18570372258063927
2011-07-10 13:33:00,0.0506216075992058,0.8242499297297958,0.8443129398669564,0.181022791584601
2011-07-10 13:34:00,0.049894788501882,0.8212327818627401,0.8388238722744958,0.17496308904715896
2011-07-10 13:35:00,0.0489669087191644,0.8169627511783436,0.832977366791626,0.16776589629493377
2011-07-10 13:36:00,0.0478730640407876,0.811659111433017,0.8268855685690445,0.15966464417116732
2011-07-10 13:37:00,0.0466471067599785,0.805531891552601,0.8206536554868887,0.1508822716252871
2011-07-10 13:38:00,0.0453213279181449,0.798779974758553,0.8143790677367763,0.1416289838679461
2011-07-10 13:39:00,0.0439261851583496,0.7915895100311525,0.8081508965323388,0.13210040795856481
2011-07-10 13:40:00,0.0424900764240379,0.7841326362918167,0.8020494273507347,0.1224761386355242
2011-07-10 13:41:00,0.0410391589787952,0.7765665146446118,0.796145831128499,0.11291866219425728
2011-07-10 13:42:00,0.0395972125436043,0.769032659460627,0.7905019951641855,0.10357264143184786
2011-07-10 13:43:00,0.0381855447546128,0.7616565550462254,0.7851704841162226,0.09456454026265337
2011-07-10 13:44:00,0.0368229366394885,0.7545475411272139,0.7801946204168159,0.08600256270932416
2011-07-10 13:45:00,0.0355256253950001,0.7477989474188217,0.7756086726342347,0.07797687771391604
2011-07-10 13:46:00,0.0343073214218671,0.7414884551387977,0.7714381397908774,0.07056009870127022
2011-07-10 13:47:00,0.0331792563330286,0.7356786614457538,0.7677001193715022,0.06380798513662578
2011-07-10 13:48:00,0.0321502584949206,0.7304178214226783,0.7644037467221486,0.05776033248368706
2011-07-10 13:49:00,0.0312268525837653,0.7257407413471857,0.7615506937307063,0.052442016975363215
2011-07-10 13:50:00,0.0304133796343699,0.7216697965656689,0.759135715078308,0.047864162400533816
2011-07-10 13:51:00,0.0297121341192865,0.7182160472882233,0.7571472309313589,0.04402539758535884
2011-07-10 13:52:00,0.02912351471061,0.7153804260154749,0.7555679356682813,0.04091317526737526
2011-07-10 13:53:00,0.0286461855328634,0.7131549710657721,0.7543754230592445,0.038505125465069456
2011-07-10 13:54:00,0.028277244900801,0.7115240817557982,0.7535428192039749,0.03677041907622258
2011-07-10 13:55:00,0.0280123987399417,0.710465772160572,0.7530394154556841,0.03567112015577689
2011-07-10 13:56:00,-0.06834826103078381,-0.1423670746910939,0.552190479321377,0.0
2011-07-10 13:57:00,-0.06834826103078381,-0.1423670746910939,0.552190479321377,0.0
2011-07-10 13:58:00,0.027782282432559,0.7104362172020073,0.7531528510035609,0.035727131489878605
2011-07-10 13:59:00,0.0278691487079951,0.7113627293271969,0.7536040787411864,0.036693170432263944
2011-07-10 14:00:00,0.0280238445531343,0.7126973503431848,0.7541948135010433,0.03804270902579354
2011-07-10 14:01:00,0.0282373295412133,0.7144035705079692,0.754883888605676,0.0397208729320484
2011-07-10 14:02:00,0.0285003288405119,0.7164456752041937,0.755630278599601,0.04167355356624114
2011-07-10 14:03:00,0.0288034714132205,0.7187893826725464,0.7563935648355108,0.04384818893017428
2011-07-10 14:04:00,0.0291374184862179,0.7214023610787967,0.7571343721724751,0.04619444332834788
2011-07-10 14:05:00,0.0294929818892281,0.7242546225310442,0.7578147772486469,0.04866478478812297
2011-07-10 14:06:00,0.0298612320435601,0.7273187938184088,0.7583986891423444,0.05121496027855832
2011-07-10 14:07:00,0.0302335955527906,0.7305702657223473,0.7588522034596107,0.053804369963029286
2011-07-10 14:08:00,0.0306019424942722,0.733987224726557,0.7591439309998802,0.056396342723774806
2011-07-10 14:09:00,0.0309586636359732,0.7375505727956928,0.7592453021723099,0.05895831606163893
2011-07-10 14:10:00,0.0312967379059799,0.7412437425916216,0.7591308482719666,0.061461924203080054
2011-07-10 14:11:00,0.0316097905217084,0.7450524170445189,0.7587784605720425,0.06388299884375659
2011-07-10 14:12:00,0.0318921422427369,0.7489641635938316,0.7581696279398213,0.06620148743801968
2011-07-10 14:13:00,0.0321388502459357,0.7529679946547436,0.7572896533486895,0.06840129433583853
2011-07-10 14:14:00,0.0323457411354149,0.7570538669371234,0.7561278492566221,0.07047005041500154
2011-07-10 14:15:00,0.0325094365942796,0.7612121331314947,0.7546777113756944,0.07239881720446406
2011-07-10 14:16:00,0.0326273721621839,0.7654329601661068,0.7529370698915783,0.07418173189631827
2011-07-10 14:17:00,0.0326978095844133,0.7697057287189569,0.750908216738738,0.075815600156528
2011-07-10 14:18:00,0.0327198431271771,0.7740184289306263,0.7485980071297129,0.07729944432227365
2011-07-10 14:19:00,0.032693400192619,0.778357067302472,0.7460179331957353,0.07863401544986348
2011-07-10 14:20:00,0.0326192364985846,0.7827050995788646,0.7431841673210235,0.07982127875549572
2011-07-10 14:21:00,0.0324989260153345,0.7870429040147398,0.7401175725283883,0.08086388325145677
2011-07-10 14:22:00,0.0323348457771595,0.7913473088523256,0.7368436770773359,0.08176462778559168
2011-07-10 14:23:00,0.0321301556142289,0.7955911871059711,0.7333926102569562,0.08252593718580004
2011-07-10 14:24:00,0.0318887727819357,0.7997431308887144,0.7297989962106067,0.0831493637090086
2011-07-10 14:25:00,0.0316153414043493,0.8037672164885944,0.7261018025560004,0.08363513037784531
2011-07-10 14:26:00,0.0313151965978468,0.8076228701918549,0.722344140601877,0.08398173391287167
2011-07-10 14:27:00,0.0309943231030721,0.8112648434407526,0.718573014137551,0.08418562567223309
2011-07-10 14:28:00,0.0306593082303325,0.814643304303621,0.7148390140983976,0.08424098912790301
2011-07-10 14:29:00,0.0303172889173336,0.8177040504330648,0.7111959568915222,0.08413963178217276
2011-07-10 14:30:00,0.029975892710429,0.8203888467177406,0.7077004647942001,0.08387100793063862
2011-07-10 14:31:00,0.029643172512582,0.8226358887253146,0.7044114876020465,0.08342238621934839
2011-07-10 14:32:00,0.0293275349938563,0.8243803908144818,0.7013897655952005,0.08277917247698463
2011-07-10 14:33:00,0.029037662633904,0.825555295476433,0.6986972349040274,0.0819253938248028
2011-07-10 14:34:00,0.0287824294605099,0.826092098058351,0.6963963774908954,0.0808443446225453
2011-07-10 14:35:00,0.0285708106632334,0.8259217785335747,0.6945495192242546,0.07951938849316686
2011-07-10 14:36:00,0.0284117863954478,0.824975829437732,0.693218080901025,0.07793490362394073
2011-07-10 14:37:00,0.0283142402299918,0.8231873665270341,0.692461788551148,0.07607735094321644
2011-07-10 14:38:00,0.0282868529010356,0.8204923061843856,0.6923378508984144,0.07393643682550022
2011-07-10 14:39:00,0.0283379921448896,0.8168305911530225,0.6929001134190369,0.07150633391423034
2011-07-10 14:40:00,0.0284755996420471,0.8121474438680851,0.6941982000028851,0.06878691573376039
2011-07-10 14:41:00,0.0287070762579025,0.8063946245400825,0.6962766547446089,0.06578495328877709
2011-07-10 14:42:00,0.0290391669759399,0.7995316692826142,0.6991740978225179,0.06251521517126157
2011-07-10 14:43:00,0.0294778471098308,0.7915270820332568,0.7029224107078911,0.059001407240663495
2011-07-10 14:44:00,0.0300282115644152,0.7823594528500487,0.7075459670423729,0.05527688424958477
2011-07-10 14:45:00,0.0306943690841104,0.7720184744318533,0.7130609263927068,0.05138506452468827
2011-07-10 14:46:00,0.0314793435746031,0.7605058284688492,0.7194746087041082,0.04737948078855747
2011-07-10 14:47:00,0.032384984703077,0.7478359137538456,0.7267849675719646,0.04332340634285092
2011-07-10 14:48:00,0.0334118900667376,0.7340363889683666,0.7349801803581838,0.03928900708460281
2011-07-10 14:49:00,0.0345593412617993,0.7191485047988534,0.7440383726045334,0.03535598705511833
2011-07-10 14:50:00,0.0358252561779628,0.7032272026250768,0.7539274930644188,0.03160971897830955
2011-07-10 14:51:00,0.0372061597791676,0.6863409605201274,0.7646053539341386,0.028138881512587144
2011-07-10 14:52:00,0.0386971755024911,0.6685713717587577,0.7760198484811782,0.025032660827940756
2011-07-10 14:53:00,0.0402920392060281,0.6500124464925325,0.7881093552187567,0.022377613605614854
2011-07-10 14:54:00,0.0419831373159938,0.6307696337605093,0.8008033340432967,0.02025432834569263
2011-07-10 14:55:00,0.0437615704553905,0.6109585686120985,0.8140231153019121,0.018734057472850285
2011-07-10 14:56:00,0.0456172433730054,0.5907035578810057,0.8276828775369094,0.017875518889225228
2011-07-10 14:57:00,0.0475389814246233,0.5701358281499356,0.8416908035593546,0.017722077038468953
2011-07-10 14:58:00,0.049514673166781,0.5493915708623854,0.8559503972101571,0.018299505782890302
2011-07-10 14:59:00,0.0515314377043785,0.5286098324385069,0.8703619340910149,0.019614505750677802
2011-07-10 15:00:00,0.0535758140874137,0.5079303105145984,0.8848240088075697,0.02165409741109725
2011-07-10 15:01:00,0.0556339682539689,0.487491127610945,0.8992351312363697,0.024385942490800394
2011-07-10 15:02:00,0.0576919112416865,0.467426656285443,0.9134953190272732,0.027759569896407266
2011-07-10 15:03:00,0.0597357213532495,0.4478654636225456,0.9275076352442094,0.03170841004022851
2011-07-10 15:04:00,0.0617517629547547,0.4289284305639744,0.9411796271910288,0.036152483669048774
2011-07-10 15:05:00,0.0637268953307917,0.4107270875558588,0.9544246316968747,0.041001553903900145
2011-07-10 15:06:00,0.0656486660988123,0.3933621951235312,0.967162921102996,0.04615853476872056
2011-07-10 15:07:00,0.0675054848436718,0.3769225870612793,0.9793226721570348,0.0515229542533735
2011-07-10 15:08:00,0.069286773756914,0.361484284739391,0.9908407469716908,0.05699429089783137
2011-07-10 15:09:00,0.0709830931011794,0.3471098832508993,1.0016632812511896,0.06247503479543637
2011-07-10 15:10:00,0.0725862402464794,0.3338482035276481,1.011746080214322,0.06787336145294076
2011-07-10 15:11:00,0.0740893218377001,0.321734199035838,1.0210548271029205,0.07310534542969149
2011-07-10 15:12:00,0.0754867993542365,0.3107891011409386,1.0295651129038073,0.07809667654314234
2011-07-10 15:13:00,0.0767745089181007,0.3010207836411778,1.0372622989740676,0.08278387237552276
2011-07-10 15:14:00,0.0779496567019845,0.2924243242378766,1.0441412266898469,0.0871150057189507
2011-07-10 15:15:00,0.0790107916897777,0.2849827387710234,1.0502057900856228,0.0910499842492305
2011-07-10 15:16:00,0.0799577578555076,0.2786678628306804,1.0554683887631588,0.0945604325455025
2011-07-10 15:17:00,0.0807916280593805,0.2734413547867353,1.0599492791759526,0.0976292343490639
2011-07-10 15:18:00,0.0815146221185673,0.2692557942843177,1.0636758427835205,0.10024979658986721
2011-07-10 15:19:00,0.082130011602658,0.2660558507505862,1.0666817895657774,0.10242509709989833
2011-07-10 15:20:00,0.0826420139364234,0.2637794973735508,1.0690063150349542,0.10416657587826061
2011-07-10 15:21:00,0.08305567837269,0.2623592472744919,1.0706932282240091,0.10549292594079307
2011-07-10 15:22:00,0.0833767663326686,0.2617233901394977,1.07179006720937,0.10642883471051579
2011-07-10 15:23:00,-0.06834826103078381,-0.1423670746910939,0.552190479321377,0.0
2011-07-10 15:24:00,0.0837670809712712,0.2625041615709954,1.0724170479951625,0.10725050622124233
2011-07-10 15:25:00,0.083850282415662,0.263767002925474,1.072053075371317,0.10720445180940819
2011-07-10 15:26:00,0.0838686143862373,0.265508847839182,1.0713091710256628,0.10690208811965407
2011-07-10 15:27:00,0.0838295662592795,0.2676541490599251,1.0702388171356454,0.10638025352593727
2011-07-10 15:28:00,0.0837406264425084,0.2701295893240932,1.0688944216065377,0.10567525616112161
2011-07-10 15:29:00,0.0836091810912682,0.2728648773547196,1.0673266977171003,0.10482216492802543
2011-07-10 15:30:00,0.0834424214086024,0.2757934428910649,1.065584113437687,0.10385423115691284
2011-07-10 15:31:00,0.0832472603838938,0.2788530274041724,1.063712413852692,0.10280243771865916
2011-07-10 15:32:00,0.083030259615319,0.2819861689869377,1.0617542187437603,0.10169516860694716
2011-07-10 15:33:00,0.0827975666597453,0.2851405815997634,1.0597486961101397,0.10055798903418411
2011-07-10 15:34:00,0.0825548631621366,0.2882694303881526,1.057731311229056,0.09941352396737746
2011-07-10 15:35:00,0.0823073238368188,0.2913315061645546,1.0557336497997014,0.09828142174976517
2011-07-10 15:36:00,0.0820595862064896,0.2942913033694125,1.0537833127718532,0.09717838896127962
2011-07-10 15:37:00,0.0818157308526492,0.2971190069009388,1.051903879629071,0.09611828287618862
2011-07-10 15:38:00,0.0815792717938281,0.2997903941326212,1.0501149361634048,0.09511224865493828
2011-07-10 15:39:00,0.0813531564859457,0.302286659226378,1.0484321621294397,0.09416888961617009
2011-07-10 15:40:00,0.0811397748323965,0.3045941675030297,1.046867473595534,0.09329446043095446
2011-07-10 15:41:00,0.0809409764998465,0.3067041481513322,1.0454292143259731,0.09249307473146229
2011-07-10 15:42:00,0.0807580957587989,0.3086123339390553,1.0441223901389909,0.09176692030829425
2011-07-10 15:43:00,0.0805919830051355,0.3103185568335888,1.0429489398962082,0.09111647667451428
2011-07-10 15:44:00,0.0804430420692865,0.3118263085512494,1.0419080365860085,0.090540731208409
2011-07-10 15:45:00,0.0803112723825367,0.3131422750462309,1.0409964118601511,0.0900373912846022
2011-07-10 15:46:00,0.0801963150442738,0.314275853838282,1.0402086973616225,0.0896030907258043
2011-07-10 15:47:00,0.0800975018186968,0.315238662879929,1.039537776234165,0.08923358954348948
2011-07-10 15:48:00,0.0800139060835725,0.3160440493947683,1.0389751383220092,0.08892396629692723
