timestamp,x,y,z,enmo
2012-01-08 10:30:00,-0.2080016773165877,0.2885681724652689,0.8620250495186205,0.0
2012-01-08 10:31:00,-0.1946991148883759,0.2861845994784801,0.8674980755739801,0.0
2012-01-08 10:32:00,-0.1817606167305634,0.2823690114143205,0.8732053536096693,0.0
2012-01-08 10:33:00,-0.1692794541353887,0.2771305844013733,0.8791063999415378,0.0
2012-01-08 10:34:00,-0.1573423146615294,0.2704893110800406,0.88515950937931,0.0
2012-01-08 10:35:00,-0.1460279597800507,0.2624753675927299,0.8913224807625183,0.0
2012-01-08 10:36:00,-0.1354060037457556,0.2531285583569356,0.8975532894489949,0.0
2012-01-08 10:37:00,-0.1255358372576968,0.2424978664873865,0.9038106890497224,0.0
2012-01-08 10:38:00,-0.1164657198459723,0.2306411160360999,0.9100547321379134,0.0
2012-01-08 10:39:00,-0.1082320657496606,0.2176247304639965,0.9162472070551054,0.0
2012-01-08 10:40:00,-0.1008589489124034,0.2035235517632476,0.9223519947908664,0.0
2012-01-08 10:41:00,-0.0943578521032606,0.1884206689008525,0.9283353554385306,0.0
2012-01-08 10:42:00,-0.0887276806895178,0.1724071959246075,0.934166156898398,0.0
2012-01-08 10:43:00,-0.0839550519488532,0.1555819412765311,0.9398160588494736,0.0
2012-01-08 10:44:00,-0.0800148573917056,0.1380509197494406,0.9452596631322956,0.0
2012-01-08 10:45:00,-0.0768710813729743,0.119926674123303,0.9504746386008404,0.0
2012-01-08 10:46:00,-0.0744778466423218,0.1013273921783241,0.9554418248109416,0.0
2012-01-08 10:47:00,-0.0727806474906463,0.0823758246514911,0.9601453148478282,0.0
2012-01-08 10:48:00,-0.0717177245651579,0.0631980281706716,0.9645725136759244,0.0
2012-01-08 10:49:00,-0.071221532899359,0.043921970626643,0.9687141656208867,0.0
2012-01-08 10:50:00,-0.0712202559121108,0.0246760425018332,0.9725643438172132,0.0
2012-01-08 10:51:00,-0.0716393216818749,0.0055875173166725,0.976120395657349,0.0
2012-01-08 10:52:00,-0.0724028822924572,-0.0132189992975683,0.9793828406716248,0.0
2012-01-08 10:53:00,-0.0734352217669177,-0.0316230965569163,0.9823552200089792,0.0
2012-01-08 10:54:00,-0.0746620629118773,-0.0495100296017658,0.9850438993062656,0.0
2012-01-08 10:55:00,-0.0760117483834626,-0.0667721055541054,0.9874578290337512,0.0
2012-01-08 10:56:00,-0.0774162765584175,-0.0833099582466751,0.9896082682834548,0.0
2012-01-08 10:57:00,-0.0788121782626001,-0.0990336886575068,0.991508479389744,0.0
2012-01-08 10:58:00,-0.0801412258355987,-0.113863851582779,0.9931734017814238,0.0028863339291163026
2012-01-08 10:59:00,-0.0813509712672948,-0.1277322720730755,0.9946193140993344,0.006082051243591513
2012-01-08 11:00:00,-0.0823951153392957,-0.1405826777501307,0.9958634937955314,0.009106804352153386
2012-01-08 11:01:00,-0.0832337148717759,-0.152371136377795,0.996923883013189,0.011929860718869811
2012-01-08 11:02:00,-0.0838332398750943,-0.1630662927641707,0.997818768503169,0.014524973926707263
2012-01-08 11:03:00,-0.0841664959210471,-0.1726494044506305,0.9985664818808516,0.016871100301649067
2012-01-08 11:04:00,-0.0842124289746298,-0.1811141797554909,0.999185125089182,0.01895289071762085
2012-01-08 11:05:00,-0.0839558303832945,-0.1884664234120897,0.9996923249068866,0.02076095080426632
2012-01-08 11:06:00,-0.0833869591700292,-0.1947234953779059,1.000105019743696,0.02229187374660868
2012-01-08 11:07:00,-0.0825010978350231,-0.1999135901680743,1.0004392813231944,0.023548059590922543
2012-01-08 11:08:00,-0.0812980571192325,-0.2040748494085426,1.0007101725928098,0.024537343283890456
2012-01-08 11:09:00,-0.0797816449781564,-0.2072543286576312,1.0009316412502411,0.025272460411693398
2012-01-08 11:10:00,-0.0779591153787014,-0.2095068479671698,1.0011164462045268,0.025770384577830097
2012-01-08 11:11:00,-0.0758406130908537,-0.2108937611686802,1.0012761127905083,0.026051573332812383
2012-01-08 11:12:00,-0.0734386308077018,-0.2114816803272226,1.0014209119294144,0.02613916037663988
2012-01-08 11:13:00,-0.0707674943827264,-0.2113411901224443,1.0015598584931087,0.026058130443064265
2012-01-08 11:14:00,-0.0678428908718428,-0.2105455843107021,1.0017007243947675,0.025834510127040744
2012-01-08 11:15:00,-0.0646814525509455,-0.2091696544891204,1.0018500619556787,0.02549460325434949
2012-01-08 11:16:00,-0.0613004078686575,-0.2072885592195348,1.0020132328886877,0.02506429343344796
2012-01-08 11:17:00,-0.0577173069862141,-0.2049767969649212,1.0021944382089851,0.024568429533509795
2012-01-08 11:18:00,-0.05394982529127,-0.2023072989519482,1.0023967448918514,0.024030302787945157
2012-01-08 11:19:00,-0.0500156438558171,-0.1993506501891864,1.002622106124723,0.023471217988634274
2012-01-08 11:20:00,-0.0459324020796991,-0.1961744405385354,1.002871373283807,0.022910156384013725
2012-01-08 11:21:00,-0.0417177150192437,-0.1928427433064451,1.003144299076661,0.022363524467881257
2012-01-08 11:22:00,-0.0373892459218975,-0.1894157155358934,1.0034395325474577,0.021844980651000157
2012-01-08 11:23:00,-0.0329648227949946,-0.1859493110832608,1.0037546078530144,0.021365330633658974
2012-01-08 11:24:00,-0.0284625860041229,-0.1824950939476563,1.0040859298816056,0.02093248195128683
2012-01-08 11:25:00,-0.0239011519721894,-0.1791001355510614,1.0044287607502278,0.020551448503329794
2012-01-08 11:26:00,-0.0192997766922229,-0.1758069774495113,1.004777211702878,0.020224396815579304
2012-01-08 11:27:00,-0.0146785026938808,-0.1726536414691109,1.0051242448464106,0.01995072720791069
2012-01-08 11:28:00,-0.0100582744509559,-0.1696736711097221,1.0054616888274075,0.019727184717776902
2012-01-08 11:29:00,-0.0054610095627116,-0.166896188359903,1.0057802724760525,0.019547996328034944
2012-01-08 11:30:00,-0.0009096158376996,-0.1643459477298693,1.0060696807797405,0.019405032614833617
2012-01-08 11:31:00,0.003572052716537,-0.1620433664742105,1.0063186379126987,0.019287993252826485
2012-01-08 11:32:00,0.0079593050806451,-0.1600045102344749,1.0065150217835184,0.019184616695433476
2012-01-08 11:33:00,0.0122267885530006,-0.1582410189071285,1.0066460131902928,0.019080914498450063
2012-01-08 11:34:00,0.016348727982323,-0.1567599676635768,1.0066982802618902,0.018961430011348757
2012-01-08 11:35:00,0.0202992239272137,-0.1555636692390043,1.0066581961678978,0.01880951977842993
2012-01-08 11:36:00,0.0240526029109311,-0.1546494318774687,1.00651208610265,0.01860765457438185
2012-01-08 11:37:00,0.0275838117283544,-0.1540092911461853,1.0062464987278168,0.018337736033977148
2012-01-08 11:38:00,0.0308688466082452,-0.1536297351790777,1.0058484972046304,0.01798142446261286
2012-01-08 11:39:00,0.0338852065919218,-0.1534914450115682,1.0053059650253222,0.017520473618595434
2012-01-08 11:40:00,0.0366123587797449,-0.1535690761267891,1.0046079217457495,0.016937069042212816
2012-01-08 11:41:00,0.0390322012752887,-0.1538311134218128,1.003744843420151,0.016214167823659587
2012-01-08 11:42:00,0.041129507956754,-0.1542398372795522,1.0027089821235775,0.015335839345823832
2012-01-08 11:43:00,0.0428923381554564,-0.1547514403555143,1.001494678522165,0.014287608162873555
2012-01-08 11:44:00,0.0443123947256726,-0.1553163307476308,1.000098661166892,0.013056801463294576
2012-01-08 11:45:00,0.0453853163504072,-0.155879647340656,0.9985203261764656,0.011632904359495821
2012-01-08 11:46:00,0.0461108939730748,-0.1563819993512058,0.996761991260114,0.010007926446572224
2012-01-08 11:47:00,0.0464932061775122,-0.1567604267243895,0.9948291185285972,0.00817678245427933
2012-01-08 11:48:00,0.0465406732974237,-0.1569495623764157,0.9927305011567544,0.006137688056692792
2012-01-08 11:49:00,0.0462660341991237,-0.1568829625282203,0.9904784095810888,0.0038925688032702688
2012-01-08 11:50:00,0.0456862522983705,-0.1564945599370692,0.9880886932789904,0.0014474757693236917
2012-01-08 11:51:00,0.0448223581271674,-0.1557201897295919,0.985580833928686,0.0
2012-01-08 11:52:00,0.0436992351300217,-0.1544991394617468,0.9829779448684104,0.0
2012-01-08 11:53:00,0.042345354355577,-0.1527756804086043,0.980306710833204,0.0
2012-01-08 11:54:00,0.0407924631317538,-0.1505005405350213,0.9775972617136076,0.0
2012-01-08 11:55:00,0.0390752327741665,-0.1476322787435052,0.9748829748576312,0.0
2012-01-08 11:56:00,0.0372308704618551,-0.1441385172724904,0.9722002019122384,0.0
2012-01-08 11:57:00,0.0352987002122166,-0.1399969887823809,0.9695879178217331,0.0
2012-01-08 11:58:00,0.033319717242729,-0.1351963588194018,0.9670872910288316,0.0
2012-01-08 11:59:00,0.0313361189435771,-0.1297367920487818,0.9647411751923946,0.0
2012-01-08 12:00:00,0.0293908143785426,-0.1236302399336301,0.9625935240672332,0.0
2012-01-08 12:01:00,0.0275269130118444,-0.1169004373091545,0.9606887327272208,0.0
2012-01-08 12:02:00,0.0257871924728125,-0.1095826054034909,0.9590709100457624,0.0
2012-01-08 12:03:00,0.024213544535848,-0.1017228691838884,0.9577830892487096,0.0
2012-01-08 12:04:00,0.0228463978991634,-0.0933774069692678,0.9568663854817122,0.0
2012-01-08 12:05:00,0.0217241158665819,-0.0846113595082874,0.9563591117940382,0.0
2012-01-08 12:06:00,0.0208823670311364,-0.0754975342473484,0.9562958677208934,0.0
2012-01-08 12:07:00,0.0203534678390508,-0.0661149487330468,0.9567066174691644,0.0
2012-01-08 12:08:00,0.0201656976802709,-0.0565472639854883,0.9576157770618952,0.0
2012-01-08 12:09:00,0.0203425902148558,-0.04688116063048,0.9590413310998176,0.0
2012-01-08 12:10:00,0.0209022092820595,-0.0372047040061127,0.9609939997753532,0.0
2012-01-08 12:11:00,0.0218564235551523,-0.0276057306782419,0.9634764758153052,0.0
2012-01-08 12:12:00,0.0232101997159222,-0.0181702751353287,0.9664827500293228,0.0
2012-01-08 12:13:00,0.0249609377104484,-0.0089810497414224,0.96999754373744,0.0
2012-01-08 12:14:00,0.0270978728571787,-0.000115994404689,0.9739958662311996,0.0
2012-01-08 12:15:00,0.0296015684384956,0.0083530825643311,0.9784427142719476,0.0
2012-01-08 12:16:00,0.0324435194523334,0.016361753680209,0.9832929269987424,0.0
2012-01-08 12:17:00,0.0355858840097609,0.0238541049606934,0.9884912035431872,0.0
2012-01-08 12:18:00,0.0389813542173913,0.0307837580941184,0.9939722841894376,0.0
2012-01-08 12:19:00,0.0425731740438699,0.0371147911063704,0.9996612913232376,0.0012555519132375625
2012-01-08 12:20:00,0.0462953080653322,0.0428225579392313,1.005474224109356,0.00744997015516069
2012-01-08 12:21:00,0.0500727623242642,0.0478943939687399,1.0113185998077818,0.013689530782274417
2012-01-08 12:22:00,0.0538220569190131,0.0523301845584919,1.0170942340336615,0.019860746833331167
2012-01-08 12:23:00,0.0574518491072494,0.0561427709838204,1.022694151883416,0.025844069045643847
2012-01-08 12:24:00,0.0608637049594594,0.0593581710727129,1.0280056216344375,0.03151507074133231
2012-01-08 12:25:00,0.0639530162574757,0.0620155973053899,1.0329113024985346,0.03674571685963213
2012-01-08 12:26:00,0.0666100572357665,0.0641672605706494,1.0372904974976016,0.04140573901477773
2012-01-08 12:27:00,0.0687211732622164,0.065877952658271,1.0410205018606913,0.045364142103251126
2012-01-08 12:28:00,0.070170091086467,0.0672244050512522,1.0439780363988251,0.04849086920236201
2012-01-08 12:29:00,0.0708393380246339,0.0682944258739282,1.046040754102768,0.05065865040035966
2012-01-08 12:30:00,0.0706117553691991,0.0691858209615142,1.0470888067545154,0.051745058010273404
2012-01-08 12:31:00,0.0693720893920376,0.0700051088777737,1.04700645668447,0.05163478565259272
2012-01-08 12:32:00,0.0670086415910139,0.0708660433141395,1.0456837169870234,0.05022216226599974
2012-01-08 12:33:00,0.0634149583408204,0.0718879597071649,1.043018001576603,0.04741390448336036
2012-01-08 12:34:00,0.0584915387989331,0.0731939661627187,1.0389157644844482,0.04313210212705165
2012-01-08 12:35:00,0.0521475386989079,0.0749090019006507,1.0332941058359917,0.03731742177286668
2012-01-08 12:36:00,0.0443024464840224,0.0771577894264068,1.026082320091367,0.029932502078520606
2012-01-08 12:37:00,0.0348877070880719,0.080062709465188,1.0172233604608778,0.020965501189972313
2012-01-08 12:38:00,0.0238482675217986,0.0837416303482178,1.006675192001807,0.010433739890471028
2012-01-08 12:39:00,0.011144017277731,0.0883057260301062,0.9944120048469236,0.0
2012-01-08 12:40:00,-0.0032489043821823,0.0938573192114181,0.9804252584157136,0.0
2012-01-08 12:41:00,-0.0193369627656218,0.1004877881168376,0.9647245274253534,0.0
2012-01-08 12:42:00,-0.0371082726383104,0.1082755774486711,0.9473381211205252,0.0
2012-01-08 12:43:00,-0.0565318632106682,0.1172843560624669,0.9283134484350491,0.0
2012-01-08 12:44:00,-0.077557193467729,0.1275613659633839,0.907717103890358,0.0
2012-01-08 12:45:00,-0.1001139481068923,0.1391360090373386,0.885634652088408,0.0
2012-01-08 12:46:00,-0.1241121429696955,0.152018719217876,0.8621700928288454,0.0
2012-01-08 12:47:00,-0.1494425657743153,0.1662001683040942,0.8374449942890365,0.0
2012-01-08 12:48:00,-0.1759775730867042,0.1816508528807147,0.8115972884197546,0.0
2012-01-08 12:49:00,-0.2035722577505608,0.1983211063161397,0.7847797307322588,0.0
2012-01-08 12:50:00,-0.2320659925012653,0.2161415710942135,0.7571580359181104,0.0
2012-01-08 12:51:00,-0.2612843453545674,0.2350241505030796,0.7289087111856376,0.0
2012-01-08 12:52:00,-0.2910413504034597,0.2548634350138968,0.7002166208520436,0.0
2012-01-08 12:53:00,-0.321142103211176,0.2755385703640159,0.6712723287086778,0.0
2012-01-08 12:54:00,-0.3513856324399059,0.2969155057863377,0.6422692787731101,0.0
2012-01-08 12:55:00,-0.3815679791636889,0.3188495371536772,0.6134008888216022,0.0
2012-01-08 12:56:00,-0.4114853951404496,0.3411880463931118,0.5848576412580345,0.0
2012-01-08 12:57:00,-0.4409375564719214,0.363773338028134,0.5568242585562423,0.0
2012-01-08 12:58:00,-0.4697306854015555,0.3864454830744801,0.529477044242303,0.0
2012-01-08 12:59:00,-0.4976804823395306,0.4090450932877317,0.5029814574167734,0.0
2012-01-08 13:00:00,-0.5246147884795629,0.4314159606835829,0.4774899731418361,0.0
2012-01-08 13:01:00,-0.5503759201948504,0.4534075079797917,0.4531402656253764,0.0
2012-01-08 13:02:00,-0.5748226356309653,0.4748770060602372,0.4300537372572535,0.0
2012-01-08 13:03:00,-0.5978317103990118,0.4956915249518633,0.4083344044211013,0.0
2012-01-08 13:04:00,-0.6192991131771842,0.5157295948180846,0.3880681405556329,0.0
2012-01-08 13:05:00,-0.6391407836909014,0.5348825627941022,0.3693222680677355,0.0
2012-01-08 13:06:00,-0.6572930252303184,0.5530556399327962,0.3521454833006782,0.0
2012-01-08 13:07:00,-0.6737125317922944,0.5701686399975188,0.3365680927342402,0.0
2012-01-08 13:08:00,-0.6883760762780231,0.5861564182946778,0.3226025338409045,0.0
2012-01-08 13:09:00,-0.7012798910846885,0.6009690241946933,0.3102441504440238,0.0
2012-01-08 13:10:00,-0.7124387760224881,0.6145715854891368,0.299472189920588,0.0
2012-01-08 13:11:00,-0.721884970870313,0.6269439463442957,0.2902509880637721,0.0
2012-01-08 13:12:00,-0.7296668311471142,0.6380800834213018,0.2825313067690631,0.00964539153102728
2012-01-08 13:13:00,-0.7358473459247232,0.647987326817536,0.2762517898319329,0.018662821352552372
2012-01-08 13:14:00,-0.740502535869946,0.6566854138970145,0.2713405029451847,0.02625796318150897
2012-01-08 13:15:00,-0.7437197683220054,0.6642054048570906,0.2677165253634015,0.03245341376110611
2012-01-08 13:16:00,-0.7455960242245461,0.6705884890652544,0.2652915625670283,0.03729550571451257
2012-01-08 13:17:00,-0.7462361492662617,0.6758847108424977,0.2639715515202163,0.0408503796580828
2012-01-08 13:18:00,-0.7457511187537322,0.6801516425269006,0.2636582326898317,0.04320019728698754
2012-01-08 13:19:00,-0.7442563426436283,0.6834530313865144,0.2642506657981343,0.044439545426848914
2012-01-08 13:20:00,-0.7418700338907552,0.6858574453277207,0.2656466692439702,0.04467207073653179
2012-01-08 13:21:00,-0.7387116599105468,0.6874369404247778,0.267744166177935,0.04400737644457897
2012-01-08 13:22:00,-0.7349004935857139,0.6882657711383181,0.2704424232929327,0.04255820533421706
2012-01-08 13:23:00,-0.7305542769273209,0.6884191617554665,0.273643171436231,0.040437926587924
2012-01-08 13:24:00,-0.7257880072820521,0.6879721551287941,0.27725160011214,0.03775833772210735
2012-01-08 13:25:00,-0.720712852911436,0.6869985522648947,0.2811772207817328,0.03462778652631493
2012-01-08 13:26:00,-0.7154352019065187,0.6855699537577746,0.2853345965396779,0.03114961164950203
2012-01-08 13:27:00,-0.7100558457856719,0.6837549115147408,0.2896439382264585,0.027420894330200563
2012-01-08 13:28:00,-0.7046692967824807,0.6816181967184253,0.2940315692910907,0.023531507900648396
2012-01-08 13:29:00,-0.6993632357792104,0.6792201875430451,0.2984302637347056,0.01956344630353568
2012-01-08 13:30:00,-0.6942180860823919,0.6766163778314087,0.3027794632241192,0.015590408158663527
2012-01-08 13:31:00,-0.6893067067681529,0.6738570057752858,0.3070253809568919,0.011677609112564324
2012-01-08 13:32:00,-0.6846941981444034,0.6709867996509348,0.3111210010801435,0.00788179246949472
2012-01-08 13:33:00,-0.6804378109864531,0.6680448358548586,0.3150259834141296,0.004251406550382031
2012-01-08 13:34:00,-0.6765869506018585,0.6650645028620714,0.3187064839148726,0.0008269168948629169
2012-01-08 13:35:00,-0.6731832664530262,0.6620735632932971,0.3221349017455936,0.0
2012-01-08 13:36:00,-0.6702608179659078,0.6590943050515774,0.3252895640416675,0.0
2012-01-08 13:37:00,-0.6678463072128817,0.6561437715135126,0.3281543594742668,0.0
2012-01-08 13:38:00,-0.6659593693296367,0.6532340600610387,0.330718331562371,0.0
2012-01-08 13:39:00,-0.6646129118039346,0.6503726777968857,0.3329752423751834,0.0
2012-01-08 13:40:00,-0.6638134941624994,0.6475629430615891,0.3349231168423081,0.0
2012-01-08 13:41:00,-0.6635617400518321,0.6448044213549015,0.3365637773693718,0.0
2012-01-08 13:42:00,-0.663852774207565,0.6420933844883945,0.3379023778289242,0.0
2012-01-08 13:43:00,-0.6646766772992853,0.6394232822805536,0.3389469452312737,0.0
2012-01-08 13:44:00,-0.6660189521153799,0.6367852168374228,0.339707936468933,0.0
2012-01-08 13:45:00,-0.6678609950175423,0.6341684104037851,0.3401978164923038,0.0
2012-01-08 13:46:00,-0.6701805670389167,0.631560658888877,0.3404306631448771,0.0
2012-01-08 13:47:00,-0.672952259401406,0.628948764447471,0.3404218026914882,0.0
2012-01-08 13:48:00,-0.6761479486004918,0.6263189418701968,0.3401874788423191,0.0
2012-01-08 13:49:00,-0.6797372366877084,0.6236571948037893,0.3397445568599537,0.0
2012-01-08 13:50:00,-0.6836878732086101,0.6209496586763696,0.339110263221907,0.0
2012-01-08 13:51:00,-0.6879661565460876,0.6181829074905719,0.3383019603826073,0.0
2012-01-08 13:52:00,-0.6925373139990062,0.6153442215554374,0.3373369554626151,0.0
2012-01-08 13:53:00,-0.6973658614395719,0.6124218131348691,0.336232341140065,0.0
2012-01-08 13:54:00,-0.7024159445590885,0.6094050071784486,0.3350048665632822,0.0
2012-01-08 13:55:00,-0.7076516644212962,0.6062843748605284,0.3336708357149157,0.0
2012-01-08 13:56:00,-0.7130373902911502,0.6030518185681389,0.3322460303419849,0.0
2012-01-08 13:57:00,-0.7185380625187096,0.5997006082080004,0.3307456543318341,0.0
2012-01-08 13:58:00,-0.7241194876534884,0.5962253702185334,0.3291842962613628,0.0
2012-01-08 13:59:00,-0.7297486269589336,0.5926220324538551,0.3275759067788426,0.0
2012-01-08 14:00:00,-0.735393878134127,0.5888877300965579,0.3259337875082161,0.0
2012-01-08 14:01:00,-0.741025348541788,0.5850206797020232,0.3242705883039027,0.0
2012-01-08 14:02:00,-0.7466151170830355,0.5810200298094115,0.3225983099039406,0.0
2012-01-08 14:03:00,-0.7521374815258914,0.5768856967659112,0.3209283092767797,0.0007511568539173563
2012-01-08 14:04:00,-0.7575691884376937,0.5726181937594996,0.3192713052055234,0.001866676470565265
2012-01-08 14:05:00,-0.7628896431060503,0.5682184605201256,0.3176373819338504,0.0028790220341281536
2012-01-08 14:06:00,-0.7680810963162974,0.5636877014636963,0.316035989054563,0.00377843256246857
2012-01-08 14:07:00,-0.7731288037171032,0.5590272409809337,0.3144759362487836,0.00455697587311743
2012-01-08 14:08:00,-0.7780211525738947,0.554238405059026,0.3129653819044979,0.005208661803813186
2012-01-08 14:09:00,-0.7827497508716424,0.5493224374122844,0.3115118149519096,0.005729547934644419
2012-01-08 14:10:00,-0.7873094751555758,0.544280455711655,0.310122029405092,0.006117834680296141
2012-01-08 14:11:00,-0.7916984754802008,0.5391134503591026,0.3088020911580063,0.006373946373478212
2012-01-08 14:12:00,-0.795918137519188,0.533822325637532,0.3075572966575401,0.006500594986595276
2012-01-08 14:13:00,-0.7999730029427115,0.5284079813164452,0.306392123234006,0.006502823312454886
2012-01-08 14:14:00,-0.8038706496959143,0.5228714317101678,0.3053101711255752,0.0063880246375649374
2012-01-08 14:15:00,-0.807621533966722,0.5172139585466738,0.3043140975948238,0.006165936134409966
2012-01-08 14:16:00,-0.81123879546913,0.5114372937364008,0.3034055440246469,0.005848603341233716
2012-01-08 14:17:00,-0.814738027185653,0.5055438282516563,0.3025850575066999,0.005450313169200305
2012-01-08 14:18:00,-0.8181370099768466,0.4995368437904942,0.3018520091516742,0.004987492870894394
2012-01-08 14:19:00,-0.8214554117214831,0.4934207644367593,0.3012045120529784,0.0044785723473348416
2012-01-08 14:20:00,-0.824714450214708,0.4872014257648069,0.3006393424202453,0.003943807128210963
2012-01-08 14:21:00,-0.8279365191002117,0.4808863585527681,0.3001518678079429,0.00340505941046243
2012-01-08 14:22:00,-0.8311447766842208,0.4744850834054685,0.2997359865593823,0.0028855347558283118
2012-01-08 14:23:00,-0.8343626985877249,0.4680094111335262,0.2993840825327784,0.002409472510178423
2012-01-08 14:24:00,-0.8376135967463817,0.4614737418475622,0.2990869988923612,0.0020017888086028
2012-01-08 14:25:00,-0.840920108971692,0.4548953538404856,0.298834034330892,0.0016876722277756606
2012-01-08 14:26:00,-0.8443036648210565,0.4482946718870494,0.2986129646475197,0.0014921337325446427
2012-01-08 14:27:00,-0.8477839347405026,0.4416955037618358,0.2984100921893515,0.0014395144830106066
2012-01-08 14:28:00,-0.8513782703168866,0.4351252335630967,0.2982103252950145,0.0015529572437353867
2012-01-08 14:29:00,-0.8551011439319667,0.4286149609020956,0.2979972895907979,0.0018538494542628126
2012-01-08 14:30:00,-0.8589635959798178,0.4221995763895658,0.2977534728439649,0.0023612483095853953
2012-01-08 14:31:00,-0.8629726969807148,0.4159177662618679,0.297460405096535,0.0030913002447110483
2012-01-08 14:32:00,-0.8671310306018862,0.4098119421119203,0.2970988758901574,0.00405666881179001
2012-01-08 14:33:00,-0.8714362024152269,0.403928094532446,0.2966491903031633,0.005265985965906994
2012-01-08 14:34:00,-0.8758803789443708,0.3983155708928744,0.2960914649866082,0.006723342271036659
2012-01-08 14:35:00,-0.8804498624328563,0.3930267771599655,0.2954059643522593,0.008427831625879456
2012-01-08 14:36:00,-0.8851247083238912,0.3881168024799039,0.2945734757498836,0.010373165849155708
2012-01-08 14:37:00,-0.8898783939770268,0.3836429642556801,0.2935757211434638,0.01254737377315962
2012-01-08 14:38:00,-0.8946775482728169,0.3796642711714711,0.2923958015763048,0.014932598238460715
2012-01-08 14:39:00,-0.8994817524164342,0.3762408020136242,0.2910186695998485,0.01750500248679887
2012-01-08 14:40:00,-0.9042434224883152,0.373432999078448,0.2894316238072867,0.020234794924104182
2012-01-08 14:41:00,-0.9089077841557937,0.3713008763057768,0.2876248186500384,0.02308637814600001
2012-01-08 14:42:00,-0.9134129495211204,0.3699031438746967,0.2855917818128236,0.026018624606922502
2012-01-08 14:43:00,-0.9176901053954564,0.3692962527100596,0.2833299305752882,0.028985277526463626
2012-01-08 14:44:00,-0.9216638213524287,0.3695333641579402,0.2808410778111271,0.031935471723868014
2012-01-08 14:45:00,-0.925252484669237,0.3706632520769684,0.2781319176087458,0.034814365197733954
2012-01-08 14:46:00,-0.9283688676588384,0.3727291468176227,0.2752144799787488,0.037563868547628276
2012-01-08 14:47:00,-0.9309208309333484,0.3757675329918897,0.2721065437626389,0.040123455881510006
2012-01-08 14:48:00,-0.93281216384196,0.3798069155009548,0.2688319966835033,0.042431037774061986
2012-01-08 14:49:00,-0.9339435607211424,0.3848665709267017,0.265421131495912,0.04442387423590355
2012-01-08 14:50:00,-0.934213728712894,0.3909553040363347,0.2619108674152711,0.04603950362307607
2012-01-08 14:51:00,-0.9335206198083462,0.3980702316963955,0.258344886446163,0.04721666207287867
2012-01-08 14:52:00,-0.9317627765452664,0.40619561881141,0.2547736748815205,0.04789616752308179
2012-01-08 14:53:00,-0.9288407775100253,0.4153017928805398,0.2512544611021298,0.048021742789213784
2012-01-08 14:54:00,-0.9246587655158482,0.4253441653477531,0.2478510418700273,0.04754075366867094
2012-01-08 14:55:00,-0.9191260380805408,0.4362623890869639,0.2446334905896664,0.04640484074166129
2012-01-08 14:56:00,-0.9121586766574076,0.4479796820765101,0.2416777425147096,0.04457042758340157
2012-01-08 14:57:00,-0.9036811880615132,0.4604023475100621,0.2390650536039885,0.04199909361943388
2012-01-08 14:58:00,-0.8936281287727015,0.4734195201880857,0.2368813316672259,0.03865780694189902
2012-01-08 14:59:00,-0.8819456803819875,0.4869031679658206,0.2352163405731548,0.034519021087686674
2012-01-08 15:00:00,-0.8685931424756503,0.5007083752377192,0.2341627805992188,0.029560649989538
2012-01-08 15:01:00,-0.8535443078192473,0.5146739328641519,0.2338152504602733,0.023765946849323427
2012-01-08 15:02:00,-0.8367886839085888,0.528623255562641,0.2342690991382248,0.01712332519225468
2012-01-08 15:03:00,-0.8183325248937192,0.5423656435763212,0.2356191783143873,0.009626173303977748
2012-01-08 15:04:00,-0.798199638655466,0.5556979003866688,0.2379585089434684,0.0012727258956308773
2012-01-08 15:05:00,-0.7764319355274006,0.5684063123462717,0.2413768782586308,0.0
2012-01-08 15:06:00,-0.7530896879340403,0.5802689893334474,0.2459593862089167,0.0
2012-01-08 15:07:00,-0.7282514742522254,0.5910585577220392,0.2517849629220739,0.0
2012-01-08 15:08:00,-0.7020137857951735,0.6005451877963663,0.2589248811154773,0.0
2012-01-08 15:09:00,-0.6744902832680497,0.608499926941527,0.2674412892634739,0.0
2012-01-08 15:10:00,-0.6458106984445676,0.6146982976272315,0.2773857926462512,0.0
2012-01-08 15:11:00,-0.6161193880346126,0.618924105886686,0.2887981101421078,0.0
2012-01-08 15:12:00,-0.5855735596523857,0.6209733920561621,0.3017048348011135,0.0
2012-01-08 15:13:00,-0.5543412044839551,0.6206584410182391,0.3161183258046413,0.0
2012-01-08 15:14:00,-0.5225987872145192,0.6178117544624862,0.3320357583409686,0.0
2012-01-08 15:15:00,-0.490528758792797,0.6122898746708767,0.3494383564131523,0.0
2012-01-08 15:16:00,-0.4583169675819944,0.6039769416030003,0.3682908320775609,0.0
2012-01-08 15:17:00,-0.4261500458448862,0.5927878656253097,0.3885410533905301,0.0
2012-01-08 15:18:00,-0.3942128414299204,0.5786710071379232,0.4101199622338095,0.0
2012-01-08 15:19:00,-0.36268595253513,0.5616102689087282,0.4329417616496857,0.0
2012-01-08 15:20:00,-0.3317434104909567,0.5416265242131083,0.4569043898287818,0.0
2012-01-08 15:21:00,-0.3015505438028238,0.518778322416746,0.4818902941709506,0.0
2012-01-08 15:22:00,-0.2722620468547105,0.4931618331378236,0.5077675137536953,0.0
2012-01-08 15:23:00,-0.2440202687534233,0.4649100107077986,0.534391072015113,0.0
2012-01-08 15:24:00,-0.2169537317575616,0.4341909824948615,0.5616046734238562,0.0
2012-01-08 15:25:00,-0.1911758845445349,0.4012056879348185,0.5892426883078173,0.0
2012-01-08 15:26:00,-0.1667840931792521,0.3661848199992035,0.6171323987894313,0.0
2012-01-08 15:27:00,-0.1438588719841646,0.3293851474482594,0.6450964658887194,0.0
2012-01-08 15:28:00,-0.1224633572510896,0.2910853242628416,0.6729555635006995,0.0
2012-01-08 15:29:00,-0.1026430278314757,0.2515813200005976,0.7005311103961781,0.0
2012-01-08 15:30:00,-0.084425676184091,0.2111816259336273,0.7276480199379676,0.0
2012-01-08 15:31:00,-0.067821629791868,0.1702023992490137,0.7541373831396601,0.0
2012-01-08 15:32:00,-0.052824216191226,0.1289626975573538,0.7798390058352638,0.0
2012-01-08 15:33:00,-0.0394104572718633,0.087779932204379,0.8046037326076805,0.0
2012-01-08 15:34:00,-0.0275419722413629,0.0469656397814728,0.8282955045166718,0.0
2012-01-08 15:35:00,-0.0171660647513409,0.0068216438839524,0.8507931118699076,0.0
2012-01-08 15:36:00,-0.0082169680069286,-0.0323633434641014,0.8719916164173084,0.0
2012-01-08 15:37:00,-0.0006172214641169,-0.0703166499514392,0.8918034290041797,0.0
2012-01-08 15:38:00,0.005720846891064,-0.1067840871453037,0.9101590384613368,0.0
2012-01-08 15:39:00,0.0108935582174596,-0.1415319146942449,0.927007395337061,0.0
2012-01-08 15:40:00,0.0150042655248818,-0.1743483460035192,0.9423159605026312,0.0
2012-01-08 15:41:00,0.0181617058826835,-0.205044632401526,0.9560704341972956,0.0
2012-01-08 15:42:00,0.0204783457020122,-0.2334557749033723,0.9682741859199506,0.0
2012-01-08 15:43:00,0.0220687415610868,-0.2594409198398892,0.9789474098451652,0.012983046000285103
2012-01-08 15:44:00,0.0230479380970525,-0.2828834960828045,0.9881260343224412,0.02807944221852332
2012-01-08 15:45:00,0.02352992393588,-0.3036911480524256,0.9958604175910508,0.04140287211551841
2012-01-08 15:46:00,0.0236261661355343,-0.3217955117384968,1.0022138650257943,0.052873771328380004
2012-01-08 15:47:00,0.0234442424346972,-0.3371518714465688,1.0072610059099385,0.0624479991745297
2012-01-08 15:48:00,0.023086588334559,-0.3497387227633914,1.011086069835516,0.07011457581724745
2012-01-08 15:49:00,0.0226493730703748,-0.3595572529731797,1.0137811042536728,0.07589336814012215
2012-01-08 15:50:00,0.0222215155601526,-0.3666307364518228,1.0154441752731729,0.07983274897606729
2012-01-08 15:51:00,0.0218838487443418,-0.3710038325362977,1.0161775932866155,0.08200723088631201
2012-01-08 15:52:00,0.0217084380789555,-0.3727417687255905,1.0160862029052469,0.08251505955848581
2012-01-08 15:53:00,0.0217580569959932,-0.371929393143463,1.01527577225915,0.0814757418752945
2012-01-08 15:54:00,0.0220858189434264,-0.3686700865311277,1.0138515095473073,0.07902747857161851
2012-01-08 15:55:00,0.0227349624312452,-0.3630845338046208,1.0119167255401682,0.07532447039617063
2012-01-08 15:56:00,0.0237387826432727,-0.3553093648443151,1.0095716514929172,0.07053406953986818
2012-01-08 15:57:00,0.0251207009603102,-0.3454956801768162,1.0069124146167436,0.06483375479315989
2012-01-08 15:58:00,0.0268944623722144,-0.333807478603835,1.0040301685588326,0.058407919591694224
2012-01-08 15:59:00,0.0290644501330365,-0.3204200023137317,1.001010373541195,0.051444476937013706
2012-01-08 16:00:00,0.0316261069568468,-0.3055180125294234,0.9979322189649572,0.04413130413253019
2012-01-08 16:01:00,0.0345664524914777,-0.2892940059893662,0.9948681800498508,0.036652573051802806
2012-01-08 16:02:00,0.0378646876137829,-0.2719463797301569,0.9918836993932952,0.029185037366243893
2012-01-08 16:03:00,0.0414928769478941,-0.2536775493871704,0.9890369840114932,0.021894374993347343
2012-01-08 16:04:00,0.0454167015778801,-0.2346920253403672,0.986378908220563,0.014931709093260803
2012-01-08 16:05:00,0.0495962740763611,-0.2151944518800852,0.9839530125133674,0.008430450430945147
2012-01-08 16:06:00,0.0539870077856793,-0.195387617036147,0.9817955884180593,0.002503613628339174
2012-01-08 16:07:00,0.058540531825694,-0.1754704443505757,0.9799358393109446,0.0
2012-01-08 16:08:00,0.0632056424224496,-0.1556359821737321,0.9783961074324176,0.0
2012-01-08 16:09:00,0.0679292796431494,-0.1360694108431722,0.9771921579522292,0.0
2012-01-08 16:10:00,0.072657516381908,-0.1169460936657094,0.9763335117351036,0.0
2012-01-08 16:11:00,0.0773365435296992,-0.0984297044625131,0.9758238192944212,0.0
2012-01-08 16:12:00,0.0819136320505583,-0.0806704724709773,0.975661269190746,0.0
2012-01-08 16:13:00,0.08633805006632,-0.063803592981096,0.9758390248415209,0.0
2012-01-08 16:14:00,0.090561912217553,-0.0479478559208998,0.9763456843585172,0.0
2012-01-08 16:15:00,0.0945409402465517,-0.0332045415995084,0.9771657585261494,0.0
2012-01-08 16:16:00,0.0982351176835019,-0.0196566225982617,0.9782801622764769,0.0
2012-01-08 16:17:00,0.1016092267907078,-0.00736829599226,0.979666715030871,0.0
2012-01-08 16:18:00,0.1046332616269305,0.0036151459908287,0.9813006451998664,0.0
2012-01-08 16:19:00,0.1072827167151273,0.0132671140587524,0.9831550940956556,0.0
2012-01-08 16:20:00,0.1095387561506317,0.0215792097555671,0.985201614559574,0.0
2012-01-08 16:21:00,0.1113882728752665,0.0285604367793327,0.987410659666674,0.0
2012-01-08 16:22:00,0.1128238516773403,0.034236180013744,0.989752056828158,0.0
2012-01-08 16:23:00,0.113843651340032,0.0386470031234956,0.9921954624620256,0.0
2012-01-08 16:24:00,0.1144512206426596,0.0418473149301711,0.9947107922823608,0.002147613855594477
2012-01-08 16:25:00,0.1146552600050053,0.0439039465982541,0.9972686223447929,0.004797536963143001
2012-01-08 16:26:00,0.1144693367788161,0.0448946697975068,0.9998405563830484,0.007372770441594234
2012-01-08 16:27:00,0.1139115589362863,0.0449066757197689,1.0023995556938117,0.00985014830847386
2012-01-08 16:28:00,0.1130042098132531,0.0440350288311905,1.0049202288119492,0.012212280835962597
2012-01-08 16:29:00,0.1117733454477885,0.0423811070575408,1.0073790793217514,0.014446671069087369
2012-01-08 16:30:00,0.1102483556072473,0.040051040077101,1.00975471118242,0.016544815775700217
2012-01-08 16:31:00,0.1084614899105238,0.0371541582171485,1.012027991764975,0.0185013413748083
2012-01-08 16:32:00,0.1064473517026087,0.0338014652579292,1.014182173381472,0.020313215901297532
2012-01-08 16:33:00,0.1042423642700304,0.0301041487503484,1.0162029745142984,0.021979068128255008
2012-01-08 16:34:00,0.1018842160329235,0.0261721412137401,1.0180786223125615,0.023498634909787652
2012-01-08 16:35:00,0.0994112931057408,0.0221127450600555,1.0197998582514334,0.02487234794421611
2012-01-08 16:36:00,0.096862108973343,0.0180293335408703,1.021359909141477,0.02610106179858218
2012-01-08 16:37:00,0.0942747419548687,0.0140201395225148,1.0227544259167884,0.027185916480199523
2012-01-08 16:38:00,0.0916862915175839,0.010177143391458,1.023981392831132,0.0281283203784648
2012-01-08 16:39:00,0.0891323642628834,0.0065850707349867,1.025041009866893,0.02893003329896815
2012-01-08 16:40:00,0.0866465996105963,0.00332050953467,1.0259355513155222,0.029593324794179754
2012-01-08 16:41:00,0.0842602440330597,0.0004511553971393,1.026669203609896,0.030121180204873532
2012-01-08 16:42:00,0.0820017812234177,-0.001964808270631,1.0272478855740412,0.03051752581491396
2012-01-08 16:43:00,0.0798966237965948,-0.0038791903485572,1.0276790543087748,0.030787445246027723
2012-01-08 16:44:00,0.0779668700505979,-0.0052541300554301,1.0279714999542011,0.030937361543472486
2012-01-08 16:45:00,0.0762311271984752,-0.0060622931103444,1.0281351325514758,0.030975163104498105
2012-01-08 16:46:00,0.074704400677744,-0.0062869280068865,1.02818076415105,0.030910256382495227
2012-01-08 16:47:00,0.0733980478268298,-0.0059217854983266,1.0281198891788172,0.030753533825298662
2012-01-08 16:48:00,0.0723197931680162,-0.0049709050551563,1.027964465896385,0.0305172514453953
2012-01-08 16:49:00,0.0714738014170331,-0.0034482727774273,1.0277267016101783,0.030214816471150208
2012-01-08 16:50:00,0.0708608031954461,-0.0013773562753901,1.0274188441087642,0.029860491411143553
2012-01-08 16:51:00,0.0704782676950081,0.0012094766710057,1.027052981623987,0.029469026301339962
2012-01-08 16:52:00,0.0703206164771326,0.0042716474580229,1.0266408534102676,0.02905523562376966
2012-01-08 16:53:00,0.070379472810576,0.0077611542984659,1.026193672840466,0.028633540133192747
2012-01-08 16:54:00,0.0706439408208863,0.0116234466811121,1.0257219647643232,0.02821749639239135
2012-01-08 16:55:00,0.0711009079916237,0.0157983730615766,1.0252354187863744,0.027819338036942476
2012-01-08 16:56:00,0.071735363477689,0.0202211860063215,1.0247427600791934,0.027449552567668345
2012-01-08 16:57:00,0.0725307237242698,0.0248235872533626,1.0242516393068777,0.02711651578139751
2012-01-08 16:58:00,0.0734691564177191,0.029534794321881,1.0237685431341947,0.026826202885122274
2012-01-08 16:59:00,0.0745318940117984,0.0342826106042487,1.023298726608434,0.026581991120665727
2012-01-08 17:00:00,0.0756995289530351,0.0389944820850886,1.0228461684353434,0.02638456369903497
2012-01-08 17:01:00,0.0769522841748267,0.0435985255369445,1.0224135498500555,0.02623191939527536
2012-01-08 17:02:00,0.0782702543363793,0.0480245149374963,1.0220022574222236,0.026119486670526104
2012-01-08 17:03:00,0.079633615477686,0.0522048147134572,1.0216124097544994,0.02604033602861322
2012-01-08 17:04:00,0.0810228030025572,0.056075250020501,1.0212429076701446,0.02598547978898047
2012-01-08 17:05:00,0.0824186599177838,0.0595759056289622,1.0208915071486255,0.02594424478250601
2012-01-08 17:06:00,0.0838025587245798,0.0626518465431167,1.0205549139124743,0.025904700756823162
2012-01-08 17:07:00,0.0851565009621553,0.0652537557843926,1.0202288981334118,0.025854125539592543
2012-01-08 17:08:00,0.086463198111607,0.067338487781789,1.0199084272188894,0.025779487256658795
2012-01-08 17:09:00,0.0877061368377424,0.0688695386985665,1.019587814161682,0.025667924128736086
2012-01-08 17:10:00,0.0888696310700409,0.0698174367981014,1.019260878588711,0.025507203499328446
2012-01-08 17:11:00,0.0899388635737263,0.0701600562844395,1.0189211174535209,0.02528614360650594
2012-01-08 17:12:00,0.0908999201906388,0.0698828573630988,1.018561882238873,0.024994983984746755
2012-01-08 17:13:00,0.0917398202468646,0.0689790542160626,1.0181765595315575,0.024625693079667332
2012-01-08 17:14:00,0.0924465463367733,0.0674497115952127,1.0177587518835298,0.024172204543452258
2012-01-08 17:15:00,0.0930090758511041,0.0653037698897023,1.0173024559732595,0.023630576664115166
2012-01-08 17:16:00,0.0934174155267956,0.0625579977439549,1.0168022352176025,0.022999072408646626
2012-01-08 17:17:00,0.0936626392407908,0.0592368705499436,1.0162533841468628,0.022278160586468143
2012-01-08 17:18:00,0.0937369284179764,0.0553723723778691,1.0156520820407169,0.021470441630903503
2012-01-08 17:19:00,0.0936336138879811,0.0510037180971553,1.0149955335306835,0.02058050441731174
2012-01-08 17:20:00,0.0933472178633377,0.0461769916174765,1.0142820941023616,0.019614723341291107
2012-01-08 17:21:00,0.0928734948382297,0.0409446955344625,1.013511378673314,0.018581007498253976
2012-01-08 17:22:00,0.0922094704271069,0.0353652072094231,1.012684351684131,0.017488516133386867
2012-01-08 17:23:00,0.0913534773224778,0.0295021365489755,1.0118033974309075,0.016347356435087113
2012-01-08 17:24:00,0.0903051875918802,0.0234235814558764,1.010872369699429,0.015168281072632794
2012-01-08 17:25:00,0.0890656404370161,0.0172012779875814,1.0098966201480537,0.01396240347328681
2012-01-08 17:26:00,0.0876372643181161,0.0109096435984524,1.0088830053198912,0.01274094853713903
2012-01-08 17:27:00,0.0860238920217927,0.0046247137336454,1.0078398725621869,0.011515055103907157
2012-01-08 17:28:00,0.0842307667782453,-0.0015770246532948,1.006777025330007,0.010295643765301898
2012-01-08 17:29:00,0.0822645369245235,-0.0076198935698048,1.0057056682517644,0.009093359391067146
2012-01-08 17:30:00,0.0801332361273702,-0.0134303618650803,1.00463833204178,0.007918592129226187
2012-01-08 17:31:00,0.0778462462518555,-0.0189384356622634,1.003588778095628,0.006781574086610842
2012-01-08 17:32:00,0.0754142408806684,-0.0240790683873994,1.0025718825552707,0.005692541959237296
2012-01-08 17:33:00,0.0728491092067728,-0.0287935497788637,1.0016034997811654,0.004661949112718666
2012-01-08 17:34:00,0.0701638621177403,-0.0330308261931368,1.000700305410696,0.00370070453065785
2012-01-08 17:35:00,0.0673725240982809,-0.0367486993260677,0.9998796193891264,0.0028204112278904514
2012-01-08 17:36:00,0.0644900155575336,-0.0399148496129892,0.999159209466824,0.0020335738829349026
2012-01-08 17:37:00,0.061532030252384,-0.042507635783172,0.9985570756946768,0.0013537453201837302
2012-01-08 17:38:00,0.0585149119291526,-0.0445166325337936,0.9980912164838056,0.000795584478842537
2012-01-08 17:39:00,0.0554555335148517,-0.0459428815792449,0.9977793768661946,0.00037480449315241415
2012-01-08 17:40:00,0.0523711813913186,-0.0467988453256389,0.9976387797197412,0.00010799785064707912
2012-01-08 17:41:00,0.0492794465709931,-0.0471080661433175,0.9976858409107192,1.2335375837002616e-05
2012-01-08 17:42:00,0.046198123982288,-0.0469045470793178,0.9979358695189262,0.00010514590651622413
2012-01-08 17:43:00,0.0431451205836272,-0.0462318805113907,0.9984027544768678,0.00040339281351498
2012-01-08 17:44:00,0.0401383726504556,-0.0451421573188441,0.99909863907647,0.0009230709354643984
2012-01-08 17:45:00,0.0371957722336219,-0.0436946891435792,1.0000335849858004,0.0016785524463234225
2012-01-08 17:46:00,0.0343351024100989,-0.0419545721182315,1.001215227780849,0.0026819125322812276
2012-01-08 17:47:00,0.0315739806371408,-0.0399911167580981,1.0026484265172246,0.003942265705703107
2012-01-08 17:48:00,0.0289298094250399,-0.0378761692965346,1.00433491044467,0.005465141321096212
2012-01-08 17:49:00,0.0264197336593128,-0.0356823544206932,1.0062729265751211,0.007251922560434831
2012-01-08 17:50:00,0.0240606041087189,-0.0334812749674194,1.008456892556657,0.009299367179306905
2012-01-08 17:51:00,0.021868946830145,-0.031341707698863,1.0108770602851096,0.011599221276689997
2012-01-08 17:52:00,0.0198609382234656,-0.0293278348801366,1.0135191968449948,0.014137930036736357
2012-01-08 17:53:00,0.0180523853189113,-0.0274975494781669,1.0163642904987762,0.016896442536843193
2012-01-08 17:54:00,0.0164587104756485,-0.0259008678328318,1.0193882902943725,0.01985010197298065
2012-01-08 17:55:00,0.0150949391301495,-0.0245784778519122,1.0225618882920489,0.02296860858398797
2012-01-08 17:56:00,0.0139756887805573,-0.0235604437800169,1.0258503534710792,0.026216040658467055
2012-01-08 17:57:00,0.0131151571636582,-0.022865081358334,1.029213426236898,0.029550919595162872
2012-01-08 17:58:00,0.0125271073965211,-0.0224980104139411,1.0326052821969651,0.032926307978155656
2012-01-08 17:59:00,0.0122248475038073,-0.0224513862894632,1.0359745734133834,0.03628993452694096
2012-01-08 18:00:00,0.0122212014546525,-0.022703308645579,1.0392645545321966,0.039584345926513276
2012-01-08 18:01:00,0.01252846905858,-0.0232174078472246,1.0424133000029734,0.04274709234175522
2012-01-08 18:02:00,0.0131583729190569,-0.0239426151484306,1.0453540171383986,0.04571096042138256
2012-01-08 18:03:00,0.0141219917474317,-0.0248131302333048,1.0480154581913967,0.04840427445285278
2012-01-08 18:04:00,0.0154296803109896,-0.0257486048137321,1.050322433097372,0.05075129271961232
2012-01-08 18:05:00,0.0170909769721623,-0.0266545623923059,1.0521964230859957,0.052672731643197856
2012-01-08 18:06:00,0.0191145000981967,-0.0274230726238146,1.0535562939328802,0.0540864544769184
2012-01-08 18:07:00,0.0215078344931561,-0.0279336952145475,1.0543191060810386,0.0549083636602965
2012-01-08 18:08:00,0.024277408474396,-0.0280547037197827,1.0544010171495073,0.055053536048741414
2012-01-08 18:09:00,0.027428361521469,-0.0276445941411956,1.0537182704544337,0.05443763783851474
2012-01-08 18:10:00,0.0309644018044723,-0.0265538769418538,1.052188261114297,0.052978650964244256
2012-01-08 18:11:00,0.0348876525053056,-0.0246271440621369,1.0497306691207875,0.05059893499601653
2012-01-08 18:12:00,0.0391984859134045,-0.0217053949018703,1.046268646471053,0.04722763812559827
2012-01-08 18:13:00,0.0438953451364936,-0.0176285973955704,1.0417300431534269,0.04280345779021455
2012-01-08 18:14:00,0.0489745550093308,-0.0122384527531939,1.0360486545718184,0.03727773590501271
2012-01-08 18:15:00,0.0544301260007943,-0.0053813255022916,1.0291654709946323,0.030617855447996334
2012-01-08 18:16:00,0.0602535568929634,0.0030887059455405,1.0210299078854232,0.022810883799731396
2012-01-08 18:17:00,0.0664336431960596,0.0133067292623218,1.0116009945303712,0.013867382909026338
2012-01-08 18:18:00,0.0729562986992767,0.0253938661140258,1.0008484972456884,0.0038252758299464062
2012-01-08 18:19:00,0.079804397793923,0.0394541914850465,0.98875395271389,0.0
2012-01-08 18:20:00,0.0869576467915201,0.055571773018033,0.9753115867958666,0.0
2012-01-08 18:21:00,0.0943924934060991,0.0738079029215513,0.9605290945950528,0.0
2012-01-08 18:22:00,0.1020820843820048,0.094198598158752,0.9444282586308788,0.0
2012-01-08 18:23:00,0.1099962813723705,0.1167524472472915,0.9270453837048438,0.0
2012-01-08 18:24:00,0.1181017442861924,0.1414488829638568,0.9084315294499148,0.0
2012-01-08 18:25:00,0.126362089359807,0.1682369569320246,0.8886525247155006,0.0
2012-01-08 18:26:00,0.1347381263624529,0.1970346820363542,0.8677887519449071,0.0
2012-01-08 18:27:00,0.1431881759688605,0.2277289915414163,0.8459346946807341,0.0
2012-01-08 18:28:00,0.1516684646661859,0.2601763414381501,0.8231982474484157,0.0
2012-01-08 18:29:00,0.1601335905796105,0.2942039568690325,0.7996997946402524,0.0
2012-01-08 18:30:00,0.1685370491631934,0.3296116955630654,0.7755710736855406,0.0
2012-01-08 18:31:00,0.1768318028489123,0.3661744718271049,0.7509538475412739,0.0
2012-01-08 18:32:00,0.1849708740047364,0.4036451561948837,0.7259984213846722,0.0
2012-01-08 18:33:00,0.1929079371421941,0.4417578436633306,0.7008620460906337,0.0
2012-01-08 18:34:00,0.2005978856589261,0.480231373629801,0.6757072540309641,0.0
2012-01-08 18:35:00,0.2079973509859682,0.518772988989329,0.6507001701082288,0.0
2012-01-08 18:36:00,0.2150651569044428,0.5570820360425858,0.6260088345357396,0.0
2012-01-08 18:37:00,0.2217626975338138,0.5948536244280759,0.6018015664786733,0.0
2012-01-08 18:38:00,0.2280542331129708,0.6317821830474954,0.5782453910935444,0.0
2012-01-08 18:39:00,0.2339071028660788,0.6675648625780723,0.5555045472688871,0.0
2012-01-08 18:40:00,0.2392918588127761,0.7019047477001777,0.5337390892475034,0.0
2012-01-08 18:41:00,0.2441823280783263,0.7345138531030194,0.5131035916424821,0.0
2012-01-08 18:42:00,0.2485556137975735,0.7651158872120501,0.4937459634263869,0.0
2012-01-08 18:43:00,0.252392046038916,0.7934487765977627,0.475806372063829,0.0
2012-01-08 18:44:00,0.2556750945446081,0.8192669518907114,0.4594162745401511,0.0
2012-01-08 18:45:00,0.2583912548154299,0.8423434023218335,0.4446975482911419,0.0
2012-01-08 18:46:00,0.2605299183847765,0.8624715105221167,0.4317617123529084,0.0
2012-01-08 18:47:00,0.2620832371588388,0.8794666819790613,0.4207092274860037,0.00952737555887273
2012-01-08 18:48:00,0.2630459905340327,0.8931677846934922,0.4116288634963611,0.018027605722760853
2012-01-08 18:49:00,0.2634154626951335,0.9034384142769404,0.4045971223634201,0.024347356028649125
2012-01-08 18:50:00,0.2631913360764402,0.9101679981633696,0.3996777069784714,0.02830819004906604
2012-01-08 18:51:00,0.2623756054582649,0.9132727499790948,0.3969210271769435,0.02978365495339319
2012-01-08 18:52:00,0.2609725156027929,0.9126964816295542,0.3963637371939311,0.028700993312126943
2012-01-08 18:53:00,0.2589885237404151,0.9084112765357256,0.3980283015529728,0.02504274623239522
2012-01-08 18:54:00,0.2564322866323503,0.9004180229075931,0.4019225895808464,0.018848321203744245
2012-01-08 18:55:00,0.2533146703862586,0.8887468012047101,0.4080395020934476,0.010215538463535845
2012-01-08 18:56:00,0.2496487797111332,0.8734571152368993,0.4163566371909123,0.0
2012-01-08 18:57:00,0.2454500018876458,0.8546379519352477,0.4268360054074145,0.0
2012-01-08 18:58:00,0.2407360594358099,0.83240765090618,0.4394238075499485,0.0
2012-01-08 18:59:00,0.235527064342564,0.8069135616945687,0.4540502912868668,0.0
2012-01-08 19:00:00,0.2298455658397823,0.7783314644432621,0.470629704761316,0.0
2012-01-08 19:01:00,0.2237165831598647,0.746864728559155,0.4890603670621454,0.0
2012-01-08 19:02:00,0.2171676144794797,0.7127431842901053,0.5092248761501474,0.0
2012-01-08 19:03:00,0.2102286134116384,0.6762216839870395,0.5309904746840294,0.0
2012-01-08 19:04:00,0.2029319249327346,0.6375783334665506,0.5542095929994499,0.0
2012-01-08 19:05:00,0.1953121735426447,0.5971123794847251,0.5787205861550841,0.0
2012-01-08 19:06:00,0.1874060977646783,0.5551417470527837,0.6043486783680067,0.0
2012-01-08 19:07:00,0.1792523268199391,0.5120002303224112,0.6309071232153317,0.0
2012-01-08 19:08:00,0.1708910974879188,0.4680343531769341,0.6581985815800572,0.0
2012-01-08 19:09:00,0.1623639118262842,0.4235999305963796,0.6860167113737828,0.0
2012-01-08 19:10:00,0.1537131396044528,0.3790583794101447,0.7141479535006598,0.0
2012-01-08 19:11:00,0.1449815730190169,0.3347728470978616,0.7423734873847169,0.0
2012-01-08 19:12:00,0.1362119453379296,0.2911042485355987,0.770471317393417,0.0
2012-01-08 19:13:00,0.1274464289497885,0.2484073187567389,0.798218440921117,0.0
2012-01-08 19:14:00,0.1187261308173506,0.2070267979410462,0.8253930432131202,0.0
2012-01-08 19:15:00,0.1100906036909475,0.1672938577690448,0.8517766654488813,0.0
2012-01-08 19:16:00,0.1015773896991133,0.1295228572213326,0.8771563001138548,0.0
2012-01-08 19:17:00,0.0932216100154048,0.0940084872825711,0.9013263780025124,0.0
2012-01-08 19:18:00,0.0850556111936703,0.0610233340623764,0.9240906214634468,0.0
2012-01-08 19:19:00,0.077108676009898,0.0308158619959715,0.9452637474433808,0.0
2012-01-08 19:20:00,0.0694068043429222,0.0036087953226882,0.96467301125218,0.0
2012-01-08 19:21:00,0.0619725676038307,-0.0204021401177591,0.9821595877988648,0.0
2012-01-08 19:22:00,0.0548250382331119,-0.0410491590975904,0.9975797914272544,0.0
2012-01-08 19:23:00,0.047979793657271,-0.0581930843041638,1.0108061385390112,0.013616073949290097
2012-01-08 19:24:00,0.041448991851138,-0.0717237699620413,1.0217282591024388,0.02508094975545405
2012-01-08 19:25:00,0.035241513450792,-0.0815603006390099,1.0302536640708213,0.03407768530317923
2012-01-08 19:26:00,0.0293631633793985,-0.0876509734143505,1.0363083758091631,0.040422961240453414
2012-01-08 19:27:00,0.0238169233271062,-0.0899730662655956,1.039837427991869,0.04399438463180827
2012-01-08 19:28:00,0.0186032453448568,-0.0885323971027539,1.0408052402428185,0.04472944545036728
2012-01-08 19:29:00,0.0137203764279584,-0.0833626847974608,1.0391958711572509,0.042624402446174825
2012-01-08 19:30:00,0.0091647042290758,-0.0745247325976036,1.035013151285728,0.03773317905267137
2012-01-08 19:31:00,0.0049311146768604,-0.062105461983702,1.028280695171239,0.030166293547799983
2012-01-08 19:32:00,0.0010133529338803,-0.0462168278686517,1.0190417887655574,0.020089794730305144
2012-01-08 19:33:00,-0.0025956205156293,-0.0269946420085664,1.007359145855954,0.007724117346940007
2012-01-08 19:34:00,-0.0059032869670751,-0.0045973215015354,0.99331452487022,0.0
2012-01-08 19:35:00,-0.008917248547791,0.0207954336730651,0.9770081958087754,0.0
2012-01-08 19:36:00,-0.0116449384005863,0.0489840431118134,0.958558246169175,0.0
2012-01-08 19:37:00,-0.0140933712189971,0.0797505483165234,0.9380997146708654,0.0
2012-01-08 19:38:00,-0.0162689427803334,0.1128602408768232,0.9157835424647413,0.0
2012-01-08 19:39:00,-0.0181772858396957,0.1480634413036894,0.8917753333805346,0.0
2012-01-08 19:40:00,-0.0198231878738628,0.1850974449114905,0.8662539175828747,0.0
2012-01-08 19:41:00,-0.0212105739725737,0.2236886399043242,0.8394097166374437,0.0
2012-01-08 19:42:00,-0.0223425558382757,0.2635547949371358,0.8114429123007578,0.0
2012-01-08 19:43:00,-0.0232215453562799,0.3044075119227412,0.7825614264190615,0.0
2012-01-08 19:44:00,-0.0238494285891618,0.3459548419842269,0.7529787255970725,0.0
2012-01-08 19:45:00,-0.0242277935507732,0.3879040615569581,0.7229114724655652,0.0
2012-01-08 19:46:00,-0.0243582027679069,0.4299645955464884,0.6925770559603017,0.0
2012-01-08 19:47:00,-0.0242424991597049,0.471851053412833,0.6621910458009956,0.0
2012-01-08 19:48:00,-0.0238831310382841,0.5132863166341319,0.6319646295923897,0.0
2012-01-08 19:49:00,-0.0232834796031317,0.5540045917128374,0.6021021009890931,0.0
2012-01-08 19:50:00,-0.022448171107509,0.5937543312025139,0.5727984700600898,0.0
2012-01-08 19:51:00,-0.0213833564527662,0.6323009294466674,0.5442372609715611,0.0
2012-01-08 19:52:00,-0.0200969430574238,0.6694291154016514,0.5165885499609154,0.0
2012-01-08 19:53:00,-0.0185987667882224,0.7049449847898274,0.4900072824148139,0.0
2012-01-08 19:54:00,-0.0169006950097261,0.7386776330917811,0.4646318944289599,0.0
2012-01-08 19:55:00,-0.0150166551845683,0.7704803679743291,0.440583252427757,0.0
2012-01-08 19:56:00,-0.0129625868995829,0.8002314945240075,0.4179639143375376,0.0
2012-01-08 19:57:00,-0.0107563187455103,0.8278346792158957,0.3968577073555457,0.0
2012-01-08 19:58:00,-0.0084173751797018,0.8532189090090805,0.3773296104390841,0.0
2012-01-08 19:59:00,-0.0059667222390423,0.8763380704558046,0.3594259241344494,0.0
2012-01-08 20:00:00,-0.0034264642962817,0.8971701804134758,0.3431747060833569,0.0
2012-01-08 20:01:00,-0.0008195062479535,0.9157163050735694,0.3285864472010939,0.0
2012-01-08 20:02:00,0.0018308039295833,0.931999207780842,0.3156549608417948,0.0
2012-01-08 20:03:00,0.0045010382773377,0.9460617686504308,0.304358455149156,0.0
2012-01-08 20:04:00,0.0071680454347026,0.9579652203646228,0.2946607573163415,0.002284244217095388
2012-01-08 20:05:00,0.0098092905657099,0.9677872447963304,0.2865126577670816,0.009355178533617892
2012-01-08 20:06:00,0.0124031704379438,0.9756199743464744,0.2798533423635968,0.015039933309426212
2012-01-08 20:07:00,0.0149292972587784,0.9815679402133544,0.2746118816070658,0.019367544456414976
2012-01-08 20:08:00,0.0173687465400403,0.9857460073631376,0.2707087473388976,0.022389402465877506
2012-01-08 20:09:00,0.01970426581598,0.9882773328806804,0.2680573295514923,0.024175315414004306
2012-01-08 20:10:00,0.0219204424703755,0.9892913807977798,0.2665654284085796,0.024809772368279193
2012-01-08 20:11:00,0.0240038302038642,0.9889220225660535,0.2661366992915704,0.024388448436627908
2012-01-08 20:12:00,0.0259430347684326,0.987305748183902,0.2666720315196868,0.023014982219130342
2012-01-08 20:13:00,0.0277287605205624,0.9845800086959718,0.268070844283318,0.020798048214502485
2012-01-08 20:14:00,0.029353820127974,0.9808817064437414,0.2702322862385553,0.01784873990087954
2012-01-08 20:15:00,0.0308131104306585,0.9763458451401684,0.2730563280816735,0.014278273158963017
2012-01-08 20:16:00,0.0321035580068549,0.9711043476457129,0.2764447402044637,0.01019601406846693
2012-01-08 20:17:00,0.0332240384208285,0.9652850453011892,0.2803019501902613,0.005707829685923871
2012-01-08 20:18:00,0.0341752734301787,0.9590108388779932,0.2845357774241331,0.0009147551284554023
2012-01-08 20:19:00,0.0349597106084114,0.9523990276810994,0.2890580444515361,0.0
2012-01-08 20:20:00,0.035581389884068,0.9455608001139204,0.2937850669458351,0.0
2012-01-08 20:21:00,0.036045801385736,0.938600876106421,0.2986380262638927,0.0
2012-01-08 20:22:00,0.0363597386937793,0.931617289242398,0.3035432305751545,0.0
2012-01-08 20:23:00,0.0365311511475024,0.92470129422907,0.3084322723967151,0.0
2012-01-08 20:24:00,0.0365689982866418,0.917937383556094,0.3132420920097251,0.0
2012-01-08 20:25:00,0.0364831088791699,0.911403395799131,0.3179149576596402,0.0
2012-01-08 20:26:00,0.0362840463644783,0.90517069702916,0.3223983746660787,0.0
2012-01-08 20:27:00,0.0359829819735582,0.899304416185112,0.3266449365931968,0.0
2012-01-08 20:28:00,0.0355915763037148,0.8938637150609723,0.3306121324119036,0.0
2012-01-08 20:29:00,0.0351218697235447,0.8889020737831189,0.3342621239838143,0.0
2012-01-08 20:30:00,0.0345861816380197,0.8844675733507982,0.3375615080418402,0.0
2012-01-08 20:31:00,0.0339970183060296,0.8806031579841188,0.3404810760731147,0.0
2012-01-08 20:32:00,0.0333669885337005,0.8773468616070342,0.3429955842566594,0.0
2012-01-08 20:33:00,0.0327087261860931,0.874731984684673,0.3450835441174132,0.0
2012-01-08 20:34:00,0.0320348181492975,0.8727872097387729,0.3467270430503869,0.0
2012-01-08 20:35:00,0.0313577362024521,0.871536646127585,0.3479116024290105,0.0
2012-01-08 20:36:00,0.0306897712150332,0.8709997970895423,0.3486260795762027,0.0
2012-01-08 20:37:00,0.0300429681090587,0.8711914446162345,0.3488626183394512,0.0
2012-01-08 20:38:00,0.0294290600841565,0.8721214504112912,0.3486166513542058,0.0
2012-01-08 20:39:00,0.0288594007120349,0.8737944739476426,0.3478869553776065,0.0
2012-01-08 20:40:00,0.028344892692048,0.8762096113991463,0.3466757593946447,0.0
2012-01-08 20:41:00,0.0278959123178995,0.8793599619576372,0.3449889035467725,0.0
2012-01-08 20:42:00,0.0275222290044038,0.8832321307261544,0.342836045283435,0.0
2012-01-08 20:43:00,0.0272329195193646,0.8878056799724832,0.3402309074717764,0.0
2012-01-08 20:44:00,0.0270362768282674,0.8930525429948524,0.3371915615241259,0.0
2012-01-08 20:45:00,0.0269397136970198,0.8989364171393461,0.3337407369698761,0.0
2012-01-08 20:46:00,0.0269496614570528,0.9054121545481398,0.3299061474078283,0.0
2012-01-08 20:47:00,0.0270714646515572,0.9124251709490666,0.3257208215054386,0.0
2012-01-08 20:48:00,0.0273092726294544,0.9199108941886588,0.321223426659205,0.0
2012-01-08 20:49:00,0.0276659294915684,0.9277942752468789,0.3164585720508805,0.0
2012-01-08 20:50:00,0.0281428641187793,0.9359893851251818,0.311477077123439,0.0
2012-01-08 20:51:00,0.0287399823501912,0.9443991212305292,0.3063361910014003,0.0
2012-01-08 20:52:00,0.0294555637226534,0.9529150466518396,0.3010997481311508,0.0
2012-01-08 20:53:00,0.0302861654835495,0.9614173850181946,0.2958382454391042,0.0063602275027605515
2012-01-08 20:54:00,0.0312265368092879,0.9697751924200836,0.2906288266200369,0.012869258738289258
2012-01-08 20:55:00,0.0322695463041537,0.9778467261484018,0.2855551597988642,0.019199339062569543
2012-01-08 20:56:00,0.0334061259399064,0.9854800277488488,0.2807071957750302,0.025223577617129234
2012-01-08 20:57:00,0.034625234636816,0.9925137350978744,0.2761807953741373,0.030804662855712595
2012-01-08 20:58:00,0.0359138446749345,0.9987781348854764,0.2720772161094517,0.035796108551540806
2012-01-08 20:59:00,0.0372569540574643,1.0040964630543925,0.2685024504010413,0.040043919080028356
2012-01-08 21:00:00,0.0386376278466451,1.008286456416914,0.2655664100064092,0.043388692004607377
2012-01-08 21:01:00,0.0400370713893454,1.0111621538774187,0.2633819540792037,0.04566817024046199
2012-01-08 21:02:00,0.0414347382679541,1.012535940466442,0.2620637613956386,0.04672025073962627
2012-01-08 21:03:00,0.0428084757575562,1.0122208217950237,0.261727050756848,0.046386451923932315
2012-01-08 21:04:00,0.0441347105155215,1.0100329106517556,0.2624861573163597,0.04451583810617965
2012-01-08 21:05:00,0.0453886770974406,1.0057941014028446,0.2644529764699111,0.040969395894618454
2012-01-08 21:06:00,0.04654469158007,0.9993349017369922,0.2677352908636438,0.03562485491504486
2012-01-08 21:07:00,0.0475764720111212,0.9904973852305202,0.2724349999661398,0.02838194268670091
2012-01-08 21:08:00,0.0484575066071656,0.979138222297044,0.2786462754877567,0.019168060308405455
2012-01-08 21:09:00,0.0491614696445608,0.9651317414458416,0.2864536696787541,0.007944360228440805
2012-01-08 21:10:00,0.049662683892317,0.948372967542036,0.2959302071092333,0.0
2012-01-08 21:11:00,0.0499366272555977,0.9287805790959484,0.3071354938079175,0.0
2012-01-08 21:12:00,0.0499604800585012,0.906299722673246,0.3201138804888263,0.0
2012-01-08 21:13:00,0.0497137081187033,0.8809046194801403,0.3348927189111692,0.0
2012-01-08 21:14:00,0.0491786754746075,0.8526008972114154,0.3514807520896007,0.0
2012-01-08 21:15:00,0.0483412793338789,0.8214275795317758,0.3698666799878276,0.0
2012-01-08 21:16:00,0.0471915985421203,0.7874586662753722,0.3900179423755669,0.0
2012-01-08 21:17:00,0.0457245456559212,0.7508042397733453,0.4118797596052777,0.0
2012-01-08 21:18:00,0.0439405115865891,0.7116110368223239,0.4353744700939926,0.0
2012-01-08 21:19:00,0.0418459907884063,0.6700624318471228,0.4604012002142931,0.0
2012-01-08 21:20:00,0.0394541740950153,0.6263777849534883,0.486835898020432,0.0
2012-01-08 21:21:00,0.0367854955339393,0.5808111189879029,0.5145317566301039,0.0
2012-01-08 21:22:00,0.0338681187597383,0.5336491025945556,0.5433200460025472,0.0
2012-01-08 21:23:00,0.0307383481537649,0.4852083317384507,0.5730113631780646,0.0
2012-01-08 21:24:00,0.0274409491589877,0.4358319203788047,0.6033973006897071,0.0
2012-01-08 21:25:00,0.0240293620562116,0.3858854320398478,0.6342525207670154,0.0
2012-01-08 21:26:00,0.0205657931483321,0.3357522080327553,0.6653372090725646,0.0
2012-01-08 21:27:00,0.0171211672656951,0.2858281749857863,0.6963998661024022,0.0
2012-01-08 21:28:00,0.0137749259267243,0.2365162431175744,0.7271803778229676,0.0
2012-01-08 21:29:00,0.0106146569697028,0.1882204334824133,0.757413292134037,0.0
2012-01-08 21:30:00,0.0077355444064125,0.1413398898822892,0.7868312183610708,0.0
2012-01-08 21:31:00,0.0052396311995484,0.0962629325101223,0.8151682660664947,0.0
2012-01-08 21:32:00,0.003234891796572,0.0533612959094415,0.8421634463074009,0.0
2012-01-08 21:33:00,0.0018341154181003,0.0129846715073406,0.8675639696792904,0.0
2012-01-08 21:34:00,0.0011536058617769,-0.0245443461917986,0.8911283878917483,0.0
2012-01-08 21:35:00,0.0013117092345814,-0.0589348269263226,0.9126295375016537,0.0
2012-01-08 21:36:00,0.0024271871439261,-0.0899315155881551,0.9318572549512428,0.0
2012-01-08 21:37:00,0.004617458694774,-0.1173182293763915,0.948620840734111,0.0
2012-01-08 21:38:00,0.0079967395418762,-0.140920597416677,0.96275125722841,0.0
2012-01-08 21:39:00,0.0126741100141948,-0.1606081128334109,0.974103049745716,0.0
2012-01-08 21:40:00,0.0187515470505656,-0.1762954801129386,0.9825559839718694,0.0
2012-01-08 21:41:00,0.0263219565296991,-0.1879432525968846,0.988016395382768,0.006077486646732355
2012-01-08 21:42:00,0.0354672437922768,-0.1955577668431758,0.990418247462588,0.0101628930334825
2012-01-08 21:43:00,0.0462564611371837,-0.1991903926726959,0.9897238957887352,0.010628449344896485
2012-01-08 21:44:00,0.0587440721101024,-0.1989361295529908,0.9859245546068266,0.007508648611152413
2012-01-08 21:45:00,0.0729683733460433,-0.1949315908708729,0.9790404618342876,0.0009210431082522508
2012-01-08 21:46:00,0.0889501151787945,-0.1873524271563355,0.969120737899834,0.0
2012-01-08 21:47:00,0.1066913619293141,-0.1764102474993598,0.9562429336901922,0.0
2012-01-08 21:48:00,0.1261746316732774,-0.1623491056708782,0.9405122632316234,0.0
2012-01-08 21:49:00,0.1473623532812144,-0.1454416238098042,0.922060517663596,0.0
2012-01-08 21:50:00,0.170196675327417,-0.1259848306560108,0.9010446587287504,0.0
2012-01-08 21:51:00,0.1945996565976235,-0.1042957910550135,0.8776450926260481,0.0
2012-01-08 21:52:00,0.2204738610313178,-0.0807070979326367,0.8520636288418153,0.0
2012-01-08 21:53:00,0.2477033710892136,-0.0555622886042283,0.8245211335807335,0.0
2012-01-08 21:54:00,0.2761552230056967,-0.0292112365749467,0.7952548936528305,0.0
2012-01-08 21:55:00,0.3056812549345989,-0.0020055599206396,0.7645157141036454,0.0
2012-01-08 21:56:00,0.3361203438134595,0.0257059200450677,0.7325647816141551,0.0
2012-01-08 21:57:00,0.3673009883087396,0.0535816387709611,0.6996703359927807,0.0
2012-01-08 21:58:00,0.3990441739847556,0.0812916331287785,0.6661042040076809,0.0
2012-01-08 21:59:00,0.4311664347690621,0.1085217285318937,0.6321382627668255,0.0
2012-01-08 22:00:00,0.4634830052167672,0.1349775147984503,0.5980409120029302,0.0
2012-01-08 22:01:00,0.4958109452598138,0.1603880471153424,0.5640736425770922,0.0
2012-01-08 22:02:00,0.527972116704316,0.184509206088105,0.5304877885417657,0.0
2012-01-08 22:03:00,0.5597958998628993,0.2071266573940687,0.4975215409152151,0.0
2012-01-08 22:04:00,0.5911215571107639,0.2280583625868275,0.465397285563337,0.0
2012-01-08 22:05:00,0.6218001732313115,0.247156603563779,0.4343193097596267,0.0
2012-01-08 22:06:00,0.6516961257826478,0.2643094931321902,0.4044719053493347,0.0
2012-01-08 22:07:00,0.6806880599325269,0.279441953915938,0.3760178821731362,0.0
2012-01-08 22:08:00,0.7086693605861804,0.2925161580447429,0.3490974936126264,0.0
2012-01-08 22:09:00,0.7355481302893039,0.3035314304631403,0.3238277665857204,0.0
2012-01-08 22:10:00,0.7612466948192451,0.3125236285430213,0.3003022206686554,0.0
2012-01-08 22:11:00,0.7857006704380085,0.3195640185002518,0.2785909547346544,0.0
2012-01-08 22:12:00,0.8088576384777846,0.3247576731073477,0.2587410740596205,0.0
2012-01-08 22:13:00,0.8306754847855302,0.3282414146552402,0.2407774260180109,0.0
2012-01-08 22:14:00,0.8511204732210363,0.3301813232327483,0.2247036084522966,0.0
2012-01-08 22:15:00,0.8701651330947622,0.3307698252128246,0.2105032118907007,0.0
2012-01-08 22:16:00,0.887786049481124,0.3302223719388777,0.1981412552124988,0.0
2012-01-08 22:17:00,0.9039616518824548,0.3287737154215531,0.187565774131019,0.0
2012-01-08 22:18:00,0.9186700988571268,0.326673788899808,0.1787095228953517,0.0
2012-01-08 22:19:00,0.9318873514708108,0.3241832085565992,0.1714917517280011,0.0014580417831155934
2012-01-08 22:20:00,0.9435855157416508,0.3215684298201157,0.1658200254516993,0.010572195053482503
2012-01-08 22:21:00,0.953731515203336,0.3190966156047429,0.1615920522566651,0.018596310878344458
2012-01-08 22:22:00,0.9622861321445564,0.317030301061655,0.1586974954665374,0.025518262624476984
2012-01-08 22:23:00,0.9692034325344092,0.3156219665701977,0.1570197453701114,0.03132328581013577
2012-01-08 22:24:00,0.974430567708098,0.315108653784575,0.1564376324835049,0.035992822287344683
2012-01-08 22:25:00,0.9779079287190924,0.3157067733649324,0.1568270676546872,0.039504407373691874
2012-01-08 22:26:00,0.9795696190213894,0.317607254176137,0.1580625979684497,0.04183241996568299
2012-01-08 22:27:00,0.9793442071385032,0.3209711738612841,0.1600188704774873,0.04294947596445198
2012-01-08 22:28:00,0.9771557203844328,0.3259259948457547,0.1625719984943759,0.04282822683827958
2012-01-08 22:29:00,0.9729248410839716,0.3325625116472173,0.1656008273921218,0.04144332759124825
2012-01-08 22:30:00,0.9665702673294808,0.3409325950276238,0.1689880982000514,0.038773359964012544
2012-01-08 22:31:00,0.9580102013447528,0.3510477949543447,0.1726215075477128,0.034802534346996206
2012-01-08 22:32:00,0.9471639302027616,0.3628788377570282,0.1763946619089931,0.0295220436294803
2012-01-08 22:33:00,0.933953465845031,0.3763560249005078,0.1802079230594875,0.022930999323156342
2012-01-08 22:34:00,0.9183052138019364,0.3913705136877269,0.1839691406449136,0.015036939913835479
2012-01-08 22:35:00,0.9001516423908879,0.4077764365269088,0.1875942672587351,0.005855959168080238
2012-01-08 22:36:00,0.879432926238677,0.425393797183876,0.1910078518355599,0.0
2012-01-08 22:37:00,0.85609853982535,0.4440120697455715,0.1941434085018508,0.0
2012-01-08 22:38:00,0.8301087788192713,0.4633944168285382,0.1969436599136418,0.0
2012-01-08 22:39:00,0.8014361897931455,0.483282435460962,0.1993606561051804,0.0
2012-01-08 22:40:00,0.7700668928703441,0.503401330593373,0.2013557717137879,0.0
2012-01-08 22:41:00,0.7360017871526371,0.5234654068537424,0.2028995860583392,0.0
2012-01-08 22:42:00,0.6992576351515287,0.5431837592505423,0.2039716519400589,0.0
2012-01-08 22:43:00,0.6598680284536985,0.5622660347468923,0.2045601602664351,0.0
2012-01-08 22:44:00,0.6178842399098627,0.5804281321879562,0.204661508775922,0.0
2012-01-08 22:45:00,0.5733759657438843,0.5973977106405765,0.2042797843508493,0.0
2012-01-08 22:46:00,0.5264319546509502,0.6129193855191394,0.203426169663126,0.0
2012-01-08 22:47:00,0.4771605128141762,0.6267595050512452,0.2021182861512127,0.0
2012-01-08 22:48:00,0.4256898662658471,0.6387104138430734,0.2003794864680835,0.0
2012-01-08 22:49:00,0.3721683559000671,0.6485941244191149,0.1982381103376889,0.0
2012-01-08 22:50:00,0.3167644351546993,0.656265331859994,0.1957267178870367,0.0
2012-01-08 22:51:00,0.2596664354821977,0.6616137214560237,0.192881313813034,0.0
2012-01-08 22:52:00,0.2010820607704395,0.6645655345621216,0.1897405743800589,0.0
2012-01-08 22:53:00,0.1412375700100857,0.665084373174668,0.1863450876117545,0.0
2012-01-08 22:54:00,0.0803766086565152,0.663171238851445,0.1827366154434707,0.0
2012-01-08 22:55:00,0.018758653724971,0.6588638164223602,0.1789573851800502,0.0
2012-01-08 22:56:00,-0.0433429541659908,0.6522350275972881,0.1750494164231281,0.0
2012-01-08 22:57:00,-0.1056434067537161,0.6433908942103154,0.171053888751311,0.0
2012-01-08 22:58:00,-0.1678492514951297,0.6324677655965057,0.1670105548933471,0.0
2012-01-08 22:59:00,-0.22966162241897,0.6196289796300645,0.1629572039205624,0.0
2012-01-08 23:00:00,-0.2907798354199227,0.6050610424081183,0.1589291790633004,0.0
2012-01-08 23:01:00,-0.3509052781157333,0.5889694275157541,0.1549589550933263,0.0
2012-01-08 23:02:00,-0.4097454950121031,0.5715741118268007,0.1510757807602737,0.0
2012-01-08 23:03:00,-0.4670183409209453,0.5531049789086459,0.1473053923484208,0.0
2012-01-08 23:04:00,-0.5224560570675201,0.5337972291890666,0.1436698046058613,0.0
2012-01-08 23:05:00,-0.5758091224285998,0.5138869336457128,0.1401871845105802,0.0
2012-01-08 23:06:00,-0.6268497484405469,0.4936068536110075,0.136871811233089,0.0
2012-01-08 23:07:00,-0.6753749119574315,0.4731826265917794,0.1337341224836621,0.0
2012-01-08 23:08:00,-0.7212088512201358,0.4528293920921409,0.1307808439197511,0.0
2012-01-08 23:09:00,-0.7642049777960831,0.4327489063676187,0.1280151951163793,0.0
2012-01-08 23:10:00,-0.8042471824521816,0.4131271725357965,0.1254371630367101,0.0
2012-01-08 23:11:00,-0.8412505345859391,0.3941325927827763,0.1230438319395789,0.0
2012-01-08 23:12:00,-0.8751613932440184,0.3759146325132113,0.1208297571696552,0.0
2012-01-08 23:13:00,-0.905956963003958,0.3586029722319926,0.1187873693233172,0.0
2012-01-08 23:14:00,-0.9336443402446916,0.3423071116286368,0.1169073948953604,0.001265824705759755
2012-01-08 23:15:00,-0.9582591047861372,0.3271163815540627,0.1151792796592153,0.019083855945803974
2012-01-08 23:16:00,-0.9798635186916548,0.3131003132543691,0.1135916016772671,0.03492384907991264
2012-01-08 23:17:00,-0.9985443982646592,0.3003093105019647,0.1121324619710935,0.04873747253904992
2012-01-08 23:18:00,-1.014410726947486,0.2887755693751501,0.1107898425106162,0.060516308982373035
2012-01-08 23:19:00,-1.027591076010382,0.2785141924860806,0.1095519232809641,0.07028743747037702
2012-01-08 23:20:00,-1.0382308968271434,0.2695244492148536,0.1084073526736839,0.07810898241540554
2012-01-08 23:21:00,-1.0464897435929073,0.2617911403670727,0.1073454681964823,0.0840656964234976
2012-01-08 23:22:00,-1.0525384791191743,0.2552860336993781,0.1063564673263653,0.08826463103907267
2012-01-08 23:23:00,-1.0565565095792733,0.2499693445889939,0.1054315309467821,0.09083093964480615
2012-01-08 23:24:00,-1.0587290876639364,0.2457912420546478,0.1045629037756126,0.09190384951353003
2012-01-08 23:25:00,-1.059244718240907,0.242693363196969,0.1037439371669916,0.09163283486711915
2012-01-08 23:26:00,-1.0582926963604504,0.2406103192411236,0.1029690997036804,0.09017401931479463
2012-01-08 23:27:00,-1.0560608037951873,0.2394711752620492,0.1022339604859047,0.08768683350059803
2012-01-08 23:28:00,-1.0527331866674452,0.2392008848534962,0.101535149381509,0.0843309514099535
2012-01-08 23:29:00,-1.0484884328218782,0.2397216611911738,0.100870297939704,0.08026352600278908
2012-01-08 23:30:00,-1.043497863443811,0.2409542672165446,0.1002379642285965,0.07563674136501763
2012-01-08 23:31:00,-1.0379240491128912,0.2428192098450189,0.0996375445287504,0.07059569431059143
2012-01-08 23:32:00,-1.0319195561422294,0.2452378259330613,0.0990691746016461,0.06527661336077473
2012-01-08 23:33:00,-1.0256259248168085,0.248133250945406,0.0985336231484412,0.05980541741011525
2012-01-08 23:34:00,-1.01917287715231,0.251431264545748,0.0980321800427809,0.054296610370123455
2012-01-08 23:35:00,-1.0126777481684854,0.2550610104425428,0.0975665418981782,0.048852501918899005
2012-01-08 23:36:00,-1.0062451314788103,0.2589555906309964,0.0971386974680291,0.04356273845401448
2012-01-08 23:37:00,-0.9999667272615655,0.2630525366567676,0.0967508152597552,0.03850412272903059
2012-01-08 23:38:00,-0.9939213784007752,0.2672941626769436,0.0964051355730567,0.0337406957298938
2012-01-08 23:39:00,-0.9881752787674593,0.2716278068903078,0.0961038689470077,0.02932405036983754
2012-01-08 23:40:00,-0.9827823362379458,0.2760059693529493,0.0958491027321445,0.02529384375130861
2012-01-08 23:41:00,-0.9777846720890604,0.2803863553158506,0.0956427172120746,0.021678473187786595
2012-01-08 23:42:00,-0.9732132378413176,0.2847318340477469,0.0954863124027057,0.018495880937199338
2012-01-08 23:43:00,-0.9690885304153704,0.2890103236546831,0.0953811463651976,0.015754453617381925
2012-01-08 23:44:00,-0.9654213865973336,0.2931946126868605,0.09532808558375,0.0134539844063859
2012-01-08 23:45:00,-0.9622138382460406,0.2972621293423175,0.0953275676804465,0.011586669155528195
2012-01-08 23:46:00,-0.9594600103918172,0.3011946688397335,0.0953795764636211,0.010138111193178423
2012-01-08 23:47:00,-0.9571470453467428,0.3049780890378584,0.0954836290308145,0.009088313589092012
2012-01-08 23:48:00,-0.9552560371462496,0.308601983624808,0.0956387743707355,0.008412641712042257
2012-01-08 23:49:00,-0.9537629620454424,0.3120593411889351,0.0958436026294023,0.008082742813282584
2012-01-08 23:50:00,-0.9526395923727444,0.3153461972222859,0.0960962639220189,0.008067412923578043
2012-01-08 23:51:00,-0.9518543827643896,0.3184612846221844,0.0963944952862334,0.008333404441446035
2012-01-08 23:52:00,-0.9513733196029832,0.3214056866434641,0.0967356541061059,0.008846170352295513
2012-01-08 23:53:00,-0.9511607262369705,0.3241824947658379,0.0971167561480442,0.009570543039446155
2012-01-08 23:54:00,-0.9511800181021302,0.3267964729327939,0.0975345163148536,0.010471347159757505
2012-01-08 23:55:00,-0.9513944031052296,0.3292537292916102,0.0979853903696528,0.011513947129886182
2012-01-08 23:56:00,-0.951767523606902,0.3315613967865724,0.0984656161574212,0.012664730499259758
2012-01-08 23:57:00,-0.9522640371757302,0.3337273244080681,0.0989712531760773,0.013891528966502253
2012-01-08 23:58:00,-0.9528501340675678,0.3357597813308856,0.0994982196661602,0.015163979103219427
2012-01-08 23:59:00,-0.9534939901406804,0.3376671764911492,0.1000423266793818,0.01645382504141568
2012-01-09 00:00:00,-0.9541661546450272,0.3394577963398092,0.1005993088476782,0.017735165505539552
2012-01-09 00:01:00,-0.9548398730146572,0.3411395635771532,0.1011648518043638,0.01898464766494712
2012-01-09 00:02:00,-0.9554913454389632,0.3427198196252992,0.1017346164061731,0.020181610375362924
2012-01-09 00:03:00,-0.9560999225863118,0.3442051334425615,0.1023042600682218,0.021308179486422052
2012-01-09 00:04:00,-0.9566482403994016,0.3456011390332061,0.1028694556524022,0.022349318025175924
2012-01-09 00:05:00,-0.9571222963747974,0.3469124036657302,0.1034259084430606,0.023292834223015646
2012-01-09 00:06:00,-0.9575114701802684,0.3481423283892939,0.1039693718020243,0.024129350529514593
2012-01-09 00:07:00,-0.9578084918536603,0.3492930819404654,0.1044956621188325,0.02485223693960159
2012-01-09 00:08:00,-0.9580093611662892,0.350365568575284,0.1050006736631143,0.02545751213545233
2012-01-09 00:09:00,-0.9581132220238868,0.3513594297618087,0.1054803939073533,0.025943716096739733
2012-01-09 00:10:00,-0.9581221960249768,0.3522730790371911,0.10593091982291,0.026311757949111225
2012-01-09 00:11:00,-0.9580411795109408,0.3531037686711029,0.1063484755617396,0.026564742888998794
2012-01-09 00:12:00,-0.9578776086359944,0.3538476860771903,0.1067294318204823,0.026707782032022953
2012-01-09 00:13:00,-0.9576411971690189,0.3545000771700285,0.1070703270417792,0.026747788973368714
2012-01-09 00:14:00,-0.957343651918144,0.3550553930793267,0.1073678904419945,0.026693266716329322
2012-01-09 00:15:00,0.2695544717071279,0.46845703451970944,0.29430759022886804,0.0
2012-01-09 00:16:00,0.2459665756730534,0.4587173273108279,0.3004633213244034,0.0
2012-01-09 00:17:00,0.22087281688982277,0.4491209817157264,0.30641423085664404,0.0
2012-01-09 00:18:00,0.19438683476248847,0.439813464928583,0.3120718935061255,0.0
2012-01-09 00:19:00,0.16664272789538304,0.43094585059423024,0.3173471315818387,0.0
2012-01-09 00:20:00,0.13779385560505186,0.42267228452346983,0.3221513235624612,0.0
2012-01-09 00:21:00,0.10801120775133022,0.41514725086911675,0.32639780117252254,0.0
2012-01-09 00:22:00,-0.954578570099094,0.355214846003164,0.1078793282556607,0.024224478704924834
2012-01-09 00:23:00,-0.9544319066922694,0.3546037181853635,0.107684063048413,0.023855418942411166
2012-01-09 00:24:00,-0.9543821263749958,0.3538354821980712,0.1074290036467857,0.023516381124865537
2012-01-09 00:25:00,-0.954442531989232,0.352907326279088,0.1071146969211567,0.023219275672610618
2012-01-09 00:26:00,-0.95462494613849,0.3518175020895446,0.1067421778034751,0.022975187914482387
2012-01-09 00:27:00,-0.9549395184349162,0.3505653836308275,0.1063129850287245,0.022794223123427937
2012-01-09 00:28:00,-0.9553945553742512,0.349151507686785,0.1058291740230628,0.02268536013434841
2012-01-09 00:29:00,-0.9559963726358044,0.3475775985815645,0.1052933267966971,0.022656313820268226
2012-01-09 00:30:00,-0.956749169000861,0.3458465813821633,0.1047085588122281,0.022713406837957306
2012-01-09 00:31:00,-0.9576549204723837,0.3439625890278101,0.1040785229175395,0.022861451169403635
2012-01-09 00:32:00,-0.9587132926950656,0.3419309698767474,0.1034074105131248,0.023103640058081965
2012-01-09 00:33:00,-0.9599215696529912,0.3397583022477632,0.1026999500858404,0.023441450977523592
2012-01-09 00:34:00,-0.9612745970449336,0.3374524213160783,0.1019614030230452,0.023874560325829908
2012-01-09 00:35:00,-0.962764739630684,0.3350224614719602,0.1011975562568952,0.024400770674855243
2012-01-09 00:36:00,-0.9643818529010476,0.3324789147350967,0.1004147108991262,0.025015951638432288
2012-01-09 00:37:00,-0.9661132703608122,0.3298337036802687,0.0996196657289641,0.02571399573694899
2012-01-09 00:38:00,-0.9679438084180806,0.3271002657575188,0.0988196942364298,0.02648679099271356
2012-01-09 00:39:00,-0.9698557913665428,0.3242936447818454,0.0980225138830837,0.027324212369725043
2012-01-09 00:40:00,-0.9718290992751624,0.3214305845857986,0.0972362462871911,0.028214134554259473
2012-01-09 00:41:00,-0.97384124178197,0.3185296192955179,0.0964693671486431,0.02914246893326511
2012-01-09 00:42:00,-0.975867460822825,0.3156111543816855,0.0957306448952989,0.030093227933762234
2012-01-09 00:43:00,-0.9778808652078346,0.3126975325466152,0.0950290672559859,0.03104862010668885
2012-01-09 00:44:00,-0.9798525996918566,0.3098130786318483,0.0943737552425915,0.031989179445609306
2012-01-09 00:45:00,-0.981752050779665,0.3069841180598207,0.0937738643493693,0.03289393239870364
2012-01-09 00:46:00,-0.9835470909671278,0.3042389638534862,0.0932384731483034,0.03374060583473715
2012-01-09 00:47:00,-0.985204362450439,0.3016078680066191,0.0927764598737711,0.03450587883374712
2012-01-09 00:48:00,-0.986689600539385,0.2991229339022314,0.092396368046949,0.03516568056863112
2012-01-09 00:49:00,-0.9879679960972788,0.2968179875793548,0.0921062626852797,0.03569553570968931
2012-01-09 00:50:00,-0.9890045953372482,0.2947284068306059,0.0919135791460881,0.03607095771599811
2012-01-09 00:51:00,-0.989764734326442,0.2928909081196895,0.0918249670874383,0.036267889088568595
2012-01-09 00:52:00,-0.9902145047103984,0.2913432918359421,0.0918461322860642,0.03626318618996205
2012-01-09 00:53:00,-0.9903212465246798,0.290124146394159,0.0919816790808936,0.03603514463828672
2012-01-09 00:54:00,-0.990054063442869,0.2892725114266591,0.0922349560713517,0.03556405959665643
2012-01-09 00:55:00,-0.989384355294741,0.2888275001687156,0.0926079075164382,0.034832813497075454
2012-01-09 00:56:00,-0.9882863620792784,0.2888278813275654,0.0931009327638145,0.03382748182932205
2012-01-09 00:57:00,-0.9867377129476896,0.2893116213356694,0.0937127560457884,0.0325379455684951
2012-01-09 00:58:00,-0.9847199727463448,0.2903153889248836,0.0944403091073274,0.03095849662169048
2012-01-09 00:59:00,-0.982219177743704,0.2918740253301787,0.095278629328834,0.02908842039775239
2012-01-09 01:00:00,-0.9792263511963626,0.2940199849921389,0.0962207762139257,0.026932537330145223
2012-01-09 01:01:00,-0.9757379885009356,0.2967827532484424,0.0972577692921026,0.024501683023143483
2012-01-09 01:02:00,-0.9717565008714972,0.3001882491105987,0.0983785506212048,0.021813104786013282
2012-01-09 01:03:00,-0.9672906058059968,0.3042582227759619,0.0995699751566918,0.018890750846244364
2012-01-09 01:04:00,-0.9623556520895375,0.3090096589968089,0.1008168322778152,0.015765427710815683
2012-01-09 01:05:00,-0.956973866764135,0.3144541987753465,0.1021019017192017,0.012474801232911226
2012-01-09 01:06:00,-0.9511745114129732,0.3205975930216243,0.1034060470454193,0.009063218226948777
2012-01-09 01:07:00,-0.9449939352995412,0.3274392027447671,0.1047083496213344,0.005581328251208939
2012-01-09 01:08:00,-0.938475513415242,0.3349715609564952,0.1059862857586616,0.0020854897155979657
2012-01-09 01:09:00,-0.9316694584235584,0.3431800115097307,0.107215949304038,0.0
2012-01-09 01:10:00,-0.9246324970218948,0.3520424391268609,0.1083723212574117,0.0
2012-01-09 01:11:00,-0.9174274035203002,0.361529102531429,0.1094295869594599,0.0
2012-01-09 01:12:00,-0.9101223863663824,0.3716025791497595,0.1103615000086674,0.0
2012-01-09 01:13:00,-0.9027903265495072,0.3822178262673888,0.1111417906069608,0.0
2012-01-09 01:14:00,-0.8955078698932581,0.3933223607875076,0.111744614755944,0.0
2012-01-09 01:15:00,-0.888354378076801,0.4048565580836322,0.1121450397252346,0.0
2012-01-09 01:16:00,-0.8814107460013606,0.4167540693718358,0.1123195604009441,0.0
2012-01-09 01:17:00,-0.8747580960998667,0.4289423558926278,0.1122466403702962,0.0
2012-01-09 01:18:00,-0.8684763635309957,0.4413433365817431,0.1119072708442895,0.0
2012-01-09 01:19:00,-0.8626427899696328,0.453874143604447,0.1112855397505418,0.0
2012-01-09 01:20:00,-0.8573303479981158,0.4664479768351973,0.1103692025273928,0.0
2012-01-09 01:21:00,-0.8526061230670988,0.4789750436740417,0.1091502452859606,0.0
2012-01-09 01:22:00,-0.8485296856924273,0.4913635643138143,0.107625430068346,0.0
2012-01-09 01:23:00,-0.8451514926758509,0.5035208152192071,0.1057968109777535,0.0
2012-01-09 01:24:00,-0.8425113617157981,0.5153541766813793,0.1036722091334337,0.0
2012-01-09 01:25:00,-0.8406370672532331,0.5267721461705868,0.1012656338854214,0.0
2012-01-09 01:26:00,-0.8395431054225564,0.5376852796946722,0.0985976376192286,0.001828118993961958
2012-01-09 01:27:00,-0.8392296723749844,0.5480070285646604,0.0956955917642942,0.006864336757445466
2012-01-09 01:28:00,-0.8396818940338795,0.557654447237434,0.0925938721839316,0.012234059325226143
2012-01-09 01:29:00,-0.8408693377879313,0.5665487573427905,0.0893339428931331,0.017850328403644866
2012-01-09 01:30:00,-0.8427458284757933,0.5746157624998819,0.0859643280313018,0.023617932443812384
2012-01-09 01:31:00,-0.8452495825091988,0.5817861177256932,0.0825404632512884,0.029434248305372
2012-01-09 01:32:00,-0.848303665156259,0.5879954660807422,0.0791244191876086,0.03519005509173434
2012-01-09 01:33:00,-0.8518167668562113,0.5931844636915828,0.0757844914087083,0.04077034037318561
2012-01-09 01:34:00,-0.8556842850572873,0.5972987223163237,0.0725946531937438,0.04605513384669835
2012-01-09 01:35:00,-0.8597896889923586,0.6002887055195534,0.069633869560601,0.05092041328632524
2012-01-09 01:36:00,-0.8640061372478672,0.6021096188346406,0.0669852731864813,0.05523913172277872
2012-01-09 01:37:00,-0.8681983132664045,0.6027213345370871,0.0647352052070631,0.058882413234820685
2012-01-09 01:38:00,-0.8722244422760553,0.6020883878312583,0.0629721263715785,0.061720958239394275
2012-01-09 01:39:00,-0.875938453379467,0.600180075037353,0.0617854066775478,0.06362668876771105
2012-01-09 01:40:00,-0.879192251263508,0.5969706774643067,0.0612640043733643,0.06447465102079741
2012-01-09 01:41:00,-0.8818380627063228,0.5924398274769538,0.0614950479949678,0.06414517757046045
2012-01-09 01:42:00,-0.8837308239679565,0.5865730254088145,0.0625623377647015,0.062526295898091
2012-01-09 01:43:00,-0.8847305763588451,0.5793623074227328,0.0645447851604256,0.05951635442679826
2012-01-09 01:44:00,-0.8847048385288375,0.5708070558202571,0.0675148117893036,0.05502682245593715
2012-01-09 01:45:00,-0.8835309250232634,0.5609149352736726,0.0715367309235536,0.048985206738760834
2012-01-09 01:46:00,-0.8810981813641751,0.5497029311828789,0.0766651371763962,0.041338014773580234
2012-01-09 01:47:00,-0.8773101064363831,0.5371984597880173,0.0829433317726528,0.03205368287680854
2012-01-09 01:48:00,-0.8720863333853627,0.523440513796788,0.090401812643305,0.02112537530440739
2012-01-09 01:49:00,-0.8653644406163861,0.5084808022228109,0.0990568600835178,0.008573548553634236
2012-01-09 01:50:00,-0.8571015648313415,0.4923848390705972,0.1089092498850894,0.0
2012-01-09 01:51:00,-0.847275788353392,0.4752329326586197,0.1199431266042596,0.0
2012-01-09 01:52:00,-0.835887273322475,0.4571210258791872,0.1321250698707623,0.0
2012-01-09 01:53:00,-0.8229591158280429,0.4381613375618013,0.1454033863067854,0.0
2012-01-09 01:54:00,-0.8085378938530736,0.4184827562799624,0.1597076586371417,0.0
2012-01-09 01:55:00,-0.792693884202955,0.3982309403745026,0.1749485818731748,0.0
2012-01-09 01:56:00,-0.7755209255312961,0.3775680816449148,0.1910181139825613,0.0
2012-01-09 01:57:00,-0.7571359072812291,0.3566722950911725,0.2077899651532837,0.0
2012-01-09 01:58:00,-0.7376778679459665,0.335736603293017,0.2251204455611391,0.0
2012-01-09 01:59:00,-0.7173066906068981,0.3149674915185945,0.2428496863990483,0.0
2012-01-09 02:00:00,-0.6962013893067567,0.2945830184832031,0.260803242772729,0.0
2012-01-09 02:01:00,-0.6745579865275341,0.2748104778448135,0.2787940798685024,0.0
2012-01-09 02:02:00,-0.6525869899334367,0.2558836170275759,0.2966249355216244,0.0
2012-01-09 02:03:00,-0.630510485670091,0.2380394327978164,0.3140910429345453,0.0
2012-01-09 02:04:00,-0.6085588759341659,0.2215145771551534,0.3309831868049641,0.0
2012-01-09 02:05:00,-0.586967300268931,0.2065414225153446,0.3470910545315381,0.0
2012-01-09 02:06:00,-0.5659717930844185,0.193343851841745,0.3622068314888749,0.0
2012-01-09 02:07:00,-0.5458052441932305,0.1821328573381788,0.3761289756172833,0.0
2012-01-09 02:08:00,-0.5266932446439097,0.1731020505272126,0.3886660917660967,0.0
2012-01-09 02:09:00,-0.5088499166151564,0.166423206854164,0.399640810475075,0.0
2012-01-09 02:10:00,-0.492473842300941,0.162241988611403,0.408893559968192,0.0
2012-01-09 02:11:00,-0.4777442187991637,0.1606740082047164,0.4162861067004409,0.0
2012-01-09 02:12:00,-0.4648173685709462,0.1618014037399111,0.4217047335731646,0.0
2012-01-09 02:13:00,-0.4538237250153039,0.1656700939143407,0.4250629301907111,0.0
2012-01-09 02:14:00,-0.4448653923725229,0.1722878568840598,0.4263034865174077,0.0
2012-01-09 02:15:00,-0.438014353823774,0.1816233421917633,0.4253999061067285,0.0
2012-01-09 02:16:00,-0.4333113753431256,0.1936060826201278,0.4223570831628444,0.0
2012-01-09 02:17:00,-0.4307656270435722,0.2081275284483645,0.4172112165287925,0.0
2012-01-09 02:18:00,-0.4303550185608255,0.2250430815072693,0.4100289625803671,0.0
2012-01-09 02:19:00,-0.4320272203965449,0.2441750611091397,0.4009058580333918,0.0
2012-01-09 02:20:00,-0.4357013192232625,0.265316489822386,0.38996407315249,0.0
2012-01-09 02:21:00,-0.4412700325141045,0.2882355478395232,0.3773495851217187,0.0
2012-01-09 02:22:00,-0.4486023885288636,0.3126805163384633,0.3632288868145837,0.0
2012-01-09 02:23:00,-0.4575467654230875,0.338385018510079,0.3477853618581866,0.0
2012-01-09 02:24:00,-0.4679341809517537,0.3650733728587154,0.3312154589166125,0.0
2012-01-09 02:25:00,-0.4795817308658401,0.3924658919136817,0.3137247886251152,0.0
2012-01-09 02:26:00,-0.4922960855003568,0.4202839834487863,0.2955242513127821,0.0
2012-01-09 02:27:00,-0.5058769665257551,0.4482549358985989,0.2768262871375467,0.0
2012-01-09 02:28:00,-0.5201205377796319,0.4761162930886916,0.2578413243859153,0.0
2012-01-09 02:29:00,-0.5348226551877239,0.5036197452597825,0.2387744868602993,0.0
2012-01-09 02:30:00,-0.549781930983549,0.530534483577198,0.2198226075649841,0.0
2012-01-09 02:31:00,-0.564802576706918,0.5566499838520798,0.2011715833531967,0.0
2012-01-09 02:32:00,-0.5796969977668455,0.5817782020607751,0.1829940938390951,0.0
2012-01-09 02:33:00,-0.5942881196720874,0.6057551794507369,0.1654476977143988,0.0
2012-01-09 02:34:00,-0.6084114323536575,0.6284420685947866,0.1486733106274415,0.0
2012-01-09 02:35:00,-0.62191674432826,0.6497256037449805,0.1327940609600583,0.0
2012-01-09 02:36:00,-0.6346696427899132,0.6695180493004835,0.1179145131445159,0.0
2012-01-09 02:37:00,-0.646552659093712,0.6877566692075036,0.1041202425594064,0.0
2012-01-09 02:38:00,-0.657466141548603,0.704402767725011,0.0914777414821965,0.0
2012-01-09 02:39:00,-0.6673288390357122,0.7194403582705408,0.0800346319981652,0.0
2012-01-09 02:40:00,-0.6760781999374315,0.7328745219228249,0.0698201590773225,0.0
2012-01-09 02:41:00,-0.683670391746879,0.744729520228366,0.060845935064764,0.012783042247849208
2012-01-09 02:42:00,-0.6900800482787731,0.7550467277205697,0.0531069053651469,0.024268703744987352
2012-01-09 02:43:00,-0.6952997540482369,0.7638824478616862,0.0465825039928497,0.03398649498382933
2012-01-09 02:44:00,-0.6993392789368729,0.7713056723615004,0.0412379669368937,0.04196374082693488
2012-01-09 02:45:00,-0.7022245803318959,0.7773958384904586,0.0370257710865526,0.04825309856405591
2012-01-09 02:46:00,-0.70399659433623,0.7822406322908083,0.0338871668537467,0.05292922445960602
2012-01-09 02:47:00,-0.7047098422843775,0.7859338777328906,0.0317537735779313,0.05608537728593177
2012-01-09 02:48:00,-0.7044308832666272,0.7885735434579423,0.0305492082292846,0.057830022671436554
2012-01-09 02:49:00,-0.7032366470608921,0.7902598905704468,0.0301907197566864,0.058283495086872694
2012-01-09 02:50:00,-0.7012126841905367,0.791093777676825,0.0305908035764014,0.05757476842639231
2012-01-09 02:51:00,-0.6984513703041167,0.79117513349478,0.0316587730877717,0.05583838083941828
2012-01-09 02:52:00,-0.6950501006428473,0.7906016029983938,0.0333022676700721,0.0532115542944025
2012-01-09 02:53:00,-0.6911095075009291,0.7894673698795012,0.03542867930086,0.04983154400105416
2012-01-09 02:54:00,-0.686731730011601,0.787862155559534,0.0379464826743609,0.04583324708817571
2012-01-09 02:55:00,-0.6820187618355817,0.7858703927091405,0.0407664564207969,0.04134709372123746
2012-01-09 02:56:00,-0.6770708986242192,0.7835705691021324,0.0438027856761082,0.036497237121177584
2012-01-09 02:57:00,-0.6719853035655895,0.7810347356382279,0.0469740387825315,0.03140005177484673
2012-01-09 02:58:00,-0.6668547059432922,0.778328170532107,0.0502040132825925,0.026162941658024463
2012-01-09 02:59:00,-0.661766244459027,0.7755091900132748,0.0534224485786371,0.020883452756771614
2012-01-09 03:00:00,-0.656800464066458,0.7726290944603746,0.0565656046484829,0.015648676872973555
2012-01-09 03:01:00,-0.6520304721912709,0.769732237759619,0.0595767080225209,0.010534926982340043
2012-01-09 03:02:00,-0.6475212574520753,0.7668562068585045,0.0624062678348617,0.005607658639693813
2012-01-09 03:03:00,-0.6433291713792081,0.7640320979677228,0.065012266165554,0.0009216074320701484
2012-01-09 03:04:00,-0.6395015712054969,0.761284875606085,0.0673602281014123,0.0
2012-01-09 03:05:00,-0.6360766196071062,0.7586338006511986,0.0694231779694541,0.0
2012-01-09 03:06:00,-0.6330832353076201,0.7560929137348665,0.0711814890504529,0.0
2012-01-09 03:07:00,-0.6305411867153948,0.7536715606979346,0.0726226347740978,0.0
2012-01-09 03:08:00,-0.6284613192297729,0.7513749473869195,0.0737408499474341,0.0
2012-01-09 03:09:00,-0.626845905506259,0.7492047118264098,0.0745367109921071,0.0
2012-01-09 03:10:00,-0.6256891067865316,0.7471595027294998,0.0750166444821569,0.0
2012-01-09 03:11:00,-0.6249775323455136,0.7452355544054934,0.0751923735021536,0.0
2012-01-09 03:12:00,-0.6246908831563998,0.7434272493806419,0.0750803115050001,0.0
2012-01-09 03:13:00,-0.6248026650009288,0.7417276614541497,0.0747009134596138,0.0
2012-01-09 03:14:00,-0.6252809554334705,0.740129073459264,0.0740779941605095,0.0
2012-01-09 03:15:00,-0.6260892082207634,0.7386234656798509,0.0732380236428741,0.0
2012-01-09 03:16:00,-0.6271870781006785,0.7372029726786989,0.0722094097256524,0.0
2012-01-09 03:17:00,-0.6285312479090311,0.7358603082179008,0.0710217778078,0.0
2012-01-09 03:18:00,-0.6300762392894971,0.7345891599880711,0.0697052581842414,0.0
2012-01-09 03:19:00,-0.6317751873261117,0.7333845579841692,0.0682897913379241,0.0
2012-01-09 03:20:00,-0.6335805586680128,0.7322432223934204,0.0668044618829576,0.0
2012-01-09 03:21:00,-0.6354447926123449,0.7311638982303903,0.0652768719798014,0.0
2012-01-09 03:22:00,-0.6373208461951065,0.7301476837283453,0.0637325649174518,0.0
2012-01-09 03:23:00,-0.6391626284864704,0.7291983569742874,0.062194508971463,0.0
2012-01-09 03:24:00,-0.6409253159284891,0.7283227006474197,0.0606826505832393,0.0
2012-01-09 03:25:00,-0.6425655487045232,0.7275308188996911,0.0592135445254011,0.0
2012-01-09 03:26:00,-0.6440415165572622,0.7268364344259793,0.0578000672027065,0.0
2012-01-09 03:27:00,-0.6453129499590985,0.7262571486244023,0.0564512176836414,0.0
2012-01-09 03:28:00,-0.6463410378880221,0.7258146444908279,0.0551720094980926,0.0
2012-01-09 03:29:00,-0.6470882959904105,0.7255348111083206,0.0539634547037817,0.0
2012-01-09 03:30:00,-0.6475184089341519,0.7254477699543853,0.0528226402618842,0.0
2012-01-09 03:31:00,-0.6475960692250383,0.7255877858855093,0.0517428954009768,0.0
2012-01-09 03:32:00,-0.6472868325089371,0.7259930488446845,0.0507140473914893,0.0
2012-01-09 03:33:00,-0.6465570068216541,0.7267053157359216,0.0497227619891422,0.0
2012-01-09 03:34:00,-0.6453735905184919,0.7277694054134981,0.0487529637257048,0.0
2012-01-09 03:35:00,-0.6437042707708707,0.7292325433026469,0.0477863302223295,0.0
2012-01-09 03:36:00,-0.6415174915966376,0.7311435557725696,0.0468028537692143,0.0
2012-01-09 03:37:00,-0.6387825974336879,0.7335519179922649,0.0457814625534701,0.0
2012-01-09 03:38:00,-0.635470055308918,0.7365066625887955,0.0447006931297144,0.0
2012-01-09 03:39:00,-0.631551755718169,0.740055159978638,0.0435394050222544,0.0
2012-01-09 03:40:00,-0.6270013894307029,0.7442417847410582,0.0422775277213712,0.0
2012-01-09 03:41:00,-0.6217948945697256,0.7491064858352116,0.040896829773373,0.0
2012-01-09 03:42:00,-0.615910965489524,0.7546832818247525,0.0393816991512591,0.0
2012-01-09 03:43:00,-0.6093316121663933,0.7609987055547605,0.0377199236337266,0.0
2012-01-09 03:44:00,-0.6020427560797722,0.7680702258886134,0.0359034595235328,0.0
2012-01-09 03:45:00,-0.5940348459330612,0.7759046771075608,0.0339291766999555,0.0
2012-01-09 03:46:00,-0.58530347407085,0.7844967293713564,0.0317995677268015,0.0
2012-01-09 03:47:00,-0.5758499721019872,0.7938274362067995,0.0295234085523304,0.0
2012-01-09 03:48:00,-0.5656819620953244,0.8038628972737619,0.0271163582745921,0.0
2012-01-09 03:49:00,-0.5548138378819252,0.814553076568353,0.02460148552651,0.0
2012-01-09 03:50:00,-0.543267149581819,0.8258308176735317,0.0220097092683423,0.0
2012-01-09 03:51:00,-0.5310708635772969,0.8376110985737778,0.0193801421645375,0.0
2012-01-09 03:52:00,-0.5182614699986428,0.8497905687016624,0.0167603252581174,0.0
2012-01-09 03:53:00,-0.5048829111043438,0.8622474095520957,0.0142063432784735,0.0
2012-01-09 03:54:00,-0.4909863082561456,0.8748415559111624,0.0117828105007322,0.003271716668699076
2012-01-09 03:55:00,-0.4766294740106863,0.8874153062104442,0.0095627175376035,0.007359432754259654
2012-01-09 03:56:00,-0.4618762090314138,0.8997943381942979,0.0076271299202517,0.011443353147651658
2012-01-09 03:57:00,-0.4467953990964395,0.9117891320447166,0.0060647300858038,0.015392697885708628
2012-01-09 03:58:00,-0.4314599431614028,0.9231967891299496,0.0049711955960297,0.01905579179863537
2012-01-09 03:59:00,-0.4159455571513787,0.9338032215533644,0.0044484080938914,0.0222616844193968
2012-01-09 04:00:00,-0.400329507238554,0.943385676929972,0.0046034897764186,0.024822639250620115
2012-01-09 04:01:00,-0.3846893284744526,0.9517155557858687,0.0055476672171544,0.02653745921835826
2012-01-09 04:02:00,-0.3691015800398258,0.9585614757164088,0.0073949662163007,0.02719558246755316
2012-01-09 04:03:00,-0.3536406798414452,0.9636925353666268,0.0102607457332603,0.02658186038088517
2012-01-09 04:04:00,-0.3383778516064276,0.9668817307358124,0.0142600835544636,0.024481918664962077
2012-01-09 04:05:00,-0.3233802084618419,0.9679094754845504,0.0195060309799002,0.02068800188999509
2012-01-09 04:06:00,-0.3087099886524929,0.9665671757188962,0.0261077583787981,0.015005210488395093
2012-01-09 04:07:00,-0.2944239516359404,0.9626608082200954,0.0341686178816164,0.007258055032487443
2012-01-09 04:08:00,-0.2805729363208227,0.9560144493975868,0.0437841536345269,0.0
2012-01-09 04:09:00,-0.2672015776461449,0.9464737005110292,0.0550400938287601,0.0
2012-01-09 04:10:00,-0.2543481729807272,0.9339089530908444,0.0680103620295171,0.0
2012-01-09 04:11:00,-0.2420446859226773,0.9182184371467892,0.0827551480881501,0.0
2012-01-09 04:12:00,-0.2303168719830608,0.899330993857099,0.0993190810561752,0.0
2012-01-09 04:13:00,-0.2191845083172118,0.8772085141560518,0.1177295479538489,0.0
2012-01-09 04:14:00,-0.2086617080861015,0.8518479851732249,0.1379952028934315,0.0
2012-01-09 04:15:00,-0.1987572991813034,0.8232830880089872,0.1601047108190882,0.0
2012-01-09 04:16:00,-0.189475246958772,0.7915852930394764,0.1840257688854752,0.0
2012-01-09 04:17:00,-0.1808151013215537,0.7568644030182167,0.2097044461270406,0.0
2012-01-09 04:18:00,-0.1727724499404551,0.7192684998820532,0.2370648784445714,0.0
2012-01-09 04:19:00,-0.1653393615313041,0.6789832585839517,0.266009350945202,0.0
2012-01-09 04:20:00,-0.1585048058439894,0.6362306006656557,0.296418793221148,0.0
2012-01-09 04:21:00,-0.1522550403049726,0.5912666718402974,0.3281537051413917,0.0
2012-01-09 04:22:00,-0.1465739570370817,0.5443791417618438,0.3610555210463414,0.0
2012-01-09 04:23:00,-0.1414433882051418,0.4958838405860868,0.3949484087631584,0.0
2012-01-09 04:24:00,-0.1368433722672032,0.4461207660293226,0.429641486497732,0.0
2012-01-09 04:25:00,-0.1327523886541588,0.3954495165397143,0.4649314253312326,0.0
2012-01-09 04:26:00,-0.1291475731114401,0.3442442310258622,0.5006053877464763,0.0
2012-01-09 04:27:00,-0.1260049288675612,0.2928881431519192,0.5364442336470537,0.0
2012-01-09 04:28:00,-0.1232995477471361,0.2417678866956051,0.5722259062409839,0.0
2012-01-09 04:29:00,-0.1210058493667191,0.1912677124130993,0.6077288948378701,0.0
2012-01-09 04:30:00,-0.1190978375958892,0.1417637878650246,0.6427356653315324,0.0
2012-01-09 04:31:00,-0.1175493654035943,0.093618743950756,0.6770359544992776,0.0
2012-01-09 04:32:00,-0.116334394877418,0.0471766076292066,0.7104298385164436,0.0
2012-01-09 04:33:00,-0.1154272387718148,0.0027582282594321,0.742730503936866,0.0
2012-01-09 04:34:00,-0.114802771943,-0.0393427257356767,0.7737666672086783,0.0
2012-01-09 04:35:00,-0.1144366040782377,-0.0788631482288206,0.803384605444968,0.0
2012-01-09 04:36:00,-0.1143052084692026,-0.1155732232131352,0.831449776383649,0.0
2012-01-09 04:37:00,-0.1143860048339052,-0.1492784853239208,0.8578480189779756,0.0
2012-01-09 04:38:00,-0.114657397178632,-0.1798212163061642,0.882486337607271,0.0
2012-01-09 04:39:00,-0.1150987703063171,-0.2070811968360274,0.9052932823780948,0.0
2012-01-09 04:40:00,-0.1156904506451981,-0.2309758475633606,0.926218945612814,0.0
2012-01-09 04:41:00,-0.1164136384015151,-0.2514598051256502,0.9452346009225704,0.0
2012-01-09 04:42:00,-0.1172503186583944,-0.2685239879629642,0.9623320166179616,0.005950137703167657
2012-01-09 04:43:00,-0.1181831592516037,-0.282194213833195,0.9775224795085574,0.024280738565449544
2012-01-09 04:44:00,-0.1191954033702531,-0.2925294371159386,0.9908355680594708,0.03996929699664653
2012-01-09 04:45:00,-0.1202707648902264,-0.2996196794899163,1.0023177154138925,0.053032673689399346
2012-01-09 04:46:00,-0.1213933342182534,-0.3035837309700939,1.0120306033197275,0.06353437431896802
2012-01-09 04:47:00,-0.1225475017249531,-0.3045666968941338,1.0200494277582584,0.07157808773135188
2012-01-09 04:48:00,-0.1237179047562186,-0.3027374574793984,1.026461075975642,0.07730145670161992
2012-01-09 04:49:00,-0.124889402922822,-0.2982860896193662,1.0313622527112232,0.08087004331714209
2012-01-09 04:50:00,-0.1260470849221522,-0.2914212795094733,1.034857591199539,0.08247146097789715
2012-01-09 04:51:00,-0.1271763084654974,-0.2823677358652959,1.037057782435593,0.0823096580012741
2012-01-09 04:52:00,-0.1282627729818585,-0.2713636014224395,1.038077754050404,0.08059935524887463
2012-01-09 04:53:00,-0.1292926228305354,-0.2586578554831958,1.0380349274108864,0.07756066142305373
2012-01-09 04:54:00,-0.1302525770546184,-0.2445077003170048,1.037047577989196,0.07341391287654586
2012-01-09 04:55:00,-0.1311300804583302,-0.2291759269217059,1.0352333198471793,0.06837480782880845
2012-01-09 04:56:00,-0.1319134699781858,-0.2129282597025152,1.0327077306051746,0.06264992551325066
2012-01-09 04:57:00,-0.1325921497190222,-0.196030684684547,1.0295831287077473,0.05643273634653978
2012-01-09 04:58:00,-0.1331567674495388,-0.1787467720900744,1.0259675101792736,0.049900216779523054
2012-01-09 04:59:00,-0.13359938475524,-0.1613350115112623,1.021963647429882,0.04321017930928295
2012-01-09 05:00:00,-0.133913632475694,-0.1440461859126063,1.0176683482566784,0.03649941229229858
2012-01-09 05:01:00,-0.1340948427118387,-0.1271208179927679,1.0131718693274034,0.02988269526458609
2012-01-09 05:02:00,-0.1341401490278624,-0.110786727434324,1.008557475415442,0.023452714966937016
2012-01-09 05:03:00,-0.1340485478789185,-0.0952567393194467,1.0039011335514854,0.017280858721020476
2012-01-09 05:04:00,-0.1338209165787193,-0.0807265827238293,0.9992713299462634,0.011418810248657651
2012-01-09 05:05:00,-0.133459985559875,-0.0673730152652538,0.9947289968622168,0.005900824201912291
2012-01-09 05:06:00,-0.1329702647792366,-0.0553522052159199,0.9903275364455432,0.000746515047653995
2012-01-09 05:07:00,-0.1323579260571786,-0.0447983981557108,0.9861129287264608,0.0
2012-01-09 05:08:00,-0.1316306452768532,-0.0358228899078663,0.9821239114083552,0.0
2012-01-09 05:09:00,-0.1307974106301129,-0.0285133213913343,0.9783922196503976,0.0
2012-01-09 05:10:00,-0.1298683050194711,-0.0229333041321099,0.9749428748607614,0.0
2012-01-09 05:11:00,-0.1288542718393933,-0.0191223778368357,0.9717945126282194,0.0
2012-01-09 05:12:00,-0.1277668733486341,-0.0170962937526724,0.9689597413399044,0.0
2012-01-09 05:13:00,-0.1266180497032195,-0.0168476092206701,0.9664455246552964,0.0
2012-01-09 05:14:00,-0.12541988497447,-0.0183465697130226,0.9642535825468466,0.0
2012-01-09 05:15:00,-0.1241843849528596,-0.0215422459321652,0.9623808067202247,0.0
2012-01-09 05:16:00,-0.122923270671054,-0.0263638884904614,0.9608196867667652,0.0
2012-01-09 05:17:00,-0.1216477911032558,-0.0327224648177236,0.9595587436083214,0.0
2012-01-09 05:18:00,-0.1203685579144531,-0.0405123528491112,0.9585829669879448,0.0
2012-01-09 05:19:00,-0.1190954043234425,-0.0496131801530074,0.9578742541246038,0.0
2012-01-09 05:20:00,-0.1178372693999929,-0.0598918096670637,0.9574118473826164,0.0
2012-01-09 05:21:00,-0.1166021086822608,-0.0712044791403439,0.9571727700955072,0.0
2012-01-09 05:22:00,-0.1153968317477778,-0.0833990983171134,0.9571322612596856,0.0
2012-01-09 05:23:00,-0.1142272669303091,-0.096317695733094,0.9572642107964832,0.0
2012-01-09 05:24:00,-0.1130981525009538,-0.1097989875632153,0.9575415966640825,0.0
2012-01-09 05:25:00,-0.1120131524508917,-0.1236810190095176,0.9579369234030702,0.0
2012-01-09 05:26:00,-0.1109748939326587,-0.1378038114063362,0.9584226597792772,0.0
2012-01-09 05:27:00,-0.1099850228077355,-0.1520119409546194,0.9589716721242194,0.0
2012-01-09 05:28:00,-0.109044273709756,-0.1661569778130298,0.9595576500095596,0.0
2012-01-09 05:29:00,-0.1081525513776556,-0.1800997233195969,0.9601555214730418,0.0
2012-01-09 05:30:00,-0.1073090203854946,-0.1937121946075382,0.9607418554440538,0.0
2012-01-09 05:31:00,-0.1065122004667245,-0.2068793175969387,0.9612952489750872,0.0
2012-01-09 05:32:00,-0.105760064365832,-0.2195003001265518,0.9617966964422654,0.0
2012-01-09 05:33:00,-0.1050501349336894,-0.2314896668216561,0.962229937172724,0.0
2012-01-09 05:34:00,-0.1043795785284716,-0.2427779473098892,0.9625817769655832,0.0
2012-01-09 05:35:00,-0.1037452928504414,-0.2533120203117486,0.9628423776666232,0.0009972575655539107
2012-01-09 05:36:00,-0.1031439888066408,-0.2630551268197341,0.963005507567451,0.003601658915694861
2012-01-09 05:37:00,-0.1025722674211085,-0.2719865739420916,0.963068744385173,0.005981696086115651
2012-01-09 05:38:00,-0.1020266939471433,-0.2801011558774414,0.9630336223266508,0.008116988019373217
2012-01-09 05:39:00,-0.1015038721227785,-0.2874083202369606,0.9629057153751676,0.009997027371621448
2012-01-09 05:40:00,-0.101000521730886,-0.2939311076042112,0.962694650308884,0.01162126862808388
2012-01-09 05:41:00,-0.1005135619663782,-0.2997048911196806,0.9624140447184508,0.012998909857042662
2012-01-09 05:42:00,-0.1000402014735832,-0.3047759422733548,0.9620813670316768,0.01414839825788139
2012-01-09 05:43:00,-0.099578033563637,-0.3091998496699167,0.9617177170337486,0.015096694438961
2012-01-09 05:44:00,-0.0991251325796198,-0.3130398191293227,0.9613475265814156,0.015878332839937892
2012-01-09 05:45:00,-0.0986801452379755,-0.3163648854641805,0.960998181255907,0.016534316290460094
2012-01-09 05:46:00,-0.0982423694727822,-0.3192480679735209,0.9606995647037816,0.017110881706851044
2012-01-09 05:47:00,-0.0978118129434256,-0.3217645026166618,0.960483528485304,0.017658171679964196
2012-01-09 05:48:00,-0.0973892237480844,-0.3239895836563985,0.9603832914564948,0.01822884349683962
2012-01-09 05:49:00,-0.0969760868357264,-0.3259971459593991,0.9604327740687496,0.018876643218912026
2012-01-09 05:50:00,-0.096574581192744,-0.3278577159291427,0.9606658744242274,0.01965496807012812
2012-01-09 05:51:00,-0.0961874952492664,-0.3296368548404773,0.961115694320612,0.020615435989894015
2012-01-09 05:52:00,-0.0958181010012464,-0.3313936144341576,0.9618137246578804,0.021806477327035445
2012-01-09 05:53:00,-0.0954699906565902,-0.3331791216378031,0.9627890003972872,0.023271960671900294
2012-01-09 05:54:00,-0.0951468826168544,-0.3350353066934994,0.9640672359016568,0.025049862856423966
2012-01-09 05:55:00,-0.0948524057264663,-0.3369937863391926,0.9656699521658848,0.027170992298451768
2012-01-09 05:56:00,-0.0945898716121706,-0.3390749113536659,0.9676136082833025,0.029657775309901435
2012-01-09 05:57:00,-0.0943620447116557,-0.3412869861582233,0.9699087504456856,0.03252311673600761
2012-01-09 05:58:00,-0.0941709186910406,-0.3436256670905768,0.9725591927470936,0.03576934903840279
2012-01-09 05:59:00,-0.0940175067637248,-0.3460735448122825,0.9755612450356403,0.03938728720938989
2012-01-09 06:00:00,-0.0939016521294668,-0.3485999144871759,0.978903004083812,0.04335541023057976
2012-01-09 06:01:00,-0.0938218634232013,-0.3511607347046102,0.9825637253785516,0.047639192701505184
2012-01-09 06:02:00,-0.0937751787713734,-0.3536987732445864,0.9865132935284312,0.05219061232109512
2012-01-09 06:03:00,-0.0937570608982752,-0.3561439359633155,0.990711809094938,0.05694785976976635
2012-01-09 06:04:00,-0.0937613247829037,-0.3584137751689782,0.9951093082752148,0.06183527708957781
2012-01-09 06:05:00,-0.0937800986257405,-0.3604141753231916,0.9996456296175438,0.06676354900493542
2012-01-09 06:06:00,-0.0938038182243592,-0.3620402152695454,1.0042504395199503,0.07163016897710595
2012-01-09 06:07:00,-0.0938212541650424,-0.3631772063541012,1.0088434260548176,0.07632019828780168
2012-01-09 06:08:00,-0.093819570537962,-0.3637019045035954,1.0133346686558573,0.0807073321928311
2012-01-09 06:09:00,-0.0937844132595406,-0.3634838915701781,1.017625189345072,0.08465528237824538
2012-01-09 06:10:00,-0.0937000256004646,-0.3623871170996491,1.021607689526935,0.0880194799441254
2012-01-09 06:11:00,-0.0935493883236921,-0.360271586813175,1.0251674747729818,0.09064909831395007
2012-01-09 06:12:00,-0.0933143821374123,-0.3569951797643866,1.0281835680281162,0.09238939112924438
2012-01-09 06:13:00,-0.0929759709211291,-0.3524155730475964,1.0305300090516405,0.09308433656839421
2012-01-09 06:14:00,-0.0925144050258445,-0.3463922506629012,1.0320773348287926,0.09257957674665507
2012-01-09 06:15:00,-0.0919094444789548,-0.3387885711846454,1.0326942322655244,0.09072563887727703
2012-01-09 06:16:00,-0.0911406019237071,-0.3294738678382566,1.0322493503054146,0.08738142347258604
2012-01-09 06:17:00,-0.0901874046157194,-0.3183255555708941,1.0306132531335792,0.08241794368691835
2012-01-09 06:18:00,-0.0890296741048277,-0.3052312225087016,1.0276604895764492,0.07572229869138414
2012-01-09 06:19:00,-0.0876478218445968,-0.2900906859147344,1.0232717473024406,0.06720186260893168
2012-01-09 06:20:00,-0.0860231591562889,-0.2728179935029173,1.017336055061112,0.05678866875903421
2012-01-09 06:21:00,-0.0841382205276269,-0.2533433494295705,1.0097529922392756,0.04444396603643597
2012-01-09 06:22:00,-0.081977099701435,-0.2316149413943385,1.0004348621973906,0.03016291888830569
2012-01-09 06:23:00,-0.0795257979997034,-0.207600642123012,0.9893087839067748,0.01397941254863655
2012-01-09 06:24:00,-0.0767725835936554,-0.1812895559233464,0.9763186551828862,0.0
2012-01-09 06:25:00,-0.0737083589274727,-0.1526933791583173,0.9614269402979596,0.0
2012-01-09 06:26:00,-0.0703270313122885,-0.1218475415582062,0.9446162351555067,0.0
2012-01-09 06:27:00,-0.0666258789342921,-0.0888120924182057,0.9258905647522108,0.0
2012-01-09 06:28:00,-0.0626059013886383,-0.0536722919525536,0.90527637040606,0.0
2012-01-09 06:29:00,-0.0582721408003858,-0.0165388642085136,0.882823148118266,0.0
2012-01-09 06:30:00,-0.0536339571490639,0.0224521347716733,0.8586037043388649,0.0
2012-01-09 06:31:00,-0.0487052399562448,0.0631398795233048,0.8327140011795975,0.0
2012-01-09 06:32:00,-0.0435045381318652,0.1053398089902897,0.8052725696907022,0.0
2012-01-09 06:33:00,-0.0380550903638156,0.1488451607204268,0.7764194773317589,0.0
2012-01-09 06:34:00,-0.0323847399020295,0.1934290182028276,0.7463148445110154,0.0
2012-01-09 06:35:00,-0.0265257202654047,0.2388468649103598,0.7151369152632853,0.0
2012-01-09 06:36:00,-0.0205143028781358,0.2848396185997399,0.6830796989295577,0.0
2012-01-09 06:37:00,-0.0143903043040185,0.3311371003441847,0.6503502133166773,0.0
2012-01-09 06:38:00,-0.0081964594986706,0.3774618750829195,0.6171653754854244,0.0
2012-01-09 06:39:00,-0.0019776775895069,0.4235333827645502,0.5837486039919341,0.0
2012-01-09 06:40:00,0.0042197935513867,0.4690722598197033,0.5503262152412938,0.0
2012-01-09 06:41:00,0.01034926060793,0.5138047314251297,0.517123713982337,0.0
2012-01-09 06:42:00,0.0163645000856137,0.5574669422173986,0.4843620892079145,0.0
2012-01-09 06:43:00,0.0222206615477401,0.5998090934053889,0.4522542274769908,0.0
2012-01-09 06:44:00,0.0278751295731863,0.6405992681658095,0.4210015455489763,0.0
2012-01-09 06:45:00,0.0332883208307937,0.6796268491357265,0.3907909272044771,0.0
2012-01-09 06:46:00,0.0384243980453877,0.7167054554244868,0.3617920301399715,0.0
2012-01-09 06:47:00,0.0432518873624878,0.751675348575702,0.3341550107466303,0.0
2012-01-09 06:48:00,0.0477441896927657,0.7844052765023315,0.3080086982682561,0.0
2012-01-09 06:49:00,0.0518799801291495,0.8147937415934381,0.2834592353526345,0.0
2012-01-09 06:50:00,0.0556434925808436,0.8427696940607641,0.260589189315375,0.0
2012-01-09 06:51:00,0.0590246894335262,0.8682926642808431,0.2394571274572714,0.0
2012-01-09 06:52:00,0.0620193183632594,0.8913523585289242,0.2200976404294349,0.0
2012-01-09 06:53:00,0.0646288604141451,0.9119677512372132,0.202521789830622,0.0
2012-01-09 06:54:00,0.0668603750951426,0.9301857138899454,0.1867179498491458,0.0
2012-01-09 06:55:00,0.0687262495689092,0.9460792260438716,0.1726530077211735,0.0
2012-01-09 06:56:00,0.0702438600256439,0.9597452178889878,0.1602738839546742,0.0
2012-01-09 06:57:00,0.071435154095247,0.9713020963937528,0.1495093305510706,0.0
2012-01-09 06:58:00,0.0723261636755894,0.9808870085611464,0.1402719637391559,0.0
2012-01-09 06:59:00,0.0729464578630116,0.98865289580134,0.1324604869123261,0.00015074597991771022
2012-01-09 07:00:00,0.0733285458082958,0.9947653930417336,0.1259620594129407,0.00538634526006132
2012-01-09 07:01:00,0.073507239354941,0.99939962507629,0.1206547674128149,0.009336662238945026
2012-01-09 07:02:00,0.0735189852950242,1.0027369509256818,0.1164101542882981,0.012145126931888406
2012-01-09 07:03:00,0.073401177008444,1.004961704750582,0.1130957695004976,0.013965686737145377
2012-01-09 07:04:00,0.0731914551261121,1.006257979234769,0.1105776969995793,0.014957899102642225
2012-01-09 07:05:00,0.0729270066837295,1.0068064944242696,0.1087230265107316,0.015282405054076076
2012-01-09 07:06:00,0.0726438720297066,1.006781591854622,0.1074022336616422,0.015096815893097304
2012-01-09 07:07:00,0.0723762685345917,1.0063483904909387,0.1064914377180107,0.014552035924201956
2012-01-09 07:08:00,0.0721559399263886,1.0056601376038596,0.1058745086572333,0.01378903309095092
2012-01-09 07:09:00,0.0720115398451804,1.004855784256474,0.1054449983933221,0.012936057562734415
2012-01-09 07:10:00,0.0719680579671645,1.004057811619639,0.1051078741377075,0.012106296615000733
2012-01-09 07:11:00,0.0720462967900965,1.0033703308925102,0.1047810351160573,0.011395943790810437
2012-01-09 07:12:00,-0.08742010738337724,-0.12194434977579124,0.9665586822837521,0.0
2012-01-09 07:13:00,0.0726274882643407,1.0026421064650874,0.103901932856294,0.010624340375595898
2012-01-09 07:14:00,0.0731472647427303,1.002704828971286,0.1032604587910669,0.010658309584115067
2012-01-09 07:15:00,0.0738218386254096,1.0030833539856625,0.1024521637447227,0.011000655171467866
2012-01-09 07:16:00,0.0746455312547064,1.0037721866754097,0.1014738763205944,0.011645938881265971
2012-01-09 07:17:00,0.0756068149162696,1.0047426593011624,0.1003392726293658,0.012567119510180857
2012-01-09 07:18:00,0.0766883400791064,1.0059433035780214,0.0990786279820267,0.01371574222774763
2012-01-09 07:19:00,0.0778670609796718,1.0073005599992282,0.0977383187097068,0.015022401873264535
2012-01-09 07:20:00,0.0791144614481843,1.008719817850141,0.0963800821359496,0.01639750549004715
2012-01-09 07:21:00,0.0803968817099579,1.010086776550269,0.0950800444131091,0.01773236638911957
2012-01-09 07:22:00,0.0816759456164836,1.0112691158141485,0.0939275276136764,0.018900664999044192
2012-01-09 07:23:00,0.0829090863735141,1.0121184588968586,0.0930236492254816,0.019760310444698614
2012-01-09 07:24:00,0.0840501673506733,1.0124726098807209,0.0924797290508206,0.020155731580070002
2012-01-09 07:25:00,0.085050192982702,1.0121580425702426,0.0924155204470934,0.019920617933340434
2012-01-09 07:26:00,0.085858103101631,1.010992615105212,0.0929572848595473,0.018881120874238544
2012-01-09 07:27:00,0.0864216422685923,1.0087884808989611,0.0942357306669679,0.01685951457473789
2012-01-09 07:28:00,0.0866882938087443,1.0053551629924056,0.0963838394611667,0.013678306243274374
2012-01-09 07:29:00,0.0866062663063089,1.000502755427512,0.0995346049772676,0.009164776718620926
2012-01-09 07:30:00,0.0861255183065481,0.9940452118407084,0.1038187119460383,0.0031559265822760363
2012-01-09 07:31:00,0.0851988049166529,0.985803678223932,0.1093621841060572,0.0
2012-01-09 07:32:00,0.0837827279176007,0.975609823777162,0.1162840324354752,0.0
2012-01-09 07:33:00,0.0818387689146849,0.9633091210712992,0.1246939362744247,0.0
2012-01-09 07:34:00,0.0793342829885377,0.9487640244545,0.1346899913407232,0.0
2012-01-09 07:35:00,0.0762434283087586,0.9318569938754206,0.1463565596353719,0.0
2012-01-09 07:36:00,0.0725480054291312,0.9124933101581174,0.1597622568785164,0.0
2012-01-09 07:37:00,0.0682381790073918,0.8906036273036776,0.1749581134780566,0.0
2012-01-09 07:38:00,0.0633130552113732,0.8661462076531729,0.1919759451999206,0.0
2012-01-09 07:39:00,0.0577810904943148,0.8391087868256777,0.2108269696396409,0.0
2012-01-09 07:40:00,0.0516603114502819,0.8095100174510247,0.2315007040597469,0.0
2012-01-09 07:41:00,0.044978330414218,0.777400444109101,0.2539641788633986,0.0
2012-01-09 07:42:00,0.0377721468522076,0.7428629667967681,0.2781614986940948,0.0
2012-01-09 07:43:00,0.0300877302421528,0.706012756855886,0.3040137797183143,0.0
2012-01-09 07:44:00,0.0219793860790201,0.6669965977790382,0.3314194869093987,0.0
2012-01-09 07:45:00,0.0135089128777972,0.6259916338258866,0.3602551889643723,0.0
2012-01-09 07:46:00,0.0047445646321935,0.5832035220844691,0.3903767407367289,0.0
2012-01-09 07:47:00,-0.004240159811543,0.5388639986345382,0.421620893672149,0.0
2012-01-09 07:48:00,-0.0133678715066699,0.4932278869372207,0.4538073236217587,0.0
2012-01-09 07:49:00,-0.0225587532615125,0.4465695966005656,0.4867410525112708,0.0
2012-01-09 07:50:00,-0.0317320831315078,0.3991791832608316,0.5202152255604648,0.0
2012-01-09 07:51:00,-0.0408077665992944,0.3513580648265931,0.5540141889299343,0.0
2012-01-09 07:52:00,-0.0497078212215212,0.3034145134045938,0.587916794176235,0.0
2012-01-09 07:53:00,-0.0583577615080022,0.2556590613739808,0.6216998381092992,0.0
2012-01-09 07:54:00,-0.0666878419799737,0.2083999690795325,0.6551415346961666,0.0
2012-01-09 07:55:00,-0.0746341278856591,0.1619388970481106,0.6880249144816115,0.0
2012-01-09 07:56:00,-0.0821393724610808,0.116566907512674,0.7201410568076017,0.0
2012-01-09 07:57:00,-0.0891536873076658,0.0725608916138672,0.7512920761295382,0.0
2012-01-09 07:58:00,-0.0956350000917005,0.0301804850222646,0.7812938006151885,0.0
2012-01-09 07:59:00,-0.1015493018334228,-0.0103344987250538,0.8099780965104116,0.0
2012-01-09 08:00:00,-0.106870693908337,-0.0487661167677797,0.8371948055203424,0.0
2012-01-09 08:01:00,-0.1115812515687153,-0.0849198490679435,0.8628132754339412,0.0
2012-01-09 08:02:00,-0.1156707256083134,-0.1186256914369614,0.886723476742872,0.0
2012-01-09 08:03:00,-0.1191361067664123,-0.1497388369959377,0.9088367097914234,0.0
2012-01-09 08:04:00,-0.1219810792452362,-0.1781399995218128,0.929085917477033,0.0
2012-01-09 08:05:00,-0.1242153908599047,-0.2037354338988856,0.947425627265319,0.0
2012-01-09 08:06:00,-0.1258541678750458,-0.2264567067078045,0.963831553145886,0.0
2012-01-09 08:07:00,-0.1269172021982712,-0.2462602645791793,0.9782998932055726,0.016770758416310372
2012-01-09 08:08:00,-0.1274282371238796,-0.2631268406488972,0.9908463619593768,0.03307802362382195
2012-01-09 08:09:00,-0.1274142754170237,-0.277060731528859,1.001504998778713,0.0469046322918345
2012-01-09 08:10:00,-0.1269049304547748,-0.288088969217975,1.0103267947982897,0.05823454292807506
2012-01-09 08:11:00,-0.1259318373881489,-0.2962604047388267,1.017378180193199,0.06709297468270936
2012-01-09 08:12:00,-0.1245281367060836,-0.3016447141811694,1.0227394112303962,0.07354212479474964
2012-01-09 08:13:00,-0.1227280373466532,-0.3043313346974903,1.0265028921861834,0.0776770945400651
2012-01-09 08:14:00,-0.1205664612720407,-0.3044283378812541,1.028771462070485,0.07962197349787625
2012-01-09 08:15:00,-0.1180787669383782,-0.3020612491301,1.0296566713020094,0.07952603219397103
2012-01-09 08:16:00,-0.1153005456723594,-0.2973718219739527,1.029277069680378,0.0775599762919359
2012-01-09 08:17:00,-0.1122674824744931,-0.2905167749752155,1.027756524122961,0.07391222036089662
2012-01-09 08:18:00,-0.1090152709627234,-0.2816664959953348,1.0252225822725969,0.06878514560741245
2012-01-09 08:19:00,-0.1055795709609797,-0.2710037152102829,1.0218048959121857,0.06239131433393852
2012-01-09 08:20:00,-0.1019959965559853,-0.2587221448338789,1.0176337160358142,0.05494962512612478
2012-01-09 08:21:00,-0.098300122078598,-0.2450250800956117,1.0128384695115111,0.04668140768762519
2012-01-09 08:22:00,-0.0945274932178444,-0.2301239524843056,1.0075464256678746,0.037806475387949456
2012-01-09 08:23:00,-0.0907136303735642,-0.2142368228609475,1.0018814598873296,0.028539177022961715
2012-01-09 08:24:00,-0.0868940115392551,-0.1975867993124282,0.9959629203223118,0.01908451620111551
2012-01-09 08:25:00,-0.083104022571498,-0.1804003630817441,0.989904603010918,0.009634435144618259
2012-01-09 08:26:00,-0.0793788637785333,-0.1629055862544204,0.9838138396642764,0.000364386192668098
2012-01-09 08:27:00,-0.075753403648571,-0.1453302281344775,0.9777907008566784,0.0
2012-01-09 08:28:00,-0.072261973501718,-0.1278997039226531,0.9719273151814848,0.0
2012-01-09 08:29:00,-0.0689381007225095,-0.1108349283920504,0.9663073026565324,0.0
2012-01-09 08:30:00,-0.0658141824106501,-0.094350046870719,0.9610053190502316,0.0
2012-01-09 08:31:00,-0.0629211052666492,-0.07865007513019,0.9560867071607352,0.0
2012-01-09 08:32:00,-0.0602878213044831,-0.063928479405727,0.951607251113766,0.0
2012-01-09 08:33:00,-0.057940892811756,-0.0503647385866834,0.9476130301079106,0.0
2012-01-09 08:34:00,-0.0559040238688657,-0.038121942468956,0.94414036880004,0.0
2012-01-09 08:35:00,-0.0541975993959553,-0.0273444919321028,0.9412158830407408,0.0
2012-01-09 08:36:00,-0.0528382557617893,-0.0181559780195935,0.938856622085812,0.0
2012-01-09 08:37:00,-0.051838508799739,-0.0106573258129176,0.9370703112222712,0.0
2012-01-09 08:38:00,-0.0512064642662209,-0.0049252927921911,0.935855700767526,0.0
2012-01-09 08:39:00,-0.0509456313090563,-0.0010114061069318,0.9352030273839436,0.0
2012-01-09 08:40:00,-0.0510548524255283,0.0010585932157843,0.9350945911737374,0.0
2012-01-09 08:41:00,-0.0515283560048509,0.0012847569416426,0.9355054475234482,0.0
2012-01-09 08:42:00,-0.0523559307114925,-0.0003076234274164,0.9364042066991578,0.0
2012-01-09 08:43:00,-0.053523213848034,-0.0036691063087947,0.9377539271880394,0.0
2012-01-09 08:44:00,-0.0550120785495799,-0.0087276712506752,0.9395130816873846,0.0
2012-01-09 08:45:00,-0.056801099130348,-0.015390691948405,0.941636569099878,0.0
2012-01-09 08:46:00,-0.0588660717424394,-0.0235472185989093,0.9440767433354538,0.0
2012-01-09 08:47:00,-0.0611805683242841,-0.033070476917375,0.9467844303479536,0.0
2012-01-09 08:48:00,-0.0637165040183622,-0.0438204992732547,0.9497099076600648,0.0
2012-01-09 08:49:00,-0.0664447006294748,-0.055646814625666,0.9528038244219053,0.0
2012-01-09 08:50:00,-0.0693354309320486,-0.068391135075441,0.956018044062302,0.0
2012-01-09 08:51:00,-0.0723589307972003,-0.0818899868876458,0.95930639555774,0.0
2012-01-09 08:52:00,-0.0754858683261826,-0.0959772426283574,0.9626253231762308,0.0
2012-01-09 08:53:00,-0.0786877614999119,-0.1104865186229721,0.96593442820286,0.0
2012-01-09 08:54:00,-0.0819373382221594,-0.1252534084312796,0.9691968995922235,0.0
2012-01-09 08:55:00,-0.0852088348679368,-0.1401175287281616,0.9723798337196798,0.0
2012-01-09 08:56:00,-0.0884782313585115,-0.1549243590975141,0.9754544464352872,0.0
2012-01-09 08:57:00,-0.0917234223295716,-0.1695268617973434,0.9783961834671988,0.0
2012-01-09 08:58:00,-0.0949243253049413,-0.1837868714470254,0.9811847378239628,0.002752078726123708
2012-01-09 08:59:00,-0.0980629282258336,-0.1975762481416559,0.9838039849743828,0.008227649181192564
2012-01-09 09:00:00,-0.1011232804187711,-0.2107777919269376,0.9862418477031342,0.013571002729034776
2012-01-09 09:01:00,-0.1040914329050126,-0.2232859230293458,0.9884901021404,0.01872680923632508
2012-01-09 09:02:00,-0.1069553352344789,-0.2350071396199981,0.9905441348042672,0.023643239807027427
2012-01-09 09:03:00,-0.10970469637161,-0.2458602700313135,0.9924026586756144,0.02827303267774428
2012-01-09 09:04:00,-0.112330816885094,-0.2557765376507601,0.994067395287415,0.03257437311226585
2012-01-09 09:05:00,-0.1148263993582409,-0.2646994558809974,0.9955427296028584,0.03651156790379528
2012-01-09 09:06:00,-0.1171853437248073,-0.2725845698761817,0.9968353446219252,0.04005550659856438
2012-01-09 09:07:00,-0.1194025340375065,-0.279399061736149,0.9979538428581446,0.04318391154626067
2012-01-09 09:08:00,-0.1214736229110343,-0.2851212358881341,0.9989083619519424,0.04588138705831368
2012-01-09 09:09:00,-0.1233948195307968,-0.2897399012386674,0.9997101916797548,0.04813928425815761
2012-01-09 09:10:00,-0.1251626866869262,-0.2932536665220708,1.0003713994177077,0.04995540278636135
2012-01-09 09:11:00,-0.1267739518276631,-0.2956701653249031,1.0009044706848087,0.05133355361754499
2012-01-09 09:12:00,-0.1282253367080129,-0.297005227534386,1.001321970735439,0.05228300909695349
2012-01-09 09:13:00,-0.1295134098905637,-0.2972820142591615,1.001636232358714,0.05281786711530745
2012-01-09 09:14:00,-0.1306344660935801,-0.2965301333467757,1.0018590741698978,0.05295635627065587
2012-01-09 09:15:00,-0.1315844360451689,-0.2947847522305087,1.0020015528511796,0.052720108040642755
2012-01-09 09:16:00,-0.1323588299594947,-0.2920857237939054,1.0020737520868652,0.052133420500415584
2012-01-09 09:17:00,-0.1329527169656448,-0.2884767391617857,1.0020846103357586,0.05122253603018456
2012-01-09 09:18:00,-0.1333607418833601,-0.2840045189543753,1.0020417889990774,0.050014952828128845
2012-01-09 09:19:00,-0.1335771798276027,-0.2787180521057942,1.0019515818458042,0.048538787028717056
2012-01-09 09:20:00,-0.1335960283622998,-0.2726678895668304,1.0018188656874678,0.04682219905881557
2012-01-09 09:21:00,-0.1334111362658506,-0.2659054994174931,1.0016470913284672,0.04489289473466629
2012-01-09 09:22:00,-0.13301636726775,-0.2584826898777389,1.0014383128919395,0.042777708553167315
2012-01-09 09:23:00,-0.1324057963100907,-0.2504511070499613,1.0011932527939706,0.040502273596378036
2012-01-09 09:24:00,-0.1315739350735674,-0.2418618146342947,1.0009113989021867,0.0380907793739762
2012-01-09 09:25:00,-0.1305159828421047,-0.2327649628653332,1.000591129793573,0.03556581574350903
2012-01-09 09:26:00,-0.1292280983699353,-0.2232095530307892,1.0002298635923863,0.0329482978322575
2012-01-09 09:27:00,-0.1277076881807003,-0.2132433020553963,0.999824225680834,0.030257463816801167
2012-01-09 09:28:00,-0.1259537063988381,-0.2029126091475979,0.999370230650392,0.027510934743230964
2012-01-09 09:29:00,-0.123966960581142,-0.192262623902335,0.9988634741786196,0.02472482350810612
2012-01-09 09:30:00,-0.1217504171403039,-0.181337412848205,0.9982993310217122,0.02191387880325646
2012-01-09 09:31:00,-0.1193094990319006,-0.170180219356305,0.997673155948838,0.019091649323218274
2012-01-09 09:32:00,-0.1166523675390513,-0.1588338101389176,0.9969804851747948,0.016270653868879936
2012-01-09 09:33:00,-0.113790179281358,-0.1473409002324452,0.996217236639068,0.013462544132229803
2012-01-09 09:34:00,-0.1107373090486568,-0.1357446469661861,0.995379908188792,0.010678248712833405
2012-01-09 09:35:00,-0.1075115287442539,-0.1240892006860716,0.9944657729383238,0.007928088747234385
2012-01-09 09:36:00,-0.1041341325633476,-0.1124202943239411,0.9934730702443476,0.005221856826309157
2012-01-09 09:37:00,-0.1006299985465116,-0.100785845443123,0.9924011887744822,0.002568851865128119
2012-01-09 09:38:00,-0.0970275771060114,-0.0892365362278575,0.9912508358553578,0.0
2012-01-09 09:39:00,-0.0933587983308687,-0.0778263326521875,0.990024185721424,0.0
2012-01-09 09:40:00,-0.0896588917733278,-0.0666129046737034,0.9887249988689238,0.0
2012-01-09 09:41:00,-0.0859661146094462,-0.0556579129751823,0.9873587052021684,0.0
2012-01-09 09:42:00,-0.0823213862190046,-0.0450271325770236,0.9859324446691516,0.0
2012-01-09 09:43:00,-0.0787678292915591,-0.0347903888371446,0.984455060389514,0.0
2012-01-09 09:44:00,-0.0753502196661296,-0.0250212870222095,0.9829370407524064,0.0
2012-01-09 09:45:00,-0.0721143493844549,-0.0157967229646936,0.9813904085439142,0.0
2012-01-09 09:46:00,-0.0691063099369075,-0.0071961693738096,0.9798285568390258,0.0
2012-01-09 09:47:00,-0.0663717054500291,0.0006992598944085,0.9782660331520628,0.0
2012-01-09 09:48:00,-0.0639548086847468,0.0078079569368156,0.9767182751625958,0.0
2012-01-09 09:49:00,-0.0618976762084647,0.0140491586092309,0.9752013032114488,0.0
2012-01-09 09:50:00,-0.0602392428931989,0.0193444477021915,0.9737313766959028,0.0
2012-01-09 09:51:00,-0.0590144198806895,0.0236193767717054,0.9723246234848576,0.0
2012-01-09 09:52:00,-0.0582532242832869,0.0268051639273237,0.970996653530368,0.0
2012-01-09 09:53:00,-0.0579799730464205,0.0288403986222117,0.9697621699679636,0.0
2012-01-09 09:54:00,-0.0582125770646198,0.0296726849884959,0.9686345929980944,0.0
2012-01-09 09:55:00,-0.0589619733041404,0.0292601430831523,0.9676257131470124,0.0
2012-01-09 09:56:00,-0.0602317301318426,0.0275726883851633,0.9667453902633192,0.0
2012-01-09 09:57:00,-0.0620178532056335,0.0245930196197392,0.9660013123284492,0.0
2012-01-09 09:58:00,-0.064308807512726,0.0203172635817587,0.9653988241888044,0.0
2012-01-09 09:59:00,-0.0670857580304139,0.0147552496869516,0.9649408314640368,0.0
2012-01-09 10:00:00,-0.0703230187571123,0.007930413320547,0.9646277797635838,0.0
2012-01-09 10:01:00,-0.0739886882339155,-0.000120646637281,0.9644577042857788,0.0
2012-01-09 10:02:00,-0.0780454401912727,-0.0093489075216505,0.9644263403352484,0.0
2012-01-09 10:03:00,-0.0824514322554492,-0.0196938953534528,0.9645272820112258,0.0
2012-01-09 10:04:00,-0.0871612944873369,-0.0310848197986724,0.9647521749272068,0.0
2012-01-09 10:05:00,-0.0921271617530305,-0.0434418044433398,0.9650909293519776,0.0
2012-01-09 10:06:00,-0.0972997175522082,-0.0566771531859365,0.9655319420164064,0.0
2012-01-09 10:07:00,-0.1026292206971114,-0.0706966028087919,0.9660623172489722,0.0
2012-01-09 10:08:00,-0.1080664899072273,-0.0854005206804349,0.9666680805624834,0.0
2012-01-09 10:09:00,-0.1135638252038825,-0.1006850148262766,0.967334380031908,0.0
2012-01-09 10:10:00,-0.1190758491706385,-0.116442931675812,0.9680456725832834,0.0
2012-01-09 10:11:00,-0.1245602555383166,-0.1325647250068359,0.96878589359396,0.0
2012-01-09 10:12:00,-0.1299784566148963,-0.1489391877754056,0.969538609187739,0.0
2012-01-09 10:13:00,-0.1352961243354776,-0.1654540461352719,0.970287151602632,0.0
2012-01-09 10:14:00,-0.1404836221842019,-0.1819964219665661,0.971014739045889,0.0
2012-01-09 10:15:00,-0.1455163273341665,-0.1984531773434309,0.9717045821738276,0.002381394548073512
2012-01-09 10:16:00,-0.1503748443741349,-0.2147111620231794,0.9723399793819004,0.007054374114071171
2012-01-09 10:17:00,-0.15504511392483,-0.2306573921831511,0.9729044026057916,0.011822512365893045
2012-01-09 10:18:00,-0.1595184210182382,-0.2461791933025331,0.9733815749193624,0.01662284661113933
2012-01-09 10:19:00,-0.163791309056924,-0.2611643414708102,0.973755541302871,0.021388398405087772
2012-01-09 10:20:00,-0.1678654055577012,-0.2755012361721995,0.9740107344527068,0.026049041880827017
2012-01-09 10:21:00,-0.1717471661855616,-0.2890791340076253,0.974132038142666,0.030532417028864778
2012-01-09 10:22:00,-0.1754475442203568,-0.3017884660890862,0.9741048513671888,0.034764891409855725
2012-01-09 10:23:00,-0.178981593483245,-0.313521252237605,0.9739151572807332,0.038672575931218534
2012-01-09 10:24:00,-0.1823680135837908,-0.324171615416094,0.9735496014510272,0.0421824001130664
2012-01-09 10:25:00,-0.1856286471647504,-0.3336363933727354,0.9729955836395098,0.04522325051300524
2012-01-09 10:26:00,-0.1887879397006171,-0.341815842209459,0.9722413660973416,0.04772717351063793
2012-01-09 10:27:00,-0.1918723728850446,-0.3486144270123828,0.9712761997128316,0.04963064090484237
2012-01-09 10:28:00,-0.1949098820695685,-0.3539416959603902,0.970090467812744,0.050875873740014566
2012-01-09 10:29:00,-0.1979292666310143,-0.3577132354047791,0.9686758461273136,0.05141221613756852
2012-01-09 10:30:00,-0.2009596003235978,-0.3598517035864636,0.9670254762546896,0.05119754625946005
2012-01-09 10:31:00,-0.2040296473375381,-0.3602879394965262,0.9651341488996896,0.05019970563301013
2012-01-09 10:32:00,-0.2071672890709839,-0.358962141048142,0.9629984923432708,0.04839792093570061
2012-01-09 10:33:00,-0.2103989662039551,-0.3558251036617083,0.960617161112202,0.04578418404507567
2012-01-09 10:34:00,-0.2137491401404131,-0.3508395067516014,0.9579910196598956,0.0423645466714031
2012-01-09 10:35:00,-0.2172397769981717,-0.3439812313645681,0.955123316008396,0.03816027521003429
2012-01-09 10:36:00,-0.2208898560601441,-0.3352406873903523,0.9520198406792668,0.033208799826639046
2012-01-09 10:37:00,-0.2247149032900872,-0.3246241236651096,0.9486890667024196,0.027564379835502972
2012-01-09 10:38:00,-0.2287265498494921,-0.3121548894637519,0.9451422668147296,0.021298396229948446
2012-01-09 10:39:00,-0.232932116263023,-0.2978746118994076,0.94139360399535,0.014499173407424237
2012-01-09 10:40:00,-0.2373342252554542,-0.2818442507244016,0.9374601912807492,0.007271227813117287
2012-01-09 10:41:00,-0.2419304499016696,-0.2641449891776188,0.9333621166182168,0.0
2012-01-09 10:42:00,-0.2467130076372537,-0.2448789156958982,0.929122428649362,0.0
2012-01-09 10:43:00,-0.2516685138431128,-0.2241694463600513,0.9247670798369412,0.0
2012-01-09 10:44:00,-0.256777810483262,-0.2021614336010136,0.9203248240493151,0.0
2012-01-09 10:45:00,-0.2620158855059165,-0.1790209056650669,0.915827066355822,0.0
2012-01-09 10:46:00,-0.267351897716075,-0.154934385388232,0.9113076632906368,0.0
2012-01-09 10:47:00,-0.2727493201027138,-0.1301077458520887,0.9068026722110036,0.0
2012-01-09 10:48:00,-0.2781662124894979,-0.1047645733866516,0.9023500485873802,0.0
2012-01-09 10:49:00,-0.2835556317696809,-0.0791440241592637,0.8979892901905283,0.0
2012-01-09 10:50:00,-0.2888661845459587,-0.0534981786219831,0.8937610273779301,0.0
2012-01-09 10:51:00,-0.2940427226049719,-0.0280889178926971,0.8897065592195917,0.0
2012-01-09 10:52:00,-0.2990271766134106,-0.0031843668802022,0.8858673362387655,0.0
2012-01-09 10:53:00,-0.3037595181767387,0.0209450307413696,0.8822843923719936,0.0
2012-01-09 10:54:00,-0.3081788351043099,0.0440307217790024,0.8789977316024181,0.0
2012-01-09 10:55:00,-0.3122244992611346,0.0658104356445791,0.876045678444453,0.0
2012-01-09 10:56:00,-0.3158374009664724,0.086032642427357,0.8734642055067466,0.0
2012-01-09 10:57:00,-0.3189612193514965,0.1044609492973833,0.8712862549772566,0.0
2012-01-09 10:58:00,-0.3215436952750658,0.120878306014616,0.8695410733172886,0.0
2012-01-09 10:59:00,-0.3235378724452855,0.1350908988684493,0.8682535793422527,0.0
2012-01-09 11:00:00,-0.3249032727203821,0.1469316278845899,0.8674437854481464,0.0
2012-01-09 11:01:00,-0.3256069725279637,0.1562630802668552,0.867126290597211,0.0
2012-01-09 11:02:00,-0.3256245487063662,0.1629799312020499,0.8673098622081602,0.0
2012-01-09 11:03:00,-0.3249408639530661,0.1670107206142497,0.8679971223731562,0.0
2012-01-09 11:04:00,-0.3235506647199316,0.1683189712231681,0.8691843517402665,0.0
2012-01-09 11:05:00,-0.3214589680647829,0.1669036294722533,0.870861421830118,0.0
2012-01-09 11:06:00,-0.318681218817239,0.1627988266832483,0.8730118633999728,0.0
2012-01-09 11:07:00,-0.3152432045191463,0.1560729733102314,0.8756130746649429,0.0
2012-01-09 11:08:00,-0.3111807229392311,0.1468272145611749,0.8786366687171254,0.0
2012-01-09 11:09:00,-0.3065390054291658,0.1351932910879275,0.882048954384989,0.0
2012-01-09 11:10:00,-0.3013719087967031,0.121330864060411,0.8858115391359165,0.0
2012-01-09 11:11:00,-0.2957408983962374,0.1054243796916888,0.8898820366495394,0.0
2012-01-09 11:12:00,-0.289713855017918,0.0876795633813395,0.8942148559564429,0.0
2012-01-09 11:13:00,-0.2833637463834768,0.0683196459823376,0.8987620447303788,0.0
2012-01-09 11:14:00,-0.2767672087860577,0.0475814313786957,0.9034741578087828,0.0
2012-01-09 11:15:00,-0.2700030846622009,0.025711313841111,0.9083011237879384,0.0
2012-01-09 11:16:00,-0.2631509582905792,0.0029613461158494,0.9131930866503932,0.0
2012-01-09 11:17:00,-0.2562897261288092,-0.0204145532201778,0.9181012040605776,0.0
2012-01-09 11:18:00,-0.2494962322769831,-0.0441641801827654,0.9229783878223063,0.0
2012-01-09 11:19:00,-0.2428439940848488,-0.0680403573246686,0.9277799749001868,0.0
2012-01-09 11:20:00,-0.2364020379999263,-0.0918039360785331,0.9324643202333882,0.0
2012-01-09 11:21:00,-0.2302338611997192,-0.1152264602647649,0.9369933059110584,0.0
2012-01-09 11:22:00,-0.2243965304957241,-0.1380924710372295,0.9413327646184864,0.0
2012-01-09 11:23:00,-0.218939926711121,-0.1602014431058594,0.945452817477602,0.0
2012-01-09 11:24:00,-0.2139061402848024,-0.1813693531863499,0.9493281269262548,0.0
2012-01-09 11:25:00,-0.2093290220404101,-0.2014298933185724,0.9529380647072224,0.0
2012-01-09 11:26:00,-0.205233891537243,-0.2202353517002062,0.9562667945444502,0.0025321654302927765
2012-01-09 11:27:00,-0.2016374038305148,-0.2376571908123966,0.959303269341662,0.008663147704897067
2012-01-09 11:28:00,-0.1985475734715102,-0.253586357191042,0.9620411437244122,0.014519759148841072
2012-01-09 11:29:00,-0.1959639519246741,-0.2679333595233744,0.9644786043284302,0.02000447734641564
2012-01-09 11:30:00,-0.193877951290074,-0.2806281515404912,0.9666181223740752,0.02503239652971545
2012-01-09 11:31:00,-0.1922733036486134,-0.2916198535313555,0.968466135552272,0.02953281539791286
2012-01-09 11:32:00,-0.1911266420172095,-0.3008763423695885,0.9700326686250592,0.03345021403371451
2012-01-09 11:33:00,-0.1904081863224272,-0.3083837363348392,0.971330903892246,0.03674467980817697
2012-01-09 11:34:00,-0.1900825163126566,-0.3141457982541626,0.9723767135009944,0.039391850327628486
2012-01-09 11:35:00,-0.1901094128841489,-0.3181832770090967,0.9731881656450632,0.04138244290318527
2012-01-09 11:36:00,-0.1904447494063792,-0.3205332012893781,0.9737850164852404,0.04272143645195836
2012-01-09 11:37:00,-0.1910414147508533,-0.3212481313387612,0.9741881993962712,0.0434269652839161
2012-01-09 11:38:00,-0.191850249756263,-0.3203953674401352,0.9744193227808297,0.04352897727724381
2012-01-09 11:39:00,-0.1928209790996811,-0.3180561100711023,0.9745001869802092,0.043067703247964495
2012-01-09 11:40:00,-0.1939031211964963,-0.3143245655237856,0.9744523297815276,0.042091980545914565
2012-01-09 11:41:00,-0.1950468598008516,-0.3093069907977355,0.9742966088825956,0.0406574720601629
2012-01-09 11:42:00,-0.1962038624263146,-0.3031206715394264,0.974052828621954,0.03882482165760104
2012-01-09 11:43:00,-0.1973280326377549,-0.295892826126084,0.9737394173615204,0.03665778825083876
2012-01-09 11:44:00,-0.1983761856479838,-0.2877594279528876,0.9733731609826044,0.034221402761170694
2012-01-09 11:45:00,-0.1993086392443486,-0.2788639377393562,0.9729689967547775,0.03158019469885698
2012-01-09 11:46:00,-0.200089714541032,-0.2693559394625645,0.9725398701526604,0.028796537234367703
2012-01-09 11:47:00,-0.2006881431711232,-0.2593896776037648,0.972096655083722,0.025929160557306208
2012-01-09 11:48:00,-0.2010773792665869,-0.249122498814213,0.9716481357819496,0.023031882023573313
2012-01-09 11:49:00,-0.2012358160626514,-0.2387132065853439,0.9712010466842554,0.020152597283980667
2012-01-09 11:50:00,-0.2011469084136448,-0.2283203422849533,0.9707601651086816,0.01733256884232315
2012-01-09 11:51:00,-0.2007992041166589,-0.2181004097216454,0.9703284504930212,0.014606037302568264
2012-01-09 11:52:00,-0.2001862888574861,-0.2082060631089402,0.9699072232905018,0.012000166379901422
2012-01-09 11:53:00,-0.1993066518205539,-0.1987842800812632,0.9694963762930257,0.009535316426648732
2012-01-09 11:54:00,-0.1981634811723032,-0.1899745427605626,0.9690946110600296,0.007225623856442764
2012-01-09 11:55:00,-0.1967643999626734,-0.1819070509811415,0.9686996922062288,0.005079846564325807
2012-01-09 11:56:00,-0.1951211528516075,-0.174700992190385,0.9683087125166628,0.0031024193461615113
2012-01-09 11:57:00,-0.1932492527166342,-0.1684628921482665,0.9679183621011752,0.0012946496407126862
2012-01-09 11:58:00,-0.1911675947743367,-0.1632850706687838,0.967525194881485,0.0
2012-01-09 11:59:00,-0.1888980453521352,-0.1592442290107911,0.9671258855427328,0.0
2012-01-09 12:00:00,-0.1864650129021314,-0.1564002002360373,0.9667174698185578,0.0
2012-01-09 12:01:00,-0.1838950095337731,-0.1547948989553088,0.9662975608689636,0.0
2012-01-09 12:02:00,-0.1812162115020554,-0.1544515095281826,0.9658645347663918,0.0
2012-01-09 12:03:00,-0.1784580263770902,-0.1553739499098079,0.9654176788440276,0.0
2012-01-09 12:04:00,-0.1756506731841493,-0.1575466422316104,0.9649572979211868,0.0
2012-01-09 12:05:00,-0.1728247800865076,-0.1609346131081115,0.9644847751641458,0.0
2012-01-09 12:06:00,-0.1700110026360887,-0.1654839385198853,0.9640025864316364,0.0
2012-01-09 12:07:00,-0.1672396645228333,-0.1711225403854253,0.9635142692250954,0.0
2012-01-09 12:08:00,-0.1645404221723183,-0.1777613340633633,0.9630243496637596,0.0
2012-01-09 12:09:00,-0.1619419542714519,-0.1852957166380301,0.9625382329731266,0.0
2012-01-09 12:10:00,-0.1594716769759605,-0.1936073729396415,0.9620620643636322,0.0
2012-01-09 12:11:00,-0.1571554849240254,-0.2025663593660455,0.9616025675554754,0.0
2012-01-09 12:12:00,-0.1550175173711569,-0.2120334080882852,0.9611668677773596,0.0
2012-01-09 12:13:00,-0.1530799481699185,-0.2218623819686609,0.96076230542711,0.0
2012-01-09 12:14:00,-0.1513627982510644,-0.2319028071359534,0.9603962461105036,0.0
2012-01-09 12:15:00,-0.1498837696837696,-0.2420024145807293,0.9600758923848328,0.0013870541484213295
2012-01-09 12:16:00,-0.1486581010105734,-0.2520096306320787,0.959808102036842,0.0034140110955953595
2012-01-09 12:17:00,-0.1476984441192107,-0.2617759655086016,0.959599217167874,0.005570556501329094
2012-01-09 12:18:00,-0.1470147634026559,-0.2711582576315339,0.9594549079179748,0.007816382913077069
2012-01-09 12:19:00,-0.1466142584564493,-0.2800207387337131,0.9593800343307596,0.010107620591092381
2012-01-09 12:20:00,-0.1465013120295921,-0.2882368915596332,0.9593785293885804,0.01239829253814273
2012-01-09 12:21:00,-0.1466774651205769,-0.2956910787241777,0.9594533054358412,0.01464187678364004
2012-01-09 12:22:00,-0.147141420685525,-0.3022799280589778,0.9596061851716644,0.016792891009968614
2012-01-09 12:23:00,-0.1478890763406583,-0.3079134661894853,0.9598378573813215,0.01880841870495087
2012-01-09 12:24:00,-0.1489135849605581,-0.3125159980079724,0.9601478567163596,0.02064950475358751
2012-01-09 12:25:00,-0.1502054406057112,-0.3160267350292811,0.9605345661892024,0.02228236044896259
2012-01-09 12:26:00,-0.1517525861202655,-0.3184001800358123,0.9609952407156752,0.023679331978136986
2012-01-09 12:27:00,-0.1535405382167146,-0.3196062787037511,0.9615260500485878,0.024819601288332827
2012-01-09 12:28:00,-0.1555525258943356,-0.3196303511535038,0.9621221396899602,0.0256896028390885
2012-01-09 12:29:00,-0.1577696385300151,-0.3184728179631986,0.9627777086646936,0.026283153386505553
2012-01-09 12:30:00,-0.160170980898117,-0.3161487366024072,0.9634861032045164,0.026601304229342704
2012-01-09 12:31:00,-0.1627338336659839,-0.3126871657959922,0.9642399253375,0.026651936095201556
2012-01-09 12:32:00,-0.1654338193466649,-0.3081303769107946,0.9650311551497028,0.026449125952369368
2012-01-09 12:33:00,-0.1682450748620907,-0.3025329324270634,0.9658512852183532,0.02601232233156603
2012-01-09 12:34:00,-0.1711404323403923,-0.2959606508842926,0.9666914655779788,0.025365371014064886
2012-01-09 12:35:00,-0.1740916093693654,-0.2884894748901294,0.9675426576595364,0.024535436169036196
2012-01-09 12:36:00,-0.1770694090055862,-0.2802042550571572,0.9683957958001947,0.023551863601066536
2012-01-09 12:37:00,-0.1800439290731677,-0.2711974604404627,0.969241954866636,0.02244503325076508
2012-01-09 12:38:00,-0.1829847801529205,-0.2615678265365696,0.9700725220990376,0.021245247616000107
2012-01-09 12:39:00,-0.1858613122477583,-0.2514189545321271,0.9708793705239986,0.01998170091309115
2012-01-09 12:40:00,-0.1886428513191302,-0.2408578788889274,0.9716550303471444,0.018681570057883512
2012-01-09 12:41:00,-0.1912989484813099,-0.2299936237952968,0.9723928537556497,0.017369262712218836
2012-01-09 12:42:00,-0.193799646057688,-0.2189357721165038,0.9730871677275568,0.016065849795362963
2012-01-09 12:43:00,-0.1961157651700901,-0.2077930720528314,0.9737334090648884,0.01478870020834
2012-01-09 12:44:00,-0.1982192185029616,-0.1966721049474513,0.9743282362349468,0.01355132448884322
2012-01-09 12:45:00,-0.2000833494622051,-0.1856760319565081,0.9748696137382016,0.012363422573731464
2012-01-09 12:46:00,-0.2016832958548088,-0.1749034293848228,0.975356866291969,0.011231120001911288
2012-01-09 12:47:00,-0.2029963732047834,-0.1644472155757542,0.9757907016655948,0.0101573677907556
2012-01-09 12:48:00,-0.2040024701763399,-0.1543936689698007,0.9761732021542622,0.00914247431178472
2012-01-09 12:49:00,-0.2046844463233636,-0.1448215383813891,0.9765077852150176,0.008184732641490111
2012-01-09 12:50:00,-0.2050285206656222,-0.1358012519512468,0.9767991337087154,0.007281103730213179
2012-01-09 12:51:00,-0.2050246384896026,-0.1273942382585516,0.9770530958240712,0.006427914154148784
2012-01-09 12:52:00,-0.2046668031203674,-0.119652378707979,0.9772765546505376,0.00562152736485011
2012-01-09 12:53:00,-0.2039533590987619,-0.1126176124384708,0.977477267865408,0.004858949560898607
2012-01-09 12:54:00,-0.2028872134599688,-0.1063217133003256,0.9776636789844166,0.004138335743642418
2012-01-09 12:55:00,-0.201475983005413,-0.1007862538598721,0.97784470271679,0.00345936804954472
2012-01-09 12:56:00,-0.1997320576207125,-0.0960227652318125,0.9780294879393514,0.0028234867428451604
2012-01-09 12:57:00,-0.1976725724278553,-0.0920330949110657,0.9782271626857318,0.0022339638354571534
2012-01-09 12:58:00,-0.195319284425675,-0.0888099582443379,0.978446566431799,0.001695819555066036
2012-01-09 12:59:00,-0.1926983520898994,-0.086337672784628,0.9786959758703948,0.0012155920804133302
2012-01-09 13:00:00,-0.1898400192357515,-0.0845930583339344,0.9789828312583008,0.0008009803753379341
2012-01-09 13:01:00,-0.1867782073905434,-0.0835464788507584,0.9793134712252936,0.0004603879253386456
2012-01-09 13:02:00,-0.1835500239082969,-0.0831629953889824,0.9796928846446896,0.00020240116800240848
2012-01-09 13:03:00,-0.1801951957620372,-0.0834035914461016,0.9801244888113352,3.5239983825929855e-05
2012-01-09 13:04:00,-0.1767554409295536,-0.0842264235088826,0.9806099437443698,0.0
2012-01-09 13:05:00,-0.1732737902633627,-0.0855880421414583,0.9811490126677548,1.2522035910400575e-06
2012-01-09 13:06:00,-0.1697938729478379,-0.0874445270225943,0.9817394779264914,0.0001444431261974355
2012-01-09 13:07:00,-0.1663591789386345,-0.0897524867834274,0.9823771189392756,0.0003977654495121996
2012-01-09 13:08:00,-0.1630123128949619,-0.0924698908370023,0.9830557542662236,0.0007608659728386424
2012-01-09 13:09:00,-0.159794255884712,-0.0955567206485382,0.9837673448328405,0.00123098225849394
2012-01-09 13:10:00,-0.156743652764918,-0.0989754466054741,0.9845021515064268,0.0018029736598039747
2012-01-09 13:11:00,-0.1538961440333793,-0.1026913511296057,0.98524893821752,0.0024694543994432383
2012-01-09 13:12:00,-0.1512837608210911,-0.1066727282949758,0.9859952111867404,0.0032210143997442042
2012-01-09 13:13:00,-0.1489344002121459,-0.1108909942634488,0.9867274849341936,0.00404651172136794
2012-01-09 13:14:00,-0.146871395115242,-0.1153207407242959,0.987431566329524,0.004933419748927914
2012-01-09 13:15:00,-0.1451131889660259,-0.119939756120649,0.9880928488062206,0.005868212328117517
2012-01-09 13:16:00,-0.1436731214403376,-0.1247290290501568,0.988696609764059,0.006836770619323751
2012-01-09 13:17:00,-0.1425593276186288,-0.1296727374301236,0.989228304966219,0.007824796316322047
2012-01-09 13:18:00,-0.1417747496261631,-0.1347582179148334,0.9896738544750489,0.008818217102884773
2012-01-09 13:19:00,-0.1413172564049859,-0.1399759037234993,0.9900199154882844,0.009803571812098788
2012-01-09 13:20:00,-0.1411798638930776,-0.145319215687142,0.9902541382895472,0.010768364570423072
2012-01-09 13:21:00,-0.1413510448491184,-0.1507843909185895,0.9903654022338132,0.01170137904737989
2012-01-09 13:22:00,-0.1418151154239681,-0.156370235814845,0.9903440291334334,0.012592945685356183
2012-01-09 13:23:00,-0.1425526846699598,-0.1620777945058296,0.9901819715861336,0.013435156402564097
2012-01-09 13:24:00,-0.1435411533481163,-0.1679099297490886,0.9898729737031504,0.014222022675887791
2012-01-09 13:25:00,-0.1447552491855589,-0.1738708200789121,0.989412701386426,0.014949574070786786
2012-01-09 13:26:00,-0.1461675867365358,-0.1799653837831363,0.9887988389315364,0.015615895230548738
2012-01-09 13:27:00,-0.1477492409880721,-0.1861986457487427,0.988031148563121,0.016221100165794367
2012-01-09 13:28:00,-0.1494703247270898,-0.1925750666788488,0.9871114897209594,0.01676724348275327
2012-01-09 13:29:00,-0.1513005603981892,-0.19909785581057,0.986043795494866,0.017258169000914814
2012-01-09 13:30:00,-0.1532098377219226,-0.2057682886231336,0.984834004433296,0.01769929707443163
2012-01-09 13:31:00,-0.1551687487762649,-0.2125850505540079,0.983489946911432,0.018097352904766772
2012-01-09 13:32:00,-0.1571490926914735,-0.2195436266036838,0.9820211862759964,0.01846003928036688
2012-01-09 13:33:00,-0.1591243426896564,-0.2266357549457632,0.9804388160564228,0.018795658552965833
2012-01-09 13:34:00,-0.1610700689942331,-0.2338489603827064,0.9787552156249998,0.019112690290440604
2012-01-09 13:35:00,-0.1629643121704082,-0.241166180864558,0.9769837677914064,0.019419332935109557
2012-01-09 13:36:00,-0.1647879026664486,-0.2485654973370655,0.975138542951787,0.01972301988420555
2012-01-09 13:37:00,-0.1665247235122957,-0.2560199738032623,0.9732339556305428,0.02002992256077607
2012-01-09 13:38:00,-0.1681619140873277,-0.2634976106667917,0.9712844005888496,0.020344455075766543
2012-01-09 13:39:00,-0.1696900135421693,-0.2709614103845756,0.969303877096136,0.02066879680292999
2012-01-09 13:40:00,-0.1711030429970099,-0.278369550564331,0.9673056113652844,0.02100245042947413
2012-01-09 13:41:00,-0.1723985262088828,-0.2856756562167762,0.96530168844464,0.021341853694419655
2012-01-09 13:42:00,-0.1735774489671369,-0.2928291598583072,0.9633027060632188,0.021680063014827056
2012-01-09 13:43:00,-0.1746441578231959,-0.2997757354407644,0.961317464038574,0.022006526440208063
2012-01-09 13:44:00,-0.1756061988131594,-0.3064577906659879,0.9593527033678144,0.022306961719726903
2012-01-09 13:45:00,-0.1764740969488521,-0.3128150045372048,0.9574129078184296,0.022563352567881223
2012-01-09 13:46:00,-0.1772610780625924,-0.3187849045169289,0.9555001767618452,0.02275407255884221
2012-01-09 13:47:00,-0.1779827363289022,-0.3243034881701609,0.9536141719754456,0.02285414202752878
2012-01-09 13:48:00,-0.1786566528704043,-0.3293059024802,0.9517521357625258,0.02283561971202608
2012-01-09 13:49:00,-0.1793019724432261,-0.3337271962910115,0.9499089751968204,0.02266812799938389
2012-01-09 13:50:00,-0.1799389460930631,-0.3375031578069613,0.9480774076634592,0.022319508163968216
2012-01-09 13:51:00,-0.1805884483398629,-0.3405712424999624,0.9462481647507616,0.021756599286714584
2012-01-09 13:52:00,-0.1812714782542322,-0.3428715892454506,0.9444102536161154,0.02094613113299504
2012-01-09 13:53:00,-0.1820086546096729,-0.3443481142279682,0.9425512763696756,0.019855716614505026
2012-01-09 13:54:00,-0.1828197158656624,-0.344949662633172,0.9406578081283306,0.018454923034267656
2012-01-09 13:55:00,-0.1837230359430571,-0.3446311889002699,0.9387158326040556,0.01671639343549125
2012-01-09 13:56:00,-0.1847351662860591,-0.3433549314931314,0.9367112302138954,0.01461698164983427
2012-01-09 13:57:00,-0.1858704130010102,-0.3410915505432692,0.9346303084219512,0.012138858903307348
2012-01-09 13:58:00,-0.1871404550788269,-0.337821203735722,0.93246035900434,0.009270546848101135
2012-01-09 13:59:00,-0.1885540071349679,-0.3335345414227516,0.9301902239508136,0.006007831312661027
2012-01-09 14:00:00,-0.1901165288718674,-0.3282336023115325,0.9278108514749064,0.0023545123115293887
2012-01-09 14:01:00,-0.1918299835502822,-0.3219325871754223,0.9253158252780748,0.0
2012-01-09 14:02:00,-0.193692648639812,-0.3146584836522443,0.922701852204203,0.0
2012-01-09 14:03:00,-0.1956989832602506,-0.3064515131481156,0.9199691946509592,0.0
2012-01-09 14:04:00,-0.1978395587021159,-0.2973653710975677,0.917122034802833,0.0
2012-01-09 14:05:00,-0.2001010595931602,-0.2874672325601024,0.914168758889038,0.0
2012-01-09 14:06:00,-0.2024663636900238,-0.2768374954434263,0.9111221517069886,0.0
2012-01-09 14:07:00,-0.2049147076934169,-0.2655692344909381,0.907999494124338,0.0
2012-01-09 14:08:00,-0.2074219446067584,-0.2537673424789483,0.9048225583685274,0.0
2012-01-09 14:09:00,-0.2099608944281953,-0.2415473424489439,0.9016174970256468,0.0
2012-01-09 14:10:00,-0.2125017845752147,-0.2290338664145877,0.8984146216496351,0.0
2012-01-09 14:11:00,-0.2150127709063685,-0.2163588098689546,0.895248066274279,0.0
2012-01-09 14:12:00,-0.217460526237618,-0.203659184359735,0.892155331076345,0.0
2012-01-09 14:13:00,-0.2198108813109712,-0.1910747001365057,0.8891767029594898,0.0
2012-01-09 14:14:00,-0.2220295025396122,-0.1787451174571652,0.8863545530426737,0.0
2012-01-09 14:15:00,-0.2240825906849255,-0.166807410207451,0.883732515331464,0.0
2012-01-09 14:16:00,-0.2259375845378904,-0.1553927906937812,0.8813545555241177,0.0
2012-01-09 14:17:00,-0.2275638535518049,-0.1446236507041048,0.8792639435804449,0.0
2012-01-09 14:18:00,-0.2289333629478237,-0.1346104814328687,0.8775021483425584,0.0
2012-01-09 14:19:00,-0.2300212937415886,-0.1254488435441756,0.8761076773139067,0.0
2012-01-09 14:20:00,-0.2308065983388991,-0.1172164681540337,0.875114889813055,0.0
2012-01-09 14:21:00,-0.2312724702688363,-0.1099705789679367,0.8745528170211674,0.0
2012-01-09 14:22:00,-0.2314067053699447,-0.1037455333290068,0.874444027467171,0.0
2012-01-09 14:23:00,-0.231201933067087,-0.0985508828190774,0.8748035805115043,0.0
2012-01-09 14:24:00,-0.2306557020612289,-0.094369950507046,0.875638112809985,0.0
2012-01-09 14:25:00,-0.2297704153609447,-0.0911590127177807,0.8769451034570497,0.0
2012-01-09 14:26:00,-0.2285531233672832,-0.0888471603343065,0.8787123625758478,0.0
2012-01-09 14:27:00,-0.2270151968575884,-0.0873368977409759,0.880917784572421,0.0
2012-01-09 14:28:00,-0.2251719101643862,-0.0865055124235704,0.8835293983985278,0.0
2012-01-09 14:29:00,-0.2230419667549692,-0.0862072111826285,0.8865057304271016,0.0
2012-01-09 14:30:00,-0.2206469959353664,-0.0862759724525281,0.8897964722670315,0.0
2012-01-09 14:31:00,-0.2180110433145271,-0.0865290185958756,0.8933434223252554,0.0
2012-01-09 14:32:00,-0.215160071446218,-0.0867707793522317,0.897081653407681,0.0
2012-01-09 14:33:00,-0.2121214819128993,-0.0867972035342916,0.9009408520202412,0.0
2012-01-09 14:34:00,-0.2089236661165376,-0.0864002772450764,0.9048467758683058,0.0
2012-01-09 14:35:00,-0.2055955889367917,-0.0853726160914118,0.9087227801635784,0.0
2012-01-09 14:36:00,-0.2021664070817735,-0.083512010875587,0.9124913680348564,0.0
2012-01-09 14:37:00,-0.1986651223014046,-0.0806258189312776,0.9160757247973004,0.0
2012-01-09 14:38:00,-0.1951202685133882,-0.0765351058064267,0.919401200102726,0.0
2012-01-09 14:39:00,-0.1915596312126431,-0.0710784539351441,0.9223967061998588,0.0
2012-01-09 14:40:00,-0.1880099971983459,-0.0641153662201154,0.9249960047106488,0.0
2012-01-09 14:41:00,-0.1844969324490444,-0.0555292031544425,0.9271388584913424,0.0
2012-01-09 14:42:00,-0.1810445857299913,-0.0452296021504708,0.92877202935548,0.0
2012-01-09 14:43:00,-0.1776755152894435,-0.0331543369777077,0.9298501067297186,0.0
2012-01-09 14:44:00,-0.1744105360446158,-0.0192705838910453,0.9303361566291372,0.0
2012-01-09 14:45:00,-0.1712685851747384,-0.0035755699210629,0.9302021845303096,0.0
2012-01-09 14:46:00,-0.1682666049700223,0.0139034111205019,0.929429409658926,0.0
2012-01-09 14:47:00,-0.165419442791622,0.0331096173799755,0.9280083518853516,0.0
2012-01-09 14:48:00,-0.1627397686677171,0.0539581008308016,0.925938735967096,0.0
2012-01-09 14:49:00,-0.160238011208834,0.0763375447065344,0.923229221455038,0.0
2012-01-09 14:50:00,-0.1579223123470024,0.1001126513538099,0.9198969702604504,0.0
2012-01-09 14:51:00,-0.1557985012337665,0.1251270163391679,0.9159670676261878,0.0
2012-01-09 14:52:00,-0.1538700877308466,0.151206404881017,0.9114718159223634,0.0
2012-01-09 14:53:00,-0.1521382763185082,0.1781623285728945,0.9064499239407222,0.0
2012-01-09 14:54:00,-0.1506020016792703,0.2057958082732263,0.9009456165712284,0.0
2012-01-09 14:55:00,-0.1492579873057523,0.2339012069328234,0.8950076903540019,0.0
2012-01-09 14:56:00,-0.1481008280246044,0.2622700242847846,0.8886885394003564,0.0
2012-01-09 14:57:00,-0.1471230964447831,0.2906945600516177,0.8820431741189028,0.0
2012-01-09 14:58:00,-0.146315472337862,0.318971369064624,0.8751282527257439,0.0
2012-01-09 14:59:00,-0.1456668932018341,0.3469044473752571,0.8680011431291149,0.0
2012-01-09 15:00:00,-0.1451647241022722,0.3743081016050431,0.8607190307434887,0.0
2012-01-09 15:01:00,-0.1447949453895669,0.4010094643837332,0.853338086114194,0.0
2012-01-09 15:02:00,-0.1445423575480346,0.4268506280984832,0.8459127045402379,0.0
2012-01-09 15:03:00,-0.1443908025503934,0.451690378779674,0.8384948277762385,0.0
2012-01-09 15:04:00,-0.144323400523105,0.4754055218651674,0.8311333554734055,0.0
2012-01-09 15:05:00,-0.1443227996837789,0.4978918008410096,0.8238736517266408,0.0
2012-01-09 15:06:00,-0.1443714367586028,0.5190644176850695,0.8167571501721914,0.0
2012-01-09 15:07:00,-0.144451804478938,0.538858170725709,0.8098210594014379,0.0
2012-01-09 15:08:00,-0.1445467222211954,0.5572272313416987,0.8030981687632432,0.0
2012-01-09 15:09:00,-0.1446396053685492,0.5741445860844203,0.7966167527935988,0.0
2012-01-09 15:10:00,-0.1447147285541332,0.589601175243843,0.7904005706263995,0.0
2012-01-09 15:11:00,-0.1447574776191859,0.6036047624458662,0.7844689549787596,0.0003424303204713208
2012-01-09 15:12:00,-0.1447545849319427,0.6161785725024165,0.7788369837566834,0.0036019979738697305
2012-01-09 15:13:00,-0.1446943427296627,0.6273597365003774,0.773515725978124,0.006401147721551537
2012-01-09 15:14:00,-0.1445667894046523,0.6371975840847381,0.768512552546455,0.0087278429703741
2012-01-09 15:15:00,-0.1443638641252399,0.6457518230995849,0.7638315014643787,0.010581468725275878
2012-01-09 15:16:00,-0.1440795257933537,0.6530906462324014,0.7594736864008931,0.011971631165842211
2012-01-09 15:17:00,-0.143709833034264,0.6592888031333379,0.7554377371185427,0.012916786666362645
2012-01-09 15:18:00,-0.1432529826650726,0.6644256747423849,0.7517202601132585,0.013442767877919204
2012-01-09 15:19:00,-0.1427093048884643,0.6685833843327973,0.7483163079005999,0.013581266686411908
2012-01-09 15:20:00,-0.1420812143051428,0.6718449771299314,0.7452198457015624,0.013368325526608604
2012-01-09 15:21:00,-0.1413731167332909,0.6742926973467912,0.7424242048383244,0.012842880095385034
2012-01-09 15:22:00,-0.1405912727701922,0.6760063881482669,0.7399225129335845,0.012045388281750169
2012-01-09 15:23:00,-0.1397436200381361,0.6770620364720759,0.7377080919963136,0.011016572351768561
2012-01-09 15:24:00,-0.138839557135592,0.6775304808497331,0.735774816648912,0.009796294269699635
2012-01-09 15:25:00,-0.1378896934765253,0.6774762964383763,0.7341174260795262,0.008422577631291173
2012-01-09 15:26:00,-0.1369055704487029,0.6769568674634061,0.7327317847433983,0.0069307841152728145
2012-01-09 15:27:00,-0.1358993606032404,0.6760216533021218,0.731615088305614,0.0053529476667062426
2012-01-09 15:28:00,-0.1348835527031721,0.6747116506791269,0.7307660127163099,0.003717265814071613
2012-01-09 15:29:00,-0.1338706310918944,0.6730590510397109,0.7301848055892145,0.00204774455550627
2012-01-09 15:30:00,-0.1328727578165273,0.6710870891555536,0.7298733202353962,0.00036399105149964583
2012-01-09 15:31:00,-0.1319014654223257,0.668810076335199,0.7298349938242555,0.0
2012-01-09 15:32:00,-0.1309673676837079,0.6662336091634314,0.7300747722249051,0.0
2012-01-09 15:33:00,-0.1300798950297779,0.6633549423975299,0.7305989851424998,0.0
2012-01-09 15:34:00,-0.1292470611509124,0.6601635124587898,0.7314151762253502,0.0
2012-01-09 15:35:00,-0.1284752671854851,0.6566415958762838,0.7325318938845617,0.0
2012-01-09 15:36:00,-0.127769149783757,0.6527650851262351,0.7339584496172628,0.0
2012-01-09 15:37:00,-0.127131478912148,0.64850436271886,0.7357046515655353,0.0
2012-01-09 15:38:00,-0.1265631102093242,0.64382525338679,0.7377805216605354,0.0
2012-01-09 15:39:00,-0.1260629949546402,0.6386900341033995,0.7401960047337341,0.0
2012-01-09 15:40:00,-0.1256282484195869,0.6330584824796348,0.7429606773231554,0.0
2012-01-09 15:41:00,-0.1252542748376791,0.6268889456549867,0.7460834627134587,0.0
2012-01-09 15:42:00,-0.1249349447431076,0.6201394138085344,0.7495723572862276,0.0
2012-01-09 15:43:00,-0.1246628182087777,0.6127685846749868,0.7534341716901083,0.0
2012-01-09 15:44:00,-0.124429405653247,0.6047369079400771,0.7576742886829092,0.0
2012-01-09 15:45:00,-0.1242254563491761,0.5960076011998139,0.7622964376751825,0.0
2012-01-09 15:46:00,-0.1240412634413345,0.5865476324025284,0.7673024839419111,0.0
2012-01-09 15:47:00,-0.123866973075779,0.5763286673237789,0.7726922281763935,0.0
2012-01-09 15:48:00,-0.1236928842234625,0.5653279840269255,0.7784632098813221,0.0
2012-01-09 15:49:00,-0.1235097253608186,0.5535293576003343,0.7846105070487606,0.0
2012-01-09 15:50:00,-0.1233088950721403,0.5409239152430677,0.7911265261171864,0.0
2012-01-09 15:51:00,-0.1230826564512713,0.5275109530290807,0.7980007809882302,0.0
2012-01-09 15:52:00,-0.122824279711754,0.5132986934549879,0.8052196669539462,0.0
2012-01-09 15:53:00,-0.1225281324881768,0.4983049510755718,0.8127662426192879,0.0
2012-01-09 15:54:00,-0.1221897213721947,0.4825576656367601,0.820620038333441,0.0
2012-01-09 15:55:00,-0.1218056903854931,0.4660952597564985,0.8287569122459323,0.0
2012-01-09 15:56:00,-0.1213737826161313,0.4489667809907631,0.8371489749181869,0.0
2012-01-09 15:57:00,-0.1208927710243949,0.4312317945653912,0.845764601114691,0.0
2012-01-09 15:58:00,-0.1203623641531509,0.4129600018094693,0.8545685436521203,0.0
2012-01-09 15:59:00,-0.1197830923936303,0.394230569703305,0.8635221594140218,0.0
2012-01-09 16:00:00,-0.119156180551571,0.3751311686920952,0.8725837520592562,0.0
2012-01-09 16:01:00,-0.1184834126792311,0.3557567289093478,0.8817090296853032,0.0
2012-01-09 16:02:00,-0.1177669954374233,0.3362079391157976,0.8908516688331394,0.0
2012-01-09 16:03:00,-0.1170094265170596,0.3165895275692435,0.8999639689650677,0.0
2012-01-09 16:04:00,-0.1162133746329813,0.2970083782293685,0.908997574670484,0.0
2012-01-09 16:05:00,-0.1153815770114784,0.2775715464164948,0.9179042377992862,0.0
2012-01-09 16:06:00,-0.1145167590241783,0.2583842426372052,0.9266365898930772,0.0
2012-01-09 16:07:00,-0.113621578842374,0.2395478514541178,0.9351488968710444,0.0
2012-01-09 16:08:00,-0.1126985980147535,0.2211580464722736,0.9433977716824185,0.0
2012-01-09 16:09:00,-0.1117502770234306,0.2033030556787154,0.951342824991072,0.0
2012-01-09 16:10:00,-0.1107789932716608,0.1860621245207498,0.9589472381348656,0.0
2012-01-09 16:11:00,-0.1097870774772838,0.1695042165831865,0.9661782466031512,0.0
2012-01-09 16:12:00,-0.108776863040855,0.153686983049897,0.9730075262010098,0.0
2012-01-09 16:13:00,-0.1077507419402078,0.1386560226317372,0.979411477804515,0.0
2012-01-09 16:14:00,-0.1067112205158127,0.1244444437994242,0.985371409983625,0.0
2012-01-09 16:15:00,-0.105660969332053,0.1110727314877154,0.9908736216778788,0.002662418891506757
2012-01-09 16:16:00,-0.1046028629569767,0.0985489115898066,0.995909389515254,0.006225202943644037
2012-01-09 16:17:00,-0.1035400075874023,0.0868689988206255,1.000474866289682,0.00956263510723021
2012-01-09 16:18:00,-0.1024757564603204,0.0760177063425699,1.0045708986647337,0.0126414285341927
2012-01-09 16:19:00,-0.1014137145287617,0.065969388123439,1.0082027734847387,0.015435637608913977
2012-01-09 16:20:00,-0.1003577346893064,0.0566891775684382,1.0113799031907516,0.017926640943977334
2012-01-09 16:21:00,-0.0993119077967161,0.0481342801069395,1.0141154616506969,0.02010290339290921
2012-01-09 16:22:00,-0.0982805478574257,0.0402553745210133,1.0164259820962085,0.021959558077140562
2012-01-09 16:23:00,-0.0972681725233206,0.0329980776363346,1.018330928833354,0.02349785106385127
2012-01-09 16:24:00,-0.0962794778123931,0.0263044284882443,1.0198522540445103,0.024724490234125707
2012-01-09 16:25:00,-0.0953193052364985,0.0201143510304239,1.021013950287016,0.025650936600187135
2012-01-09 16:26:00,-0.0943925993757285,0.0143670591747272,1.0218416081757662,0.0262926714175995
2012-01-09 16:27:00,-0.0935043543790313,0.009002373666931,1.0223619874079874,0.0266684666026753
2012-01-09 16:28:00,-0.0926595487025589,0.0039619254302326,1.0226026080811486,0.026799680012242533
2012-01-09 16:29:00,-0.0918630683339984,-0.0008097761003557,1.022591368307047,0.026709591655375675
2012-01-09 16:30:00,-0.0911196195725613,-0.0053644276418494,1.0223561933118417,0.026422792107644533
2012-01-09 16:31:00,-0.0904336331178484,-0.0097491833421447,1.021924720322425,0.025964630277671485
2012-01-09 16:32:00,-0.0898091618853084,-0.0140060801030888,1.0213240223788953,0.02536072409986634
2012-01-09 16:33:00,-0.089249775661136,-0.0181716360363791,1.0205803726334013,0.024636534492272544
2012-01-09 16:34:00,-0.088758456283745,-0.0222766115677076,1.01971904875494,0.023816999946031148
2012-01-09 16:35:00,-0.088337497253547,-0.0263459144106997,1.0187641751538627,0.02292622666743993
2012-01-09 16:36:00,-0.0879884114288453,-0.0303986251263348,1.0177385993712738,0.021987227711552926
2012-01-09 16:37:00,-0.0877118498861666,-0.0344481197032524,1.0166637983330693,0.021021704178009637
2012-01-09 16:38:00,-0.0875075343323834,-0.0385022680015944,1.015559810049378,0.020049862013484354
2012-01-09 16:39:00,-0.0873742048165721,-0.0425636901785899,1.0144451864805748,0.019090258889052247
2012-01-09 16:40:00,-0.0873095839491604,-0.0466300563510075,1.0133369635696383,0.018159676740936437
2012-01-09 16:41:00,-0.0873103583741075,-0.0506944175257475,1.012250644832615,0.01727301675200965
2012-01-09 16:42:00,-0.0873721778172235,-0.0547455583597877,1.0112001953842806,0.01644321472567123
2012-01-09 16:43:00,-0.0874896716186069,-0.0587683647012161,1.0101980438265667,0.015681175901477884
2012-01-09 16:44:00,-0.087656482300456,-0.0627442011300159,1.009255090006001,0.014995729236214839
2012-01-09 16:45:00,-0.0878653156043201,-0.0666512958968875,1.0083807171932806,0.014393601980126958
2012-01-09 16:46:00,-0.0881080067080709,-0.0704651328698534,1.0075828076914723,0.013879415981933096
2012-01-09 16:47:00,-0.0883756028955911,-0.0741588523339474,1.006867761229025,0.013455707551640606
2012-01-09 16:48:00,-0.0886584634396188,-0.077703664309676,1.0062405157803986,0.013122972883661266
2012-01-09 16:49:00,-0.0889463774778218,-0.0810692786605784,1.005704570707031,0.01287974091201316
2012-01-09 16:50:00,-0.0892287000208454,-0.084224355132576,1.0052620123271525,0.012722674937687195
2012-01-09 16:51:00,-0.0894945050629534,-0.0871369740140273,1.004913542262409,0.012646703494938905
2012-01-09 16:52:00,-0.0897327534227903,-0.0897751252539042,1.004658509301085,0.01264517994323544
2012-01-09 16:53:00,-0.0899324716942105,-0.092107210990058,1.0044949461493329,0.012710069378668809
2012-01-09 16:54:00,-0.0900829376071326,-0.0941025532551546,1.0044196132684553,0.012832160673930781
2012-01-09 16:55:00,-0.0901738662229103,-0.0957318951880901,1.004428052881961,0.013001300750467015
2012-01-09 16:56:00,-0.0901955908561331,-0.0969678810600557,1.0045146570087762,0.013206647586080145
2012-01-09 16:57:00,-0.0901392326696553,-0.0977854989454531,1.0046727537233215,0.013436937921786685
2012-01-09 16:58:00,0.0492263423619579,0.4690615096166949,0.7497775795735335,0.0
2012-01-09 16:59:00,0.049506671651667146,0.4707199325710494,0.7494959213473277,0.0
2012-01-09 17:00:00,-0.0894277688428451,-0.097520967779672,1.0054957526546775,0.0141643720834852
2012-01-09 17:01:00,-0.0889909938211264,-0.096474293399124,1.0058560839687862,0.014383136652593498
2012-01-09 17:02:00,-0.0884482324145948,-0.0949309771832721,1.006243149077476,0.014573927967594047
2012-01-09 17:03:00,-0.0877978734965623,-0.0928863208087781,1.0066468960870554,0.01472868717978626
2012-01-09 17:04:00,-0.0870397761279596,-0.0903396476154117,1.007057353314762,0.014840720224122528
2012-01-09 17:05:00,-0.0861753008245336,-0.0872944215739878,1.0074648253912033,0.014904859043774366
2012-01-09 17:06:00,-0.0852073215926128,-0.083758352426998,1.007860082220232,0.0149175801941972
2012-01-09 17:07:00,-0.084140215519043,-0.0797434844718051,1.0082345359927982,0.014877075685478802
2012-01-09 17:08:00,-0.0829798268818127,-0.0752662635535128,1.0085804020928668,0.014783272223410027
2012-01-09 17:09:00,-0.0817334032579426,-0.0703475751387657,1.0088908404578596,0.014637796701757022
2012-01-09 17:10:00,-0.0804095017241119,-0.0650127461098404,1.0091600746803786,0.014443887779491682
2012-01-09 17:11:00,-0.0790178639720756,-0.0592915038123315,1.0093834868295546,0.014206255519668254
2012-01-09 17:12:00,-0.0775692601158595,-0.0532178875596171,1.009557686605507,0.013930893234589625
2012-01-09 17:13:00,-0.076075302220477,-0.046830110004915,1.0096805540045772,0.013624847735097534
2012-01-09 17:14:00,-0.0745482300242568,-0.0401703680576271,1.009751255161443,0.013295955962395078
2012-01-09 17:15:00,-0.0730006726694915,-0.0332846046232342,1.0097702314374646,0.012952557335433212
2012-01-09 17:16:00,-0.071445391215683,-0.0262222229291283,1.0097391621383125,0.012603192004196684
2012-01-09 17:17:00,-0.0698950072543435,-0.0190357546627268,1.0096609015060836,0.012256295621193791
2012-01-09 17:18:00,-0.0683617232932852,-0.0117804819979217,1.009539390922458,0.011919901371555408
2012-01-09 17:19:00,-0.0668570409503667,-0.0045140124052394,1.0093795476439378,0.01160135994101652
2012-01-09 17:20:00,-0.065391483447554,0.0027041951587413,1.0091871318660603,0.011307087833845486
2012-01-09 17:21:00,-0.0639743293518183,0.0098133526886884,1.0089685944347009,0.01104235384208474
2012-01-09 17:22:00,-0.062613364831591,0.0167519111756542,1.008730908053654,0.010811112348058982
2012-01-09 17:23:00,-0.0613146617738096,0.023458167404019,1.0084813853642425,0.010615890431460384
2012-01-09 17:24:00,-0.0600823889619002,0.0298708986436791,1.0082274877698014,0.010457733477138076
2012-01-09 17:25:00,-0.0589186632577068,0.0359300106435632,1.0079766293080086,0.010336211256458894
2012-01-09 17:26:00,-0.0578234473746472,0.0415771818046386,1.0077359802142964,0.010249483509679136
2012-01-09 17:27:00,-0.056794500284246,0.0467564863588247,1.0075122750392809,0.010194421205139914
2012-01-09 17:28:00,-0.0558273854427203,0.0514149820607334,1.00731163021453,0.010166777176486619
2012-01-09 17:29:00,-0.0549155405866542,0.0555032517470102,1.007139375808473,0.010161397924260962
2012-01-09 17:30:00,-0.0540504104092903,0.0589758904852607,1.0069999060665709,0.010172467127284479
2012-01-09 17:31:00,-0.0532216399655094,0.0617919292455831,1.0068965533474636,0.01019377082988937
2012-01-09 17:32:00,-0.0524173229277625,0.063915183253569,1.006831490054425,0.010218974162762517
2012-01-09 17:33:00,-0.0516242958472082,0.0653145116999252,1.006805662726159,0.010241899674419574
2012-01-09 17:34:00,-0.0508284678606082,0.0659639775259054,1.0068187614872035,0.010256798026482716
2012-01-09 17:35:00,-0.0500151747849665,0.0658429010542321,1.006869226823888,0.010258603157103474
2012-01-09 17:36:00,-0.0491695471202451,0.0649358073121421,1.006954294452616,0.010243166050557972
2012-01-09 17:37:00,-0.0482768829826215,0.063232272505115,1.0070700780194124,0.010207463721538801
2012-01-09 17:38:00,-0.0473230189393183,0.0607266803144873,1.0072116883351565,0.010149782429569099
2012-01-09 17:39:00,-0.0462946932624126,0.0574179048089477,1.007373386339793,0.010069875762371172
2012-01-09 17:40:00,-0.0451798967406311,0.053308943972493,1.0075487648229402,0.009969098573411328
2012-01-09 17:41:00,-0.0439682062967101,0.0484065336364391,1.0077309517513309,0.009850517047591989
2012-01-09 17:42:00,-0.0426510969673517,0.0427207730126789,1.0079128268015594,0.009718994052518193
2012-01-09 17:43:00,-0.0412222283340315,0.0362647898501226,1.0080872426415413,0.009581247779653745
2012-01-09 17:44:00,-0.0396777017668947,0.0290544676743863,1.0082472431908645,0.009445880427139564
2012-01-09 17:45:00,-0.0380162846736107,0.0211082519127721,1.00838627197762,0.00932337222127222
2012-01-09 17:46:00,-0.0362395975154678,0.0124470471397814,1.0084983645438836,0.009226034492903379
2012-01-09 17:47:00,-0.0343522588406956,0.0030942141854798,1.0085783196174332,0.009167914002030209
2012-01-09 17:48:00,-0.0323619830779038,-0.0069243274913274,1.0086218445233528,0.009164639446721967
2012-01-09 17:49:00,-0.0302796255020907,-0.0175798910412521,1.008625671072842,0.009233200324241242
2012-01-09 17:50:00,-0.0281191689340666,-0.028840711649872,1.0085876388991624,0.009391648296240396
2012-01-09 17:51:00,-0.0258976476321352,-0.0406715454741851,1.008506743884691,0.009658712251342294
2012-01-09 17:52:00,-0.0236350055247058,-0.0530331962835257,1.008383149954125,0.010053320625006856
2012-01-09 17:53:00,-0.0213538881444448,-0.0658819939796147,1.008218163133579,0.010594028352663099
2012-01-09 17:54:00,-0.0190793698551776,-0.0791692535197169,1.0080141674323628,0.011298351032621667
2012-01-09 17:55:00,-0.0168386197500163,-0.0928407452529539,1.0077745228227182,0.012182015224913467
2012-01-09 17:56:00,-0.0146605108145162,-0.1068362084694872,1.0075034263728124,0.013258140934695684
2012-01-09 17:57:00,-0.012575177772661,-0.1210889392209679,1.0072057383998736,0.0145363797140583
2012-01-09 17:58:00,-0.010613529709957,-0.1355254813720356,1.006886776320323,0.016022038856814635
2012-01-09 17:59:00,-0.0088067242933787,-0.150065446800836,1.006552079667823,0.017715228244096437
2012-01-09 18:00:00,-0.007185611355707,-0.1646214869918302,1.0062071505321937,0.0196100709448066
2012-01-09 18:01:00,-0.0057801549489315,-0.179099433811294,1.0058571744423317,0.021694021104103012
2012-01-09 18:02:00,-0.0046188448232087,-0.1933986218949188,1.0055067274505989,0.023947332447703307
2012-01-09 18:03:00,-0.0037281106082878,-0.2074123991898875,1.0051594758529747,0.026342717635507773
2012-01-09 18:04:00,-0.0031317544812749,-0.2210288262448604,1.004817875623689,0.028845232816974598
2012-01-09 18:05:00,-0.0028504203417286,-0.2341315586213382,1.0044828792898044,0.03141241335603362
2012-01-09 18:06:00,-0.0029011187636256,-0.2466008996404169,1.004153658564106,0.03399467609907103
2012-01-09 18:07:00,-0.0032968263298299,-0.2583150027172226,1.0038273514509153,0.03653599127748919
2012-01-09 18:08:00,-0.0040461749998042,-0.269151195381731,1.0034988426369598,0.03897481426705518
2012-01-09 18:09:00,-0.0051532426989447,-0.2789873927467857,1.003160585758298,0.041245255471012765
2012-01-09 18:10:00,-0.0066174516593237,-0.2877035674755215,1.0028024755729263,0.04327845679846898
2012-01-09 18:11:00,-0.0084335769504029,-0.2951832455076832,1.002411777137572,0.04500413616058618
2012-01-09 18:12:00,-0.0105918641529159,-0.3013150006076319,1.001973117819584,0.04635225713452207
2012-01-09 18:13:00,-0.0130782520029852,-0.3059939251848284,1.0014685464481654,0.047254779149024984
2012-01-09 18:14:00,-0.0158746928520119,-0.3091230590872841,1.0008776622090598,0.04764744367640161
2012-01-09 18:15:00,-0.0189595609992173,-0.3106147611365236,1.000177814163775,0.047471553186342774
2012-01-09 18:16:00,-0.0223081367186645,-0.3103920089008306,0.9993443707291222,0.046675701189884844
2012-01-09 18:17:00,-0.025893152378883,-0.3083896106219092,0.9983510571596544,0.04521741308277516
2012-01-09 18:18:00,-0.0296853862231722,-0.3045553110246842,0.9971703578795268,0.04306465871591336
2012-01-09 18:19:00,-0.0336542886852794,-0.298850772058305,0.9957739791212762,0.0401971989011396
2012-01-09 18:20:00,-0.0377686252631472,-0.2912524116189743,0.9941333654713652,0.03660772940951951
2012-01-09 18:21:00,-0.0419971189087505,-0.2817520878822455,0.992220261505171,0.03230278715308632
2012-01-09 18:22:00,-0.0463090738237641,-0.2703576226048486,0.9900073069696856,0.027303383753957133
2012-01-09 18:23:00,-0.0506749620073525,-0.2570931613561557,0.9874686514656712,0.021645331324907646
2012-01-09 18:24:00,-0.0550669544914009,-0.2419993700679662,0.9845805727962568,0.015379224190674279
2012-01-09 18:25:00,-0.0594593812184652,-0.2251334648983744,0.9813220823128604,0.008570039346241343
2012-01-09 18:26:00,-0.0638291068880699,-0.2065690675652385,0.9776755005618374,0.0012963192580606187
2012-01-09 18:27:00,-0.0681558145472579,-0.1863958738515853,0.9736269869202306,0.0
2012-01-09 18:28:00,-0.0724221938746095,-0.1647191213314889,0.9691670073326544,0.0
2012-01-09 18:29:00,-0.0766140365386757,-0.1416588441112022,0.9642907245892272,0.0
2012-01-09 18:30:00,-0.0807202461402811,-0.1173489065821414,0.958998295948826,0.0
2012-01-09 18:31:00,-0.0847327745235106,-0.0919358131517731,0.9532950636430644,0.0
2012-01-09 18:32:00,-0.0886464992550418,-0.0655772948697573,0.947191625254338,0.0
2012-01-09 18:33:00,-0.0924590586477823,-0.0384406758947189,0.9407037732735568,0.0
2012-01-09 18:34:00,-0.0961706609393645,-0.0107010237056456,0.9338522961237729,0.0
2012-01-09 18:35:00,-0.0997838834104183,0.0174609110901303,0.9266626363421984,0.0
2012-01-09 18:36:00,-0.1033034755516634,0.0458609551962223,0.9191644054406902,0.0
2012-01-09 18:37:00,-0.1067361778889651,0.0743139568438039,0.911390759419108,0.0
2012-01-09 18:38:00,-0.1100905648149973,0.1026363899042493,0.903377644128703,0.0
2012-01-09 18:39:00,-0.1133769160419692,0.130649085508601,0.8951629255992705,0.0
2012-01-09 18:40:00,-0.1166071174018386,0.1581800484104715,0.8867854268670524,0.0
2012-01-09 18:41:00,-0.1197945877064336,0.1850673025590457,0.8782838996449484,0.0
2012-01-09 18:42:00,-0.1229542239718629,0.2111616953907638,0.8696959663387112,0.0
2012-01-09 18:43:00,-0.1261023524235325,0.2363295743158629,0.8610570752114728,0.0
2012-01-09 18:44:00,-0.1292566680438417,0.2604552344302646,0.8523995178519052,0.0
2012-01-09 18:45:00,-0.1324361424668494,0.2834430282313829,0.8437515613528531,0.0
2012-01-09 18:46:00,-0.1356608799286238,0.3052190306776403,0.8351367457500899,0.0
2012-01-09 18:47:00,-0.1389519036433743,0.3257321672632566,0.8265733901850177,0.0
2012-01-09 18:48:00,-0.1423308592912721,0.3449547351827634,0.8180743407950457,0.0
2012-01-09 18:49:00,-0.1458196272079546,0.3628822730455034,0.809646981685769,0.0
2012-01-09 18:50:00,-0.14943983985751,0.3795327598244903,0.8012935187368064,0.0
2012-01-09 18:51:00,-0.1532123061201301,0.3949451478273048,0.793011534807319,0.0
2012-01-09 18:52:00,-0.1571563487725662,0.4091772573892469,0.7847948042026576,0.0
2012-01-09 18:53:00,-0.1612890662165884,0.4223030827748214,0.7766343440672316,0.0
2012-01-09 18:54:00,-0.1656245339718168,0.4344095795016712,0.7685196706949042,0.0
2012-01-09 18:55:00,-0.1701729656765378,0.4455930230469704,0.7604402195956905,0.0
2012-01-09 18:56:00,-0.1749398573510702,0.4559550477381656,0.752386879507839,0.0
2012-01-09 18:57:00,-0.17992514259886,0.4655984926437705,0.7443535823348622,0.0
2012-01-09 18:58:00,-0.1851223905096465,0.4746231983601618,0.7363388831696005,0.0
2012-01-09 18:59:00,-0.1905180823009077,0.4831219135347663,0.7283474575813934,0.0
2012-01-09 19:00:00,-0.1960910062807181,0.4911764790365974,0.7203914388608897,0.0
2012-01-09 19:01:00,-0.2018118118098203,0.4988544551830961,0.7124915185753912,0.0
2012-01-09 19:02:00,-0.2076427603553119,0.5062063398828381,0.7046777412710391,0.0
2012-01-09 19:03:00,-0.2135377057004395,0.5132634953236677,0.6969899377043254,0.0
2012-01-09 19:04:00,-0.2194423269847997,0.5200368641700115,0.6894777582830032,0.0
2012-01-09 19:05:00,-0.2252946283384935,0.5265165181841174,0.6822002874955846,0.0
2012-01-09 19:06:00,-0.2310257078248819,0.5326720444108145,0.6752252401048687,0.0
2012-01-09 19:07:00,-0.2365607864867312,0.5384537363662398,0.6686277604144533,0.0
2012-01-09 19:08:00,-0.241820475980769,0.5437945204519088,0.6624888663523777,0.0
2012-01-09 19:09:00,-0.2467222515372778,0.548612513873092,0.656893598666226,0.0
2012-01-09 19:10:00,-0.2511820871628045,0.5528140848879779,0.651928949197583,0.0
2012-01-09 19:11:00,-0.2551162033340105,0.5562972738239121,0.6476816485624227,0.0
2012-01-09 19:12:00,-0.2584428744093495,0.5589554339360524,0.6442358928147752,0.0
2012-01-09 19:13:00,-0.2610842433343481,0.5606809601969287,0.6416710834089191,0.0
2012-01-09 19:14:00,-0.262968094100647,0.5613689862732913,0.6400596477431015,0.0
2012-01-09 19:15:00,-0.2640295367301367,0.560920942535957,0.6394650002092244,0.0
2012-01-09 19:16:00,-0.2642125643387026,0.5592478803640973,0.6399396963848432,0.0
2012-01-09 19:17:00,-0.2634714466065097,0.5562734803184113,0.6415238258193312,0.0
2012-01-09 19:18:00,-0.2617719286467031,0.551936674056704,0.6442436817478628,0.0
2012-01-09 19:19:00,-0.2590922088515553,0.5461938222219556,0.6481107389603907,0.0
2012-01-09 19:20:00,-0.2554236738495004,0.5390204030220703,0.6531209639002349,0.0
2012-01-09 19:21:00,-0.2507713733006886,0.5304121789109579,0.6592544738079921,0.0
2012-01-09 19:22:00,-0.2451542219907508,0.5203858217360059,0.6664755542957101,0.0
2012-01-09 19:23:00,-0.238604921645274,0.5089789900079701,0.6747330370627043,0.0
2012-01-09 19:24:00,-0.2311696001504552,0.4962498656628418,0.6839610314702285,0.0
2012-01-09 19:25:00,-0.2229071714777382,0.4822761719219036,0.6940799952955901,0.0
2012-01-09 19:26:00,-0.2138884256123593,0.4671537087169451,0.7049981211126821,0.0
2012-01-09 19:27:00,-0.2041948642156921,0.4509944577232064,0.7166130053380825,0.0
2012-01-09 19:28:00,-0.1939173046611414,0.4339243254049134,0.7288135569981953,0.0
2012-01-09 19:29:00,-0.1831542825896326,0.4160806095856026,0.741482092734539,0.0
2012-01-09 19:30:00,-0.1720102913021237,0.3976092922664613,0.7544965538885028,0.0
2012-01-09 19:31:00,-0.1605939045479922,0.3786622763741397,0.7677327722047148,0.0
2012-01-09 19:32:00,-0.1490158357449897,0.3593946920759862,0.7810667055284211,0.0
2012-01-09 19:33:00,-0.1373869891375123,0.3399623941196791,0.7943765663398688,0.0
2012-01-09 19:34:00,-0.1258165561058032,0.3205197540108414,0.8075447741653201,0.0
2012-01-09 19:35:00,-0.1144102040518705,0.3012178238821578,0.8204596754689469,0.0
2012-01-09 19:36:00,-0.1032683979231358,0.2822029188933297,0.8330169888039334,0.0
2012-01-09 19:37:00,-0.0924848867824091,0.2636156359810783,0.845120947164573,0.0
2012-01-09 19:38:00,-0.0821453805018234,0.2455902998199131,0.8566851230060446,0.0
2012-01-09 19:39:00,-0.0723264348818995,0.2282548022370304,0.8676329340024215,0.0
2012-01-09 19:40:00,-0.0630945572549527,0.2117307802673048,0.8778978391413466,0.0
2012-01-09 19:41:00,-0.054505538812665,0.1961340620906402,0.8874232452260987,0.0
2012-01-09 19:42:00,-0.0466040144840563,0.1815752994669423,0.8961621534422538,0.0
2012-01-09 19:43:00,-0.0394232462639272,0.1681606985346061,0.9040765845286152,0.0
2012-01-09 19:44:00,-0.0329851215264565,0.155992756294172,0.911136829350902,0.0
2012-01-09 19:45:00,-0.0273003540960288,0.1451709071385817,0.9173205792387878,0.0
2012-01-09 19:46:00,-0.0223688727484858,0.1357919831464413,0.922611996925304,0.0
2012-01-09 19:47:00,-0.0181803794341898,0.1279503955730004,0.9270007931952482,0.0
2012-01-09 19:48:00,-0.0147150577646882,0.1217379560868763,0.93048137427993,0.0
2012-01-09 19:49:00,-0.0119444109388047,0.1172432773465191,0.9330521183835124,0.0
2012-01-09 19:50:00,-0.0098322071038813,0.114550723479154,0.9347148259148802,0.0
2012-01-09 19:51:00,-0.0083355091859094,0.113738918958675,0.935474368814066,0.0
2012-01-09 19:52:00,-0.0074057656225986,0.1148788647695009,0.9353385428361082,0.0
2012-01-09 19:53:00,-0.0069899382685197,0.1180317481817834,0.9343181060634672,0.0
2012-01-09 19:54:00,-0.0070316440404774,0.1232465606456151,0.9324269706695132,0.0
2012-01-09 19:55:00,-0.0074722877110143,0.1305576524089799,0.9296825056982336,0.0
2012-01-09 19:56:00,-0.0082521646660245,0.1399823526302739,0.9261059065537828,0.0
2012-01-09 19:57:00,-0.0093115142315853,0.1515187747019195,0.921722589671052,0.0
2012-01-09 19:58:00,-0.0105915060815355,0.1651439130848477,0.9165625755698688,0.0
2012-01-09 19:59:00,-0.012035144310075,0.1808121221949037,0.9106608284664524,0.0
2012-01-09 20:00:00,-0.013588076361831,0.1984540498066426,0.904057525459191,0.0
2012-01-09 20:01:00,-0.0151992972945949,0.2179760770580438,0.8967982332797336,0.0
2012-01-09 20:02:00,-0.0168217433795728,0.2392602951410563,0.888933975989188,0.0
2012-01-09 20:03:00,-0.0184127722086745,0.2621650261416247,0.8805211829868982,0.0
2012-01-09 20:04:00,-0.0199345290336707,0.2865258729312241,0.8716215134084027,0.0
2012-01-09 20:05:00,-0.0213542012118659,0.3121572605406021,0.8623015603572481,0.0
2012-01-09 20:06:00,-0.0226441647348263,0.3388544092948028,0.8526324459663291,0.0
2012-01-09 20:07:00,-0.0237820290566872,0.3663956605741118,0.8426893249520905,0.0
2012-01-09 20:08:00,-0.0247505886439887,0.394545064166903,0.8325508186566365,0.0
2012-01-09 20:09:00,-0.025537691413877,0.4230551352671877,0.8222984025914621,0.0
2012-01-09 20:10:00,-0.0261360351995542,0.4516696979081899,0.8120157684994298,0.0
2012-01-09 20:11:00,-0.026542903615834,0.4801267453001777,0.8017881782120194,0.0
2012-01-09 20:12:00,-0.0267598524405062,0.5081612620567818,0.7917018223313746,0.0
2012-01-09 20:13:00,-0.0267923570945782,0.5355079667975213,0.7818431926702641,0.0
2012-01-09 20:14:00,-0.0266494311074718,0.5619039456067036,0.772298473686718,0.0
2012-01-09 20:15:00,-0.0263432246496742,0.5870911571774726,0.7631529549676428,0.0
2012-01-09 20:16:00,-0.0258886113493423,0.6108187991268503,0.7544904642094648,0.0
2012-01-09 20:17:00,-0.0253027707193892,0.6328455319545644,0.7463928181226382,0.0
2012-01-09 20:18:00,-0.0246047726427446,0.6529415625031849,0.7389392872222378,0.0
2012-01-09 20:19:00,-0.0238151695257934,0.6708905926424247,0.7322060695228855,0.0
2012-01-09 20:20:00,-0.0229556009485909,0.6864916413328682,0.7262657677057498,0.0
2012-01-09 20:21:00,-0.0220484149087589,0.6995607493199699,0.7211868643473084,0.004978541012796711
2012-01-09 20:22:00,-0.0211163090541561,0.709932575579871,0.7170331902690151,0.009250591441442468
2012-01-09 20:23:00,-0.0201819946132011,0.7174618934122154,0.7138633819486973,0.01230420797922216
2012-01-09 20:24:00,-0.0192678850642854,0.7220249918928573,0.7117303251830661,0.014027315262229223
2012-01-09 20:25:00,-0.0183958109532084,0.723520985413774,0.710680583753872,0.014341123251684573
2012-01-09 20:26:00,-0.0175867616880069,0.7218730304093672,0.7107538136716631,0.013203311220352676
2012-01-09 20:27:00,-0.0168606546294382,0.7170294442635993,0.7119821655913094,0.010610760745990655
2012-01-09 20:28:00,-0.016236131366703,0.7089647169869109,0.7143896801479378,0.0066018065729667175
2012-01-09 20:29:00,-0.015730380730932,0.6976804017421016,0.7179916831780996,0.0012579312873783888
2012-01-09 20:30:00,-0.0153589878510811,0.6832058659050726,0.7227941899857538,0.0
2012-01-09 20:31:00,-0.0151358083844502,0.6655988803004051,0.7287933298954131,0.0
2012-01-09 20:32:00,-0.0150728669425146,0.6449460207695569,0.7359748042189893,0.0
2012-01-09 20:33:00,-0.0151802786748897,0.6213628535002863,0.7443133923770399,0.0
2012-01-09 20:34:00,-0.0154661929664872,0.594993873744251,0.75377252220001,0.0
2012-01-09 20:35:00,-0.0159367582366714,0.5660121668562317,0.764303921330875,0.0
2012-01-09 20:36:00,-0.0165961068884155,0.5346187611931739,0.775847367090596,0.0
2012-01-09 20:37:00,-0.0174463595213646,0.5010416444991526,0.788330552082375,0.0
2012-01-09 20:38:00,-0.01848764757932,0.4655344191417079,0.801669082132299,0.0
2012-01-09 20:39:00,-0.019718153637244,0.4283745771090966,0.8157666218282229,0.0
2012-01-09 20:40:00,-0.0211341685335685,0.3898613831716154,0.8305152008638358,0.0
2012-01-09 20:41:00,-0.0227301645091085,0.3503133641888261,0.8457956915622985,0.0
2012-01-09 20:42:00,-0.0244988834146854,0.3100654143285683,0.8614784642903591,0.0
2012-01-09 20:43:00,-0.0264314388864206,0.269465540055238,0.8774242229325604,0.0
2012-01-09 20:44:00,-0.0285174311488345,0.2288712852290745,0.8934850171358055,0.0
2012-01-09 20:45:00,-0.0307450727772596,0.1886458953725849,0.9095054216806292,0.0
2012-01-09 20:46:00,-0.0331013233309753,0.1491542995516259,0.9253238664634478,0.0
2012-01-09 20:47:00,-0.0355720303240826,0.1107590039111715,0.9407740943441936,0.0
2012-01-09 20:48:00,-0.0381420737316651,0.0738159966496389,0.9556867202553888,0.0
2012-01-09 20:49:00,-0.040795511390365,0.0386707576405727,0.9698908645359772,0.0
2012-01-09 20:50:00,-0.0435157233272918,0.0056544509070667,0.9832158358535762,0.0
2012-01-09 20:51:00,-0.0462855540364505,-0.0249196390219485,0.9954928426536336,0.0
2012-01-09 20:52:00,-0.0490874526947114,-0.0527593817304462,1.0065567154070036,0.009133069373692626
2012-01-09 20:53:00,-0.0519036120193004,-0.0775967554331951,1.0162476244409755,0.020526567795437156
2012-01-09 20:54:00,-0.0547161067676218,-0.099190462316671,1.0244127798727705,0.030657141692162382
2012-01-09 20:55:00,-0.057507032729445,-0.1173281946233519,1.0309081013433228,0.03915565604110305
2012-01-09 20:56:00,-0.0602586466054672,-0.131828546818849,1.0355998459859348,0.045694463623664694
2012-01-09 20:57:00,-0.0629535067478524,-0.1425425718196815,1.038366183301391,0.0499932663673226
2012-01-09 20:58:00,-0.0655746147339483,-0.1493549809095938,1.0390987052403726,0.05182368277778848
2012-01-09 20:59:00,-0.0681055582326761,-0.1521849890924252,1.0377038588062524,0.05101281464529839
2012-01-09 21:00:00,-0.0705306561934687,-0.1509868105519821,1.0341042870300268,0.04744606872030488
2012-01-09 21:01:00,-0.0728351074280901,-0.1457498121542881,1.028240062475258,0.041069443743400935
2012-01-09 21:02:00,-0.0750051428581095,-0.136498335925566,1.0200697957571505,0.03189144554146228
2012-01-09 21:03:00,-0.0770281802350179,-0.1232912036524746,1.0095716001026438,0.019984743602671218
2012-01-09 21:04:00,-0.0788929784753151,-0.1062209176909332,0.9967438918383392,0.0054876286284428755
2012-01-09 21:05:00,-0.0805897874136058,-0.0854125713649868,0.9816060059121434,0.0
2012-01-09 21:06:00,-0.0821104880810437,-0.0610224802742786,0.9641986052297784,0.0
2012-01-09 21:07:00,-0.0834487184559938,-0.0332365437220541,0.94458386293418,0.0
2012-01-09 21:08:00,-0.0845999795801916,-0.002268344970637,0.9228453980081736,0.0
2012-01-09 21:09:00,-0.0855617166612015,0.0316429989297393,0.8990879467810151,0.0
2012-01-09 21:10:00,-0.0863333693361203,0.068235222560915,0.8734367557820695,0.0
2012-01-09 21:11:00,-0.0869163849946779,0.107225512556605,0.8460366844228613,0.0
2012-01-09 21:12:00,-0.0873141893537483,0.1483133005813867,0.8170510088935136,0.0
2012-01-09 21:13:00,-0.0875321095278938,0.1911832298686014,0.786659921658628,0.0
2012-01-09 21:14:00,-0.0875772466142087,0.2355082837981101,0.7550587248428978,0.0
2012-01-09 21:15:00,-0.0874582973168569,0.2809530711496056,0.7224557216565571,0.0
2012-01-09 21:16:00,-0.0871853273409877,0.3271772629987519,0.6890698185218045,0.0
2012-01-09 21:17:00,-0.0867695027290244,0.3738391698286044,0.655127861733651,0.0
2012-01-09 21:18:00,-0.0862227884598816,0.4205994351344973,0.6208617459426837,0.0
2012-01-09 21:19:00,-0.0855576264829693,0.467124803830457,0.586505347140245,0.0
2012-01-09 21:20:00,-0.0847866079213031,0.5130919011328683,0.5522913493204876,0.0
2012-01-09 21:21:00,-0.0839221555288802,0.5581909353186142,0.5184480488220189,0.0
2012-01-09 21:22:00,-0.0829762314259824,0.6021292241486055,0.4851962288024767,0.0
2012-01-09 21:23:00,-0.0819600818470236,0.6446344455529537,0.4527461947524812,0.0
2012-01-09 21:24:00,-0.0808840267527062,0.6854575269421618,0.4212950510427765,0.0
2012-01-09 21:25:00,-0.0797572990707481,0.724375107822491,0.3910242823522354,0.0
2012-01-09 21:26:00,-0.0785879362096241,0.7611915314582242,0.362097686623163,0.0
2012-01-09 21:27:00,-0.0773827248990571,0.7957403404844321,0.3346596901492331,0.0
2012-01-09 21:28:00,-0.0761471990455722,0.8278852680552397,0.3088340611665382,0.0
2012-01-09 21:29:00,-0.074885689063101,0.8575207303573525,0.284723025940687,0.0
2012-01-09 21:30:00,-0.0736014200222399,0.8845718382547615,0.2624067807496539,0.0
2012-01-09 21:31:00,-0.0722966549408928,0.9089939555979782,0.2419433842623251,0.0
2012-01-09 21:32:00,-0.0709728786060372,0.9307718394784056,0.2233690075108181,0.0
2012-01-09 21:33:00,-0.0696310164717264,0.9499184035915604,0.2066985128499135,0.0
2012-01-09 21:34:00,-0.068271682429845,0.9664731500530954,0.1919263288813318,0.0
2012-01-09 21:35:00,-0.066895448612927,0.9805003176524044,0.1790275851795139,0.0
2012-01-09 21:36:00,-0.065503129880948,0.9920867957941334,0.1679594686713655,0.008333899821699964
2012-01-09 21:37:00,-0.0640960752789927,1.0013398534313944,0.158662762577529,0.015856132119558497
2012-01-09 21:38:00,-0.0626764585340079,1.008384731296375,0.1510635288013215,0.021561693927456993
2012-01-09 21:39:00,-0.0612475595859534,1.0133621438399751,0.1450748954399607,0.025524657631449177
2012-01-09 21:40:00,-0.0598140292183323,1.0164257346526373,0.1405989125795435,0.027845828115304005
2012-01-09 21:41:00,-0.0583821290587791,1.0177395258992268,0.137528441610464,0.0286477958090523
2012-01-09 21:42:00,-0.0569599395550601,1.017475398601146,0.1357490458555909,0.028070243185445154
2012-01-09 21:43:00,-0.0555575289893037,1.0158106365700013,0.135140853233715,0.026265530264407255
2012-01-09 21:44:00,-0.0541870771632031,1.0129255625614209,0.1355803648796261,0.023394581753662713
2012-01-09 21:45:00,-0.0528629480527964,1.009001290888838,0.1369421870038059,0.01962309647906646
2012-01-09 21:46:00,-0.0516017064751383,1.0042176164194394,0.1391006666988933,0.015118097914899487
2012-01-09 21:47:00,-0.0504220746110761,0.9987510556611569,0.1419314157985463,0.010044842362426865
2012-01-09 21:48:00,-0.0493448250657117,0.992773051621154,0.1453127101939943,0.004564098268432071
2012-01-09 21:49:00,-0.0483926080105107,0.986448350338371,0.1491267551588127,0.0
2012-01-09 21:50:00,-0.0475897108583005,0.979933553514575,0.1532608101862114,0.0
2012-01-09 21:51:00,-0.0469617499107257,0.9733758485257852,0.1576081695853088,0.0
2012-01-09 21:52:00,-0.0465352945031026,0.9669119143155894,0.1620689976049823,0.0
2012-01-09 21:53:00,-0.0463374253336786,0.9606669992740284,0.1665510191470844,0.0
2012-01-09 21:54:00,-0.0463952298620586,0.9547541652041296,0.1709700691747659,0.0
2012-01-09 21:55:00,-0.046735238859994,0.9492736898786523,0.1752505056909408,0.0
2012-01-09 21:56:00,-0.0473828093824465,0.944312619487578,0.179325492644701,0.0
2012-01-09 21:57:00,-0.0483614605984182,0.9399444614566532,0.1831371603290744,0.0
2012-01-09 21:58:00,-0.0496921700840687,0.9362290076540348,0.186636651785186,0.0
2012-01-09 21:59:00,-0.0513926393422858,0.9332122778646204,0.1897840644543972,0.0
2012-01-09 22:00:00,-0.0534765384775702,0.9309265735654908,0.1925482968477856,0.0
2012-01-09 22:01:00,-0.0559527411086892,0.9293906324459306,0.1949068103448205,0.0
2012-01-09 22:02:00,-0.0588245617088791,0.9286098747461488,0.196845316388034,0.0
2012-01-09 22:03:00,-0.0620890085845378,0.9285767333014324,0.1983573993030196,0.0
2012-01-09 22:04:00,-0.0657360666055721,0.92927106013025,0.1994440847525818,0.0
2012-01-09 22:05:00,-0.0697480245534612,0.9306606034505576,0.2001133634565978,0.0
2012-01-09 22:06:00,-0.0740988625182495,0.932701550103884,0.2003796793063161,0.0
2012-01-09 22:07:00,-0.0787537151078138,0.9353391294699246,0.2002633903938268,0.0
2012-01-09 22:08:00,-0.083668426298258,0.9385082760250684,0.1997902107705591,0.0
2012-01-09 22:09:00,-0.088789211544593,0.9421343486947444,0.1989906399510244,0.0
2012-01-09 22:10:00,-0.0940524422901026,0.9461339060280968,0.197899386318176,0.0
2012-01-09 22:11:00,-0.0993845672562926,0.9504155369422108,0.19655478971114,0.0
2012-01-09 22:12:00,-0.1047021838454717,0.9548807473055276,0.1949982476294529,0.0
2012-01-09 22:13:00,-0.1099122716250812,0.959424902927308,0.1932736486998772,0.0
2012-01-09 22:14:00,-0.1149125981723709,0.9639382295703256,0.1914268163366222,0.0
2012-01-09 22:15:00,-0.1195923055263827,0.9683068703927804,0.1895049648860978,0.0
2012-01-09 22:16:00,-0.1238326831071741,0.9724140007447848,0.1875561699782095,0.0
2012-01-09 22:17:00,-0.1275081302224026,0.9761409994913212,0.185628854306087,0.001782234675639982
2012-01-09 22:18:00,-0.1304873082241674,0.9793686750063716,0.1837712896382759,0.004968569700883663
2012-01-09 22:19:00,-0.1326344790561951,0.9819785426862284,0.1820311155541296,0.007476595440587985
2012-01-09 22:20:00,-0.1338110233832685,0.9838541492780618,0.1804548751994693,0.00917706028912102
2012-01-09 22:21:00,-0.1338771277458622,0.9848824375380542,0.1790875682870331,0.009944977817773815
2012-01-09 22:22:00,-0.132693626255662,0.9849551427564508,0.1779722216073212,0.009662489822764186
2012-01-09 22:23:00,-0.1301239782733886,0.983970210556092,0.1771494774591743,0.008221980690538144
2012-01-09 22:24:00,-0.1260363593411,0.9818332231322372,0.1766572006479836,0.00552941700527998
2012-01-09 22:25:00,-0.1203058384616709,0.9784588188038884,0.1765301050316813,0.0015078795723788563
2012-01-09 22:26:00,-0.1128166107416923,0.9737720874459084,0.1767994010125403,0.0
2012-01-09 22:27:00,-0.1034642505577874,0.9677099221333392,0.1774924658434562,0.0
2012-01-09 22:28:00,-0.0921579468733487,0.9602223052281692,0.1786325391038702,0.0
2012-01-09 22:29:00,-0.0788226792192764,0.9512735052457182,0.1802384462097321,0.0
2012-01-09 22:30:00,-0.0634012902592316,0.940843159222847,0.182324353396987,0.0
2012-01-09 22:31:00,-0.0458564088867128,0.9289272140569436,0.1848995582596167,0.0
2012-01-09 22:32:00,-0.0261721765440669,0.9155386994956204,0.187968320547955,0.0
2012-01-09 22:33:00,-0.0043557290214425,0.9007083052402413,0.1915297384280665,0.0
2012-01-09 22:34:00,0.0195616134807459,0.8844847350805831,0.1955776756948241,0.0
2012-01-09 22:35:00,0.0455234936135504,0.8669348121924358,0.2001007454939917,0.0
2012-01-09 22:36:00,0.0734480441804149,0.8481433117910213,0.2050823559353068,0.0
2012-01-09 22:37:00,0.1032278339495128,0.828212500327521,0.2105008225567703,0.0
2012-01-09 22:38:00,0.1347302647232055,0.8072613644304479,0.2163295519031667,0.0
2012-01-09 22:39:00,0.1677984450883635,0.7854245179121857,0.2225372994736624,0.0
2012-01-09 22:40:00,0.2022525572354546,0.7628507814621762,0.2290885039415137,0.0
2012-01-09 22:41:00,0.2378917223551031,0.7397014372008633,0.2359436978353707,0.0
2012-01-09 22:42:00,0.2744963572580691,0.716148169128371,0.2430599928013467,0.0
2012-01-09 22:43:00,0.3118309998856678,0.6923707107130631,0.2503916351568047,0.0
2012-01-09 22:44:00,0.3496475641914329,0.6685542324675019,0.2578906247000143,0.0
2012-01-09 22:45:00,0.387688965438012,0.6448865153920675,0.2655073866149455,0.0
2012-01-09 22:46:00,0.4256930354344115,0.6215549705131077,0.2731914828037269,0.0
2012-01-09 22:47:00,0.4633966250741385,0.5987435793581556,0.280892345357218,0.0
2012-01-09 22:48:00,0.5005397731218812,0.5766298419538721,0.2885600119115297,0.0
2012-01-09 22:49:00,0.5368698121056227,0.5553818231657134,0.2961458413818196,0.0
2012-01-09 22:50:00,0.5721452882291036,0.5351553823519737,0.3036031895470827,0.0
2012-01-09 22:51:00,0.606139589715336,0.5160916576533057,0.3108880267440158,0.0
2012-01-09 22:52:00,0.6386442003004498,0.4983148598923901,0.3179594835781105,0.0
2012-01-09 22:53:00,0.6694715165371631,0.4819304158094995,0.3247803143432716,0.0
2012-01-09 22:54:00,0.6984571872171752,0.4670234873060841,0.3313172714086007,0.0
2012-01-09 22:55:00,0.7254619504281121,0.4536578822497675,0.3375413870518443,0.0
2012-01-09 22:56:00,0.7503729587222606,0.4418753628224463,0.3434281620500533,0.0
2012-01-09 22:57:00,0.7731045957703028,0.4316953491149047,0.3489576627725556,0.0
2012-01-09 22:58:00,0.7935987988643992,0.4231150085014224,0.3541145305671976,0.0
2012-01-09 22:59:00,0.8118249108744447,0.4161097151144275,0.3588879089036825,0.0
2012-01-09 23:00:00,0.8277790928943728,0.4106338583525937,0.3632712950594831,0.0
2012-01-09 23:01:00,0.8414833349815285,0.4066219746807315,0.3672623241301609,0.004150012732350827
2012-01-09 23:02:00,0.8529841072289552,0.4039901729155988,0.3708624938451816,0.014065548344198708
2012-01-09 23:03:00,0.8623506970460997,0.4026378196679866,0.3740768391016601,0.02259445533171811
2012-01-09 23:04:00,0.869673281050009,0.4024494486245524,0.3769135653261367,0.02973832122406428
2012-01-09 23:05:00,0.8750607814156526,0.4032968549984054,0.3793836497859331,0.03552483222193792
2012-01-09 23:06:00,0.8786385568694788,0.4050413349410155,0.3815004198564423,0.04000325335025856
2012-01-09 23:07:00,0.8805459776949798,0.407536029187413,0.3832791170601028,0.04324000857665711
2012-01-09 23:08:00,0.88093393219544,0.4106283307684453,0.3847364554445944,0.04531447855230164
2012-01-09 23:09:00,0.879962309213965,0.4141623180970463,0.3858901825451857,0.04631511713892844
2012-01-09 23:10:00,0.8777974978324151,0.4179811767739561,0.3867586507539459,0.04633597150781488
2012-01-09 23:11:00,0.874609941536609,0.4219295757232133,0.387360406388024,0.04547367309834094
2012-01-09 23:12:00,0.8705717801372964,0.4258559655532578,0.3877138031242721,0.043824947441766016
2012-01-09 23:13:00,0.8658546086769326,0.4296147692824631,0.3878366457768901,0.04148466967122322
2012-01-09 23:14:00,0.8606273784774762,0.4330684377956724,0.3877458696639392,0.038544469842886286
2012-01-09 23:15:00,0.8550544614306475,0.4360893446567969,0.3874572600411123,0.035091868818519556
2012-01-09 23:16:00,0.8492938946517703,0.4385614972028903,0.3869852152695372,0.031209902570191073
2012-01-09 23:17:00,0.8434958187627762,0.4403820431714428,0.3863425565468631,0.026977171711867642
2012-01-09 23:18:00,0.8378011193582908,0.4414625544723559,0.3855403862202016,0.022468235206397624
2012-01-09 23:19:00,0.8323402776340144,0.4417300721593956,0.3845879959577866,0.01775425376494466
2012-01-09 23:20:00,0.8272324327272297,0.4411278992380873,0.383492825368653,0.012903780401303022
2012-01-09 23:21:00,0.8225846550796239,0.439616130686471,0.3822604709693168,0.007983593516229792
2012-01-09 23:22:00,0.8184914271369382,0.4371719129474666,0.3808947446644695,0.0030594719555867567
2012-01-09 23:23:00,0.8150343249789461,0.4337894281599493,0.3793977801480679,0.0
2012-01-09 23:24:00,0.812281892028864,0.4294796015315343,0.3777701848856634,0.0
2012-01-09 23:25:00,0.8102896938049327,0.4242695335466624,0.3760112346466858,0.0
2012-01-09 23:26:00,0.8091005407123427,0.4182016622006582,0.3741191069371384,0.0
2012-01-09 23:27:00,0.8087448640819409,0.411332664218453,0.3720911491488666,0.0
2012-01-09 23:28:00,0.809241228993993,0.4037321083153102,0.3699241768000186,0.0
2012-01-09 23:29:00,0.8105969658396456,0.3954808780332297,0.3676147969039818,0.0
2012-01-09 23:30:00,0.8128089010300398,0.3866693865823716,0.3651597512868636,0.0
2012-01-09 23:31:00,0.8158641657048593,0.3773956114868827,0.3625562746004955,0.0
2012-01-09 23:32:00,0.8197410596296002,0.3677629827555945,0.3598024618781936,0.0
2012-01-09 23:33:00,0.8244099456570927,0.3578781647561387,0.3568976407610579,0.0
2012-01-09 23:34:00,0.8298341483864032,0.3478487785008084,0.3538427439202958,0.0
2012-01-09 23:35:00,0.83597082967977,0.3377811163901619,0.3506406775577742,0.0
2012-01-09 23:36:00,0.8427718144310391,0.3277779039027321,0.3472966819776121,0.0
2012-01-09 23:37:00,0.8501843428878431,0.3179361612943954,0.3438186799557923,0.0
2012-01-09 23:38:00,0.8581517304835223,0.3083452136890424,0.3402176080442635,0.0
2012-01-09 23:39:00,0.8666139215742682,0.2990848916606239,0.3365077252306573,0.0
2012-01-09 23:40:00,0.8755079289438911,0.2902239578593782,0.3327068927118337,0.0
2012-01-09 23:41:00,0.8847681561721048,0.281818788757421,0.3288368179702726,0.0
2012-01-09 23:42:00,0.8943266049498254,0.2739123340477766,0.324923255841672,0.0
2012-01-09 23:43:00,0.9041129741022278,0.266533369721191,0.3209961588542138,0.0
2012-01-09 23:44:00,0.9140546613098166,0.2596960546636654,0.3170897688776868,0.001740428552717388
2012-01-09 23:45:00,0.9240766822042024,0.2533997949097192,0.3132426420991916,0.008092318928726083
2012-01-09 23:46:00,0.9341015246309566,0.2476294144018822,0.3094975995583024,0.014719049455191868
2012-01-09 23:47:00,0.9440489584030256,0.2423556261920242,0.3059015959290978,0.021538286996985123
2012-01-09 23:48:00,0.9538358227851078,0.2375357935075759,0.3025054999306575,0.028462739973458717
2012-01-09 23:49:00,0.9633758152230504,0.2331149660481136,0.2993637806831344,0.03540051281481893
2012-01-09 23:50:00,0.972579305455532,0.2290271732706454,0.2965340955000495,0.0422554491537761
2012-01-09 23:51:00,0.9813531991311436,0.2251969532091048,0.294076776008795,0.04892750910981469
2012-01-09 23:52:00,0.9896008744221494,0.2215410924946258,0.2920542111054515,0.055313227693665645
2012-01-09 23:53:00,0.9972222138966154,0.2179705506584263,0.2905301270597145,0.061306298658657
2012-01-09 23:54:00,1.0041137521054837,0.2143925394867756,0.2895687670722469,0.06679832162348398
2012-01-09 23:55:00,1.0101689569880534,0.2107127261441261,0.289233974728556,0.07167974076152994
2012-01-09 23:56:00,1.015278660332046,0.206837526974992,0.2895881880645098,0.07584099166988922
2012-01-09 23:57:00,1.01933164918331,0.2026764573282337,0.2906913533273416,0.07917386008055782
2012-01-09 23:58:00,1.0222154263320191,0.1981445014137338,0.2925997699457013,0.08157304267623378
2012-01-09 23:59:00,1.02381714386008,0.1931644651020939,0.2953648806719578,0.08293788712665773
2012-01-10 00:00:00,1.024024709278361,0.1876692737217087,0.2990320232849742,0.08317427612631678
2012-01-10 00:01:00,1.0227280590792445,0.1816041763106708,0.3036391625939608,0.082196609097551
2012-01-10 00:02:00,1.0198205896538064,0.1749288174660815,0.3092156237122322,0.07992982559500761
2012-01-10 00:03:00,1.0152007305543298,0.1676191379280826,0.3157808496192652,0.07631140647308188
2012-01-10 00:04:00,1.008773640109046,0.1596690653719316,0.3233432078442086,0.07129328266100132
2012-01-10 00:05:00,1.0004529985113382,0.1510919575920221,0.3318988726269691,0.0648435770245177
2012-01-10 00:06:00,0.9901628688135584,0.1419217613743735,0.3414308100858123,0.05694810241778403
2012-01-10 00:07:00,0.9778395918676058,0.1322138518910081,0.3519078946827814,0.04761153888057712
2012-01-10 00:08:00,0.9634336772741392,0.1220455194776745,0.3632841855713989,0.03685821538762957
2012-01-10 00:09:00,0.946911648893185,0.111516073388175,0.375498391187806,0.024732427133131063
2012-01-10 00:10:00,0.9282578004442532,0.1007465359321705,0.3884735496788825,0.011298228708053415
2012-01-10 00:11:00,0.9074758142100112,0.0898789056327512,0.4021169514272411,0.0
2012-01-10 00:12:00,0.8845901939941871,0.0790749746695551,0.416320327981749,0.0
2012-01-10 00:13:00,0.8596474625398232,0.0685146935160989,0.430960329036937,0.0
2012-01-10 00:14:00,0.8327170738649042,0.0583940839380532,0.4458993056224187,0.0
2012-01-10 00:15:00,0.8038919925878101,0.0489227102976384,0.4609864133042023,0.0
2012-01-10 00:16:00,0.7732888953843121,0.0403207285101721,0.4760590439439635,0.0
2012-01-10 00:17:00,0.7410479543648397,0.0328155419881135,0.4909445883912197,0.0
2012-01-10 00:18:00,0.707332168582903,0.0266381042160399,0.5054625253642332,0.0
2012-01-10 00:19:00,0.6723262182755159,0.0220189179622156,0.5194268236869037,0.0
2012-01-10 00:20:00,0.6362348269004113,0.0191837915246869,0.5326486360026482,0.0
2012-01-10 00:21:00,0.5992806286127583,0.0183494229463166,0.5449392521153816,0.0
2012-01-10 00:22:00,0.5617015535894131,0.0197188937010454,0.5561132692338179,0.0
2012-01-10 00:23:00,0.5237477607345262,0.023477163411545,0.5659919246060622,0.0
2012-01-10 00:24:00,0.4856781669836077,0.0297866661024011,0.5744065233083776,0.0
2012-01-10 00:25:00,0.4477566446299457,0.0387831163158889,0.5812018804113701,0.0
2012-01-10 00:26:00,0.4102479819460511,0.050571640626978,0.5862396830977091,0.0
2012-01-10 00:27:00,0.3734137249044623,0.0652233564638632,0.589401666720449,0.0
2012-01-10 00:28:00,0.3375080333633625,0.0827725234806063,0.5905924931080906,0.0
2012-01-10 00:29:00,0.3027736878690475,0.1032143893067113,0.5897422230543813,0.0
2012-01-10 00:30:00,0.2694383719214911,0.1265038382087291,0.5868082878062059,0.0
2012-01-10 00:31:00,0.2377113334674701,0.1525549276394769,0.5817768828369163,0.0
2012-01-10 00:32:00,0.20778050447339,0.1812413662616833,0.5746637273505154,0.0
2012-01-10 00:33:00,0.1798101323584447,0.212397951495649,0.5655141532083057,0.0
2012-01-10 00:34:00,0.153938953088502,0.2458229481008809,0.554402507659792,0.0
2012-01-10 00:35:00,0.1302789133405328,0.2812813534937073,0.5414308761819995,0.0
2012-01-10 00:36:00,0.1089144290596,0.318508960925176,0.5267271553106894,0.0
2012-01-10 00:37:00,0.0899021508068564,0.3572170985309853,0.5104425305594763,0.0
2012-01-10 00:38:00,0.0732711931624084,0.3970978920148998,0.4927484406236533,0.0
2012-01-10 00:39:00,0.0590237765455729,0.4378298750761178,0.4738331335280039,0.0
2012-01-10 00:40:00,0.0471362255430824,0.4790837600505522,0.4538979383190689,0.0
2012-01-10 00:41:00,0.0375602678430925,0.5205281852696114,0.4331533823916503,0.0
2012-01-10 00:42:00,0.0302245805117995,0.5618352738221869,0.4118152786294221,0.0
2012-01-10 00:43:00,0.0250365337045856,0.6026858647629763,0.3901008921399931,0.0
2012-01-10 00:44:00,0.0218840851620936,0.6427743061821722,0.368225278764533,0.0
2012-01-10 00:45:00,0.0206377822010035,0.6818127265160665,0.346397870063152,0.0
2012-01-10 00:46:00,0.0211528316630779,0.7195347249946746,0.324819363235902,0.0
2012-01-10 00:47:00,0.0232712024334918,0.7556984440718891,0.3036789596094089,0.0
2012-01-10 00:48:00,0.0268237295289033,0.7900890061147284,0.2831519818961197,0.0
2012-01-10 00:49:00,0.031632193238811,0.822520313611371,0.2633978883937879,0.0
2012-01-10 00:50:00,0.0375113512633092,0.8528362267771349,0.2445586916071575,0.0
2012-01-10 00:51:00,0.04427090612646,0.8809111447907093,0.2267577794083778,0.0
2012-01-10 00:52:00,0.0517173942678441,0.9066500270898138,0.2100991287682431,0.0
2012-01-10 00:53:00,0.0596559870471067,0.9299878993173668,0.1946668952393568,0.0
2012-01-10 00:54:00,0.0678921973707586,0.9508888947669016,0.1805253556992673,0.0
2012-01-10 00:55:00,0.0762334887120639,0.9693448866680416,0.1677191773039955,0.0
2012-01-10 00:56:00,0.0844907859003262,0.985373769524694,0.156273982090921,0.0012600641431341764
2012-01-10 00:57:00,0.0924798891741783,0.99901744911991,0.1461971741297669,0.013884612404808871
2012-01-10 00:58:00,0.1000227946060654,1.0103396008838166,0.1374789944736051,0.024544358471779493
2012-01-10 00:59:00,0.1069489251057424,1.019423255236772,0.1300937683301649,0.03324064692459383
2012-01-10 01:00:00,0.113096276803023,1.0263682664203655,0.1240013087774163,0.039999476307543524
2012-01-10 01:01:00,0.1183124857027891,1.031288718363672,0.1191484419006468,0.04486870759187256
2012-01-10 01:02:00,0.1224558191092107,1.0343103174477415,0.1154706193370266,0.047915418506012664
2012-01-10 01:03:00,0.1253960954525405,1.0355678177694672,0.1128935857815992,0.049223449826196974
2012-01-10 01:04:00,0.1270155348670762,1.0352025198008876,0.1113350709496173,0.048891176968818284
2012-01-10 01:05:00,0.1272095412370658,1.0333598783170237,0.1107064777358125,0.0470295266656946
2012-01-10 01:06:00,0.1258874145374894,1.0301872502410423,0.110914540806752,0.04376024405057022
2012-01-10 01:07:00,0.1229729902396297,1.0258318077388375,0.1118629325554355,0.03921440029337031
2012-01-10 01:08:00,0.1184052004161172,1.020438636587025,0.1134537961769764,0.033531115347832374
2012-01-10 01:09:00,0.1121385490586714,1.0141490346318254,0.115589188519852,0.026856454979139466
2012-01-10 01:10:00,0.1041434921137543,1.007099020135101,0.1181724182597249,0.019342446748922493
2012-01-10 01:11:00,0.0944067109482502,0.9994180550428052,0.1211092677781045,0.01114614698339178
2012-01-10 01:12:00,0.0829312664724728,0.9912279837765108,0.1243090898667342,0.002428681056099169
2012-01-10 01:13:00,0.0697366200568933,0.9826421840986364,0.1276857729870091,0.0
2012-01-10 01:14:00,0.0548585067693791,0.9737649229860984,0.1311585712630093,0.0
2012-01-10 01:15:00,0.0383486464315028,0.9646909073065024,0.1346527976586443,0.0
2012-01-10 01:16:00,0.0202742786634504,0.9555050164582792,0.13810038087499,0.0
2012-01-10 01:17:00,0.0007175095811567,0.9462822020360716,0.1414402883945137,0.0
2012-01-10 01:18:00,-0.0202255397690357,0.9370875380338072,0.1446188197822318,0.0
2012-01-10 01:19:00,-0.0424457897283953,0.9279764041148716,0.1475897758174079,0.0
2012-01-10 01:20:00,-0.0658224650832338,0.9189947840712424,0.1503145102681684,0.0
2012-01-10 01:21:00,-0.0902245611509109,0.9101796617625362,0.1527618721463536,0.0
2012-01-10 01:22:00,-0.11551250214982,0.901559497564858,0.1549080471149032,0.0
2012-01-10 01:23:00,-0.1415399726239962,0.8931547696588444,0.1567363073872422,0.0
2012-01-10 01:24:00,-0.1681558927033086,0.8849785663380675,0.1582366799714317,0.0
2012-01-10 01:25:00,-0.1952064966439035,0.8770372178763833,0.1594055434784533,0.0
2012-01-10 01:26:00,-0.2225374625034179,0.8693309590985319,0.1602451639234176,0.0
2012-01-10 01:27:00,-0.2499960319059894,0.8618546159938585,0.1607631799690332,0.0
2012-01-10 01:28:00,-0.2774330564802297,0.8545983107104714,0.1609720478877788,0.0
2012-01-10 01:29:00,-0.3047049131729152,0.8475481788960302,0.1608884562272696,0.0
2012-01-10 01:30:00,-0.3316752416736237,0.8406870923167697,0.1605327198589877,0.0
2012-01-10 01:31:00,-0.3582164694723406,0.8339953788856365,0.1599281628171225,0.0
2012-01-10 01:32:00,-0.3842111010231133,0.8274515320825268,0.1591004990661216,0.0
2012-01-10 01:33:00,-0.4095527564389409,0.8210329022541464,0.1580772200444054,0.0
2012-01-10 01:34:00,-0.4341469521497505,0.8147163633522626,0.1568869975153474,0.0
2012-01-10 01:35:00,-0.4579116211824935,0.8084789502086419,0.1555591099211579,0.0
2012-01-10 01:36:00,-0.4807773746914243,0.8022984631068087,0.1541229000611442,0.0
2012-01-10 01:37:00,-0.5026875103033686,0.7961540373844742,0.1526072714175078,0.0
2012-01-10 01:38:00,-0.5235977781556022,0.7900266752412489,0.1510402297012048,0.0
2012-01-10 01:39:00,-0.5434759224318862,0.7838997349043463,0.149448475135852,0.0
2012-01-10 01:40:00,-0.5623010234125958,0.7777593699346571,0.1478570497332869,0.0
2012-01-10 01:41:00,-0.5800626709560571,0.7715949098301036,0.1462890424901674,0.0
2012-01-10 01:42:00,-0.5967600042923634,0.7653991724899689,0.1447653541431153,0.0
2012-01-10 01:43:00,-0.6124006552109144,0.7591686993132482,0.1433045218901077,0.0
2012-01-10 01:44:00,-0.6269996324611307,0.7529039044951364,0.1419226033299699,0.0
2012-01-10 01:45:00,-0.6405781846409874,0.7466091313745785,0.1406331177986624,0.0
2012-01-10 01:46:00,-0.6531626771252383,0.7402926104491567,0.1394470422934217,0.0
2012-01-10 01:47:00,-0.664783515773605,0.7339663158981705,0.1383728582724079,0.0
2012-01-10 01:48:00,-0.6754741463414328,0.7276457201287025,0.1374166447954775,0.0023058169362042413
2012-01-10 01:49:00,-0.6852701537592815,0.7213494489790337,0.1365822127269317,0.004288261411538041
2012-01-10 01:50:00,-0.6942084798106158,0.7150988437831355,0.1358712740482215,0.0058592212295069945
2012-01-10 01:51:00,-0.7023267712796802,0.7089174405204942,0.1352836397210215,0.007039470083688437
2012-01-10 01:52:00,-0.7096628634422479,0.7028303807292263,0.134817438991005,0.007852998051369298
2012-01-10 01:53:00,-0.7162543960162858,0.6968637735954233,0.1344693525268349,0.00832608095362386
2012-01-10 01:54:00,-0.7221385510233271,0.6910440329953632,0.1342348513800355,0.008486458876661107
2012-01-10 01:55:00,-0.7273518958406473,0.6853972158768084,0.1341084335553564,0.008362631132935006
2012-01-10 01:56:00,-0.7319303115343306,0.6799483879463528,0.1340838502164753,0.007983268761173612
2012-01-10 01:57:00,-0.7359089864624991,0.6747210394761595,0.1341543143889533,0.007376740617541788
2012-01-10 01:58:00,-0.7393224566178168,0.6697365699654612,0.1343126864148119,0.00657074552187753
2012-01-10 01:59:00,-0.7422046757177685,0.6650138568364873,0.1345516320976645,0.005592040611898996
2012-01-10 02:00:00,-0.7445890994226526,0.660568920198038,0.1348637511263752,0.004466254624074351
2012-01-10 02:01:00,-0.7465087698416248,0.6564146921471081,0.135241674736854,0.0032177740165231228
2012-01-10 02:02:00,-0.7479963889105492,0.6525608949009715,0.135678132589251,0.001869689650348061
2012-01-10 02:03:00,-0.7490843719309882,0.649014027796077,0.1361659895740062,0.0004437921562603364
2012-01-10 02:04:00,-0.7498048751265902,0.6457774593622752,0.1366982538378195,0.0
2012-01-10 02:05:00,-0.7501897933165519,0.6428516174459428,0.1372680578320644,0.0
2012-01-10 02:06:00,-0.7502707256347334,0.6402342677918558,0.1378686146769864,0.0
2012-01-10 02:07:00,-0.7500789085797352,0.6379208696635595,0.1384931526107038,0.0
2012-01-10 02:08:00,-0.7496451166161354,0.6359049959113905,0.1391348307367079,0.0
2012-01-10 02:09:00,-0.7489995311808372,0.6341788042271055,0.1397866396854705,0.0
2012-01-10 02:10:00,-0.7481715793859197,0.6327335460254649,0.1404412911639782,0.0
2012-01-10 02:11:00,-0.7471897440259336,0.6315600993788623,0.1410911006831651,0.0
2012-01-10 02:12:00,-0.746081346753206,0.6306495126331099,0.1417278680274457,0.0
2012-01-10 02:13:00,-0.744872306524146,0.629993545700595,0.1423427602622677,0.0
2012-01-10 02:14:00,-0.7435868756814563,0.6295851965155433,0.1429262022631278,0.0
2012-01-10 02:15:00,-0.7422473564014712,0.6294192006424657,0.1434677798859051,0.0
2012-01-10 02:16:00,-0.7408738008733503,0.629492492335338,0.1439561609659142,0.0
2012-01-10 02:17:00,-0.7394836996573624,0.629804615241939,0.1443790393097105,0.0
2012-01-10 02:18:00,-0.7380916641195615,0.6303580705291773,0.1447231067244893,0.0
2012-01-10 02:19:00,-0.7367091102771459,0.631158589928206,0.1449740579301495,0.0
2012-01-10 02:20:00,-0.7353439524050515,0.6322153215215057,0.1451166329180147,0.0
2012-01-10 02:21:00,-0.7340003151867068,0.6335409171659236,0.1451347009139205,0.0
2012-01-10 02:22:00,-0.7326782730877801,0.6351515121687863,0.1450113895202184,0.0
2012-01-10 02:23:00,-0.7313736251264519,0.6370665900280248,0.1447292618505259,0.0
2012-01-10 02:24:00,-0.7300777125089768,0.6393087274770953,0.1442705435808807,0.0
2012-01-10 02:25:00,-0.7287772859201214,0.6419032174940709,0.1436174008588077,0.0
2012-01-10 02:26:00,-0.7274544287165667,0.644877570214224,0.1427522689382639,0.0
2012-01-10 02:27:00,-0.7260865417927583,0.6482608938829039,0.1416582302445633,0.0
2012-01-10 02:28:00,-0.7246463953203721,0.65208316022645,0.1403194393465469,0.0
2012-01-10 02:29:00,-0.7231022518239174,0.6563743609548887,0.1387215910521199,0.0
2012-01-10 02:30:00,-0.7214180641441097,0.6611635645152529,0.1368524265615501,0.0
2012-01-10 02:31:00,-0.7195537507722625,0.6664778846447215,0.1347022713320432,0.0
2012-01-10 02:32:00,-0.7174655498482891,0.6723413746644911,0.1322645970694617,0.0
2012-01-10 02:33:00,-0.7151064518708001,0.6787738637151893,0.1295365991136456,0.0
2012-01-10 02:34:00,-0.7124267099225059,0.6857897531879653,0.126519779453429,0.0
2012-01-10 02:35:00,-0.709374424962108,0.6933967934328584,0.1232205247147424,0.0
2012-01-10 02:36:00,-0.7058962024569294,0.7015948624205574,0.1196506677238092,0.002417618512757569
2012-01-10 02:37:00,-0.7019378753523181,0.7103747693498672,0.1158280206650655,0.005368203273900196
2012-01-10 02:38:00,-0.6974452870890797,0.7197171072136778,0.1117768674240335,0.008422883015812843
2012-01-10 02:39:00,-0.6923651269548314,0.7295911791661795,0.1075284024131876,0.011550846505408607
2012-01-10 02:40:00,-0.6866458083270367,0.7399540243101462,0.1031211030232001,0.014715913975232642
2012-01-10 02:41:00,-0.6802383783507694,0.750749569222808,0.0986010228544397,0.017875890655367543
2012-01-10 02:42:00,-0.673097445494395,0.7619079319750514,0.0940219931118846,0.020981881879551745
2012-01-10 02:43:00,-0.6651821094575184,0.7733449053777947,0.0894457200271596,0.02397759655537457
2012-01-10 02:44:00,-0.6564568762023894,0.7849616455995062,0.0849417669220157,0.026798675078770318
2012-01-10 02:45:00,-0.6468925395178021,0.79664459108768,0.0805874105549502,0.02937208672714653
2012-01-10 02:46:00,-0.6364670095488286,0.8082656348735772,0.0764673626980279,0.03161564951274709
2012-01-10 02:47:00,-0.6251660681532466,0.8196825708519929,0.0726733494710805,0.03343773177297349
2012-01-10 02:48:00,-0.6129840307732344,0.8307398315375086,0.069303542808696,0.03473719887312776
2012-01-10 02:49:00,-0.5999242947617037,0.8412695311246539,0.0664618405431421,0.035403669924153114
2012-01-10 02:50:00,-0.5859997548750021,0.8510928233906566,0.0642569939411041,0.03531814820903678
2012-01-10 02:51:00,-0.5712330680764751,0.8600215790236536,0.0628015841115218,0.03435408512622895
2012-01-10 02:52:00,-0.5556567519606683,0.8678603813470296,0.0622108514693012,0.03237893118361668
2012-01-10 02:53:00,-0.5393131039885904,0.8744088332329707,0.0626013853473898,0.02925621942112433
2012-01-10 02:54:00,-0.5222539323163266,0.8794641613458594,0.0640896838475843,0.024848217292358532
2012-01-10 02:55:00,-0.5045400934256405,0.882824096710781,0.0667905970625201,0.019019173255895305
2012-01-10 02:56:00,-0.4862408374586184,0.8842900026158095,0.0708156698473636,0.011639174723210077
2012-01-10 02:57:00,-0.4674329700306129,0.8836702111387983,0.0762714033503955,0.0025886247583137845
2012-01-10 02:58:00,-0.4481998500763969,0.8807835173406274,0.0832574575571533,0.0
2012-01-10 02:59:00,-0.4286302557782087,0.8754627662571307,0.0918648202253248,0.0
2012-01-10 03:00:00,-0.4088171610144121,0.8675584552844574,0.1021739707917855,0.0
2012-01-10 03:01:00,-0.3888564690067028,0.8569422665513444,0.1142530710039986,0.0
2012-01-10 03:02:00,-0.3688457469904086,0.8435104412684742,0.1281562169720079,0.0
2012-01-10 03:03:00,-0.3488829982492734,0.8271869093963437,0.1439217898568786,0.0
2012-01-10 03:04:00,-0.3290654989601377,0.8079260914106025,0.1615709443355444,0.0
2012-01-10 03:05:00,-0.3094887188636508,0.785715293481106,0.1811062751648389,0.0
2012-01-10 03:06:00,-0.2902453373825066,0.7605766228477245,0.2025107024819323,0.0
2012-01-10 03:07:00,-0.2714243605274299,0.7325683567041308,0.2257466158069804,0.0
2012-01-10 03:08:00,-0.2531103387814802,0.7017857056644285,0.2507553149409238,0.0
2012-01-10 03:09:00,-0.2353826821518596,0.6683609220611911,0.2774567829601357,0.0
2012-01-10 03:10:00,-0.2183150657221095,0.632462714084739,0.3057498221819918,0.0
2012-01-10 03:11:00,-0.2019749173000267,0.5942949393008498,0.335512578193069,0.0
2012-01-10 03:12:00,-0.1864229781002405,0.5540945655513866,0.3666034696787773,0.0
2012-01-10 03:13:00,-0.1717129277879867,0.5121289038130332,0.3988625327625,0.0
2012-01-10 03:14:00,-0.1578910666069941,0.4686921364147661,0.4321131777578853,0.0
2012-01-10 03:15:00,-0.1449960496824473,0.4241011852339466,0.4661643435722127,0.0
2012-01-10 03:16:00,-0.1330586718930172,0.3786909882278507,0.5008130203910015,0.0
2012-01-10 03:17:00,-0.1221017058748751,0.3328092789932433,0.5358470946659273,0.0
2012-01-10 03:18:00,-0.1121398003692463,0.2868109926661938,0.5710484520394711,0.0
2012-01-10 03:19:00,-0.1031794499589785,0.2410524502355505,0.6061962551968969,0.0
2012-01-10 03:20:00,-0.095219048099936,0.1958854963097878,0.6410702987794362,0.0
2012-01-10 03:21:00,-0.0882490319332616,0.1516517739075522,0.6754543376520781,0.0
2012-01-10 03:22:00,-0.0822521210526775,0.108677308579733,0.7091392901128153,0.0
2012-01-10 03:23:00,-0.0772036463765706,0.0672675461181209,0.7419262309130319,0.0
2012-01-10 03:24:00,-0.0730719616404046,0.0277029522790049,0.7736291050579255,0.0
2012-01-10 03:25:00,-0.0698189286255353,-0.0097647522458072,0.8040771091698403,0.0
2012-01-10 03:26:00,-0.0674004669392252,-0.044915678551507,0.833116702122593,0.0
2012-01-10 03:27:00,-0.0657671591975963,-0.0775641588010495,0.8606132208495018,0.0
2012-01-10 03:28:00,-0.0648649026280766,-0.1075604371456736,0.8864520905240658,0.0
2012-01-10 03:29:00,-0.0646355984147131,-0.1347916755068584,0.9105396301986526,0.0
2012-01-10 03:30:00,-0.0650178705766071,-0.1591822992441466,0.9328034650438914,0.0
2012-01-10 03:31:00,-0.0659478066797277,-0.180693718025799,0.9531925645412777,0.0
2012-01-10 03:32:00,-0.0673597129756228,-0.1993234658379767,0.9716769326262564,0.0
2012-01-10 03:33:00,-0.0691868764193409,-0.2151038106793687,0.9882469810744716,0.013749756517977163
2012-01-10 03:34:00,-0.0713623254268416,-0.228099889454718,1.002912621253281,0.030997510631673775
2012-01-10 03:35:00,-0.0738195803863484,-0.2384074278348752,1.0157021114885336,0.04591501154612154
2012-01-10 03:36:00,-0.0764933842038122,-0.2461501087381591,1.0266606978752628,0.058524115181360026
2012-01-10 03:37:00,-0.0793204029200517,-0.2514766557341816,1.0358490860023672,0.06888519667482851
2012-01-10 03:38:00,-0.0822398868378367,-0.2545576978624999,1.0433417803574976,0.07709103197812794
2012-01-10 03:39:00,-0.0851942835320108,-0.255582479820655,1.0492253273291856,0.0832609369154067
2012-01-10 03:40:00,-0.088129795412994,-0.2547554770368821,1.0535964966152385,0.08753519097072426
2012-01-10 03:41:00,-0.0909968760133472,-0.2522929698000472,1.0565604343336243,0.09006978008473077
2012-01-10 03:42:00,-0.0937506605907539,-0.2484196248195114,1.0582288192070823,0.09103149824241341
2012-01-10 03:43:00,-0.0963513275516444,-0.2433651264322689,1.0587180509534695,0.09059345060341895
2012-01-10 03:44:00,-0.098764387297524,-0.2373608934368294,1.0581474975324272,0.08893100078265892
2012-01-10 03:45:00,-0.1009608946492826,-0.2306369117457261,1.0566378251503057,0.08621820130504054
2012-01-10 03:46:00,-0.1029175807278877,-0.2234187081799615,1.0543094318566932,0.08262473908998924
2012-01-10 03:47:00,-0.1046169005111526,-0.2159244868513977,1.0512810022233985,0.07831341711509499
2012-01-10 03:48:00,-0.1060469931646824,-0.2083624463827686,1.047668197123033,0.07343817944253739
2012-01-10 03:49:00,-0.1072015534953507,-0.2009282933886564,1.043582489136618,0.06814267014686481
2012-01-10 03:50:00,-0.1080796144779818,-0.1938029652627152,1.039130150663631,0.0625592983116523
2012-01-10 03:51:00,-0.1086852427451556,-0.1871505738753509,1.0344113984020396,0.05680876247148392
2012-01-10 03:52:00,-0.1090271511845341,-0.1811165817992477,1.029519694517532,0.050999970170090725
2012-01-10 03:53:00,-0.1091182352902089,-0.1758262242562232,1.02454120155222,0.045230273235097096
2012-01-10 03:54:00,-0.1089750424060563,-0.1713831926960335,1.019554385035126,0.03958592845923126
2012-01-10 03:55:00,-0.1086171852008411,-0.1678685990189033,1.014629755020849,0.034142688042221314
2012-01-10 03:56:00,-0.1080667125973415,-0.1653402420330297,1.0098297355454315,0.028966425496426584
2012-01-10 03:57:00,-0.1073474529647777,-0.1638321987456571,1.0052086493430614,0.02411371132211859
2012-01-10 03:58:00,-0.1064843454525916,-0.1633547615972084,1.000812804186434,0.019632268509809814
2012-01-10 03:59:00,-0.1055027756434418,-0.1638947387314473,0.996680666912418,0.01556126001797753
2012-01-10 04:00:00,-0.1044279312997767,-0.1654161288763954,0.9928431114786532,0.01193138726823606
2012-01-10 04:01:00,-0.1032841931472425,-0.167861176348732,0.9893237281203112,0.008764808119875234
2012-01-10 04:02:00,-0.1020945745790897,-0.1711518050110118,0.9861391817333134,0.006074911856299936
2012-01-10 04:03:00,-0.1008802229111222,-0.1751914219284999,0.9832996089379904,0.0038660142815534204
2012-01-10 04:04:00,-0.0996599932759625,-0.1798670712733296,0.980809044818006,0.002133055030627773
2012-01-10 04:05:00,-0.0984501043249213,-0.1850519064990184,0.9786658720065357,0.0008613890898290233
2012-01-10 04:06:00,-0.0972638826439111,-0.1906079348169326,0.976863286459608,2.6763699257470464e-05
2012-01-10 04:07:00,-0.0961116003269779,-0.1963889749918358,0.9753897756807332,0.0
2012-01-10 04:08:00,-0.0950004075822886,-0.2022437605723128,0.9742296061883604,0.0
2012-01-10 04:09:00,-0.0939343596039955,-0.2080191173247447,0.9733633177952355,0.0
2012-01-10 04:10:00,-0.0929145343293177,-0.2135631446151062,0.9727682230599471,0.00026013777553579587
2012-01-10 04:11:00,-0.0919392352774538,-0.2187283340111434,0.9724189109445742,0.0009462750044704205
2012-01-10 04:12:00,-0.0910042714511751,-0.223374564193989,0.972287753699178,0.001759177319882177
2012-01-10 04:13:00,-0.0901033041466345,-0.2273719195114291,0.9723454150162189,0.00263263526753188
2012-01-10 04:14:00,-0.0892282485578701,-0.2306032888135822,0.9725613561134924,0.003501444223007022
2012-01-10 04:15:00,-0.0883697166354093,-0.2329667094783901,0.9729043354778428,0.004303510167615654
2012-01-10 04:16:00,-0.0875174868753368,-0.2343774279214599,0.9733428978460428,0.004981833674313707
2012-01-10 04:17:00,-0.0866609862335591,-0.2347696527784041,0.9738458483792838,0.005486276786626609
2012-01-10 04:18:00,-0.0857897688326252,-0.2340979806076751,0.974382708655006,0.005775030455028141
2012-01-10 04:19:00,-0.0848939757204103,-0.2323384766029606,0.9749241518808672,0.005815717089582284
2012-01-10 04:20:00,-0.0839647603382956,-0.2294893953604688,0.9754424153657204,0.005586082469368536
2012-01-10 04:21:00,-0.0829946661996465,-0.2255715301062834,0.9759116885751032,0.005074252833883852
2012-01-10 04:22:00,-0.08197794651498,-0.2206281825499177,0.9763084751671794,0.0042785556474636
2012-01-10 04:23:00,-0.0809108193683327,-0.2147247486468316,0.9766119274466966,0.0032069254164126537
2012-01-10 04:24:00,-0.0797916556821047,-0.2079479182359678,0.976804151589216,0.001875938216450157
2012-01-10 04:25:00,-0.07862110014226,-0.2004044904814629,0.9768704814467823,0.0003095394500556292
2012-01-10 04:26:00,-0.0774021274117925,-0.1922198133615033,0.976799717720166,0.0
2012-01-10 04:27:00,-0.0761400373732872,-0.1835358631074589,0.9765843282607,0.0
2012-01-10 04:28:00,-0.0748423939117831,-0.1745089868890834,0.976220604748192,0.0
2012-01-10 04:29:00,-0.0735189121043227,-0.1653073387219437,0.9757087710306148,0.0
2012-01-10 04:30:00,-0.0721812988824197,-0.1561080449341813,0.9750530387852566,0.0
2012-01-10 04:31:00,-0.0708430525032288,-0.1470941420785516,0.9742616066277396,0.0
2012-01-10 04:32:00,-0.0695192267479696,-0.1384513376113003,0.973346599072664,0.0
2012-01-10 04:33:00,-0.0682261667620069,-0.1303646523955133,0.9723239416880588,0.0
2012-01-10 04:34:00,-0.0669812244692709,-0.123015013272101,0.9712131686659468,0.0
2012-01-10 04:35:00,-0.0658024617367649,-0.1165758714927563,0.9700371594382792,0.0
2012-01-10 04:36:00,-0.0647083484066582,-0.1112099265485881,0.9688218023197388,0.0
2012-01-10 04:37:00,-0.0637174602048507,-0.1070660337897431,0.9675955854151108,0.0
2012-01-10 04:38:00,-0.0628481791136394,-0.1042763687260693,0.9663891178043356,0.0
2012-01-10 04:39:00,-0.0621183966573497,-0.1029539123275098,0.9652345868381772,0.0
2012-01-10 04:40:00,-0.0615452189539872,-0.1031903102655691,0.9641651596756696,0.0
2012-01-10 04:41:00,-0.0611446714790483,-0.1050541432631454,0.9632143382613154,0.0
2012-01-10 04:42:00,-0.0609314013642473,-0.1085896245060346,0.9624152763990612,0.0
2012-01-10 04:43:00,-0.0609183755664087,-0.1138157163942143,0.96180006607109,0.0
2012-01-10 04:44:00,-0.0611165740417277,-0.1207256392398134,0.9613989990631856,0.0
2012-01-10 04:45:00,-0.0615346779853721,-0.1292867340708058,0.96123981017892,0.0
2012-01-10 04:46:00,-0.0621787544347975,-0.1394406411858634,0.961346909503632,0.0
2012-01-10 04:47:00,-0.0630519402847517,-0.1511037628414874,0.961740612421192,0.0
2012-01-10 04:48:00,-0.064154130844447,-0.1641679888623586,0.9624363770138836,0.0
2012-01-10 04:49:00,-0.0654816799847293,-0.1785016747566479,0.9634440593711951,0.0
2012-01-10 04:50:00,-0.0670271202047994,-0.1939508701290862,0.9647671985100572,0.0
2012-01-10 04:51:00,-0.068778911341757,-0.2103407979170267,0.9664023439990528,0.0
2012-01-10 04:52:00,-0.0707212261223789,-0.2274775800637765,0.96833844071295,0.0
2012-01-10 04:53:00,-0.0728337795820767,-0.2451501934189648,0.9705562862797408,0.003684652477404571
2012-01-10 04:54:00,-0.0750917081151514,-0.2631326254459629,0.9730280777493362,0.010772567539456324
2012-01-10 04:55:00,-0.0774655031234391,-0.2811861884223975,0.975717064772126,0.018376338698625094
2012-01-10 04:56:00,-0.0799210041046695,-0.2990619465796489,0.9785773268414376,0.026371764711618173
2012-01-10 04:57:00,-0.0824194564267962,-0.3165032129934588,0.9815536915710904,0.034608573359851125
2012-01-10 04:58:00,-0.0849176396714461,-0.3332480799022453,0.9845818094214672,0.04291256955199896
2012-01-10 04:59:00,-0.0873680730070206,-0.3490319551758002,0.9875883978526526,0.051088640166932375
2012-01-10 05:00:00,-0.0897193043787579,-0.3635900873451251,0.990491664739922,0.058924474697372276
2012-01-10 05:01:00,-0.091916290315394,-0.3766600708562849,0.9932019173310996,0.06619485179444462
2012-01-10 05:02:00,-0.0939008728267645,-0.3879843309442591,0.9956223594946,0.07266634966399832
2012-01-10 05:03:00,-0.0956123588764963,-0.3973125929722321,0.9976500767742612,0.07810235849474689
2012-01-10 05:04:00,-0.0969882053671677,-0.4044043437985751,0.999177205779199,0.08226830028982546
2012-01-10 05:05:00,-0.09796480777627,-0.409031291725508,1.000092281582175,0.08493699026879864
2012-01-10 05:06:00,-0.0984783843550065,-0.4109798257747816,1.00028175396039,0.08589410012446264
2012-01-10 05:07:00,-0.0984659422288675,-0.41005346565305,0.9996316600277174,0.08494370462382328
2012-01-10 05:08:00,-0.0978663081713148,-0.4060752848157429,0.9980294365017984,0.08191390939268683
2012-01-10 05:09:00,-0.0966212049028963,-0.3988902840030766,0.9953658496316126,0.07666257040997038
2012-01-10 05:10:00,-0.0946763525373288,-0.3883676918301072,0.9915370154537896,0.06908312530047267
2012-01-10 05:11:00,-0.091982573874621,-0.374403170835541,0.986446478083624,0.059110561911216664
2012-01-10 05:12:00,-0.0884968816864734,-0.3569209103598946,0.9800073091696944,0.04672754828866066
2012-01-10 05:13:00,-0.0841835258994005,-0.335875590362592,0.972144187449196,0.03197073574086007
2012-01-10 05:14:00,-0.0790149786168887,-0.3112542006185367,0.9627954139279022,0.014937216446964552
2012-01-10 05:15:00,-0.0729728355931494,-0.2830776954943833,0.9519148161483694,0.0
2012-01-10 05:16:00,-0.0660486145805914,-0.2514024557878208,0.9394734946036608,0.0
2012-01-10 05:17:00,-0.0582444337943428,-0.2163215187256263,0.9254613654379716,0.0
2012-01-10 05:18:00,-0.0495735566601682,-0.1779655283338969,0.909888455792278,0.0
2012-01-10 05:19:00,-0.0400607911290372,-0.1365033524398956,0.8927859113065405,0.0
2012-01-10 05:20:00,-0.0297427328800272,-0.0921423093576385,0.8742066794015682,0.0
2012-01-10 05:21:00,-0.0186678419902609,-0.0451279463917657,0.8542258371065261,0.0
2012-01-10 05:22:00,-0.0068963427545354,0.0042566861457769,0.8329405383592329,0.0
2012-01-10 05:23:00,0.0055000630080489,0.0556923169595009,0.8104695628105849,0.0
2012-01-10 05:24:00,0.0184386771836404,0.1088253348482783,0.7869524561890477,0.0
2012-01-10 05:25:00,0.0318264863960228,0.1632702992925331,0.7625482612919552,0.0
2012-01-10 05:26:00,0.0455610440601954,0.2186130943855894,0.7374338487743415,0.0
2012-01-10 05:27:00,0.0595315490055656,0.2744147193712399,0.7118018682361373,0.0
2012-01-10 05:28:00,0.0736201088138398,0.3302156849145232,0.6858583528220187,0.0
2012-01-10 05:29:00,0.0877031673553825,0.3855409571538074,0.6598200246120683,0.0
2012-01-10 05:30:00,0.1016530672117423,0.4399053627009917,0.6339113625706458,0.0
2012-01-10 05:31:00,0.1153397104436647,0.4928193404669356,0.6083615071329183,0.0
2012-01-10 05:32:00,0.1286322773361784,0.543794907191569,0.5834010819875924,0.0
2012-01-10 05:33:00,0.1414009631702578,0.5923516990739776,0.5592590120935736,0.0
2012-01-10 05:34:00,0.1535186968534902,0.6380229618187762,0.5361594087079654,0.0
2012-01-10 05:35:00,0.1648628105399046,0.6803613794037086,0.5143185807340589,0.0
2012-01-10 05:36:00,0.1753166347083892,0.7189446511788123,0.4939422200866796,0.0
2012-01-10 05:37:00,0.1847709979181835,0.7533807441633749,0.4752227983804391,0.0
2012-01-10 05:38:00,0.1931256144881653,0.7833127618926052,0.4583372033091876,0.0
2012-01-10 05:39:00,0.2002903466812984,0.8084233830086249,0.4434446355173734,0.0
2012-01-10 05:40:00,0.2061863306850923,0.8284388322278003,0.4306847804574741,0.0
2012-01-10 05:41:00,0.210746957845845,0.8431323536042017,0.4201762645741419,0.0
2012-01-10 05:42:00,0.2139187043237254,0.8523271614244095,0.4120154010388684,0.0
2012-01-10 05:43:00,0.2156618036685671,0.8558988479113376,0.4062752270505254,0.0
2012-01-10 05:44:00,0.2159507578465397,0.853777229503307,0.4030048322786844,0.0
2012-01-10 05:45:00,0.2147746830421463,0.8459476151430648,0.4022289762181524,0.0
2012-01-10 05:46:00,0.2121374871837135,0.832451481103023,0.4039479909069135,0.0
2012-01-10 05:47:00,0.2080578766670353,0.8133865377375095,0.408137964493927,0.0
2012-01-10 05:48:00,0.202569190264691,0.7889061745452866,0.4147512003775862,0.0
2012-01-10 05:49:00,0.1957190587968771,0.7592182714031369,0.4237169459152622,0.0
2012-01-10 05:50:00,0.1875688898929973,0.7245833661481161,0.4349423838757249,0.0
2012-01-10 05:51:00,0.1781931781804151,0.6853121721886208,0.4483138787189933,0.0
2012-01-10 05:52:00,0.1676786425850199,0.6417624448486744,0.4636984682955565,0.0
2012-01-10 05:53:00,0.1561231942025613,0.594335202019132,0.4809455895154063,0.0
2012-01-10 05:54:00,0.1436347404811964,0.5434703137118941,0.4998890238044486,0.0
2012-01-10 05:55:00,0.1303298343214434,0.4896414865777425,0.5203490446018494,0.0
2012-01-10 05:56:00,0.1163321802247502,0.4333506836199625,0.5421347446296331,0.0
2012-01-10 05:57:00,0.1017710138800899,0.3751220364497896,0.5650465150814276,0.0
2012-01-10 05:58:00,0.0867793766353624,0.3154953276883689,0.588878642152203,0.0
2012-01-10 05:59:00,0.0714923121922321,0.2550191446223377,0.6134219784413968,0.0
2012-01-10 06:00:00,0.0560450194602516,0.1942438313586866,0.6384666380049132,0.0
2012-01-10 06:01:00,0.0405710020827261,0.1337143924432636,0.6638046555498136,0.0
2012-01-10 06:02:00,0.025200259962617,0.0739635193157829,0.6892325453119226,0.0
2012-01-10 06:03:00,0.010057569075566,0.0155049141296643,0.714553696571306,0.0
2012-01-10 06:04:00,-0.0047391077724827,-0.0411729291999078,0.7395805511747634,0.0
2012-01-10 06:05:00,-0.0190800434746531,-0.0956123539924436,0.7641365213556599,0.0
2012-01-10 06:06:00,-0.032864974797891,-0.1473914783996152,0.7880576201523821,0.0
2012-01-10 06:07:00,-0.0460041166901727,-0.1961283702065251,0.8111937896588212,0.0
2012-01-10 06:08:00,-0.0584189508770057,-0.2414844147144227,0.8334099233954998,0.0
2012-01-10 06:09:00,-0.070042783807057,-0.2831668561077954,0.8545865881502546,0.0
2012-01-10 06:10:00,-0.0808210748448617,-0.3209305143379955,0.8746204579934973,0.0
2012-01-10 06:11:00,-0.090711540319631,-0.3545786979133179,0.8934244792444953,0.0
2012-01-10 06:12:00,-0.0996840429266023,-0.3839633482053132,0.9109277899981028,0.0
2012-01-10 06:13:00,-0.1077202794544302,-0.4089844636400351,0.9270754211374176,0.018990081689605143
2012-01-10 06:14:00,-0.1148132829527993,-0.4295888627371473,0.9418278076268136,0.04152210737426287
2012-01-10 06:15:00,-0.1209667579964389,-0.4457683529338859,0.9551601399027656,0.06097750865728968
2012-01-10 06:16:00,-0.1261942695229827,-0.4575573770753869,0.96706158585124,0.0772612764810876
2012-01-10 06:17:00,-0.1305183070502619,-0.4650302117230989,0.9775344141009464,0.09034932798721762
2012-01-10 06:18:00,-0.1339692472428375,-0.4682977920258924,0.9865930487258368,0.10028015751320352
2012-01-10 06:19:00,-0.1365842389824915,-0.4675042379127573,0.9942630835775628,0.10714703005968351
2012-01-10 06:20:00,-0.1384060362506118,-0.4628231564534865,1.000580281394395,0.11109063740788527
2012-01-10 06:21:00,-0.1394818049634141,-0.4544537954134077,1.0055895789617129,0.1122921502006109
2012-01-10 06:22:00,-0.1398619300999941,-0.4426171231100469,1.0093441153363385,0.1109666153065112
2012-01-10 06:23:00,-0.1395988489772226,-0.4275519097594664,1.0119042955906223,0.10735666233128605
2012-01-10 06:24:00,-0.138745935503638,-0.4095108857189772,1.0133368976043562,0.10172649427502756
2012-01-10 06:25:00,-0.1373564586897582,-0.3887570515737857,1.0137142243550077,0.09435614429298522
2012-01-10 06:26:00,-0.1354826364241571,-0.3655602115986369,1.013113299702071,0.0855359833325191
2012-01-10 06:27:00,-0.1331748025250012,-0.3401937934829625,1.011615102684182,0.0755614632045114
2012-01-10 06:28:00,-0.1304807015955007,-0.31293200343861,1.009303834041779,0.06472807874893172
2012-01-10 06:29:00,-0.1274449224578593,-0.2840473494822514,1.006266208526343,0.05332653409574917
2012-01-10 06:30:00,-0.12410847694484,-0.2538085493857774,1.0025907669482772,0.04163810402692891
2012-01-10 06:31:00,-0.1205085266904241,-0.2224788243755108,0.99836720255668,0.02993019347985748
2012-01-10 06:32:00,-0.1166782565231564,-0.1903145649405058,0.9936856971866316,0.018452116678570052
2012-01-10 06:33:00,-0.1126468892315191,-0.1575643411492902,0.9886362636727426,0.0074311416191921165
2012-01-10 06:34:00,-0.1084398327477329,-0.1244682172639285,0.9833080923131552,0.0
2012-01-10 06:35:00,-0.1040789472106837,-0.0912573202017653,0.9777889005556732,0.0
2012-01-10 06:36:00,-0.0995829161779531,-0.0581536053430351,0.9721642862406716,0.0
2012-01-10 06:37:00,-0.0949677037347761,-0.0253697632801407,0.9665170853260115,0.0
2012-01-10 06:38:00,-0.0902470775749332,0.0068907830187588,0.9609267351031212,0.0
2012-01-10 06:39:00,-0.0854331774226919,0.0384338333311156,0.955468644115666,0.0
2012-01-10 06:40:00,-0.0805371084092088,0.0690743549230776,0.9502135710281814,0.0
2012-01-10 06:41:00,-0.0755695399939865,0.0986364527422102,0.9452270168148104,0.0
2012-01-10 06:42:00,-0.0705412923186808,0.126953401351317,0.9405686376363598,0.0
2012-01-10 06:43:00,-0.0654638928909363,0.1538677741285944,0.9362916892886384,0.0
2012-01-10 06:44:00,-0.0603500867339075,0.1792316997935331,0.9324425176592026,0.0
2012-01-10 06:45:00,-0.0552142828342178,0.2029072629672079,0.9290601125064352,0.0
2012-01-10 06:46:00,-0.0500729197577445,0.2247670435957693,0.9261757434241892,0.0
2012-01-10 06:47:00,-0.0449447343534459,0.2446947643791236,0.9238126968890203,0.0
2012-01-10 06:48:00,-0.0398509196828752,0.2625859949115428,0.9219861318087712,0.0
2012-01-10 06:49:00,-0.0348151617745287,0.2783488535691473,0.920703067779055,0.0
2012-01-10 06:50:00,-0.0298635495600933,0.2919046541456647,0.9199625151703013,0.0
2012-01-10 06:51:00,-0.0250243581037932,0.3031884590723364,0.9197557496110994,0.0
2012-01-10 06:52:00,-0.0203277114762644,0.3121495190960976,0.9200667261306597,0.0
2012-01-10 06:53:00,-0.0158051379323907,0.3187515963448615,0.9208726208918354,0.0
2012-01-10 06:54:00,-0.0114890358932834,0.322973180099636,0.9221444819478136,0.0
2012-01-10 06:55:00,-0.007412073650059,0.3248076094373417,0.9238479659034952,0.0
2012-01-10 06:56:00,-0.0036065477211316,0.3242631147849513,0.9259441355439376,0.0
2012-01-10 06:57:00,-0.0001037242473108,0.3213627853904749,0.9283902941950944,0.0
2012-01-10 06:58:00,0.0030668144540962,0.3161444653384455,0.9311408348050468,0.0
2012-01-10 06:59:00,0.0058777989335913,0.3086605776890474,0.9341480845100036,0.0
2012-01-10 07:00:00,0.0083048608532665,0.2989778738472489,0.9373631282855066,0.0
2012-01-10 07:01:00,0.010327066661271,0.2871771029849327,0.9407365980207428,0.0
2012-01-10 07:02:00,0.011927385351518,0.2733525943387743,0.94421941593906,0.0
2012-01-10 07:03:00,0.0130930812122735,0.2576117436625955,0.9477634836913812,0.0
2012-01-10 07:04:00,0.0138160245705951,0.2400743941692149,0.951322310654526,0.0
2012-01-10 07:05:00,0.0140929155205725,0.2208721020947355,0.9548515769617382,0.0
2012-01-10 07:06:00,0.0139254175062245,0.2001472777025679,0.9583096285679618,0.0
2012-01-10 07:07:00,0.0133201994429889,0.1780521942433906,0.961657903202342,0.0
2012-01-10 07:08:00,0.0122888868308573,0.1547478601973994,0.964861287387228,0.0
2012-01-10 07:09:00,0.0108479240580557,0.130402754126312,0.9678884058132556,0.0
2012-01-10 07:10:00,0.0090183518394984,0.1051914267433511,0.9707118452597698,0.0
2012-01-10 07:11:00,0.0068255055093426,0.0792929814709851,0.9733083159428564,0.0
2012-01-10 07:12:00,0.0042986417258996,0.0528894528934426,0.975658753663197,0.0
2012-01-10 07:13:00,0.0014705030601985,0.0261641120530633,0.977748366411588,0.0
2012-01-10 07:14:00,-0.0016231681965722,-0.0007002625139868,0.9795666291454204,0.0
2012-01-10 07:15:00,-0.0049441542763968,-0.0275231018510433,0.9811072302005084,0.0
2012-01-10 07:16:00,-0.0084523112108302,-0.054127705648879,0.9823679721404952,0.0
2012-01-10 07:17:00,-0.0121061312999593,-0.0803428070580957,0.9833506287294426,0.0
2012-01-10 07:18:00,-0.0158633091625626,-0.1060040240439286,0.9840607583515072,0.0
2012-01-10 07:19:00,-0.0196813039909069,-0.1309551958870778,0.9845074731425182,0.0
2012-01-10 07:20:00,-0.0235178919350301,-0.1550496160846339,0.9847031629706952,0.0
2012-01-10 07:21:00,-0.027331702751887,-0.1781511777654555,0.9846631744470826,0.0010226926632295186
2012-01-10 07:22:00,-0.0310827344989552,-0.200135445250153,0.9844054470688668,0.005024585295436923
2012-01-10 07:23:00,-0.0347328396359872,-0.2208906575126984,0.9839501109203737,0.00903759766709733
2012-01-10 07:24:00,-0.0382461755976107,-0.2403186584060055,0.9833190527298856,0.012981829544590262
2012-01-10 07:25:00,-0.0415896128923287,-0.258335737335675,0.9825354592432568,0.01678069304823948
2012-01-10 07:26:00,-0.0447330944182954,-0.2748733557121605,0.9816233484898153,0.02036307739797083
2012-01-10 07:27:00,-0.0476499411261079,-0.289878731273163,0.9806071002493736,0.023665219099166857
2012-01-10 07:28:00,-0.0503171010774568,-0.3033152541975554,0.9795109968299766,0.02663223551602001
2012-01-10 07:29:00,-0.0527153407152864,-0.3151627136910941,0.9783587844675776,0.029219293636074006
2012-01-10 07:30:00,-0.0548293783437414,-0.3254173191312376,0.9771732647044868,0.03139239941612337
2012-01-10 07:31:00,-0.0566479604943967,-0.3340915049320498,0.9759759241675068,0.033128805933972494
2012-01-10 07:32:00,-0.0581638823876049,-0.3412135132478924,0.9747866100766984,0.03441705033424025
2012-01-10 07:33:00,-0.0593739542420972,-0.3468267540128998,0.9736232573182086,0.03525664012957952
2012-01-10 07:34:00,-0.0602789156101826,-0.3509889476706251,0.9725016709999588,0.03565741881752782
2012-01-10 07:35:00,-0.0608833000998345,-0.3537710616360889,0.9714353663990684,0.03563864903404612
2012-01-10 07:36:00,-0.0611952528385426,-0.3552560561717057,0.970435466535672,0.03522785855431598
2012-01-10 07:37:00,-0.0612263029621457,-0.3555374585472541,0.9695106564873356,0.034459500245010766
2012-01-10 07:38:00,-0.0609910934452413,-0.3547177864514266,0.9686671928592424,0.03337348138340124
2012-01-10 07:39:00,-0.060507070986484,-0.3529068433920198,0.967908966221973,0.03201362037774058
2012-01-10 07:40:00,-0.0597941396290836,-0.3502199107839878,0.9672376136045416,0.030426089642015652
2012-01-10 07:41:00,-0.0588742832431653,-0.3467758636272591,0.9666526772943614,0.02865790199763918
2012-01-10 07:42:00,-0.0577711635134509,-0.3426952390963788,0.9661518052985376,0.026755494319190554
2012-01-10 07:43:00,-0.0565097011919839,-0.338098290182399,0.965730987833965,0.024763456128210626
2012-01-10 07:44:00,-0.055115648852563,-0.3331030598164542,0.9653848231876871,0.022723442602468724
2012-01-10 07:45:00,-0.0536151633948599,-0.3278235144428785,0.9651068054005446,0.02067330140353052
2012-01-10 07:46:00,-0.0520343866416549,-0.322367779648915,0.9648896255347192,0.018646431404673036
2012-01-10 07:47:00,-0.0503990431036369,-0.3168365243172329,0.9647254776178136,0.01667137947918329
2012-01-10 07:48:00,-0.0487340653425406,-0.3113215435802409,0.9646063595511288,0.014771669642228646
2012-01-10 07:49:00,-0.0470632584988716,-0.3059045928005992,0.9645243585114704,0.01296584757779251
2012-01-10 07:50:00,-0.0454090152442839,-0.3006565214460096,0.9644719102476016,0.011267713422181691
2012-01-10 07:51:00,-0.0437920900714855,-0.2956367443317316,0.9644420227175974,0.009686707318416365
2012-01-10 07:52:00,-0.0422314379936602,-0.2908930688990409,0.9644284567217496,0.008228406673413513
2012-01-10 07:53:00,-0.0407441185297563,-0.2864618748599311,0.9644258590708492,0.006895092145938975
2012-01-10 07:54:00,-0.0393452621131396,-0.2823686212318849,0.9644298468972397,0.005686341506824011
2012-01-10 07:55:00,-0.0380480929485721,-0.2786286383679725,0.9644370446692284,0.004599616079027147
2012-01-10 07:56:00,-0.0368639997208775,-0.2752481497659642,0.9644450780986088,0.003630812148391005
2012-01-10 07:57:00,-0.0358026434251467,-0.272225460237059,0.9644525312055504,0.0027747580719710285
2012-01-10 07:58:00,-0.0348720901839492,-0.2695522438355995,0.9644588741323384,0.002025645741276394
2012-01-10 07:59:00,-0.0340789565015995,-0.2672148666857856,0.96446436989423,0.0013773919205557483
2012-01-10 08:00:00,-0.0334285549742192,-0.2651956849959048,0.9644699683791568,0.0008239303361021744
2012-01-10 08:01:00,-0.0329250296843893,-0.2634742653104531,0.964477195801824,0.0003594390429626504
2012-01-10 08:02:00,-0.032571471916201,-0.2620284817939851,0.9644880474009732,0.0
2012-01-10 08:03:00,-0.0323700082273137,-0.2608354546118484,0.9645048900387384,0.0
2012-01-10 08:04:00,-0.0323218544197978,-0.259872304598849,0.9645303792644944,0.0
2012-01-10 08:05:00,-0.0324273307537308,-0.2591167114111657,0.9645673927603796,0.0
2012-01-10 08:06:00,-0.09864166674475675,-0.1885996121876257,0.9760035415471117,0.0
2012-01-10 08:07:00,-0.09741000469357207,-0.18391692044092284,0.9749789828543527,0.0
2012-01-10 08:08:00,-0.0336544788230646,-0.2578866970939693,0.9647787229864612,0.0
2012-01-10 08:09:00,-0.034358017116364,-0.25775803347838,0.964893563941533,0.0
2012-01-10 08:10:00,-0.0352010874365078,-0.2577400515049661,0.9650363215252218,0.0
2012-01-10 08:11:00,-0.036176818030494,-0.2578154291894068,0.9652105450653152,0.0
2012-01-10 08:12:00,-0.0372766016955288,-0.2579667810849111,0.9654198493163924,0.0
2012-01-10 08:13:00,-0.0384899399281277,-0.2581763027529452,0.9656678997550716,0.00032543274487539797
2012-01-10 08:14:00,-0.03980431634545,-0.2584254888531267,0.965958390599708,0.0007216042729787375
2012-01-10 08:15:00,-0.0412051124258079,-0.2586949679472374,0.96629501361041,0.0011728127848797953
2012-01-10 08:16:00,-0.0426755765981406,-0.2589644787175603,0.9666814164722776,0.0016769773875660032
2012-01-10 08:17:00,-0.0441968550637853,-0.2592129891882771,0.967121150158624,0.0022315375428927364
2012-01-10 08:18:00,-0.0457480901116363,-0.2594189410539542,0.9676176051042612,0.0028334380315224728
2012-01-10 08:19:00,-0.0473065895279168,-0.2595605910936148,0.9681739364157338,0.003479140299571304
2012-01-10 08:20:00,-0.0488480689523351,-0.25961642060087,0.9687929787551768,0.004164655507904458
2012-01-10 08:21:00,-0.0503469671772689,-0.2595655876268136,0.969477151907848,0.004885595207412052
2012-01-10 08:22:00,-0.0517768316687071,-0.2593884015135541,0.9702283583605784,0.005637236037165261
2012-01-10 08:23:00,-0.0531107675845658,-0.2590668026841428,0.9710478745327478,0.006414594747598867
2012-01-10 08:24:00,-0.0543219388251991,-0.2585848331012298,0.9719362376797462,0.007212509385571497
2012-01-10 08:25:00,-0.0553841054026896,-0.2579290852673476,0.9728931309779728,0.00802572212331465
2012-01-10 08:26:00,-0.0562721785011136,-0.2570891203284637,0.9739172699380696,0.008848959234308396
2012-01-10 08:27:00,-0.0569627730625578,-0.2560578476943002,0.9750062940986196,0.009677004003130651
2012-01-10 08:28:00,-0.0574347373847108,-0.2548318584523623,0.9761566689022168,0.010504758713687279
2012-01-10 08:29:00,-0.057669640072902,-0.2534117026008974,0.977363603691135,0.011327292334853079
2012-01-10 08:30:00,-0.0576521967921029,-0.2518020964816754,0.978620992795276,0.012139871325665075
2012-01-10 08:31:00,-0.0573706223785809,-0.2500120426812253,0.9799213875388152,0.012937972214360993
2012-01-10 08:32:00,-0.0568168975194113,-0.2480548415325584,0.9812560072698776,0.013717276194253225
2012-01-10 08:33:00,-0.0559869429445328,-0.2459479736072343,0.9826147966518533,0.014473647810006929
2012-01-10 08:34:00,-0.0548806976937523,-0.2437128382527359,0.9839865340615628,0.015203101710709044
2012-01-10 08:35:00,-0.0535021015400487,-0.2413743439365186,0.9853589922047268,0.015901763114279266
2012-01-10 08:36:00,-0.0518589851150344,-0.2389603593598334,0.9867191476819956,0.01656582870211909
2012-01-10 08:37:00,-0.0499628744884805,-0.2365010468951552,0.988053432082682,0.01719153489400571
2012-01-10 08:38:00,-0.0478287194078873,-0.2340281091995805,0.989348014047181,0.017775139799961037
2012-01-10 08:39:00,-0.0454745557531234,-0.2315739843423129,0.990589100138625,0.01831292379040761
2012-01-10 08:40:00,-0.0429211132656675,-0.2291710248132333,0.991763242277714,0.018801211871636747
2012-01-10 08:41:00,-0.040191379930881,-0.2268506930585264,0.9928576404255504,0.019236419145859163
2012-01-10 08:42:00,-0.0373101349016576,-0.2246428023364156,0.9938604305622512,0.019615118682202226
2012-01-10 08:43:00,-0.0343034624955989,-0.2225748274810537,0.994760949431308,0.019934129187216154
2012-01-10 08:44:00,-0.0311982604566697,-0.2206713056403988,0.99554996889013,0.02019061804434341
2012-01-10 08:45:00,-0.0280217561349473,-0.2189533418208083,0.9962198940795526,0.020382213717615283
2012-01-10 08:46:00,-0.0248010439649545,-0.2174382280090272,0.9967649210580788,0.02050712032468227
2012-01-10 08:47:00,-0.021562656196824,-0.2161391786581867,0.99718115098014,0.02056422657438617
2012-01-10 08:48:00,-0.0183321765341127,-0.2150651808368966,0.9974666592006116,0.02055320141662098
2012-01-10 08:49:00,-0.0151339037935444,-0.2142209547714443,0.9976215188264222,0.020474569664898246
2012-01-10 08:50:00,-0.0119905702452576,-0.2136070189365275,0.9976477793173084,0.02032976232711814
2012-01-10 08:51:00,-0.008923116911297,-0.2132198523044982,0.997549401865325,0.020121138195867694
2012-01-10 08:52:00,-0.0059505258298795,-0.2130521447693772,0.9973321544478028,0.01985197526110616
2012-01-10 08:53:00,-0.0030897073031463,-0.2130931253625383,0.9970034705880726,0.01952643258164488
2012-01-10 08:54:00,-0.0003554385973763,-0.2133289563698801,0.996572276943522,0.0191494851761711
2012-01-10 08:55:00,0.0022396505074647,-0.2137431792724622,0.9960487958427188,0.018726836016223602
2012-01-10 08:56:00,0.004685050594325,-0.2143171959571572,0.9954443296819736,0.01826481019330317
2012-01-10 08:57:00,0.0069723095286733,-0.2150307675947979,0.9947710344393906,0.017770236876765155
2012-01-10 08:58:00,0.0090949390508031,-0.2158625154049877,0.9940416892918964,0.017250324907096548
2012-01-10 08:59:00,0.0110482964475538,-0.2167904116807054,0.9932694684628274,0.01671253775662196
2012-01-10 09:00:00,0.0128294466104042,-0.2177922534729578,0.9924677203624266,0.016164473072420416
2012-01-10 09:01:00,0.0144370102317804,-0.218846112274397,0.991649758452764,0.015613751167970147
2012-01-10 09:02:00,0.0158710048519978,-0.2199307495678418,0.9908286684444336,0.015067915763203654
2012-01-10 09:03:00,0.017132686295071,-0.2210259824431107,0.990017136961306,0.01453434901519679
2012-01-10 09:04:00,0.0182243979126202,-0.2221129805904444,0.989227306639753,0.014020201488998296
2012-01-10 09:05:00,0.019149433596938,-0.2231744797507748,0.9884706609597252,0.013532336335288608
2012-01-10 09:06:00,0.0199119179483712,-0.2241949069001171,0.98775793895526,0.013077285662588478
2012-01-10 09:07:00,0.0205167040462477,-0.2251604250205915,0.9870990761633264,0.01266121595668257
2012-01-10 09:08:00,0.0209692870077394,-0.2260589152393252,0.986503165046648,0.012289898598147442
2012-01-10 09:09:00,0.0212757306708293,-0.2268799185183764,0.9859784267035198,0.011968681366785638
2012-01-10 09:10:00,0.0214426052680103,-0.2276145585231109,0.9855321860481576,0.011702457400005972
2012-01-10 09:11:00,0.0214769351767447,-0.2282554643381206,0.9851708441162448,0.011495629175683364
2012-01-10 09:12:00,-0.11811292876399282,-0.21625390885490864,0.9970002838966959,0.0269985312191674
2012-01-10 09:13:00,-0.11721872195780114,-0.212129737945414,0.9967151651806236,0.025758438912031778
2012-01-10 09:14:00,-0.116288310795764,-0.20797177236934278,0.9964089846377743,0.024502852117580964
2012-01-10 09:15:00,-0.11532800728682249,-0.20379405390402433,0.9960824938531252,0.023236483043898692
2012-01-10 09:16:00,0.0199337747393376,-0.2298961942270238,0.9847917190166288,0.011466433125269182
2012-01-10 09:17:00,0.0193420432397584,-0.2299004880395199,0.9850167982169828,0.011675067305275899
2012-01-10 09:18:00,0.0186777394099505,-0.2298005712980416,0.9853416041375714,0.011956143991810997
2012-01-10 09:19:00,0.0179511356097065,-0.2296015796881484,0.9857632248937278,0.012308383951181945
2012-01-10 09:20:00,0.017173081964914,-0.2293105208517522,0.9862773491461978,0.012729598242456008
2012-01-10 09:21:00,0.0163550788953404,-0.2289362343671059,0.9868782718197996,0.0132166655764685
2012-01-10 09:22:00,0.0155093465350176,-0.2284892670610242,0.9875589335712884,0.013765521345290077
2012-01-10 09:23:00,0.0146488868666062,-0.227981653411474,0.9883109980924022,0.014371161424190149
2012-01-10 09:24:00,0.0137875375124863,-0.2274265918355614,0.9891249715407268,0.015027664741232849
2012-01-10 09:25:00,0.0129400183206492,-0.2268380111250716,0.9899903676701484,0.01572823897191733
2012-01-10 09:26:00,0.0121219713629886,-0.2262300303837904,0.9908959192706523,0.01646529289710985
2012-01-10 09:27:00,0.0113499918360319,-0.2256163295762255,0.991829831455835,0.017230536826257525
2012-01-10 09:28:00,0.0106416436048271,-0.2250094613250637,0.9927800669794724,0.018015109738638957
2012-01-10 09:29:00,0.0100154508612027,-0.2244201428471033,0.9937346502555984,0.01880972948342219
2012-01-10 09:30:00,0.009490857201647,-0.2238565684399173,0.9946819758560572,0.019604861059924206
2012-01-10 09:31:00,0.0090881446838335,-0.2233237797488497,0.9956111082113094,0.020390897533322017
2012-01-10 09:32:00,0.0088283072986749,-0.2228231258563869,0.9965120609451732,0.021158348169062258
2012-01-10 09:33:00,0.0087328754547093,-0.2223518396038152,0.9973760461110986,0.021898028692254767
2012-01-10 09:34:00,0.0088236903699635,-0.2219027509757486,0.9981956853905596,0.022601249136083856
2012-01-10 09:35:00,0.0091226295297015,-0.2214641529126824,0.998965177047054,0.023259995478920326
2012-01-10 09:36:00,0.0096512864679635,-0.2210198295597468,0.9996804141055794,0.023867102086696068
2012-01-10 09:37:00,0.0104306100567369,-0.2205492517485555,1.000339050844161,0.0244164127525488
2012-01-10 09:38:00,0.0114805102804128,-0.2200279394973442,1.0009405162357952,0.0249029287294118
2012-01-10 09:39:00,0.0128194391261338,-0.219427986515837,1.001485974466708,0.02532294246224409
2012-01-10 09:40:00,0.0144639566537532,-0.2187187370791555,1.0019782340873045,0.025674155653877984
2012-01-10 09:41:00,0.0164282934319864,-0.2178676011577501,1.0024216087323825,0.02595577980385566
2012-01-10 09:42:00,0.018723921286954,-0.2168409893697674,1.0028217336786835,0.026168616474670836
2012-01-10 09:43:00,0.0213591446943906,-0.2156053451702692,1.0031853437922107,0.02631511336799619
2012-01-10 09:44:00,0.0243387251804633,-0.2141282476798687,1.0035200196598284,0.026399391005238027
2012-01-10 09:45:00,0.0276635508129039,-0.2123795546989134,1.0038339098914288,0.026427233634026326
2012-01-10 09:46:00,0.0313303622501463,-0.2103325519195149,1.0041354386743615,0.02640603719846335
2012-01-10 09:47:00,0.0353315457843536,-0.2079650713900744,1.0044330085810689,0.02634470709065795
2012-01-10 09:48:00,0.0396550023088714,-0.2052605401342034,1.0047347092820325,0.026253499180563855
2012-01-10 09:49:00,0.0442840992331235,-0.2022089189003703,1.0050480430487194,0.026143799456882277
2012-01-10 09:50:00,0.049197710124595,-0.1988074923465055,1.0053796774557398,0.026027840526570145
2012-01-10 09:51:00,0.0543703441766061,-0.1950614769236154,1.0057352341951842,0.025918357086540667
2012-01-10 09:52:00,0.0597723643404107,-0.1909844218598232,1.0061191203777566,0.025828187038007044
2012-01-10 09:53:00,0.0653702892027092,-0.1865983907647843,1.006534405518967,0.025769829757082086
2012-01-10 09:54:00,0.0711271698767148,-0.1819339239250877,1.0069827442412949,0.025754977647771238
2012-01-10 09:55:00,0.077003030046138,-0.1770297916701242,1.0074643422013656,0.025794041015195335
2012-01-10 09:56:00,0.0829553555029709,-0.1719325557838056,1.0079779612496833,0.025895689195565286
2012-01-10 09:57:00,0.0889396191130582,-0.1666959592599453,1.008520959268628,0.0260664325304103
2012-01-10 09:58:00,0.0949098276734138,-0.1613801663385703,1.0090893601019928,0.026310269922069418
2012-01-10 09:59:00,0.1008190781846317,-0.1560508758883045,1.0096779491121872,0.02662842514460828
2012-01-10 10:00:00,0.1066201125328533,-0.1507783318795365,1.01028039003757,0.02701919176583978
2012-01-10 10:01:00,0.112265861397982,-0.1456362543362187,1.010889359001674,0.027477901638439217
2012-01-10 10:02:00,0.1177099701860114,-0.1407007123468514,1.011496691814256,0.027997025816362653
2012-01-10 10:03:00,0.1229073016094728,-0.1360489578833323,1.012093541102977,0.028566409947566873
2012-01-10 10:04:00,0.1278144108954741,-0.131758236456085,1.0126705402461662,0.029173639182930478
2012-01-10 10:05:00,0.1323899903974205,-0.1279045888602087,1.0132179714579703,0.029804520816612223
2012-01-10 10:06:00,0.1365952808638088,-0.1245616573114279,1.0137259356862705,0.030443666538562786
2012-01-10 10:07:00,0.1403944470947046,-0.1217995085313237,1.01418452225048,0.03107515061994115
2012-01-10 10:08:00,0.1437549162720537,-0.1196834855351716,1.014583976397837,0.031683215830072387
2012-01-10 10:09:00,0.1466476777221297,-0.118273099148921,1.0149148631913696,0.032252995583127664
2012-01-10 10:10:00,0.1490475431363183,-0.1176209698303947,1.0151682263386068,0.03277121882161693
2012-01-10 10:11:00,0.1509333664255711,-0.1177718302044083,1.0153357407060877,0.03322686349389481
2012-01-10 10:12:00,0.1522882225760624,-0.1187615987264956,1.0154098573352413,0.03361172518553812
2012-01-10 10:13:00,0.15309954520261,-0.1206165349139442,1.015383939790737,0.03392086951606288
2012-01-10 10:14:00,0.153359223001613,-0.1233524864751457,1.015252390649748,0.03415294029427174
2012-01-10 10:15:00,0.1530636559470951,-0.1269742383763217,1.015010766897168,0.03431030010355918
2012-01-10 10:16:00,0.1522137726765989,-0.1314749735108354,1.01465588294331,0.0343989859061089
2012-01-10 10:17:00,0.1508150108889164,-0.1368358542895323,1.014185899939362,0.03442846933192234
2012-01-10 10:18:00,0.1488772627015168,-0.1430257340840863,1.0136004000441632,0.03441121945262937
2012-01-10 10:19:00,0.1464147869134832,-0.1500010068628292,1.0129004443049172,0.034362074884748406
2012-01-10 10:20:00,0.14344609005534,-0.1577056025825458,1.012088612852241,0.03429744179479721
2012-01-10 10:21:00,0.1399937778692147,-0.1660711352256694,1.0111690261628734,0.03423434446377338
2012-01-10 10:22:00,0.136084378297201,-0.1750172099871416,1.0101473462108652,0.03418936508991077
2012-01-10 10:23:00,0.1317481362239423,-0.1844518957724982,1.0090307564332843,0.03417751893999177
2012-01-10 10:24:00,0.127018779428001,-0.1942723683757657,1.0078279196059523,0.03421111915264685
2012-01-10 10:25:00,0.1219332547472634,-0.204365728129748,1.006548912966866,0.03429869169502631
2012-01-10 10:26:00,0.116531433494067,-0.2146099933911182,1.0052051402253397,0.03444400437672934
2012-01-10 10:27:00,0.1108557857043857,-0.2248752680579811,1.0038092204237232,0.03464527371267123
2012-01-10 10:28:00,0.1049510237906325,-0.2350250777743869,1.002374853949643,0.034894609324121806
2012-01-10 10:29:00,0.0988637172273154,-0.2449178661001459,1.0009166663273286,0.035177747370404244
2012-01-10 10:30:00,0.0926418805249733,-0.2544086390762667,0.9994500307722888,0.035474112508164346
2012-01-10 10:31:00,0.0863345368106215,-0.263350744062087,0.997990870924502,0.035757232701276065
2012-01-10 10:32:00,0.0799912593064256,-0.2715977657536534,0.996555445736648,0.03599551367521525
2012-01-10 10:33:00,0.0736616934435602,-0.2790055184594332,0.9951601191944236,0.03615336087224552
2012-01-10 10:34:00,0.0673950633476649,-0.2854341092837497,0.993821118321966,0.036192617484300804
2012-01-10 10:35:00,0.0612396677312062,-0.290750042462032,0.9925542836926416,0.036074268656506536
2012-01-10 10:36:00,0.0552423716219215,-0.2948283311352077,0.9913748173567992,0.035760345326858456
2012-01-10 10:37:00,0.0494481015958912,-0.2975545798045596,0.9902970336051592,0.03521594726959432
2012-01-10 10:38:00,0.0438993527634982,-0.298826999345956,0.989334118129441,0.03441129441152224
2012-01-10 10:39:00,0.0386357152761185,-0.2985583172206149,0.9884979008083636,0.03332370880525337
2012-01-10 10:40:00,0.0336934268560696,-0.2966775476289681,0.987798646676338,0.03193942683475792
2012-01-10 10:41:00,0.0291049566249031,-0.2931315883185618,0.9872448689567006,0.030255142113657874
2012-01-10 10:42:00,0.0248986248935291,-0.2878866119200147,0.986843167575032,0.028279183993285217
2012-01-10 10:43:00,0.0210982634899701,-0.2809292207298519,0.9865980962366332,0.026032244756432066
2012-01-10 10:44:00,0.0177229212645126,-0.2722673356321538,0.986512060783912,0.02354758075162322
2012-01-10 10:45:00,0.0147866194575822,-0.2619307924718213,0.986585251091773,0.020870629331511514
2012-01-10 10:46:00,0.0122981617151025,-0.2499716224213372,0.9868156082640174,0.018058004983512177
2012-01-10 10:47:00,0.0102610038110643,-0.2364639966074381,0.987198828427581,0.015175864931570304
2012-01-10 10:48:00,0.0086731885281931,-0.2215038196025645,0.987728403985693,0.012297666863801071
2012-01-10 10:49:00,0.0075273513425342,-0.2052079617626554,0.988395702655672,0.009501378709913855
2012-01-10 10:50:00,0.0068108022585265,-0.1877131272816505,0.9891900838205904,0.006866240922918321
2012-01-10 10:51:00,0.0065056882984648,-0.169174363192433,0.990099050688913,0.004469222682750296
2012-01-10 10:52:00,0.0065892398195284,-0.1497632238428489,0.9911084356845892,0.002381350875182653
2012-01-10 10:53:00,0.0070341019711116,-0.1296656152428119,0.9922026155301442,0.0006641197883014982
2012-01-10 10:54:00,0.0078087501207545,-0.1090793540968408,0.9933647516440882,0.0
2012-01-10 10:55:00,0.008877984961265,-0.0882114870836936,0.9945770507610578,0.0
2012-01-10 10:56:00,0.0102034994316077,-0.0672754260629519,0.9958210401854944,0.0
2012-01-10 10:57:00,0.0117445059593208,-0.0464879627339916,0.9970778518756498,0.0
2012-01-10 10:58:00,0.0134584095440325,-0.0260662302198622,0.9983285096074904,0.0
2012-01-10 10:59:00,0.0153015105304856,-0.0062246784055982,0.9995542137345697,0.0
2012-01-10 11:00:00,0.0172297207967319,0.0128278748709989,1.0007366185021376,0.0009671309606185119
2012-01-10 11:01:00,0.0191992781410372,0.0308910622626208,1.0018580974519975,0.002518088335061508
2012-01-10 11:02:00,0.0211674452693915,0.0477756094226998,1.002901993100631,0.004262404633451178
2012-01-10 11:03:00,0.0230931815118923,0.0633057649753034,1.0038528477096076,0.006112048812724424
2012-01-10 11:04:00,0.0249377770445393,0.0773214894941639,1.0046966125457186,0.007976085392089605
2012-01-10 11:05:00,0.0266654409195066,0.0896803821425133,1.0054208335354318,0.009764660298498207
2012-01-10 11:06:00,0.0282438356058879,0.100259329693169,1.006014811658189,0.01139282611452086
2012-01-10 11:07:00,0.029644552015649,0.1089558677591297,1.0064697368036892,0.012784040003119834
2012-01-10 11:08:00,0.0308435201417189,0.1156892483074586,1.0067787941475654,0.01387319979073487
2012-01-10 11:09:00,0.0318213514752444,0.1204012110044959,1.0069372423854976,0.014609116913489206
2012-01-10 11:10:00,0.0325636103065438,0.1230564587593814,1.0069424634155002,0.01495635639561943
2012-01-10 11:11:00,0.033061011860255,0.1236428401119114,1.0067939832801742,0.014896402193506297
2012-01-10 11:12:00,0.0333095459829176,0.1221712429699773,1.0064934643838597,0.014428130677497153
2012-01-10 11:13:00,0.0333105258053951,0.1186752057653745,1.0060446691928864,0.013567596169249185
2012-01-10 11:14:00,0.0330705614577595,0.1132102534919844,1.0054533958198622,0.01234715127595587
2012-01-10 11:15:00,0.0326014595356003,0.1058529674460163,1.0047273860949535,0.010813942449438452
2012-01-10 11:16:00,0.0319200496200381,0.0966997989326153,1.003876206948169,0.00902783884192071
2012-01-10 11:17:00,0.0310479397543951,0.0858656388634402,1.002911106175852,0.007058870866688993
2012-01-10 11:18:00,0.0300112033921301,0.0734821571690478,1.0018448439504517,0.004984274056746285
2012-01-10 11:19:00,0.0288400009656596,0.05969592840638,1.000691501763509,0.002885253269637955
2012-01-10 11:20:00,0.0275681398969238,0.0446663629672728,0.9994662708758896,0.0008436006373111482
2012-01-10 11:21:00,0.0262325775962889,0.0285634669846123,0.998185222794327,0.0
2012-01-10 11:22:00,0.0248728728159283,0.0115654583759546,0.9968650648084372,0.0
2012-01-10 11:23:00,0.0235305916927554,-0.0061437289007092,0.9955228842213802,0.0
2012-01-10 11:24:00,0.0222486758998368,-0.0243770160536523,0.9941758855973012,0.0
2012-01-10 11:25:00,0.0210707812350429,-0.0429467860218,0.9928411260932896,0.0
2012-01-10 11:26:00,0.0200405952161052,-0.0616674807529128,0.9915352546481704,0.0
2012-01-10 11:27:00,0.0192011415478283,-0.0803581382682124,0.9902742613464648,0.0
2012-01-10 11:28:00,0.018594078066398,-0.0988448125906514,0.989073243521546,0.0
2012-01-10 11:29:00,0.0182589937992947,-0.1169628186490671,0.9879461948878416,0.0
2012-01-10 11:30:00,0.0182327106880932,-0.1345587516316954,0.9869058229753428,0.0
2012-01-10 11:31:00,0.0185485963578222,-0.1514922446018421,0.9859633984143014,0.0
2012-01-10 11:32:00,0.0192358960963536,-0.1676374446306798,0.9851286376185454,0.0
2012-01-10 11:33:00,0.020319095044261,-0.1828842009214415,0.9844096187674116,0.0014598314919538335
2012-01-10 11:34:00,0.0218173251169176,-0.1971389648711952,0.9838127300912892,0.003607121853676176
2012-01-10 11:35:00,0.023743834345836,-0.2103254018912682,0.9833426492311552,0.005864459133094524
2012-01-10 11:36:00,0.0261055380903658,-0.222384712487257,0.9830023523864186,0.008181573063235525
2012-01-10 11:37:00,0.0289026715069418,-0.2332756609107645,0.9827931516392346,0.010512383547362614
2012-01-10 11:38:00,0.0321285609765696,-0.2429743152753615,0.982714758182774,0.012816399089284003
2012-01-10 11:39:00,0.0357695293628236,-0.2514735110002921,0.9827653684620372,0.015059680715363566
2012-01-10 11:40:00,0.0398049463509049,-0.2587820567314736,0.9829417697624908,0.017215370206323355
2012-01-10 11:41:00,0.0442074307129879,-0.2649237069220046,0.9832394616606552,0.0192638060807786
2012-01-10 11:42:00,0.04894320607306,-0.2699359279539547,0.9836527898745802,0.02119227065676399
2012-01-10 11:43:00,0.0539726059835856,-0.2738684859469645,0.9841750891874738,0.02299442616698255
2012-01-10 11:44:00,0.0592507187894748,-0.2767818855355391,0.9847988320728724,0.024669507446069883
2012-01-10 11:45:00,0.0647281584725412,-0.2787456906726065,0.9855157794729948,0.026221343647684803
2012-01-10 11:46:00,0.0703519441044986,-0.2798367605899041,0.986317130139705,0.02765728228031228
2012-01-10 11:47:00,0.0760664668521672,-0.2801374356126552,0.9871936652261606,0.02898708586340737
2012-01-10 11:48:00,0.0818145192880794,-0.2797337082795085,0.9881358853200024,0.030221864925846775
2012-01-10 11:49:00,0.0875383575567354,-0.2787134152529539,0.9891341376042884,0.03137310128773274
2012-01-10 11:50:00,0.0931807640284514,-0.2771644845869238,0.9901787312257948,0.03245180326889141
2012-01-10 11:51:00,0.0986860779375799,-0.27517327047636,0.9912600393327552,0.03346782066077569
2012-01-10 11:52:00,0.1040011646998606,-0.2728230035029685,0.9923685867178522,0.03442933320923158
2012-01-10 11:53:00,0.1090763000866978,-0.2701923793141593,0.9934951225581808,0.03534251319403703
2012-01-10 11:54:00,0.1138659513127628,-0.2673543037560837,0.9946306783060472,0.036211351430203376
2012-01-10 11:55:00,0.1183294419897781,-0.2643748085029569,0.9957666112987078,0.03703762727776616
2012-01-10 11:56:00,0.1224314915404824,-0.2613121481121041,0.9968946351312628,0.03782099729446742
2012-01-10 11:57:00,0.1261426225064533,-0.2582160864526502,0.9980068383306008,0.03855917398594566
2012-01-10 11:58:00,0.1294394318031722,-0.2551273768921758,0.9990956934019226,0.03924816551181798
2012-01-10 11:59:00,0.1323047248684144,-0.2520774362818057,1.0001540588071922,0.03988254887434994
2012-01-10 12:00:00,0.134727515209962,-0.2490882080766521,1.0011751766958927,0.04045575263417134
2012-01-10 12:01:00,0.1367028961282782,-0.246172205801263,1.0021526690820193,0.04096033011211975
2012-01-10 12:02:00,0.138231795787841,-0.2433327254189662,1.0030805346604184,0.04138820986276981
2012-01-10 12:03:00,0.1393206304147284,-0.2405642140885802,1.003953147800925,0.041730916378408756
2012-01-10 12:04:00,0.1399808726348891,-0.2378527826091876,1.004765260699738,0.0419797598838334
2012-01-10 12:05:00,0.1402285529418636,-0.2351768488964014,1.0055120092762069,0.042125999155421034
2012-01-10 12:06:00,0.1400837124172354,-0.2325078998310822,1.006188923096594,0.04216098513173039
2012-01-10 12:07:00,0.1395698243342787,-0.2298113585598206,1.0067919393324567,0.042076295427844856
2012-01-10 12:08:00,0.1387132011076894,-0.2270475435905657,1.0073174205547344,0.04186387064966213
2012-01-10 12:09:00,0.1375424012975066,-0.2241727050022866,1.0077621760340965,0.04151616274914516
2012-01-10 12:10:00,0.1360876494395756,-0.2211401221611272,1.0081234861219832,0.041026303812813136
2012-01-10 12:11:00,0.1343802797602129,-0.2179012464605906,1.008399129229275,0.040388300889563356
2012-01-10 12:12:00,0.1324522134471157,-0.2144068714872975,1.0085874109373838,0.03959725898512545
2012-01-10 12:13:00,0.1303354780050385,-0.2106083117638461,1.0086871948408034,0.0386496304561168
2012-01-10 12:14:00,0.1280617761341171,-0.2064585703361818,1.0086979347451213,0.03754348503133009
2012-01-10 12:15:00,0.1256621101834069,-0.201913475496461,1.0086197077546004,0.03627879086362773
2012-01-10 12:16:00,0.1231664662284464,-0.1969327682696393,1.0084532475282073,0.03485769363315572
2012-01-10 12:17:00,0.1206035592476227,-0.1914811249403424,1.0081999765626426,0.03328477800291196
2012-01-10 12:18:00,0.1180006381785741,-0.1855291021750284,1.0078620358818609,0.03156729384774137
2012-01-10 12:19:00,0.115383347383287,-0.1790539951176119,1.007442310156886,0.02971532877547922
2012-01-10 12:20:00,0.1127756396090287,-0.1720406004549251,1.0069444461743997,0.02774190864028947
2012-01-10 12:21:00,0.1101997349074123,-0.1644818769471458,1.0063728627059676,0.025663009086670963
2012-01-10 12:22:00,0.1076761198407863,-0.1563794960430925,1.005732750098876,0.0234974636940275
2012-01-10 12:23:00,0.1052235812307003,-0.1477442757751539,1.005030058216683,0.02126675799732536
2012-01-10 12:24:00,0.1028592683699273,-0.1385964925763069,1.0042714716644725,0.018994703442160477
2012-01-10 12:25:00,0.100598777017495,-0.1289660678346536,1.0034643715603262,0.016706991016147477
2012-01-10 12:26:00,0.0984562479938148,-0.1188926282068148,1.0026167835034905,0.01443063063662886
2012-01-10 12:27:00,0.0964444732099395,-0.1084254397162621,1.0017373118514554,0.012193289024279075
2012-01-10 12:28:00,0.0945750025246437,-0.097623213891061,1.0008350608862155,0.01002254533850433
2012-01-10 12:29:00,0.0928582456379855,-0.086553778925066,0.9999195438204864,0.007945090043769865
2012-01-10 12:30:00,0.0913035641616595,-0.0752936018767233,0.9990005808472312,0.005985898432626202
2012-01-10 12:31:00,0.0899193501613058,-0.0639271431225328,0.9980881876714178,0.004167416086807485
2012-01-10 12:32:00,0.0887130889013383,-0.0525460245781363,0.9971924562792348,0.00250879881505095
2012-01-10 12:33:00,0.087691405149143,-0.0412479985817241,0.9963234300835864,0.001025253056860853
2012-01-10 12:34:00,0.0868600940987247,-0.0301357130430434,0.9954909759621636,0.0
2012-01-10 12:35:00,0.0862241394925602,-0.0193152790332304,0.9947046560174662,0.0
2012-01-10 12:36:00,0.0857877222409994,-0.0088946589528795,0.993973602045012,0.0
2012-01-10 12:37:00,0.0855542221149062,0.001018093256874,0.9933063955319285,0.0
2012-01-10 12:38:00,0.0855262129613133,0.010316694493971,0.992710955430504,0.0
2012-01-10 12:39:00,0.0857054493923817,0.0188985402482669,0.9921944351069644,0.0
2012-01-10 12:40:00,0.0860928414069302,0.0266665943656718,0.9917631290636726,0.0
2012-01-10 12:41:00,0.0866884135891808,0.0335311988557531,0.9914223895091502,0.0
2012-01-10 12:42:00,0.0874912469788353,0.0394117490061723,0.9911765526633696,0.0
2012-01-10 12:43:00,0.088499403599419,0.0442381886664395,0.9910288747881212,0.0
2012-01-10 12:44:00,0.0897098355093604,0.0479522901139638,0.9909814782457624,0.0
2012-01-10 12:45:00,0.0911182820899113,0.0505086917968223,0.9910353083178256,0.0
2012-01-10 12:46:00,0.0927191611870016,0.0518756756893932,0.9911901019650192,0.0
2012-01-10 12:47:00,0.0945054616156313,0.0520356742535595,0.9914443701335344,0.0
2012-01-10 12:48:00,0.0964686462180452,0.0509855052425741,0.9917953955827936,0.0
2012-01-10 12:49:00,0.0985985759095983,0.0487363410209407,0.9922392484655936,0.0
2012-01-10 12:50:00,0.1008834657330483,0.0453134274284146,0.9927708219697352,0.0
2012-01-10 12:51:00,0.1033098836489084,0.040755573766847,0.9933838902296828,0.0
2012-01-10 12:52:00,0.105862801333179,0.0351144376905627,0.9940711904091392,0.00030869637421204743
2012-01-10 12:53:00,0.108525703396169,0.0284536264909132,0.9948245301434409,0.0011310018839869596
2012-01-10 12:54:00,0.1112807572954599,0.0208476336319391,0.9956349201472892,0.0020513584587376066
2012-01-10 12:55:00,0.1141090414079039,0.0123806309970705,0.9964927297237436,0.003081209946230734
2012-01-10 12:56:00,0.1169908240684946,0.0031451425772524,0.9973878606081742,0.004230695272061213
2012-01-10 12:57:00,0.1199058825056641,-0.0067593704661653,0.998309932796583,0.005507748189380823
2012-01-10 12:58:00,0.1228338478731586,-0.0172279830009913,0.9992484752868986,0.006917311870642262
2012-01-10 12:59:00,0.1257545613180271,-0.0281518088060108,1.000193114964281,0.008460708829695296
2012-01-10 13:00:00,0.1286484265158422,-0.0394195062413733,1.0011337577029171,0.010135196857172568
2012-01-10 13:01:00,0.1314967461782565,-0.0509187611715772,1.002060756686902,0.01193373033348566
2012-01-10 13:02:00,0.1342820328386556,-0.0625377236217673,1.0029650638292964,0.013844934139920051
2012-01-10 13:03:00,0.1369882867668924,-0.074166377754489,1.0038383610434658,0.015853285372932957
2012-01-10 13:04:00,0.1396012357400038,-0.0856978284598621,1.0046731690316502,0.017939487098801443
2012-01-10 13:05:00,0.1421085327151261,-0.0970294914645505,1.005462932172591,0.02008100916418365
2012-01-10 13:06:00,0.1444999084662706,-0.1080641770317102,1.006202078963376,0.022252764053255936
2012-01-10 13:07:00,0.1467672772347718,-0.1187110599386045,1.00688605825791,0.02442788117700445
2012-01-10 13:08:00,0.1489047946018901,-0.1288865304022093,1.0075113522242676,0.026578540802077555
2012-01-10 13:09:00,0.1509088680107928,-0.138514921965478,1.0080754675338066,0.028676828889862893
2012-01-10 13:10:00,0.1527781213248416,-0.147529113239284,1.0085769068265344,0.03069557610018747
2012-01-10 13:11:00,0.1545133154128706,-0.1558710011778835,1.0090151229530246,0.032609147739831146
2012-01-10 13:12:00,0.1561172272767755,-0.1634918446006061,1.0093904588079927,0.03439415613010266
2012-01-10 13:13:00,0.1575944910183513,-0.1703524780901329,1.0097040756943376,0.03603007237460987
2012-01-10 13:14:00,0.1589514050500776,-0.1764233981013081,1.0099578730950534,0.03749972047788552
2012-01-10 13:15:00,0.1601957111968272,-0.1816847249413448,1.0101544025300502,0.03878964286024322
2012-01-10 13:16:00,0.1613363524685879,-0.1861260461066097,1.0102967778894216,0.039890332237441095
2012-01-10 13:17:00,0.1623832171563504,-0.1897461482044768,1.0103885843046143,0.04079633034785646
2012-01-10 13:18:00,0.1633468774346179,-0.1925526463160076,1.010433787268302,0.04150619893704999
2012-01-10 13:19:00,0.1642383307151308,-0.1945615211345492,1.0104366433698035,0.04202237262292874
2012-01-10 13:20:00,0.1650687513584478,-0.1957965754564718,1.0104016137246556,0.042350906678219946
2012-01-10 13:21:00,0.1658492588632086,-0.1962888224469028,1.010333280996366,0.042501135333649964
2012-01-10 13:22:00,0.1665907065279105,-0.1960758183866524,1.0102362708475543,0.042485257926190956
2012-01-10 13:23:00,0.1673034924225993,-0.1952009522274635,1.0101151786708802,0.042317871145175934
2012-01-10 13:24:00,0.1679973929607107,-0.1937127032986795,1.009974502462406,0.04201546585694316
2012-01-10 13:25:00,0.1686814186668618,-0.1916638771732275,1.0098185826544377,0.04159590662154411
2012-01-10 13:26:00,0.1693636916797901,-0.1891108283702399,1.0096515496044105,0.04107791115020443
2012-01-10 13:27:00,0.1700513447642174,-0.1861126774960416,1.009477279253834,0.04048054566656245
2012-01-10 13:28:00,0.1707504419321663,-0.1827305296648969,1.0092993572465625,0.039822750486816494
2012-01-10 13:29:00,0.1714659211529358,-0.1790267006159222,1.009121051534365,0.03912290817788744
2012-01-10 13:30:00,0.1722015600385606,-0.175063956952146,1.008945293193291,0.03839846444433492
2012-01-10 13:31:00,0.1729599656878487,-0.1709047774503373,1.008774664838252,0.03766560948391229
2012-01-10 13:32:00,0.1737425898157709,-0.1666106433650858,1.0086113956994014,0.03693902498320201
2012-01-10 13:33:00,0.1745497696981487,-0.1622413668719671,1.0084573621680195,0.03623169925313574
2012-01-10 13:34:00,0.1753807942910548,-0.1578544678635164,1.0083140924900498,0.03555481030444163
2012-01-10 13:35:00,0.1762339933222819,-0.153504609595744,1.0081827743314569,0.03491767403409107
2012-01-10 13:36:00,0.1771068456610898,-0.1492431025865043,1.008064264152016,0.03432775226714879
2012-01-10 13:37:00,0.1779961023767895,-0.145117483605478,1.0079590976229749,0.03379071334106909
2012-01-10 13:38:00,0.1788979197002201,-0.1411711731637249,1.0078675006347382,0.03331053640287762
2012-01-10 13:39:00,0.179807997170006,-0.137443211561741,1.0077894007486992,0.032889649726492776
2012-01-10 13:40:00,0.180721716061699,-0.1339680710912618,1.0077244392579543,0.03252909315232233
2012-01-10 13:41:00,0.1816342726369057,-0.1307755407177955,1.0076719843103426,0.032228695110881445
2012-01-10 13:42:00,0.182540800161578,-0.1278906792549203,1.0076311457653688,0.03198725548348902
2012-01-10 13:43:00,0.1834364736085258,-0.1253338330821261,1.0076007925633856,0.031802726658227254
2012-01-10 13:44:00,0.1843165918954527,-0.1231207143618612,1.0075795733610609,0.031672386471299996
2012-01-10 13:45:00,0.1851766344183067,-0.1212625355191941,1.0075659410194946,0.031592998210793644
2012-01-10 13:46:00,0.1860122911485973,-0.1197661958539645,1.0075581812264105,0.031560954420025045
2012-01-10 13:47:00,0.1868194681196216,-0.1186345164769764,1.0075544451516194,0.031572402748838435
2012-01-10 13:48:00,0.1875942722799645,-0.1178665193026399,1.007552785658924,0.03162335338718769
2012-01-10 13:49:00,0.1883329812819982,-0.1174577436349034,1.0075511962727983,0.031709768534307736
2012-01-10 13:50:00,0.1890320047000198,-0.1174005904676148,1.0075476518675397,0.03182763494047092
2012-01-10 13:51:00,0.1896878431552681,-0.1176846817902417,1.0075401499927163,0.031973020973083965
2012-01-10 13:52:00,0.1902970506996924,-0.1182972213048232,1.00752675190491,0.03214211999971295
2012-01-10 13:53:00,0.1908562039233412,-0.1192233439900418,1.0075056226498984,0.032331282098607694
2012-01-10 13:54:00,0.1913618793177413,-0.1204464441463691,1.0074750697794663,0.03253703613510295
2012-01-10 13:55:00,0.1918106391024292,-0.121948474328024,1.0074335803783614,0.0327561040912705
2012-01-10 13:56:00,0.1921990252503979,-0.123710210610115,1.0073798559917315,0.032985409274653765
2012-01-10 13:57:00,0.1925235615562603,-0.1257114826947002,1.007312844855792,0.03322207973265634
2012-01-10 13:58:00,0.1927807637563139,-0.1279313700916246,1.007231770671443,0.03346344791575406
2012-01-10 13:59:00,0.1929671576283982,-0.1303483677019891,1.0071361571066424,0.03370704739654928
2012-01-10 14:00:00,0.1930793047364458,-0.1329405253854075,1.0070258472726952,0.03395060727413224
2012-01-10 14:01:00,0.1931138352705936,-0.1356855664410455,1.006901017551962,0.03419204476756721
2012-01-10 14:02:00,0.1930674874469271,-0.1385609895161063,1.0067621853113884,0.03442945641436279
2012-01-10 14:03:00,0.1929371531778267,-0.1415441576833662,1.0066102101788346,0.03466110823154822
2012-01-10 14:04:00,0.1927199300091398,-0.1446123778033002,1.0064462886767378,0.034885425169294715
2012-01-10 14:05:00,0.1924131793687502,-0.1477429730739928,1.0062719421223003,0.03510098018991337
2012-01-10 14:06:00,0.1920145908380195,-0.1509133517924529,1.0060889978432734,0.0353064833300365
2012-01-10 14:07:00,0.1915222515444582,-0.1541010755699423,1.0058995639215371,0.03550077113733252
2012-01-10 14:08:00,0.1909347191371678,-0.1572839304225314,1.0057059978268226,0.03568279690549736
2012-01-10 14:09:00,0.1902510963134401,-0.1604400043072491,1.005510869411226,0.03585162216154081
2012-01-10 14:10:00,0.1894711044332118,-0.1635477748138319,1.005316918823941,0.03600640989105819
2012-01-10 14:11:00,0.1885951531904204,-0.1665862107532529,1.0051270100319931,0.0361464200178947
2012-01-10 14:12:00,0.1876244026067436,-0.1695348911507585,1.0049440808193904,0.0362710076736521
2012-01-10 14:13:00,0.1865608131183679,-0.1723741445245947,1.0047710903317926,0.036379624779699915
2012-01-10 14:14:00,0.1854071797363524,-0.1750852101117969,1.0046109653518658,0.03647182537823368
2012-01-10 14:15:00,0.1841671474371685,-0.1776504206609014,1.0044665464866105,0.03654727493099763
2012-01-10 14:16:00,0.1828452068323527,-0.180053403726129,1.0043405353434662,0.03660576343609567
2012-01-10 14:17:00,0.1814466711030852,-0.1822792958187995,1.0042354436341427,0.03664722176334023
2012-01-10 14:18:00,0.17997763651943,-0.1843149620004764,1.0041535450500612,0.03667174018633412
2012-01-10 14:19:00,0.178444929376325,-0.1861492125646394,1.0040968307468667,0.0366795877581747
2012-01-10 14:20:00,0.1768560420472631,-0.187773007926562,1.0040669693538553,0.03667123094154001
2012-01-10 14:21:00,0.1752190603472365,-0.1891796424599903,1.0040652725501047,0.0366473497633486
2012-01-10 14:22:00,0.1735425836949238,-0.1903648978425746,1.0040926673790085,0.036608849745368266
2012-01-10 14:23:00,0.1718356388094842,-0.1913271566835711,1.004149676559798,0.03655686799366209
2012-01-10 14:24:00,0.1701075870347865,-0.1920674680166251,1.0042364080306985,0.03649277211735269
2012-01-10 14:25:00,0.1683680250829428,-0.1925895578716731,1.0043525547369885,0.036418151075256144
2012-01-10 14:26:00,0.1666266792297313,-0.1928997806854828,1.0044974052059117,0.03633479758475966
2012-01-10 14:27:00,0.1648932937717661,-0.1930070105368689,1.0046698647735115,0.036244682317505106
2012-01-10 14:28:00,0.1631775156709116,-0.1929224745547842,1.0048684865798316,0.036149920682385206
2012-01-10 14:29:00,0.1614887785391317,-0.192659533742793,1.0050915107785632,0.03605273349148863
2012-01-10 14:30:00,0.1598361902199103,-0.1922334185296043,1.005336909921216,0.03595540316826984
2012-01-10 14:31:00,0.15822842889172,-0.1916609275747582,1.005602438222168,0.035860227360201336
2012-01-10 14:32:00,0.1566736526035198,-0.1909600988991003,1.0058856823875395,0.03576947185362078
2012-01-10 14:33:00,0.1551794264609024,-0.1901498624097007,1.0061841118595412,0.03568532457003393
2012-01-10 14:34:00,0.1537526705436731,-0.1892496824467644,1.0064951266303224,0.03560985218184398
2012-01-10 14:35:00,0.1523996302615138,-0.1882791982910391,1.0068161011506724,0.035544960563858696
2012-01-10 14:36:00,0.1511258693013239,-0.1872578699167314,1.0071444232450382,0.03549235993869737
2012-01-10 14:37:00,0.1499362835672378,-0.1862046358147219,1.0074775273208003,0.03545353521308825
2012-01-10 14:38:00,0.1488351326013653,-0.1851375893461917,1.007812921531551,0.03542972165731517
2012-01-10 14:39:00,0.1478260831025094,-0.1840736796021904,1.008148208922481,0.03542188576508565
2012-01-10 14:40:00,0.1469122577847623,-0.1830284420260971,1.0084811029056686,0.035430710861789505
2012-01-10 14:41:00,0.1460962825711677,-0.1820157631240153,1.008809437595981,0.035456586820254765
2012-01-10 14:42:00,0.1453803263569317,-0.1810476824921504,1.0091311735318378,0.03549960310044087
2012-01-10 14:43:00,0.144766129887069,-0.1801342341800482,1.0094443991690447,0.035559544256082765
2012-01-10 14:44:00,0.1442550226730361,-0.1792833281797204,1.0097473284084415,0.035635887055668114
2012-01-10 14:45:00,0.1438479285002328,-0.1785006716970185,1.0100382944019672,0.035727798453111914
2012-01-10 14:46:00,0.1435453607670514,-0.1777897289024935,1.0103157399836984,0.03583413380703626
2012-01-10 14:47:00,0.1433474088879578,-0.1771517171621318,1.010578205233189,0.03595343496738157
2012-01-10 14:48:00,0.1432537165875179,-0.1765856374420732,1.0108243128275003,0.03608392810145844
2012-01-10 14:49:00,-0.5470907859649882,0.23060205781661802,0.594325176475475,0.0
2012-01-10 14:50:00,-0.5460680205299482,0.2455339776950723,0.5909039188378608,0.0
2012-01-10 14:51:00,-0.5446595605210564,0.26159862401778167,0.5871559770361754,0.0
2012-01-10 14:52:00,-0.5428164321380565,0.2787010118462135,0.5831227454019419,0.0
2012-01-10 14:53:00,-0.5404895269142668,0.29673206072671715,0.5788521925214261,0.0
2012-01-10 14:54:00,0.1447958864005737,-0.1743863603604864,1.0118865989004848,0.0369623621099735
2012-01-10 14:55:00,0.1453765577684198,-0.174129973792397,1.0119831578331644,0.03709474160248205
2012-01-10 14:56:00,0.1460376022315667,-0.1738710732446596,1.0120534027705013,0.03721271754454758
2012-01-10 14:57:00,0.1467725896508952,-0.1735946922960472,1.0120960313464158,0.03731175975853773
2012-01-10 14:58:00,0.1475741500141895,-0.1732853254384199,1.0121097116284006,0.03738710332124029
2012-01-10 14:59:00,0.1484339443105045,-0.1729271444297165,1.0120930889989506,0.03743378290068611
2012-01-10 15:00:00,0.1493426516817802,-0.1725042003614543,1.0120447984481498,0.03744667372335164
2012-01-10 15:01:00,0.1502899745366338,-0.1720006073965924,1.0119634824744808,0.03742053924765609
2012-01-10 15:02:00,0.1512646625500185,-0.1714007054099127,1.0118478146411385,0.037350085528234045
2012-01-10 15:03:00,0.1522545561080556,-0.1706892000010473,1.011696528640443,0.03723002218205251
2012-01-10 15:04:00,0.1532466496602346,-0.1698512796321968,1.0115084524766484,0.03705512980578107
2012-01-10 15:05:00,0.154227175511238,-0.1688727109656578,1.0112825470952325,0.03682033363282655
2012-01-10 15:06:00,0.1551817087663921,-0.167739914796498,1.011017948479216,0.036520783148469516
2012-01-10 15:07:00,0.156095294265145,-0.1664400263605356,1.0107140119216511,0.036151937295576975
2012-01-10 15:08:00,0.1569525960964454,-0.1649609453943606,1.0103703568978066,0.035709654789708
2012-01-10 15:09:00,0.1577380694376965,-0.1632913831172123,1.009986910739153,0.035190288891217225
2012-01-10 15:10:00,0.1584361529322609,-0.161420914870885,1.00956394920941,0.03459078570081431
2012-01-10 15:11:00,0.1590314778151893,-0.1593400477825867,1.009102132161018,0.03390878461078617
2012-01-10 15:12:00,0.1595090879970234,-0.1570403121125907,1.008602532711495,0.03314271897647525
2012-01-10 15:13:00,0.1598546638969077,-0.154514383259203,1.008066658736492,0.03229191446011059
2012-01-10 15:14:00,0.1600547422502435,-0.1517562394420026,1.0074964658261316,0.03135668193817209
2012-01-10 15:15:00,0.1600969242206698,-0.1487613583417831,1.0068943611588812,0.03033840140711197
2012-01-10 15:16:00,0.1599700645568169,-0.1455269545191992,1.0062631980410115,0.029239592989732
2012-01-10 15:17:00,0.1596644350097119,-0.1420522581693424,1.005606261175324,0.028063970953653206
2012-01-10 15:18:00,0.159171855693337,-0.1383388345435645,1.0049272430799994,0.02681647662671449
2012-01-10 15:19:00,0.1584857885513564,-0.1343909419141552,1.004230212482443,0.02550328624722198
2012-01-10 15:20:00,0.1576013877522861,-0.130215923937685,1.0035195759420537,0.024131790136069586
2012-01-10 15:21:00,0.1565155030701894,-0.1258246296578741,1.0028000343402688,0.02271054018363383
2012-01-10 15:22:00,0.1552266345658234,-0.1212318517229989,1.0020765361283412,0.02124916362746343
2012-01-10 15:23:00,0.1537348402394521,-0.1164567712758036,1.0013542293215827,0.01975824255538905
2012-01-10 15:24:00,0.1520416023154153,-0.1115233961580472,1.0006384142545668,0.018249160474565596
2012-01-10 15:25:00,0.1501496616943468,-0.1064609764169302,0.999934499185688,0.01673391950318326
2012-01-10 15:26:00,0.1480628332037896,-0.1013043765930483,0.9992479610465984,0.015224934164357329
2012-01-10 15:27:00,0.1457858162415263,-0.0960943779861599,0.9985843139976864,0.013734810421337507
2012-01-10 15:28:00,0.1433240162415304,-0.0908778772658643,0.9979490889012284,0.012276121543298935
2012-01-10 15:29:00,0.1406833921398494,-0.0857079425814395,0.9973478270673763,0.010861195417815717
2012-01-10 15:30:00,0.1378703433839947,-0.0806436878250359,0.99678609110356,0.009501930353952748
2012-01-10 15:31:00,0.1348916466122404,-0.0757499327216464,0.996269493920264,0.00820965733781498
2012-01-10 15:32:00,0.1317544470478941,-0.071096630877565,0.9958037441165684,0.006995065546804513
2012-01-10 15:33:00,0.1284663036561123,-0.0667580662873478,0.9953947030167812,0.005868204778019859
2012-01-10 15:34:00,0.1250352811180488,-0.062811836652372,0.9950484464455716,0.004838573663282109
2012-01-10 15:35:00,0.1214700765590768,-0.0593376558992603,0.9947713231825028,0.003915296393652179
2012-01-10 15:36:00,0.1177801655030581,-0.0564160164153129,0.9945700017866972,0.003107383458067936
2012-01-10 15:37:00,0.1139759500431542,-0.0541267532957259,0.9944514979458478,0.00242406414516827
2012-01-10 15:38:00,0.1100688924109559,-0.0525475501164688,0.9944231754812186,0.0018751708840618608
2012-01-10 15:39:00,0.106071618494845,-0.0517524212874719,0.9944927153814508,0.0014715484256171418
2012-01-10 15:40:00,0.1019979781769572,-0.0518102019899501,0.9946680485472932,0.0012254548218932904
2012-01-10 15:41:00,0.0978630525521136,-0.052783073763049,0.9949572492321404,0.0011509165606755634
2012-01-10 15:42:00,0.0936831019388503,-0.0547251518245977,0.995368387464659,0.0012639974527726139
2012-01-10 15:43:00,0.0894754526564005,-0.057681158730006,0.9959093400721104,0.0015829403216540694
2012-01-10 15:44:00,0.0852583243462595,-0.0616852073948047,0.9965875613097062,0.002128142524148169
2012-01-10 15:45:00,0.0810506028632167,-0.0667597140707514,0.997409815530046,0.0029219310409858146
2012-01-10 15:46:00,0.0768715664124179,-0.0729144578622354,0.9983818757521088,0.003988110347100449
2012-01-10 15:47:00,0.0727405747970404,-0.0801457975275709,0.9995081933639836,0.005351266316837355
2012-01-10 15:48:00,0.0686767334708328,-0.0884360489683688,1.0007915454894256,0.007035821607390913
2012-01-10 15:49:00,0.0646985455253075,-0.0977530191230452,1.0022326677213953,0.009064851626844339
2012-01-10 15:50:00,0.0608235656261567,-0.1080496863167351,1.0038298808285944,0.011458684521011175
2012-01-10 15:51:00,0.0570680700404188,-0.1192640164322961,1.005578720427867,0.014233322865625064
2012-01-10 15:52:00,0.0534467561210793,-0.1313189098542988,1.0074715783509736,0.017398738455178808
2012-01-10 15:53:00,0.0499724829627395,-0.1441222840541556,1.0094973637035036,0.020957104455800346
2012-01-10 15:54:00,0.0466560625313013,-0.1575673067171396,1.0116411908523348,0.024901040757666415
2012-01-10 15:55:00,0.0435061075291574,-0.1715328002551989,1.0138841011895947,0.029211957567905955
2012-01-10 15:56:00,0.0405289388823522,-0.1858838380010128,1.0162028256440137,0.03385858750788229
2012-01-10 15:57:00,0.0377285526336938,-0.2004725456062633,1.0185695953950586,0.03879579604893579
2012-01-10 15:58:00,0.0351066437950306,-0.2151391107808701,1.0209520088084787,0.04396375306626554
2012-01-10 15:59:00,0.0326626834396976,-0.2297129941464877,1.0233129629825968,0.049287534843261094
2012-01-10 16:00:00,0.0303940445505353,-0.2440143266957026,1.0256106582674882,0.054677207456749644
2012-01-10 16:01:00,0.0282961714125312,-0.2578554762168081,1.0277986836226582,0.060028421311463465
2012-01-10 16:02:00,0.0263627865749977,-0.2710427648494861,1.0298261898150625,0.06522352495720907
2012-01-10 16:03:00,0.0245861287835101,-0.2833783205965949,1.0316381563835504,0.07013318611243746
2012-01-10 16:04:00,0.0229572148808779,-0.2946620458962519,1.0331757570466211,0.07461849042146596
2012-01-10 16:05:00,0.0214661184245315,-0.3046936862126998,1.0343768267169495,0.07853347481991735
2012-01-10 16:06:00,0.0201022576699419,-0.3132749813651192,1.0351764314323637,0.08172804295062441
2012-01-10 16:07:00,0.0188546858069628,-0.3202118819565048,1.035507540376,0.08405120483239115
2012-01-10 16:08:00,0.0177123769595741,-0.3253168124542303,1.0353017968806792,0.08535458140982755
2012-01-10 16:09:00,0.0166645021395421,-0.3284109610695471,1.0344903829775662,0.08549611581767258
2012-01-10 16:10:00,0.015700689659275,-0.3293265748611146,1.0330049696274624,0.08434393613860558
2012-01-10 16:11:00,0.0148112644316756,-0.3279092368143938,1.030778742214622,0.08178031806084429
2012-01-10 16:12:00,0.0139874605241972,-0.3240201000930835,1.0277474882276825,0.0777056991008993
2012-01-10 16:13:00,0.0132216017178166,-0.3175380530207356,1.0238507314314875,0.07204269790012385
2012-01-10 16:14:00,0.01250724571522,-0.3083617864306985,1.0190328943941145,0.06474009146991322
2012-01-10 16:15:00,0.0118392887850459,-0.2964117327842241,1.0132444690769076,0.0557766990259001
2012-01-10 16:16:00,0.0112140287720172,-0.2816318441039763,1.0064431733532786,0.04516511195318973
2012-01-10 16:17:00,0.010629185508156,-0.2639911737295057,0.9985950697713352,0.03295519397661506
2012-01-10 16:18:00,0.0100838787790753,-0.2434852255922756,0.9896756216018576,0.019237251912416875
2012-01-10 16:19:00,0.0095785651205969,-0.2201370343045554,0.9796706602687564,0.004144743238541082
2012-01-10 16:20:00,0.0091149357848135,-0.1939979398136448,0.968577237751738,0.0
2012-01-10 16:21:00,0.0086957791673902,-0.1651480216624024,0.956404337582683,0.0
2012-01-10 16:22:00,0.0083248118230478,-0.1336961601597813,0.943173418690338,0.0
2012-01-10 16:23:00,0.0080064830075324,-0.0997796951660859,0.9289187676514497,0.0
2012-01-10 16:24:00,0.0077457585884527,-0.0635636577032996,0.9136876370130514,0.0
2012-01-10 16:25:00,0.0075478910911602,-0.02523955507056,0.897540150410259,0.0
2012-01-10 16:26:00,0.0074181833110975,0.0149763033985812,0.8805489592950192,0.0
2012-01-10 16:27:00,0.0073617531148061,0.0568449451160757,0.8627986412211617,0.0
2012-01-10 16:28:00,0.0073833067619677,0.1001073334269497,0.8443848357880306,0.0
2012-01-10 16:29:00,0.0074869273372449,0.1444874115584331,0.8254131214974793,0.0
2012-01-10 16:30:00,0.0076758836070308,0.1896955613236761,0.8059976448833446,0.0
2012-01-10 16:31:00,0.0079524628611524,0.2354324291273176,0.7862595223681696,0.0
2012-01-10 16:32:00,0.0083178295092884,0.2813930516619126,0.7663250455364232,0.0
2012-01-10 16:33:00,0.0087719099898746,0.327271191724215,0.7463237317958827,0.0
2012-01-10 16:34:00,0.0093133041276028,0.3727637731172453,0.726386273615328,0.0
2012-01-10 16:35:00,0.0099392231140392,0.417575287728609,0.7066424480447977,0.0
2012-01-10 16:36:00,0.0106454543629763,0.4614220438611678,0.6872190510176692,0.0
2012-01-10 16:37:00,0.0114263534578498,0.504036135058189,0.6682379170031868,0.0
2012-01-10 16:38:00,0.0122748632855105,0.5451690289389005,0.6498140758772737,0.0
2012-01-10 16:39:00,0.0131825602356122,0.5845946992961579,0.6320540884705307,0.0
2012-01-10 16:40:00,0.0141397270079058,0.6221122474831026,0.6150545921661033,0.0
2012-01-10 16:41:00,0.0151354511232409,0.6575479794719757,0.5989010788595763,0.0
2012-01-10 16:42:00,0.0161577477301618,0.690756922759001,0.5836669196660216,0.0
2012-01-10 16:43:00,0.0171937047889409,0.7216237826250907,0.5694126439158184,0.0
2012-01-10 16:44:00,0.0182296482318778,0.7500633503302427,0.5561854740514263,0.0
2012-01-10 16:45:00,0.0192513242739614,0.7760203868694692,0.5440191127528816,0.0
2012-01-10 16:46:00,0.0202440957336925,0.7994690151670005,0.5329337737806291,0.0
2012-01-10 16:47:00,0.0211931490802149,0.8204116611311236,0.5229364436533368,0.0
2012-01-10 16:48:00,0.0220837089672379,0.8388775898561265,0.5140213575411025,0.0
2012-01-10 16:49:00,0.0229012571934973,0.8549210874979132,0.5061706697576989,0.0
2012-01-10 16:50:00,0.0236317532565192,0.8686193420958946,0.4993552969601492,0.002204437142063531
2012-01-10 16:51:00,0.024261853877613,0.8800700780254236,0.4935359105377373,0.009301577715782328
2012-01-10 16:52:00,0.0247791290534623,0.8893889989925543,0.4886640536352997,0.01509573641155093
2012-01-10 16:53:00,0.0251722723431579,0.8967070936641847,0.4846833577638952,0.019625035204545727
2012-01-10 16:54:00,0.0254313032382151,0.9021678563011882,0.4815308339571488,0.02294942992258564
2012-01-10 16:55:00,0.0255477595842622,0.9059244722770056,0.4791382138682905,0.02514646050164071
2012-01-10 16:56:00,0.0255148781189241,0.9081370152644404,0.4774333169985791,0.026307176082821515
2012-01-10 16:57:00,0.0253277612580665,0.908969699290784,0.4763414213365854,0.026532298274186017
2012-01-10 16:58:00,0.0249835283061967,0.9085882249115088,0.4757866160128722,0.025928673500966726
2012-01-10 16:59:00,0.0244814492915359,0.90715725453785,0.4756931160862214,0.02460605430179008
2012-01-10 17:00:00,0.0238230596316763,0.9048380475649804,0.475986521234829,0.022674238889713427
2012-01-10 17:01:00,0.0230122538210755,0.9017862814686396,0.4765950018950831,0.020240587852853542
2012-01-10 17:02:00,0.0220553563073144,0.8981500805456912,0.4774503982389479,0.017407926401502127
2012-01-10 17:03:00,0.0209611677099426,0.894068269535676,0.4784892192766687,0.014272830212008758
2012-01-10 17:04:00,0.0197409845538743,0.8896688650311513,0.4796535312912994,0.010924282999071444
2012-01-10 17:05:00,0.0184085907521832,0.8850678134079968,0.480891726743987,0.00744268491815836
2012-01-10 17:06:00,0.016980219188004,0.8803679800202683,0.4821591667240682,0.003899183257306982
2012-01-10 17:07:00,0.0154744819130799,0.8756583906425308,0.4834186919360025,0.0003552910872521853
2012-01-10 17:08:00,0.0139122676997559,0.8710137226357118,0.4846409990893687,0.0
2012-01-10 17:09:00,0.0123166059557689,0.8664940400799729,0.4858048813674855,0.0
2012-01-10 17:10:00,0.0107124963433737,0.8621447641683521,0.4868973333847488,0.0
2012-01-10 17:11:00,0.0091267038463775,0.857996867488093,0.4879135227008082,0.0
2012-01-10 17:12:00,0.0075875195162705,0.8540672784278486,0.4888566315433798,0.0
2012-01-10 17:13:00,0.0061244877153105,0.8503594798320949,0.4897375739038119,0.0
2012-01-10 17:14:00,0.0047681013490818,0.8468642841764384,0.4905745946100288,0.0
2012-01-10 17:15:00,0.0035494672887085,0.8435607659646744,0.4913927583372189,0.0
2012-01-10 17:16:00,0.0024999448293959,0.8404173307643981,0.4922233377554294,0.0
2012-01-10 17:17:00,0.0016507605302055,0.83739289931407,0.4931031110966554,0.0
2012-01-10 17:18:00,0.0010326031176846,0.8344381844428833,0.4940735803371711,0.0
2012-01-10 17:19:00,0.000675202386427,0.8314970381157346,0.4951801219530806,0.0
2012-01-10 17:20:00,0.0006068962796529,0.8285078457141142,0.4964710828511237,0.0
2012-01-10 17:21:00,0.0008541906214364,0.825404944665083,0.497996834630271,0.0
2012-01-10 17:22:00,0.0014413163039926,0.8221200447209314,0.499808799815594,0.0
2012-01-10 17:23:00,0.0023897891148158,0.8185836275647936,0.5019584641409712,0.0
2012-01-10 17:24:00,0.0037179778284029,0.8147263039726441,0.5044963893406725,0.0
2012-01-10 17:25:00,0.0054406866784295,0.8104801075080581,0.5074712412207334,0.0
2012-01-10 17:26:00,0.0075687588403845,0.8057797046779815,0.510928847988432,0.0
2012-01-10 17:27:00,0.0101087080538158,0.8005635026545314,0.5149113038917532,0.0
2012-01-10 17:28:00,0.0130623859585599,0.7947746370909285,0.5194561331326063,0.0
2012-01-10 17:29:00,0.0164266930727578,0.7883618242536768,0.524595528739178,0.0
2012-01-10 17:30:00,0.0201933415667666,0.7812800636867522,0.5303556805828087,0.0
2012-01-10 17:31:00,0.0243486780552331,0.7734911799490843,0.5367562059697342,0.0
2012-01-10 17:32:00,0.0288735745123884,0.7649641946591602,0.5438096951930246,0.0
2012-01-10 17:33:00,0.0337433950876777,0.7556755231785235,0.5515213830576368,0.0
2012-01-10 17:34:00,0.0389280460357519,0.7456089938107601,0.559888955651423,0.0
2012-01-10 17:35:00,0.0443921151529903,0.7347556914280287,0.5689024994861009,0.0
2012-01-10 17:36:00,0.0500951060091915,0.7231136320086252,0.5785445975348456,0.0
2012-01-10 17:37:00,0.0559917708567962,0.7106872797232157,0.5887905736078491,0.0
2012-01-10 17:38:00,0.0620325443776655,0.6974869239933875,0.5996088828906353,0.0
2012-01-10 17:39:00,0.0681640783933557,0.6835279404159543,0.6109616422730954,0.0
2012-01-10 17:40:00,0.0743298753399642,0.668829966652613,0.6228052892701461,0.0
2012-01-10 17:41:00,0.0804710157077942,0.6534160323774305,0.6350913528354005,0.0
2012-01-10 17:42:00,0.0865269717553442,0.6373116912007608,0.6477673131677305,0.0
2012-01-10 17:43:00,0.0924364965975366,0.6205442121690754,0.6607775207055216,0.0
2012-01-10 17:44:00,0.0981385742602115,0.6031418986235958,0.6740641371064267,0.0
2012-01-10 17:45:00,0.1035734126346127,0.5851336107910858,0.6875680541841623,0.0
2012-01-10 17:46:00,0.1086834576932444,0.5665485700301341,0.7012297430825104,0.0
2012-01-10 17:47:00,0.1134144039505056,0.5474165100914712,0.7149899885892124,0.0
2012-01-10 17:48:00,0.1177161728923667,0.5277682113320503,0.7287904736345037,0.0
2012-01-10 17:49:00,0.1215438282527722,0.5076364130839132,0.7425741944620476,0.0
2012-01-10 17:50:00,0.1248583959194671,0.487057058025341,0.7562857036262907,0.0
2012-01-10 17:51:00,0.127627558735855,0.4660707898016057,0.7698711925000064,0.0
2012-01-10 17:52:00,0.1298262030464556,0.444724605191954,0.7832784359010697,0.0
2012-01-10 17:53:00,0.131436802846378,0.4230735533864201,0.7964566288342483,0.0
2012-01-10 17:54:00,0.1324496362480498,0.401182373918407,0.8093561498093006,0.0
2012-01-10 17:55:00,0.132862835932905,0.379126968917544,0.8219282872421039,0.0
2012-01-10 17:56:00,0.1326822800243446,0.3569956133117503,0.8341249654457158,0.0
2012-01-10 17:57:00,0.1319213330656486,0.3348898175735371,0.8458985050206604,0.0
2012-01-10 17:58:00,0.1306004492781785,0.3129247709364334,0.8572014493155793,0.0
2012-01-10 17:59:00,0.1287466523309713,0.2912293083323332,0.8679864842598021,0.0
2012-01-10 18:00:00,0.1263929074649462,0.2699453614197035,0.8782064734747287,0.0
2012-01-10 18:01:00,0.1235774030242134,0.2492268728882751,0.8878146242585667,0.0
2012-01-10 18:02:00,0.120342759399297,0.2292381736747297,0.8967647928375599,0.0
2012-01-10 18:03:00,0.1167351842144358,0.2101518446768743,0.9050119292881604,0.0
2012-01-10 18:04:00,0.1128035934483769,0.192146107803104,0.912512653935678,0.0
2012-01-10 18:05:00,0.1085987192009333,0.175401815192006,0.9192259480322316,0.0
2012-01-10 18:06:00,0.1041722257940159,0.1600991281166946,0.9251139326665212,0.0
2012-01-10 18:07:00,0.0995758561120572,0.1464139937008365,0.9301427025427192,0.0
2012-01-10 18:08:00,0.0948606287695194,0.1345145326290504,0.9342831772731356,0.0
2012-01-10 18:09:00,0.0900761036278905,0.1245574434205674,0.9375119329136872,0.0
2012-01-10 18:10:00,0.0852697288357198,0.1166845141420997,0.9398119796505384,0.0
2012-01-10 18:11:00,0.0804862777628064,0.1110193187625304,0.9411734560950984,0.0
2012-01-10 18:12:00,0.0757673798089127,0.1076641675499767,0.9415942153430992,0.0
2012-01-10 18:13:00,0.0711511456547862,0.1066973791984697,0.9410802823176992,0.0
2012-01-10 18:14:00,0.0666718851077339,0.1081709443350558,0.9396461658891396,0.0
2012-01-10 18:15:00,0.0623599139261525,0.1121086522039444,0.9373150130107312,0.0
2012-01-10 18:16:00,0.0582414445682011,0.1185047507041761,0.9341185958736804,0.0
2012-01-10 18:17:00,0.0543385545344968,0.1273232016137115,0.9300971270273,0.0
2012-01-10 18:18:00,0.0506692248005462,0.138497577536947,0.925298901595902,0.0
2012-01-10 18:19:00,0.0472474398660265,0.1519316270706552,0.9197797701595678,0.0
2012-01-10 18:20:00,0.044083340456289,0.1675005123430214,0.9136024505506324,0.0
2012-01-10 18:21:00,0.0411834200410905,0.1850526996474991,0.9068356917513328,0.0
2012-01-10 18:22:00,0.0385507568461626,0.2044124595810236,0.8995533082848386,0.0
2012-01-10 18:23:00,0.0361852735002583,0.2253829079712244,0.8918331089696114,0.0
2012-01-10 18:24:00,0.0340840167139001,0.2477494938989684,0.883755749339189,0.0
2012-01-10 18:25:00,0.0322414496222649,0.2712838196175205,0.8754035413000143,0.0
2012-01-10 18:26:00,0.0306497498960891,0.2957476647532041,0.8668592548816122,0.0
2012-01-10 18:27:00,0.0292991074982445,0.3208970878094142,0.8582049441593216,0.0
2012-01-10 18:28:00,0.0281780170370969,0.3464864895982594,0.8495208239068115,0.0
2012-01-10 18:29:00,0.0272735610291636,0.3722725391555058,0.8408842181341956,0.0
2012-01-10 18:30:00,0.0265716817871816,0.3980178779288423,0.8323685980279826,0.0
2012-01-10 18:31:00,0.0260574406512852,0.4234945320471968,0.8240427242174971,0.0
2012-01-10 18:32:00,0.0257152636801159,0.4484869766005968,0.8159699053901077,0.0
2012-01-10 18:33:00,0.0255291729296433,0.4727948102952571,0.8082073817331834,0.0
2012-01-10 18:34:00,0.0254830023921439,0.4962350127592399,0.8008058379747115,0.0
2012-01-10 18:35:00,0.0255605977038696,0.5186437694684061,0.7938090473557935,0.0
2012-01-10 18:36:00,0.0257459988609199,0.539877860523944,0.7872536448319407,0.0
2012-01-10 18:37:00,0.026023605363512,0.5598156193359233,0.7811690251737887,0.0
2012-01-10 18:38:00,0.0263783234046181,0.5783574756821327,0.7755773594149762,0.0
2012-01-10 18:39:00,0.0267956949170124,0.5954261046575989,0.7704937212727332,0.0
2012-01-10 18:40:00,0.0272620084898706,0.6109662087648243,0.7659263137374158,0.0
2012-01-10 18:41:00,0.0277643923562392,0.6249439648998742,0.7618767849659793,0.0
2012-01-10 18:42:00,0.0282908898266613,0.6373461713652,0.7583406218804484,0.0
2012-01-10 18:43:00,0.0288305176937877,0.6481791323852256,0.7553076094257104,0.0
2012-01-10 18:44:00,0.0293733082547612,0.6574673190008401,0.7527623432547055,0.0
2012-01-10 18:45:00,0.0299103356966766,0.6652518457529674,0.7506847836656823,0.0034850725777688663
2012-01-10 18:46:00,0.0304337276759793,0.6715888023158062,0.7490508388963948,0.00649634397131682
2012-01-10 18:47:00,0.0309366630081567,0.6765474782946326,0.7478329663606097,0.008924037319269829
2012-01-10 18:48:00,0.0314133564786436,0.6802085178514891,0.7470007810690618,0.010782169233689132
2012-01-10 18:49:00,0.0318590318886399,0.6826620387585919,0.7465216612843558,0.012095374874163234
2012-01-10 18:50:00,0.0322698845498072,0.6840057480023801,0.7463613423846317,0.01289706394842649
2012-01-10 18:51:00,0.054581649669067395,0.6541089489031998,0.5949662809921312,0.0
2012-01-10 18:52:00,0.0329764719856049,0.6837814066433938,0.74685525183064,0.013132383730203534
2012-01-10 18:53:00,0.0332689960424937,0.6824302736730512,0.747437763014811,0.012660414010410515
2012-01-10 18:54:00,0.03352014850284,0.6803997978239769,0.7481966320806368,0.011862483488427777
2012-01-10 18:55:00,0.0337301438704843,0.677799127065293,0.7490973715498267,0.01078991453162792
2012-01-10 18:56:00,0.0338997969565794,0.6747350462571029,0.7501067893495645,0.009493325539888797
2012-01-10 18:57:00,0.03403044936051,0.6713107159298191,0.7511933325021923,0.008021612665935596
2012-01-10 18:58:00,0.0341238960163054,0.6676245551206108,0.7523273827159086,0.00642112341876766
2012-01-10 18:59:00,0.0341823129063379,0.6637692731310109,0.7534815033910196,0.004735017017366783
2012-01-10 19:00:00,0.0342081869407715,0.6598310524268018,0.754630638319693,0.003002800639770431
2012-01-10 19:01:00,0.0342042488881689,0.6558888824550598,0.7557522630632524,0.0012600261147841518
2012-01-10 19:02:00,0.0341734101195256,0.6520140419529583,0.7568264906096032,0.0
2012-01-10 19:03:00,0.0341187037927471,0.6482697254003233,0.7578361334255448,0.0
2012-01-10 19:04:00,0.0340432309598955,0.6447108076186463,0.7587667244352349,0.0
2012-01-10 19:05:00,0.0339501119374318,0.6413837391203138,0.7596064998000486,0.0
2012-01-10 19:06:00,0.0338424431521908,0.6383265636506545,0.7603463466542302,0.0
2012-01-10 19:07:00,0.0337232595632178,0.6355690484418131,0.7609797191582901,0.0
2012-01-10 19:08:00,0.0335955026542172,0.6331329170030753,0.7615025263698365,0.0
2012-01-10 19:09:00,0.0334619938888455,0.6310321737840711,0.7619129955160527,0.0
2012-01-10 19:10:00,0.0333254134232249,0.6292735097432027,0.7622115142962589,0.0
2012-01-10 19:11:00,0.0331882837824945,0.6278567777218815,0.7624004558451366,0.0
2012-01-10 19:12:00,0.0330529581389719,0.6267755265552365,0.7624839899421582,0.0
2012-01-10 19:13:00,0.0329216127850678,0.6260175830275704,0.7624678839612624,0.0
2012-01-10 19:14:00,-0.07212098164164818,0.38419789210716876,0.7327263454781109,0.0
2012-01-10 19:15:00,-0.07696946651959459,0.3641074001525009,0.7456208328290528,0.0
2012-01-10 19:16:00,-0.08131758731979466,0.344385368792715,0.758547998249349,0.0
2012-01-10 19:17:00,-0.08512491829555244,0.32514098380049117,0.7714251019109217,0.0
2012-01-10 19:18:00,-0.08835815872651641,0.3064800040595402,0.7841671516056548,0.0
2012-01-10 19:19:00,-0.09099176642082865,0.28850484210896354,0.7966872432018858,0.0
2012-01-10 19:20:00,-0.0930084347532891,0.27131459917237927,0.8088969875762074,0.0
2012-01-10 19:21:00,-0.09439940284842896,0.2550050193965994,0.8207070308034284,0.0
2012-01-10 19:22:00,-0.09516459187881945,0.23966833131920776,0.8320276728614823,0.0
2012-01-10 19:23:00,-0.0953125639940015,0.22539295285190314,0.8427695878008578,0.0
2012-01-10 19:24:00,-0.0948603041496586,0.21226304785040023,0.8528446452863336,0.0
2012-01-10 19:25:00,-0.09383282901347309,0.20035793564144683,0.8621668296832057,0.0
2012-01-10 19:26:00,-0.09226263111648039,0.1897513676512973,0.8706532484609226,0.0
2012-01-10 19:27:00,-0.09018897044429296,0.1805106957288054,0.8782252166649758,0.0
2012-01-10 19:28:00,-0.0876570296581423,0.17269596415107974,0.8848093986205069,0.0
2012-01-10 19:29:00,-0.0847169530808371,0.16635896239407091,0.8903389819458949,0.0
2012-01-10 19:30:00,-0.08142279353652394,0.16154227983442884,0.8947548525871154,0.0
2012-01-10 19:31:00,-0.0778313949355659,0.15827840719521885,0.8980067336879769,0.0
2012-01-10 19:32:00,-0.0740012414055547,0.15658893210366723,0.9000542471469892,0.0
2012-01-10 19:33:00,-0.0699913048265708,0.15648387605555636,0.9008678560979114,0.0
2012-01-10 19:34:00,-0.06585992153643914,0.15796121625465298,0.90042964951777,0.0
2012-01-10 19:35:00,-0.061663726299830746,0.16100662877761143,0.8987339356388612,0.0
2012-01-10 19:36:00,-0.057456668161861055,0.16559348100257154,0.8957876174865542,0.0
2012-01-10 19:37:00,-0.0532891290007031,0.17168309214880084,0.8916103309177192,0.0
2012-01-10 19:38:00,-0.049207161641078405,0.17922527034836816,0.886234332735393,0.0
2012-01-10 19:39:00,-0.045251860360797605,0.1881591217703599,0.879704133691478,0.0
2012-01-10 19:40:00,-0.04145887256440775,0.19841411258939765,0.8720758783621106,0.0
2012-01-10 19:41:00,-0.03785805639261935,0.2099113509974822,0.8634164809317713,0.0
2012-01-10 19:42:00,-0.034473285161166003,0.22256504720203907,0.8538025328715058,0.0
2012-01-10 19:43:00,-0.03132239581010355,0.23628410522867366,0.8433190054738383,0.0
2012-01-10 19:44:00,-0.028417275057809152,0.2509737991391994,0.8320577774739872,0.0
2012-01-10 19:45:00,-0.025764073823401,0.2665374843477699,0.8201160258521765,0.0
2012-01-10 19:46:00,-0.02336353775819635,0.28287828934646486,0.8075945264428028,0.0
2012-01-10 19:47:00,-0.021211439296947347,0.2999007244929167,0.7945959194981219,0.0
2012-01-10 19:48:00,-0.01929909440148615,0.3175121363605041,0.7812230019361599,0.0
2012-01-10 19:49:00,-0.017613945270968198,0.33562393452967826,0.7675771096863028,0.0
2012-01-10 19:50:00,-0.01614018910569515,0.3541525273408339,0.753756647987485,0.0
2012-01-10 19:51:00,0.0369675997946617,0.6261505995236261,0.7587915900293436,0.0
2012-01-10 19:52:00,0.0371244691154272,0.626980679709523,0.7585991013223079,0.0
2012-01-10 19:53:00,0.0372604648427567,0.6281759576858762,0.7582997088758134,0.0
2012-01-10 19:54:00,0.0373736658575306,0.6297558807063248,0.7578866265072504,0.0
2012-01-10 19:55:00,0.0374622838229816,0.6317341018945788,0.7573547213225081,0.0
2012-01-10 19:56:00,0.0375246805321855,0.6341177429332221,0.7567007360108393,0.0
2012-01-10 19:57:00,0.0375593844952634,0.6369066952951794,0.7559235009150729,0.0
2012-01-10 19:58:00,0.037565107419167,0.6400929723234515,0.7550241323874246,0.0
2012-01-10 19:59:00,0.0375407613395635,0.643660124802307,0.7540062138935798,0.0
2012-01-10 20:00:00,0.0374854771594686,0.6475827328933258,0.7528759562964743,0.0
2012-01-10 20:01:00,0.0373986252641611,0.6518259874177074,0.7516423337313458,0.0
2012-01-10 20:02:00,0.0372798387559143,0.6563453734302752,0.7503171914734726,0.0
2012-01-10 20:03:00,0.0371290397117168,0.6610864688244934,0.7489153222047399,0.0
2012-01-10 20:04:00,0.0369464687178264,0.6659848702923628,0.747454507128438,0.0017929572699484364
2012-01-10 20:05:00,0.036732717765188,0.6709662582852068,0.7459555185042679,0.003989366427074703
2012-01-10 20:06:00,0.036488766383843,0.6759466116359834,0.7444420804102787,0.006195439733238661
2012-01-10 20:07:00,0.036216020647889,0.6808325811973915,0.7429407848860643,0.008367796797672522
2012-01-10 20:08:00,0.0359163544065785,0.6855220302365836,0.741480961047264,0.010457546881174284
2012-01-10 20:09:00,0.0355921518100395,0.6899047474231178,0.7400944952638847,0.012410600353102375
2012-01-10 20:10:00,0.0352463499175481,0.6938633360584177,0.7388156010610256,0.014168194472589102
2012-01-10 20:11:00,0.034882479925316,0.6972742807274206,0.7376805380355413,0.015667655370637412
2012-01-10 20:12:00,0.0345047053666258,0.7000091898180244,0.736727279788064,0.01684341238267595
2012-01-10 20:13:00,0.0341178555630676,0.7019362093667697,0.7359951316468667,0.017628273927321914
2012-01-10 20:14:00,0.0013521945102510993,0.7713928260252225,0.5212653799626367,0.0
2012-01-10 20:15:00,0.0333397307728497,0.7028314690280856,0.735355414466414,0.01775792656665387
2012-01-10 20:16:00,0.0329616459317961,0.7015336330901956,0.7355290104277503,0.01697533580716093
2012-01-10 20:17:00,0.0326008759417522,0.69889960907205,0.7360849699232989,0.015551359420200583
2012-01-10 20:18:00,0.0322658093239106,0.6948066945670505,0.7370619332707838,0.013438561898738266
2012-01-10 20:19:00,0.0319655228550602,0.6891401213584277,0.7384966843704343,0.01060044248131553
2012-01-10 20:20:00,0.0317097472425758,0.6817952485420959,0.7404235191442401,0.007014030044620201
2012-01-10 20:21:00,0.0315088205231407,0.6726797619825692,0.7428736062310844,0.002672460371013541
2012-01-10 20:22:00,0.0313736287611747,0.661715842952443,0.7458743503550512,0.0
2012-01-10 20:23:00,0.0313155336177958,0.6488422658244528,0.7494487697654376,0.0
2012-01-10 20:24:00,0.031346286386188,0.6340163822085333,0.7536148999615726,0.0
2012-01-10 20:25:00,0.0314779281602138,0.6172159470544528,0.7583852365410724,0.0
2012-01-10 20:26:00,0.0317226759357719,0.5984407410736612,0.7637662304296364,0.0
2012-01-10 20:27:00,0.0320927946554763,0.5777139434845691,0.7697578489375703,0.0
2012-01-10 20:28:00,0.0326004555047007,0.5550832096770829,0.7763532160061347,0.0
2012-01-10 20:29:00,0.0332575811399301,0.5306214100501986,0.7835383446149389,0.0
2012-01-10 20:30:00,0.0340756789512006,0.5044269891228417,0.791291973580326,0.0
2012-01-10 20:31:00,0.0350656638998589,0.4766239081686868,0.7995855198497689,0.0
2012-01-10 20:32:00,0.0362376729084474,0.4473611401884994,0.8083831558612973,0.0
2012-01-10 20:33:00,0.0376008731894936,0.4168116931153868,0.8176420195618624,0.0
2012-01-10 20:34:00,0.0391632672582354,0.385171145859817,0.8273125622278733,0.0
2012-01-10 20:35:00,0.0409314976547942,0.3526556922478474,0.8373390362651152,0.0
2012-01-10 20:36:00,0.0429106545822164,0.3194997001771215,0.8476601216502463,0.0
2012-01-10 20:37:00,0.0451040897308431,0.2859528074863905,0.8582096855850813,0.0
2012-01-10 20:38:00,0.0475132394943784,0.2522765921742033,0.8689176652430896,0.0
2012-01-10 20:39:00,0.0501374605796931,0.2187408727698134,0.8797110581726801,0.0
2012-01-10 20:40:00,0.0529738806807201,0.1856197146980791,0.8905149990310836,0.0
2012-01-10 20:41:00,0.0560172665337877,0.1531872390358459,0.9012538952787572,0.0
2012-01-10 20:42:00,0.0592599115632742,0.1217133471785436,0.9118525894865416,0.0
2012-01-10 20:43:00,0.0626915457114154,0.0914594829654878,0.9222375137226632,0.0
2012-01-10 20:44:00,0.0662992708258482,0.0626745496819256,0.9323378030168606,0.0
2012-01-10 20:45:00,0.0700675257246113,0.0355910855188135,0.942086339377254,0.0
2012-01-10 20:46:00,0.0739780854528747,0.0104217829494598,0.9514207035698404,0.0
2012-01-10 20:47:00,0.078010099326438,-0.0126435808730753,0.9602840175708488,0.0
2012-01-10 20:48:00,0.0821401722722942,-0.0334407525996531,0.9686256657624488,0.0
2012-01-10 20:49:00,0.0863424936694901,-0.051833115265439,0.9764018874618264,0.0
2012-01-10 20:50:00,0.0905890171376539,-0.0677132838802929,0.983576237254964,0.0
2012-01-10 20:51:00,0.094849693418048,-0.0810041752783448,0.9901199129011068,0.0
2012-01-10 20:52:00,0.0990927567962476,-0.091659554690462,0.9960119533560192,0.00511723676574527
2012-01-10 20:53:00,0.1032850636281444,-0.0996640717714679,1.0012393117663707,0.01147461213672285
2012-01-10 20:54:00,0.1073924795318825,-0.1050328082524648,1.0057968101123402,0.016952436794152037
2012-01-10 20:55:00,0.111380309699656,-0.1078103680173413,1.009686983548705,0.02151674170740292
2012-01-10 20:56:00,0.1152137645264396,-0.1080695482767579,1.0129198234750227,0.02516330776602005
2012-01-10 20:57:00,0.1188584502879177,-0.1059096378484141,1.0155124289788566,0.02791520856759644
2012-01-10 20:58:00,0.1222808720878039,-0.1014543952506897,1.017488576535356,0.029819697507375453
2012-01-10 20:59:00,0.125448934407918,-0.0948497642395275,1.0188782177497355,0.030944584119463547
2012-01-10 21:00:00,0.1283324242370785,-0.0862613858381754,1.019716914610065,0.031374240389568264
2012-01-10 21:01:00,0.1309034632350143,-0.0758719632242217,1.020045221309558,0.03120537479538177
2012-01-10 21:02:00,0.13313691808551,-0.0638785304004614,1.019908021292118,0.03054271017723198
2012-01-10 21:03:00,0.1350107611970592,-0.0504896694727938,1.0193538278090728,0.02949470063302906
2012-01-10 21:04:00,0.1365063766866616,-0.0359227158064472,1.0184340559451477,0.028169421202515643
2012-01-10 21:05:00,0.137608808971413,-0.0204009853588582,1.0172022737565949,0.026670760392897286
2012-01-10 21:06:00,0.1383069532406616,-0.0041510536204129,1.0157134398489585,0.025095037765122452
2012-01-10 21:07:00,0.1385936885876361,0.0125998893826134,1.014023134416973,0.02352815538293962
2012-01-10 21:08:00,0.138465955718011,0.0296265883453643,1.0121867905133115,0.022043372132281913
2012-01-10 21:09:00,0.1379247820268018,0.04670816057354,1.0102589321507536,0.020699763765861467
2012-01-10 21:10:00,0.1369752575313745,0.0636304098816601,1.008292425796814,0.01954139992288595
2012-01-10 21:11:00,0.1356264657597249,0.0801880058224202,1.0063377518857335,0.01859723412283154
2012-01-10 21:12:00,0.1338913743358495,0.0961865185457529,1.0044423031305283,0.017881666398238627
2012-01-10 21:13:00,0.1317866907532328,0.1114442996923359,1.002649716651419,0.01739570379217459
2012-01-10 21:14:00,0.129332689604974,0.1257941992033263,1.000999247228224,0.017128614337997172
2012-01-10 21:15:00,0.1265530180640458,0.1390851074041746,0.999525189255837,0.017059947810190046
2012-01-10 21:16:00,0.1234744863020652,0.1511833122367193,0.9982563550341076,0.017161783116337093
2012-01-10 21:17:00,0.1201268485942265,0.1619736638543397,0.997215616651884,0.01740105839829753
2012-01-10 21:18:00,0.1165425792924941,0.1713605422832552,0.9964195180352572,0.017741845539119394
2012-01-10 21:19:00,0.112756646219853,0.1792686262720991,0.9958779632060716,0.018147444740548524
2012-01-10 21:20:00,0.1088062828789036,0.1856434609531855,0.9955939868583532,0.01858219523861293
2012-01-10 21:21:00,0.1047307603495714,0.1904518188978432,0.9955636139010204,0.019012922787810638
2012-01-10 21:22:00,0.1005711596460399,0.1936818460223877,0.995775815002971,0.01940997119707455
2012-01-10 21:23:00,0.0963701451526421,0.1953429835836796,0.9962125646104372,0.019747792348588256
2012-01-10 21:24:00,0.0921717391049084,0.19546566195818,0.9968490058940022,0.02000509559817054
2012-01-10 21:25:00,0.0880210957552192,0.1941007704601807,0.9976537237905664,0.02016458230246787
2012-01-10 21:26:00,0.083964272155273,0.1913189175480715,0.9985891235001636,0.02021231358142095
2012-01-10 21:27:00,0.0800479909981719,0.1872095041145131,0.9996119084548292,0.020136778485292606
2012-01-10 21:28:00,0.0763193901824469,0.1818796364948343,1.0006736496598594,0.01992774480004056
2012-01-10 21:29:00,0.072825753763954,0.1754529043726201,1.0017214376539318,0.019574985334348094
2012-01-10 21:30:00,0.0696142194884877,0.1680680429080288,1.002698608818861,0.019066978529480805
2012-01-10 21:31:00,0.0667314588954709,0.1598774901316056,1.003545538837209,0.01838968375429051
2012-01-10 21:32:00,0.0642233270084212,0.1510458414950946,1.0042004973385343,0.017525489027155228
2012-01-10 21:33:00,0.0621344799493067,0.1417481942307089,1.0046005590106826,0.016452422561338276
2012-01-10 21:34:00,0.0605079604102845,0.1321683655188549,1.00468256754998,0.015143709853810972
2012-01-10 21:35:00,0.059384752611483,0.1224969618620823,1.0043841494853465,0.013567745266970466
2012-01-10 21:36:00,0.0588033099808655,0.1129292748105452,1.0036447746256096,0.011688531123701162
2012-01-10 21:37:00,0.0587990602759693,0.1036629820997366,1.0024068581998402,0.009466617929103194
2012-01-10 21:38:00,0.0594038942524346,0.0948956432144391,1.0006168966765114,0.006860556218173164
2012-01-10 21:39:00,0.0606456451671424,0.0868219925068885,0.998226625211364,0.003828843947748961
2012-01-10 21:40:00,0.0625475672585208,0.0796310490060968,0.9951941803113789,0.00033232411104644477
2012-01-10 21:41:00,0.0651278220283256,0.0735030778691159,0.9914852472421484,0.0
2012-01-10 21:42:00,0.0683989820640323,0.0686064518304702,0.9870741686023828,0.0
2012-01-10 21:43:00,0.0723675635023904,0.0650944701196833,0.9819449888643952,0.0
2012-01-10 21:44:00,0.0770335998057232,0.0631021970777387,0.9760924095457344,0.0
2012-01-10 21:45:00,0.0823902708905981,0.0627433855769296,0.9695226304246966,0.0
2012-01-10 21:46:00,0.088423602579021,0.0641075547870669,0.962254053042496,0.0
2012-01-10 21:47:00,0.0951122517629927,0.0672572995550223,0.9543178232566786,0.0
2012-01-10 21:48:00,0.1024273924778343,0.0722259181032457,0.9457581900320916,0.0
2012-01-10 21:49:00,0.1103327170653651,0.0790154516614282,0.9366326584928768,0.0
2012-01-10 21:50:00,0.1187845645752819,0.0875952295131513,0.9270119169349196,0.0
2012-01-10 21:51:00,0.1277321854698288,0.097901003926944,0.9169795201487848,0.0
2012-01-10 21:52:00,0.1371181477700019,0.1098347433635943,0.906631314928952,0.0
2012-01-10 21:53:00,0.1468788853332518,0.1232651325942355,0.8960745978966619,0.0
2012-01-10 21:54:00,0.1569453842199211,0.1380288073333724,0.885427000682689,0.0
2012-01-10 21:55:00,0.1672439981324507,0.1539323296779641,0.8748151031520308,0.0
2012-01-10 21:56:00,0.1776973785785945,0.1707548894631589,0.8643727818050209,0.0
2012-01-10 21:57:00,0.1882254995624332,0.1882516957776675,0.8542393078289349,0.0
2012-01-10 21:58:00,0.1987467501548839,0.2061580020441502,0.8445572174731663,0.0
2012-01-10 21:59:00,0.2091790612444208,0.224193686631734,0.8354699863437883,0.0
2012-01-10 22:00:00,0.2194410254974284,0.242068288836504,0.8271195485398604,0.0
2012-01-10 22:01:00,0.2294529635973556,0.2594863788361755,0.8196437104342762,0.0
2012-01-10 22:02:00,0.2391378881683402,0.2761531233833513,0.8131735156728872,0.0
2012-01-10 22:03:00,0.248422322073128,0.2917799003062704,0.8078306207783426,0.0
2012-01-10 22:04:00,0.2572369395050583,0.3060898158791832,0.8037247390451943,0.0
2012-01-10 22:05:00,0.2655170126525266,0.3188229881398629,0.8009512056492015,0.0
2012-01-10 22:06:00,0.2732026596861073,0.329741472894615,0.7995887113401899,0.0
2012-01-10 22:07:00,0.2802388997268165,0.3386337246745256,0.7996972470884223,0.0
2012-01-10 22:08:00,0.2865755275766392,0.3453185009751862,0.8013162976790928,0.0
2012-01-10 22:09:00,0.2921668259975246,0.3496481343181818,0.8044633181470672,0.0
2012-01-10 22:10:00,0.2969711365731645,0.3515111129730264,0.8091325228166654,0.0
2012-01-10 22:11:00,0.3009503119473414,0.3508339277326079,0.8152940122412856,0.0
2012-01-10 22:12:00,0.3040690730006847,0.3475821589303893,0.8228932583771537,0.0
2012-01-10 22:13:00,0.3062942950084543,0.3417607944855184,0.831850963094448,0.0
2012-01-10 22:14:00,0.3075942476429322,0.3334137857279889,0.8420632998575385,0.0
2012-01-10 22:15:00,0.3079378151212449,0.3226228631438141,0.8534025429767361,0.0
2012-01-10 22:16:00,0.3072937247247614,0.309505649408541,0.8657180829666148,0.0
2012-01-10 22:17:00,0.3056298140325382,0.2942131225732511,0.8788378200622506,0.0
2012-01-10 22:18:00,0.3029123693280243,0.2769264983559406,0.8925699207313373,0.0
2012-01-10 22:19:00,0.2991055696689503,0.2578536173080845,0.9067049140198008,0.0
2012-01-10 22:20:00,0.2941710727812121,0.2372249395149088,0.9210180960868508,0.0
2012-01-10 22:21:00,0.2880677793457186,0.2152892639866126,0.935272203355225,0.0020312405579021586
2012-01-10 22:22:00,0.2807518097499646,0.1923092976904485,0.9492203089389436,0.008376734935023
2012-01-10 22:23:00,0.2721767205487251,0.1685571964135094,0.9626088946943552,0.014449397365945194
2012-01-10 22:24:00,0.2622939770682332,0.1443101863783319,0.975181052275945,0.02009884080751667
2012-01-10 22:25:00,0.2510536862985072,0.1198463565423383,0.9866797695063348,0.025147828429449737
2012-01-10 22:26:00,0.2384055835395228,0.0954406931066964,0.9968512615430792,0.029397195354414984
2012-01-10 22:27:00,0.2243002587445952,0.0713614136808847,1.0054483089210562,0.032632247873190634
2012-01-10 22:28:00,0.2086906035518871,0.0478666489130172,1.0122335664953557,0.03463026112177903
2012-01-10 22:29:00,0.1915334561406072,0.0252015124540357,1.0169828086984434,0.03516868878425394
2012-01-10 22:30:00,0.1727914171312431,0.0035955937960121,1.0194880773631845,0.03403372382850822
2012-01-10 22:31:00,0.1524348050344953,-0.0167390991391855,1.0195606986735783,0.03102889654250296
2012-01-10 22:32:00,0.1304437139788673,-0.0356097308526641,1.0170341357135844,0.02598345437666638
2012-01-10 22:33:00,0.1068101301339287,-0.0528437577047956,1.0117666427579584,0.01876032805822403
2012-01-10 22:34:00,0.0815400573745931,-0.0682895834744039,1.0036436870313177,0.009263542730825636
2012-01-10 22:35:00,0.0546555979062136,-0.081816770346345,0.9925801032891396,0.0
2012-01-10 22:36:00,0.026196929754947,-0.0933158354117951,0.9785219464025492,0.0
2012-01-10 22:37:00,-0.0037758800008667,-0.1026976725703228,0.961448007321936,0.0
2012-01-10 22:38:00,-0.0351812896061985,-0.1098926486666955,0.9413709585112592,0.0
2012-01-10 22:39:00,-0.0679149890967263,-0.1148494309265657,0.9183380963395036,0.0
2012-01-10 22:40:00,-0.101848962984529,-0.1175336104235209,0.8924316501524148,0.0
2012-01-10 22:41:00,-0.1368309709888301,-0.1179261933972663,0.8637686310097424,0.0
2012-01-10 22:42:00,-0.1726845040366886,-0.1160220380337719,0.8325001974748253,0.0
2012-01-10 22:43:00,-0.209209265630941,-0.111828316589101,0.7988105211605178,0.0
2012-01-10 22:44:00,-0.2461822188464396,-0.1053630777522738,0.7629151402517945,0.0
2012-01-10 22:45:00,-0.2833592266295595,-0.0966539690802442,0.7250587942946067,0.0
2012-01-10 22:46:00,-0.3204772982011937,-0.0857371562886832,0.6855127386729727,0.0
2012-01-10 22:47:00,-0.3572574380848101,-0.0726564529275963,0.6445715442668345,0.0
2012-01-10 22:48:00,-0.3934080772442738,-0.0574626586353937,0.6025493986836571,0.0
2012-01-10 22:49:00,-0.4286290481059488,-0.0402130986933509,0.5597759407052837,0.0
2012-01-10 22:50:00,-0.4626160466889234,-0.0209713575862922,0.5165916784912112,0.0
2012-01-10 22:51:00,-0.4950655053692258,0.0001928005556699,0.4733430637850281,0.0
2012-01-10 22:52:00,-0.5256797782976667,0.0232033338921931,0.430377318236129,0.0
2012-01-10 22:53:00,-0.5541725177664721,0.0479776617411019,0.3880371323944457,0.0
2012-01-10 22:54:00,-0.5802740957846525,0.0744262643788395,0.3466553786059326,0.0
2012-01-10 22:55:00,-0.6037369065699586,0.1024521811256252,0.3065499892223625,0.0
2012-01-10 22:56:00,-0.6243403797758793,0.1319504578097742,0.2680191467106976,0.0
2012-01-10 22:57:00,-0.6418955437954093,0.1628076038261946,0.2313369142140235,0.0
2012-01-10 22:58:00,-0.6562489993784936,0.1949011214243157,0.1967494102540148,0.0
2012-01-10 22:59:00,-0.6672861894025766,0.2280991673130932,0.1644716053273361,0.0
2012-01-10 23:00:00,-0.674933876605354,0.2622604015826603,0.1346847938261348,0.0
2012-01-10 23:01:00,-0.6791617661106001,0.2972340723639251,0.1075347726293285,0.0
2012-01-10 23:02:00,-0.6799832336436328,0.3328603766673109,0.0831307378365521,0.0
2012-01-10 23:03:00,-0.6774551436502091,0.3689711283321194,0.0615448933033354,0.0
2012-01-10 23:04:00,-0.67167676431415,0.4053907528397069,0.0428127487054541,0.0
2012-01-10 23:05:00,-0.6627878089270298,0.4419376157859227,0.026934070619426,0.0
2012-01-10 23:06:00,-0.6509656554079564,0.4784256770056703,0.0138744373671968,0.0
2012-01-10 23:07:00,-0.6364218182109634,0.5146664456538018,0.0035673369610574,0.0
2012-01-10 23:08:00,-0.6193977695178725,0.5504711930283956,-0.0040832627400235,0.0
2012-01-10 23:09:00,-0.6001602290265449,0.5856533603158794,-0.0091999515126688,0.0
2012-01-10 23:10:00,-0.5789960615863488,0.6200310803665945,-0.0119286087604944,0.0
2012-01-10 23:11:00,-0.5562069349553616,0.653429720803859,-0.0124349206032439,0.0
2012-01-10 23:12:00,-0.5321038916938395,0.6856843544022996,-0.0109007718611633,0.0
2012-01-10 23:13:00,-0.5070019791653638,0.7166420717648891,-0.0075205975451034,0.0
2012-01-10 23:14:00,-0.4812150637839166,0.7461640667239768,-0.0024977703531756,0.0
2012-01-10 23:15:00,-0.4550509350919335,0.7741274418310152,0.0039589086686746,0.0
2012-01-10 23:16:00,-0.428806785048948,0.8004266971356905,0.0116385587118674,0.0
2012-01-10 23:17:00,-0.4027651290493789,0.8249748794618811,0.0203313588581685,0.0
2012-01-10 23:18:00,-0.3771902178391307,0.8477043815557584,0.0298314397408905,0.0
2012-01-10 23:19:00,-0.352324973689995,0.8685673909105407,0.0399394968790262,0.0
2012-01-10 23:20:00,-0.3283884699261959,0.8875359968691722,0.0504651035890961,0.0
2012-01-10 23:21:00,-0.3055739601735545,0.9046019718808568,0.0612287090579011,0.0
2012-01-10 23:22:00,-0.2840474525064524,0.9197762486526015,0.0720633142092208,0.0
2012-01-10 23:23:00,-0.2639468139830292,0.9330881195055298,0.0828158243686823,0.0
2012-01-10 23:24:00,-0.2453813828512908,0.9445841876291512,0.0933480834028838,0.0
2012-01-10 23:25:00,-0.2284320589179434,0.954327102236406,0.103537598987845,0.0
2012-01-10 23:26:00,-0.2131518371161879,0.962394110970958,0.1132779729633864,0.0
2012-01-10 23:27:00,-0.1995667450990834,0.9688754634200492,0.1224790543660031,0.0
2012-01-10 23:28:00,-0.1876771426238796,0.9738726993563734,0.1310668357136355,0.0004145439961968922
2012-01-10 23:29:00,-0.1774593384670304,0.9774968544855048,0.1389831154577456,0.003149153277095307
2012-01-10 23:30:00,-0.168867479502163,0.9798666151202168,0.1461849512493927,0.0049999248917145245
2012-01-10 23:31:00,-0.1618356662827325,0.981106451436508,0.1526439298266461,0.006012336526960871
2012-01-10 23:32:00,-0.1562802499118178,0.9813447568748782,0.1583452799653314,0.0062476216347611135
2012-01-10 23:33:00,-0.1521022660643996,0.9807120189174546,0.163286855083255,0.00578017500548067
2012-01-10 23:34:00,-0.1491899636491999,0.9793390439793022,0.1674780117812886,0.004694726146283967
2012-01-10 23:35:00,-0.1474213876488397,0.977355256577724,0.1709384098751579,0.0030833978623441283
2012-01-10 23:36:00,-0.1466669780571758,0.9748870903518668,0.1736967583662891,0.0010427589539370175
2012-01-10 23:37:00,-0.1467921494504774,0.9720564859487738,0.1757895303864838,0.0
2012-01-10 23:38:00,-0.1476598185046918,0.9689795083124794,0.1772596685106764,0.0
2012-01-10 23:39:00,-0.1491328496369825,0.9657650935419724,0.1781553000447988,0.0
2012-01-10 23:40:00,-0.1510763918451511,0.9625139332485452,0.1785284800226666,0.0
2012-01-10 23:41:00,-0.1533600826852119,0.9593175022682692,0.1784339777138383,0.0
2012-01-10 23:42:00,-0.1558600981262228,0.9562572336905106,0.1779281204605141,0.0
2012-01-10 23:43:00,-0.1584610297450436,0.95340384345525,0.1770677066444436,0.0
2012-01-10 23:44:00,-0.1610575733788091,0.9508168052457188,0.1759089975767873,0.0
2012-01-10 23:45:00,-0.163556015946835,0.9485439750456474,0.1745067961646096,0.0
2012-01-10 23:46:00,-0.1658755096988841,0.94662136352266,0.172913618401524,0.0
2012-01-10 23:47:00,-0.1679491256454236,0.9450730533240352,0.1711789620926283,0.0
2012-01-10 23:48:00,-0.169724680347,0.943911257423888,0.1693486757393192,0.0
2012-01-10 23:49:00,-0.1711653325396391,0.9431365138430494,0.1674644291396351,0.0
2012-01-10 23:50:00,-0.1722499482296502,0.9427380113665907,0.165563285985946,0.0
2012-01-10 23:51:00,-0.1729732349111747,0.9426940402894012,0.163677377568989,0.0
2012-01-10 23:52:00,-0.1733456474616757,0.9429725617023168,0.1618336756358681,0.0
2012-01-10 23:53:00,-0.173393070072077,0.9435318883649676,0.1600538615038822,0.0
2012-01-10 23:54:00,-0.1731562802836614,0.944321469774775,0.1583542876942104,0.0
2012-01-10 23:55:00,-0.1726902028481363,0.9452827736156668,0.1567460276011884,0.0
2012-01-10 23:56:00,-0.172062962722226,0.9463502553372212,0.155235008036414,0.0
2012-01-10 23:57:00,-0.171354748083065,0.947452407156916,0.1538222188756952,0.0
2012-01-10 23:58:00,-0.1706564958353955,0.9485128772786244,0.1525039934916463,0.0
2012-01-10 23:59:00,-0.1700684136932321,0.9494516495688282,0.1512723531748258,0.0
2012-01-11 00:00:00,-0.1696983545549352,0.9501862733234052,0.1501154083338598,0.0
2012-01-11 00:01:00,-0.1696600605462725,0.950633132089162,0.1490178089326629,0.0
2012-01-11 00:02:00,-0.1700712957935691,0.9507087397721756,0.1479612363824008,0.0
2012-01-11 00:03:00,-0.1710518887247404,0.9503310514726846,0.1469249289476246,0.0
2012-01-11 00:04:00,-0.1727217064651462,0.9494207756516176,0.1458862326181637,0.0
2012-01-11 00:05:00,-0.1751985856487919,0.947902673386726,0.1448211693098579,0.0
2012-01-11 00:06:00,-0.1785962456501172,0.9457068296476252,0.143705014181081,0.0
2012-01-11 00:07:00,-0.1830222118180166,0.9427698807348572,0.1425128738058307,0.0
2012-01-11 00:08:00,-0.1885757777253212,0.9390361813142812,0.1412202569494745,0.0
2012-01-11 00:09:00,-0.1953460366830248,0.9344588938685716,0.1398036297548518,0.0
2012-01-11 00:10:00,-0.2034100137454879,0.9290009829264478,0.1382409472526369,0.0
2012-01-11 00:11:00,-0.2128309300895067,0.9226360961658876,0.1365121532532695,0.0
2012-01-11 00:12:00,-0.2236566319334854,0.9153493144675448,0.1345996408713147,0.0
2012-01-11 00:13:00,-0.2359182160187493,0.9071377532659016,0.1324886662042992,0.0
2012-01-11 00:14:00,-0.2496288830371369,0.8980109981583745,0.13016770806389,0.0
2012-01-11 00:15:00,-0.2647830491735543,0.8879913587417805,0.1276287671535338,0.0
2012-01-11 00:16:00,-0.2813557440382053,0.8771139261114838,0.1248675987048433,0.0
2012-01-11 00:17:00,-0.2993023205851942,0.8654264214433393,0.1218838733220684,0.0
2012-01-11 00:18:00,-0.3185584990579261,0.8529888256411261,0.1186812616480178,0.0
2012-01-11 00:19:00,-0.3390407624847498,0.8398727832262449,0.1152674394767736,0.0
2012-01-11 00:20:00,-0.3606471156903076,0.8261607775222528,0.1116540111222741,0.0
2012-01-11 00:21:00,-0.3832582131100979,0.8119450787919169,0.1078563502296634,0.0
2012-01-11 00:22:00,-0.4067388528268179,0.7973264723622815,0.1038933588123909,0.0
2012-01-11 00:23:00,-0.430939825126176,0.7824127799620074,0.0997871471365261,0.0
2012-01-11 00:24:00,-0.4557000934423651,0.7673171945283839,0.095562639171716,0.0
2012-01-11 00:25:00,-0.4808492737742883,0.7521564566471537,0.091247110700218,0.0
2012-01-11 00:26:00,-0.5062103654387656,0.7370489095894515,0.0868696698478605,0.0
2012-01-11 00:27:00,-0.531602671422713,0.722112479532278,0.0824606927842173,0.0
2012-01-11 00:28:00,-0.5568448313884956,0.7074626373030406,0.0780512304780709,0.0
2012-01-11 00:29:00,-0.5817578772788721,0.6932104056895592,0.0736724051339935,0.0
2012-01-11 00:30:00,-0.6061682150055828,0.6794604785630237,0.0693548163556661,0.0
2012-01-11 00:31:00,-0.6299104393572831,0.6663095125536068,0.065127976471694,0.0
2012-01-11 00:32:00,-0.6528299022135644,0.6538446401077125,0.0610197919468622,0.0
2012-01-11 00:33:00,-0.6747849719941812,0.6421422382119115,0.0570561042166295,0.0
2012-01-11 00:34:00,-0.6956489406575548,0.6312669730796678,0.053260299449884,0.0
2012-01-11 00:35:00,-0.7153115513479303,0.621271128931939,0.0496529930888378,0.0
2012-01-11 00:36:00,-0.7336801344961885,0.6121942187477983,0.0462517917126246,0.0
2012-01-11 00:37:00,-0.7506803528158669,0.604062866373152,0.0430711319690066,0.0
2012-01-11 00:38:00,-0.7662565661764393,0.5968909426652007,0.0401221941239135,0.0
2012-01-11 00:39:00,-0.7803718357311525,0.5906799335035829,0.0374128861713155,0.0
2012-01-11 00:40:00,-0.7930075930457898,0.5854195143980437,0.0349478932951037,0.0
2012-01-11 00:41:00,-0.8041630046375674,0.5810883046835089,0.0327287866405551,0.0
2012-01-11 00:42:00,-0.8138540656391986,0.5776547735002987,0.030754184752749,0.0
2012-01-11 00:43:00,-0.822112458496385,0.5750782696417692,0.0290199606367551,0.0037061665370501373
2012-01-11 00:44:00,-0.8289842138430159,0.5733101477692882,0.0275194871675216,0.008293942513853292
2012-01-11 00:45:00,-0.8345282111038544,0.5722949643425433,0.0262439135034625,0.012248785791324046
2012-01-11 00:46:00,-0.8388145560677638,0.5719717178025485,0.0251824652142738,0.015576517053947025
2012-01-11 00:47:00,-0.8419228717622325,0.57227510900028,0.0243227610014599,0.018294907716021713
2012-01-11 00:48:00,-0.8439405375386972,0.5731367995209282,0.0236511391538931,0.02043167250408029
2012-01-11 00:49:00,-0.8449609094358754,0.5744866473570382,0.0231529872263552,0.022022459285379714
2012-01-11 00:50:00,-0.8450815526946281,0.5762539012994776,0.0228130688426195,0.023108902110449803
2012-01-11 00:51:00,-0.8444025147961088,0.5783683374376829,0.0226158419929916,0.023736790905491523
2012-01-11 00:52:00,-0.8430246646202286,0.5807613232905704,0.0225457637074453,0.023954399008772054
2012-01-11 00:53:00,-0.8410481203346432,0.5833667972975664,0.022587576529213,0.023810997948898516
2012-01-11 00:54:00,-0.8385707855185663,0.5861221536206412,0.0227265727805629,0.023355577695492125
2012-01-11 00:55:00,-0.8356870098947013,0.5889690243738033,0.0229488331937198,0.0226357802871604
2012-01-11 00:56:00,-0.832486387953354,0.5918539534594743,0.0232414370673314,0.021697045483731525
2012-01-11 00:57:00,-0.829052705747305,0.5947289581271901,0.0235926416954074,0.02058195912143601
2012-01-11 00:58:00,-0.8254630432465079,0.5975519761667634,0.023992029395076,0.019329788371302614
2012-01-11 00:59:00,-0.8217870368968765,0.6002871983007453,0.024430621026493,0.01797618326719541
2012-01-11 01:00:00,-0.8180863044491742,0.6029052868514854,0.0249009554482904,0.016553020763312887
2012-01-11 01:01:00,-0.81441403172412,0.6053834831308742,0.0253971348813217,0.015088366191330804
2012-01-11 01:02:00,-0.8108147187630644,0.6077056072396435,0.0259148366591809,0.013606527204912622
2012-01-11 01:03:00,-0.8073240807839414,0.6098619550708329,0.0264512923235174,0.012128176923278167
2012-01-11 01:04:00,-0.8039690975248427,0.6118490982942912,0.0270052354731184,0.01067052574090921
2012-01-11 01:05:00,-0.8007682029135835,0.6136695939668193,0.0275768201955227,0.00924752482676272
2012-01-11 01:06:00,-0.7977316055439584,0.6153316111795143,0.0281675122961108,0.007870088329577474
2012-01-11 01:07:00,-0.7948617291576076,0.6168484828300181,0.0287799558901164,0.006546325367170702
2012-01-11 01:08:00,-0.7921537612190833,0.6182381911957554,0.0294178182363532,0.0052817766657897725
2012-01-11 01:09:00,-0.7895962967318862,0.6195227964845356,0.030085615966666,0.004079653944258466
2012-01-11 01:10:00,-0.7871720636765669,0.6207278179524716,0.030788526101459,0.0029410825927720374
2012-01-11 01:11:00,-0.784858715855453,0.6218815775113058,0.0315321854383321,0.0018653497455325407
2012-01-11 01:12:00,-0.7826296784946271,0.6230145160061127,0.0323224820567182,0.0008501604442301414
2012-01-11 01:13:00,-0.780455031673454,0.6241584925382205,0.033165342794742,0.0
2012-01-11 01:14:00,-0.7783024165175528,0.6253460773418404,0.0340665206231209,0.0
2012-01-11 01:15:00,-0.7761379490995541,0.6266098487935043,0.0350313858632056,0.0
2012-01-11 01:16:00,-0.7739271271504471,0.6279817051247292,0.0360647251733,0.0
2012-01-11 01:17:00,-0.7716357150122815,0.6294922012890222,0.0371705521633497,0.0
2012-01-11 01:18:00,-0.7692305927803674,0.631169921172958,0.0383519333940326,0.0
2012-01-11 01:19:00,-0.7666805562923663,0.633040894929504,0.0396108333627169,0.0
2012-01-11 01:20:00,-0.7639570555062645,0.6351280706691389,0.0409479818588958,0.0
2012-01-11 01:21:00,-0.7610348598498794,0.6374508490964473,0.0423627667732057,0.0
2012-01-11 01:22:00,-0.757892640311247,0.6400246889412419,0.0438531550633273,0.0
2012-01-11 01:23:00,-0.7545134593711603,0.6428607902036996,0.0454156441161028,0.0
2012-01-11 01:24:00,-0.7508851613625271,0.6459658612998859,0.0470452451953163,0.0
2012-01-11 01:25:00,-0.7470006574889657,0.6493419751357136,0.048735500024695,0.0
2012-01-11 01:26:00,-0.7428581015642345,0.6529865179296216,0.0504785308217064,0.0
2012-01-11 01:27:00,-0.7384609546005866,0.6568922331617258,0.0522651232536789,0.0
2012-01-11 01:28:00,-0.7338179389077203,0.6610473609622206,0.0540848407674234,0.0
2012-01-11 01:29:00,-0.7289428857589425,0.6654358698209962,0.0559261674553936,0.0
2012-01-11 01:30:00,-0.7238544848932277,0.67003777250548,0.0577766751622331,0.0
2012-01-11 01:31:00,-0.7185759480444545,0.6748295129379773,0.0596232093486317,0.0
2012-01-11 01:32:00,-0.7131346008298411,0.6797844077094675,0.0614520877947453,0.0
2012-01-11 01:33:00,-0.7075614172539483,0.6848731257222195,0.0632493065808337,0.0
2012-01-11 01:34:00,-0.7018905096194791,0.6900641911681782,0.0650007485573813,0.0
2012-01-11 01:35:00,-0.6961585847950268,0.695324497335448,0.0666923903522796,0.0
2012-01-11 01:36:00,-0.6904043760762824,0.7006198209356994,0.0683105047131271,0.0
2012-01-11 01:37:00,-0.6846680584171895,0.705915328608464,0.0698418556268445,0.0
2012-01-11 01:38:00,-0.678990653622382,0.7111760689631186,0.0712738842001885,0.0
2012-01-11 01:39:00,-0.673413431192048,0.7163674449562434,0.0725948837276434,0.0
2012-01-11 01:40:00,-0.6679773099056996,0.7214556625617538,0.0737941627214672,0.0
2012-01-11 01:41:00,-0.6627222649295537,0.726408152568247,0.0748621949366167,0.0
2012-01-11 01:42:00,-0.657686745230194,0.7311939629350107,0.0757907555968309,0.0
2012-01-11 01:43:00,-0.6529071063590236,0.7357841194662549,0.0765730431250623,0.0
2012-01-11 01:44:00,-0.6484170642095736,0.7401519526418446,0.0772037857112224,0.0
2012-01-11 01:45:00,-0.6442471760879844,0.7442733883122171,0.077679332026548,0.0
2012-01-11 01:46:00,-0.640424356246548,0.7481271997224036,0.0779977253400245,0.0
2012-01-11 01:47:00,-0.6369714336586997,0.7516952181644142,0.0781587602432229,0.0
2012-01-11 01:48:00,-0.6339067599521953,0.7549624996983599,0.0781640211807177,0.0
2012-01-11 01:49:00,-0.6312438749134476,0.7579174459416665,0.0780169020254873,0.0
2012-01-11 01:50:00,-0.6289912359706433,0.7605518777968756,0.0777226060132601,0.0
2012-01-11 01:51:00,-0.6271520168529563,0.7628610619517895,0.0772881254305012,0.0
2012-01-11 01:52:00,-0.6257239794289391,0.7648436908772533,0.0767222005284774,0.0
2012-01-11 01:53:00,-0.6246994216243998,0.7665018178109826,0.0760352572176028,0.0
2012-01-11 01:54:00,-0.6240652033070441,0.7678407488519167,0.0752393231932498,0.0
2012-01-11 01:55:00,-0.6238028510847065,0.7688688948135456,0.0743479222664081,0.0
2012-01-11 01:56:00,-0.62388874207802,0.7695975859116783,0.0733759468287944,0.0
2012-01-11 01:57:00,-0.6242943658754205,0.770040852707569,0.0723395085802001,0.0
2012-01-11 01:58:00,-0.6249866630340325,0.7702151770088831,0.0712557678928518,0.0
2012-01-11 01:59:00,-0.625928437631239,0.7701392166682313,0.0701427424890242,0.0
2012-01-11 02:00:00,-0.6270788404787009,0.7698335084314032,0.0690190964684115,0.0
2012-01-11 02:01:00,-0.628393918658577,0.7693201531973335,0.0679039111417245,0.0
2012-01-11 02:02:00,-0.6298272259906621,0.7686224882907332,0.0668164395997337,0.0
2012-01-11 02:03:00,-0.631330487844379,0.767764751650737,0.0657758474563191,0.0
2012-01-11 02:04:00,-0.6328543123542546,0.7667717432222718,0.0648009427273992,0.0
2012-01-11 02:05:00,-0.6343489386015781,0.765668489297132,0.0639098983153302,0.0
2012-01-11 02:06:00,-0.6357650107082321,0.7644799160871311,0.0631199710253772,0.0
2012-01-11 02:07:00,-0.6370543650672029,0.7632305394200215,0.0624472214213996,0.0
2012-01-11 02:08:00,-0.6381708162336934,0.7619441780440231,0.0619062391140354,0.0
2012-01-11 02:09:00,-0.6390709256714923,0.7606436983607797,0.0615098782163875,0.0
2012-01-11 02:10:00,-0.6397147370207801,0.7593507981794805,0.0612690076137301,0.0
2012-01-11 02:11:00,-0.6400664619773964,0.7580858361997952,0.0611922803372961,0.0
2012-01-11 02:12:00,-0.6400951020101144,0.7568677125688598,0.0612859257812324,0.0
2012-01-11 02:13:00,-0.639774992660215,0.7557138042571165,0.061553567890484,0.0
2012-01-11 02:14:00,-0.6390862589272921,0.754639957256683,0.0619960718869605,0.0
2012-01-11 02:15:00,-0.6380151722449577,0.753660535728105,0.062611421650926,0.0
2012-01-11 02:16:00,-0.6365544017459924,0.7527885262530478,0.0633946295488956,0.0
2012-01-11 02:17:00,-0.6347031547916668,0.7520356933972052,0.0643376802914932,0.0
2012-01-11 02:18:00,-0.6324672039789925,0.7514127809521609,0.0654295103100373,0.0
2012-01-11 02:19:00,-0.6298587999738992,0.7509297515739615,0.0666560241437052,0.0
2012-01-11 02:20:00,-0.6268964715381213,0.7505960560947585,0.0680001493723465,0.0
2012-01-11 02:21:00,-0.6236047160757132,0.7504209225292717,0.0694419316289291,0.0
2012-01-11 02:22:00,-0.6200135860099569,0.7504136536747205,0.0709586711214641,0.0
2012-01-11 02:23:00,-0.6161581783850929,0.7505839211635806,0.0725251018729704,0.0
2012-01-11 02:24:00,-0.6120780372894988,0.7509420428643395,0.0741136145552361,0.0
2012-01-11 02:25:00,-0.6078164809739268,0.7514992296748256,0.0756945233523789,0.0
2012-01-11 02:26:00,-0.6034198677453625,0.7522677871214545,0.0772363767617618,0.0
2012-01-11 02:27:00,-0.5989368165206429,0.7532612569935004,0.0787063116830766,0.0
2012-01-11 02:28:00,-0.5944173988320922,0.7544944848333217,0.0800704496450866,0.0
2012-01-11 02:29:00,-0.5899123187467368,0.7559836006940637,0.0812943336064321,0.0
2012-01-11 02:30:00,-0.5854720957102241,0.7577459030693794,0.0823434033900094,0.0
2012-01-11 02:31:00,-0.581146263254463,0.7597996389394195,0.0831835073940131,0.0
2012-01-11 02:32:00,-0.5769825943299126,0.7621636760986574,0.0837814477338114,0.0
2012-01-11 02:33:00,-0.5730263620423472,0.7648570671149161,0.0841055554087846,0.0
2012-01-11 02:34:00,-0.5693196428847475,0.7678985073327821,0.0841262914559987,0.0
2012-01-11 02:35:00,-0.565900668144388,0.7713056922622116,0.0838168693421231,0.0
2012-01-11 02:36:00,-0.5628032279994146,0.7750945824783727,0.0831538930638368,0.0
2012-01-11 02:37:00,-0.5600561318792687,0.7792785867851979,0.0821180045972482,0.0
2012-01-11 02:38:00,-0.5576827279396066,0.7838676768397705,0.0806945334782168,0.0
2012-01-11 02:39:00,-0.5557004839863185,0.788867448671903,0.078874140416821,0.0
2012-01-11 02:40:00,-0.5541206318622431,0.7942781485363722,0.0766534459623391,0.0
2012-01-11 02:41:00,-0.5529478771526941,0.800093682284938,0.074035634371037,0.0
2012-01-11 02:42:00,-0.5521801760100162,0.8063006289375105,0.0710310220342652,0.0
2012-01-11 02:43:00,-0.5518085808657129,0.8128772803709906,0.0676575791423906,0.0
2012-01-11 02:44:00,-0.5518171567338654,0.8197927300232496,0.0639413927209259,0.0
2012-01-11 02:45:00,-0.552182969695388,0.8270060341973944,0.0599170588017114,0.0
2012-01-11 02:46:00,-0.552876149000508,0.8344654699012738,0.0556279913106522,0.0025463231234972294
2012-01-11 02:47:00,-0.5538600240472166,0.8421079131251296,0.0511266352934656,0.009217814162024718
2012-01-11 02:48:00,-0.5550913372834198,0.8498583610141325,0.0464745723840333,0.01614246658182794
2012-01-11 02:49:00,-0.5565205338284847,0.8576296205102326,0.0417425069583539,0.023223390778590147
2012-01-11 02:50:00,-0.5580921283012228,0.8653221847038621,0.0370101222201136,0.030348997262190425
2012-01-11 02:51:00,-0.5597451489603441,0.8728243163392833,0.0323657965440006,0.037393109560547755
2012-01-11 02:52:00,-0.561413658795239,0.8800123556497469,0.0279061717743747,0.04421539770354577
2012-01-11 02:53:00,-0.5630273526379419,0.8867512669569306,0.0237355668494954,0.050662165684992155
2012-01-11 02:54:00,-0.5645122286936387,0.8928954352570758,0.0199652320944792,0.056567520388625336
2012-01-11 02:55:00,-0.5657913321034101,0.8982897203449282,0.0167124417891652,0.06175494294647721
2012-01-11 02:56:00,-0.566785567259788,0.9027707719148248,0.0140994251549061,0.06603927679395905
2012-01-11 02:57:00,-0.567414574598288,0.906168604553957,0.0122521387008447,0.06922914019800563
2012-01-11 02:58:00,-0.5675976664907878,0.9083084266463094,0.0112988859118047,0.07112976512901059
2012-01-11 02:59:00,-0.5672548156592442,0.9090127119974808,0.0113687935344777,0.07154625935049941
2012-01-11 03:00:00,-0.5663076881779006,0.9081034975572018,0.0125901572010981,0.07028728480878876
2012-01-11 03:01:00,-0.5646807116065421,0.9054048850593964,0.0150886727627595,0.06716914310508026
2012-01-11 03:02:00,-0.5623021671092697,0.9007457188094368,0.0189855734009541,0.062020258322162514
2012-01-11 03:03:00,-0.5591052926352841,0.8939624062932389,0.0243956962556234,0.05468604907535446
2012-01-11 03:04:00,-0.5550293824717204,0.8849018428277149,0.0314255058742086,0.04503418569263795
2012-01-11 03:05:00,-0.5500208668169965,0.8734243962003312,0.0401711051765603,0.032960235199370747
2012-01-11 03:06:00,-0.5440343535372131,0.8594069022672897,0.0507162677635735,0.01839370643635596
2012-01-11 03:07:00,-0.5370336130073552,0.842745617929103,0.063130528179977,0.0013045199272407881
2012-01-11 03:08:00,-0.5289924859421035,0.8233590739295926,0.0774673690730734,0.0
2012-01-11 03:09:00,-0.5198956934310727,0.8011907666874151,0.0937625459634173,0.0
2012-01-11 03:10:00,-0.509739528064951,0.7762116260283413,0.1120325914494579,0.0
2012-01-11 03:11:00,-0.4985324051353277,0.7484221944050046,0.1322735409903164,0.0
2012-01-11 03:12:00,-0.4862952534793884,0.7178544531359854,0.1544599218300947,0.0
2012-01-11 03:13:00,-0.4730617266925213,0.6845732325374775,0.178544045023675,0.0
2012-01-11 03:14:00,-0.4588782172202649,0.6486771457287863,0.2044556377783465,0.0
2012-01-11 03:15:00,-0.4438036583347369,0.6102989905395239,0.2321018493167284,0.0
2012-01-11 03:16:00,-0.4279091022610405,0.5696055705052083,0.2613676580709493,0.0
2012-01-11 03:17:00,-0.4112770668033985,0.5267968945808236,0.292116701113669,0.0
2012-01-11 03:18:00,-0.3940006477861623,0.4821047260938168,0.3241925382025883,0.0
2012-01-11 03:19:00,-0.3761824005274017,0.4357904647546617,0.3574203525544567,0.0
2012-01-11 03:20:00,-0.357933000453767,0.3881423613892121,0.3916090783734023,0.0
2012-01-11 03:21:00,-0.3393697008910702,0.3394720835836539,0.42655393114764,0.0
2012-01-11 03:22:00,-0.3206146150689949,0.2901106717537676,0.4620393007234892,0.0
2012-01-11 03:23:00,-0.3017928594202478,0.2404039493440093,0.4978419491282414,0.0
2012-01-11 03:24:00,-0.2830306057388462,0.1907074776645885,0.5337344353455349,0.0
2012-01-11 03:25:00,-0.2644530986710822,0.1413811734319277,0.5694886695466499,0.0
2012-01-11 03:26:00,-0.246182699037183,0.0927837304046129,0.6048794842709043,0.0
2012-01-11 03:27:00,-0.2283370104746515,0.0452669988592583,0.6396881057178369,0.0
2012-01-11 03:28:00,-0.211027138355212,-0.00082952540227,0.6737054172149802,0.0
2012-01-11 03:29:00,-0.1943561197997172,-0.0451839644181893,0.7067349255101628,0.0
2012-01-11 03:30:00,-0.1784175546744604,-0.0874969549149384,0.7385953624709043,0.0
2012-01-11 03:31:00,-0.1632944598837131,-0.1274960802406685,0.7691228757094236,0.0
2012-01-11 03:32:00,-0.1490583621562338,-0.1649397588398215,0.7981727802571376,0.0
2012-01-11 03:33:00,-0.1357686373796813,-0.1996205289097032,0.8256208597569521,0.0
2012-01-11 03:34:00,-0.1234720975698527,-0.231367684850033,0.8513642199346348,0.0
2012-01-11 03:35:00,-0.1122028202211124,-0.2600492353188804,0.8753217093388819,0.0
2012-01-11 03:36:00,-0.1019822093767984,-0.2855731661967245,0.8974339323612177,0.0
2012-01-11 03:37:00,-0.092819273350354,-0.3078880050088732,0.9176628873587253,0.0
2012-01-11 03:38:00,-0.0847111005137494,-0.3269826959462225,0.9359912685349108,0.0
2012-01-11 03:39:00,-0.0776435117341656,-0.342885806018942,0.9524214743769318,0.015236847114012964
2012-01-11 03:40:00,-0.0715918656857292,-0.3556640929721659,0.9669743680922508,0.03279318878925852
2012-01-11 03:41:00,-0.0665219914065521,-0.3654204745474007,0.9796878367442228,0.047733532928919686
2012-01-11 03:42:00,-0.0623912213554098,-0.3722914466485815,0.9906151957556156,0.060100019720709996
2012-01-11 03:43:00,-0.0591494980618002,-0.3764440051358861,0.999823484239388,0.06997932305269328
2012-01-11 03:44:00,-0.0567405282196532,-0.3780721325712297,1.0073916943267445,0.07749526716738386
2012-01-11 03:45:00,-0.0551029595103245,-0.3773929175421864,1.0134089743946282,0.08280168994205583
2012-01-11 03:46:00,-0.0541715573006736,-0.3746423803728641,1.0179728419758625,0.08607558567175255
2012-01-11 03:47:00,-0.0538783604672416,-0.3700710851555797,1.0211874373274394,0.08751058291413849
2012-01-11 03:48:00,-0.0541537978370842,-0.3639396240943464,1.0231618433128415,0.08731083017573482
2012-01-11 03:49:00,-0.0549277490442456,-0.3565140659095285,1.0240084916126428,0.08568537233455031
2012-01-11 03:50:00,-0.0561305359398641,-0.3480614644175649,1.0238416696336512,0.08284310246481175
2012-01-11 03:51:00,-0.0576938330432888,-0.3388455238319355,1.0227761374312008,0.07898836633712225
2012-01-11 03:52:00,-0.0595514878709222,-0.3291225110102307,1.0209258601539637,0.0743172803657357
2012-01-11 03:53:00,-0.0616402443165108,-0.3191374915225148,1.0184028591527423,0.06901479959126977
2012-01-11 03:54:00,-0.0639003645759013,-0.3091209493559884,1.0153161834591655,0.06325254305727679
2012-01-11 03:55:00,-0.0662761474331912,-0.2992858334859155,1.0117710021248971,0.057187352641320466
2012-01-11 03:56:00,-0.0687163430605828,-0.2898250606130056,1.0078678165386916,0.05096053074195983
2012-01-11 03:57:00,-0.0711744667225531,-0.2809094927184069,1.0037017902449674,0.04469767471431907
2012-01-11 03:58:00,-0.0736090156874945,-0.2726864009245594,0.9993621920269334,0.038509003953527854
2012-01-11 03:59:00,-0.0759835950244434,-0.2652784224172391,0.9949319463177676,0.032490060928762166
2012-01-11 04:00:00,-0.0782669587402331,-0.2587830124643086,0.990487283742142,0.026722661494054334
2012-01-11 04:01:00,-0.0804329730198666,-0.2532723869332374,0.9860974840128184,0.021275973039650342
2012-01-11 04:02:00,-0.0824605083978846,-0.2487939414060785,0.9818247035399988,0.016207611271936706
2012-01-11 04:03:00,-0.084333267695966,-0.2453711207521551,0.9777238809148988,0.01156466637123077
2012-01-11 04:04:00,-0.0860395565747061,-0.2430046985575409,0.973842714791482,0.007384594863876659
2012-01-11 04:05:00,-0.0875720035498469,-0.2416744116323562,0.970221710306441,0.003695942102754257
2012-01-11 04:06:00,-0.08892723630124,-0.241340884270374,0.966894291598944,0.0005188888287950277
2012-01-11 04:07:00,-0.0901055210813412,-0.2419477722731337,0.9638869788309472,0.0
2012-01-11 04:08:00,-0.0911103720820395,-0.2434240579752846,0.9612196282207828,0.0
2012-01-11 04:09:00,-0.0919481378477273,-0.2456864325445929,0.9589057331008868,0.0
2012-01-11 04:10:00,-0.0926275722779174,-0.2486417080472556,0.956952783024066,0.0
2012-01-11 04:11:00,-0.0931593983453132,-0.2521892081034055,0.9553626763371614,0.0
2012-01-11 04:12:00,-0.0935558731435325,-0.2562230932194451,0.9541321792826204,0.0
2012-01-11 04:13:00,-0.0938303630481435,-0.260634585433595,0.9532534221081636,0.0
2012-01-11 04:14:00,-0.0939969374874552,-0.2653140652638546,0.9527144209197788,0.0
2012-01-11 04:15:00,-0.0940699890781152,-0.2701530205119852,0.9524996136340392,0.0
2012-01-11 04:16:00,-0.0940638868405595,-0.275045831159396,0.9525903990139484,0.0
2012-01-11 04:17:00,-0.093992668067214,-0.2798913779616089,0.9529656689314944,0.0
2012-01-11 04:18:00,-0.0938697732302611,-0.2845944647319388,0.9536023255390028,0.0
2012-01-11 04:19:00,-0.0937078269725965,-0.2890670462653146,0.9544757767288464,0.0016810482556881556
2012-01-11 04:20:00,-0.0935184666386047,-0.2932292563391185,0.9555604046617432,0.003904770051892159
2012-01-11 04:21:00,-0.0933122180823554,-0.2970102335423369,0.956830003059756,0.006203708812313691
2012-01-11 04:22:00,-0.0930984168065001,-0.3003487459182307,0.9582581797731072,0.0085313200335424
2012-01-11 04:23:00,-0.0928851708479959,-0.3031936175149284,0.9598187223145744,0.010844203807308883
2012-01-11 04:24:00,-0.0926793602211118,-0.3055039610341328,0.9614859255831396,0.01310281764143073
2012-01-11 04:25:00,-0.0924866663389515,-0.3072492217878812,0.9632348824567184,0.015272035723016941
2012-01-11 04:26:00,-0.0923116239881162,-0.3084090396824308,0.9650417390398212,0.017321546891721384
2012-01-11 04:27:00,-0.0921576883961501,-0.308972937953638,0.966883917051275,0.0192260911940203
2012-01-11 04:28:00,-0.0920273108145195,-0.3089398499747254,0.9687403060461496,0.020965541728292347
2012-01-11 04:29:00,-0.0919220176762419,-0.3083174988502308,0.970591427786397,0.022524844257277632
2012-01-11 04:30:00,-0.0918424902549322,-0.3071216484275376,0.9724195742557028,0.023893831578605473
2012-01-11 04:31:00,-0.0917886431928202,-0.3053752480237601,0.9742089199523256,0.02506693285825423
2012-01-11 04:32:00,-0.0917597009541458,-0.3031074959763362,0.9759456085233894,0.026042800097699548
2012-01-11 04:33:00,-0.0917542714232539,-0.3003528491377543,0.9776178135535116,0.026823874715974583
2012-01-11 04:34:00,-0.0917704159886261,-0.2971500072146162,0.9792157731243706,0.027415916936238016
2012-01-11 04:35:00,-0.0918057158199322,-0.2935409028758458,0.9807317972916209,0.027827519254679967
2012-01-11 04:36:00,-0.0918573346024401,-0.2895697304972994,0.9821602468448714,0.028069622750775514
2012-01-11 04:37:00,-0.0919220785003856,-0.2852820468595813,0.9834974810702058,0.0281550515596678
2012-01-11 04:38:00,-0.0919964542482603,-0.2807239742928828,0.984741772334606,0.028098076798971805
2012-01-11 04:39:00,-0.092076725752128,-0.2759415298526221,0.9858931863569992,0.027914016942951703
2012-01-11 04:40:00,-0.0921589685673545,-0.2709800941064894,0.9869534286547822,0.027618877416520915
2012-01-11 04:41:00,-0.0922391206979546,-0.2658840224366011,0.987925659322604,0.0272290285628618
2012-01-11 04:42:00,-0.0923130278388099,-0.2606963927606937,0.9888142797187248,0.026760918657730892
2012-01-11 04:43:00,-0.0923764814414542,-0.2554588771716634,0.9896246958002816,0.026230817500191073
2012-01-11 04:44:00,-0.0924252485330656,-0.2502117207719691,0.990363063846006,0.02565458611002036
2012-01-11 04:45:00,-0.0924550928962142,-0.244993808211443,0.9910360251608096,0.0250474688671396
2012-01-11 04:46:00,-0.0924617880202906,-0.2398427965336424,0.9916504370819562,0.024423905743038654
2012-01-11 04:47:00,-0.0924411231371716,-0.2347952912025104,0.9922131082564698,0.023797363843889974
2012-01-11 04:48:00,-0.0923889045537081,-0.229887039820709,0.9927305467638776,0.023180189038211285
2012-01-11 04:49:00,-0.0923009552899727,-0.2251531149937319,0.9932087300738284,0.022583479738299328
2012-01-11 04:50:00,-0.0921731166941664,-0.220628055567336,0.993652905694148,0.02201698583681244
2012-01-11 04:51:00,-0.092001256242853,-0.2163459363912585,0.9940674303270262,0.021489036348530943
2012-01-11 04:52:00,-0.0917812860382984,-0.2123403418500682,0.9944556534087394,0.021006499411463375
2012-01-11 04:53:00,-0.091509196317356,-0.2086442266993693,0.994819848450876,0.02057477786659523
2012-01-11 04:54:00,-0.091181107464579,-0.2052896576844255,0.9951611930571868,0.02019784261566593
2012-01-11 04:55:00,-0.090793342844563,-0.2023074397694017,0.9954797961037392,0.01987830437836191
2012-01-11 04:56:00,-0.0903425236438079,-0.1997266405306087,0.9957747684871512,0.019617522442417767
2012-01-11 04:57:00,-0.0898256859671575,-0.197574034587408,0.9960443321338556,0.019415746679731782
2012-01-11 04:58:00,-0.0892404194817153,-0.1958734964448737,0.9962859605967216,0.019272286663845728
2012-01-11 04:59:00,-0.0885850256492811,-0.1946453742443316,0.9964965436287072,0.019185699442432202
2012-01-11 05:00:00,-0.0878586918224099,-0.1939058778690233,0.996672567838709,0.019153985756376057
2012-01-11 05:01:00,-0.0870616753401313,-0.1936665123055143,0.996810305918799,0.019174783482961866
2012-01-11 05:02:00,-0.0861954897932021,-0.1939335816568001,0.9969060076998104,0.01924554683496127
2012-01-11 05:03:00,-0.0852630842518343,-0.1947077820224811,0.996956087189469,0.019363700403533857
2012-01-11 05:04:00,-0.0842690053307026,-0.1959838943111147,0.9969573007121968,0.019526758615057593
2012-01-11 05:05:00,-0.0832195312334551,-0.1977505824137899,0.996906912248686,0.01973240358091899
2012-01-11 05:06:00,-0.0821227665536158,-0.1999902985646866,0.9968028429279322,0.01997851740888157
2012-01-11 05:07:00,-0.0809886871277714,-0.2026792955729179,0.996643802273445,0.02026316845541576
2012-01-11 05:08:00,-0.0798291259237355,-0.2057877440900422,0.9964293992856852,0.020584554421752665
2012-01-11 05:09:00,-0.0786576936744254,-0.2092799519970992,0.9961602317881456,0.020940908416495763
2012-01-11 05:10:00,-0.0774896314183778,-0.2131146826643544,0.9958379526591852,0.02133037695983675
2012-01-11 05:11:00,-0.0763415958557444,-0.217245569238368,0.9954653116412944,0.021750881229178898
2012-01-11 05:12:00,-0.0752313819443148,-0.2216216227570764,0.995046171454794,0.022199974481302176
2012-01-11 05:13:00,-0.0741775899733978,-0.2261878322675728,0.9945854970383684,0.022674709396503845
2012-01-11 05:14:00,-0.0731992462365028,-0.2308858548071729,0.9940893169810522,0.02317152898987862
2012-01-11 05:15:00,-0.0723153874465501,-0.2356547916955794,0.9935646566894611,0.02368619368099245
2012-01-11 05:16:00,-0.0715446195474578,-0.2404320448310072,0.9930194435941736,0.0242137550940682
2012-01-11 05:17:00,-0.0709046620363811,-0.2451542427038454,0.992462385698565,0.02474858421013515
2012-01-11 05:18:00,-0.0704118895708961,-0.2497582210905921,0.9919028259053156,0.02528445771611687
2012-01-11 05:19:00,-0.0700808833680849,-0.2541820386804609,0.9913505756545208,0.025814702006144996
2012-01-11 05:20:00,-0.0699240054037145,-0.2583660043634042,0.990815732255086,0.026332389641188225
2012-01-11 05:21:00,-0.0699510084339326,-0.26225369151794,0.9903084847179704,0.026830578625370638
2012-01-11 05:22:00,-0.0701686942119547,-0.2657929154334235,0.9898389129089322,0.027302581059128084
2012-01-11 05:23:00,-0.0705806309039242,-0.2689366521068277,0.9894167846023492,0.02774224490291166
2012-01-11 05:24:00,-0.0711869388098696,-0.2716438789328196,0.9890513547486124,0.028144230907733103
2012-01-11 05:25:00,-0.0719841514317056,-0.2738803195963111,0.9887511710899216,0.02850426632620806
2012-01-11 05:26:00,-0.0729651569573247,-0.2756190768287839,0.988523890172614,0.028819357848478777
2012-01-11 05:27:00,-0.074119223359583,-0.276841138061933,0.9883761077257304,0.02908794829106731
2012-01-11 05:28:00,-0.075432108393685,-0.2775357408138151,0.9883132072119865,0.02931000478739776
2012-01-11 05:29:00,-0.0768862535703994,-0.2777005870533807,0.9883392300505084,0.029487030367413514
2012-01-11 05:30:00,-0.0784610585572798,-0.2773418988792731,0.9884567705288128,0.029621995582912897
2012-01-11 05:31:00,-0.0801332297824387,-0.2764743116177287,0.9886668977499496,0.029719191919025834
2012-01-11 05:32:00,-0.0818771949504168,-0.2751206046850705,0.98896910613558,0.029784013794074804
2012-01-11 05:33:00,-0.0836655739332889,-0.2733112748957565,0.9893612951269184,0.029822680630963605
2012-01-11 05:34:00,-0.0854696956017318,-0.2710839610248428,0.9898397779047652,0.029841914428484495
2012-01-11 05:35:00,-0.087260149083838,-0.2684827322527007,0.9903993182406794,0.0298485911567834
2012-01-11 05:36:00,-0.0890073566963789,-0.2655572566628904,0.9910331939595932,0.029849385901719705
2012-01-11 05:37:00,-0.0906821548809074,-0.2623618692830188,0.9917332848639836,0.02985043184660152
2012-01-11 05:38:00,-0.0922563693705714,-0.258954562213475,0.992490182318416,0.029857011909446785
2012-01-11 05:39:00,-0.0937033715532462,-0.255395921977979,0.9932933170989768,0.02987329929312965
2012-01-11 05:40:00,-0.0949986041915984,-0.2517480410406327,0.9941311017022388,0.029902159594713762
2012-01-11 05:41:00,-0.0961200658107003,-0.2480734311609039,0.994991083176418,0.029945022756058925
2012-01-11 05:42:00,-0.0970487439077248,-0.2444339656879836,0.9958601027042042,0.03000182836442078
2012-01-11 05:43:00,-0.0977689878107767,-0.2408898760914405,0.996724458562475,0.030071043024485933
2012-01-11 05:44:00,-0.0982688129599515,-0.2374988254623271,0.9975700695480954,0.030149744141469315
2012-01-11 05:45:00,-0.0985401300465155,-0.2343150788999524,0.998382636340506,0.030233760840564727
2012-01-11 05:46:00,-0.0985788948639176,-0.2313887875328468,0.9991477985776356,0.030317860133972196
2012-01-11 05:47:00,-0.0983851774697667,-0.2287653988361082,0.999851285799174,0.030395964940014064
2012-01-11 05:48:00,-0.0979631518711066,-0.226485200625818,1.000479060965218,0.030461390182515924
2012-01-11 05:49:00,-0.0973210097378579,-0.2245830000044282,1.0010174559613334,0.03050708389932244
2012-01-11 05:50:00,-0.0964708035332459,-0.2230879322246229,1.0014532992763958,0.030525861912347407
2012-01-11 05:51:00,-0.095428225813755,-0.2220233884962875,1.0017740368103911,0.03051062689752082
2012-01-11 05:52:00,-0.0942123323198657,-0.2214070469074248,1.0019678473857292,0.030454565313875248
2012-01-11 05:53:00,-0.0928452170410097,-0.2212509879081682,1.002023754758345,0.03035131827825821
2012-01-11 05:54:00,-0.0913516478227331,-0.2215618759836365,1.00193173759302,0.030195124840670662
2012-01-11 05:55:00,-0.089758671233893,-0.2223411918837399,1.0016828380840368,0.029980938067325047
2012-01-11 05:56:00,-0.0880951951771954,-0.2235855037395956,1.001269268987239,0.02970451582676703
2012-01-11 05:57:00,-0.0863915569928713,-0.2252867691309599,1.0006845180800714,0.02936248920886153
2012-01-11 05:58:00,-0.0846790836085137,-0.227432662764015,0.999923448603518,0.028952412096818092
2012-01-11 05:59:00,-0.0829896489698767,-0.2300069255527863,0.998982394037378,0.028472795573630805
2012-01-11 06:00:00,-0.081355233155807,-0.2329897307564516,0.9978592455295984,0.02792313063219809
2012-01-11 06:01:00,-0.0798074876683134,-0.2363580618855771,0.9965535303595328,0.027303902152757464
2012-01-11 06:02:00,-0.0783773122084404,-0.2400860958684171,0.9950664799171064,0.02661659637518965
2012-01-11 06:03:00,-0.0770944491083525,-0.2441455840135141,0.9934010857867098,0.025863703188115705
2012-01-11 06:04:00,-0.0759871018419345,-0.248506223071097,0.991562142605814,0.025048713574350456
2012-01-11 06:05:00,-0.0750815834128685,-0.2531360091449585,0.9895562764525864,0.024176111594254923
2012-01-11 06:06:00,-0.0744019989717792,-0.2580015679789171,0.9873919576473048,0.023251359421111895
2012-01-11 06:07:00,-0.0739699650297266,-0.2630684563222842,0.9850794969489706,0.022280873218082586
2012-01-11 06:08:00,-0.0738043656420059,-0.2683014311991651,0.9826310240270956,0.0212719871571323
2012-01-11 06:09:00,-0.0739211445250005,-0.2736646869358868,0.9800604467898658,0.020232902746012416
2012-01-11 06:10:00,-0.07433313156357,-0.2791220626897227,0.9773833899071936,0.019172620901233728
2012-01-11 06:11:00,-0.0750499024648228,-0.2846372247705114,0.9746171109502278,0.018100854798780208
2012-01-11 06:12:00,-0.0760776710238359,-0.2901738280021569,0.9717803930049254,0.017027922288588737
2012-01-11 06:13:00,-0.0774192142344081,-0.2956956595472006,0.968893413178268,0.015964617448836815
2012-01-11 06:14:00,-0.0790738312337808,-0.3011667680101376,0.9659775868077048,0.014922061615815663
2012-01-11 06:15:00,-0.0810373378805818,-0.306551580656661,0.9630553872637856,0.013911534933728209
2012-01-11 06:16:00,-0.0833020995364504,-0.3118150122461527,0.960150141105956,0.012944290232703937
2012-01-11 06:17:00,-0.0858571051673006,-0.3169225701706524,0.9572857983055972,0.012031352097782388
2012-01-11 06:18:00,-0.088688086097233,-0.3218404619138076,0.9544866775918316,0.011183305459883552
2012-01-11 06:19:00,-0.0917776824940652,-0.3265357118501064,0.9517771877526257,0.01041007974175212
2012-01-11 06:20:00,-0.0951056597275535,-0.330976295294819,0.949181526630376,0.009720736171971334
2012-01-11 06:21:00,-0.0986491751180787,-0.3351312989157866,0.9467233602839974,0.009123267084791387
2012-01-11 06:22:00,-0.1023830935688503,-0.3389711177808108,0.9444254854942312,0.008624416811983782
2012-01-11 06:23:00,-0.1062803484747875,-0.342467699430237,0.9423094798545302,0.008229534108516567
2012-01-11 06:24:00,-0.110312342368426,-0.3455948435258293,0.9403953451315747,0.00794246556814171
2012-01-11 06:25:00,-0.114449380157287,-0.3483285610349932,0.9387011510315392,0.007765497523621656
2012-01-11 06:26:00,-0.1186611264976171,-0.3506474890693145,0.9372426878132444,0.007699350199102506
2012-01-11 06:27:00,-0.1229170775971157,-0.352533347535328,0.9360331375414196,0.007743223080717954
2012-01-11 06:28:00,-0.127187036391486,-0.3539714146125419,0.935082775230028,0.007894885948303898
2012-01-11 06:29:00,-0.1314415788226947,-0.3549509921068326,0.9343987123764556,0.008150806740641059
2012-01-11 06:30:00,-0.1356524983665641,-0.3554658290245187,0.9339846959687844,0.008506305493962474
2012-01-11 06:31:00,-0.1397932163969798,-0.3555144717738467,0.9338409753713568,0.00895572265277167
2012-01-11 06:32:00,-0.1438391473804881,-0.3551005128025223,0.9339642469652484,0.009492589928783657
2012-01-11 06:33:00,-0.14776800983354,-0.3542327164210458,0.9343476821725724,0.010109792693079767
2012-01-11 06:34:00,-0.1515600759557085,-0.3529250096234086,0.934981039594516,0.010799714801416505
2012-01-11 06:35:00,-0.1551983545787862,-0.3511963354051789,0.9358508574174966,0.011554359683676685
2012-01-11 06:36:00,-0.1586687034981111,-0.3490703758113352,0.9369407182260908,0.012365444989536067
2012-01-11 06:37:00,-0.1619598686319051,-0.3465751608316645,0.9382315750156152,0.013224471432189633
2012-01-11 06:38:00,-0.1650634492755071,-0.3437425857352787,0.939702124924532,0.014122769255470402
2012-01-11 06:39:00,-0.1679737912799361,-0.3406078625999132,0.9413292162598996,0.01505152775921359
2012-01-11 06:40:00,-0.170687813025702,-0.3372089319555978,0.9430882745965552,0.016001814460800734
2012-01-11 06:41:00,-0.1732047720465771,-0.3335858583693981,0.9449537347523028,0.016964590723826722
2012-01-11 06:42:00,-0.1755259827753229,-0.3297802302074779,0.9468994669531396,0.017930730148707053
2012-01-11 06:43:00,-0.1776544980231311,-0.325834579697976,0.9488991871802316,0.018891044923897482
2012-01-11 06:44:00,-0.1795947683223076,-0.3217918358138587,0.950926843254255,0.01983632393963064
2012-01-11 06:45:00,-0.1813522940257656,-0.3176948198632502,0.9529569695576592,0.020757384957301284
2012-01-11 06:46:00,-0.1829332850294282,-0.3135857916046687,0.954965004552489,0.02164514161616804
2012-01-11 06:47:00,-0.1843443422082805,-0.3095060513997324,0.9569275666452958,0.022490684633823088
2012-01-11 06:48:00,-0.185592173195032,-0.3054956010258927,0.958822685562615,0.023285375321533408
2012-01-11 06:49:00,-0.1866833528950758,-0.3015928626946403,0.9606299881164696,0.02402094858706083
2012-01-11 06:50:00,-0.1876241359811901,-0.297834453275022,0.96233083887664,0.02468962198967195
2012-01-11 06:51:00,-0.1884203248054082,-0.294255009079977,0.9639084376875348,0.02528420714144275
2012-01-11 06:52:00,-0.1890771924264515,-0.2908870555553344,0.9653478771393302,0.025798219769820552
2012-01-11 06:53:00,-0.1895994574590274,-0.2877609152494438,0.9666361640732516,0.026225985009249886
2012-01-11 06:54:00,-0.1899913054928903,-0.2849046462797647,0.9677622099903104,0.026562734916877995
2012-01-11 06:55:00,-0.1902564507899618,-0.2823440023703407,0.9687167958002234,0.02680469574654154
2012-01-11 06:56:00,-0.1903982314196049,-0.2801024048294118,0.9694925166579752,0.026949163091702033
2012-01-11 06:57:00,-0.1904197304892463,-0.2782009169107835,0.970083712682726,0.02699456354057661
2012-01-11 06:58:00,-0.190323915557166,-0.2766582119348975,0.9704863911400096,0.0269405019045581
2012-01-11 06:59:00,-0.1901137878628779,-0.2754905280696459,0.970698145235542,0.02678779334163539
2012-01-11 07:00:00,-0.1897925328811287,-0.2747116044371087,0.9707180740792004,0.026538479792100444
2012-01-11 07:01:00,0.041917153008106,0.6432883640306113,0.5306956827167789,0.0
2012-01-11 07:02:00,-0.1888311518736646,-0.2743619610753419,0.970185939217131,0.025764322960039943
2012-01-11 07:03:00,-0.1881995330993168,-0.2748053401307134,0.969638967542998,0.025249611851186904
2012-01-11 07:04:00,-0.1874739932902522,-0.2756654043783155,0.9689102475130492,0.024658470451033754
2012-01-11 07:05:00,-0.1866604210026818,-0.2769417091148399,0.9680054496470244,0.023998717559101657
2012-01-11 07:06:00,-0.1857654304688798,-0.2786305445937353,0.9669314258469228,0.0232791201955862
2012-01-11 07:07:00,-0.1847963524531872,-0.2807247989846476,0.9656961794458332,0.022509274110143362
2012-01-11 07:08:00,-0.1837611937855299,-0.2832138413326298,0.964308837027311,0.021699461403808407
2012-01-11 07:09:00,-0.1826685670203262,-0.2860834324905473,0.9627796194189028,0.020860485713518173
2012-01-11 07:10:00,-0.1815275922714131,-0.2893156712403232,0.9611198092569384,0.020003486330899323
2012-01-11 07:11:00,-0.1803477739712609,-0.2928889822498358,0.9593417124833804,0.01913973370204669
2012-01-11 07:12:00,-0.1791388564926541,-0.2967781524450251,0.9574586109043072,0.01828040994069191
2012-01-11 07:13:00,-0.1779106643033382,-0.3009544229361321,0.9554847024623848,0.017436379238184863
2012-01-11 07:14:00,-0.1766729342548555,-0.3053856443810104,0.9534350253363452,0.016617954312406757
2012-01-11 07:15:00,-0.175435149105957,-0.3100365037474646,0.9513253617386872,0.01583466621543539
2012-01-11 07:16:00,-0.1742063817231758,-0.3148688294056945,0.9491721176090964,0.015095045801588824
2012-01-11 07:17:00,-0.172995158174015,-0.3198419796998176,0.9469921752776692,0.014406425830930436
2012-01-11 07:18:00,-0.1718093454433641,-0.3249133180435962,0.9448027174126218,0.013774772942220403
2012-01-11 07:19:00,-0.1706560666435746,-0.3300387748780399,0.9426210220684214,0.013204558443441261
2012-01-11 07:20:00,-0.1695416440924818,-0.3351734928940338,0.940464230435361,0.012698675889696531
2012-01-11 07:21:00,-0.1684715686832266,-0.3402725466699402,0.93834909095789,0.012258411658471857
2012-01-11 07:22:00,-0.1674504925178946,-0.345291721890233,0.9362916857057184,0.011883472229912151
2012-01-11 07:23:00,-0.1664822409144828,-0.3501883333504907,0.9343071470467053,0.011572068800466573
2012-01-11 07:24:00,-0.1655698396814876,-0.354922055557815,0.9324093746203934,0.01132105644722503
2012-01-11 07:25:00,-0.1647155537806619,-0.3594557353367421,0.9306107642009092,0.011126121594308369
2012-01-11 07:26:00,-0.1639209338314168,-0.3637561531471996,0.9289219609953036,0.010982008306761548
2012-01-11 07:27:00,-0.163186867084105,-0.3677946997801839,0.927351649870745,0.01088277129106996
2012-01-11 07:28:00,-0.1625136294359532,-0.3715479382679525,0.9259063937176116,0.010822041761439527
2012-01-11 07:29:00,-0.1619009350552205,-0.3749980268162338,0.9245905286978888,0.010793291749438216
2012-01-11 07:30:00,-0.1613479806524883,-0.3781329862210392,0.9234061218072148,0.010790083014330376
2012-01-11 07:31:00,-0.1608534825171347,-0.3809468032442196,0.9223529925644643,0.010806288381954632
2012-01-11 07:32:00,-0.1604157058411439,-0.3834393686205641,0.9214287974151474,0.01083627595895753
2012-01-11 07:33:00,-0.1600324872590804,-0.3856162541646687,0.920629172971178,0.010875049934418568
2012-01-11 07:34:00,-0.1597012528100708,-0.3874883379161105,0.9199479324414698,0.010918345156240239
2012-01-11 07:35:00,-0.1594190346612636,-0.3890712897418308,0.9193773083090928,0.010962675941784461
