timestamp,x,y,z,enmo
1970-01-01 18:00:00,-0.0342285015422915,-0.1888915410888272,1.0629358369367838,0.08013156516104258
1970-01-01 18:01:00,-0.0353590477003805,-0.18113406596685,1.064032362499271,0.07991883053947202
1970-01-01 18:02:00,-0.0364177852302385,-0.1720830001777039,1.0646374672857506,0.07906985444866033
1970-01-01 18:03:00,-0.0373912233893103,-0.1616368694336227,1.0647032354878836,0.07755165110783402
1970-01-01 18:04:00,-0.0382661975298664,-0.1497010882236797,1.064185067676284,0.07534393379696236
1970-01-01 18:05:00,-0.0390300406539525,-0.1361899999459459,1.0630424974973265,0.07244133249519957
1970-01-01 18:06:00,-0.0396707527411082,-0.1210289185212931,1.0612400009077267,0.06885551281177005
1970-01-01 18:07:00,-0.0401771662194217,-0.1041561357871322,1.0587477825899865,0.06461710133115184
1970-01-01 18:08:00,-0.0405391060835391,-0.0855248589567935,1.055542523075962,0.05977730615596766
1970-01-01 18:09:00,-0.0407475430338951,-0.0651050416526261,1.0516080696941548,0.054409105118955026
1970-01-01 18:10:00,-0.0407947378187647,-0.0428850703972772,1.0469360546112734,0.048607859183641855
1970-01-01 18:11:00,-0.0406743746330183,-0.0188732664048963,1.0415264238618895,0.0424911973437061
1970-01-01 18:12:00,-0.040381680867685,0.0069008392854093,1.0353878622699328,0.036198015375654036
1970-01-01 18:13:00,-0.0399135298486356,0.0343854999674903,1.0285381004633465,0.029886438680372773
1970-01-01 18:14:00,-0.039268522803009,0.0635060580332932,1.0210040916651542,0.023730624474546547
1970-01-01 18:15:00,-0.0384470464650603,0.0941645980644186,1.0128220475795775,0.017916326116153902
1970-01-01 18:16:00,-0.0374513034961616,0.1262399806403714,1.0040373245781724,0.012635216646022629
1970-01-01 18:17:00,-0.0362853139752643,0.1595882830168994,0.9947041537115302,0.008078071132160414
1970-01-01 18:18:00,-0.0349548873061434,0.1940436658286974,0.9848852109806264,0.004427034285306997
1970-01-01 18:19:00,-0.0334675648531018,0.2294196764113323,0.97465102784293,0.0018473396167486555
1970-01-01 18:20:00,-0.0318325345450704,0.2655109883111411,0.9640792460684888,0.00047897922420525596
1970-01-01 18:21:00,-0.0300605197649476,0.3020955628344349,0.953253725774204,0.00042892283019990707
1970-01-01 18:22:00,-0.0281636461442732,0.3389372022975571,0.942263520760076,0.0017645235386454239
1970-01-01 18:23:00,-0.0261552912424558,0.3757884461362895,0.9312017410942226,0.0045087048534802054
1970-01-01 18:24:00,-0.024049923113668,0.4123937410188287,0.9201643288216358,0.008637391964550156
1970-01-01 18:25:00,-0.0218629340421729,0.4484927977892367,0.9092487775950464,0.014079443195569308
1970-01-01 18:26:00,-0.0196104751195396,0.4838240369816233,0.8985528294667133,0.020719088113005713
1970-01-01 18:27:00,-0.017309296131424,0.518128024831819,0.8881731812636903,0.028400632907599643
1970-01-01 18:28:00,-0.0149765939288766,0.5511508120883841,0.8782042294605118,0.03693499539446887
1970-01-01 18:29:00,-0.0126298714198674,0.5826471036200657,0.8687368775668365,0.04610751046606598
1970-01-01 18:30:00,-0.0102868085178284,0.612383203325362,0.8598574248863805,0.055686410482180815
1970-01-01 18:31:00,-0.007965145648625,0.6401396939426561,0.8516465507287104,0.06543142373139688
1970-01-01 18:32:00,-0.0056825796943486,0.6657138243801507,0.8441784040698076,0.07510202566113522
1970-01-01 18:33:00,-0.0034566716610138,0.6889215880741543,0.8375198053296969,0.08446499593720413
1970-01-01 18:34:00,-0.0013047650290258,0.7095994847876663,0.8317295642860948,0.09330105612783512
1970-01-01 18:35:00,0.0007560862777679,0.7276059654042887,0.8268579160297379,0.1014104711048498
1970-01-01 18:36:00,0.0027091811906342,0.742822564907658,0.8229460751397599,0.10861758293229817
1970-01-01 18:37:00,0.0045382269089275,0.755154733127128,0.8200259067739597,0.11477430641732855
1970-01-01 18:38:00,0.0062273878413989,0.7645323762193468,0.8181197120101954,0.11976265245210471
1970-01-01 18:39:00,0.0077613308379809,0.7709101243853442,0.8172401235049902,0.12349636296814737
1970-01-01 18:40:00,0.0091252711349853,0.774267342978065,0.8173901064516664,0.12592174466108697
1970-01-01 18:41:00,0.0103050244723604,0.774607904827091,0.8185630590988704,0.12701778223384408
1970-01-01 18:42:00,0.0112870704739196,0.771959741247435,0.8207430068504303,0.12679559963667586
1970-01-01 18:43:00,0.0120586305366175,0.7663741879289412,0.8239048841919802,0.12529732279498607
1970-01-01 18:44:00,0.0126077608330582,0.7579251400237444,0.8280148992357811,0.12259438216556062
1970-01-01 18:45:00,0.0129234586185252,0.7467080286898318,0.8330309763158071,0.11878528029027358
1970-01-01 18:46:00,0.0129957786083634,0.7328386295404038,0.838903272562937,0.1139928401588135
1970-01-01 18:47:00,0.0128159557956313,0.7164517121508027,0.8455747646211288,0.10836094623134818
1970-01-01 18:48:00,0.0123765312091575,0.6976995389986403,0.8529819016984569,0.10205079278080587
1970-01-01 18:49:00,0.0116714773446339,0.6767502218536441,0.8610553211589831,0.09523666495354433
1970-01-01 18:50:00,0.0106963202298823,0.6537859436873292,0.8697206229425568,0.08810129739890527
1970-01-01 18:51:00,0.0094482552179868,0.6290010548526704,0.8788991991232448,0.08083088351134626
1970-01-01 18:52:00,0.0079262534799029,0.6026000539798773,0.8885091145938346,0.07360984406212423
1970-01-01 18:53:00,0.0061311558438174,0.5747954671394903,0.8984660339293373,0.0666155044067187
1970-01-01 18:54:00,0.0040657503529824,0.5458056435688126,0.9086841878318768,0.06001286977714382
1970-01-01 18:55:00,0.0017348298744235,0.515852492693299,0.919077370220333,0.05394972190503777
1970-01-01 18:56:00,-0.0008547734833055,0.4851591952756692,0.9295599540641464,0.048552279859225944
1970-01-01 18:57:00,-0.0036941790382352,0.4539479312121506,0.9400479105161694,0.04392166625488425
1970-01-01 18:58:00,-0.0067724727466771,0.4224376770746997,0.9504598119270424,0.040131391453869014
1970-01-01 18:59:00,-0.0100767437275679,0.3908421353480562,0.960717795616754,0.03722601121563396
1970-01-01 19:00:00,-0.0135921373675678,0.3593678596277438,0.9707484632589166,0.03522103130258736
1970-01-01 19:01:00,-0.0173019206362652,0.3282126317530383,0.980483691700783,0.0341040362512639
1970-01-01 19:02:00,-0.0211875568315926,0.2975641282622331,0.989861334985286,0.03383692403193228
1970-01-01 19:03:00,-0.0252287887838986,0.2675988891930422,0.9988258029643416,0.03435904885499719
1970-01-01 19:04:00,-0.0294037311489655,0.2384815775513654,1.0073285077509246,0.0355910219602007
1970-01-01 19:05:00,-0.0336889738707845,0.2103644971737153,1.0153281745193643,0.037438899696961014
1970-01-01 19:06:00,-0.0380597001754054,0.1833873234073223,1.0227910175411046,0.03979849813639924
1970-01-01 19:07:00,-0.0424898233673537,0.157676996122778,1.029690785838851,0.042559607234772034
1970-01-01 19:08:00,-0.0469521470691773,0.13334772647114,1.0360086856160131,0.045609925804669604
1970-01-01 19:09:00,-0.0514185533066633,0.110501074784449,1.0417331888502763,0.048838591921957164
1970-01-01 19:10:00,-0.0558602219933161,0.0892260653484532,1.0468597392056609,0.05213923446873392
1970-01-01 19:11:00,-0.0602478839656799,0.0695993140155737,1.051390367700359,0.05541251524078339
1970-01-01 19:12:00,-0.0645521078812731,0.0516851566782966,1.0553332313673094,0.05856816468328696
1970-01-01 19:13:00,-0.0687436191775769,0.0355357797113988,1.058702088546762,0.061526537167396755
1970-01-01 19:14:00,-0.0727936472022464,0.0211913654152079,1.0615157245859863,0.06421972476762416
1970-01-01 19:15:00,-0.0766742950375127,0.0086802728693038,1.063797341635879,0.06659227389295674
1970-01-01 19:16:00,-0.080358925787125,-0.0019807250625813,1.0655739258399934,0.06860154952886433
1970-01-01 19:17:00,-0.083822558822109,-0.0107861339909464,1.066875604436191,0.07021778970219161
1970-01-01 19:18:00,-0.0870422686881201,-0.0177413544936769,1.0677350042223297,0.07142388970906555
1970-01-01 19:19:00,-0.089997577258014,-0.0228622276736008,1.068186621676384,0.07221495237425124
1970-01-01 19:20:00,-0.0926708264280457,-0.0261745230688549,1.068266213958858,0.07259763733411773
1970-01-01 19:21:00,-0.0950475152494844,-0.0277133886118267,1.0680102191358385,0.0725893390492156
1970-01-01 19:22:00,-0.0971165832654049,-0.0275227862264338,1.0674552131494337,0.07221721987044938
1970-01-01 19:23:00,-0.0988706222403447,-0.0256549373120432,1.0666374101580829,0.07151712095487306
1970-01-01 19:24:00,-0.1003060019156545,-0.0221697992623356,1.0655922117820726,0.07053237028603898
1970-01-01 19:25:00,-0.1014229011962501,-0.0171345877443816,1.0643538095551377,0.06931250385412047
1970-01-01 19:26:00,-0.1022252428673817,-0.01062335093215,1.0629548436153806,0.06791191370342942
1970-01-01 19:27:00,-0.1027205365120918,-0.0027165924222507,1.0614261194729244,0.06638843560640306
1970-01-01 19:28:00,-0.1029196404904231,0.0064990700438673,1.0597963835861868,0.06480189001169268
1970-01-01 19:29:00,-0.102836459439621,0.0169312318668746,1.0580921574407478,0.06321259287135184
1970-01-01 19:30:00,-0.1024875977726374,0.0284820435039898,1.056337628885348,0.061679857913151004
1970-01-01 19:31:00,-0.1018919906009848,0.0410485980325105,1.0545545986546871,0.0602605183127467
1970-01-01 19:32:00,-0.1010705306341685,0.054523391605452,1.0527624791719812,0.05900750230919982
1970-01-01 19:33:00,-0.1000457038614605,0.0687948746347423,1.0509783417145802,0.057968502551126955
1970-01-01 19:34:00,-0.0988412405004354,0.0837480997862724,1.0492170068554016,0.05718478163284413
1970-01-01 19:35:00,-0.0974817829009069,0.0992654629353155,1.047491171937102,0.0566901558240549
1970-01-01 19:36:00,-0.0959925693830515,0.1152275272589604,1.0458115684332436,0.05651019544715008
1970-01-01 19:37:00,-0.0943991315223828,0.1315139173191548,1.044187141652447,0.05666167398705113
1970-01-01 19:38:00,-0.0927270012588439,0.1480042665106727,1.0426252454455769,0.057152288985966804
1970-01-01 19:39:00,-0.091001423491276,0.1645791969223668,1.041131845167848,0.0579806662504081
1970-01-01 19:40:00,-0.0892470703731693,0.1811213075370652,1.039711722765913,0.059136645608578675
1970-01-01 19:41:00,-0.0874877557925139,0.1975161467039309,1.0383686783088533,0.06060183278893794
1970-01-01 19:42:00,-0.0857461518006383,0.2136531478537412,1.0371057225857507,0.06235038944622362
1970-01-01 19:43:00,-0.084043511722901,0.2294265123502653,1.0359252556192289,0.06435002309470006
1970-01-01 19:44:00,-0.0823994064401047,0.2447360292067063,1.0348292261384937,0.06656313148539938
1970-01-01 19:45:00,-0.080831480819699,0.2594878270633126,1.0338192673583393,0.06894805217413547
1970-01-01 19:46:00,-0.0793552368236044,0.2735950579064405,1.0328968050850025,0.07146036757173824
1970-01-01 19:47:00,-0.0779838486573944,0.2869785136029319,1.0320631353872105,0.07405421806650292
1970-01-01 19:48:00,-0.0767280136925948,0.2995671756464172,1.031319470740628,0.0766835800450898
1970-01-01 19:49:00,-0.0755958412406549,0.3112986964106869,1.030666955423326,0.0793034710411451
1970-01-01 19:50:00,-0.0745927800942404,0.3221198074192601,1.030106652784638,0.08187105021124386
1970-01-01 19:51:00,-0.0737215853466617,0.3319866472253473,1.0296395086784795,0.08434658846404508
1970-01-01 19:52:00,-0.0729823252672682,0.3408649990792019,1.0292662967046435,0.08669428862526596
1970-01-01 19:53:00,-0.0723724296168368,0.3487304273147563,1.0289875517838354,0.08888294193171542
1970-01-01 19:54:00,-0.0718867812764136,0.3555683018421388,1.0288034988602883,0.09088641290665844
1970-01-01 19:55:00,-0.0715178529208844,0.3613737026049527,1.0287139830840195,0.09268395028636456
1970-01-01 19:56:00,-0.0712558893222243,0.3661512002987485,1.0287184067074535,0.09426032713520094
1970-01-01 19:57:00,-0.0710891338152543,0.369914515356917,1.0288156763644891,0.09560581850940686
1970-01-01 19:58:00,-0.0710040951147738,0.3726860630143324,1.0290041627255582,0.09671602978834848
1970-01-01 19:59:00,-0.070985848762949,0.3744963970542322,1.0292816730506669,0.09759159281090413
1970-01-01 20:00:00,0.054058667897973305,0.3083165972171555,1.03232580916091,0.07873909725855244
1970-01-01 20:01:00,0.0507241653853904,0.31418635228018293,1.0274582093731068,0.07561906682680308
1970-01-01 20:02:00,-0.0711681732404382,0.3745737928613128,1.0306177293229188,0.09888276862257683
1970-01-01 20:03:00,-0.0712510957338764,0.3729837970080228,1.0312178374761711,0.09891030562226999
1970-01-01 20:04:00,-0.0713167892013328,0.3706829215309898,1.03188739099426,0.09876453366027338
1970-01-01 20:05:00,-0.0713491242526188,0.3677352408426025,1.032620847648385,0.09846516553200324
1970-01-01 20:06:00,-0.071333038706902,0.3642075765952542,1.0334121907200966,0.09803293083106479
1970-01-01 20:07:00,-0.0712548717258497,0.3601686728050251,1.0342549722286585,0.09748898727709499
1970-01-01 20:08:00,-0.0711026717870611,0.3556883827500547,1.0351423637715864,0.09685437904638694
1970-01-01 20:09:00,-0.0708664703309316,0.3508368730127825,1.0360672153689057,0.09614955313808826
1970-01-01 20:10:00,-0.0705385128617179,0.3456838500022433,1.0370221224970158,0.09539394214927599
1970-01-01 20:11:00,-0.0701134398629009,0.3402978143442794,1.0379995012475218,0.09460561915559618
1970-01-01 20:12:00,-0.069588410963769,0.3347453486602434,1.038991671246066,0.09380102775085364
1970-01-01 20:13:00,-0.0689631672928305,0.3290904446284093,1.0399909455518206,0.09299478773622383
1970-01-01 20:14:00,-0.0682400288379642,0.3233938757764043,1.0409897262425094,0.09219957451371741
1970-01-01 20:15:00,-0.0674238257021551,0.3177126228603126,1.041980603904561,0.09142606800021391
1970-01-01 20:16:00,-0.0665217640827597,0.3120993585940141,1.042956458951223,0.09068296493506822
1970-01-01 20:17:00,-0.0655432294853994,0.3066019977496226,1.0439105626488847,0.08997704689839514
1970-01-01 20:18:00,-0.0644995312661498,0.3012633174311463,1.0448366758730787,0.08931329525195708
1970-01-01 20:19:00,-0.0634035942757897,0.296120651062963,1.045729143795426,0.08869504358941427
1970-01-01 20:20:00,-0.0622696051795114,0.2912056587728008,1.046582984798684,0.08812415812747942
1970-01-01 20:21:00,-0.0611126227837441,0.2865441766587202,1.0473939718495044,0.08760123671647801
1970-01-01 20:22:00,-0.0599481631653839,0.2821561479707062,1.0481587042628464,0.08712581766166316
1970-01-01 20:23:00,-0.0587917713749485,0.2780556402445366,1.0488746672757572,0.08669659017870934
1970-01-01 20:24:00,-0.0576585920117519,0.2742509532852323,1.0495402762869388,0.08631159901710528
1970-01-01 20:25:00,-0.0565629512410473,0.2707448229424729,1.050154902301183,0.08596843666400145
1970-01-01 20:26:00,-0.0555179628926487,0.2675347244553089,1.050718875256304,0.08566441767840938
1970-01-01 20:27:00,-0.054535170985311,0.2646132766903689,1.051233462525019,0.08539673106544399
1970-01-01 20:28:00,-0.0536242402189188,0.2619687450588206,1.0517008208431304,0.08516256804631062
1970-01-01 20:29:00,-0.0527927046452594,0.2595856367646685,1.0521239210383069,0.0849592239800081
1970-01-01 20:30:00,-0.0520457828235356,0.2574453778997613,1.0525064460912037,0.0847841744675304
1970-01-01 20:31:00,-0.0513862652281272,0.2555270581600934,1.052852664198346,0.08463512676641738
1970-01-01 20:32:00,-0.0508144767127808,0.2538082259251691,1.0531672795565314,0.08451004851010047
1970-01-01 20:33:00,-0.0503283140675826,0.2522657145772394,1.0534552644054267,0.0844071763187284
1970-01-01 20:34:00,-0.0499233567779947,0.2508764804900675,1.0537216763475856,0.0843250071910322
1970-01-01 20:35:00,-0.0495930480783813,0.2496184335582447,1.0539714652240522,0.08426227560323785
1970-01-01 20:36:00,-0.0493289426912395,0.248471241519494,1.0542092741000944,0.08421791907712084
1970-01-01 20:37:00,-0.0491210165787702,0.2474170892632309,1.0544392393324629,0.08419103472277634
1970-01-01 20:38:00,-0.0489580324042663,0.2464413741426002,1.0546647951937451,0.08418082903510826
1970-01-01 20:39:00,-0.0488279524473667,0.2455333182425832,1.0548884890603407,0.0841865631243659
1970-01-01 20:40:00,-0.0487183887099725,0.2446864783950475,1.055111813747018,0.08420749564665342
1970-01-01 20:41:00,-0.0486170779482124,0.2438991344742271,1.0553350641495722,0.084242825979993
1970-01-01 20:42:00,-0.0485123673242585,0.2431745371287195,1.0555572256222685,0.08429164059055227
1970-01-01 20:43:00,-0.0483936944151616,0.2425209994200058,1.0557759008856236,0.08435286586501745
1970-01-01 20:44:00,-0.048252043922328,0.241951824084234,1.0559872803058967,0.08442523075047226
1970-01-01 20:45:00,-0.042944670193830047,0.2666026267808179,1.0477128211935067,0.08195349299207222
1970-01-01 20:46:00,-0.0437995383895097,0.26271563807895126,1.0494387127804234,0.08270934139158359
1970-01-01 20:47:00,-0.044624067935830805,0.2592292250188645,1.0508953073628533,0.08331530293829426
1970-01-01 20:48:00,-0.0454038902551967,0.2561436838845625,1.052090133066938,0.08377338412652868
1970-01-01 20:49:00,-0.04612382665824945,0.25345781062871353,1.0530331511772193,0.08408813600764287
1970-01-01 20:50:00,-0.0467007009765002,0.2415936993415089,1.0567236995763682,0.0849946766134746
1970-01-01 20:51:00,-0.0463457943412634,0.2423238058711354,1.0566721611844472,0.0850920770917114
1970-01-01 20:52:00,-0.0459862258805371,0.2433698439834566,1.0565420217632522,0.08518415841867522
1970-01-01 20:53:00,-0.0456364072138027,0.2447658083106182,1.056321814840438,0.08526898006398898
1970-01-01 20:54:00,-0.0453127648190395,0.246544037257951,1.0560002588662185,0.08534499385610839
1970-01-01 20:55:00,-0.0450333036609509,0.2487343588780674,1.055566507975464,0.08541118129703174
1970-01-01 20:56:00,-0.0448171108177683,0.251363265221692,1.0550104005689245,0.08546718505607775
1970-01-01 20:57:00,-0.0446838129731156,0.2544531303753821,1.054322701046225,0.08551342536195983
1970-01-01 20:58:00,-0.0446530019712309,0.2580214873163757,1.0534953302029049,0.08555119145129453
1970-01-01 20:59:00,-0.0447436426495145,0.2620803780651685,1.0525215801531675,0.08558269828348397
1970-01-01 21:00:00,-0.0449734770306677,0.2666357901646609,1.051396310197649,0.08561109948737711
1970-01-01 21:01:00,-0.0453584387538923,0.2716871904075142,1.05011612074789,0.08564044897577228
1970-01-01 21:02:00,-0.0459120913480264,0.2772271643302578,1.0486795030759148,0.08567560576172695
1970-01-01 21:03:00,-0.0466451035122007,0.2832411673966845,1.0470869631217885,0.08572207904670992
1970-01-01 21:04:00,-0.0475647739354062,0.2897073909151976,1.0453411178340464,0.08578581345721736
1970-01-01 21:05:00,-0.048674617511447,0.2965967429716679,1.0434467626128936,0.08587291739807923
1970-01-01 21:06:00,-0.0499740241347005,0.3038729428658724,1.0414109084585326,0.08598934099309075
1970-01-01 21:07:00,-0.0514580001646055,0.3114927270218717,1.0392427874682253,0.08614051396363531
1970-01-01 21:08:00,-0.053117000673448,0.3194061645025726,1.036953825436998,0.08633095775238386
1970-01-01 21:09:00,-0.0549368579893335,0.3275570802424849,1.0345575805507388,0.08656388981859697
1970-01-01 21:10:00,-0.056898809498926,0.3358835831626513,1.0320696476344495,0.08684084093710487
1970-01-01 21:11:00,-0.0589796255170352,0.3443186938928588,1.0295075282906672,0.08716130817711343
1970-01-01 21:12:00,-0.0611518361084954,0.3527910631849452,1.026890468473143,0.08752246669372088
1970-01-01 21:13:00,-0.0633840538176477,0.3612257687177742,1.0242392661440791,0.08791896232001895
1970-01-01 21:14:00,-0.0656413872615368,0.3695451764997226,1.021576052098483,0.08834280418301677
1970-01-01 21:15:00,-0.0678859386754488,0.3776698538459359,1.01892404664299,0.08878337239378498
1970-01-01 21:16:00,-0.0700773771172315,0.3855195228918505,1.0163072940147837,0.08922755068995691
1970-01-01 21:17:00,-0.0721735782855317,0.3930140454000468,1.0137503758480166,0.08965998816889797
1970-01-01 21:18:00,-0.0741313214679219,0.400074430371704,1.0112781049927555,0.09006348819578491
1970-01-01 21:19:00,-0.0759070334596475,0.406623855446503,1.0089152015802476,0.09041951629936196
1970-01-01 21:20:00,-0.0774575680877315,0.4125886914614469,1.0066859542668354,0.0907088125132498
1970-01-01 21:21:00,-0.0787410083982854,0.4178995173322876,1.0046138708798686,0.09091208745451662
1970-01-01 21:22:00,-0.0797174770154437,0.4224921101480619,1.0027213240276645,0.0910107758124401
1970-01-01 21:23:00,-0.0803499389572904,0.4263083934493511,1.0010291984364246,0.09098781621889684
1970-01-01 21:24:00,-0.0806049803558829,0.4292973255264486,0.9995565476476636,0.09082842303803651
1970-01-01 21:25:00,-0.0804535460463934,0.4314157096295932,0.9983202680727512,0.09052081375437049
1970-01-01 21:26:00,-0.0798716190028519,0.4326289092291421,0.9973347982159092,0.09005685556089338
1970-01-01 21:27:00,-0.078840825366419,0.4329114532001959,0.9966118503510276,0.08943259649987656
1970-01-01 21:28:00,-0.077348950423528,0.4322475169402634,0.996160181450588,0.0886486499970105
1970-01-01 21:29:00,-0.0753903533432121,0.4306312654663172,0.9959854098880364,0.08771040671870756
1970-01-01 21:30:00,-0.0729662720094747,0.4280670443562778,0.9960898840041476,0.08662805427168885
1970-01-01 21:31:00,-0.0700850139345299,0.4245694055355606,0.9964726074935188,0.08541639327032224
1970-01-01 21:32:00,-0.0667620341079761,0.4201629579810028,0.9971292247149776,0.08409444756362094
1970-01-01 21:33:00,-0.0630199042754842,0.4148820377387639,0.9980520670354028,0.08268487663160817
1970-01-01 21:34:00,-0.058888179850814,0.4087701963424522,0.9992302596735264,0.0812132088497679
1970-01-01 21:35:00,-0.0544031709144001,0.4018795116059652,1.0006498871847505,0.07970692485370501
1970-01-01 21:36:00,-0.049607623389878,0.3942697302460736,1.0022942143694975,0.07819442988974479
1970-01-01 21:37:00,-0.0445503160397484,0.38600725820254,1.0041439577340443,0.07670396205181396
1970-01-01 21:38:00,-0.0392855785654997,0.3771640218478153,1.006177600664893,0.07526248894835263
1970-01-01 21:39:00,-0.0338727358742913,0.3678162311008156,1.0083717433780373,0.07389464797068435
1970-01-01 21:40:00,-0.0283754834344618,0.3580430828217499,1.0107014768525058,0.07262178447413525
1970-01-01 21:41:00,-0.0228611984900065,0.3479254481976545,1.0131407689215073,0.07146113767639806
1970-01-01 21:42:00,-0.0174001917021082,0.3375445896626743,1.0156628509741636,0.07042521622520614
1970-01-01 21:43:00,-0.0120649036380681,0.3269809510325475,1.0182405953528482,0.06952139495311993
1970-01-01 21:44:00,-0.0069290506427509,0.3163130601769305,1.0208468760394342,0.06875175232641206
1970-01-01 21:45:00,-0.0020667251640654,0.3056165778971181,1.0234549079688904,0.06811315537449447
1970-01-01 21:46:00,0.0024485434029101,0.2949635192238862,1.0260385627469824,0.06759758583542563
1970-01-01 21:47:00,0.0065447598236549,0.2844216620341022,1.028572660263173,0.06719268792296895
1970-01-01 21:48:00,0.0101524565864115,0.2740541418252865,1.0310332365403123,0.06688250518842276
1970-01-01 21:49:00,0.013205698135354,0.2639192137702332,1.0333977884791965,0.06664836337662572
1970-01-01 21:50:00,0.0156430819127486,0.2540701495117319,1.0356454964605075,0.06646985012403128
1970-01-01 21:51:00,0.0174087209257923,0.244555230393862,1.0377574261764098,0.06632584131753738
1970-01-01 21:52:00,0.0184531916806261,0.2354178008119355,1.039716711160554,0.06619552648135274
1970-01-01 21:53:00,0.0187344306199855,0.2266963525617127,1.0415087168357924,0.06605938971540337
1970-01-01 21:54:00,0.0182185616917275,0.2184246200758555,1.0431211855991258,0.06590010718224559
1970-01-01 21:55:00,0.016880637814174,0.2106316733622059,1.0445443611184977,0.06570332649421085
1970-01-01 21:56:00,0.0147052799860852,0.2033419978418479,1.045771089202368,0.06545829780301116
1970-01-01 21:57:00,0.0116871992646018,0.1965755495628488,1.046796892417064,0.0651583315576183
1970-01-01 21:58:00,0.0078315883708911,0.1903477744183321,1.0476200157974271,0.06480106428469767
1970-01-01 21:59:00,0.0031543711686625,0.1846695833496824,1.048241441277897,0.06438852130431116
1970-01-01 22:00:00,-0.0023177002046919,0.1795472813300519,1.0486648688021405,0.0639269735405068
1970-01-01 22:01:00,-0.0085471090534777,0.1749824544588039,1.0488966624916851,0.06342659409467255
1970-01-01 22:02:00,-0.0154858050651025,0.1709718256671483,1.048945760832651,0.06290092882604115
1970-01-01 22:03:00,-0.0230756060621982,0.1675070949969954,1.0488235506075825,0.062366203706879286
1970-01-01 22:04:00,-0.0312487705579588,0.1645747853815297,1.0485437051956088,0.06184049995754837
1970-01-01 22:05:00,-0.0399287369909514,0.1621561197872071,1.0481219887283972,0.0613428355051473
1970-01-01 22:06:00,-0.049031021513956,0.1602269602202954,1.047576028254347,0.06089219755133013
1970-01-01 22:07:00,-0.0584642629255746,0.1587578416490199,1.046925056481385,0.060506575280435015
1970-01-01 22:08:00,-0.0681314008678465,0.1577141320920754,1.046189627941292,0.06020204341328772
1970-01-01 22:09:00,-0.0779309713327016,0.157056343807523,1.0453913116860392,0.05999194618247117
1970-01-01 22:10:00,-0.0877585012398812,0.1567406118349466,1.0445523639753038,0.05988622739644045
1970-01-01 22:11:00,-0.09750798099844,0.1567193467586421,1.0436953849047748,0.05989094555919916
1970-01-01 22:12:00,-0.1070733904551615,0.1569420581760459,1.0428429635964305,0.06000800340878687
1970-01-01 22:13:00,-0.1163502496790691,0.1573563335322361,1.0420173173623763,0.060235108825478
1970-01-01 22:14:00,-0.1252371623440061,0.1579089448630547,1.041239930992788,0.06056596946800452
1970-01-01 22:15:00,-0.1336373172515203,0.1585470458161199,1.040531202831576,0.060990707954282186
1970-01-01 22:16:00,-0.1414599138094975,0.1592194149655212,1.03991010451362,0.06149646951201948
1970-01-01 22:17:00,-0.1486214801168587,0.1598776993453951,1.0393938611897944,0.06206818132318226
1970-01-01 22:18:00,-0.1550470568513834,0.1604776132549913,1.0389976588560597,0.06268941337658362
1970-01-01 22:19:00,-0.1606712254036856,0.1609800502159096,1.0387343850856532,0.06334328511516385
1970-01-01 22:20:00,-0.1654389640277918,0.1613520695508187,1.0386144090404918,0.06401336074010433
1970-01-01 22:21:00,-0.1693063209465093,0.1615677231679486,1.0386454060963797,0.06468447865423066
1970-01-01 22:22:00,-0.1722408982082654,0.1616086928460895,1.0388322317464684,0.0653434668379771
1970-01-01 22:23:00,-0.1742221443543707,0.1614647138047885,1.0391768486336626,0.06597970530572828
1970-01-01 22:24:00,-0.1752414572787786,0.1611337668644865,1.0396783095866895,0.06658550833871968
1970-01-01 22:25:00,-0.1753021011061111,0.1606220291173268,1.040332798386083,0.06715631202172223
1970-01-01 22:26:00,-0.1744189431831336,0.1599435814658193,1.0411337286451612,0.06769066583716588
1970-01-01 22:27:00,-0.1726180201503334,0.1591198803403966,1.04207189960695,0.06819003981061367
1970-01-01 22:28:00,-0.169935945603833,0.1581790103390832,1.0431357058182196,0.0686584700796582
1970-01-01 22:29:00,-0.166419175524281,0.1571547443575506,1.0443113956714845,0.069102075007617
1970-01-01 22:30:00,-0.162123150961598,0.1560854473812689,1.0455833719444585,0.0695284805224552
1970-01-01 22:31:00,-0.1571113401544256,0.1550128682563462,1.0469345259645502,0.06994619686542958
1970-01-01 22:32:00,-0.151454203763019,0.1539808687273107,1.048346596110603,0.0703639891869472
1970-01-01 22:33:00,-0.1452281063438666,0.1530341391488585,1.04980054117589,0.07079028146058985
1970-01-01 22:34:00,-0.1385141943909653,0.152216945162803,1.051276919532844,0.07123262739002656
1970-01-01 22:35:00,-0.1313972572947358,0.1515719412104957,1.0527562656908886,0.07169727420495109
1970-01-01 22:36:00,-0.1239645839951121,0.1511390782788762,1.0542194564563885,0.07218883665111564
1970-01-01 22:37:00,-0.1163048256595601,0.1509546268170499,1.055648059543436,0.07271009012081042
1970-01-01 22:38:00,-0.1085068730738895,0.1510503310175896,1.0570246583110805,0.07326188429593117
1970-01-01 22:39:00,-0.100658756105159,0.151452706371577,1.0583331473228326,0.0738431720554753
1970-01-01 22:40:00,-0.0928465715403261,0.1521824879861086,1.0595589945052022,0.0744511428321486
1970-01-01 22:41:00,-0.0851534450616555,0.1532542327451375,1.0606894666950857,0.07508144520221083
1970-01-01 22:42:00,-0.0776585333544065,0.1546760743204821,1.0617138162252957,0.07572848030236412
1970-01-01 22:43:00,-0.0704360735666216,0.1564496265677836,1.0626234268489765,0.0763857456325514
1970-01-01 22:44:00,-0.0635544895461126,0.1585700281088446,1.063411917754064,0.07704620781899729
1970-01-01 22:45:00,-0.0570755670512667,0.1610261188967011,1.064075204754001,0.077702682883098
1970-01-01 22:46:00,-0.0510537127247883,0.1638007381958146,1.0646115180842892,0.07834820343626192
1970-01-01 22:47:00,-0.0455353132894655,0.166871132526266,1.0650213766899894,0.07897635397334302
1970-01-01 22:48:00,-0.0405582118023628,0.1702094615259249,1.0653075194959958,0.07958155802711908
1970-01-01 22:49:00,-0.0361513169671841,0.1737833892899648,1.0654747948754506,0.08015930428175855
1970-01-01 22:50:00,-0.0323343596537762,0.1775567485303167,1.0655300103134782,0.08070630267502321
1970-01-01 22:51:00,-0.0291178079352451,0.1814902647359543,1.0654817450765313,0.08122056585333737
1970-01-01 22:52:00,-0.0265029480843703,0.1855423272311782,1.0653401295419307,0.08170141585556889
1970-01-01 22:53:00,-0.0244821341734434,0.1896697935868377,1.0651165957066062,0.08214942034018136
1970-01-01 22:54:00,-0.0230392034195487,0.1938288133796606,1.064823604244296,0.08256626676900836
1970-01-01 22:55:00,-0.0221500484944538,0.197975657042806,1.064474354265806,0.08295458645293241
1970-01-01 22:56:00,-0.0217833320795017,0.2020675356844914,1.0640824825959252,0.08331774300137651
1970-01-01 22:57:00,-0.0219013234779814,0.2060633980412363,1.0636617598628335,0.08365960124796024
1970-01-01 22:58:00,-0.0224608325460043,0.20992469031619,1.0632257909754084,0.08398429287434372
1970-01-01 22:59:00,-0.0234142130273349,0.2136160629780631,1.0627877275959026,0.08429599356559447
1970-01-01 23:00:00,-0.0247104060635237,0.2171060068428983,1.0623599999027022,0.08459872384599554
1970-01-01 23:01:00,-0.0262959953898784,0.2203674013158438,1.0619540741906424,0.08489618241855146
1970-01-01 23:02:00,-0.0281162481551151,0.2233779617876026,1.0615802416761888,0.08519161752198356
1970-01-01 23:03:00,-0.0301161186647357,0.2261205797652118,1.0612474423864418,0.08548773883842098
1970-01-01 23:04:00,-0.0322411958410946,0.2285835556638336,1.060963126470882,0.0857866698205747
1970-01-01 23:05:00,-0.0344385782398265,0.2307607275497653,1.060733153992231,0.08608993781766672
1970-01-01 23:06:00,-0.0366576629907896,0.2326514988049731,1.0605617333466806,0.08639849704952285
1970-01-01 23:07:00,-0.0388508374935893,0.2342607660579657,1.0604513977123151,0.08671277759950025
1970-01-01 23:08:00,-0.0409740655676135,0.2355987489801162,1.0604030180234418,0.08703275258998455
1970-01-01 23:09:00,-0.0429873630204366,0.2366807263771782,1.060415849921881,0.08735801573512325
1970-01-01 23:10:00,-0.0448551608417167,0.237526686586775,1.0604876112360544,0.08768786233927495
1970-01-01 23:11:00,-0.0465465570791507,0.2381609026107063,1.0606145860250609,0.08802136817131512
1970-01-01 23:12:00,-0.0480354608286631,0.2386114429888769,1.0607917511199902,0.08835746217245721
1970-01-01 23:13:00,-0.0493006338268674,0.2389096284763563,1.061012921281845,0.08869499043647489
1970-01-01 23:14:00,-0.0503256370147501,0.2390894429549243,1.061270909419227,0.08903277023831979
1970-01-01 23:15:00,-0.0510986910959123,0.2391869055866302,1.061557698637631,0.08936963404192899
1970-01-01 23:16:00,-0.0523239457172127,0.3904989046256572,1.0052437722005776,0.07969543453573169
1970-01-01 23:17:00,-0.05432496060891485,0.38997171431647226,1.006554434975462,0.08082420859308104
1970-01-01 23:18:00,-0.056069477555249256,0.3890190536172585,1.007895963752345,0.08181970962765073
1970-01-01 23:19:00,-0.05755289461489085,0.38762967417643646,1.0092719047516372,0.08268133709863168
1970-01-01 23:20:00,-0.051066513938058,0.2397569717619221,1.0631081869788936,0.09100422161226462
1970-01-01 23:21:00,-0.0503071754073931,0.2401448959283161,1.0633762812788825,0.0913154899131583
1970-01-01 23:22:00,-0.0493191416621209,0.2407019119790577,1.0636094261304534,0.09162026342415186
1970-01-01 23:23:00,-0.0481161769325838,0.2414555081708029,1.0637996252249586,0.09191829892963632
1970-01-01 23:24:00,-0.0467133871235602,0.2424291586328572,1.0639396534596013,0.0922095145601538
1970-01-01 23:25:00,-0.0451268135569265,0.2436418184312452,1.0640231871505783,0.09249398523944286
1970-01-01 23:26:00,-0.0433730496683328,0.2451074943142419,1.0640449160015948,0.09277192884671903
1970-01-01 23:27:00,-0.0414688863856728,0.2468348988371163,1.0640006354747376,0.09304368078894387
1970-01-01 23:28:00,-0.0394309918069069,0.2488271953258975,1.0638873182329975,0.09330965519638035
1970-01-01 23:29:00,-0.0372756306394278,0.2510818411694483,1.063703163286297,0.09357029183764931
1970-01-01 23:30:00,-0.0350184280881316,0.2535905361335713,1.0634476216049238,0.0938259890034816
1970-01-01 23:31:00,-0.0326741813853893,0.2563392802026361,1.0631213973736002,0.09407702391449901
1970-01-01 23:32:00,-0.0302567203248289,0.259308542293508,1.0627264246703143,0.09432346357178512
1970-01-01 23:33:00,-0.0277788164554997,0.2624735379752119,1.062265820002344,0.0945650703024219
1970-01-01 23:34:00,-0.0252521392604649,0.2658046116833144,1.061743811700638,0.09480120744085174
1970-01-01 23:35:00,-0.022687256682976,0.2692677168736533,1.0611656476456386,0.09503075149026596
1970-01-01 23:36:00,-0.0200936766097048,0.272824985872422,1.0605374832113954,0.09525201759793323
1970-01-01 23:37:00,-0.0174799251712295,0.2764353797075452,1.0598662516989803,0.09546270517461819
1970-01-01 23:38:00,-0.0148536568744439,0.2800554069647358,1.0591595198839945,0.09565986996586728
1970-01-01 23:39:00,-0.0122217906575617,0.2836398996966086,1.0584253316236127,0.09583992785868767
1970-01-01 23:40:00,-0.009590664965232,0.2871428335178719,1.0576720427728,0.09599869423203922
1970-01-01 23:41:00,-0.0069662038742575,0.2905181780431987,1.0569081509767548,0.09613146080707868
1970-01-01 23:42:00,-0.0043540853353684,0.2937207624303388,1.0561421242671136,0.0962331097869733
1970-01-01 23:43:00,-0.0017599021341375,0.2967071387117436,1.0553822327795452,0.09629826264788455
1970-01-01 23:44:00,0.0008106934395914,0.2994364232579863,1.054636388191571,0.09632145837575878
1970-01-01 23:45:00,0.0033518689743895,0.3018710953542947,1.053911995418919,0.09629735351496227
1970-01-01 23:46:00,0.0058575213102099,0.3039777324861045,1.0532158205974682,0.09622093446535285
1970-01-01 23:47:00,0.0083212198098913,0.3057276643430493,1.0525538785496251,0.09608773129418768
1970-01-01 23:48:00,0.0107361854558763,0.3070975308707227,1.0519313420003813,0.09589402198741848
1970-01-01 23:49:00,0.0130953059061965,0.3080697332159496,1.0513524738969082,0.09563701650212253
1970-01-01 23:50:00,0.0153911851411349,0.308632769720053,1.0508205833829207,0.09531501112070107
1970-01-01 23:51:00,0.0176162251893003,0.3087814518936494,1.0503380053836242,0.09492750535216743
1970-01-01 23:52:00,0.0197627366226069,0.3085169973844496,1.0499061034185893,0.09447527584205218
1970-01-01 23:53:00,0.0218230739310045,0.3078469984510482,1.0495252951300964,0.09396040427843344
1970-01-01 23:54:00,0.0237897913611154,0.306785265716179,1.049195099986743,0.09338625895414632
1970-01-01 23:55:00,0.0256558142139394,0.3053515483649617,1.0489142085831868,0.09275743230579447
1970-01-01 23:56:00,0.0274146199574964,0.3035711339494521,1.0486805727439257,0.09207963922293616
1970-01-01 23:57:00,0.0290604229391483,0.3014743343324447,1.048491514955808,0.09135958298670666
1970-01-01 23:58:00,0.0305883560570949,0.2990958697206284,1.048343854228843,0.09060479712387126
1970-01-01 23:59:00,0.0319946423821445,0.2964741695888155,1.0482340435086963,0.08982347210230812
1970-01-02 00:00:00,0.0332767492732372,0.293650615262872,1.04815831201586,0.08902427564053594
1970-01-02 00:01:00,0.0344335170366579,0.2906687515964908,1.0481128051469473,0.08821617455502784
1970-01-02 00:02:00,0.0354652538161272,0.2875734941410447,1.0480937149738114,0.08740826469561891
1970-01-02 00:03:00,0.0363737883139134,0.2844103550239139,1.0480973954572423,0.08660961383810206
1970-01-02 00:04:00,0.0371624722571476,0.2812247069540358,1.0481204577546577,0.0858291205845787
1970-01-02 00:05:00,0.037836125508348,0.2780611006104023,1.0481598422564238,0.0850753904614936
1970-01-02 00:06:00,0.038400918735325,0.2749626457051256,1.048212865302849,0.08435662864174365
1970-01-02 00:07:00,0.0388641916979597,0.2719704601904071,1.0482772400221392,0.0836805472836315
1970-01-02 00:08:00,0.0392342091080341,0.2691231859071349,1.04835107238592,0.08305428457203723
1970-01-02 00:09:00,0.0395198601125875,0.2664565632146606,1.0484328352762944,0.08248433222332441
1970-01-02 00:10:00,0.0397303113787876,0.2640030526827175,1.0485213249012253,0.08197646843204032
1970-01-02 00:11:00,0.039874627455461,0.2617914896344931,1.0486156050868896,0.08153569390543103
1970-01-02 00:12:00,0.0399613756171122,0.2598467576406202,1.048714945701233,0.08116616962180956
1970-01-02 00:13:00,0.039998235610608,0.2581894697624096,1.0488187617198217,0.0808711560975508
1970-01-02 00:14:00,0.0399916369105633,0.2568356509258001,1.0489265592488537,0.08065295507248971
1970-01-02 00:15:00,0.0399464460094907,0.2557964210039447,1.0490378940761984,0.08051285543256803
1970-01-02 00:16:00,0.0398657228237721,0.2550776860209211,1.049152346854974,0.08045108573842863
1970-01-02 00:17:00,-0.014928447019628852,0.2150789191657398,1.0604818634505548,0.08217539368971138
1970-01-02 00:18:00,-0.013777699078485698,0.2172331397057313,1.0629574260837846,0.08501546147737993
1970-01-02 00:19:00,-0.012713704213070349,0.21979612159943224,1.065551250830369,0.08805856528549683
1970-01-02 00:20:00,0.0391787188137485,0.2553291377057959,1.049633941653325,0.08095298326993272
1970-01-02 00:21:00,0.0388962160692564,0.2561029263662609,1.049759025963778,0.08124725993192161
1970-01-02 00:22:00,0.0385550530493364,0.2571127052913497,1.049885924984849,0.08159784153777117
1970-01-02 00:23:00,0.0381452971859245,0.2583250207109005,1.0500149416215638,0.08199734641598178
1970-01-02 00:24:00,0.0376558089342949,0.2597019514769751,1.0501466176144767,0.08243751876705163
1970-01-02 00:25:00,0.0370745117177529,0.261201835649707,1.05028174488546,0.08290935077943296
1970-01-02 00:26:00,0.0363886797561228,0.2627801141425543,1.050421358551707,0.08340322821412216
1970-01-02 00:27:00,0.0355852373153648,0.2643902741416564,1.0505667089162052,0.08390909953672665
1970-01-02 00:28:00,0.0346510635476979,0.2659848739664265,1.0507192108996215,0.08441666786224089
1970-01-02 00:29:00,0.033573298071463,0.2675166290030182,1.050880370700363,0.0849156034733145
1970-01-02 00:30:00,0.0323396436461283,0.2689395355744045,1.0510516908865837,0.08539577263857145
1970-01-02 00:31:00,0.0309386635002856,0.270210006599067,1.051234556521562,0.08584747611740418
1970-01-02 00:32:00,0.0293600715724068,0.2712879902968917,1.051430106127899,0.08626168833950332
1970-01-02 00:33:00,0.0275950135742107,0.2721380417398454,1.051639092140997,0.08663028609334233
1970-01-02 00:34:00,0.0256363353743289,0.2727303170525314,1.0518617359766491,0.0869462540267616
1970-01-02 00:35:00,0.0234788333867084,0.273041461338992,1.0520975830762458,0.08720385371935246
1970-01-02 00:36:00,0.0211194801310236,0.2730553636449663,1.0523453633915494,0.08739874374949586
1970-01-02 00:37:00,0.0185576171885181,0.2727637553433994,1.0526028627214832,0.08752804009561577
1970-01-02 00:38:00,0.0157951074443891,0.2721666321243526,1.0528668101127083,0.08759030930677314
1970-01-02 00:39:00,0.012836438805355,0.2712724840893826,1.053132786211968,0.08758549097522006
1970-01-02 00:40:00,0.0096887724991753,0.2700983232448279,1.0533951570069775,0.08751475085994276
1970-01-02 00:41:00,0.0063619305748509,0.2686695029972,1.0536470367919122,0.08738027117553449
1970-01-02 00:42:00,0.002868319333578,0.2670193300065269,1.053880283459688,0.08718498964895871
1970-01-02 00:43:00,-0.0007772118468543,0.2651884748133321,1.0540855283923178,0.08693230350293102
1970-01-02 00:44:00,-0.0045575735191715,0.263224194004167,1.0542522422886498,0.08662575809529383
1970-01-02 00:45:00,-0.0084536945550122,0.2611793834415611,1.0543688371865905,0.0862687421245012
1970-01-02 00:46:00,-0.0124448258443976,0.2591114893089448,1.054422803670403,0.08586421180659154
1970-01-02 00:47:00,-0.0165088761436398,0.2570813109203096,1.0544008808713006,0.08541446507691486
1970-01-02 00:48:00,-0.0206227647289115,0.2551517348310115,1.0542892556112151,0.08492098362488543
1970-01-02 00:49:00,-0.0247627744814819,0.2533864413943363,1.0540737862663323,0.08438435555680535
1970-01-02 00:50:00,-0.0289048890856039,0.2518486211175305,1.0537402468911254,0.08380428514101324
1970-01-02 00:51:00,-0.0330250987434578,0.2505997299609161,1.053274587767052,0.08317968917412433
1970-01-02 00:52:00,-0.0370996598469062,0.2496983028824937,1.0526632094460089,0.08250887282475694
1970-01-02 00:53:00,-0.0411052956381484,0.2491988364168448,1.051893248088293,0.08178977198656678
1970-01-02 00:54:00,-0.0450193277730194,0.2491507460058407,1.0509528700922506,0.08102024461318047
1970-01-02 00:55:00,-0.0488197333268042,0.2495974029330983,1.0498315735333057,0.08019839043597177
1970-01-02 00:56:00,-0.0524851278228803,0.25057525829603,1.048520492868967,0.0793228769366876
1970-01-02 00:57:00,-0.0559946814507793,0.2521130657442967,1.0470127019737137,0.07839324940582726
1970-01-02 00:58:00,-0.0593279817923373,0.2542312186361332,1.045303509152986,0.07741020423992273
1970-01-02 00:59:00,-0.0624648611258032,0.2569412185579275,1.043390736709986,0.07637580710535574
1970-01-02 01:00:00,-0.0653852089792755,0.2602452891888461,1.0412749772254353,0.07529364096235613
1970-01-02 01:01:00,-0.0680687909585451,0.26413614285686,1.038959819010813,0.07416887302920805
1970-01-02 01:02:00,-0.0704950935578667,0.2685968995798712,1.036452033985082,0.07300823455902017
1970-01-02 01:03:00,-0.0726432123474383,0.2736011522167921,1.0337617223293651,0.07181991274088895
1970-01-02 01:04:00,-0.0744917979371101,0.279113166599975,1.0309024097066586,0.07061335974681548
1970-01-02 01:05:00,-0.0760190705513217,0.285088201431693,1.0278910945173068,0.06939902930151898
1970-01-02 01:06:00,-0.0772029101472382,0.2914729299580937,1.0247482441690288,0.06818805561617558
1970-01-02 01:07:00,-0.0780210252062888,0.2982059458555717,1.0214977399691798,0.06699189279019291
1970-01-02 01:08:00,-0.0784512001101548,0.3052183404941797,1.0181667694490042,0.06582193474471443
1970-01-02 01:09:00,-0.0784716186179831,0.3124343465823302,1.0147856629662075,0.06468913660965803
1970-01-02 01:10:00,-0.0780612592228354,0.3197720510665484,1.0113876694926611,0.06360365871717377
1970-01-02 01:11:00,-0.077200356626056,0.3271441851666822,1.0080086657513845,0.06257455417558777
1970-01-02 01:12:00,-0.0758709217611901,0.3344590000587073,1.0046867935490589,0.061609519842890315
1970-01-02 01:13:00,-0.0740573105102743,0.3416212326125494,1.0014620217889487,0.060714727387784384
1970-01-02 01:14:00,-0.0717468287863863,0.348533158018779,0.9983756317880698,0.05989474563641162
1970-01-02 01:15:00,-0.068930359746204,0.3550957183223724,0.9954696268755922,0.059152558273572575
1970-01-02 01:16:00,-0.065602998101525,0.3612097108269365,0.9927860696025712,0.058489673332956515
1970-01-02 01:17:00,-0.0617646767550381,0.3667770185035637,0.99036635215029,0.057906313464708425
1970-01-02 01:18:00,-0.057420771866686,0.3717018645974275,0.9882504077027366,0.057401668956312824
1970-01-02 01:19:00,-0.0525826735742013,0.375892074440858,0.9864758726745282,0.05697418916293051
1970-01-02 01:20:00,-0.0472683106879184,0.3792603286908289,0.985077211766797,0.05662188282100811
1970-01-02 01:21:00,-0.0415026186577362,0.3817253936869754,0.9840848198947242,0.05634259418436649
1970-01-02 01:22:00,-0.0353179410995977,0.3832133161097267,0.9835241171693816,0.05613422047632732
1970-01-02 01:23:00,-0.0287543564020194,0.3836585701179038,0.9834146554270672,0.05599483708290265
1970-01-02 01:24:00,-0.0218599223813737,0.3830051447289114,0.9837692574447412,0.055922700290466976
1970-01-02 01:25:00,-0.0146908331121937,0.381207555839652,0.9845932132204744,0.05591610307192041
1970-01-02 01:26:00,-0.0073114822884262,0.3782317598724904,0.9858835615950002,0.05597306735197449
1970-01-02 01:27:00,0.0002055732729987,0.3740559362828917,0.98762848912683,0.056090866480619894
1970-01-02 01:28:00,0.0077797572648251,0.3686710996981706,0.989806879152032,0.05626538445243168
1970-01-02 01:29:00,0.0153227318758487,0.3620815057478294,0.9923880396858548,0.05649033323939512
1970-01-02 01:30:00,0.0227387758735735,0.3543048296723686,0.99533162859102,0.05675636507713855
1970-01-02 01:31:00,0.0299252861224241,0.3453721186497754,0.9985877808214604,0.05705013083395083
1970-01-02 01:32:00,0.0367734035559368,0.335327538552347,1.0020974300976409,0.05735334714983509
1970-01-02 01:33:00,0.0431687632063449,0.3242279461265823,1.0057928098749966,0.057641942985653616
1970-01-02 01:34:00,0.0489923675246664,0.3121423164183713,1.009598116906768,0.057885360252419193
1970-01-02 01:35:00,0.0541215824097917,0.2991510458596624,1.0134303233773287,0.05804608324124838
1970-01-02 01:36:00,0.0584312554837823,0.2853451385240628,1.0172001280392933,0.05807946779997675
1970-01-02 01:37:00,0.0617949557755918,0.2708252702720856,1.0208130412088634,0.057933933986118014
1970-01-02 01:38:00,0.0640863327016978,0.2557007162101151,1.0241706012514675,0.05755157546916401
1970-01-02 01:39:00,0.0651805894721966,0.240088125526268,1.0271717192189758,0.05686922465645039
1970-01-02 01:40:00,0.0649560614100443,0.2241101376285511,1.0297141420417146,0.05581999319131015
1970-01-02 01:41:00,0.0632958836182192,0.2078938523329188,1.0316960143117335,0.05433528285244682
1970-01-02 01:42:00,0.0600897262898975,0.1915691865189885,1.0330175082493522,0.0523472339388944
1970-01-02 01:43:00,0.0552355709955157,0.1752671621579321,1.0335824848605248,0.04979155047302242
1970-01-02 01:44:00,0.0486414978889282,0.159118173739163,1.0333001475806776,0.04661061695418267
1970-01-02 01:45:00,0.0402274516025211,0.1432502800336199,1.0320866512679077,0.042756801137037614
1970-01-02 01:46:00,0.0299269522175329,0.1277875598628167,1.0298666322950714,0.038195821239671135
1970-01-02 01:47:00,0.0176887169486937,0.1128485663038279,1.0265746286805335,0.03291004345717141
1970-01-02 01:48:00,0.0034781581165738,0.098544909197956,1.02215636244479,0.02690156587624415
1970-01-02 01:49:00,-0.0127212763879391,0.0849799919758432,1.0165698596709607,0.020194937009878178
1970-01-02 01:50:00,-0.0309069528388636,0.0722479253748602,1.0097863870443555,0.012839350496833823
1970-01-02 01:51:00,-0.0510561231839936,0.0604326369471623,1.0017911868872464,0.004910151927984385
1970-01-02 01:52:00,-0.0731252490502722,0.0496071905346172,0.9925839959054298,0.0
1970-01-02 01:53:00,-0.0970496080812238,0.0398333237232425,0.9821793361342108,0.0
1970-01-02 01:54:00,-0.1227432108816151,0.0311612039439229,0.9706065699716364,0.0
1970-01-02 01:55:00,-0.1500990542225932,0.0236293957024922,0.9579097146199672,0.0
1970-01-02 01:56:00,-0.1789897323762755,0.0172650221648671,0.944147014590828,0.0
1970-01-02 01:57:00,-0.2092684232886595,0.0120840939874734,0.9293902741590254,0.0
1970-01-02 01:58:00,-0.2407702593626008,0.0080919691703168,0.9137239548091636,0.0
1970-01-02 01:59:00,-0.2733140836485309,0.0052839043769517,0.8972440457573234,0.0
1970-01-02 02:00:00,-0.3067045813545268,0.0036456633138462,0.8800567187820505,0.0
1970-01-02 02:01:00,-0.3407347641688925,0.0031541586168367,0.8622767828378607,0.0
1970-01-02 02:02:00,-0.3751887711479018,0.0037781142581799,0.8440259604046805,0.0
1970-01-02 02:03:00,-0.4098449346143708,0.0054787417388861,0.8254310164702975,0.0
1970-01-02 02:04:00,-0.4444790424012756,0.0082104248539401,0.8066217814930088,0.0
1970-01-02 02:05:00,-0.4788677101356388,0.0119214061489853,0.7877291198172078,0.0
1970-01-02 02:06:00,-0.5127917632953576,0.0165544657169471,0.7688829021099307,0.0
1970-01-02 02:07:00,-0.5460395241158118,0.0220475822418043,0.7502100416545895,0.0
1970-01-02 02:08:00,-0.5784099055417804,0.0283345682051044,0.7318326489974594,0.0
1970-01-02 02:09:00,-0.6097152302158948,0.0353456748051186,0.7138663496296079,0.0
1970-01-02 02:10:00,-0.639783711400389,0.0430081657301774,0.6964187982723433,0.0
1970-01-02 02:11:00,-0.6684615509532575,0.0512468617913321,0.6795884128927687,0.0
1970-01-02 02:12:00,-0.695614625797591,0.0599846606659968,0.6634633423477321,0.0
1970-01-02 02:13:00,-0.721129748648799,0.0691430377974048,0.6481206735184137,0.0
1970-01-02 02:14:00,-0.7449155011933137,0.078642535843054,0.6336258768850899,0.0
1970-01-02 02:15:00,-0.7669026485369431,0.0884032509136098,0.6200324836519268,0.0
1970-01-02 02:16:00,-0.7870441526583088,0.0983453241280271,0.6073819827162988,0.0
1970-01-02 02:17:00,-0.8053148099153956,0.1083894466783177,0.5957039219358342,0.007543238690050469
1970-01-02 02:18:00,-0.8217105434683651,0.1184573856199912,0.5850161952272503,0.01562016430020119
1970-01-02 02:19:00,-0.8362473859105861,0.1284725359744004,0.5753254949795087,0.023139437278907327
1970-01-02 02:20:00,-0.8489601905568419,0.1383605024483665,0.566627908021485,0.030021465765096567
1970-01-02 02:21:00,-0.8599011118396948,0.1480497111460802,0.5589096328891265,0.0362087708805785
1970-01-02 02:22:00,-0.8691378962292795,0.1574720480695789,0.5521477963249998,0.041664685765836484
1970-01-02 02:23:00,-0.8767520251351733,0.1665635170133601,0.546311347743503,0.04637163926198329
1970-01-02 02:24:00,-0.8828367504909914,0.1752649049032834,0.5413620116939504,0.05032915917514691
1970-01-02 02:25:00,-0.8874950622935166,0.1835224384613511,0.5372552799305578,0.05355171056167696
1970-01-02 02:26:00,-0.8908376254114305,0.1912884134869553,0.533941426237281,0.056066465065212734
1970-01-02 02:27:00,-0.8929807206288698,0.198521777886527,0.531366528412415,0.05791107907382509
1970-01-02 02:28:00,-0.8940442222432303,0.2051886516235551,0.5294734827887378,0.05913154190498515
1970-01-02 02:29:00,-0.8941496416516529,0.2112627699344407,0.5282029975366911,0.05978014051637026
1970-01-02 02:30:00,-0.8934182632795962,0.2167258394669028,0.5274945519525983,0.0599135743039787
1970-01-02 02:31:00,-0.8919693959796208,0.2215677999855457,0.527287310041338,0.05959124226529666
1970-01-02 02:32:00,-0.8899187597191762,0.2257869868684281,0.527520977952178,0.05887371509489414
1970-01-02 02:33:00,-0.887377024042718,0.229390191817074,0.5281365961822672,0.05782139661087182
1970-01-02 02:34:00,-0.884448511490102,0.23239262105983,0.5290772588883719,0.056493372280653764
1970-01-02 02:35:00,-0.8812300759262371,0.2348177518849655,0.5302887541108424,0.05494643752832329
1970-01-02 02:36:00,-0.8778101626245782,0.2366970896364746,0.5317201201848877,0.05323429494998755
1970-01-02 02:37:00,-0.8742680539804498,0.2380698283809207,0.5333241150664305,0.051406907485144426
1970-01-02 02:38:00,-0.8706733019345688,0.2389824193434978,0.5350575967098359,0.04950999387991617
1970-01-02 02:39:00,-0.8670853455813406,0.2394880519500338,0.536881813983666,0.04758465325487027
1970-01-02 02:40:00,-0.863553310033302,0.239646052932279,0.5387626088838828,0.04566710701200738
1970-01-02 02:41:00,-0.8601159804202476,0.2395212094876037,0.5406705319911705,0.0437885483814735
1970-01-02 02:42:00,-0.8568019429232695,0.2391830229592212,0.5425808742128425,0.041975092279356474
1970-01-02 02:43:00,-0.8536298829814156,0.2387048999438154,0.5444736188445153,0.04024782047053321
1970-01-02 02:44:00,-0.8506090292599541,0.238163288160716,0.5463333188785093,0.038622918966692454
1970-01-02 02:45:00,-0.847739730628335,0.2376367648483705,0.5481489052737061,0.03711190584534507
1970-01-02 02:46:00,-0.8450141522535748,0.237205085905464,0.5499134325867384,0.03572194802831885
1970-01-02 02:47:00,-0.8424170759611722,0.2369482044769346,0.5516237689483359,0.03445626487763209
1970-01-02 02:48:00,-0.8399267892426435,0.236945268203665,0.553280237851253,0.03331461472694852
1970-01-02 02:49:00,-0.8375160466890142,0.2372736049071694,0.5548862195972386,0.032293857748922905
1970-01-02 02:50:00,-0.8351530871947664,0.2380077070624527,0.5564477205317344,0.03138858504301778
1970-01-02 02:51:00,-0.832802689997344,0.2392182260162342,0.5579729183804072,0.030591799778707074
1970-01-02 02:52:00,-0.8304272524848428,0.2409709875219503,0.5594716920957259,0.02989563197116407
1970-01-02 02:53:00,-0.827987872714053,0.2433260407675863,0.5609551446275134,0.02929206436329168
1970-01-02 02:54:00,-0.825445419732498,0.2463367536380845,0.5624351269490283,0.028773643313474206
1970-01-02 02:55:00,-0.8227615750951599,0.2500489674435548,0.5639237714984494,0.02833414590476946
1970-01-02 02:56:00,-0.8198998294139558,0.254500224717319,0.5654330429344581,0.027969173028218997
1970-01-02 02:57:00,-0.816826418380006,0.2597190839050791,0.5669743137565896,0.02767663823196731
1970-01-02 02:58:00,-0.8135111834599069,0.2657245347916949,0.5685579719105373,0.02745712388771948
1970-01-02 02:59:00,-0.8099283433944627,0.2725255283077746,0.5701930669886813,0.027314079848557826
1970-01-02 03:00:00,-0.8060571637319806,0.2801206338825602,0.5718870010465429,0.027253845306222546
1970-01-02 03:01:00,-0.8018825129216373,0.2884978367153191,0.5736452693836003,0.02728548194020619
1970-01-02 03:02:00,-0.7973952949911529,0.2976344861741865,0.5754712558776421,0.02742041549484031
1970-01-02 03:03:00,-0.7925927505543322,0.3074974049470035,0.5773660866105137,0.02767189328518782
1970-01-02 03:04:00,-0.7874786198568443,0.3180431665099621,0.5793285445738017,0.028054276316830995
1970-01-02 03:05:00,-0.7820631637926886,0.3292185458946227,0.5813550471896991,0.028582196042366226
1970-01-02 03:06:00,-0.776363041328525,0.3409611455745833,0.5834396872203846,0.02926961645442039
1970-01-02 03:07:00,-0.7704010445768191,0.353200194517854,0.5855743363655426,0.030128851310577298
1970-01-02 03:08:00,-0.7642056958794383,0.3658575140214108,0.5877488094588799,0.031169592841465477
1970-01-02 03:09:00,-0.7578107147185745,0.3788486388239162,0.5899510856667175,0.032398011408560023
1970-01-02 03:10:00,-0.7512543660785236,0.3920840761471962,0.5921675814608938,0.033815984522143516
1970-01-02 03:11:00,-0.7445787060370086,0.4054706787594354,0.5943834683864923,0.03542050796212237
1970-01-02 03:12:00,-0.7378287447380996,0.4189131011886384,0.5965830268095819,0.03720333145751331
1970-01-02 03:13:00,-0.7310515510192155,0.4323153018948036,0.5987500250354731,0.0391508470765809
1970-01-02 03:14:00,-0.7242953259520056,0.4455820503389576,0.6008681116783636,0.04124424147848904
1970-01-02 03:15:00,-0.717608473508657,0.4586203979644553,0.6029212082712387,0.04345990534555311
1970-01-02 03:16:00,-0.7110386951804888,0.4713410760620244,0.6048938891187235,0.0457700766040563
1970-01-02 03:17:00,-0.704632132171466,0.4836597897896679,0.6067717363576937,0.04814368003171321
1970-01-02 03:18:00,-0.6984325746878797,0.4954983845418494,0.6085416598272105,0.050547315552221805
1970-01-02 03:19:00,-0.692480753606619,0.5067858674138739,0.6101921732693383,0.05294634138933296
1970-01-02 03:20:00,-0.6868137258025857,0.5174592723605935,0.611713620325572,0.055305996284775505
1970-01-02 03:21:00,-0.6814643607600632,0.5274643627551514,0.6130983456722064,0.057592506794944986
1970-01-02 03:22:00,-0.6764609327991303,0.5367561694274969,0.614340808438313,0.0597741306215156
1970-01-02 03:23:00,-0.6718268203118583,0.545299365932266,0.6154376367684723,0.06182209419828677
1970-01-02 03:24:00,-0.6675803108102237,0.5530684857995359,0.6163876240275296,0.06371139150634719
1970-01-02 03:25:00,-0.6637345083184063,0.5600479889040706,0.6171916686996036,0.06542142052822086
1970-01-02 03:26:00,-0.6602973376740052,0.5662321858944677,0.6178526615156447,0.06693644319808101
1970-01-02 03:27:00,-0.657271638615211,0.5716250308979268,0.6183753247599076,0.06824586362358609
1970-01-02 03:28:00,-0.6546553411199558,0.5762397935072113,0.6187660100405941,0.06934432736124618
1970-01-02 03:29:00,-0.6524417123682936,0.5800986214336664,0.6190324619754731,0.0702316513758725
1970-01-02 03:30:00,-0.6506196650056751,0.5832320052921517,0.6191835560542757,0.070912599877889
1970-01-02 03:31:00,-0.6491741161542387,0.5856781569207995,0.6192290192136248,0.07139652548206898
1970-01-02 03:32:00,-0.6480863868077477,0.5874823125328661,0.619179141387812,0.07169689811729607
1970-01-02 03:33:00,-0.6473346317162737,0.588695971849899,0.6190444856690107,0.07183074593368088
1970-01-02 03:34:00,-0.8264847285222053,0.10584099069742256,0.592093796772771,0.02218119038115307
1970-01-02 03:35:00,-0.8258769983204219,0.10457166996498765,0.5924140272273595,0.02174479698687737
1970-01-02 03:36:00,-0.8253386313448422,0.10322704933402671,0.5926939249499283,0.02133528714959132
1970-01-02 03:37:00,-0.647165183693784,0.588848168235178,0.6178633486350192,0.07113027116490978
1970-01-02 03:38:00,-0.6476868737413904,0.588041978820323,0.6174536982536534,0.07076641932726435
1970-01-02 03:39:00,-0.6483727042834179,0.5870378089670987,0.6170135518786904,0.07037669818556958
1970-01-02 03:40:00,-0.649191499903068,0.5859064987184424,0.6165484072949268,0.06998503135549061
1970-01-02 03:41:00,-0.6501124975336877,0.584717969829347,0.6160623368485064,0.06961402691535645
1970-01-02 03:42:00,-0.6511057230019475,0.5835403198153688,0.6155579082067718,0.06928457658941678
1970-01-02 03:43:00,-0.652142339086452,0.5824389376111396,0.6150361415421213,0.06901552929682087
1970-01-02 03:44:00,-0.6531949630812085,0.5814756466071549,0.6144965037840703,0.06882343750252606
1970-01-02 03:45:00,-0.6542379523871975,0.5807078805422478,0.6139369401500941,0.0687223715018428
1970-01-02 03:46:00,-0.6552476571481216,0.5801878975161017,0.6133539427345154,0.06872379391975358
1970-01-02 03:47:00,-0.6562026394210307,0.5799620372584015,0.6127426554581533,0.06883648443620771
1970-01-02 03:48:00,-0.6570838588341019,0.5800700267719628,0.6120970141198155,0.06906650316710117
1970-01-02 03:49:00,-0.6578748251085459,0.5805443395735992,0.6114099196516025,0.06941718032343447
1970-01-02 03:50:00,-0.658561718178463,0.5814096139710377,0.6106734420178507,0.06988911979421952
1970-01-02 03:51:00,-0.6591334769187389,0.5826821360898108,0.6098790515698781,0.07048020516819675
1970-01-02 03:52:00,-0.6595818576918366,0.5843693936527706,0.6090178741033304,0.07118559839631011
1970-01-02 03:53:00,-0.6599014640592228,0.586469706781934,0.6080809653646998,0.07199772372858071
1970-01-02 03:54:00,-0.660089749080128,0.5889719423112018,0.6070596003142643,0.07290623262436613
1970-01-02 03:55:00,-0.6601469916464203,0.5918553182442085,0.6059455720718158,0.07389794888863266
1970-01-02 03:56:00,-0.6600762482853483,0.5950893050388142,0.604731495149515,0.07495679715410297
1970-01-02 03:57:00,-0.6598832818114466,0.5986336303227345,0.6034111073156386,0.0760637218118203
1970-01-02 03:58:00,-0.6595764681362365,0.6024383934175483,0.6019795642380337,0.07719660737620293
1970-01-02 03:59:00,-0.6591666824605417,0.6064442956457259,0.6004337209320094,0.07833021483195735
1970-01-02 04:00:00,-0.658667165988805,0.6105829917947019,0.5987723939902188,0.0794361515279498
1970-01-02 04:01:00,-0.6580933742259298,0.6147775672941743,0.5969965986083576,0.08048289444958878
1970-01-02 04:02:00,-0.6574628078523991,0.6189431446121274,0.5951097545471723,0.08143588803437862
1970-01-02 04:03:00,-0.656794827129306,0.6229876210799676,0.5931178553955024,0.08225773794953883
1970-01-02 04:04:00,-0.6561104507662158,0.6268125388109518,0.5910295958286664,0.08290852132609738
1970-01-02 04:05:00,-0.6554321401934666,0.6303140855777462,0.5888564520008979,0.08334623179267298
1970-01-02 04:06:00,-0.6547835702139201,0.6333842234694286,0.5866127107839387,0.08352737428056689
1970-01-02 04:07:00,-0.6541893870581322,0.6359119398658752,0.5843154442872645,0.08340772003715147
1970-01-02 04:08:00,-0.6536749549197325,0.6377846127622125,0.5819844269909011,0.08294322668618559
1970-01-02 04:09:00,-0.6532660921003486,0.6388894797656571,0.5796419938985812,0.08209112164087928
1970-01-02 04:10:00,-0.6529887979546408,0.6391151972007103,0.5773128393624352,0.08081113985740651
1970-01-02 04:11:00,-0.6528689719095021,0.6383534727478728,0.5750237576059029,0.0790668989745964
1970-01-02 04:12:00,-0.6529321259402957,0.6365007519775571,0.5728033274457582,0.07682738648580179
1970-01-02 04:13:00,-0.653203092009546,0.6334599360927735,0.5706815452787944,0.07406852489367943
1970-01-02 04:14:00,-0.6537057261065341,0.6291421052050797,0.5686894120569733,0.07077477196283288
1970-01-02 04:15:00,-0.6544626107142217,0.6234682185791239,0.5668584816693163,0.06694070436999633
1970-01-02 04:16:00,-0.6554947578636529,0.616370760610827,0.5652203796852348,0.06257252445855155
1970-01-02 04:17:00,-0.6568213154710381,0.6077952991278657,0.5638063024892148,0.05768942172340763
1970-01-02 04:18:00,-0.658459280323982,0.5977019212831705,0.5626465072164724,0.05232471349544254
1970-01-02 04:19:00,-0.6604232217356775,0.5860665120828394,0.5617698026056323,0.046526683612151176
1970-01-02 04:20:00,-0.6627250203932722,0.5728818414122177,0.5612030501772077,0.04035903437386357
1970-01-02 04:21:00,-0.6653736272537722,0.5581584271207484,0.5609706843106574,0.03390086675015258
1970-01-02 04:22:00,-0.6683748475040953,0.5419251441843389,0.5610942589793698,0.027246107870430025
1970-01-02 04:23:00,-0.6717311546132599,0.5242295531927562,0.5615920281418817,0.020502314838752422
1970-01-02 04:24:00,-0.6754415393567376,0.5051379254854088,0.5624785660634402,0.013788801542552909
1970-01-02 04:25:00,-0.6795013983669465,0.4847349472758419,0.5637644331327136,0.00723406195312859
1970-01-02 04:26:00,-0.6839024662369421,0.4631230911587808,0.5654558920215533,0.0009725004770744228
1970-01-02 04:27:00,-0.6886327944531755,0.4404216505748441,0.5675546782877304,0.0
1970-01-02 04:28:00,-0.6936767794355447,0.4167654412011033,0.5700578287171109,0.0
1970-01-02 04:29:00,-0.6990152406972324,0.392303182917833,0.5729575698176658,0.0
1970-01-02 04:30:00,-0.7046255485807162,0.3671955870459112,0.576241267887602,0.0
1970-01-02 04:31:00,-0.7104817991582916,0.3416131860224549,0.5798914409581513,0.0
1970-01-02 04:32:00,-0.7165550316892239,0.3157339566371332,0.5838858316354094,0.0
1970-01-02 04:33:00,-0.7228134815252559,0.2897408032317775,0.5881975384396539,0.0
1970-01-02 04:34:00,-0.7292228587778691,0.2638189825872389,0.592795201765755,0.0
1970-01-02 04:35:00,-0.7357466410609059,0.2381535638760009,0.5976432393220585,0.0
1970-01-02 04:36:00,-0.7423463681113431,0.2129270197697804,0.6027021251715928,0.0
1970-01-02 04:37:00,-0.7489819274862662,0.1883170357284556,0.6079287064452461,0.0
1970-01-02 04:38:00,-0.755611823306932,0.1644946060164042,0.6132765522483007,0.0
1970-01-02 04:39:00,-0.7621934232101326,0.1416224622746502,0.6186963298850701,0.0
1970-01-02 04:40:00,-0.768683181628647,0.1198538574557715,0.6241362039923728,0.0
1970-01-02 04:41:00,-0.775036840061286,0.0993317062782744,0.6295422543962418,0.003430287261969811
1970-01-02 04:42:00,-0.7812096071024203,0.0801880639953938,0.634858908572354,0.009833852487689088
1970-01-02 04:43:00,-0.7871563227019914,0.062543909491938,0.6400293847366161,0.016446963845427875
1970-01-02 04:44:00,-0.79283161244203,0.0465091878112127,0.6449961420674997,0.023115386220071477
1970-01-02 04:45:00,-0.7981900385600957,0.0321830613674257,0.6497013354176526,0.029686803032372477
1970-01-02 04:46:00,-0.8031862550274779,0.0196543171602297,0.6540872729140842,0.03601380928841058
1970-01-02 04:47:00,-0.8077751742012248,0.0090018777289347,0.6580968758111659,0.04195645965216932
1970-01-02 04:48:00,-0.8119121524227626,0.0002953653651262,0.6616741406924703,0.04738440839721347
1970-01-02 04:49:00,-0.8155532014497394,-0.0064043281308858,0.6647646045768042,0.05217870122516843
1970-01-02 04:50:00,-0.8186552318044386,-0.0110445102031963,0.6673158136819213,0.05623329097144647
1970-01-02 04:51:00,-0.8211763330282781,-0.0135802343330544,0.6692777965572889,0.05945635193475063
1970-01-02 04:52:00,-0.8230760944846575,-0.0139739590572762,0.6706035420263646,0.06177146289686908
1970-01-02 04:53:00,-0.8243159688086257,-0.0121953472539868,0.671249481863946,0.06311871859645302
1970-01-02 04:54:00,-0.8248596784332194,-0.0082212267724665,0.6711759773429741,0.06345581489636642
1970-01-02 04:55:00,-0.8246736638888553,-0.0020357257601008,0.6703478077159982,0.06275913517639742
1970-01-02 04:56:00,-0.8237275708014553,0.0063694121776563,0.6687346574127618,0.061024845295773344
1970-01-02 04:57:00,-0.8219947707143649,0.016994336179942,0.6663115973403367,0.058269982232411754
1970-01-02 04:58:00,-0.8194529090427569,0.0298304310261283,0.6630595542601551,0.05453349745255465
1970-01-02 04:59:00,-0.8160844716688684,0.0448595137962359,0.6589657608554598,0.04987719036890481
1970-01-02 05:00:00,-0.8118773599455753,0.0620529105727515,0.6540241778471098,0.04438644021805227
1970-01-02 05:01:00,-0.806825462242726,0.0813704459921627,0.648235878416254,0.03817061703279023
1970-01-02 05:02:00,-0.8009292086957785,0.1027593841743302,0.641609384300431,0.03136302551541559
1970-01-02 05:03:00,-0.7941960945513531,0.1261533643271986,0.6341609422974311,0.024120212019691722
1970-01-02 05:04:00,-0.7866411565019205,0.151471378007096,0.6259147295916911,0.01662044843583943
1970-01-02 05:05:00,-0.7782873857159898,0.1786168374787004,0.6169029763624384,0.009061203119195005
1970-01-02 05:06:00,-0.7691660609607401,0.2074767857385266,0.6071659945831918,0.0016554252498450772
1970-01-02 05:07:00,-0.7593169853558965,0.2379212984240566,0.5967521027964622,0.0
1970-01-02 05:08:00,-0.7487886109845788,0.2698031258955802,0.5857174379333799,0.0
1970-01-02 05:09:00,-0.737638036915817,0.3029576200662462,0.5741256469279278,0.0
1970-01-02 05:10:00,-0.7259308682335639,0.3372029848484871,0.5620474529706355,0.0
1970-01-02 05:11:00,-0.7137409264428065,0.3723408812154114,0.5495600938345802,0.0
1970-01-02 05:12:00,-0.7011498051309372,0.4081574077842514,0.5367466328916736,0.0
1970-01-02 05:13:00,-0.6882462690015122,0.444424465505735,0.5236951473062014,0.0
1970-01-02 05:14:00,-0.6751254993856821,0.4809015004547303,0.5104978024971876,0.0
1970-01-02 05:15:00,-0.6618881950889202,0.5173376018585671,0.4972498273129765,0.0
1970-01-02 05:16:00,-0.6486395438398829,0.5534739137912129,0.4840484103076645,0.0
1970-01-02 05:17:00,-0.6354880861228633,0.5890463002471237,0.4709915433598531,0.0
1970-01-02 05:18:00,-0.6225444985310185,0.6237881885787674,0.4581768431464913,0.0
1970-01-02 05:19:00,-0.6099203264856338,0.6574335100245454,0.4457003820644855,0.0014341992043034324
1970-01-02 05:20:00,-0.5977266956780455,0.6897196596437781,0.4336555576870138,0.010468977424917814
1970-01-02 05:21:00,-0.5860730287411204,0.7203904084043599,0.4221320249743762,0.020117337392007162
1970-01-02 05:22:00,-0.5750657897856933,0.7491987129214152,0.4112147099305869,0.03009558376310162
1970-01-02 05:23:00,-0.5648072754410091,0.7759093805335601,0.4009829182278373,0.040110535424760174
1970-01-02 05:24:00,-0.5553944673084439,0.8003015580626671,0.3915095478034636,0.04986919384065902
1970-01-02 05:25:00,-0.5469179574594311,0.822171021569868,0.3828604105877736,0.05908759547842646
1970-01-02 05:26:00,-0.5394609558702301,0.8413322517098547,0.3750936653265502,0.06749863627252606
1970-01-02 05:27:00,-0.5330983864953192,0.8576202849825493,0.3682593608873014,0.07485878131900892
1970-01-02 05:28:00,-0.5278960770047291,0.8708923354120789,0.3623990874398636,0.08095366532230863
1970-01-02 05:29:00,-0.5239100460047591,0.8810291840940756,0.3575457314302667,0.08560264811494722
1970-01-02 05:30:00,-0.5211858907764518,0.8879363358054055,0.3537233292684503,0.08866241914412099
1970-01-02 05:31:00,-0.5197582781439263,0.8915449426397225,0.3509470140689233,0.09002975148823267
1970-01-02 05:32:00,-0.5196505409567223,0.8918124946020836,0.3492230495590973,0.08964349609785738
1970-01-02 05:33:00,-0.5208743827595543,0.8887232764596558,0.3485489453403704,0.08748588590115358
1970-01-02 05:34:00,-0.5234296934494626,0.8822885891031815,0.3489136479880523,0.0835831911757452
1970-01-02 05:35:00,-0.5273044790062202,0.8725467324289335,0.3502978029434613,0.07800573495665897
1970-01-02 05:36:00,-0.5324749086500907,0.8595627455097744,0.3526740827205241,0.07086724220744878
1970-01-02 05:37:00,-0.538905482953525,0.8434278987949317,0.3560075775553212,0.06232346076880635
1970-01-02 05:38:00,-0.5465493264301556,0.8242589324689878,0.360256245205324,0.05256995785819907
1970-01-02 05:39:00,-0.5553486078612716,0.8021970351189401,0.3653714170884767,0.04183896636299411
1970-01-02 05:40:00,-0.5652350910008724,0.7774065577176645,0.371298358267048,0.0303951353403209
1970-01-02 05:41:00,-0.576130817212468,0.7500734598556285,0.3779768788473173,0.0185300362114309
1970-01-02 05:42:00,-0.5879489199184547,0.7204034883583912,0.3853419941105974,0.006555299473083087
1970-01-02 05:43:00,-0.600594568398628,0.6886200931036458,0.393324630062794,0.0
1970-01-02 05:44:00,-0.613966035412684,0.6549620911487876,0.4018523700579589,0.0
1970-01-02 05:45:00,-0.6279558793193226,0.6196810983275621,0.4108502366897467,0.0
1970-01-02 05:46:00,-0.6424522267945229,0.5830387573977676,0.4202415012209458,0.0
1970-01-02 05:47:00,-0.6573401368756331,0.5453038037441356,0.429948510399107,0.0
1970-01-02 05:48:00,-0.6725030208868898,0.5067490235532247,0.439893517580214,0.0
1970-01-02 05:49:00,-0.6878240861942059,0.467648174445226,0.4499995018404731,0.0
1970-01-02 05:50:00,-0.7031877659270392,0.4282729518407607,0.4601909558711784,0.0
1970-01-02 05:51:00,-0.7184810938723111,0.3888900908729065,0.4703946220735618,0.0
1970-01-02 05:52:00,-0.7335949853057695,0.3497586895069323,0.4805401573268823,0.0
1970-01-02 05:53:00,-0.7484253902856915,0.3111278243833192,0.4905607102961109,0.0
1970-01-02 05:54:00,-0.76287429396567,0.2732345114176736,0.5003933998575162,0.0
1970-01-02 05:55:00,-0.7768505468389634,0.2363020431036201,0.5099796881621992,0.0
1970-01-02 05:56:00,-0.7902705155124166,0.200538716159441,0.5192656464285194,0.0
1970-01-02 05:57:00,-0.8030585513725763,0.1661369472104865,0.5282021155693869,0.0
1970-01-02 05:58:00,-0.8151472803494555,0.1332727606007724,0.5367447671916861,0.0
1970-01-02 05:59:00,-0.8264777219387713,0.1021056211107825,0.5448540733560608,0.0
1970-01-02 06:00:00,-0.8369992497490698,0.0727785752537065,0.5524951957677116,0.005542344430540247
1970-01-02 06:01:00,-0.846669409137425,0.0454186578466467,0.5596378068005837,0.015926383971926583
1970-01-02 06:02:00,-0.8554536100318725,0.0201375156126137,0.5662558559603058,0.02608581164586332
1970-01-02 06:03:00,-0.8633247148588832,-0.0029678034394075,0.5723272960908065,0.035807368671434414
1970-01-02 06:04:00,-0.8702625426503767,-0.0238139472956938,0.5778337838545972,0.04489993730970343
1970-01-02 06:05:00,-0.8762533109493765,-0.0423302958037625,0.5827603687989459,0.05319578727569074
1970-01-02 06:06:00,-0.8812890371216223,-0.0584579849571178,0.5870951846926001,0.060551016616004816
1970-01-02 06:07:00,-0.8853669201701527,-0.072148965906551,0.5908291558138169,0.0668454189678247
1970-01-02 06:08:00,-0.8884887232005628,-0.0833651401840654,0.5939557295244698,0.07198198048634219
1970-01-02 06:09:00,-0.890660175356538,-0.0920776066535818,0.5964706448123386,0.07588617601307512
1970-01-02 06:10:00,-0.8918904103987845,-0.0982660487297159,0.5983717445607745,0.07850519942324241
1970-01-02 06:11:00,-0.892191457193251,-0.1019182826156401,0.5996588371475855,0.07980722982814514
1970-01-02 06:12:00,-0.8915777952469951,-0.1030299790708948,0.6003336106156513,0.07978080442266888
1970-01-02 06:13:00,-0.8900659860796544,-0.1016045632572643,0.6003996001422166,0.07843434046843134
1970-01-02 06:14:00,-0.8876743885970526,-0.097653290349891,0.5998622069814145,0.07579582293850007
1970-01-02 06:15:00,-0.8844229637024571,-0.0911954890221759,0.5987287646969107,0.07191265018084403
1970-01-02 06:16:00,-0.8803331701852505,-0.0822589599154236,0.5970086465780057,0.06685160688058334
1970-01-02 06:17:00,-0.8754279506052368,-0.0708805109836117,0.594713406708889,0.06069891093442492
1970-01-02 06:18:00,-0.8697318026134133,-0.0571066060087963,0.5918569461058952,0.053560258163156904
1970-01-02 06:19:00,-0.863270928050611,-0.0409940969844405,0.5884556944858104,0.04556076608569737
1970-01-02 06:20:00,-0.8560734493249564,-0.0226110058730735,0.5845287975076461,0.03684469586407002
1970-01-02 06:21:00,-0.8481696800389519,-0.0020373167334295,0.5800982987513417,0.027574811393823007
1970-01-02 06:22:00,-0.8395924346625651,0.0206342644319102,0.5751893052949374,0.01793121876526227
1970-01-02 06:23:00,-0.8303773602767524,0.0452976273775982,0.5698301255617094,0.008109521581807444
1970-01-02 06:24:00,-0.8205632720883465,0.0718326995870207,0.5640523681632366,0.0
1970-01-02 06:25:00,-0.8101924735861815,0.1001050593850241,0.5578909907950025,0.0
1970-01-02 06:26:00,-0.7993110419118256,0.1299657657801967,0.5513842888780988,0.0
1970-01-02 06:27:00,-0.7879690592968095,0.1612514477895518,0.5445738146120681,0.0
1970-01-02 06:28:00,-0.7762207723098709,0.193784691495472,0.5375042184360349,0.0
1970-01-02 06:29:00,-0.7641246621973478,0.227374756807363,0.530223006612137,0.0
1970-01-02 06:30:00,-0.7517434118190197,0.2618186477500505,0.5227802107687042,0.0
1970-01-02 06:31:00,-0.7391437576088156,0.2969025499888657,0.5152279677898022,0.0
1970-01-02 06:32:00,-0.7263962186498676,0.3324036371507219,0.5076200114293005,0.0
1970-01-02 06:33:00,-0.7135746993675133,0.3680922332469756,0.5000110804753799,0.0
1970-01-02 06:34:00,-0.7007559675294197,0.4037343020951992,0.4924562522055951,0.0
1970-01-02 06:35:00,-0.6880190151803967,0.4390942161525271,0.4850102142306211,0.0
1970-01-02 06:36:00,-0.6754443165877244,0.4739377375004188,0.4777264924123139,0.0
1970-01-02 06:37:00,-0.6631130034050208,0.5080351257741709,0.4706566566727199,0.0
1970-01-02 06:38:00,-0.6511059816417195,0.5411642764849215,0.4638495290597283,0.0
1970-01-02 06:39:00,-0.6395030164274088,0.573113792269202,0.457350418549981,0.0
1970-01-02 06:40:00,-0.6283818089898406,0.6036858985870744,0.4512004049240307,0.0
1970-01-02 06:41:00,-0.6178170868929578,0.6326991299829516,0.4454356906577231,0.0
1970-01-02 06:42:00,-0.6078797247237431,0.6599907288183737,0.4400870361355086,0.0
1970-01-02 06:43:00,-0.5986359088284358,0.6854187130902232,0.4351792900992681,0.008734245539630647
1970-01-02 06:44:00,-0.5901463566333223,0.7088635829409013,0.4307310242173018,0.017983063066710603
1970-01-02 06:45:00,-0.5824655985862702,0.7302296467242787,0.4267542779849511,0.02694728407546987
1970-01-02 06:46:00,-0.5756413287865383,0.7494459571187331,0.4232544178184794,0.03545955220452979
1970-01-02 06:47:00,-0.5697138288392798,0.7664668559393745,0.4202301121327016,0.04337847168099307
1970-01-02 06:48:00,-0.5647154682601588,0.7812721331830262,0.4176734223523789,0.050590688098935965
1970-01-02 06:49:00,-0.5606702837839201,0.7938668115969771,0.4155700081617047,0.0570118794777148
1970-01-02 06:50:00,-0.5575936391813855,0.8042805727957733,0.4138994438265647,0.06258677567160498
1970-01-02 06:51:00,-0.5554919666615163,0.8125668447455259,0.4126356411160907,0.06728832773738591
1970-01-02 06:52:00,-0.554362590588386,0.8188015734134515,0.4117473731795804,0.07111614579768855
1970-01-02 06:53:00,-0.5541936340048255,0.8230817036894175,0.4111988926717335,0.07409431813700995
1970-01-02 06:54:00,-0.5549640082675691,0.8255233964592356,0.4109506364375114,0.07626871837956628
1970-01-02 06:55:00,-0.556643485936254,0.8262600100495285,0.4109600081503244,0.07770390318548359
1970-01-02 06:56:00,-0.5591928569024799,0.8254398752622316,0.4111822294298481,0.07847970063538323
1970-01-02 06:57:00,-0.562564167566879,0.8232238939670319,0.411571249134297,0.07868758931510089
1970-01-02 06:58:00,-0.5667010426357993,0.8197829918159303,0.4120806997123231,0.0784269694655162
1970-01-02 06:59:00,-0.5715390887756107,0.8152954561750372,0.4126648886989185,0.07780142940293433
1970-01-02 07:00:00,-0.5770063788827791,0.8099441909257072,0.4132798126348619,0.07691511142579022
1970-01-02 07:01:00,-0.5830240150399262,0.8039139204655621,0.4138841798670035,0.07586928015245809
1970-01-02 07:02:00,-0.5895067672703871,0.7973883761289527,0.4144404278355796,0.07475919129249076
1970-01-02 07:03:00,-0.596363783928486,0.7905474994171972,0.4149157195680559,0.07367134913853546
1970-01-02 07:04:00,-0.603499367934903,0.7835646979353444,0.4152829031749853,0.07268122600229154
1970-01-02 07:05:00,-0.610813811055702,0.7766041918168394,0.4155214171833393,0.07185149655254386
1970-01-02 07:06:00,-0.6182042760015353,0.7698184907124698,0.415618123549466,0.07123081552585409
1970-01-02 07:07:00,-0.6255657132669399,0.7633460441446864,0.4155680491713258,0.07085314035986201
1970-01-02 07:08:00,-0.6327917963753689,0.7573091111023065,0.4153750156985769,0.07073757335078357
1970-01-02 07:09:00,-0.6397758559118305,0.7518118975541322,0.4150521366033399,0.07088867358407414
1970-01-02 07:10:00,-0.6464117905151529,0.7469390112874288,0.4146221603561162,0.07129716949052955
1970-01-02 07:11:00,-0.6525949334892764,0.7427542795101705,0.4141176399451111,0.07194099028829659
1970-01-02 07:12:00,-0.6582228578230561,0.7392999645120412,0.4135809123815694,0.07278653010495417
1970-01-02 07:13:00,-0.6631961095352569,0.7365963974505494,0.4130638769863461,0.07379006277336142
1970-01-02 07:14:00,-0.6674188676844729,0.734642032801642,0.4126275673344888,0.0748992374285744
1970-01-02 07:15:00,-0.6707995373885252,0.7334139090606575,0.412341517861595,0.07605460303680589
1970-01-02 07:16:00,-0.673251288414102,0.7328684873091807,0.4122829316008828,0.07719113101227926
1970-01-02 07:17:00,-0.6746925554090709,0.7329428298797864,0.4125356599214942,0.07823972608296814
1970-01-02 07:18:00,-0.6750475165336368,0.7335560766340411,0.4131890085171051,0.07912873370340123
1970-01-02 07:19:00,-0.6742465657555259,0.734611174989547,0.4143363866123833,0.07978546532339004
1970-01-02 07:20:00,-0.6722267912608082,0.7359968202169721,0.4160738187630656,0.08013776941572437
1970-01-02 07:21:00,-0.6689324688777241,0.7375895637229126,0.4184983408844697,0.0801156760990267
1970-01-02 07:22:00,-0.664315575430767,0.7392560486377826,0.4217063042890625,0.07965313702345989
1970-01-02 07:23:00,-0.6583363227559939,0.7408553338392067,0.4257916135477486,0.0786898709571171
1970-01-02 07:24:00,-0.650963708904078,0.74224126942006,0.4308439258975922,0.07717331048597043
1970-01-02 07:25:00,-0.6421760789791772,0.7432648884765395,0.4369468416668192,0.07506062773116251
1970-01-02 07:26:00,-0.6319616842147809,0.7437767819182548,0.4441761167283073,0.07232079822602366
1970-01-02 07:27:00,-0.6203192243651064,0.7436294247872057,0.4525979292696314,0.06893664316714121
1970-01-02 07:28:00,-0.6072583553878302,0.7426794243221241,0.4622672341187686,0.06490677208833184
1970-01-02 07:29:00,-0.5928001418090058,0.7407896617319969,0.4732262384219857,0.060247331422628836
1970-01-02 07:30:00,-0.5769774311903906,0.7378313013704048,0.4855030325628714,0.054993450222678764
1970-01-02 07:31:00,-0.5598351268554407,0.7336856427669495,0.4991104097647821,0.0492002634383808
1970-01-02 07:32:00,-0.5414303345607067,0.7282457928244357,0.514044906756366,0.042943386819807694
1970-01-02 07:33:00,-0.5218323592102742,0.7214181374919167,0.5302860961228767,0.036318717365708686
1970-01-02 07:34:00,-0.5011225290898947,0.7131235944401951,0.5477961584352958,0.029441441416278025
1970-01-02 07:35:00,-0.479393827532991,0.7032986307673884,0.5665197588639729,0.022444151579590343
1970-01-02 07:36:00,-0.4567503155071364,0.6918960326235248,0.5863842486608885,0.015474006439178734
1970-01-02 07:37:00,-0.4333063334037746,0.6788854169484266,0.6073002065519892,0.008688915766972727
1970-01-02 07:38:00,-0.4091854763939623,0.6642534793648377,0.6291623286236748,0.002252799796145233
1970-01-02 07:39:00,-0.384519345125806,0.6480039768160691,0.6518506675384695,0.0
1970-01-02 07:40:00,-0.3594460822676583,0.6301574490804281,0.6752322125190109,0.0
1970-01-02 07:41:00,-0.3341087153208882,0.6107506902601381,0.6991627900500188,0.0
1970-01-02 07:42:00,-0.3086533370781116,0.5898359900675687,0.723489251457725,0.0
1970-01-02 07:43:00,-0.2832271669340298,0.5674801750625837,0.748051897799678,0.0
1970-01-02 07:44:00,-0.2579765481261199,0.54376349067278,0.772687076247871,0.0
1970-01-02 07:45:00,-0.2330449451314685,0.5187783729818413,0.7972298685563136,0.0
1970-01-02 07:46:00,-0.2085710078804003,0.4926281614027616,0.8215167855983166,0.0
1970-01-02 07:47:00,-0.1846867634193248,0.4654257980776088,0.8453883847945397,0.0
1970-01-02 07:48:00,-0.1615159837013297,0.4372925493494485,0.8686917378076007,0.0
1970-01-02 07:49:00,-0.1391727646424455,0.408356772725554,0.8912826899088326,0.0
1970-01-02 07:50:00,-0.1177603391836556,0.378752742004002,0.9130278665219076,0.0
1970-01-02 07:51:00,-0.0973701365035549,0.3486195344970033,0.933806395241502,0.0015043220623447429
1970-01-02 07:52:00,-0.078081090606692,0.3180999775277486,0.9535113229048778,0.008200424182262855
1970-01-02 07:53:00,-0.0599591941022971,0.2873396464275689,0.9720507171444318,0.01540227204173683
1970-01-02 07:54:00,-0.0430572869611032,0.256485902970235,0.9893484503768372,0.02296104747246197
1970-01-02 07:55:00,-0.0274150652663386,0.2256869614386804,1.005344671491744,0.030729886470662438
1970-01-02 07:56:00,-0.0130592913209181,0.1950909692407954,1.019995976687158,0.038567678982504905
1970-01-02 07:57:00,-4.183811327900468e-06,0.1648450901306268,1.0332752960466376,0.04634207655906941
1970-01-02 07:58:00,0.011748035004195,0.1350945806930907,1.0451715166305633,0.053931715641451605
1970-01-02 07:59:00,0.0222064589076695,0.1059818549513484,1.0556888661017707,0.061227714681155954
1970-01-02 08:00:00,0.031390707818242,0.0776455378390037,1.0648460832690816,0.06813453606609987
1970-01-02 08:01:00,0.0393300512073891,0.0502195154948534,1.0726754034890695,0.07457032060026281
1970-01-02 08:02:00,0.0460624665978028,0.0238319976217196,1.0792213877325791,0.08046680591268007
1970-01-02 08:03:00,0.0516336540222487,-0.0013953875776793,1.0845396244289052,0.08576893411562114
1970-01-02 08:04:00,0.0560960263622228,-0.0253484437452536,1.0886953330678004,0.09043424195021799
1970-01-02 08:05:00,0.0595076937395642,-0.0479211816714581,1.091761898061854,0.09443211179433719
1970-01-02 08:06:00,0.0619314572957515,-0.0690165028370952,1.0938193606052853,0.0977429465505999
1970-01-02 08:07:00,0.0634338243133215,-0.0885467783714408,1.0949528952181162,0.10035731686280402
1970-01-02 08:08:00,0.0640840535647958,-0.1064343144125614,1.0952512963101373,0.10227511596461425
1970-01-02 08:09:00,0.0639532374872169,-0.122611698710396,1.09480549841978,0.10350474607766325
1970-01-02 08:10:00,0.0631134262335371,-0.1370220271388378,1.0937071518151604,0.10406235078631454
1970-01-02 08:11:00,0.0616367975418905,-0.1496190122013488,1.0920472729812694,0.10397110018747968
1970-01-02 08:12:00,0.0595948753967744,-0.1603669782794207,1.089914987261698,0.10326052968176858
1970-01-02 08:13:00,0.0570577995752288,-0.1692407502880885,1.0873963786205454,0.10196592882335453
1970-01-02 08:14:00,0.0540936476570579,-0.1762254439555054,1.0845734591071348,0.10012777349441393
1970-01-02 08:15:00,0.0507678113319537,-0.181316167605507,1.081523268090259,0.09779119267883507
1970-01-02 08:16:00,0.0471424299852024,-0.1845176473349157,1.0783171086761758,0.09500546014468325
1970-01-02 08:17:00,0.0432758863390491,-0.1858437898361162,1.0750199259868338,0.09182350122527527
1970-01-02 08:18:00,0.0392223709995069,-0.1853171996881333,1.0716898292262678,0.08830140538092723
1970-01-02 08:19:00,0.0350315247167568,-0.1829686703178717,1.068377756801444,0.08449793603766542
1970-01-02 08:20:00,0.030748168303784,-0.1788366689485492,1.0651272813489354,0.08047402999258857
1970-01-02 08:21:00,0.026412129459904,-0.1729668343156475,1.061974549533618,0.07629227917555648
1970-01-02 08:22:00,0.0220581727541393,-0.1654115015372863,1.058948349969342,0.07201638780797714
1970-01-02 08:23:00,0.0177160344635853,-0.1562292628893424,1.0560703013991002,0.06771059841009741
1970-01-02 08:24:00,0.013410558988982,-0.1454845678596821,1.0533551521986098,0.06343908111422714
1970-01-02 08:25:00,0.0091619287751796,-0.1332473604048135,1.05081118133276,0.05926528254620078
1970-01-02 08:26:00,0.0049859754039801,-0.1195927453002798,1.0484406900971963,0.0552512332760724
1970-01-02 08:27:00,0.000894556604249,-0.1046006705953333,1.046240573092153,0.05145681666186763
1970-01-02 08:28:00,-0.0031040169506366,-0.0883556121859811,1.0442029556117225,0.04793900663838557
1970-01-02 08:29:00,-0.0070045203757859,-0.0709462499294704,1.04231588302602,0.044751086954716524
1970-01-02 08:30:00,-0.0108043328824667,-0.0524651303366289,1.0405640462328982,0.04194186873493844
1970-01-02 08:31:00,-0.0145029489354079,-0.0330083158919474,1.0389295263613292,0.03955492649076575
1970-01-02 08:32:00,-0.0181014953228617,-0.0126750235324251,1.0373925418232597,0.037627874618350265
1970-01-02 08:33:00,-0.0216022669832557,0.0084327459462616,1.035932181415408,0.036191706990118755
1970-01-02 08:34:00,-0.0250082937143064,0.0302105888469273,1.0345271082303988,0.03527022177619421
1970-01-02 08:35:00,-0.0283229486400097,0.0525520941748077,1.033156220487821,0.03487955238979468
1970-01-02 08:36:00,-0.0315496077663576,0.0753492590796197,1.0317992569942032,0.03502782345589539
1970-01-02 08:37:00,-0.0346913682538392,0.0984929281223504,1.0304373367701274,0.035714947720342005
1970-01-02 08:38:00,-0.037750831072002,0.1218732586751652,1.0290534244229304,0.03693257579424625
1970-01-02 08:39:00,-0.0407299512583315,0.145380214164896,1.0276327151146647,0.03866420597519138
1970-01-02 08:40:00,-0.0436299560226853,0.1689040875537139,1.0261629355007125,0.040885456738796844
1970-01-02 08:41:00,-0.0464513277299078,0.1923360583231002,1.0246345597154711,0.04356450023103764
1970-01-02 08:42:00,-0.0491938457881024,0.2155687856714416,1.023040942174302,0.04666265108876755
1970-01-02 08:43:00,-0.0518566787625248,0.238497037328042,1.0213783714720766,0.05013510066918747
1970-01-02 08:44:00,-0.0544385154410183,0.2610183468802723,1.0196460519232902,0.05393178174599367
1970-01-02 08:45:00,-0.0569377211980464,0.2830336836041431,1.0178460213015854,0.057998342734630226
1970-01-02 08:46:00,-0.0593525044817895,0.3044481099319595,1.0159830149421254,0.062277203972811446
1970-01-02 08:47:00,-0.061681078289965,0.3251713964376492,1.0140642872054408,0.06670866269366282
1970-01-02 08:48:00,-0.0639218032259429,0.3451185648472376,1.0120994011204536,0.07123200964042042
1970-01-02 08:49:00,-0.0660733016145535,0.3642103353065941,1.0100999959753176,0.07578661982742929
1970-01-02 08:50:00,-0.0681345355770908,0.3823734623310966,1.0080795410763477,0.08031298278326537
1970-01-02 08:51:00,-0.0701048455735236,0.3995409523302762,1.0060530821446945,0.08475364302440158
1970-01-02 08:52:00,-0.0719839495056296,0.41565216335064,1.0040369850376452,0.08905402859912348
1970-01-02 08:53:00,-0.0737719056792426,0.4306527944649154,1.0020486797751922,0.0931631534620958
1970-01-02 08:54:00,-0.0754690453264047,0.444494778043647,1.0001064063102862,0.09703418745881631
1970-01-02 08:55:00,-0.0770758818161137,0.4571360928978704,0.9982289621921768,0.10062489520586992
1970-01-02 08:56:00,-0.0785930042767893,0.4685405197716224,0.9964354513286696,0.10389795164846771
1970-01-02 08:57:00,-0.0800209633597171,0.4786773626876978,0.994745032521765,0.10682114718385938
1970-01-02 08:58:00,-0.0813601564981622,0.4875211601095609,0.9931766663574516,0.10936749872027463
1970-01-02 08:59:00,-0.0826107193906781,0.4950514087102525,0.9917488593909756,0.11151528479258976
1970-01-02 09:00:00,-0.0837724295423452,0.5012523196668953,0.990479405413632,0.11324802289131086
1970-01-02 09:01:00,-0.084844626442059,0.5061126229565499,0.9893851248855926,0.11455440562447694
1970-01-02 09:02:00,-0.0858261514196755,0.5096254296867011,0.9884816051762338,0.1154282095332948
1970-01-02 09:03:00,-0.0867153087759868,0.511788156965252,0.9877829457360786,0.11586818678240363
1970-01-02 09:04:00,-0.0875098488433134,0.5126025149956059,0.9873015134339084,0.11587794603768642
1970-01-02 09:05:00,-0.0882069734183217,0.5120745522619259,0.9870477139146628,0.11546582501573499
1970-01-02 09:06:00,-0.088803364394089,0.5102147516272235,0.9870297850632334,0.11464475368061167
1970-01-02 09:07:00,-0.0892952370813505,0.5070381673837876,0.9872536187415196,0.11343210402231096
1970-01-02 09:08:00,-0.0896784202097392,0.5025645902299948,0.9877226171776718,0.11184951989406677
1970-01-02 09:09:00,-0.0899484644187283,0.4968187237432828,0.9884375907763836,0.10992271864892156
1970-01-02 09:10:00,-0.0901007798005238,0.4898303532130454,0.989396704195469,0.10768125547123697
1970-01-02 09:11:00,-0.0901308008535129,0.4816344875446482,0.9905954763900066,0.1051582414746024
1970-01-02 09:12:00,-0.0900341746792653,0.4722714583326867,0.992026837488111,0.10239000778423346
1970-01-02 09:13:00,-0.0898069661336915,0.4617869658334998,0.9936812415230551,0.09941570969976965
1970-01-02 09:14:00,-0.0894458723240863,0.4502320668007337,0.9955468305972076,0.09627686738507002
1970-01-02 09:15:00,-0.0889484383328667,0.4376631023031828,0.9976096438910516,0.09301684222336326
1970-01-02 09:16:00,-0.0883132661149523,0.4241415649581718,0.9998538639457828,0.08968025096556165
1970-01-02 09:17:00,-0.087540208915197,0.4097339056933608,1.002262092217287,0.08631232302106628
1970-01-02 09:18:00,-0.0866305441736818,0.394511281169757,1.0048156455218828,0.08295820955362321
1970-01-02 09:19:00,-0.0855871187102619,0.378549244578616,1.0074948645393378,0.07966225623261658
1970-01-02 09:20:00,-0.0844144609325722,0.361927384059358,1.0102794252337457,0.07646725430791168
1970-01-02 09:21:00,-0.0831188557187074,0.3447289134366905,1.0131486442928672,0.07341368696682049
1970-01-02 09:22:00,-0.0817083783319592,0.3270402187093574,1.016081770699369,0.07053898971063544
1970-01-02 09:23:00,-0.0801928842589974,0.3089503610507398,1.0190582571980078,0.06787684488549539
1970-01-02 09:24:00,-0.0785839524633072,0.2905505340605965,1.022058007316485,0.06545653160858578
1970-01-02 09:25:00,-0.0768947805246978,0.2719334709428549,1.0250615952940478,0.06330235306696674
1970-01-02 09:26:00,-0.0751400316869176,0.253192797180031,1.02805045747017,0.061433163232798904
1970-01-02 09:27:00,-0.0733356358800307,0.2344223262283849,1.0310070543874257,0.05986201400035651
1970-01-02 09:28:00,-0.0714985489684867,0.2157152988662085,1.0339150033749578,0.05859594127002765
1970-01-02 09:29:00,-0.0696464764057789,0.197163570006369,1.0367591820493691,0.057635904542330696
1970-01-02 09:30:00,-0.0677975690065478,0.1788567497986837,1.0395258040715123,0.05697688936053402
1970-01-02 09:31:00,-0.0659700997848412,0.1608813095293706,1.0422024693752732,0.05660817571767085
1970-01-02 09:32:00,-0.0641821318125117,0.1433196681247174,1.0447781916215302,0.05651376848734557
1970-01-02 09:33:00,-0.062451187596613,0.1262492815368547,1.047243405769222,0.05667297819520223
1970-01-02 09:34:00,-0.0607939301669952,0.1097417625397751,1.0495899585838953,0.057061132362092204
1970-01-02 09:35:00,-0.0592258647188419,0.0938620597921667,1.0518110847377349,0.05765038991969984
1970-01-02 09:36:00,-0.0577610676019258,0.0786677219749336,1.0539013708289904,0.05841062487413873
1970-01-02 09:37:00,-0.0564119475577673,0.0642082677506894,1.055856709173481,0.05931034158147308
1970-01-02 09:38:00,-0.0551890432719661,0.0505246781763898,1.0576742428009456,0.06031758331485593
1970-01-02 09:39:00,-0.0541008615980335,0.0376490259644021,1.0593523029025227,0.06140079802428833
1970-01-02 09:40:00,-0.0531537612651469,0.0256042542704087,1.0608903400203908,0.06252962957366814
1970-01-02 09:41:00,-0.0523518864610048,0.0144041148223294,1.06228885044447,0.06367560859430932
1970-01-02 09:42:00,-0.0516971531107851,0.0040532708150947,1.0635492994482183,0.0648127239101044
1970-01-02 09:43:00,-0.0511892882388264,-0.0054524354443934,1.0646740429834498,0.06591786272929956
1970-01-02 09:44:00,-0.0508259198477226,-0.0141255562663986,1.0656662491494877,0.0669711149063692
1970-01-02 09:45:00,-0.0506027117453909,-0.0219864661678559,1.0665298202336346,0.06795594318217368
1970-01-02 09:46:00,-0.0505135353619879,-0.0290626615956723,1.0672693156074942,0.06885922720958937
1970-01-02 09:47:00,-0.0505506693429501,-0.035387955302384,1.067889875436061,0.06967119415750833
1970-01-02 09:48:00,-0.0507050176222962,-0.0410015900317894,1.0683971450615557,0.07038525250159133
1970-01-02 09:49:00,-0.0509663374500966,-0.0459472963441579,1.0687972000005777,0.07099774804781434
1970-01-02 09:50:00,-0.0513234701182886,-0.0502723182868241,1.0690964716276534,0.07150766223000593
1970-01-02 09:51:00,-0.0517645686550089,-0.0540264288860812,1.0693016737203478,0.07191627238668175
1970-01-02 09:52:00,-0.0522773183190111,-0.0572609555029298,1.0694197300928496,0.07222679231009654
1970-01-02 09:53:00,-0.0528491471100356,-0.0600278331347627,1.069457703576493,0.07244400918659566
1970-01-02 09:54:00,-0.0534674246180349,-0.0623787017983021,1.069422726643789,0.07257393041018978
1970-01-02 09:55:00,-0.0541196483958039,-0.0643640620993357,1.0693219340247608,0.07262345089918099
1970-01-02 09:56:00,-0.0547936176879538,-0.0660325007775795,1.0691623977387112,0.07260004868388137
1970-01-02 09:57:00,-0.0554775947146028,-0.0674299952796717,1.0689510650759138,0.07251151383361143
1970-01-02 09:58:00,-0.0561604537357786,-0.068599303451892,1.068694700201727,0.07236571338193798
1970-01-02 09:59:00,-0.0568318179623587,-0.0695794417299612,1.0683998301650977,0.07217039286727611
1970-01-02 10:00:00,-0.0574821842877575,-0.0704052530818744,1.0680726961201512,0.07193301347116998
1970-01-02 10:01:00,-0.0581030358649394,-0.0711070643806161,1.0677192105148112,0.0716606225311831
1970-01-02 10:02:00,-0.0586869426132357,-0.0717104316314094,1.067344920899394,0.07135975442788856
1970-01-02 10:03:00,-0.059227649689405,-0.0722359705310517,1.0669549808740693,0.07103635845767609
1970-01-02 10:04:00,-0.08475512945660381,0.33023438374221104,1.0125539976508766,0.06841180185056683
1970-01-02 10:05:00,-0.08130296111829825,0.33680279496268356,1.0106226821568187,0.06836534007385375
1970-01-02 10:06:00,-0.07806059741529126,0.3435838049981885,1.0086541323341467,0.06842241019206252
1970-01-02 10:07:00,-0.07499863013519205,0.35048479789450326,1.0066829269606399,0.0685854685102858
1970-01-02 10:08:00,-0.07208987417340351,0.3574127064606928,1.0047415038171454,0.06885278789486882
1970-01-02 10:09:00,-0.069309741931011,0.3642752519077644,1.0028599404383869,0.06921857429390621
1970-01-02 10:10:00,-0.0666365343784929,0.3709820582457522,1.001065776464895,0.06967322302817958
1970-01-02 10:11:00,-0.06405164702413654,0.377445640030764,0.9993838767540156,0.07020369919965397
1970-01-02 10:12:00,-0.06153969024994904,0.38358226690744657,0.997836333602371,0.07079402203175267
1970-01-02 10:13:00,-0.05908852514726555,0.3893127124364445,0.9964424058853467,0.07142583043124295
1970-01-02 10:14:00,-0.05668921817238189,0.39456289788943727,0.9952184926261608,0.07207900637639297
1970-01-02 10:15:00,-0.061892654220558,-0.0734522419241194,1.0623570269606395,0.06669038864273724
1970-01-02 10:16:00,-0.0619113650394058,-0.0727570636594626,1.062045082094727,0.06633313923697637
1970-01-02 10:17:00,-0.0619371954592171,-0.0718352076333387,1.0617486217742036,0.06597685203596182
1970-01-02 10:18:00,-0.0619815093806119,-0.0706607414490044,1.0614678698056572,0.0656212678606698
1970-01-02 10:19:00,-0.0620559936449411,-0.0692087247014293,1.0612029675288075,0.065266413726635
1970-01-02 10:20:00,-0.0621724570932429,-0.0674558435335415,1.0609540054398905,0.06491272267110237
1970-01-02 10:21:00,-0.0623426219490807,-0.0653810334583891,1.060721050537207,0.06456114389936718
1970-01-02 10:22:00,-0.0625779110753768,-0.0629660826058347,1.0605041685276957,0.06421323708075621
1970-01-02 10:23:00,-0.0628892348578856,-0.0601962074141004,1.060303440206612,0.06387124435338909
1970-01-02 10:24:00,-0.0632867817500308,-0.0570605924037962,1.0601189715430923,0.06353813367238126
1970-01-02 10:25:00,-0.063779816836995,-0.0535528849136747,1.0599508972660492,0.0632176076107096
1970-01-02 10:26:00,-0.0643764928235973,-0.0496716346870136,1.0597993780308457,0.06291407263019821
1970-01-02 10:27:00,-0.0650836773652791,-0.0454206673891278,1.0596645915321137,0.06263256520416438
1970-01-02 10:28:00,-0.0659067998948399,-0.0408093808931794,1.0595467181791247,0.06237863299551383
1970-01-02 10:29:00,-0.0668497206300076,-0.0358529536379461,1.0594459221322947,0.062158171533610584
1970-01-02 10:30:00,-0.0679146245077331,-0.0305724554670818,1.0593623286144,0.061977219408513085
1970-01-02 10:31:00,-0.0691019429995874,-0.0249948529522286,1.0592959985149977,0.06184171780463954
1970-01-02 10:32:00,-0.0704103065644286,-0.0191529032183049,1.0592469014482524,0.06175724306449171
1970-01-02 10:33:00,-0.0718365296523878,-0.0130849327828957,1.0592148885821415,0.06172872366368143
1970-01-02 10:34:00,-0.0733756288837694,-0.00683450087253,1.0591996666804897,0.06176015521977751
1970-01-02 10:35:00,-0.0750208737292651,-0.0004499498477032,1.0592007748542305,0.0618543287107558
1970-01-02 10:36:00,-0.0767638680842013,0.006016151703106,1.0592175654875158,0.06201258776055152
1970-01-02 10:37:00,-0.0785946606093474,0.0125076654510169,1.0592491906944237,0.06223463055867495
1970-01-02 10:38:00,-0.0805018813201292,0.018965630095578,1.0592945954935382,0.0625183706942769
1970-01-02 10:39:00,-0.0824729013044402,0.0253290871316444,1.0593525186689623,0.06285986889842077
1970-01-02 10:40:00,-0.0844940116553863,0.0315359709704257,1.059421502038675,0.06325334443515884
1970-01-02 10:41:00,-0.0865506171456247,0.0375240446348989,1.0594999086157082,0.06369127081627624
1970-01-02 10:42:00,-0.0886274401232399,0.0432318589850843,1.0595859499056297,0.06416455588951098
1970-01-02 10:43:00,-0.0907087302392511,0.0485997118152797,1.0596777222290008,0.06466280141582326
1970-01-02 10:44:00,-0.0927784753383234,0.0535705825116247,1.0597732514155758,0.06517463226115172
1970-01-02 10:45:00,-0.094820608140991,0.0580910175986253,1.0598705445679402,0.06568808067680543
1970-01-02 10:46:00,-0.096819202944183,0.0621119430279818,1.0599676470310646,0.0661910074081613
1970-01-02 10:47:00,-0.098758657162373,0.0655893814538429,1.06006270237463,0.06667153908305634
1970-01-02 10:48:00,-0.1006238540973786,0.0684850570770022,1.0601540130735274,0.06711850067935554
1970-01-02 10:49:00,-0.1024003053252428,0.0707668763152347,1.0602400995191847,0.06752182270086138
1970-01-02 10:50:00,-0.1040742730477541,0.0724092789109577,1.060319754911974,0.0678729047220048
1970-01-02 10:51:00,-0.1056328744322044,0.0733934602929834,1.0603920935116238,0.06816491992414342
1970-01-02 10:52:00,-0.1070641712306954,0.0737074710420498,1.060456589773895,0.0683930488559017
1970-01-02 10:53:00,-0.1083572487522939,0.073346202534237,1.0605131061425743,0.06855463458053035
1970-01-02 10:54:00,-0.1095022885430598,0.0723112693038464,1.060561907662811,0.06864925529842658
1970-01-02 10:55:00,-0.1104906389328337,0.0706107988120867,1.060603662061006,0.06867871419706084
1970-01-02 10:56:00,-0.111314886894603,0.068259138683606,1.0606394244602058,0.06864694954763362
1970-01-02 10:57:00,-0.1119689333310807,0.0652764907208322,1.0606706064866878,0.06855987091831439
1970-01-02 10:58:00,-0.1124480719624322,0.0616884807064436,1.0606989301988348,0.0684251298359142
1970-01-02 10:59:00,-0.1127490696629907,0.0575256734344472,1.0607263680135592,0.06825183529596313
1970-01-02 11:00:00,-0.1128702437521287,0.052823043492562,1.060755070553392,0.06805022613789724
1970-01-02 11:01:00,-0.1128115298751288,0.0476194137620326,1.0607872849980244,0.06783131338862991
1970-01-02 11:02:00,-0.1125745333322154,0.0419568751576293,1.0608252669929503,0.06760650617098785
1970-01-02 11:03:00,-0.1121625574856136,0.0358802028351359,1.0608711893697964,0.06738723464921126
1970-01-02 11:04:00,-0.1115806050498045,0.0294362860522858,1.0609270508780522,0.06718458274313233
1970-01-02 11:05:00,-0.1108353508757556,0.0226735905934122,1.060994587902408,0.06700894198331353
1970-01-02 11:06:00,-0.1099350873371314,0.0156416729588715,1.0610751918438688,0.06686969593633041
1970-01-02 11:07:00,-0.1088896449778436,0.0083907633814093,1.0611698345428868,0.06677494226162883
1970-01-02 11:08:00,-0.107710291516844,0.0009714301447173,1.0612790038273618,0.0667312569433629
1970-01-02 11:09:00,-0.1064096118393218,-0.0065656686759533,1.0614026509303287,0.06674350286227981
1970-01-02 11:10:00,-0.1050013706387217,-0.0141699472276028,1.0615401510959974,0.06681468288984305
1970-01-02 11:11:00,-0.1035003583755756,-0.021790976043937,1.0616902782068611,0.06694583632899676
1970-01-02 11:12:00,-0.1019222206256358,-0.0293785025164555,1.0618511938178536,0.06713597694003881
1970-01-02 11:13:00,-0.1002832709375502,-0.0368824248810856,1.0620204506591886,0.06738207091621562
1970-01-02 11:14:00,-0.0986002878823422,-0.0442527370878082,1.0621950104643023,0.06767905372611982
1970-01-02 11:15:00,-0.0968902977356722,-0.0514394602529262,1.062371275822212,0.06801988537598569
1970-01-02 11:16:00,-0.095170345037447,-0.0583925743247158,1.062545135573138,0.06839564415105714
1970-01-02 11:17:00,-0.0934572541658119,-0.065061961951648,1.0627120230357925,0.06879565921369535
1970-01-02 11:18:00,-0.0917673860557007,-0.0713973754011647,1.0628669860930309,0.06920768257815757
1970-01-02 11:19:00,-0.0901163952417163,-0.0773484363884091,1.063004767898296,0.06961810094893361
1970-01-02 11:20:00,-0.0885189934643502,-0.082864677484052,1.0631198967073852,0.07001218766591566
1970-01-02 11:21:00,-0.086988726884191,-0.0878956323781268,1.063206783099064,0.07037439451060434
1970-01-02 11:22:00,-0.085537773926723,-0.0923909809947627,1.0632598226696024,0.07068868241002169
1970-01-02 11:23:00,-0.0841767695534159,-0.0963007544639619,1.0632735022166673,0.07093888918036506
1970-01-02 11:24:00,-0.0829146597229747,-0.0995756040865162,1.0632425074493443,0.07110913140227715
1970-01-02 11:25:00,-0.0817585878971209,-0.1021671373576551,1.063161830305423,0.07118423628672121
1970-01-02 11:26:00,-0.0807138142482758,-0.104028322701123,1.0630268739779989,0.07115019793395483
1970-01-02 11:27:00,-0.0797836676323275,-0.1051139629597311,1.062833553743144,0.07099465068330102
1970-01-02 11:28:00,-0.0789695300437935,-0.1053812360691749,1.0625783916477851,0.07070735030053776
1970-01-02 11:29:00,-0.0782708530324826,-0.104790299504005,1.0622586030991934,0.07028065158762042
1970-01-02 11:30:00,-0.0776852054423431,-0.1033049525800592,1.0618721734605991,0.06970996870279
1970-01-02 11:31:00,-0.077208351778296,-0.1008933475041412,1.0614179229313925,0.06899420217085539
1970-01-02 11:32:00,-0.076834360408079,-0.0975287368006431,1.0608955582219497,0.0681361144050463
1970-01-02 11:33:00,-0.0765557406340689,-0.0931902420952092,1.0603057097352022,0.06714263373874507
1970-01-02 11:34:00,-0.0763636074622094,-0.0878636273659916,1.05964995310598,0.06602506568844713
1970-01-02 11:35:00,-0.0762478726769172,-0.0815420584266063,1.0589308140628453,0.06479918968414111
1970-01-02 11:36:00,-0.0761974606200289,-0.0742268293309427,1.0581517557188065,0.06348522007983659
1970-01-02 11:37:00,-0.0762005468669042,-0.0659280355692503,1.0573171475934502,0.06210761216177407
1970-01-02 11:38:00,-0.0762448176738699,-0.0566651734945522,1.0564322159298083,0.06069469733927413
1970-01-02 11:39:00,-0.076317747430215,-0.0464676455238542,1.0555029752032743,0.0592781369009352
1970-01-02 11:40:00,-0.0764068903490234,-0.0353751513441401,1.054536141124591,0.05789219070913454
1970-01-02 11:41:00,-0.0765001815471926,-0.0234379465274402,1.0535390258968986,0.05657280591635638
1970-01-02 11:42:00,-0.0765862418108188,-0.0107169515201361,1.0525194169836296,0.05535654099083964
1970-01-02 11:43:00,-0.0766546797615399,0.0027163040048476,1.0514854411795311,0.0542793516185851
1970-01-02 11:44:00,-0.076696384665208,0.0167799137036136,1.0504454163559125,0.053375276749820344
1970-01-02 11:45:00,-0.0767038026261764,0.0313820126306509,1.0494076938800163,0.052675074288661916
1970-01-02 11:46:00,-0.0766711884070944,0.0464213848920451,1.0483804954019678,0.05220486562566662
1970-01-02 11:47:00,-0.0765948247496997,0.0617882598180823,1.0473717484699876,0.051984855272576125
1970-01-02 11:48:00,-0.0764732010411727,0.0773652900671153,1.046388926241264,0.05202819522339697
1970-01-02 11:49:00,-0.0763071436213323,0.0930286992504804,1.0454388972801,0.052340062431396106
1970-01-02 11:50:00,-0.0760998909898072,0.1086495813124838,1.0445277918410716,0.052917011381440116
1970-01-02 11:51:00,-0.075857108553353,0.1240953311003396,1.043660890829435,0.053746652267929074
1970-01-02 11:52:00,-0.0755868391584966,0.1392311867674051,1.0428425426468964,0.054807689760022704
1970-01-02 11:53:00,-0.075299387222347,0.1539218672801241,1.042076111516806,0.05607033910485715
1970-01-02 11:54:00,-0.0750071356047166,0.1680332867936685,1.0413639590371333,0.05749711632883403
1970-01-02 11:55:00,-0.0747242955947764,0.1814343198672998,1.0407074589476193,0.05904397825919183
1970-01-02 11:56:00,-0.0744665919928102,0.1939985818463804,1.040107043447145,0.06066176744039953
1970-01-02 11:57:00,-0.0742508875613037,0.2056061834642677,1.0395622777830773,0.06229789907159433
1970-01-02 11:58:00,-0.0740947538537807,0.216145419762079,1.039071958367863,0.06389821397500417
1970-01-02 11:59:00,-0.074015998069286,0.2255143583367205,1.0386342286581869,0.06540891432660834
1970-01-02 12:00:00,-0.0740321577776577,0.2336222975092602,1.038246706689874,0.06677849726693053
1970-01-02 12:01:00,-0.0741599770609919,0.2403910695878192,1.0379066184704255,0.06795960466675699
1970-01-02 12:02:00,-0.0744148788608525,0.2457561679403646,1.0376109321218188,0.06891071410820726
1970-01-02 12:03:00,-0.0748104491001634,0.2496676799845603,1.037356488381861,0.06959760550937433
1970-01-02 12:04:00,-0.0753579484340394,0.2520910123914267,1.0371401235361624,0.0699945489437448
1970-01-02 12:05:00,-0.0760658673048947,0.2530074001628581,1.0369587809492635,0.07008517142038606
1970-01-02 12:06:00,-0.0769395393841517,0.2524141973661856,1.0368096071793105,0.06986297313813838
1970-01-02 12:07:00,-0.0779808274022679,0.2503249529402573,1.036690028542516,0.06933147657139838
1970-01-02 12:08:00,-0.0791878935991279,0.2467692785022754,1.0365978044255062,0.06850400441223448
1970-01-02 12:09:00,-0.0805550644691994,0.2417925156194389,1.0365310548881776,0.06740309479072226
1970-01-02 12:10:00,-0.0820727963088868,0.2354552081952456,1.0364882619953002,0.06605957442080346
1970-01-02 12:11:00,-0.0837277446310888,0.2278323831497675,1.0364682464497093,0.06451132259419712
1970-01-02 12:12:00,-0.0855029370480116,0.2190126412287875,1.0364701230794937,0.06280177140342902
1970-01-02 12:13:00,-0.0873780458439024,0.2090970606610806,1.036493240313087,0.06097820000569554
1970-01-02 12:14:00,-0.0893297531873034,0.1981979195761294,1.0365371098926457,0.05908989246116847
1970-01-02 12:15:00,-0.0913321987970665,0.1864372481192516,1.036601333690254,0.05718623857473637
1970-01-02 12:16:00,-0.0933574971178053,0.1739452281672401,1.0366855343144965,0.055314863785774326
1970-01-02 12:17:00,-0.095376309259201,0.1608584682285966,1.0367892947937256,0.053519875924335825
1970-01-02 12:18:00,-0.0973584546235829,0.1473181929981885,1.036912110122657,0.051840312402013256
1970-01-02 12:19:00,-0.0992735480997498,0.1334683979314481,1.0370533508813014,0.05030886084657782
1970-01-02 12:20:00,-0.1010916500769935,0.1194540248585953,1.0372122375829862,0.04895090998678864
1970-01-02 12:21:00,-0.1027839174498678,0.1054192125922,1.037387824067338,0.04778396704333421
1970-01-02 12:22:00,-0.1043232438017127,0.0915056671284738,1.0375789885315891,0.046817454839273465
1970-01-02 12:23:00,-0.1056848761199504,0.0778511820333859,1.0377844311801263,0.046052878770640016
1970-01-02 12:24:00,-0.1068469941055937,0.0645883240797675,1.038002677859717,0.04548433321632195
1970-01-02 12:25:00,-0.10779123685835,0.0518432843981111,1.0382320894585964,0.0450993007662952
1970-01-02 12:26:00,-0.1085031607018177,0.0397348825944344,1.0384708772944236,0.04487968674184084
1970-01-02 12:27:00,-0.1089726113050696,0.0283737014748841,1.038717125167384,0.04480302596519414
1970-01-02 12:28:00,-0.1091939935143791,0.01786132435717,1.0389688190109716,0.044843797897304416
1970-01-02 12:29:00,-0.1091664242949348,0.0082896466851431,1.0392238848808228,0.04497478885487749
1970-01-02 12:30:00,-0.1088937585786039,-0.0002597606955335,1.0394802353582828,0.04516844471764703
1970-01-02 12:31:00,-0.10838448444851,-0.0077162488091031,1.0397358235031695,0.04539816320895995
1970-01-02 12:32:00,-0.1076514918448719,-0.0140206479410243,1.0399887024756034,0.045639480672952315
1970-01-02 12:33:00,-0.1067117261687012,-0.0191257731442656,1.0402370880523464,0.04587111398101751
1970-01-02 12:34:00,-0.1055857432470506,-0.0229968581887074,1.0404794207301815,0.046075824033132706
1970-01-02 12:35:00,-0.10429718453005,-0.0256118955463194,1.0407144241273754,0.046241073788037435
1970-01-02 12:36:00,-0.1028721916766418,-0.0269618611761029,1.0409411568791065,0.04635946111422329
1970-01-02 12:37:00,-0.1013387788046992,-0.0270508064476923,1.041159055771708,0.04642891475462063
1970-01-02 12:38:00,-0.099726179352877,-0.0258958044618909,1.0413679681023245,0.046452649920967426
1970-01-02 12:39:00,-0.0980641832147649,-0.0235267430666416,1.041568171247265,0.046438888337142714
1970-01-02 12:40:00,-0.0963824788219422,-0.0199859607922438,1.0417603775277278,0.04640035600116521
1970-01-02 12:41:00,-0.0947100141268463,-0.0153277246792637,1.041945722787445,0.04635358037080439
1970-01-02 12:42:00,-0.0930743898277617,-0.0096175513961727,1.0421257374422488,0.046318016654697036
1970-01-02 12:43:00,-0.0915012975913471,-0.0029313752480067,1.0423022991004014,0.04631504009630261
1970-01-02 12:44:00,-0.0900140152093115,0.0046454321836472,1.0424775664949777,0.04636684753463283
1970-01-02 12:45:00,-0.0886329692241295,0.0130191862547424,1.0426538956321638,0.04649531700870413
1970-01-02 12:46:00,-0.087375373597145,0.0220891535008672,1.0428337405624324,0.04672087829996974
1970-01-02 12:47:00,-0.0862549508863927,0.0317489518993656,1.0430195426106863,0.04706144937483381
1970-01-02 12:48:00,-0.0852817403917196,0.0418880809495059,1.0432136128868637,0.04753149293104131
1970-01-02 12:49:00,-0.0844619956889034,0.05239357043832,1.0434180133112976,0.048141243078204
1970-01-02 12:50:00,-0.083798171816989,0.0631517291006258,1.0436344413587912,0.04889614437204637
1970-01-02 12:51:00,-0.0832890002154466,0.0740499645751608,1.0438641233683554,0.04979653403221729
1970-01-02 12:52:00,-0.0829296474630882,0.0849786348609674,1.044107720533834,0.05083758349687151
1970-01-02 12:53:00,-0.0827119520374483,0.0958328803371423,1.044365250678417,0.05200949843057545
1970-01-02 12:54:00,-0.08262473174607,0.1065143770980362,1.0446360280093236,0.053297958718134586
1970-01-02 12:55:00,-0.0826541530603677,0.1169329499607571,1.0449186225060756,0.054684764024135246
1970-01-02 12:56:00,-0.0827841520251284,0.1270079883437392,1.0452108402633231,0.056148637992590844
1970-01-02 12:57:00,-0.082996894581897,0.1366696189428803,1.0455097257124846,0.057666136269676205
1970-01-02 12:58:00,-0.0832732622062451,0.1458596028170109,1.0458115861235493,0.059212600757119205
1970-01-02 12:59:00,-0.0835933471103663,0.1545319383422068,1.046112038261543,0.0607631046773045
1970-01-02 13:00:00,-0.0839369404849777,0.1626531636225411,1.0464060766523036,0.062293339369717815
1970-01-02 13:01:00,-0.0842839979785874,0.1702023614035438,1.0466881626017424,0.06378040303119348
1970-01-02 13:02:00,-0.08461506896404,0.1771708763779683,1.0469523328448345,0.06520346252796583
1970-01-02 13:03:00,-0.0849116794539168,0.1835617599837684,1.047192326404648,0.06654427077210556
1970-01-02 13:04:00,-0.0851566619698926,0.189388962646851,1.0474017278427723,0.06778753305062035
1970-01-02 13:05:00,-0.0853344290398714,0.1946762988012873,1.0475741244680066,0.06892112541077577
1970-01-02 13:06:00,-0.0854311905429245,0.1994562162322146,1.047703274110437,0.0699361761773376
1970-01-02 13:07:00,-0.0854351187323144,0.2037684080284798,1.0477832787548442,0.07082702751729109
1970-01-02 13:08:00,-0.0853364676538737,0.2076583116952609,1.0478087579545583,0.07159109756195758
1970-01-02 13:09:00,-0.085127654998491,0.2111755443385125,1.0477750150548018,0.07222866513878423
1970-01-02 13:10:00,-0.084803313991693,0.2143723241734873,1.047678189266123,0.0727425989954249
1970-01-02 13:11:00,-0.0843603211741912,0.2173019266763759,1.0475153875595251,0.0731380518366962
1970-01-02 13:12:00,-0.0837978034733103,0.2200172191109985,1.0472847918971817,0.0734221368648087
1970-01-02 13:13:00,-0.0831171253210105,0.2225693107691745,1.0469857391014714,0.07360360119540776
1970-01-02 13:14:00,-0.0823218542518224,0.2250063483310277,1.0466187724154898,0.0736925068422658
1970-01-02 13:15:00,-0.0814177019685943,0.2273724760179077,1.0461856653060724,0.07369992611356291
1970-01-02 13:16:00,-0.0804124375924813,0.2297069690291247,1.0456894191666324,0.07363765447061366
1970-01-02 13:17:00,-0.079315770527568,0.2320435380877176,1.0451342372345636,0.07351794063374695
1970-01-02 13:18:00,-0.0781392017388384,0.2344097957715443,1.0445254771780974,0.07335323154876283
1970-01-02 13:19:00,-0.0768958441475105,0.2368268737218359,1.0438695843077188,0.07315592902745793
1970-01-02 13:20:00,-0.0756002151104959,0.2393091831820251,1.043174006286325,0.07293815528736936
1970-01-02 13:21:00,-0.0742680060174727,0.241864316490047,1.04244708905755,0.07271152589760499
1970-01-02 13:22:00,-0.07291583530398,0.2444930906005669,1.0416979532010164,0.072486930499706
1970-01-02 13:23:00,-0.0715609914657501,0.2471897339353619,1.0409363503644302,0.07227432384283827
1970-01-02 13:24:00,-0.0702211722064734,0.2499422158081173,1.0401725004958504,0.07208253183088131
1970-01-02 13:25:00,-0.0689142249708164,0.2527327149726408,1.0394169118005547,0.07191907910894679
1970-01-02 13:26:00,-0.0676578930582368,0.2555382207464086,1.0386801864596538,0.07179004590413185
1970-01-02 13:27:00,-0.0664695705774824,0.2583312554088353,1.0379728162218766,0.0716999619993619
1970-01-02 13:28:00,-0.0653660689806115,0.2610806995820227,1.037304973009417,0.07165174459722867
1970-01-02 13:29:00,-0.0643633978382539,0.263752695081634,1.0366863004780082,0.0716466846600563
1970-01-02 13:30:00,-0.0634765625765285,0.266311595340106,1.036125712892571,0.07168448375735226
1970-01-02 13:31:00,-0.0627193817429829,0.2687209325750401,1.0356312078108878,0.07176334096761283
1970-01-02 13:32:00,-0.0621043259310481,0.2709443714820846,1.035209699019782,0.07188008689489123
1970-01-02 13:33:00,-0.0616423798898298,0.2729466206261098,1.0348668756665582,0.0720303592070326
1970-01-02 13:34:00,-0.0613429285573836,0.2746942768291543,1.034607092029407,0.07220881151212066
1970-01-02 13:35:00,-0.0612136666191276,0.2761565860947572,1.0344332897894095,0.07240934537564025
1970-01-02 13:36:00,-0.0612605298610626,0.2773061147010832,1.0343469517850064,0.07262535418309168
1970-01-02 13:37:00,-0.061487645744868,0.2781193314451555,1.034348084177566,0.07284996730416493
1970-01-02 13:38:00,-0.0618973009537816,0.2785771035647047,1.034435223360003,0.07307628331993365
1970-01-02 13:39:00,-0.0624899250384364,0.2786651052338514,1.034605464595782,0.07329758174411105
1970-01-02 13:40:00,-0.0632640908692522,0.2783741318627678,1.0348545105876177,0.07350750373129689
1970-01-02 13:41:00,-0.0642165336210165,0.2777003088116858,1.0351767392806106,0.0737001938399946
1970-01-02 13:42:00,-0.0653421904097381,0.27664518128366,1.0355652908568205,0.07387039711614296
1970-01-02 13:43:00,-0.066634262832089,0.275215673506929,1.036012174040977,0.07401350861530598
1970-01-02 13:44:00,-0.0680843047944504,0.2734239092726211,1.0365083916331914,0.07412557582774815
1970-01-02 13:45:00,-0.0696823380830022,0.2712868914522341,1.0370440847422364,0.07420325796070504
1970-01-02 13:46:00,-0.0714169977003821,0.2688260445604799,1.0376086945941,0.07424374929149202
1970-01-02 13:47:00,-0.0732757076280034,0.2660666314175007,1.038191140108999,0.07424467654397238
1970-01-02 13:48:00,-0.0752448853314371,0.2630370622053718,1.0387800087628274,0.07420398224335112
1970-01-02 13:49:00,-0.0773101704853213,0.2597681211513274,1.0393637576543902,0.07411980707573496
1970-01-02 13:50:00,-0.0794566706176522,0.2562921414314565,1.0399309212579353,0.0739903841532017
1970-01-02 13:51:00,-0.0816692139364818,0.2526421604407343,1.0404703221309086,0.0738139564060254
1970-01-02 13:52:00,-0.0839325977497788,0.2488510836195294,1.040971280896926,0.07358872499473801
1970-01-02 13:53:00,-0.0862318202687421,0.2449508770268405,1.0414238219989786,0.0733128323140646
1970-01-02 13:54:00,-0.088552284853887,0.2409718012366761,1.0418188717794925,0.07298437907547695
1970-01-02 13:55:00,-0.0908799686842975,0.2369416953442019,1.0421484453068912,0.07260147200915856
1970-01-02 13:56:00,-0.0932015512818559,0.232885319685374,1.042405818206532,0.07216229700411159
1970-01-02 13:57:00,-0.0955045013936569,0.2288237671997766,1.042585679742374,0.07166521163365958
1970-01-02 13:58:00,-0.0977771234562239,0.2247739550674206,1.0426842634351243,0.07110885066050687
1970-01-02 13:59:00,-0.1000085676478252,0.2207482103494986,1.042699451375937,0.07049223811999505
1970-01-02 14:00:00,-0.102188810211943,0.2167539654355216,1.0426308481688256,0.06981489988586365
1970-01-02 14:01:00,-0.1043086125941945,0.2127935797100458,1.0424798204784922,0.06907697119150913
1970-01-02 14:02:00,-0.1063594686001418,0.2088643016795183,1.0422494987416568,0.06827929433468505
1970-01-02 14:03:00,-0.108333548528219,0.2049583807382839,1.0419447386683558,0.06742350265030406
1970-01-02 14:04:00,-0.1102236484928782,0.2010633308312381,1.041572041517623,0.06651208777173401
1970-01-02 14:05:00,-0.1120231521814187,0.1971623407985535,1.041139433634486,0.06554844822868766
1970-01-02 14:06:00,-0.1137260112264782,0.1932348189316367,1.0406563073062087,0.06453691848297205
1970-01-02 14:07:00,-0.1153267491944699,0.1892570523205619,1.0401332265739531,0.06348277840121819
1970-01-02 14:08:00,-0.1168204925302691,0.1852029551618635,1.0395817031329349,0.062392243742618536
1970-01-02 14:09:00,-0.1182030292222098,0.181044875402416,1.0390139487258698,0.06127243847831432
1970-01-02 14:10:00,-0.1194708924692191,0.1767544270950471,1.03844261130265,0.06013134969877987
1970-01-02 14:11:00,-0.1206214628732568,0.1723033166509206,1.0378805025409747,0.058977765483911426
1970-01-02 14:12:00,-0.1216530795466138,0.1676641339228727,1.03734032407358,0.0578211954372827
1970-01-02 14:13:00,-0.1225651487610463,0.1628110830180453,1.0368343991139355,0.0566717728936843
1970-01-02 14:14:00,-0.1233582386967524,0.1577206324596619,1.036374415419495,0.05554013750967357
1970-01-02 14:15:00,-0.1240341501822819,0.1523720696302395,1.0359711848956807,0.05443729730553648
1970-01-02 14:16:00,-0.1245959552505862,0.146747950892088,1.035634424578289,0.05337447022767572
1970-01-02 14:17:00,-0.1250479971954519,0.1408344470433362,1.0353725630414807,0.052362906689361166
1970-01-02 14:18:00,-0.1253958477224584,0.1346215929971819,1.035192575392676,0.05141369597093148
1970-01-02 14:19:00,-0.1256462195539499,0.1281034583375463,1.0350998490963492,0.05053756054960923
1970-01-02 14:20:00,-0.1258068368410023,0.1212782593465137,1.0350980821382545,0.04974464325013428
1970-01-02 14:21:00,-0.1258862699642628,0.1141484319231836,1.0351892145728607,0.04904429241286734
1970-01-02 14:22:00,-0.1258937440899223,0.1067206780768499,1.0353733942043146,0.04844484993552456
1970-01-02 14:23:00,-0.1258389313564311,0.0990059875149973,1.0356489769319326,0.04795344630804421
1970-01-02 14:24:00,-0.1257317351328899,0.0910196240761677,1.0360125621050882,0.047575806338636006
1970-01-02 14:25:00,-0.1255820721021556,0.082781059388782,1.0364590630447033,0.0473160697681021
1970-01-02 14:26:00,-0.1253996547538858,0.0743138360701532,1.036981812636836,0.04717663237079228
1970-01-02 14:27:00,-0.1251937742987361,0.065645349579791,1.0375727035164433,0.04715801487981608
1970-01-02 14:28:00,-0.1249730830883074,0.0568065491494886,1.0382223616729054,0.047258768309215604
1970-01-02 14:29:00,-0.1247453766817228,0.0478315707621983,1.0389203510953575,0.04747542409602379
1970-01-02 14:30:00,-0.1245173781675492,0.0387573247548086,1.0396554053511815,0.04780249549416493
1970-01-02 14:31:00,-0.1242945302166084,0.0296230637511853,1.04041568015598,0.04823253320158161
1970-01-02 14:32:00,-0.1240808026436073,0.0204699531572086,1.0411890195664382,0.04875623432362053
1970-01-02 14:33:00,-0.1238785242833126,0.0113406594918877,1.041963227721817,0.04936260046791707
1970-01-02 14:34:00,-0.1236882474755656,0.0022789645682186,1.042726338053087,0.05003913846707664
1970-01-02 14:35:00,-0.1235086517492169,-0.0066705927141466,1.0434668723290366,0.05077209589530374
1970-01-02 14:36:00,-0.1233364911735613,-0.0154630500964276,1.0441740826328334,0.05154672307768138
1970-01-02 14:37:00,-0.1231665880441565,-0.0240533374246788,1.044838170333111,0.052347553632709154
1970-01-02 14:38:00,-0.1229918743834992,-0.0323965810338115,1.045450477304918,0.0531586965524844
1970-01-02 14:39:00,-0.1228034819449748,-0.0404484033621186,1.04600364596618,0.05396413406097267
1970-01-02 14:40:00,-0.1225908805519941,-0.0481652221608566,1.0464917460111087,0.05474802066166351
1970-01-02 14:41:00,-0.1223420633590861,-0.0555045515794186,1.0469103669489337,0.05549497968400674
1970-01-02 14:42:00,-0.1220437759913968,-0.0624253058858899,1.0472566766251017,0.056190394204112204
1970-01-02 14:43:00,-0.1216817847555273,-0.0688881058425121,1.047529446769975,0.056820689482406594
1970-01-02 14:44:00,-0.1212411774146945,-0.0748555877144393,1.0477290472437453,0.05737360405452807
1970-01-02 14:45:00,-0.1207066883352667,-0.0802927153499658,1.047857411029056,0.057838446359203655
1970-01-02 14:46:00,-0.1200630381090464,-0.0851670962270979,1.0479179723040248,0.0582063334140035
1970-01-02 14:47:00,-0.1192952764185157,-0.089449302182478,1.0479155802608688,0.058470407706410876
1970-01-02 14:48:00,-0.1183891166435053,-0.0931131946779689,1.0478563916411672,0.05862602814497908
1970-01-02 14:49:00,-0.1173312519554536,-0.0961362534433441,1.0477477449983834,0.0586709304882016
1970-01-02 14:50:00,-0.1161096451451812,-0.0984999063631134,1.0475980194103474,0.05860535211275253
1970-01-02 14:51:00,-0.1147137874500438,-0.1001898572650131,1.047416479931522,0.05843211542453575
1970-01-02 14:52:00,-0.1131349246923288,-0.1011964069028672,1.047213111629886,0.058156663790734475
1970-01-02 14:53:00,-0.1113662519307516,-0.1015147615793963,1.0469984435648625,0.05778704365050236
1970-01-02 14:54:00,-0.1094030800486024,-0.1011453238805336,1.0467833635658617,0.05733382652087604
1970-01-02 14:55:00,-0.1072429784616536,-0.1000939603623249,1.046578924383888,0.05680996508117664
1970-01-02 14:56:00,-0.1048858972997957,-0.0983722407724709,1.046396141929735,0.056230578544483434
1970-01-02 14:57:00,-0.1023342708248061,-0.0959976418569075,1.0462457869149204,0.055612664221376784
1970-01-02 14:58:00,-0.0995931024362291,-0.0929937061332538,1.0461381721198106,0.05497473457872415
1970-01-02 14:59:00,-0.0966700307336145,-0.0893901430100297,1.0460829384891182,0.05433638214159142
1970-01-02 15:00:00,-0.0935753756152319,-0.0852228571982652,1.0460888440967624,0.053717778180793596
1970-01-02 15:01:00,-0.0903221631251667,-0.0805338878726735,1.0461635606602722,0.05313911516991743
1970-01-02 15:02:00,-0.0869261276558855,-0.0753712412314902,1.046313482780949,0.05262000737361161
1970-01-02 15:03:00,-0.0834056901502736,-0.0697885988978661,1.046543555441501,0.0521788684067499
1970-01-02 15:04:00,-0.0797819110180289,-0.0638448856927275,1.0468571253072247,0.05183228870448375
1970-01-02 15:05:00,-0.076078416347928,-0.0576036832713752,1.0472558208995386,0.05159443901553806
1970-01-02 15:06:00,-0.0723212954072849,-0.051132480636701,1.0477394658986192,0.05147652791062063
1970-01-02 15:07:00,-0.0685389663325964,-0.0445017582854571,1.0483060288611192,0.05148634158652188
1970-01-02 15:08:00,-0.0647620056313441,-0.0377839098862749,1.048951611426634,0.05162789252388156
1970-01-02 15:09:00,-0.0610229362151244,-0.031052013493278,1.049670475632052,0.051901199590493885
1970-01-02 15:10:00,-0.0573559688416184,-0.0243784720657564,1.0504551095814332,0.0523022162419704
1970-01-02 15:11:00,-0.0537966934388213,-0.0178335497887798,1.0512963297098747,0.052822916061610714
1970-01-02 15:12:00,-0.050381719448221,-0.0114838369042069,1.0521834172004796,0.05345153642504141
1970-01-02 15:13:00,-0.0471482670577257,-0.0053906823734509,1.0531042856047983,0.05417297200326221
1970-01-02 15:14:00,-0.0441337132338056,0.0003913588737338,1.0540456762690922,0.05496930072260375
1970-01-02 15:15:00,-0.0413750978567025,0.0058160096450497,1.0549933777462634,0.05582041644368352
1970-01-02 15:16:00,-0.0389085966367787,0.0108466245227557,1.0559324649927389,0.056704735856437205
1970-01-02 15:17:00,-0.0367689694885169,0.0154573515821259,1.0568475538105566,0.057599942714889885
1970-01-02 15:18:00,-0.0349889958149793,0.0196340430823586,1.0577230656781234,0.05848373116615657
1970-01-02 15:19:00,-0.0335989110054193,0.0233748659696755,1.0585434978642632,0.05933451187552641
1970-01-02 15:20:00,-0.032625860121257,0.0266905759941144,1.0592936936522197,0.06013204979705811
1970-01-02 15:21:00,-0.032093384443412,0.0296044333122574,1.0599591076898145,0.060858010183907796
1970-01-02 15:22:00,-0.0320209545026496,0.0321517513205439,1.0605260619021977,0.061496398775814365
1970-01-02 15:23:00,-0.0324235602232236,0.0343790837603296,1.0609819879468527,0.06203389183462704
1970-01-02 15:24:00,-0.0333113656308445,0.0363430680181394,1.061315652719503,0.06246006060490927
1970-01-02 15:25:00,-0.0346894327125499,0.0381089552470671,1.061517363828545,0.06276750181845747
1970-01-02 15:26:00,-0.0365575168035651,0.0397488700653579,1.06157915224023,0.06295189034001014
1970-01-02 15:27:00,-0.0389099346125565,0.0413398527950022,1.0614949295525828,0.06301197166659822
1970-01-02 15:28:00,-0.0417355058113366,0.042961743909961,1.0612606176857846,0.06294951081221467
1970-01-02 15:29:00,-0.0450175694304442,0.0446949729327105,1.060874249219856,0.06276921051593964
1970-01-02 15:30:00,-0.0487340759049164,0.0466183130377962,1.060336037122307,0.062478606318750574
1970-01-02 15:31:00,-0.0528577539641552,0.0488066592587081,1.059648413059599,0.06208793959909786
1970-01-02 15:32:00,-0.0573563495096602,0.0513288836591945,1.058816033765801,0.06161000300784436
1970-01-02 15:33:00,-0.0621929321486437,0.0542458162099876,1.057845755115986,0.06105994694100314
1970-01-02 15:34:00,-0.0673262640557772,0.0576083960392974,1.0567465738062964,0.060455031756309285
1970-01-02 15:35:00,-0.0727112249648207,0.0614560341676549,1.055529536949202,0.05981430908612362
1970-01-02 15:36:00,-0.0782992867332857,0.0658152255278872,1.054207620372009,0.059158217201113805
1970-01-02 15:37:00,-0.0840390315912646,0.070698444841271,1.0527955768935,0.0585080801110065
1970-01-02 15:38:00,-0.0898767096426135,0.0761033573934529,1.0513097563392004,0.05788550784890112
1970-01-02 15:39:00,-0.095756832696352,0.0820123711656531,1.0497678994612645,0.057311705587129946
1970-01-02 15:40:00,-0.1016228024657271,0.0883925503622574,1.0481889080490463,0.05680671075537003
1970-01-02 15:41:00,-0.1074175712978801,0.0951959019179255,1.0465925932244222,0.05638858880514386
1970-01-02 15:42:00,-0.1130843328909095,0.1023600366942654,1.0449994034430683,0.056072628493799126
1970-01-02 15:43:00,-0.1185672390933456,0.1098091968529748,1.0434301335606484,0.05587058559375846
1970-01-02 15:44:00,-0.1238121368677917,0.1174556310469829,1.0419056167953809,0.05579002875106598
1970-01-02 15:45:00,-0.1287673165062854,0.125201289864824,1.0404464025006948,0.055833841691335095
1970-01-02 15:46:00,-0.1333842580966162,0.1329398054258121,1.0390724241503428,0.05599993125203717
1970-01-02 15:47:00,-0.1376183587622097,0.1405587107502326,1.0378026635827742,0.056281180546009946
1970-01-02 15:48:00,-0.1414296194710105,0.1479418458417824,1.0366548190597846,0.05666567129563904
1970-01-02 15:49:00,-0.1447832679965806,0.1549718886580603,1.0356449857812224,0.05713718009528179
1970-01-02 15:50:00,-0.1476502942976285,0.1615329424789172,1.034787357958331,0.057675931986001405
1970-01-02 15:51:00,-0.1500078764937088,0.1675131091113427,1.0340939613048905,0.05825957380103142
1970-01-02 15:52:00,-0.1518396797880319,0.1728069803496922,1.0335744239426543,0.05886431172464235
1970-01-02 15:53:00,-0.1531360165280914,0.1773179863211746,1.0332357924629654,0.05946614417717955
1970-01-02 15:54:00,-0.153893862175928,0.1809605465216641,1.0330823985062787,0.06004211346357757
1970-01-02 15:55:00,-0.1541167284375798,0.1836619761025643,1.0331157799489672,0.06057149793390382
1970-01-02 15:56:00,-0.1538144004762263,0.1853641058700396,1.0333346597888982,0.06103687054687135
1970-01-02 15:57:00,-0.153002549605637,0.1860245799518587,1.0337349850668094,0.0614249591389715
1970-01-02 15:58:00,-0.1517022363024295,0.1856178015069395,1.03431002728986,0.06172725748554586
1970-01-02 15:59:00,-0.1499393212461198,0.1841355057650962,1.0350505443099136,0.06194035322863756
1970-01-02 16:00:00,-0.147743804453115,0.1815869517231696,1.0359450011738598,0.06206595757867195
1970-01-02 16:01:00,-0.1451491139545229,0.1779987378329482,1.0369798443814682,0.06211064094345642
1970-01-02 16:02:00,-0.142191365505052,0.173414260302279,1.0381398210114756,0.06208529698424714
1970-01-02 16:03:00,-0.138908613771113,0.1678928428095962,1.039408332055448,0.06200437399889669
1970-01-02 16:04:00,-0.1353401140537702,0.161508573436119,1.0407678082257936,0.0618849261594121
1970-01-02 16:05:00,-0.1315256122176218,0.1543488900182733,1.0422000961486395,0.06174554716811809
1970-01-02 16:06:00,-0.127504678741005,0.1465129594004515,1.0436868429395183,0.06160525455471633
1970-01-02 16:07:00,-0.1233161002087746,0.1381098979755219,1.0452098677605994,0.0614823937087412
1970-01-02 16:08:00,-0.1189973383004206,0.1292568795311593,1.0467515101680769,0.06139362701491047
1970-01-02 16:09:00,-0.1145840630038564,0.1200771724905993,1.0482949467096894,0.061353065734903955
1970-01-02 16:10:00,-0.1101097638596666,0.1106981436364535,1.0498244690326084,0.061371591329533626
1970-01-02 16:11:00,-0.1056054405721166,0.1012492605415796,1.051325718521721,0.06145639960568361
1970-01-02 16:12:00,-0.1010993722112682,0.0918601209015055,1.0527858741487626,0.061610786343434754
1970-01-02 16:13:00,-0.0966169624212102,0.0826585339872548,1.0541937917700734,0.06183417786158518
1970-01-02 16:14:00,-0.092180656543442,0.0737686773126233,1.0555400945696969,0.06212239522450447
1970-01-02 16:15:00,-0.0878099253830311,0.0653093500385814,1.0568172157027185,0.06246812733553653
1970-01-02 16:16:00,-0.0835213095093829,0.0573923435509641,1.0580193954452102,0.06286157677219761
1970-01-02 16:17:00,-0.079328517486014,0.0501209491436563,1.0591426363021192,0.06329123351158739
1970-01-02 16:18:00,-0.0752425712365441,0.0435886227767598,1.0601846205635437,0.06374472606980586
1970-01-02 16:19:00,-0.0712719918367267,0.0378778270238418,1.0611445957040662,0.06420969718959446
1970-01-02 16:20:00,-0.0674230192694827,0.0330590696218775,1.0620232336773068,0.0646746519393051
1970-01-02 16:21:00,-0.0636998599044165,0.0291901551806721,1.0628224703590674,0.06512972956887508
1970-01-02 16:22:00,-0.0601049554912031,0.0263156606824133,1.0635453309816418,0.06556735625890941
1970-01-02 16:23:00,-0.0566392671945495,0.0244666369635178,1.0641957465363387,0.06598274369647994
1970-01-02 16:24:00,-0.0533025676128286,0.0236605295695149,1.0647783652753804,0.0663742080208718
1970-01-02 16:25:00,-0.0500937329479563,0.0239013055216702,1.06529836299588,0.0667432946534059
1970-01-02 16:26:00,-0.0470110270176673,0.025179768757299,1.0657612556496314,0.0670947059468554
1970-01-02 16:27:00,-0.0440523691805765,0.0274740463488174,1.0661727176117273,0.06743603941068765
1970-01-02 16:28:00,-0.041215579470935,0.0307502293055842,1.066538408463983,0.0677773538160269
1970-01-02 16:29:00,-0.0384985957288635,0.0349631540623302,1.0668638105760353,0.06813058861353616
1970-01-02 16:30:00,-0.035899658869194,0.0400573118439027,1.06715407937227,0.06850886887286123
1970-01-02 16:31:00,-0.0334174638771103,0.0459678725824863,1.067413908028059,0.06892573327311702
1970-01-02 16:32:00,-0.0310512759754963,0.0526218087054484,1.0676474082966108,0.06939432621162211
1970-01-02 16:33:00,-0.0288010134497796,0.0599391024060002,1.067858009087059,0.06992659652162536
1970-01-02 16:34:00,-0.0266673001323136,0.0678340178699411,1.0680483743398366,0.07053254448741253
1970-01-02 16:35:00,-0.0246514909903323,0.0762164172798451,1.0682203418304903,0.07121955591347917
1970-01-02 16:36:00,-0.0227556736588307,0.084993096484714,1.0683748848129124,0.07199185707389177
1970-01-02 16:37:00,-0.0209826475618413,0.0940691134984712,1.0685120987151826,0.07285011754383319
1970-01-02 16:38:00,-0.0193358809554859,0.1033490812558484,1.0686312151449524,0.07379121940483868
1970-01-02 16:39:00,-0.0178194451535409,0.1127383966574028,1.068730644935615,0.07480820155549517
1970-01-02 16:40:00,-0.0164379246651347,0.1221443824654031,1.0688080506288686,0.0758903776055595
1970-01-02 16:41:00,-0.0151963022511225,0.1314773270040961,1.0688604468027878,0.07702361620240472
1970-01-02 16:42:00,-0.0140998189761944,0.1406514158294478,1.0688843247390811,0.0781907648198954
1970-01-02 16:43:00,-0.0131538108009339,0.1495855558055745,1.0688757968291511,0.07937219266173523
1970-01-02 16:44:00,-0.0123635246950164,0.1582040942946992,1.0688307559625982,0.0805464252340431
1970-01-02 16:45:00,-0.0117339185495271,0.166437436091895,1.068745045492156,0.08169084180342456
1970-01-02 16:46:00,-0.011269450367496,0.1742225602712019,1.0686146357855106,0.08278240696551675
1970-01-02 16:47:00,-0.0109738631340027,0.1815034391994034,1.0684358036655055,0.08379840868477473
1970-01-02 16:48:00,-0.0108499719615675,0.1882313627082216,1.0682053112041503,0.08471717727862882
1970-01-02 16:49:00,-0.0108994592272835,0.1943651714196961,1.0679205804593803,0.08551876273105252
1970-01-02 16:50:00,-0.0111226815985969,0.19987140405382,1.0675798609179556,0.08618555120291971
1970-01-02 16:51:00,-0.0115184907307472,0.2047243640778499,1.0671823866552794,0.08670280539945807
1970-01-02 16:52:00,-0.0120840678787338,0.2089061114098661,1.06672852048378,0.08705911729510074
1970-01-02 16:53:00,-0.0128147723161837,0.2124063850974493,1.0662198825637916,0.08724676536379139
1970-01-02 16:54:00,-0.0137040041736107,0.2152224627831158,1.0656594610800407,0.08726197174656258
1970-01-02 16:55:00,-0.014743083267686,0.2173589622577832,1.0650517026693007,0.08710505763555099
1970-01-02 16:56:00,-0.0159211459391806,0.2188275897204014,1.0644025803357264,0.08678049758735074
1970-01-02 16:57:00,-0.017225061943428,0.2196468388284833,1.0637196366130446,0.08629687557430099
1970-01-02 16:58:00,-0.0186393737739976,0.2198416443236392,1.0630119997439893,0.08566674741069757
1970-01-02 16:59:00,-0.0201462619231614,0.2194429938084495,1.062290370681514,0.08490641579988845
1970-01-02 17:00:00,-0.0217255412280381,0.2184875010029089,1.061566978820176,0.08403562568651002
1970-01-02 17:01:00,-0.0233546949654012,0.2170169434698933,1.0608555045855317,0.0830771889110049
1970-01-02 17:02:00,-0.0250089542772018,0.2150777673528896,1.0601709673641069,0.08205654835839749
1970-01-02 17:03:00,-0.0266614307072074,0.2127205611393188,1.0595295777315137,0.08100129283303903
1970-01-02 17:04:00,-0.0282833090825067,0.209999499968341,1.0589485534916494,0.07994063471177282
1970-01-02 17:05:00,-0.0298441065773152,0.2069717617718575,1.0584458996171096,0.07890486294418797
1970-01-02 17:06:00,-0.0313120014592788,0.2036969167854536,1.058040152726348,0.07792478407562364
1970-01-02 17:07:00,-0.0326542319477872,0.2002362926841589,1.0577500912329136,0.07703116355806205
1970-01-02 17:08:00,-0.0338375624929144,0.19665231861298,1.057594412747822,0.07625417858735095
1970-01-02 17:09:00,-0.0348288124606009,0.193007852670511,1.0575913806433777,0.07562289199378003
1970-01-02 17:10:00,-0.035595441040367,0.1893654990124975,1.0577584418618962,0.07516475433731395
1970-01-02 17:11:00,-0.0361061818064325,0.1857869223119518,1.0581118182254798,0.07490513848209757
1970-01-02 17:12:00,-0.0363317201373886,0.1823321681762492,1.0586660739206195,0.07486690781254035
1970-01-02 17:13:00,-0.0362454062668894,0.1790589980187854,1.0594336625856668,0.07507001616946973
1970-01-02 17:14:00,-0.0358239960358252,0.1760222461699679,1.0604244584066236,0.07553113475420914
1970-01-02 17:15:00,-0.0350484105024786,0.173273206173889,1.0616452766760367,0.07626329889347616
1970-01-02 17:16:00,-0.0339045045140859,0.1708590525042914,1.0630993903093031,0.07727556591849871
1970-01-02 17:17:00,-0.0323838332149435,0.1688223034096199,1.064786049810861,0.07857267472064233
1970-01-02 17:18:00,-0.0304844043060645,0.1672003302611215,1.0667000151219028,0.08015469799764863
1970-01-02 17:19:00,-0.0282114026985864,0.1660249186093253,1.0688311086471156,0.08201667993302086
1970-01-02 17:20:00,-0.0255778730211682,0.1653218861211336,1.0711637995377472,0.08414825511047108
1970-01-02 17:21:00,-0.0226053442572232,0.165110762638011,1.0736768299891029,0.08653324881631774
1970-01-02 17:22:00,-0.0193243796278298,0.165404537741289,1.0763428948774585,0.08914926438326054
1970-01-02 17:23:00,-0.0157750337458852,0.1662094814142433,1.079128386479486,0.0919672696136522
1970-01-02 17:24:00,-0.0120071981205254,0.1675250435522236,1.0819932161560368,0.09495120111882804
1970-01-02 17:25:00,-0.0080808155038527,0.1693438378981431,1.0848907244292885,0.09805761186104722
1970-01-02 17:26:00,-0.0040659438784307,0.1716517151770705,1.0877676894833084,0.10123539241467716
1970-01-02 17:27:00,-4.265279897317646e-05,0.1744279289562805,1.0905644417865206,0.10442559998778722
1970-01-02 17:28:00,0.003899261408839,0.1776453966657082,1.0932150898317177,0.1075614311774411
1970-01-02 17:29:00,0.0076607500200531,0.1812710574980234,1.0956478595967616,0.11056837502978012
1970-01-02 17:30:00,0.0111341789012159,0.1852663281329797,1.097785548500754,0.11336458214584066
1970-01-02 17:31:00,0.0142041861239082,0.1895876560002193,1.0995460931718757,0.11586148298999688
1970-01-02 17:32:00,0.0167487238038947,0.1941871682075741,1.100843248979839,0.11796468408891325
1970-01-02 17:33:00,0.0186402742675144,0.1990134125858111,1.1015873778908207,0.11957516466836315
1970-01-02 17:34:00,0.0197472281417892,0.2040121855786036,1.1016863397613048,0.12059078887009589
1970-01-02 17:35:00,0.0199354102095811,0.2091274397449145,1.1010464807150788,0.1209081404511021
1970-01-02 17:36:00,0.0190697374681746,0.2143022611935085,1.0995737107675965,0.12042467816938851
1970-01-02 17:37:00,0.0170159925673551,0.2194799042027302,1.0971746613985265,0.11904120119272776
1970-01-02 17:38:00,0.0136426946972441,0.2246048666764476,1.0937579123336931,0.11666460499377607
1970-01-02 17:39:00,0.0088230489968561,0.2296239863626717,1.089235275333582,0.11321089930781292
1970-01-02 17:40:00,0.0024369543010659,0.2344875348383039,1.0835231211305782,0.10860845061065638
1970-01-02 17:41:00,-0.0056269529984855,0.239150285481269,1.0765437335269918,0.10280140181360586
1970-01-02 17:42:00,-0.0154692443284611,0.2435725337561982,1.0682266719117397,0.09575321094858746
1970-01-02 17:43:00,-0.0271776628673525,0.2477210519556301,1.0585101204356129,0.08745023794450058
1970-01-02 17:44:00,-0.0408251395185846,0.2515699634274863,1.047342199583878,0.07790529340235386
1970-01-02 17:45:00,-0.0564678980431799,0.2551015216312989,1.0346822144391852,0.06716104441869275
1970-01-02 17:46:00,-0.0741436891487472,0.2583067778636876,1.0205018134092607,0.05529314851490241
1970-01-02 17:47:00,-0.0938701948794714,0.2611861199139999,1.004786031189629,0.042412956172478866
1970-01-02 17:48:00,-0.1156436449682554,0.2637496626938484,0.9875341902016552,0.028669584468162368
1970-01-02 17:49:00,-0.1394376857605212,0.2660174700397481,0.9687606360808144,0.014251119100344933
1970-01-02 17:50:00,-0.1652025399671261,0.2680195841328575,0.9484952851844276,0.0
1970-01-02 17:51:00,-0.1928644923648074,0.269795837268909,0.9267839650842228,0.0
1970-01-02 17:52:00,-0.222325733299451,0.2713954229182582,0.903688531883408,0.0
1970-01-02 17:53:00,-0.253464588583954,0.2728762102078472,0.8792867507613884,0.0
1970-01-02 17:54:00,-0.286136160364464,0.2743037964479674,0.8536719290310608,0.0
1970-01-02 17:55:00,-0.3201733974056563,0.2757503033695528,0.8269522951650902,0.0
1970-01-02 17:56:00,-0.3553886036226668,0.2772929328809315,0.799250123312875,0.0
1970-01-02 17:57:00,-0.3915753797220961,0.279012307971131,0.7707006107346039,0.0
1970-01-02 17:58:00,-0.4285109746149967,0.2809906350120281,0.7414505249786657,0.0
1970-01-02 17:59:00,-0.4659590017539718,0.2833097346486865,0.7116566484228402,0.0
1970-01-02 18:00:00,-0.5036724523643494,0.2860489968955367,0.6814840599087056,0.0
1970-01-02 18:01:00,-0.5413969158782228,0.2892833188433162,0.6511043052970923,0.0
1970-01-02 18:02:00,-0.5788739029967174,0.2930810803341465,0.6206935173703846,0.0
1970-01-02 18:03:00,-0.6158441636712325,0.2975022072122661,0.5904305466334304,0.0
1970-01-02 18:04:00,-0.6520509015878807,0.3025963662699431,0.5604951573067285,0.0
1970-01-02 18:05:00,-0.6872428041125993,0.30840133111483,0.5310663303383995,0.0
1970-01-02 18:06:00,-0.7211768264190018,0.3149415530182446,0.5023207018857403,0.0
1970-01-02 18:07:00,-0.7536206871539619,0.3222269652420153,0.474431153888654,0.0
1970-01-02 18:08:00,-0.7843550493841872,0.3302520438637857,0.447565563577382,0.0
1970-01-02 18:09:00,-0.8131753746565288,0.3389951429355725,0.4218857108246836,0.0
1970-01-02 18:10:00,-0.8398934499620367,0.3484181166758751,0.3975463359541467,0.0
1970-01-02 18:11:00,-0.8643385973931195,0.3584662360085288,0.3746943357807242,0.007955901102714602
1970-01-02 18:12:00,-0.8863585844424927,0.3690684011906365,0.353468082092722,0.023123995432918765
1970-01-02 18:13:00,-0.9058202592464928,0.380137647029172,0.3339968442793577,0.037578365589235
1970-01-02 18:14:00,-0.9226099396180544,0.391571932863794,0.3164002962137394,0.05102180126430267
1970-01-02 18:15:00,-0.936633587493716,0.403255206292899,0.3007880867712216,0.06318893512261914
1970-01-02 18:16:00,-0.9478168016050544,0.415058727184418,0.2872594535185556,0.07384748919600459
1970-01-02 18:17:00,-0.9561046610394196,0.4268426362274129,0.2759028601490334,0.08279875655695501
1970-01-02 18:18:00,-0.9614614511177834,0.4384577497373522,0.2667956401012813,0.08987762334461591
1970-01-02 18:19:00,-0.9638703008447956,0.4497475595862655,0.2600036313980148,0.09495237912184695
1970-01-02 18:20:00,-0.963332758194119,0.4605504141041465,0.255580790999779,0.09792450909407369
1970-01-02 18:21:00,-0.9598683258269404,0.4707018526281277,0.2535687808133673,0.09872861234999375
1970-01-02 18:22:00,-0.9535139756943348,0.4800370629864785,0.2539965218352295,0.09733254612696829
1970-01-02 18:23:00,-0.9443236565454782,0.4883934275082255,0.2568797176443934,0.09373785601565343
1970-01-02 18:24:00,-0.9323678037830094,0.49561311923785,0.2622203534836318,0.08798051419724628
1970-01-02 18:25:00,-0.9177328563313102,0.5015457064153691,0.2700061823645903,0.08013195014721108
1970-01-02 18:26:00,-0.9005207800256768,0.5060507208318782,0.2802102148172083,0.07030031850897944
1970-01-02 18:27:00,-0.8808485913993838,0.5090001450990613,0.292790233767869,0.058631904710502836
1970-01-02 18:28:00,-0.8588478698604893,0.5102807752103153,0.3076883601969939,0.04531251791694113
1970-01-02 18:29:00,-0.8346642405744201,0.5097964174646856,0.324830698425278,0.03056866068833841
1970-01-02 18:30:00,-0.8084568054050065,0.5074698821691628,0.3441270920526252,0.014668193548535546
1970-01-02 18:31:00,-0.7803974954524663,0.5032447399628249,0.3654710227770987,0.0
1970-01-02 18:32:00,-0.7506703164163103,0.4970868097642145,0.3887396845437709,0.0
1970-01-02 18:33:00,-0.71947045743843,0.4889853501420678,0.4137942646109647,0.0
1970-01-02 18:34:00,-0.6870032352916547,0.4789539286076191,0.4404804610253889,0.0
1970-01-02 18:35:00,-0.6534828486430636,0.4670309464895944,0.4686292624909041,0.0
1970-01-02 18:36:00,-0.6191309215245652,0.4532798012145114,0.4980580115105436,0.0
1970-01-02 18:37:00,-0.5841748211975059,0.4377886730761372,0.5285717648482444,0.0
1970-01-02 18:38:00,-0.5488457436255657,0.420669929618841,0.5599649567547033,0.0
1970-01-02 18:39:00,-0.5133765700774467,0.4020591472511449,0.5920233600171043,0.0
1970-01-02 18:40:00,-0.4779995110952533,0.382113756613484,0.6245263276771102,0.0
1970-01-02 18:41:00,-0.4429435691585102,0.3610113257605346,0.6572492841477064,0.0
1970-01-02 18:42:00,-0.4084318686288734,0.3389475036101884,0.689966418510656,0.0
1970-01-02 18:43:00,-0.3746789199223259,0.3161336550918125,0.7224535158358374,0.0
1970-01-02 18:44:00,-0.3418879012198152,0.2927942274088896,0.7544908472100597,0.0
1970-01-02 18:45:00,-0.3102480503600383,0.2691638910656599,0.7858660304212599,0.0
1970-01-02 18:46:00,-0.2799322580073966,0.2454844983011666,0.8163767744494433,0.0
1970-01-02 18:47:00,-0.2510949414466484,0.2220018974383467,0.8458334313113199,0.0
1970-01-02 18:48:00,-0.2238702609314078,0.1989626386952378,0.8740612940432994,0.0
1970-01-02 18:49:00,-0.1983707219411783,0.1766106080309365,0.9009025953894848,0.0
1970-01-02 18:50:00,-0.1746861893045837,0.1551836305878943,0.9262181759932514,0.0
1970-01-02 18:51:00,-0.1528833235725841,0.1349100926828932,0.949888803186846,0.0
1970-01-02 18:52:00,-0.1330054364753176,0.1160056389313428,0.971816132050794,0.0
1970-01-02 18:53:00,-0.1150727510640028,0.0986700063510041,0.9919233095699876,0.0034387675683169583
1970-01-02 18:54:00,-0.0990830434160902,0.0830840580235872,1.0101552306470791,0.01839776128677517
1970-01-02 18:55:00,-0.0850126362297773,0.0694070746797096,1.0264784614634774,0.03232868902436259
1970-01-02 18:56:00,-0.0728177094810206,0.0577743547096197,1.0408808510771088,0.04502308157053725
1970-01-02 18:57:00,-0.0624358889747811,0.0482951634695251,1.053370856160207,0.05632420385708614
1970-01-02 18:58:00,-0.0537880699716352,0.0410510630996098,1.0639766066293967,0.0661259614639762
1970-01-02 18:59:00,-0.0467804301407722,0.0360946457547384,1.0727447419921357,0.07437075237931223
1970-01-02 19:00:00,-0.0413065838216655,0.0334486867220428,1.079739049772144,0.08104646713880803
1970-01-02 19:01:00,-0.0372498279577826,0.0331057289855545,1.085038938377284,0.08618278239412969
1970-01-02 19:02:00,-0.0344854292110759,0.0350281066697865,1.088737777162365,0.08984685185818164
1970-01-02 19:03:00,-0.0328829018180326,0.0391484108181314,1.0909411362031065,0.09213847380342965
1970-01-02 19:04:00,-0.0323082270047626,0.0453703965307201,1.091764957428364,0.09318480445078636
1970-01-02 19:05:00,-0.0326259679165502,0.0535703252107276,1.091333687221292,0.0931346899580563
1970-01-02 19:06:00,-0.0337012396985263,0.0635987297718607,1.0897783984314402,0.09215270437499101
1970-01-02 19:07:00,-0.0354015023757557,0.0752825846161944,1.0872349271151232,0.09041300462530355
1970-01-02 19:08:00,-0.0375981533727343,0.0884278559899062,1.0838420464792,0.08809314333297391
1970-01-02 19:09:00,-0.040167905884791,0.1028224015218398,1.0797396975940774,0.08536801200258215
1970-01-02 19:10:00,-0.042993948628282,0.1182391800811484,1.075067293522647,0.08240411535018799
1970-01-02 19:11:00,-0.0459668913758508,0.134439724735863,1.0699621107480453,0.07935439644549835
1970-01-02 19:12:00,-0.0489855079157918,0.1511778229836646,1.0645577795176489,0.07635383591056866
1970-01-02 19:13:00,-0.0519572925904697,0.168203339947393,1.0589828831608306,0.07351603185533073
1970-01-02 19:14:00,-0.0547988485307336,0.185266112384204,1.0533596753455057,0.07093092767098663
1970-01-02 19:15:00,-0.0574361260721068,0.2021198355355754,1.0478029231096089,0.0686637928610383
1970-01-02 19:16:00,-0.0598045293807246,0.2185258633481018,1.042418882015275,0.06675548288652311
1970-01-02 19:17:00,-0.0618489083934373,0.234256846833287,1.037304407946822,0.06522391660328442
1970-01-02 19:18:00,-0.0635234520092145,0.2491001441630326,1.032546208115915,0.06406662510942662
1970-01-02 19:19:00,-0.0647914971912155,0.2628609467222386,1.0282202319925562,0.06326415386714568
1970-01-02 19:20:00,-0.0656252672345376,0.2753650755836344,1.024391201355072,0.06278404860275955
1970-01-02 19:21:00,-0.0660055508653254,0.286461412130414,1.0211122775130297,0.06258512914148784
1970-01-02 19:22:00,-0.0659213320721888,0.2960239352072842,1.0184248628828796,0.06262175470662679
1970-01-02 19:23:00,-0.0653693786891853,0.3039533457033798,1.0163585332857834,0.06284780670485346
1970-01-02 19:24:00,-0.0643537958664558,0.3101782676543868,1.0149310965251217,0.06322015568798545
1970-01-02 19:25:00,-0.0628855488806917,0.3146560215008724,1.01414877219017,0.06370143191574806
1970-01-02 19:26:00,-0.0609819584520537,0.3173729688136353,1.014006487488803,0.06426197773838038
1970-01-02 19:27:00,-0.0586661709357232,0.3183444294473261,1.014488284171491,0.06488092014723357
1970-01-02 19:28:00,-0.0559666054060041,0.3176141743531743,1.0155678318744237,0.06554636023442817
1970-01-02 19:29:00,-0.0529163796289772,0.3152535018599738,1.0172090431848866,0.0662547309180519
1970-01-02 19:30:00,-0.0495527171157023,0.311359911654407,1.0193667854310622,0.06700942338811888
1970-01-02 19:31:00,-0.045916337815751,0.3060553976092964,1.0219876837265651,0.0678188246013387
1970-01-02 19:32:00,-0.0420508354990315,0.2994843866599788,1.0250110091538658,0.06869394098867088
1970-01-02 19:33:00,-0.0380020453679169,0.291811354796476,1.028369645067066,0.06964580545882737
1970-01-02 19:34:00,-0.033817405879164,0.2832181528169662,1.0319911232514165,0.07068287438212573
1970-01-02 19:35:00,-0.0295453192812552,0.2739010760343046,1.035798720048754,0.07180861808385286
1970-01-02 19:36:00,-0.0252345162842305,0.2640677165810938,1.03971260056305,0.0730194926104708
1970-01-02 19:37:00,-0.0209334316908581,0.2539336448704502,1.0436509968488314,0.07430345237419189
1970-01-02 19:38:00,-0.0166895993077881,0.2437189756597242,1.0475314039494736,0.07563912353634428
1970-01-02 19:39:00,-0.0125490751816246,0.2336448805131471,1.0512717763924608,0.07699570905239783
1970-01-02 19:40:00,-0.0085558975974518,0.2239301100028687,1.0547917077081397,0.07833364233870066
1970-01-02 19:41:00,-0.0047515905635703,0.2147875858475886,1.0580135766201535,0.0796059526325743
1970-01-02 19:42:00,-0.0011747154305982,0.2064211173070629,1.0608636452207247,0.08076025619822036
1970-01-02 19:43:00,0.0021395265584573,0.1990222897153432,1.0632730961607726,0.08174124743246614
1970-01-02 19:44:00,0.0051596394600611,0.1927675673476521,1.0651789973980137,0.08249353503765877
1970-01-02 19:45:00,0.0078581253424898,0.1878156481268324,1.066525184329195,0.08296465160393107
1970-01-02 19:46:00,0.010211724967744,0.1843051036004865,1.067263050246305,0.08310805968797474
1970-01-02 19:47:00,0.012201607031073,0.1823523337003721,1.0673522370607875,0.08288598235399669
1970-01-02 19:48:00,0.0138135062346366,0.1820498617966374,1.0667612191745055,0.08227189923297318
1970-01-02 19:49:00,0.0150378099664503,0.1834649914171021,1.065467774275454,0.08125256847036155
1970-01-02 19:50:00,0.0158695929089227,0.1866388417076566,1.0634593357332445,0.07982945874395564
1970-01-02 19:51:00,0.0163085986793042,0.1915857742750721,1.0607332221957126,0.07801950259035695
1970-01-02 19:52:00,0.0163591677226852,0.1982932194772975,1.0572967409779488,0.07585511187233873
1970-01-02 19:53:00,0.016030111181565,0.2067219054498256,1.0531671629277644,0.07338342810321796
1970-01-02 19:54:00,0.0153345312853951,0.2168064880416731,1.0483715676869665,0.0706648145153248
1970-01-02 19:55:00,0.0142895897858727,0.2284565741959365,1.0429465596839589,0.06777063315404841
1970-01-02 19:56:00,0.0129162269328971,0.2415581249966767,1.0369378568282812,0.06478038843402878
1970-01-02 19:57:00,0.0112388343171274,0.2559752175689717,1.030399755769498,0.06177835733081838
1970-01-02 19:58:00,0.0092848855892993,0.2715521373740051,1.0233944797494958,0.05884986357582256
1970-01-02 19:59:00,0.0070845296721578,0.2881157646286405,1.0159914174278222,0.056077385741791774
1970-01-02 20:00:00,0.0046701516327795,0.3054782117833753,1.008266263149901,0.05353671298009699
1970-01-02 20:01:00,0.0020759067912231,0.3234396652356345,1.0003000700504137,0.051293373221579674
1970-01-02 20:02:00,-0.0006627662009237,0.3417913851092026,0.9921782265300364,0.04939955374213523
1970-01-02 20:03:00,-0.003509647550841,0.3603188204289879,0.9839893648758318,0.04789171204376408
1970-01-02 20:04:00,-0.006428247722491,0.3788047993358008,0.975824210088188,0.04678903670360146
1970-01-02 20:05:00,-0.0093823210755762,0.3970327521819708,0.9677743785582243,0.04609286492534337
1970-01-02 20:06:00,-0.0123363733654481,0.4147899197089456,0.9599311397330834,0.045787099092937655
1970-01-02 20:07:00,-0.0152561533139706,0.4318704916323942,0.95238415807925,0.045839593970828485
1970-01-02 20:08:00,-0.0181091176935333,0.4480786161839479,0.945220236228394,0.046204416641710155
1970-01-02 20:09:00,-0.0208648596683544,0.4632312209329064,0.9385220823182884,0.04682482078666217
1970-01-02 20:10:00,-0.0234954914766612,0.4771605896874487,0.9323671250699458,0.047636732069756826
1970-01-02 20:11:00,-0.0259759744695408,0.4897166478334294,0.926826399238138,0.04857251572773236
1970-01-02 20:12:00,-0.0282843915107436,0.500768917492616,0.921963521804416,0.049564791267247665
1970-01-02 20:13:00,-0.030402158479036,0.5102081132883497,0.9178337760164504,0.0505500704402706
1970-01-02 20:14:00,-0.0323141731220536,0.5179473583932542,0.9144833170237544,0.0514720200584895
1970-01-02 20:15:00,-0.0340089009271806,0.5239230083729374,0.911948510182798,0.05228418655297129
1970-01-02 20:16:00,-0.0354783989404899,0.5280950769727775,0.9102554113949752,0.05295206020411958
1970-01-02 20:17:00,-0.0367182793268827,0.5304472630759236,0.9094193984138946,0.05345440012985625
1970-01-02 20:18:00,-0.03772761482288,0.5309865812539319,0.9094449631911528,0.05378378402104822
1970-01-02 20:19:00,-0.0385087883358652,0.529742600322218,0.9103256773602868,0.05394638774308946
1970-01-02 20:20:00,-0.0390672892218084,0.5267662972648899,0.9120443438082833,0.0539610382238922
1970-01-02 20:21:00,-0.0394114595416992,0.5221285403116819,0.9145733445313148,0.05385761764975139
1970-01-02 20:22:00,-0.0395521948139536,0.5159182252010802,0.9178751883000178,0.05367492734050883
1970-01-02 20:23:00,-0.0395026051074,0.5082401002450536,0.921903253634456,0.053458145523195055
1970-01-02 20:24:00,-0.039277643608847,0.4992123267202487,0.9266027153538952,0.05325603370601195
1970-01-02 20:25:00,-0.0388937113946465,0.4889638327370357,0.9319116352806878,0.053118059137942764
1970-01-02 20:26:00,-0.0383682493122312,0.4776315328232665,0.937762187617998,0.053091602961718554
1970-01-02 20:27:00,-0.0377193300824549,0.4653574993455798,0.9440819788541828,0.05321941344444947
1970-01-02 20:28:00,-0.0369652647996478,0.45228617962397,0.9507954152356518,0.05353744153384965
1970-01-02 20:29:00,-0.0361242371490775,0.4385617504672412,0.9578250704223112,0.05407316397487283
1970-01-02 20:30:00,-0.0352139760508594,0.4243256911531514,0.9650930107089843,0.05484446038325563
1970-01-02 20:31:00,-0.0342514738456459,0.4097146405962045,0.9725220424198988,0.055859068802293965
1970-01-02 20:32:00,-0.0332527532775667,0.3948585878633918,0.9800368538033382,0.057114603447874224
1970-01-02 20:33:00,-0.0322326828384929,0.3798794286028887,0.9875650311928328,0.058599082256131974
1970-01-02 20:34:00,-0.0312048368733781,0.3648899033193265,0.9950379361194728,0.06029188325931334
1970-01-02 20:35:00,-0.0301813946148006,0.3499929167273746,1.002391436304304,0.06216502951115599
1970-01-02 20:36:00,-0.0291730712005958,0.3352812216907995,1.0095664889118523,0.0641846931973582
1970-01-02 20:37:00,-0.0281890734152811,0.32083743847149,1.0165095790728735,0.06631281063854333
1970-01-02 20:38:00,-0.0272370727554426,0.3067343714393581,1.0231730205373086,0.06850870970246326
1970-01-02 20:39:00,-0.026323187982542,0.2930355802939984,1.0295151284919304,0.07073066703889674
1970-01-02 20:40:00,-0.0254519687207783,0.2797961591700342,1.0355002770858128,0.07293733146109793
1970-01-02 20:41:00,-0.024626371904821,0.2670636735975356,1.041098855786622,0.0750889690945673
1970-01-02 20:42:00,-0.0238477254030871,0.2548792032692273,1.0462871389059254,0.07714850383129823
1970-01-02 20:43:00,-0.0231156781947799,0.2432784396743494,1.0510470814832116,0.07908234221637023
1970-01-02 20:44:00,-0.0224281423213286,0.2322927916272603,1.05536605301501,0.0808609848016777
1970-01-02 20:45:00,-0.0217812361466888,0.2219504564442204,1.059236519272148,0.08245943624860663
1970-01-02 20:46:00,-0.0211692403157065,0.2122774185662293,1.062655682003476,0.08385743419647174
1970-01-02 20:47:00,-0.020584577759561,0.2032983410314521,1.0656250863048755,0.08503952226172551
1970-01-02 20:48:00,-0.0200178280048775,0.1950373192055104,1.0681502053640983,0.08599499563316138
1970-01-02 20:49:00,-0.0194577843298483,0.1875184710004633,1.0702400119785238,0.0867177488093076
1970-01-02 20:50:00,-0.0188915601580432,0.1807663433728432,1.0719065457130037,0.08720605438158646
1970-01-02 20:51:00,-0.0183047486831648,0.1748061209337613,1.0731644839010206,0.08746229968988195
1970-01-02 20:52:00,-0.0176816372793402,0.1696636288566987,1.07403072394069,0.0874927049053087
1970-01-02 20:53:00,-0.0170054758704616,0.1653651288708739,1.0745239835123397,0.08730704182364635
1970-01-02 20:54:00,-0.0162587960565071,0.1619369139945535,1.0746644244507693,0.08691836756188343
1970-01-02 20:55:00,-0.0154237752441099,0.1594047149247399,1.0744733050251127,0.08634278162769937
1970-01-02 20:56:00,-0.0144826371130411,0.1577929389000235,1.0739726642619971,0.08559920869834237
1970-01-02 20:57:00,-0.0134180765574639,0.1571237705374539,1.0731850406254917,0.084709203182469
1970-01-02 20:58:00,-0.0122136943839834,0.157416173226171,1.072133225797326,0.08369676560477801
1970-01-02 20:59:00,-0.0108544254642737,0.1586848377523401,1.0708400525569817,0.08258815550738663
1970-01-02 21:00:00,-0.0093269443706755,0.1609391297635312,1.0693282140891525,0.08141168147354172
1970-01-02 21:01:00,-0.0076200346678231,0.1641820879048073,1.0676201107330334,0.08019744665442308
1970-01-02 21:02:00,-0.0057249112002345,0.1684095203942029,1.0657377193734892,0.07897702832964071
1970-01-02 21:03:00,-0.0036354877512722,0.1736092414314582,1.063702480347421,0.07778307287637976
1970-01-02 21:04:00,-0.0013485843367893,0.179760481959597,1.061535196840448,0.07664879310067896
1970-01-02 21:05:00,0.0011359310262806,0.1868335025726339,1.0592559421875427,0.07560736288037462
1970-01-02 21:06:00,0.0038150709924477,0.19478942970803,1.0568839711320983,0.07469121385103494
1970-01-02 21:07:00,0.0066827317590797,0.2035803295400662,1.0544376318272926,0.07393124961188957
1970-01-02 21:08:00,0.0097297714828829,0.2131495270111063,1.0519342761537154,0.0733560036936527
1970-01-02 21:09:00,0.0129441625205876,0.2234321697687797,1.049390166820283,0.07299077724370284
1970-01-02 21:10:00,0.0163112127290927,0.2343560278861211,1.0468203807616143,0.07285679987831806
1970-01-02 21:11:00,0.0198138482841519,0.2458425099080996,1.044238709557639,0.07297046128975282
1970-01-02 21:12:00,0.0234329479113394,0.2578078645567271,1.041657558917488,0.07334266109432863
1970-01-02 21:13:00,0.0271477161861528,0.2701645269936035,1.0390878505039065,0.07397831970884305
1970-01-02 21:14:00,0.0309360822596065,0.2828225612042095,1.0365389302611012,0.07487608414110225
1970-01-02 21:15:00,0.0347751106362011,0.2956911474445932,1.0340184877930203,0.07602825060247587
1970-01-02 21:16:00,0.0386414123200819,0.3086800655289146,1.0315324913056203,0.07742091228089931
1970-01-02 21:17:00,0.0425115468886787,0.3217011293901231,1.029085142368892,0.07903432684699685
1970-01-02 21:18:00,0.046362408171716,0.3346695342183594,1.0266788543728222,0.08084348545092546
1970-01-02 21:19:00,0.0501715881070472,0.3475050837287189,1.0243142580493845,0.08281885406274125
1970-01-02 21:20:00,0.0539177150327577,0.3601332714144882,1.0219902368071838,0.08492724977449928
1970-01-02 21:21:00,0.0575807639111215,0.3724861958952898,1.0197039938863568,0.08713280957430403
1970-01-02 21:22:00,0.0611423364589143,0.3845032965684381,1.0174511525232055,0.08939800722713387
1970-01-02 21:23:00,0.0645859088296389,0.3961319014495912,1.0152258895186324,0.09168467503868416
1970-01-02 21:24:00,0.0678970435174721,0.4073275839946387,1.0130211019642246,0.09395499095078619
1970-01-02 21:25:00,0.0710635607140479,0.4180543297084783,1.0108286064327436,0.09617239694863988
1970-01-02 21:26:00,0.0740756627376321,0.4282845167568072,1.008639369551403,0.09830242142712375
1970-01-02 21:27:00,0.0769260040238286,0.4379987181442262,1.0064437682954377,0.10031338532791656
1970-01-02 21:28:00,0.0796096993849274,0.447185336708936,1.0042318773700205,0.10217697904182299
1970-01-02 21:29:00,0.0821242652495965,0.455840088148488,1.0019937797177734,0.10386870392230829
1970-01-02 21:30:00,0.0844694920453041,0.4639653510806779,0.9997198947236589,0.10536817847995428
1970-01-02 21:31:00,0.0866472499994333,0.4715694062829175,0.9974013173421024,0.1066593146539041
1970-01-02 21:32:00,0.0886612346220568,0.4786655893797569,0.9950301603553988,0.1077303737813946
1970-01-02 21:33:00,0.0905166613744811,0.4852713820349175,0.9925998914896303,0.10857391489863555
1970-01-02 21:34:00,0.092219921221216,0.4914074659820877,0.9901056572792372,0.10918664978863424
1970-01-02 21:35:00,0.0937782099802504,0.4970967622376368,0.9875445862859464,0.10956921983124723
1970-01-02 21:36:00,0.0951991448395013,0.5023634752722922,0.9849160652253404,0.10972590940501803
1970-01-02 21:37:00,0.096490381228639,0.5072321596559317,0.9822219823322044,0.10966430961596396
1970-01-02 21:38:00,0.0976592425552189,0.5117268252749932,0.9794669326470788,0.10939494478366885
1970-01-02 21:39:00,0.0987123743550809,0.5158700965284324,0.9766583798944548,0.10893087267021873
1970-01-02 21:40:00,0.0996554333208395,0.5196824404402836,0.973806769521338,0.1082872681114393
1970-01-02 21:41:00,0.1004928204224193,0.5231814780372206,0.97092558749852,0.10748099865280292
1970-01-02 21:42:00,0.101227465918725,0.526381392438682,0.9680313597706586,0.10653020006750946
1970-01-02 21:43:00,0.1018606726664808,0.5292924456796788,0.9651435878556224,0.10545385922184347
1970-01-02 21:44:00,0.1023920228658316,0.531920614324153,0.9622846170220146,0.10427141158627595
1970-01-02 21:45:00,0.1028193520415386,0.5342673518980567,0.9594794345075768,0.10300236069619673
1970-01-02 21:46:00,0.1031387923541081,0.5363294846392749,0.956755396141414,0.10166592696125809
1970-01-02 21:47:00,0.1033448851604789,0.538099245960102,0.9541418805460444,0.10028073326928921
1970-01-02 21:48:00,0.1034307601708312,0.5395644535265826,0.9516698712070046,0.09886453460929956
1970-01-02 21:49:00,0.1033883757547562,0.5407088300629502,0.9493714685226584,0.09743399819493481
1970-01-02 21:50:00,0.1032088121968453,0.5415124646038177,0.9472793365944084,0.09600453912158913
1970-01-02 21:51:00,0.1028826072213011,0.5419524054850472,0.94542609272646,0.09459021441254567
1970-01-02 21:52:00,0.1024001209972301,0.5420033709656854,0.943843650862764,0.09320367553002895
1970-01-02 21:53:00,0.1017519161783857,0.5416385592382553,0.9425625327583356,0.09185617617865538
1970-01-02 21:54:00,0.1009291375821264,0.5408305377598179,0.9416111616545728,0.0905576285273142
1970-01-02 21:55:00,0.0999238762542169,0.5395521925117238,0.9410151522203136,0.08931669692431332
1970-01-02 21:56:00,0.0987295040291687,0.5377777196288879,0.940796608558913,0.08814091429880766
1970-01-02 21:57:00,0.0973409669384793,0.5354836426513915,0.9409734410562428,0.087036803500667
1970-01-02 21:58:00,0.0957550284170204,0.5326498372671861,0.941558713767919,0.08600998433725371
1970-01-02 21:59:00,0.0939704559189799,0.5292605423700336,0.942560036440484,0.08506524715803598
1970-01-02 22:00:00,0.0919881472646297,0.5253053326814943,0.9439790181980784,0.08420657560217859
1970-01-02 22:01:00,0.0898111958293574,0.5207800247224716,0.9458108028923432,0.08343710473386334
1970-01-02 22:02:00,0.0874448964058419,0.5156874850120188,0.9480437087725956,0.08275900635771549
1970-01-02 22:03:00,0.0848966957872427,0.5100383082040125,0.9506589965432714,0.0821733005853833
1970-01-02 22:04:00,0.0821760933276819,0.5038513355292223,0.9536307881540852,0.08167960078045411
1970-01-02 22:05:00,0.0792944968544923,0.4971539919763405,0.956926152028546,0.08127580635357701
1970-01-02 22:06:00,0.0762650389691315,0.4899824329977459,0.9605053593774584,0.08095776337846528
1970-01-02 22:07:00,0.0731023589560225,0.4823815038011773,0.964322304445625,0.08071891671504527
1970-01-02 22:08:00,0.0698223567068814,0.4744045217327809,0.9683250734421548,0.0805499801459284
1970-01-02 22:09:00,0.0664419267462008,0.4661128935556772,0.97245664415099,0.08043865347459622
1970-01-02 22:10:00,0.0629786815106678,0.4575755772589547,0.9766556989995184,0.0803694171980831
1970-01-02 22:11:00,0.0594506727588073,0.4488683960178405,0.9808575358857272,0.08032343542983655
1970-01-02 22:12:00,0.0558761184946169,0.4400732119150102,0.984995061689038,0.08027859555533623
1970-01-02 22:13:00,0.0522731408537399,0.4312769690773562,0.9889998526337644,0.08020970826079576
1970-01-02 22:14:00,0.0486595189343306,0.422570619137584,0.9928032637210438,0.08008888402593883
1970-01-02 22:15:00,0.0450524600275086,0.4140479449156365,0.9963375673058776,0.07988609254327672
1970-01-02 22:16:00,0.0414683928103324,0.4058042995771068,0.999537099905576,0.07956990104633221
1970-01-02 22:17:00,0.0379227860438564,0.3979352783819908,1.002339396816997,0.07910837726974473
1970-01-02 22:18:00,0.0344299956188668,0.3905353400103972,1.004686295225511,0.07847013320226637
1970-01-02 22:19:00,0.0310031414347208,0.3836963956059436,1.0065249873346382,0.07762547710640533
1970-01-02 22:20:00,0.0276540140321015,0.3775063859270042,1.0078090055564088,0.07654763368294737
1970-01-02 22:21:00,0.0243930096010146,0.3720478692137818,1.0084991223946858,0.07521398603941254
1970-01-02 22:22:00,0.0212290911665121,0.3673966437855339,1.008564148607759,0.07360728855272058
1970-01-02 22:23:00,0.0181697734537973,0.3636204298714868,1.0079816145494678,0.07171679699304834
1970-01-02 22:24:00,0.0152211291623864,0.3607776345361547,1.006738321265833,0.0695392614858179
1970-01-02 22:25:00,0.0123878149665713,0.3589162212848266,1.004830750084765,0.06707972906289261
1970-01-02 22:26:00,0.0096731160170787,0.3580727022304448,1.0022653220298827,0.06435210574309336
1970-01-02 22:27:00,0.0070790075506893,0.358271266865072,0.999058501071594,0.0613794333660449
1970-01-02 22:28:00,0.0046062313081621,0.3595230587787314,0.9952367376629976,0.058193843846469306
1970-01-02 22:29:00,0.0022543830608958,0.3618256104431916,0.9908362511207208,0.054836163179162956
1970-01-02 22:30:00,2.2006076125447057e-05,0.3651624464125832,0.9859026512361388,0.05135514954212206
1970-01-02 22:31:00,-0.002093315605147,0.369502867279831,0.9804904009832974,0.047806364419794134
1970-01-02 22:32:00,-0.0040948699798602,0.3748019305681149,0.9746621233015894,0.0442506929451858
1970-01-02 22:33:00,-0.0059867400571823,0.3810006497330798,0.968487755885954,0.04075254957869423
1970-01-02 22:34:00,-0.0077737377596804,0.388026437229535,0.9620435591360618,0.03737782734304851
1970-01-02 22:35:00,-0.0094613455591975,0.3957938201613388,0.9554109843787436,0.03419167189126826
1970-01-02 22:36:00,-0.0110556594290016,0.4042054547751652,0.9486754125985004,0.03125618337265901
1970-01-02 22:37:00,-0.0125633254269684,0.413153456873418,0.9419247783889408,0.028628166158838342
1970-01-02 22:38:00,-0.013991463175593,0.4225210491640099,0.9352480995598136,0.026357055687099784
1970-01-02 22:39:00,-0.0153475719484183,0.4321845058054401,0.9287339394792202,0.024483150356118033
1970-01-02 22:40:00,-0.0166394180826428,0.4420153514668142,0.9224688364758264,0.023036263011006586
1970-01-02 22:41:00,-0.017874905406947,0.451882749181661,0.916535742105164,0.022034880915297705
1970-01-02 22:42:00,-0.0190619328160859,0.461655991117934,0.9110125168517,0.021485886969681012
1970-01-02 22:43:00,-0.0202082444750232,0.4712069940179976,0.905970535708571,0.021384852016278266
1970-01-02 22:44:00,-0.0213212781188071,0.480412701178359,0.901473454061762,0.0217168632904865
1970-01-02 22:45:00,-0.0224080159050343,0.4891573060670759,0.8975761747952922,0.0224578127315318
1970-01-02 22:46:00,-0.0234748410375842,0.4973342341086119,0.8943240425541448,0.023576036095280584
1970-01-02 22:47:00,-0.024527402591666,0.5048478407796042,0.8917522760247398,0.025034173875693844
1970-01-02 22:48:00,-0.025570490963789,0.5116147993821984,0.8898856392107907,0.026791119862561885
1970-01-02 22:49:00,-0.026607926946905,0.5175651597671864,0.888738349020059,0.028803931466120147
1970-01-02 22:50:00,-0.0276424679536941,0.5226430651372111,0.8883142147234929,0.031029593974104097
1970-01-02 22:51:00,-0.0286757348675611,0.5268071244131091,0.8886069992434609,0.03342655433614228
1970-01-02 22:52:00,-0.0297081624186349,0.5300304538859306,0.8896009811725484,0.035955965600844575
1970-01-02 22:53:00,-0.030738975250712,0.5323004189690973,0.891271684059194,0.03858260886645515
1970-01-02 22:54:00,-0.0317661913374142,0.5336181182430676,0.8935867316616094,0.04127548421684968
1970-01-02 22:55:00,-0.032786654282739,0.5339976549608881,0.896506787093149,0.044008084023713145
1970-01-02 22:56:00,-0.0337960962035081,0.5334652378161893,0.8999865383411161,0.046758379604436406
1970-01-02 22:57:00,-0.0347892329922485,0.5320581469986498,0.9039756992902394,0.04950856472308174
1970-01-02 22:58:00,-0.0357598933599896,0.5298235963354984,0.9084200018881328,0.05224460703651701
1970-01-02 22:59:00,-0.0367011819522012,0.5268175185299404,0.9132621608202434,0.054955662088598256
1970-01-02 23:00:00,-0.037605675220558,0.5231032974235071,0.91844279736057,0.05763340463870059
1970-01-02 23:01:00,-0.0384656470048028,0.5187504678177559,0.9239013143776962,0.060271329693240894
1970-01-02 23:02:00,-0.0392733191753535,0.5138333994041705,0.9295767197811136,0.06286407122515425
1970-01-02 23:03:00,-0.0400211312591878,0.5084299774902911,0.935408400206782,0.06540678059389804
1970-01-02 23:04:00,-0.0407020216924263,0.5026202913141665,0.9413368488569184,0.06789459911849982
1970-01-02 23:05:00,-0.0413097121766797,0.496485342757248,0.947304349697594,0.07032225000178505
1970-01-02 23:06:00,-0.0418389856095107,0.4901057939064941,0.9532556152163624,0.07268376415375721
1970-01-02 23:07:00,-0.0422859474422957,0.483560777933779,0.9591383694023534,0.07497234334973446
1970-01-02 23:08:00,-0.0426482603503217,0.4769268003186363,0.9649038644912362,0.07718035383272892
1970-01-02 23:09:00,-0.0429253427545441,0.4702767547636571,0.9705073204996124,0.07929943494146663
1970-01-02 23:10:00,-0.0431185227238439,0.4636790710830775,0.9759082798741228,0.08132070112858814
1970-01-02 23:11:00,-0.0432311399023365,0.4571970032643271,0.9810708740638348,0.08323501198378613
1970-01-02 23:12:00,-0.0432685893917251,0.4508880573034131,0.9859640030912514,0.08503328356254625
1970-01-02 23:13:00,-0.0432383031986455,0.4448035520132554,0.9905614324408036,0.0867068151927104
1970-01-02 23:14:00,-0.0431496671546272,0.4389883024343221,0.9948418135392796,0.08824760850453783
1970-01-02 23:15:00,-0.0430138740394948,0.4334804142786124,0.998788635015998,0.08964865913750542
1970-01-02 23:16:00,-0.0428437164606738,0.4283111779800917,1.0023901123189514,0.09090420592170068
1970-01-02 23:17:00,-0.0426533253074982,0.4235050517345164,1.005639023447775,0.09200992691707577
1970-01-02 23:18:00,-0.0424578612417982,0.4190797243564045,1.0085324985149793,0.09296307618726751
1970-01-02 23:19:00,-0.0422731681092665,0.4150462508327534,1.0110717704817709,0.09376255930501753
1970-01-02 23:20:00,-0.0421153987855405,0.4114092554927864,1.0132618938954658,0.094408949132188
1970-01-02 23:21:00,-0.0420006258777284,0.4081671987375102,1.0151114381342283,0.09490444630126893
1970-01-02 23:22:00,-0.0419444515587541,0.4053127027500618,1.016632161767996,0.09525279107984641
1970-01-02 23:23:00,-0.0419616319530091,0.4028329301278011,1.0178386749890918,0.09545913500005088
1970-01-02 23:24:00,-0.0420657310304564,0.4007100083775422,1.0187480970364553,0.0955298817268544
1970-01-02 23:25:00,-0.0422688164512099,0.398921493881479,1.0193797144390666,0.09547250688216269
1970-01-02 23:26:00,-0.0425812060447493,0.3974408710189208,1.0197546436789062,0.09529536581197884
1970-01-02 23:27:00,-0.0430112701719623,0.3962380838607716,1.0198954994869862,0.09500749693199384
1970-01-02 23:28:00,-0.0435652928475949,0.3952800976526692,1.0198260686468723,0.09461842695659728
1970-01-02 23:29:00,-0.0442473926844969,0.3945314853495304,1.0195709891839078,0.09413798338095125
1970-01-02 23:30:00,-0.045059502752073,0.3939550320917718,1.0191554355688646,0.09357611895480566
1970-01-02 23:31:00,-0.0460014062505094,0.3935123485245084,1.0186048114759425,0.09294275228862703
1970-01-02 23:32:00,-0.0470708229215692,0.3931644821243033,1.0179444525310994,0.09224762797335706
1970-01-02 23:33:00,-0.0482635397778013,0.3928725139706719,1.0171993423439218,0.09150019861217906
1970-01-02 23:34:00,-0.0495735791514604,0.3925981270023509,1.01639384580431,0.0907095300145293
1970-01-02 23:35:00,-0.0509933969981475,0.392304131509646,1.0155514639133876,0.08988422962880449
1970-01-02 23:36:00,-0.0525141044145745,0.3919549350254342,1.0146946141399682,0.08903239723064083
1970-01-02 23:37:00,-0.0541257051716459,0.3915169468111906,1.0138444394820758,0.08816159602763451
1970-01-02 23:38:00,-0.0558173417915324,0.3909589111714681,1.013020648273348,0.08727884174079592
1970-01-02 23:39:00,-0.0575775425776932,0.3902521681564194,1.012241385554452,0.08639060691321765
1970-01-02 23:40:00,-0.0593944622708926,0.3893708442999686,1.0115231357127312,0.08550283768465361
1970-01-02 23:41:00,-0.061256109736294,0.3882919795791008,1.0108806551532514,0.08462098050358047
1970-01-02 23:42:00,-0.0631505571439787,0.3869955994694258,1.0103269329961573,0.08375001656918868
1970-01-02 23:43:00,-0.0650661261617883,0.3854647422386028,1.0098731772463556,0.0828945019734948
1970-01-02 23:44:00,-0.0669915475143882,0.3836854509846173,1.0095288236964142,0.08205861144833904
1970-01-02 23:45:00,-0.0689160909016607,0.3816467380566364,1.0093015650136146,0.08124618352777024
1970-01-02 23:46:00,-0.0708296628062829,0.3793405281780629,1.0091973977339057,0.08046076515741674
1970-01-02 23:47:00,-0.0727228702810258,0.376761587149884,1.0092206848624123,0.0797056544113155
1970-01-02 23:48:00,-0.0745870496253831,0.37390744510475,1.0093742313519434,0.0789839407488453
1970-01-02 23:49:00,-0.0764142600116245,0.3707783249231816,1.009659369197963,0.07829854269362402
1970-01-02 23:50:00,-0.0781972433194328,0.3673770849735411,1.0100760487943303,0.07765224250422342
1970-01-02 23:51:00,-0.0799293524143579,0.3637091798235448,1.0106229338338049,0.07704771633207663
1970-01-02 23:52:00,-0.0816044508962647,0.359782635410397,1.011297498108903,0.07648755721107059
1970-01-02 23:53:00,-0.083216788101,0.3556080300485137,1.0120961235146306,0.0759742878387819
1970-01-02 23:54:00,-0.0847608539546482,0.3511984709421444,1.0130141991349162,0.07551036071447359
1970-01-02 23:55:00,-0.0862312191989854,0.3465695564730063,1.0140462215879509,0.07509814442926066
1970-01-02 23:56:00,-0.0876223674249187,0.3417393164035144,1.0151858968534495,0.07473989635596534
1970-01-02 23:57:00,-0.0889285259831196,0.3367281249009373,1.0164262435535525,0.07443772337777554
1970-01-02 23:58:00,-0.0901435030183256,0.3315585841194858,1.017759697180449,0.07419353332840917
1970-01-02 23:59:00,-0.0912605378715429,0.3262553776105242,1.0191782143114476,0.07400898027877778
1970-01-03 00:00:00,-0.0922721724452641,0.3208450926109188,1.0206733756041024,0.07388540679504119
1970-01-03 00:01:00,-0.0931701519184114,0.3153560096141838,1.0222364861921578,0.07382378615430696
1970-01-03 00:02:00,-0.0939453637527164,0.3098178584312885,1.023858671755933,0.07382466748692429
1970-01-03 00:03:00,-0.094587823466051,0.3042615427011462,1.0255309680203084,0.07388812689385715
1970-01-03 00:04:00,-0.0950867140063667,0.298718838416575,1.0272444010524395,0.07401372761201785
1970-01-03 00:05:00,-0.0954304830186005,0.2932220751500333,1.0289900558109972,0.0742004921812196
1970-01-03 00:06:00,-0.0956069990300134,0.2878038108539935,1.0307591309697983,0.07444688927988441
1970-01-03 00:07:00,-0.0956037637349481,0.2824965125262677,1.032542978878928,0.07475083738602506
1970-01-03 00:08:00,-0.0954081735684524,0.2773322551066605,1.034333130498573,0.0751097265643128
1970-01-03 00:09:00,-0.0950078202184999,0.2723424483063778,1.0361213063182948,0.07552045841021204
1970-01-03 00:10:00,-0.0943908170698478,0.2675575953591559,1.037899415645125,0.07597950267557563
1970-01-03 00:11:00,-0.0935461369380318,0.2630070807721174,1.039659547943781,0.0764829677718859
1970-01-03 00:12:00,-0.0924639458707361,0.2587189783391606,1.0413939608524376,0.07702668153522252
1970-01-03 00:13:00,-0.0911359184393306,0.2547198671500645,1.0430950698858332,0.07760627836462519
1970-01-03 00:14:00,-0.0895555220399021,0.251034642789979,1.0447554444526153,0.07821728891810742
1970-01-03 00:15:00,-0.0877182611021221,0.2476863139255972,1.046367813509644,0.07885522874284767
1970-01-03 00:16:00,-0.0856218759674004,0.2446957803118901,1.0479250822198043,0.07951568237427908
1970-01-03 00:17:00,-0.0832664944996343,0.2420815947907723,1.0494203590427225,0.08019437955215158
1970-01-03 00:18:00,-0.0806547366502612,0.2398597170220284,1.050846991370003,0.08088726038629845
1970-01-03 00:19:00,-0.0777917734048902,0.2380432696893316,1.0521986072558749,0.08159052666203959
1970-01-03 00:20:00,-0.0746853423508412,0.2366423089652757,1.0534691607519455,0.08230067698855659
1970-01-03 00:21:00,-0.071345722875067,0.2356636204501006,1.0546529785621437,0.08301452407907095
1970-01-03 00:22:00,-0.0677856747731733,0.2351105498207168,1.055744806069523,0.08372919305711646
1970-01-03 00:23:00,-0.0640203448110772,0.2349828743027644,1.0567398512196482,0.08444210030828403
1970-01-03 00:24:00,-0.0600671465380179,0.2352767173368557,1.0576338252437267,0.08515091305942524
1970-01-03 00:25:00,-0.0559456192241331,0.2359845053632921,1.0584229796889868,0.08585349058500658
1970-01-03 00:26:00,-0.0516772717410724,0.2370949635368783,1.0591041395843348,0.08654780871981349
1970-01-03 00:27:00,-0.0472854161183003,0.2385931467289621,1.0596747327842144,0.08723187018446299
1970-01-03 00:28:00,-0.0427949934710211,0.2404605025407128,1.0601328157339311,0.08790360406805808
1970-01-03 00:29:00,-0.0382323926247192,0.2426749631037977,1.0604770962124914,0.08856075859573309
1970-01-03 00:30:00,-0.0336252598356981,0.2452110620184103,1.0607069539441816,0.08920079194827935
1970-01-03 00:31:00,-0.0290022970656785,0.2480400728011298,1.0608224600478795,0.08982076631541136
1970-01-03 00:32:00,-0.0243930463850379,0.2511301665336584,1.0608243959281636,0.09041725052913518
1970-01-03 00:33:00,-0.0198276588800891,0.2544465887454727,1.060714271536239,0.0909862365866616
1970-01-03 00:34:00,-0.0153366474358256,0.2579518578010125,1.0604943422727724,0.09152307519819503
1970-01-03 00:35:00,-0.0109506236958381,0.2616059882762346,1.060167623401624,0.09202243519552322
1970-01-03 00:36:00,-0.0067000203157924,0.2653667428882056,1.0597379007012773,0.09247829117382333
1970-01-03 00:37:00,-0.0026148002856188,0.2691899159322973,1.0592097360865989,0.09288394307941661
1970-01-03 00:38:00,0.0012758444560048,0.2730296503467896,1.058588466995468,0.09323207060686856
1970-01-03 00:39:00,0.0049438026012484,0.2768387896689834,1.05788019842565,0.09351482425737623
1970-01-03 00:40:00,0.0083623584468698,0.2805692652128514,1.0570917866449048,0.0937239537529524
1970-01-03 00:41:00,0.0115065090758314,0.28417251751927,1.0562308138306342,0.09385097319044133
1970-01-03 00:42:00,0.0143532801051064,0.2875999492812068,1.0553055532637003,0.09388736084915661
1970-01-03 00:43:00,0.0168820359393036,0.2908034047282594,1.0543249251646405,0.09382478997434895
1970-01-03 00:44:00,0.0190747801851553,0.2937356684753914,1.0532984437029034,0.09365538524745332
1970-01-03 00:45:00,0.0209164417689553,0.2963509756361156,1.0522361560251574,0.09337199815220765
1970-01-03 00:46:00,0.0223951423069411,0.2986055246960445,1.0511485743015514,0.09296849315711397
1970-01-03 00:47:00,0.0235024402972347,0.3004579851154653,1.05004660177178,0.09244003561386993
1970-01-03 00:48:00,0.0242335476338047,0.301869992888481,1.048941453525024,0.09178337153512373
1970-01-03 00:49:00,0.0245875137325461,0.3028066294830664,1.0478445721850056,0.09099708897321102
1970-01-03 00:50:00,0.0245673721683247,0.3032368824449856,1.0467675378715289,0.09008185059280471
1970-01-03 00:51:00,0.0241802441314486,0.3031340883288917,1.0457219711212462,0.08904058721378671
1970-01-03 00:52:00,0.0234373922984823,0.3024763591095184,1.044719427292938,0.08787864256137867
1970-01-03 00:53:00,0.022354218108857,0.3012469912914443,1.0437712815240212,0.08660386018258892
1970-01-03 00:54:00,0.020950195287051,0.2994348532926746,1.0428886043703585,0.08522660452760977
1970-01-03 00:55:00,0.0192487330682863,0.2970347427357137,1.0420820294745283,0.08375970965456991
1970-01-03 00:56:00,0.0172769641547312,0.2940477025032496,1.0413616155543286,0.08221835097533114
1970-01-03 00:57:00,0.0150654549187398,0.2904812836977595,1.0407367054201702,0.08061983792610294
1970-01-03 00:58:00,0.0126478385286607,0.286349744774337,1.040215784681743,0.07898332834795418
1970-01-03 00:59:00,0.0100603751959909,0.2816741780727975,1.039806342602474,0.07732946857421652
1970-01-03 01:00:00,0.0073414474826776,0.2764825567555527,1.0395147375051204,0.07567996659395293
1970-01-03 01:01:00,0.0045310024007889,0.2708096959234341,1.0393460693876762,0.07405710897536122
1970-01-03 01:02:00,0.0016699552486754,0.2646971205138112,1.0393040629796184,0.07248323515324873
1970-01-03 01:03:00,-0.0012004282142931,0.2581928292298751,1.0393909651601354,0.07098018494748204
1970-01-03 01:04:00,-0.0040391549381652,0.2513509398733899,1.0396074611500845,0.0695687369340856
1970-01-03 01:05:00,-0.0068061182924776,0.2442312000658624,1.0399526139240989,0.06826805696856275
1970-01-03 01:06:00,-0.0094626891119514,0.2368983502941858,1.0404238308168725,0.06709517784918906
1970-01-03 01:07:00,-0.0119722720700765,0.2294213329510565,1.0410168604157377,0.06606453227813502
1970-01-03 01:08:00,-0.0143008164761323,0.2218723499332675,1.041725821655709,0.06518756119335922
1970-01-03 01:09:00,-0.0164172720205958,0.2143257812198271,1.0425432656826068,0.06447241774328849
1970-01-03 01:10:00,-0.0182939816769399,0.2068569870395593,1.0434602697026558,0.06392378359571405
1970-01-03 01:11:00,-0.0199070054836656,0.1995410263620084,1.044466560860524,0.06354280911712284
1970-01-03 01:12:00,-0.0212363700374741,0.1924513341443498,1.0455506672089745,0.06332718253952319
1970-01-03 01:13:00,-0.0222662393713532,0.1856584081409353,1.046700091982384,0.06327132590186002
1970-01-03 01:14:00,-0.0229850038027761,0.1792285612673099,1.0479015067047313,0.06336670783310172
1970-01-03 01:15:00,-0.0233852845895939,0.173222795528349,1.0491409583634952,0.06360225598757796
1970-01-03 01:16:00,-0.023463853858903,0.1676958477344406,1.0504040860886694,0.06396484615660936
1970-01-03 01:17:00,-0.0232214709999488,0.1626954464903804,1.051676343296909,0.064439841453928
1970-01-03 01:18:00,-0.0226626381929835,0.1582618056238033,1.0529432217821515,0.06501165373255402
1970-01-03 01:19:00,-0.0217952790129979,0.1544273628754127,1.0541904746700093,0.06566430055477057
1970-01-03 01:20:00,-0.0206303455140097,0.1512167560732186,1.0554043356352067,0.06638193446388008
1970-01-03 01:21:00,-0.0191813611523305,0.1486470136172614,1.0565717324007178,0.06714932646806293
1970-01-03 01:22:00,-0.017463909242952,0.1467279228896506,1.0576804932055268,0.0679522916259152
1970-01-03 01:23:00,-0.0154950791798354,0.1454625305628983,1.058719545394584,0.0687780504281823
1970-01-03 01:24:00,-0.0132928853402057,0.1448477247207419,1.0596791052629515,0.06961552451726005
1970-01-03 01:25:00,-0.0108756761939394,0.144874851225339,1.060550857691409,0.0704555687183952
1970-01-03 01:26:00,-0.0082615529528841,0.1455303243928045,1.0613281231884746,0.07129114326864405
1970-01-03 01:27:00,-0.0054678173851425,0.1467962017926787,1.0620060090893977,0.07211743070883037
1970-01-03 01:28:00,-0.0025104670448318,0.1486507024718624,1.062581541091607,0.07293190150110451
1970-01-03 01:29:00,0.0005962463819705,0.1510686562082563,1.063053771039466,0.07373433144309294
1970-01-03 01:30:00,0.0038401829572114,0.154021878543092,1.063423856819459,0.07452677273665964
1970-01-03 01:31:00,0.0072115949167492,0.157479472363803,1.0636951103429677,0.07531347944902245
1970-01-03 01:32:00,0.0107033145692177,0.1614080614262986,1.0638730099085962,0.07610078730950631
1970-01-03 01:33:00,0.0143108448523538,0.1657719642126832,1.063965173774332,0.07689694743924491
1970-01-03 01:34:00,0.0180323498838162,0.170533318205653,1.0639812924775252,0.07771191373330733
1970-01-03 01:35:00,0.0218685450904373,0.1756521656042085,1.063933018221273,0.07855708416719809
1970-01-03 01:36:00,0.0258224888291982,0.1810865121358179,1.0638338104329037,0.07944499722173948
1970-01-03 01:37:00,0.0298992796454879,0.1867923710594008,1.0636987373755729,0.08038898583042764
1970-01-03 01:38:00,0.0341056652385645,0.1927238046363941,1.0635442344642605,0.0814027926434544
1970-01-03 01:39:00,0.0384495707106024,0.1988329751588624,1.0633878207152183,0.08250015184470794
1970-01-03 01:40:00,0.042939554820406,0.2050702169434072,1.0632477755569043,0.08369434411742493
1970-01-03 01:41:00,0.0475842039025566,0.2113841394373782,1.0631427790611827,0.0849977325030018
1970-01-03 01:42:00,0.0523914739782649,0.217721769774825,1.0630915195111148,0.08642128773139768
1970-01-03 01:43:00,0.0573679924477696,0.2240287409757148,1.0631122730786775,0.08797411205927319
1970-01-03 01:44:00,0.0625183316621745,0.2302495297646935,1.0632224612089018,0.08966297072526008
1970-01-03 01:45:00,0.0678442675997716,0.2363277457658538,1.06343819208686,0.09149183984759546
1970-01-03 01:46:00,0.0733440376530177,0.2422064714145311,1.0637737933234253,0.09346147898132884
1970-01-03 01:47:00,0.0790116119388388,0.2478286491388124,1.064241343748558,0.09556903566086539
1970-01-03 01:48:00,0.0848359924719865,0.2531375094904288,1.0648502128809658,0.09780768816872576
1970-01-03 01:49:00,0.0908005541073865,0.2580770318205715,1.0656066170823806,0.10016633167411548
1970-01-03 01:50:00,0.0968824406084657,0.262592428658654,1.0665132014424143,0.10262931202560144
1970-01-03 01:51:00,0.1030520287229029,0.2666306461491657,1.0675686560848483,0.10517621108338937
1970-01-03 01:52:00,0.1092724728070523,0.2701408748537916,1.068767375011933,0.10778168763977947
1970-01-03 01:53:00,0.1154993423408366,0.2730750671000755,1.0700991649584854,0.11041537867490114
1970-01-03 01:54:00,0.1216803645908341,0.2753884586007446,1.071549011035415,0.11304186682641393
1970-01-03 01:55:00,0.1277552845762108,0.2770400931907691,1.0730969052048678,0.11562072136213186
1970-01-03 01:56:00,0.1336558541279083,0.2779933498927037,1.0747177429192265,0.11810662142419326
1970-01-03 01:57:00,0.1393059609989674,0.2782164708102394,1.0763812926486365,0.12044957162912961
1970-01-03 01:58:00,0.1446219076017386,0.2776830866802005,1.078052242500891,0.12259522106047172
1970-01-03 01:59:00,0.1495128470109336,0.2763727347226371,1.0796903276204757,0.12448529713669187
1970-01-03 02:00:00,0.1538813813983363,0.2742713611260844,1.0812505414637994,0.12605816567829864
1970-01-03 02:01:00,0.1576243251109742,0.271371798358108,1.082683433335345,0.12724952766883613
1970-01-03 02:02:00,0.1606336312587207,0.2676742057103913,1.0839354936871537,0.12799326166820046
1970-01-03 02:03:00,0.1627974770385397,0.2631864602423761,1.0849496275810253,0.12822241857411742
1970-01-03 02:04:00,0.1640014992634967,0.2579244845950471,1.0856657153746854,0.12787037245169386
1970-01-03 02:05:00,0.1641301680015603,0.2519124978144719,1.0860212581788526,0.12687212753698218
1970-01-03 02:06:00,0.1630682831660533,0.2451831751417834,1.0859521040338431,0.1251657773869863
1970-01-03 02:07:00,0.1607025763604009,0.2377777027204827,1.0853932491178044,0.12269410757801924
1970-01-03 02:08:00,0.1569233980083784,0.2297457135739392,1.0842797066161045,0.11940632833998222
1970-01-03 02:09:00,0.1516264675298083,0.2211450921959916,1.0825474341506889,0.11525991797615576
1970-01-03 02:10:00,0.1447146619669322,0.2120416367141577,1.0801343089179891,0.11022255173922857
1970-01-03 02:11:00,0.1360998161022491,0.2025085698241026,1.076981137953168,0.10427408386784576
1970-01-03 02:12:00,0.1257045048351727,0.192625892525199,1.0730326892754365,0.0974085425495197
1970-01-03 02:13:00,0.1134637764458554,0.1824795779647333,1.0682387281520578,0.08963608845497961
1970-01-03 02:14:00,0.0993268034001443,0.1721606062290264,1.0625550414373992,0.08098487699637591
1970-01-03 02:15:00,0.0832584156914383,0.1617638447448788,1.0559444319320062,0.07150275248283933
1970-01-03 02:16:00,0.0652404807065332,0.1513867835283749,1.048377663900773,0.06125868887652852
1970-01-03 02:17:00,0.0452730936464091,0.141128140442764,1.0398343401930803,0.0503438770602358
1970-01-03 02:18:00,0.0233755439503401,0.1310863591156252,1.030303690826884,0.03887234294337838
1970-01-03 02:19:00,-0.0004129738436783,0.1213580308447424,1.019785252574287,0.026980965532424683
1970-01-03 02:20:00,-0.0260329318089125,0.1120362809613727,1.008289419171149,0.014828751367794046
1970-01-03 02:21:00,-0.0534043441861461,0.1032091684872642,0.9958378423060872,0.002595214733557505
1970-01-03 02:22:00,-0.0824269620954019,0.0949581533085529,0.982463664489706,0.0
1970-01-03 02:23:00,-0.1129807974978013,0.0873566850761392,0.968211566319988,0.0
1970-01-03 02:24:00,-0.1449269822706709,0.0804689620820613,0.9531376127549164,0.0
1970-01-03 02:25:00,-0.1781089643018525,0.074348898540368,0.937308886034408,0.0
1970-01-03 02:26:00,-0.2123540378838314,0.069039328050254,0.9208028970722948,0.0
1970-01-03 02:27:00,-0.2474751998910472,0.0645714615163661,0.9037067725918076,0.0
1970-01-03 02:28:00,-0.2832733161250202,0.0609646097733937,0.886116221955708,0.0
1970-01-03 02:29:00,-0.3195395736629903,0.0582261738106881,0.8681342953295655,0.0
1970-01-03 02:30:00,-0.3560581848044689,0.0563518977874144,0.8498699533319712,0.0
1970-01-03 02:31:00,-0.3926092961736329,0.0553263713132839,0.8314364776136385,0.0
1970-01-03 02:32:00,-0.4289720430590771,0.0551237576379731,0.8129497616092118,0.0
1970-01-03 02:33:00,-0.4649276756210112,0.05570871442503,0.7945265298638833,0.0
1970-01-03 02:34:00,-0.500262673294517,0.0570374662880917,0.7762825404928649,0.0
1970-01-03 02:35:00,-0.5347717600832801,0.0590589858521227,0.7583308261300292,0.0
1970-01-03 02:36:00,-0.5682607377252215,0.0617162425495476,0.7407800239194594,0.0
1970-01-03 02:37:00,-0.6005490642297548,0.0649474828957994,0.7237328369220375,0.0
1970-01-03 02:38:00,-0.6314721193031844,0.0686875104522655,0.7072846603728198,0.0
1970-01-03 02:39:00,-0.6608831134628924,0.0728689377840477,0.6915223978002502,0.0
1970-01-03 02:40:00,-0.6886546126559138,0.0774233866944062,0.676523484207393,0.0
1970-01-03 02:41:00,-0.7146796640422076,0.0822826168082939,0.6623551261875188,0.0
1970-01-03 02:42:00,-0.7388725208981922,0.0873795661130009,0.6490737620640559,0.0
1970-01-03 02:43:00,-0.7611689752103464,0.0926492904260665,0.6367247390975721,0.0
1970-01-03 02:44:00,-0.7815263154335558,0.0980297920267307,0.6253421996292008,0.005706760679792255
1970-01-03 02:45:00,-0.799922934143895,0.1034627308338002,0.6149491637551255,0.014270038620925574
1970-01-03 02:46:00,-0.8163576160333631,0.1088940144551764,0.6055577927057271,0.022251389799237353
1970-01-03 02:47:00,-0.8308485410014375,0.114274266096122,0.5971698144719236,0.029553152242494107
1970-01-03 02:48:00,-0.8434320401219804,0.1195591716521238,0.5897770913141424,0.03610280342707206
1970-01-03 02:49:00,-0.854161144128755,0.1247097093096356,0.5833623075418007,0.04185188659229877
1970-01-03 02:50:00,-0.863103964891417,0.1296922666283299,0.5778997553005941,0.04677440999050253
1970-01-03 02:51:00,-0.8703419502675265,0.1344786513840788,0.5733561959892169,0.05086485598900281
1970-01-03 02:52:00,-0.8759680518338322,0.139046003421004,0.5696917752841931,0.054135919949305666
1970-01-03 02:53:00,-0.8800848434365146,0.1433766154067827,0.5668609705203852,0.056616082307803905
1970-01-03 02:54:00,-0.8828026263608452,0.1474576707419084,0.5648135502998366,0.05834710202869697
1970-01-03 02:55:00,-0.8842375542908163,0.1512809070557722,0.5634955276398025,0.059381505845689686
1970-01-03 02:56:00,-0.8845098081624393,0.1548422139843098,0.5628500896983527,0.05978013542458971
1970-01-03 02:57:00,-0.8837418475477482,0.1581411745649704,0.5628184891217721,0.05960980360565271
1970-01-03 02:58:00,-0.8820567614045017,0.1611805607041104,0.5633408843166824,0.058941101020727915
1970-01-03 02:59:00,-0.8795767370186159,0.163965794543988,0.5643571183814955,0.05784638542305465
1970-01-03 03:00:00,-0.876421661945879,0.1665043887659134,0.5658074288791811,0.05639797783844558
1970-01-03 03:01:00,-0.8727078699324773,0.1688053795205231,0.5676330829068011,0.05466658200941832
1970-01-03 03:02:00,-0.8685470382937164,0.1708787655608641,0.5697769339046671,0.05271993647797624
1970-01-03 03:03:00,-0.8640452410715456,0.172734966309888,0.5721838983736282,0.05062170202338101
1970-01-03 03:04:00,-0.859302159418509,0.1743843102489058,0.5748013522249923,0.048430581088695135
1970-01-03 03:05:00,-0.8544104480261546,0.175836563405918,0.5775794479312089,0.046199660389534714
1970-01-03 03:06:00,-0.8494552540288999,0.1771005059995013,0.5804713549748236,0.04397596321413921
1970-01-03 03:07:00,-0.8445138826873921,0.1781835635294122,0.5834334272847482,0.04180019410489755
1970-01-03 03:08:00,-0.8396556023005318,0.1790914968383934,0.5864253023901196,0.03970665574373822
1970-01-03 03:09:00,-0.8349415792141486,0.1798281539315657,0.5894099379144311,0.03772331599484868
1970-01-03 03:10:00,-0.8304249324785474,0.1803952847068879,0.5923535917806364,0.03587200219037667
1970-01-03 03:11:00,-0.826150896634072,0.1807924183748324,0.5952257531104521,0.03416869983431936
1970-01-03 03:12:00,-0.822157080242039,0.1810168023688454,0.5979990312976762,0.03262393385245299
1970-01-03 03:13:00,-0.8184738071116826,0.1810634009690301,0.6006490111315004,0.03124321218207915
1970-01-03 03:14:00,-0.8151245267150702,0.1809249515340737,0.6031540821313528,0.030027513677080675
1970-01-03 03:15:00,-0.8121262800598011,0.1805920759944615,0.6054952503942376,0.02897380478112299
1970-01-03 03:16:00,-0.8094902073297232,0.1800534450004487,0.6076559412029326,0.028075571978281255
1970-01-03 03:17:00,-0.8072220839216069,0.1792959917873511,0.6096218003610556,0.02732335947218023
1970-01-03 03:18:00,-0.8053228720933333,0.1783051723874828,0.6113805017033183,0.026705303716595408
1970-01-03 03:19:00,-0.8037892762621032,0.1770652682835292,0.612921567510021,0.02620765821797244
1970-01-03 03:20:00,-0.8026142910020945,0.1755597270027412,0.6142362076817944,0.025815303401828027
1970-01-03 03:21:00,-0.8017877319484474,0.1737715355533412,0.6153171825388077,0.025512237274181837
1970-01-03 03:22:00,-0.80129674108756,0.1716836210522382,0.6161586930182239,0.025282043145728128
1970-01-03 03:23:00,-0.8011262592780104,0.169279272416495,0.6167563008685234,0.025108330878088392
1970-01-03 03:24:00,-0.8012594602805547,0.1665425766086901,0.6171068801918075,0.02497514803658185
1970-01-03 03:25:00,-0.8016781420592706,0.1634588626544002,0.6172086003781032,0.024867357084111363
1970-01-03 03:26:00,-0.8023630726287497,0.1600151465060872,0.6170609391235274,0.02477097442385756
1970-01-03 03:27:00,-0.8032942892437461,0.1562005698332798,0.6166647228436684,0.024673466792087373
1970-01-03 03:28:00,-0.8044513512371859,0.1520068260009824,0.6160221904035676,0.024564000308344047
1970-01-03 03:29:00,-0.8058135482904225,0.14742856688417,0.6151370747050446,0.024433637488832538
1970-01-03 03:30:00,-0.8073600673462914,0.142463784759937,0.6140146953222371,0.024275477781828814
1970-01-03 03:31:00,-0.8090701227095513,0.1371141642320488,0.6126620541210591,0.024084737731276284
1970-01-03 03:32:00,-0.8109230550160391,0.1313853997145448,0.6110879248216192,0.023858767739715958
1970-01-03 03:33:00,-0.8128984055258425,0.1252874740647118,0.6093029270610251,0.023597003604985956
1970-01-03 03:34:00,-0.8149759724795749,0.11883489331186,0.6073195759094057,0.023300852569883457
1970-01-03 03:35:00,-0.8171358560614203,0.1120468712478677,0.6051522989473614,0.022973515560859026
1970-01-03 03:36:00,-0.8193584979592754,0.1049474563328058,0.6028174146932861,0.02261974957767321
1970-01-03 03:37:00,-0.8216247207220647,0.0975655922687955,0.6003330681514278,0.0222455767634695
1970-01-03 03:38:00,-0.8239157711492184,0.0899351028961869,0.5977191214256689,0.021857949423124357
1970-01-03 03:39:00,-0.826213370823112,0.0820945919921708,0.5949969996541432,0.021464383010334265
1970-01-03 03:40:00,-0.8284997755984235,0.074087249668851,0.5921894948798934,0.021072571650142757
1970-01-03 03:41:00,-0.830757844364336,0.0659605602497189,0.5893205327467336,0.02069000279136124
1970-01-03 03:42:00,-0.8329711157444425,0.0577659121049471,0.5864149089155289,0.0203235887032438
1970-01-03 03:43:00,-0.8351238898704944,0.0495581167439459,0.5834980035618197,0.019979332402505934
1970-01-03 03:44:00,-0.8372013114116498,0.0413948500810619,0.5805954829226184,0.019662044126762757
1970-01-03 03:45:00,-0.8391894499306171,0.0333360315003849,0.5777329965042894,0.019375121886379798
1970-01-03 03:46:00,-0.84107537420859,0.025443156425753,0.574935877524989,0.01912040631833789
1970-01-03 03:47:00,-0.8428472180326337,0.0177785969632427,0.572228852891544,0.018898116367335183
1970-01-03 03:48:00,-0.8444942357783427,0.0104048838845742,0.56963576779651,0.01870686844872993
1970-01-03 03:49:00,-0.8460068468480935,0.0033839820965683,0.567179328952111,0.01854377787076511
1970-01-03 03:50:00,-0.8473766686354924,-0.0032234291879214,0.5648808695486296,0.018404637570710758
1970-01-03 03:51:00,-0.8485965381876943,-0.0093586611775814,0.5627601382118035,0.01828416580213199
1970-01-03 03:52:00,-0.8496605231316429,-0.014965695619477,0.5608351135050413,0.018176311428391267
1970-01-03 03:53:00,-0.8505639227177056,-0.019991831954524,0.5591218448533227,0.018074603045382
1970-01-03 03:54:00,-0.8513032600184641,-0.0243882945859151,0.557634320159393,0.017972526373134734
1970-01-03 03:55:00,-0.8518762664127835,-0.0281107948220114,0.5563843598628806,0.017863913282584187
1970-01-03 03:56:00,-0.8522818595002893,-0.0311200433841049,0.5553815367789505,0.017743325464946613
1970-01-03 03:57:00,-0.852520115541627,-0.0333822104361098,0.5546331207489136,0.017606416060938823
1970-01-03 03:58:00,-0.8525922374159314,-0.0348693308871562,0.5541440469336208,0.017450253472076627
1970-01-03 03:59:00,-0.6544068988408773,0.5866796540632692,0.612516193783399,0.0712691040953406
1970-01-03 04:00:00,-0.8522483062097738,-0.0354379305741412,0.5539519582097381,0.017077083787266023
1970-01-03 04:01:00,-0.851839956431147,-0.0344956520518262,0.5542471602620409,0.016863400876260926
1970-01-03 04:02:00,-0.8512807944604778,-0.032731213520402,0.5547982203311357,0.01663729453447438
1970-01-03 04:03:00,-0.8505770670769263,-0.030150024967901,0.5555986638687795,0.01640555209794292
1970-01-03 04:04:00,-0.8497358947659981,-0.0267645526496594,0.5566399193922742,0.01617687042824656
1970-01-03 04:05:00,-0.8487652206098786,-0.0225942932317066,0.5579114204436147,0.015961640449573267
1970-01-03 04:06:00,-0.8476737557153258,-0.0176656771951941,0.5594007238383454,0.015771648605214628
1970-01-03 04:07:00,-0.8464709204931199,-0.0120118987486518,0.5610936439541843,0.015619703549415442
1970-01-03 04:08:00,-0.8451667810386811,-0.0056726697238057,0.5629744028471464,0.01551919982547978
1970-01-03 04:09:00,-0.843771979859037,0.0013061045716879,0.5650257959416206,0.015483633538154518
1970-01-03 04:10:00,-0.8422976602534779,0.0088727287591218,0.5672293729086307,0.015526087933950938
1970-01-03 04:11:00,-0.8407553837907443,0.0169702000940258,0.5695656331106231,0.01565870915630807
1970-01-03 04:12:00,-0.8391570405400746,0.0255367689356137,0.5720142346404334,0.015892194027953055
1970-01-03 04:13:00,-0.8375147520094253,0.0345065734051122,0.5745542155110138,0.01623531231848463
1970-01-03 04:14:00,-0.8358407671195087,0.0438103420946221,0.5771642249611818,0.016694485392941605
1970-01-03 04:15:00,-0.8341473519880966,0.0533761555440268,0.5798227621374226,0.017273441264483047
1970-01-03 04:16:00,-0.8324466747938646,0.0631302535814804,0.5825084186287228,0.017972962836420248
1970-01-03 04:17:00,-0.8307506874897775,0.0729978720448957,0.585200120583407,0.01879074162393879
1970-01-03 04:18:00,-0.8290710065828555,0.0829040897382338,0.5878773656060903,0.019721343820747528
1970-01-03 04:19:00,-0.8274187955474495,0.0927746653205285,0.590520449450024,0.020756289703466102
1970-01-03 04:20:00,-0.8258046516904052,0.1025368440453776,0.5931106776570138,0.021884241531818338
1970-01-03 04:21:00,-0.8242385004350963,0.1121201154365254,0.5956305576357944,0.023091289707093177
1970-01-03 04:22:00,-0.8227294999785613,0.1214569050114612,0.5980639671592903,0.024361322348830816
1970-01-03 04:23:00,-0.8212859590256214,0.1304831861712157,0.6003962959374215,0.025676459972345578
1970-01-03 04:24:00,-0.8199152698179553,0.1391390021730634,0.6026145577906021,0.02701753483936642
1970-01-03 04:25:00,-0.8186238580521289,0.1473688921617824,0.6047074719231419,0.02836459388138235
1970-01-03 04:26:00,-0.8174171506325807,0.1551222190650886,0.606665512757225,0.029697404757801138
1970-01-03 04:27:00,-0.8162995615999649,0.1623534005291003,0.6084809286605531,0.030995946391287443
1970-01-03 04:28:00,-0.8152744960336631,0.1690220469325165,0.6101477306572618,0.03224086794624026
1970-01-03 04:29:00,-0.8143443712531191,0.1750930128878323,0.6116616528494537,0.033413903390264066
1970-01-03 04:30:00,-0.8135106542345192,0.1805363705416015,0.6130200867999988,0.034498232217768265
1970-01-03 04:31:00,-0.8127739138137505,0.1853273144540047,0.6142219925430699,0.03547878036318752
1970-01-03 04:32:00,-0.8121338859584132,0.1894460089030555,0.6152677892063775,0.03634245857540397
1970-01-03 04:33:00,-0.8115895501529136,0.192877389150134,0.6161592284632855,0.0370783384022888
1970-01-03 04:34:00,-0.811139214737583,0.1956109285367721,0.6168992542116501,0.03767776833418335
1970-01-03 04:35:00,-0.8107806088567147,0.1976403832582988,0.6174918520381217,0.03813443451511711
1970-01-03 04:36:00,-0.8105109784864173,0.1989635262878544,0.6179418922028531,0.03844437173069126
1970-01-03 04:37:00,-0.7318678336528001,0.3027173268554443,0.6071334067214174,0.0
1970-01-03 04:38:00,-0.7333616499334668,0.29630973814370526,0.6075722136913049,0.0
1970-01-03 04:39:00,-0.8102031845807,0.1987275549412792,0.6184953034357854,0.03848846010428608
1970-01-03 04:40:00,-0.8102556095777673,0.1972744660367091,0.618435985486112,0.038216950327091714
1970-01-03 04:41:00,-0.8103792878940761,0.195155379364722,0.6182662866209744,0.03781183916680542
1970-01-03 04:42:00,-0.810570459370036,0.1923871887631507,0.6179932297057239,0.03728151047131423
1970-01-03 04:43:00,-0.8108254343441119,0.188989388501656,0.6176237746418535,0.03663590568164232
1970-01-03 04:44:00,-0.8111406270086711,0.1849839936797858,0.6171647458123841,0.03588634423637793
1970-01-03 04:45:00,-0.811512573170452,0.1803954914720581,0.6166227814623646,0.03504533445427249
1970-01-03 04:46:00,-0.8119379323583951,0.1752508185573,0.6160043053201172,0.03412637505304428
1970-01-03 04:47:00,-0.8124134747649638,0.1695793585397881,0.6153155200427296,0.03314374703034595
1970-01-03 04:48:00,-0.8129360540308439,0.1634129518929676,0.6145624213760769,0.03211229551693617
1970-01-03 04:49:00,-0.8135025673821823,0.156785909971116,0.6137508312623131,0.031047201430687732
1970-01-03 04:50:00,-0.8141099051001018,0.1497350239769299,0.6128864475120273,0.029963743309142643
1970-01-03 04:51:00,-0.8147548917404853,0.1422995594774333,0.6119749070890041,0.02887705055031553
1970-01-03 04:52:00,-0.8154342219249713,0.1345212271580116,0.6110218595370239,0.027801850394599814
1970-01-03 04:53:00,-0.8161443938836483,0.1264441210340849,0.6100330466197844,0.026752212259611552
1970-01-03 04:54:00,-0.8168816442053832,0.1181146164035045,0.6090143838895627,0.02574129439748174
1970-01-03 04:55:00,-0.8176418873322835,0.1095812216683491,0.6079720397611038,0.02478109915918325
1970-01-03 04:56:00,-0.8184206630783422,0.1008943810892109,0.6069125078834545,0.023882244261688612
1970-01-03 04:57:00,-0.8192130948470115,0.0921062294373781,0.6058426691667647,0.023053758144262693
1970-01-03 04:58:00,-0.8200138604939354,0.0832703033476914,0.6047698404883699,0.022302907550454165
1970-01-03 04:59:00,-0.8208171772194559,0.0744412164930743,0.6037018076227667,0.021635064814476967
1970-01-03 05:00:00,-0.8216168015284792,0.0656743060217991,0.6026468403899026,0.021053621146933654
1970-01-03 05:01:00,-0.8224060449245283,0.0570252571673148,0.6016136887274309,0.02055995078566042
1970-01-03 05:02:00,-0.823177805368018,0.0485497132380153,0.6006115595145414,0.020153429307812276
1970-01-03 05:03:00,-0.8239246136596974,0.0403028797710066,0.5996500752319031,0.019831507572571905
1970-01-03 05:04:00,-0.8246386931186769,0.0323391331606603,0.5987392164569818,0.01958984059551261
1970-01-03 05:05:00,-0.8253120305161022,0.0247116438547414,0.5978892504968665,0.01942246832033301
1970-01-03 05:06:00,-0.8259364562334179,0.0174720219553913,0.5971106482609283,0.01932204310179242
1970-01-03 05:07:00,-0.826503731841262,0.010669989839803,0.5964139910738356,0.019280097019134246
1970-01-03 05:08:00,-0.827005643548293,0.0043530833180992,0.5958098687524581,0.01928734098777163
1970-01-03 05:09:00,-0.8274341001703392,-0.0014336196969837,0.5953087699971286,0.01933398698641886
1970-01-03 05:10:00,-0.8277812344114511,-0.0066477459930701,0.5949209659790009,0.019410084476272793
1970-01-03 05:11:00,-0.8280395063366194,-0.0112498537134465,0.5946563879295781,0.01950586215490646
1970-01-03 05:12:00,-0.8282018079540513,-0.0152036440556434,0.5945244995569494,0.019612066456832
1970-01-03 05:13:00,-0.828261567813098,-0.0184761634345078,0.5945341652290493,0.019720288587057766
1970-01-03 05:14:00,-0.8282128544667678,-0.021038001262513,0.5946935150635435,0.01982327226816416
1970-01-03 05:15:00,-0.8280504775570765,-0.0228634878592159,0.5950098083163132,0.019915194735428354
1970-01-03 05:16:00,-0.8277700851724253,-0.0239308960921371,0.5954892967345143,0.01999191380103782
1970-01-03 05:17:00,-0.8273682560122478,-0.0242226492382748,0.5961370898135232,0.020051174032070573
1970-01-03 05:18:00,-0.8268425847852312,-0.0237255362884642,0.5969570241559327,0.020092765279513314
1970-01-03 05:19:00,-0.8261917591709096,-0.0224309345447792,0.5979515393650836,0.02011862701136269
1970-01-03 05:20:00,-0.8254156265968865,-0.0203350379334367,0.5991215631059527,0.020132892213855058
1970-01-03 05:21:00,-0.8245152490314313,-0.0174390880199074,0.6004664081237968,0.020141865115545166
1970-01-03 05:22:00,-0.8234929439690962,-0.0137496033158498,0.6019836841183813,0.020153927749617218
1970-01-03 05:23:00,-0.8223523098008445,-0.0092786011562945,0.6036692274214788,0.02017937148809601
1970-01-03 05:24:00,-0.821098233816782,-0.0040438052489292,0.6055170514084031,0.020230151232679905
1970-01-03 05:25:00,-0.8197368811969065,0.0019311689947699,0.6075193204798733,0.020319561982639067
1970-01-03 05:26:00,-0.8182756635112978,0.0086166599945788,0.6096663502677833,0.020461840037713452
1970-01-03 05:27:00,-0.8167231854833684,0.0159768455255429,0.6119466364374159,0.020671694104482663
1970-01-03 05:28:00,-0.8150891690755799,0.0239696774982437,0.614346914069176,0.020963774974415372
1970-01-03 05:29:00,-0.8133843543437718,0.0325468750306816,0.6168522490948573,0.02135209608581179
1970-01-03 05:30:00,-0.8116203769805767,0.0416539841959264,0.6194461626276413,0.021849420963577115
1970-01-03 05:31:00,-0.8098096230359444,0.0512305117205643,0.6221107882536966,0.022466636988417887
1970-01-03 05:32:00,-0.8079650619685654,0.0612101383056633,0.6248270614392443,0.023212137877609118
1970-01-03 05:33:00,-0.8061000599507663,0.0715210151076683,0.6275749391430471,0.024091239341036186
1970-01-03 05:34:00,-0.8042281762237565,0.0820861442264637,0.6303336465068909,0.025105653298640007
1970-01-03 05:35:00,-0.8023629462686886,0.0928238408574352,0.6330819461471963,0.026253045556513088
1970-01-03 05:36:00,-0.8005176565713301,0.1036482713410299,0.6357984241808011,0.027526699811361466
1970-01-03 05:37:00,-0.7987051167025812,0.1144700582197013,0.6384617858756411,0.02891530735003567
1970-01-03 05:38:00,-0.7969374351500003,0.1251969412173683,0.6410511529610946,0.03040289709724453
1970-01-03 05:39:00,-0.7952258056449141,0.1357344822409628,0.6435463543545533,0.03196891514999667
1970-01-03 05:40:00,-0.7935803105249082,0.1459868031580088,0.6459282024265401,0.03358845709454705
1970-01-03 05:41:00,-0.792009746976491,0.1558573469067265,0.6481787478448693,0.03523265068694181
1970-01-03 05:42:00,-0.7905214809811398,0.1652496548271155,0.6502815072916235,0.03686918125603533
1970-01-03 05:43:00,-0.7891213326449678,0.1740681553479952,0.6522216596990847,0.03846294768867531
1970-01-03 05:44:00,-0.7878134954675456,0.1822189609643734,0.653986207949347,0.039976833186054606
1970-01-03 05:45:00,-0.7866004910532292,0.1896106716790482,0.6555641041704545,0.04137257214532575
1970-01-03 05:46:00,-0.7854831597973291,0.1961551837646102,0.6569463378331203,0.042611692450872374
1970-01-03 05:47:00,-0.7844606871855924,0.2017685028606805,0.6581259868140692,0.0436565110256939
1970-01-03 05:48:00,-0.7835306645229709,0.2063715600991535,0.659098232454773,0.04447115953030156
1970-01-03 05:49:00,-0.7826891821510692,0.209891029194778,0.6598603404181312,0.045022616429656326
1970-01-03 05:50:00,-0.7819309525177236,0.2122601413000751,0.6604116098411377,0.045281721117788054
1970-01-03 05:51:00,-0.7812494598218288,0.2134194929557532,0.6607532939099682,0.04522414527136842
1970-01-03 05:52:00,-0.7806371323704971,0.2133178407171617,0.6608884955538635,0.04483129602788716
1970-01-03 05:53:00,-0.7800855332712626,0.2119128740239387,0.6608220424535526,0.04409112494488765
1970-01-03 05:54:00,-0.7795855646942826,0.2091719556280563,0.6605603459239108,0.042998816062648215
1970-01-03 05:55:00,-0.7791276807539292,0.2050728165614579,0.6601112483453727,0.04155732593147854
1970-01-03 05:56:00,-0.7787021041072696,0.1996041905549244,0.6594838636041944,0.03977774845516446
1970-01-03 05:57:00,-0.7782990415976079,0.1927663713478865,0.6586884144972937,0.03767947819514328
1970-01-03 05:58:00,-0.7779088945955326,0.1845716755286206,0.6577360703973539,0.035290147736391386
1970-01-03 05:59:00,-0.7775224600478453,0.1750447932836894,0.656638787785169,0.032645318179751026
1970-01-03 06:00:00,-0.7771311186188921,0.1642230096076908,0.655409155603214,0.029787907124071866
1970-01-03 06:01:00,-0.7767270067000567,0.1521562791393944,0.6540602467877019,0.026767345919592733
1970-01-03 06:02:00,-0.7763031694736728,0.1389071389203571,0.652605476804545,0.02363846768925071
1970-01-03 06:03:00,-0.7758536926481379,0.1245504450997466,0.651058469556166,0.02046013961894344
1970-01-03 06:04:00,-0.7753738109320103,0.1091729220154562,0.6494329306498549,0.017293667036751392
1970-01-03 06:05:00,-0.7748599917870928,0.0928725152453768,0.6477425277325449,0.014201012222746057
1970-01-03 06:06:00,-0.774309993495143,0.0757575442195148,0.6460007774085688,0.011242886721630097
1970-01-03 06:07:00,-0.7737228970915438,0.0579456548846952,0.6442209381721692,0.008476790800451717
1970-01-03 06:08:00,-0.7730991122619719,0.0395625787829157,0.6424159088134607,0.005955085934172377
1970-01-03 06:09:00,-0.7724403578559313,0.0207407117909762,0.640598131916336,0.0037231940056456914
1970-01-03 06:10:00,-0.7717496182243307,0.0016175336941785,0.6387795023981048,0.0018180185685534589
1970-01-03 06:11:00,-0.771031077124409,-0.0176661013622694,0.6369712815583528,0.0002666777210258431
1970-01-03 06:12:00,-0.7702900314486384,-0.0369677643176383,0.6351840177163084,0.0
1970-01-03 06:13:00,-0.7695327874740489,-0.0561452936404315,0.6334274749953815,0.0
1970-01-03 06:14:00,-0.768766542588325,-0.0750586303752106,0.6317105719262179,0.0
1970-01-03 06:15:00,-0.7679992554711347,-0.0935715975384645,0.630041331239028,0.0
1970-01-03 06:16:00,-0.7672395075584404,-0.1115535822635428,0.6284268416781458,0.0
1970-01-03 06:17:00,-0.7664963584075277,-0.1288810876243204,0.6268732321204964,0.0
1970-01-03 06:18:00,-0.7657791973755179,-0.1454391294500743,0.6253856578306368,0.0
1970-01-03 06:19:00,-0.765097593837583,-0.1611224608987587,0.6239682983557777,0.0003355501306230302
1970-01-03 06:20:00,-0.7644611480045393,-0.1758366139560193,0.6226243663461468,0.0014891228485096608
1970-01-03 06:21:00,-0.7638793442570291,-0.1894987523959619,0.6213561264735118,0.0027486552712707724
1970-01-03 06:22:00,-0.7633614087992479,-0.2020383351194103,0.6201649236075445,0.004064072544649466
1970-01-03 06:23:00,-0.7629161733512952,-0.2133975922414109,0.6190512194790635,0.005387503539769911
1970-01-03 06:24:00,-0.7625519465427968,-0.2235318189558771,0.618014637168075,0.006674742414807255
1970-01-03 06:25:00,-0.762276394626983,-0.232409494272258,0.6170540128329052,0.007886466615456555
1970-01-03 06:26:00,-0.7620964330773974,-0.2400122334372434,0.6161674540835751,0.008989185760016172
1970-01-03 06:27:00,-0.7620181305352374,-0.2463345843594713,0.6153524042920978,0.00995591001985674
1970-01-03 06:28:00,-0.7620466264394097,-0.2513836796206748,0.6146057119727071,0.010766539036979328
1970-01-03 06:29:00,-0.7621860635045536,-0.2551787565907729,0.6139237042113471,0.011407982867627009
1970-01-03 06:30:00,-0.7624395360253142,-0.257750558729571,0.6133022630038876,0.011874034860857696
1970-01-03 06:31:00,-0.7628090547813272,-0.2591406313912875,0.6127369032803945,0.012165022877151488
1970-01-03 06:32:00,-0.7632955290952699,-0.2594005254191235,0.6122228513449756,0.012287270014553542
1970-01-03 06:33:00,-0.7638987663529314,-0.2585909215959406,0.61175512244483,0.012252399258632307
1970-01-03 06:34:00,-0.7646174890257118,-0.2567806886708348,0.6113285961972588,0.012076518414869453
1970-01-03 06:35:00,-0.7654493689373221,-0.2540458872766115,0.6109380886490213,0.011779322486294319
1970-01-03 06:36:00,-0.7663910781820856,-0.2504687316546825,0.6105784198184465,0.011383150443883938
1970-01-03 06:37:00,-0.7674383557306047,-0.2461365207502815,0.6102444756812042,0.01091203217341108
1970-01-03 06:38:00,-0.7685860883682765,-0.2411405498704653,0.6099312637269689,0.010390759308821051
1970-01-03 06:39:00,-0.7698284042546419,-0.235575013504318,0.6096339614810214,0.009844010714452622
1970-01-03 06:40:00,-0.7711587771175564,-0.2295359089228906,0.6093479577799653,0.009295559616268712
1970-01-03 06:41:00,-0.7725701388861146,-0.2231199490022164,0.6090688870614637,0.008767584891362423
1970-01-03 06:42:00,-0.7740549983194485,-0.2164234918948544,0.6087926573537494,0.008280103897286839
1970-01-03 06:43:00,-0.7756055628016164,-0.2095414951836195,0.6085154729428744,0.007850538553951125
1970-01-03 06:44:00,-0.7772138599186371,-0.2025665030454927,0.6082338528556998,0.00749342030873601
1970-01-03 06:45:00,-0.7788718548039132,-0.1955876763648681,0.607944646367249,0.007220233314489954
1970-01-03 06:46:00,-0.780571558770449,-0.1886898769217739,0.6076450467323306,0.007039388918039791
1970-01-03 06:47:00,-0.782305124742205,-0.1819528168853802,0.6073326042279418,0.006956318778891024
1970-01-03 06:48:00,-0.7840649255822069,-0.1754502834908555,0.6070052393728274,0.006973669035748253
1970-01-03 06:49:00,-0.7858436124269331,-0.1692494463921854,0.6066612569126407,0.0070915742548431915
1970-01-03 06:50:00,-0.7876341512833983,-0.1634102525399234,0.6062993608825474,0.007307987613354605
1970-01-03 06:51:00,-0.7894298372343124,-0.1579849110475656,0.6059186708113552,0.00761904292857607
1970-01-03 06:52:00,-0.7912242865683569,-0.1530174685343216,0.6055187389146571,0.008019424668519903
1970-01-03 06:53:00,-0.7930114080014239,-0.148543473859262,0.6050995679378958,0.008502723826369518
1970-01-03 06:54:00,-0.7947853548814018,-0.1445897299625405,0.6046616291547464,0.009061760308390676
1970-01-03 06:55:00,-0.7965404608748435,-0.1411741296745514,0.6042058799019419,0.009688856038410965
1970-01-03 06:56:00,-0.7982711621207402,-0.1383055718152376,0.60373377993723,0.010376047076549044
1970-01-03 06:57:00,-0.7999719092071305,-0.1359839536549132,0.6032473058411187,0.011115227447738185
1970-01-03 06:58:00,-0.8016370725832971,-0.134200235812376,0.6027489626449107,0.011898221859061975
1970-01-03 06:59:00,-0.8032608451697915,-0.1329365758809545,0.6022417918561624,0.012716788864469253
1970-01-03 07:00:00,-0.8048371459838511,-0.1321665274358283,0.6017293750627374,0.013562560152686753
1970-01-03 07:01:00,-0.8063595285767369,-0.1318553015217755,0.6012158323188216,0.014426925360673248
1970-01-03 07:02:00,-0.8078210979906392,-0.131960088216599,0.6007058145458424,0.015300875046465379
1970-01-03 07:03:00,-0.8092144397771651,-0.1324304364183604,0.6002044892241304,0.01617481710512192
1970-01-03 07:04:00,-0.810531564360977,-0.1332086906255556,0.5997175187187639,0.017038383907814314
1970-01-03 07:05:00,-0.8117638696723171,-0.1342304841558716,0.5992510306828808,0.017880248730954174
1970-01-03 07:06:00,-0.8129021245118401,-0.1354252889514982,0.5988115801155566,0.018687970579779556
1970-01-03 07:07:00,-0.8139364745557995,-0.1367170228126961,0.5984061028187952,0.019447886274658766
1970-01-03 07:08:00,-0.8148564722709368,-0.1380247155195869,0.5980418602006929,0.02014506764891255
1970-01-03 07:09:00,-0.8156511313190461,-0.1392632356762686,0.5977263756109734,0.020763359909677703
1970-01-03 07:10:00,-0.8163090053568297,-0.1403440799880015,0.5974673626508367,0.021285514656543825
1970-01-03 07:11:00,-0.8168182905538133,-0.141176225946861,0.597272646099614,0.021693427763283424
1970-01-03 07:12:00,-0.5815880314822848,0.7310078589658973,0.47394432275113985,0.04749241014022654
1970-01-03 07:13:00,-0.5748071027425516,0.7272913206953674,0.48017404036587935,0.04399376414008871
1970-01-03 07:14:00,-0.8173339853796446,-0.1412521231456887,0.597152347454605,0.02204595396698439
1970-01-03 07:15:00,-0.817128535314564,-0.1401621945988262,0.5972921624841788,0.021813295756671236
1970-01-03 07:16:00,-0.8167151904852057,-0.1383648027520727,0.5975338626012461,0.021379086316667406
1970-01-03 07:17:00,-0.8160832955133284,-0.135775049374147,0.5978839457808564,0.020731121241501338
1970-01-03 07:18:00,-0.8152230790436981,-0.1323130385557045,0.5983483149448084,0.019860831081683683
1970-01-03 07:19:00,-0.8141258748651554,-0.1279050804242769,0.5989321652469863,0.018764147529122033
1970-01-03 07:20:00,-0.8127843432892791,-0.1224848862898506,0.5996398725261816,0.01744233880296009
1970-01-03 07:21:00,-0.8111926883087917,-0.1159947359634515,0.600474884903836,0.015902772777567575
1970-01-03 07:22:00,-0.8093468657773221,-0.108386596147473,0.6014396196926916,0.014159563137921216
1970-01-03 07:23:00,-0.8072447776401765,-0.0996231672466644,0.602535367932071,0.012234052029781894
1970-01-03 07:24:00,-0.8048864471176383,-0.0896788347550759,0.6037622089694031,0.010155082715667119
1970-01-03 07:25:00,-0.8022741697140854,-0.0785405006039389,0.6051189375566609,0.007959018122881911
1970-01-03 07:26:00,-0.7994126350141453,-0.066208269577966,0.6066030059149943,0.005689466369154239
1970-01-03 07:27:00,-0.7963090144470873,-0.0526959661934347,0.6082104831322743,0.0033966828402143268
1970-01-03 07:28:00,-0.7929730105686819,-0.0380314583540026,0.6099360340878294,0.0011366305323570192
1970-01-03 07:29:00,-0.7894168639430427,-0.0222567657445008,0.611772919833132,0.0
1970-01-03 07:30:00,-0.7856553144222225,-0.0054279333976631,0.6137130209766533,0.0
1970-01-03 07:31:00,-0.7817055145307414,0.0123853457011123,0.6157468851065698,0.0
1970-01-03 07:32:00,-0.7775868937740762,0.0311003706159825,0.6178637986290144,0.0
1970-01-03 07:33:00,-0.7733209740143958,0.0506223411101887,0.6200518826059198,0.0
1970-01-03 07:34:00,-0.7689311376068767,0.0708455342489052,0.6222982112523232,0.0
1970-01-03 07:35:00,-0.7644423517691288,0.0916547404671,0.6245889507252522,0.0
1970-01-03 07:36:00,-0.7598808546082015,0.1129269420852065,0.6269095148253576,0.0
1970-01-03 07:37:00,-0.7552738101561235,0.1345332084087783,0.6292447334685861,0.0
1970-01-03 07:38:00,-0.7506489413291481,0.1563407719819748,0.6315790293748712,0.0
1970-01-03 07:39:00,-0.7460341506531033,0.1782152390146729,0.6338965981473045,0.0
1970-01-03 07:40:00,-0.7414571388907969,0.2000228738639808,0.6361815866103825,0.0
1970-01-03 07:41:00,-0.736945031565069,0.2216328866798158,0.6384182642762001,0.0
1970-01-03 07:42:00,-0.7325240228973019,0.2429196496009378,0.640591183553962,0.002974807625273801
1970-01-03 07:43:00,-0.7282190458081927,0.2637647712818363,0.6426853256696645,0.006438900817271165
1970-01-03 07:44:00,-0.7240534753143077,0.2840589694105925,0.6446862306617839,0.010229315166726538
1970-01-03 07:45:00,-0.7200488710301858,0.3037036929698268,0.6465801109144376,0.014284057661108296
1970-01-03 07:46:00,-0.7162247627683289,0.3226124582576469,0.6483539484781653,0.018537948008231275
1970-01-03 07:47:00,-0.712598481579713,0.3407118742400115,0.6499955770146965,0.0229249372933098
1970-01-03 07:48:00,-0.7091850370695667,0.3579423433508581,0.6514937496526142,0.027380281980966092
1970-01-03 07:49:00,-0.7059970404882486,0.3742584333154085,0.6528381943801935,0.031842480288275965
1970-01-03 07:50:00,-0.7030446719527629,0.3896289239404509,0.6540196588354951,0.0362549026544865
1970-01-03 07:51:00,-0.7003356892066122,0.4040365401170345,0.6550299464850248,0.04056707333954157
1970-01-03 07:52:00,-0.6978754745679595,0.4174773885585087,0.6558619462163624,0.04473558399041888
1970-01-03 07:53:00,-0.6956671161351766,0.4299601211042749,0.6565096573134389,0.04872464086510564
1970-01-03 07:54:00,-0.693711518900066,0.4415048518146989,0.6569682116421082,0.05250626446534068
1970-01-03 07:55:00,-0.6920075411493727,0.4521418586206751,0.65723389465612,0.05606017329005031
1970-01-03 07:56:00,-0.6905521514035982,0.461910103024353,0.6573041665494866,0.059373392363345046
1970-01-03 07:57:00,-0.6893406011373744,0.4708556033279596,0.6571776845420391,0.0624396324600327
1970-01-03 07:58:00,-0.6883666086346237,0.4790296981513551,0.6568543269023817,0.06525848805090151
1970-01-03 07:59:00,-0.6876225495396308,0.4864872376430234,0.6563352188980477,0.06783450149864967
1970-01-03 08:00:00,-0.6870996499570003,0.4932847398471446,0.6556227604288845,0.07017613855359728
1970-01-03 08:01:00,-0.6867881783147819,0.4994785492090902,0.6547206546605375,0.07229471631267348
1970-01-03 08:02:00,-0.6866776326215783,0.5051230332274069,0.653633936545191,0.07420332006710617
1970-01-03 08:03:00,-0.6867569202060329,0.5102688518353256,0.6523689997108012,0.07591574037555948
1970-01-03 08:04:00,-0.687014527511944,0.5149613322610669,0.6509336198313392,0.07744545669991254
1970-01-03 08:05:00,-0.6874386780212419,0.5192389799128287,0.6493369722718763,0.0788046893945702
1970-01-03 08:06:00,-0.6880174768763675,0.5231321532977413,0.6475896415465373,0.08000353802181004
1970-01-03 08:07:00,-0.6887390412575362,0.5266619281497411,0.6457036199472374,0.08104922104764478
1970-01-03 08:08:00,-0.6895916160228672,0.529839172842405,0.6436922926088442,0.08194543001548071
1970-01-03 08:09:00,-0.6905636745277931,0.5326638538260168,0.6415704062826844,0.0826918102432661
1970-01-03 08:10:00,-0.6916440048965695,0.535124586274074,0.6393540192043138,0.08328357977820144
1970-01-03 08:11:00,-0.6928217823172141,0.5371984413734265,0.6370604296714985,0.08371129851103531
1970-01-03 08:12:00,-0.694086628165617,0.538851017767824,0.6347080813021534,0.08396079966851033
1970-01-03 08:13:00,-0.695428656928721,0.5400367805914787,0.6323164434267391,0.08401329599647167
1970-01-03 08:14:00,-0.6968385119852576,0.5406996673307078,0.6299058656915305,0.08384567244140562
1970-01-03 08:15:00,-0.6983073913109117,0.5407739554505333,0.6274974067132869,0.08343097569017588
1970-01-03 08:16:00,-0.6998270640994447,0.5401853823334998,0.6251126375406596,0.0827391082554827
1970-01-03 08:17:00,-0.7013898791344652,0.5388525035719662,0.6227734217685891,0.08173773069972579
1970-01-03 08:18:00,-0.702988765529618,0.5366882709643613,0.6205016754387122,0.08039336996939261
1970-01-03 08:19:00,-0.7046172262349941,0.5336018067374161,0.6183191112361001,0.07867272468544995
1970-01-03 08:20:00,-0.7062693245732697,0.5295003458862206,0.6162469726386747,0.07654414977424007
1970-01-03 08:21:00,-0.7079396641001796,0.5242913145521654,0.614305764224271,0.0739792933200707
1970-01-03 08:22:00,-0.7096233623016359,0.5178845092278411,0.6125149841962954,0.07095484829540255
1970-01-03 08:23:00,-0.7113160189955701,0.5101943391048219,0.6108928645800524,0.06745437116962272
1970-01-03 08:24:00,-0.7130136807119992,0.5011420918251884,0.6094561237723011,0.06347010859965252
1970-01-03 08:25:00,-0.7147128026934233,0.4906581812000363,0.6082197353765835,0.05900476279097866
1970-01-03 08:26:00,-0.7164102104397959,0.4786843341889329,0.6071967165776935,0.05407311608020171
1970-01-03 08:27:00,-0.7181030629137349,0.4651756736790571,0.6063979386902301,0.04870342633015756
1970-01-03 08:28:00,-0.7197888196355573,0.450102653440611,0.6058319619332461,0.04293849751867618
1970-01-03 08:29:00,-0.7214652139347312,0.4334528021581025,0.6055048959198305,0.03683632536648873
1970-01-03 08:30:00,-0.7231302345766719,0.4152322347345278,0.6054202868076435,0.030470217230848418
1970-01-03 08:31:00,-0.7247821178564391,0.3954668911908247,0.6055790315454189,0.02392829037979416
1970-01-03 08:32:00,-0.7264193520588003,0.3742034664531962,0.6059793191968978,0.01731226506193817
1970-01-03 08:33:00,-0.7280406959248495,0.3515099981569322,0.6066165989754593,0.010735490560996652
1970-01-03 08:34:00,-0.7296452124079257,0.3274760843703093,0.6074835744286292,0.0043201755540416276
1970-01-03 08:35:00,-0.7312323185119806,0.3022127089940079,0.6085702231759272,0.0
1970-01-03 08:36:00,-0.7328018513743946,0.2758516596877844,0.6098638416735769,0.0
1970-01-03 08:37:00,-0.7343541499917485,0.2485445316691335,0.6113491145843009,0.0
1970-01-03 08:38:00,-0.735890151083337,0.2204613207539649,0.6130082084251239,0.0
1970-01-03 08:39:00,-0.7374114964712308,0.1917886207358249,0.6148208892563964,0.0
1970-01-03 08:40:00,-0.7389206478764132,0.1627274538608759,0.6167646643150158,0.0
1970-01-03 08:41:00,-0.7404210030582415,0.1334907788280625,0.6188149477408283,0.0
1970-01-03 08:42:00,-0.7419170048954078,0.1043007374678271,0.6209452508802511,0.0
1970-01-03 08:43:00,-0.7434142329176403,0.0753857158730442,0.623127397956906,0.0
1970-01-03 08:44:00,-0.7449194657834045,0.046977303603301,0.6253317680374679,0.0
1970-01-03 08:45:00,-0.7464407037027064,0.0193072328914708,0.6275275641498484,0.0
1970-01-03 08:46:00,-0.7479871415254917,-0.0073956297813779,0.6296831101949985,0.0
1970-01-03 08:47:00,-0.7495690854814706,-0.0329081804669531,0.6317661760075993,0.0
1970-01-03 08:48:00,-0.7511978088792968,-0.0570158167403136,0.633744330580189,0.0
1970-01-03 08:49:00,-0.7528853442845537,-0.0795149845094118,0.6355853230466043,0.0
1970-01-03 08:50:00,-0.7546442117789026,-0.1002155083930377,0.6372574905034636,0.0
1970-01-03 08:51:00,-0.7564870848617116,-0.1189426899913935,0.6387301911254878,0.0
1970-01-03 08:52:00,-0.7584263973916805,-0.1355391654693124,0.6399742603020625,0.001573022542946223
1970-01-03 08:53:00,-0.7604738966779551,-0.1498665195882793,0.6409624866926448,0.0057899535038494765
1970-01-03 08:54:00,-0.7626401494153696,-0.1618066577715741,0.6416701041740113,0.009723682296394864
1970-01-03 08:55:00,-0.7649340086135686,-0.1712629410902511,0.6420752946420977,0.01326981427171825
1970-01-03 08:56:00,-0.7673620509902254,-0.1781610913487831,0.6421596955484189,0.016343921296995134
1970-01-03 08:57:00,-0.7699279954784156,-0.1824498748548777,0.6419089049170428,0.018883760429897478
1970-01-03 08:58:00,-0.7726321145288103,-0.1841015740487627,0.6413129754517465,0.02085067784238892
1970-01-03 08:59:00,-0.7754706507491027,-0.1831122559019311,0.640366888314546,0.02223019916474067
1970-01-03 09:00:00,-0.7784352520765817,-0.1795018447853627,0.6390709963968794,0.02303181396894005
1970-01-03 09:01:00,-0.7815124390788506,-0.1733140054178731,0.6374314265279566,0.023287965547541534
1970-01-03 09:02:00,-0.7846831181010524,-0.1646158388552656,0.6354604300536076,0.02305226083457179
1970-01-03 09:03:00,-0.7879221538409422,-0.1534973916925806,0.6331766714630094,0.022396922459545943
1970-01-03 09:04:00,-0.7911980145651305,-0.1400709760564158,0.6306054451444169,0.02140951827902482
1970-01-03 09:05:00,-0.7944725025992682,-0.1244702957727105,0.6277788108808803,0.02018902528262001
1970-01-03 09:06:00,-0.7977005819364467,-0.1068493724653767,0.6247356393583207,0.018841315368806733
1970-01-03 09:07:00,-0.8008303138110155,-0.087381264420053,0.6215215597667221,0.017474189424555364
1970-01-03 09:08:00,-0.8038029098788838,-0.0662565709783929,0.6181888025462295,0.016192130810466887
1970-01-03 09:09:00,-0.8065529112311031,-0.0436817161486311,0.6147959314781145,0.015090995085218717
1970-01-03 09:10:00,-0.8090084998482389,-0.0198770071548024,0.6114074606584748,0.014252893113435583
1970-01-03 09:11:00,-0.8110919472851644,0.0049255330864712,0.6080933534302991,0.013741552030463344
1970-01-03 09:12:00,-0.8127202033698983,0.0304845559777599,0.6049284020945256,0.013598445529296344
1970-01-03 09:13:00,-0.8138056255208076,0.0565519901500536,0.601991489177003,0.013839966050259056
1970-01-03 09:14:00,-0.814256846953849,0.0828758401902327,0.5993647331958559,0.014455864538916341
1970-01-03 09:15:00,-0.8139797795906895,0.1092031550872374,0.5971325242488446,0.015409110742715226
1970-01-03 09:16:00,-0.8128787449188324,0.1352831297305584,0.5953804573137238,0.016637235242547233
1970-01-03 09:17:00,-0.8108577234277292,0.1608702909208194,0.5941941738983331,0.0180551136544973
1970-01-03 09:18:00,-0.8078217105748986,0.1857277073442018,0.5936581255075013,0.019559055343322918
1970-01-03 09:19:00,-0.8036781645185294,0.2096301535192405,0.5938542751422081,0.02103197476526164
1970-01-03 09:20:00,-0.7983385280476908,0.23236715404656,0.5948607555138353,0.022349362055624322
1970-01-03 09:21:00,-0.791719804218241,0.2537458377700928,0.5967505047387983,0.02338573543069611
1970-01-03 09:22:00,-0.7837461621968836,0.2735935398424902,0.599589902006189,0.024021250946326456
1970-01-03 09:23:00,-0.7743505468290658,0.2917601001705114,0.6034374271382038,0.024148160129751517
1970-01-03 09:24:00,-0.7634762626193126,0.3081198173123484,0.6083423690767716,0.02367683544060295
1970-01-03 09:25:00,-0.7510785003036543,0.3225730268804541,0.6143436090858051,0.02254111962002625
1970-01-03 09:26:00,-0.7371257721492729,0.3350472826559297,0.6214685048466817,0.02070279126597585
1970-01-03 09:27:00,-0.7216012206532908,0.3454981268614835,0.6297319016544081,0.018154971148493848
1970-01-03 09:28:00,-0.7045037645446474,0.3539094433472255,0.6391352965775005,0.014924320173249406
1970-01-03 09:29:00,-0.6858490460546073,0.3602933938080125,0.6496661806785567,0.011071901455664834
1970-01-03 09:30:00,-0.6656701444301828,0.3646899426413695,0.6612975831345539,0.006692599013754519
1970-01-03 09:31:00,-0.6440180226632448,0.3671659809636708,0.6739878392402494,0.0019130094653081464
1970-01-03 09:32:00,-0.6209616773808,0.3678140651033814,0.6876806016872483,0.0
1970-01-03 09:33:00,-0.5965879658075498,0.3667507899550467,0.7023051110690977,0.0
1970-01-03 09:34:00,-0.5710010887843187,0.3641148229629314,0.7177767372212885,0.0
1970-01-03 09:35:00,-0.5443217152062354,0.3600646299797675,0.7339977977720177,0.0
1970-01-03 09:36:00,-0.5166857412098848,0.3547759293969939,0.7508586541653882,0.0
1970-01-03 09:37:00,-0.4882426873248304,0.3484389152682534,0.768239078381978,0.0
1970-01-03 09:38:00,-0.4591537489047327,0.3412552932973464,0.7860098755188363,0.0
1970-01-03 09:39:00,-0.4295895295663122,0.3334351756017887,0.8040347382008407,0.0
1970-01-03 09:40:00,-0.3997275039226663,0.3251938816033435,0.8221722984574851,0.0
1970-01-03 09:41:00,-0.369749273955855,0.3167486938940858,0.8402783314142203,0.0
1970-01-03 09:42:00,-0.3398377009086299,0.3083156197720965,0.8582080538823559,0.0
1970-01-03 09:43:00,-0.3101740072884549,0.3001062106926714,0.8758184521085824,0.0
1970-01-03 09:44:00,-0.2809349464994108,0.2923244915697073,0.8929705697285414,0.0
1970-01-03 09:45:00,-0.2522901291964843,0.2851640484347907,0.9095316907876478,0.0
1970-01-03 09:46:00,-0.2243995792867081,0.2788053169151991,0.925377361828249,0.0
1970-01-03 09:47:00,-0.1974115741008303,0.2734131072640841,0.9403932082774884,0.0
1970-01-03 09:48:00,-0.1714608061626456,0.2691343959641236,0.9544765114046534,0.0064082382234931234
1970-01-03 09:49:00,-0.1466668892035385,0.2660964097686941,0.9675375221205046,0.014123923587012976
1970-01-03 09:50:00,-0.1231332185484957,0.2644050252107642,0.9795004967654324,0.022004417813614507
1970-01-03 09:51:00,-0.100946185543355,0.2641435046945366,0.9903044478529384,0.029885830024561022
1970-01-03 09:52:00,-0.0801747371539838,0.265371588917008,0.999903609602812,0.037620979538665944
1970-01-03 09:53:00,-0.0608702651028905,0.2681249641568176,1.0082676241207262,0.045083627002090676
1970-01-03 09:54:00,-0.0430668036446243,0.2724151211684443,1.0153814593535782,0.052171210315310246
1970-01-03 09:55:00,-0.0267815108095699,0.2782296184595348,1.021245074558649,0.05880615422261415
1970-01-03 09:56:00,-0.0120154041376718,0.2855327546963949,1.0258728530650882,0.06493588285727658
1970-01-03 09:57:00,0.0012456814786766,0.2942666423683719,1.0292928256882157,0.07053170412946352
1970-01-03 09:58:00,0.0130299487121434,0.3043526593437173,1.0315457113527655,0.07558675866864273
1970-01-03 09:59:00,0.0233783414994531,0.3156932388893996,1.03268380424739,0.08011323827023165
1970-01-03 10:00:00,0.03234313360017,0.3281739436794444,1.03276973896426,0.08413908209302345
1970-01-03 10:01:00,0.0399864375931248,0.3416657571240589,1.0318751662313477,0.08770435480764549
1970-01-03 10:02:00,0.0463786688822493,0.3560275187943925,1.0300793717010994,0.09085750080856703
1970-01-03 10:03:00,0.0515969973394938,0.3711084314318799,1.0274678687560777,0.09365165356270477
1970-01-03 10:04:00,0.055723816090271,0.3867505736665309,1.0241309936878835,0.09614115977057658
1970-01-03 10:05:00,0.0588452529642004,0.4027913621066591,1.0201625282960174,0.09837845450622384
1970-01-03 10:06:00,0.061049745999092,0.4190659166334235,1.0156583712665228,0.10041139629419105
1970-01-03 10:07:00,0.0624267008356248,0.4354092926537167,1.010715275855074,0.10228114106757213
1970-01-03 10:08:00,0.0630652452208773,0.4516585534146159,1.0054296676387846,0.10402060243257671
1970-01-03 10:09:00,0.0630530938878319,0.4676546639345229,0.99989655263058,0.10565351413137436
1970-01-03 10:10:00,0.062475535194086,0.4832441954982261,0.9942085229331604,0.1071940805718985
1970-01-03 10:11:00,0.0614145486479674,0.4982808360827644,0.988454864278306,0.108647174311294
1970-01-03 10:12:00,0.0599480597300519,0.5126267074719665,0.9827207672934264,0.11000901687721787
1970-01-03 10:13:00,0.0581493352766097,0.5261534939189529,0.9770866423291,0.11126826238050547
1970-01-03 10:14:00,0.0560865191697585,0.5387433900541186,0.9716275361859696,0.11240739256551224
1970-01-03 10:15:00,0.0538223043704706,0.5502898777004626,0.9664126479187214,0.11340432727945338
1970-01-03 10:16:00,0.0514137338789323,0.5606983425999922,0.9615049399596628,0.11423415536977077
1970-01-03 10:17:00,0.0489121204659177,0.5698865427340554,0.9569608401373582,0.11487089686395757
1970-01-03 10:18:00,0.0463630731592523,0.5777849399768181,0.952830029767105,0.11528921676969861
1970-01-03 10:19:00,0.0438066173751292,0.584336906600924,0.949155312691962,0.1154660226798323
1970-01-03 10:20:00,0.0412773950759926,0.5894988180819192,0.94597255973215,0.11538189138538346
1970-01-03 10:21:00,0.038804931345413,0.5932400438030639,0.9433107224110744,0.11502228286428728
1970-01-03 10:22:00,0.0364139542653259,0.5955428472638252,0.9411919092853248,0.1143785124886858
1970-01-03 10:23:00,0.0341247557553687,0.5964022068440117,0.939631517961761,0.11344846348220994
1970-01-03 10:24:00,0.0319535817043706,0.5958255669823712,0.9386384160081884,0.1122370312392782
1970-01-03 10:25:00,0.0299130400656543,0.5938325276444305,0.9382151645224373,0.11075629901180695
1970-01-03 10:26:00,0.0280125158041178,0.5904544768863997,0.9383582792503428,0.10902545081460246
1970-01-03 10:27:00,0.0262585821298514,0.5857341675403619,0.9390585256524296,0.1070704326104035
1970-01-03 10:28:00,0.0246553986107208,0.5797252357299565,0.9403012456386785,0.10492337751196912
1970-01-03 10:29:00,0.0232050884081033,0.5724916569928498,0.9420667143749883,0.10262181539625481
1970-01-03 10:30:00,0.0219080886312664,0.5641071353913915,0.9443305255313332,0.10020769220963044
1970-01-03 10:31:00,0.020763469265885,0.5546544219861483,0.9470640026649862,0.09772622936166031
1970-01-03 10:32:00,0.0197692171890276,0.5442245609672072,0.9502346333866746,0.09522465877815423
1970-01-03 10:33:00,0.0189224827058265,0.5329160634738477,0.9538065221683988,0.09275087407477756
1970-01-03 10:34:00,0.0182197872169102,0.5208340095184456,0.9577408577397672,0.0903520425538693
1970-01-03 10:35:00,0.0176571920937308,0.5080890774340002,0.9619963919944589,0.08807322605177847
1970-01-03 10:36:00,0.0172304302220848,0.4947964992298897,0.9665299285038872,0.08595606083741791
1970-01-03 10:37:00,0.0169350025961241,0.4810749407759274,0.971296819299703,0.08403754738349023
1970-01-03 10:38:00,0.016766242777054,0.467045308462847,0.9762514682204958,0.08234899928659267
1970-01-03 10:39:00,0.0167193521951933,0.45282948829346,0.9813478381261016,0.08091519630390853
1970-01-03 10:40:00,0.01678940942535,0.4385490280959923,0.9865399582520976,0.07975377912783532
1970-01-03 10:41:00,0.0169713569068336,0.4243237779647134,0.9917824272969844,0.0788749133224873
1970-01-03 10:42:00,0.0172599692051801,0.410270508205899,0.9970309074596858,0.0782812373728734
1970-01-03 10:43:00,0.0176498077639226,0.3965015286202761,1.002242604240753,0.07796809584866926
1970-01-03 10:44:00,0.0181351680400788,0.3831233382797928,1.007376726083751,0.07792404412820808
1970-01-03 10:45:00,0.0187100258189687,0.3702353402783626,1.0123949168608748,0.07813159676493986
1970-01-03 10:46:00,0.0193679901065322,0.3579286586579288,1.0172616532495469,0.07856817814240746
1970-01-03 10:47:00,0.0201022698479128,0.3462850917009932,1.021944598882098,0.07920722253499402
1970-01-03 10:48:00,0.0209056604232237,0.3353762268165159,1.026414908014441,0.08001936257907305
1970-01-03 10:49:00,0.0217705535308289,0.325262731384664,1.0306474728732966,0.08097364203247959
1970-01-03 10:50:00,0.0226889714138662,0.3159938257855088,1.0346211102466023,0.08203869114107643
1970-01-03 10:51:00,0.0236526242604054,0.3076069404558457,1.038318684215248,0.08318381009018694
1970-01-03 10:52:00,0.0246529882986061,0.3001275563109332,1.041727163369228,0.08437991626114227
1970-01-03 10:53:00,0.0256814012995268,0.2935692254711226,1.044837612430643,0.08560032280125496
1970-01-03 10:54:00,0.0267291715154275,0.28793376636514,1.0476451198305874,0.08682132824487843
1970-01-03 10:55:00,0.0277876954459666,0.2832116239454789,1.0501486644062683,0.08802260882313573
1970-01-03 10:56:00,0.0288485793223202,0.2793823822911452,1.0523509259086763,0.08918741606963132
1970-01-03 10:57:00,0.029903758826254,0.2764154140206756,1.0542580452258277,0.0903025918631688
1970-01-03 10:58:00,0.0309456112873247,0.2742706493157804,1.0558793409608276,0.09135842077748113
1970-01-03 10:59:00,0.0319670545835629,0.2728994467864042,1.0572269893672954,0.09234834539248937
1970-01-03 11:00:00,0.0329616274817652,0.272245548049487,1.0583156749567106,0.09326857412901535
1970-01-03 11:01:00,0.0339235472729196,0.2722460971453314,1.0591622195431436,0.09411761332043356
1970-01-03 11:02:00,0.0348477420521507,0.2728327050300455,1.0597851979457755,0.09489575569782516
1970-01-03 11:03:00,0.035729856444401,0.2739325392222064,1.0602045486914775,0.09560455628495945
1970-01-03 11:04:00,0.0365662306362197,0.2754694198730298,1.0604411876245643,0.09624632401605848
1970-01-03 11:05:00,0.0373538532351547,0.2773649057435925,1.0605166314803645,0.09682365352691247
1970-01-03 11:06:00,0.0380902890726178,0.2795393558231482,1.0604526375854837,0.09733901695768821
1970-01-03 11:07:00,0.0387735838097711,0.2819129541080187,1.060270865065483,0.09779443057526538
1970-01-03 11:08:00,0.0394021478637411,0.2844066869322381,1.0599925620231978,0.09819120574358586
1970-01-03 11:09:00,0.0399746224215566,0.2869432649857151,1.0596382818189292,0.0985297884238645
1970-01-03 11:10:00,0.0404897303785981,0.2894479855954467,1.0592276299888008,0.09880968632565557
1970-01-03 11:11:00,0.0409461155922459,0.291849533864681,1.058779041978727,0.09902947846384724
1970-01-03 11:12:00,0.0413421751776436,0.2940807230167925,1.0583095910751972,0.09918689842094164
1970-01-03 11:13:00,0.0416758912915497,0.2960791748899694,1.0578348255931913,0.09927898003930191
1970-01-03 11:14:00,0.0419446703152003,0.2977879415229773,1.0573686342823785,0.09930225245312996
1970-01-03 11:15:00,0.0421451980792818,0.2991560684249907,1.056923138889442,0.09925297021047452
1970-01-03 11:16:00,0.0422733194910428,0.3001390993745815,1.0565086128489842,0.09912736365639696
1970-01-03 11:17:00,-0.09119024186838195,0.0533858626966438,1.0456898955129221,0.0510152558957957
1970-01-03 11:18:00,-0.0894913742902322,0.043466660004153654,1.0423253990103685,0.0470626982308151
1970-01-03 11:19:00,0.0421674717562736,0.3004394325513703,1.0555248524496237,0.09825983375743341
1970-01-03 11:20:00,0.0419452699052329,0.2995817182536245,1.055298516248039,0.09779942155866062
1970-01-03 11:21:00,0.0416154815813834,0.2982274011621281,1.0551256691971052,0.09725184388535268
1970-01-03 11:22:00,0.0411683722507098,0.2963780184651518,1.0550051490968204,0.0966178136998812
1970-01-03 11:23:00,0.040593543143398,0.2940432469960959,1.054934043207742,0.09589922089924685
1970-01-03 11:24:00,0.0398800978686376,0.2912408115205877,1.0549077887529354,0.09509911664323356
1970-01-03 11:25:00,0.0390168360467559,0.2879962993514881,1.0549202919012923,0.09422164308715786
1970-01-03 11:26:00,0.0379924705384096,0.2843428791752955,1.0549640638092403,0.09327191342511654
1970-01-03 11:27:00,0.0367958647622536,0.2803209228923308,1.0550303722244323,0.09225584996869407
1970-01-03 11:28:00,0.0354162862855953,0.2759775303709863,1.0551094070772689,0.09117999042636304
1970-01-03 11:29:00,0.0338436723362976,0.271365958373605,1.0551904583867144,0.09005127447822225
1970-01-03 11:30:00,0.0320689022677425,0.2665449565524703,1.055262104686637,0.08887682404571695
1970-01-03 11:31:00,0.0300840714934572,0.2615780153063828,1.0553124100540356,0.08766373124385596
1970-01-03 11:32:00,0.027882761067874,0.2565325323947882,1.055329127706074,0.08641886780675612
1970-01-03 11:33:00,0.025460296888841,0.2514789075505186,1.0552999080254428,0.08514872876439306
1970-01-03 11:34:00,0.0228139924132019,0.2464895769559458,1.055212508762889,0.0838593213362242
1970-01-03 11:35:00,0.0199433689240321,0.2416380022961128,1.05505500506664,0.08255610747612718
1970-01-03 11:36:00,0.0168503479736156,0.2369976320554997,1.054815996931384,0.08124400539799304
1970-01-03 11:37:00,0.0135394117228835,0.2326408557156732,1.0544848116306995,0.07992745190487405
1970-01-03 11:38:00,0.0100177283082186,0.2286379742445497,1.054051698645006,0.07861052357351439
1970-01-03 11:39:00,0.0062952407339216,0.2250562116028337,1.0535080145651887,0.07729711091694824
1970-01-03 11:40:00,0.0023847187882439,0.2219587901113281,1.0528463956406626,0.075991135746442
1970-01-03 11:41:00,-0.0016982260594169,0.2194040863901513,1.0520609162216374,0.07469679842156274
1970-01-03 11:42:00,-0.0059351628827362,0.2174448753836404,1.051147232211338,0.0734188389322259
1970-01-03 11:43:00,-0.0103049012221213,0.2161276610077679,1.0501027093968167,0.07216279413362492
1970-01-03 11:44:00,-0.0147835901183603,0.2154920867154371,1.0489265367339542,0.07093523307361993
1970-01-03 11:45:00,-0.0193448587241384,0.2155704192607319,1.0476198241642531,0.06974395310337944
1970-01-03 11:46:00,-0.0239600018339913,0.2163871030444562,1.0461856835599752,0.06859812115580177
1970-01-03 11:47:00,-0.0285982137855227,0.2179583882802658,1.0446292903763916,0.0675083471175939
1970-01-03 11:48:00,-0.0332268731625556,0.2202920417106916,1.0429579229363166,0.06648667959654397
1970-01-03 11:49:00,-0.0378118786465416,0.2233871523559987,1.041180976098658,0.06554651845626025
1970-01-03 11:50:00,-0.0423180336291631,0.2272340458573368,1.0393099461792077,0.0647024428421119
1970-01-03 11:51:00,-0.0467094743550843,0.231814318629966,1.0373583841918637,0.06396995755028634
1970-01-03 11:52:00,-0.0509501341157892,0.2371009977391956,1.035341814761927,0.06336516432026262
1970-01-03 11:53:00,-0.0550042351409198,0.2430588267412469,1.0332776184772732,0.06290436822243528
1970-01-03 11:54:00,-0.0588368004801177,0.2496446747431442,1.031184875893104,0.06260363305845318
1970-01-03 11:55:00,-0.0624141794477503,0.2568080665096264,1.0290841717742245,0.06247830350402461
1970-01-03 11:56:00,-0.0657045809263547,0.2644918337958892,1.026997358507013,0.06254251513988951
1970-01-03 11:57:00,-0.0686786083747981,0.2726328890188765,1.024947278177449,0.06280871584045578
1970-01-03 11:58:00,-0.071309788676647,0.2811631189674406,1.02295744382345,0.06328722239215034
1970-01-03 11:59:00,-0.0735750841931991,0.2900103879687672,1.0210516818576645,0.06398583410128
1970-01-03 12:00:00,-0.0754553742840101,0.2990996299077712,1.01925373934248,0.06490952070254985
1970-01-03 12:01:00,-0.0769358903145521,0.3083540015176262,1.0175868612169898,0.06606019604517188
1970-01-03 12:02:00,-0.0780065876157942,0.3176960679323296,1.0160733434063351,0.06743658288071241
1970-01-03 12:03:00,-0.0786624389745679,0.3270489944766552,1.014734068021363,0.06903416825506703
1970-01-03 12:04:00,-0.078903636598901,0.3363377234385851,1.0135880268209982,0.07084524381035862
1970-01-03 12:05:00,-0.078735692825865,0.3454901192685424,1.0126518389780697,0.07285902094479635
1970-01-03 12:06:00,-0.0781694339037065,0.3544380694681016,1.011939269119863,0.07506180746594437
1970-01-03 12:07:00,-0.0772208856462069,0.3631185310863656,1.0114607517320255,0.07743723023321358
1970-01-03 12:08:00,-0.0759110542126392,0.3714745143161094,1.0112229283615346,0.0799664873421495
1970-01-03 12:09:00,-0.0742656093757818,0.379455995541712,1.011228204573631,0.08262861361305096
1970-01-03 12:10:00,-0.0723144812159156,0.3870207527160024,1.011474334220334,0.0854007444316851
1970-01-03 12:11:00,-0.0700913841496691,0.3941351162737833,1.0119540392024546,0.08825836521955033
1970-01-03 12:12:00,-0.0676332844659814,0.4007746286681567,1.0126546735015471,0.09117553671088152
1970-01-03 12:13:00,-0.0649798287897517,0.4069246044095446,1.013557940750904,0.09412508932142805
1970-01-03 12:14:00,-0.062172750740524,0.4125805799625431,1.0146396749047066,0.09707878285362903
1970-01-03 12:15:00,-0.0592552715002499,0.4177486401855865,1.0158696935237013,0.10000743079190766
1970-01-03 12:16:00,-0.0562715076083549,0.4224456071307255,1.0172117327128578,0.1028809920935525
1970-01-03 12:17:00,-0.0532658966966277,0.4266990787245327,1.0186234718238047,0.10566863792261127
1970-01-03 12:18:00,-0.0502826493214094,0.4305473081778454,1.0200566548213006,0.10833880580226474
1970-01-03 12:19:00,-0.0473652325807903,0.4340389185918379,1.0214573138936542,0.11085925850966549
1970-01-03 12:20:00,-0.0445558889506743,0.4372324504973268,1.022766099547317,0.11319716914449351
1970-01-03 12:21:00,-0.0418951919663499,0.4401957429535669,1.0239187200316815,0.115319256740265
1970-01-03 12:22:00,-0.0394216391469688,0.4430051515073042,1.0248464914166688,0.11719199820984194
1970-01-03 12:23:00,-0.0371712818436386,0.4457446088902745,1.0254769979582283,0.11878194206470072
1970-01-03 12:24:00,-0.0351773913108786,0.4485045367979946,1.025734860570383,0.120056147064586
1970-01-03 12:25:00,-0.0334701601081953,0.4513806193259236,1.025542609355596,0.12098276468668656
1970-01-03 12:26:00,-0.0320764378618061,0.454472450532158,1.024821654297584,0.12153177809451488
1970-01-03 12:27:00,-0.0310195004287332,0.4578820701273393,1.0234933464227045,0.12167590226521852
1970-01-03 12:28:00,-0.0303188516243791,0.4617124025021885,1.0214801199905086,0.12139164029521288
1970-01-03 12:29:00,-0.0299900569706558,0.466065615249137,1.0187067045727178,0.12066047988499462
1970-01-03 12:30:00,-0.0300446094214749,0.4710414141447262,1.01510139418628,0.11947020186947443
1970-01-03 12:31:00,-0.0304898275792486,0.4767352925322706,1.0105973588605104,0.11781625970795462
1970-01-03 12:32:00,-0.0313287872490435,0.4832367545662274,1.00513398201474,0.11570317543466913
1970-01-03 12:33:00,-0.0325602870928312,0.4906275339722679,0.9986582047959812,0.1131458841470907
1970-01-03 12:34:00,-0.034178848723898,0.4989798324796144,0.9911258562727344,0.1101709462482956
1970-01-03 12:35:00,-0.0361747511389669,0.5083546043482989,0.9825029463605692,0.10681753509297165
1970-01-03 12:36:00,-0.038534099238894,0.5187999151751923,0.9727668966962246,0.1031380983802268
1970-01-03 12:37:00,-0.0412389263912477,0.530349404488073,0.9619076833785936,0.09919858589498243
1970-01-03 12:38:00,-0.0442673313193925,0.5430208826302769,0.9499288645683096,0.0950781357212569
1970-01-03 12:39:00,-0.0475936498234175,0.5568150930282518,0.9368484654755752,0.09086811787287785
1970-01-03 12:40:00,-0.0511886618798648,0.5717146709376698,0.9226996933932022,0.08667045062352208
1970-01-03 12:41:00,-0.0550198345773115,0.5876833290278327,0.9075314562444672,0.08259513276540908
1970-01-03 12:42:00,-0.0590516011821241,0.6046652986069148,0.8914086596718879,0.07875697609776489
1970-01-03 12:43:00,-0.0632456764621057,0.6225850528533488,0.8744122600425912,0.07527157692387121
1970-01-03 12:44:00,-0.0675614082855915,0.6413473350419472,0.8566390539469653,0.07225063152328892
1970-01-03 12:45:00,-0.0719561653788479,0.6608375104304759,0.8382011888630645,0.06979677413022345
1970-01-03 12:46:00,-0.0763857606917079,0.6809222552684745,0.819225384648568,0.06799818960939752
1970-01-03 12:47:00,-0.0808049088439536,0.7014505903315871,0.7998518613902483,0.0669233168973562
1970-01-03 12:48:00,-0.0851677146417451,0.7222552593101315,0.780232975961124,0.0666160021280362
1970-01-03 12:49:00,-0.0894281879203804,0.7431544438899523,0.7605315776570554,0.06709147165631357
1970-01-03 12:50:00,-0.0935407781951624,0.763953797015837,0.7409191028163822,0.06833346763943693
1970-01-03 12:51:00,-0.0974609208890407,0.7844487636710629,0.7215734393142422,0.07029282079689914
1970-01-03 12:52:00,-0.1011455854275716,0.8044271457399178,0.7026766032538991,0.07288763205435211
1970-01-03 12:53:00,-0.1045538145895775,0.8236718567227035,0.6844122797756288,0.07600510984378284
1970-01-03 12:54:00,-0.1076472445051474,0.8419638061514778,0.6669632850088935,0.07950498084468727
1970-01-03 12:55:00,-0.1103905956131126,0.8590848536235409,0.6505090057246203,0.08322427772554675
1970-01-03 12:56:00,-0.1127521263644135,0.8748207768297503,0.6352228686164069,0.08698322267915493
1970-01-03 12:57:00,-0.1147040430368573,0.8889642040757394,0.621269884845521,0.09059187757519127
1970-01-03 12:58:00,-0.1162228604489134,0.9013174677318038,0.6088043092349827,0.09385722005775654
1970-01-03 12:59:00,-0.1172897095538344,0.9116953402013678,0.5979674478760658,0.09659032369956932
1970-01-03 13:00:00,-0.1178905888663516,0.9199276183300544,0.5888856429887966,0.0986133598441219
1970-01-03 13:01:00,-0.1180165574482669,0.9258615257542192,0.581668459630877,0.09976618862066666
1970-01-03 13:02:00,-0.1176638677903197,0.9293639055941416,0.5764070952295116,0.0999123575246792
1970-01-03 13:03:00,-0.116834037411207,0.9303231782370166,0.5731730298467327,0.09894437093353847
1970-01-03 13:04:00,-0.1155338583837876,0.9286510408515756,0.5720169324875023,0.09678812865574526
1970-01-03 13:05:00,-0.1137753443260183,0.924283886868936,0.5729678365104414,0.09340645424174632
1970-01-03 13:06:00,-0.1115756146950347,0.9171839251028538,0.5760325951843578,0.08880164445893368
1970-01-03 13:07:00,-0.1089567165322499,0.9073399796214336,0.5811956265292247,0.08301697170155675
1970-01-03 13:08:00,-0.1059453841566122,0.8947679530802217,0.5884189546650099,0.07613706398977116
1970-01-03 13:09:00,-0.1025727377187585,0.8795109381498237,0.5976425528347868,0.0682870764954453
1970-01-03 13:10:00,-0.0988739220341214,0.8616389640946294,0.6087849909301716,0.059630559245213766
1970-01-03 13:11:00,-0.0948876877301026,0.8412483686588799,0.6217443875892582,0.050365924120129524
1970-01-03 13:12:00,-0.0906559174954034,0.8184607893601207,0.6363996636356206,0.04072142813168611
1970-01-03 13:13:00,-0.0862231011380679,0.793421773236164,0.6526120896726001,0.030948627722023003
1970-01-03 13:14:00,-0.0816357642755669,0.7662990101929321,0.6702271159380254,0.02131432868149208
1970-01-03 13:15:00,-0.0769418568252206,0.7372802025074995,0.6890764669588056,0.012091163708903396
1970-01-03 13:16:00,-0.0721901090587149,0.7065705918992625,0.7089804770211903,0.0035470741225733793
1970-01-03 13:17:00,-0.0674293648438252,0.6743901760301789,0.7297506348956209,0.0
1970-01-03 13:18:00,-0.0627079038251528,0.6409706584601224,0.751192297539757,0.0
1970-01-03 13:19:00,-0.0580727666748638,0.606552189995673,0.7731075226629004,0.0
1970-01-03 13:20:00,-0.0535691000359135,0.5713799744991962,0.7952979596440629,0.0
1970-01-03 13:21:00,-0.0492395399542722,0.5357008266405128,0.8175677292375187,0.0
1970-01-03 13:22:00,-0.0451236536808874,0.4997597792255581,0.8397262177943908,0.0
1970-01-03 13:23:00,-0.0412574588545592,0.463796839811657,0.8615907136666834,0.0
1970-01-03 13:24:00,-0.0376730357412787,0.4280439884326538,0.8829888217873,0.0
1970-01-03 13:25:00,-0.0343982425988985,0.3927224916504075,0.9037606047199416,0.0
1970-01-03 13:26:00,-0.0314565372518727,0.3580405864074346,0.9237604120332972,0.0
1970-01-03 13:27:00,-0.0288669007783605,0.3241915641678995,0.9428583729341328,0.0
1970-01-03 13:28:00,-0.0266438528650406,0.2913522642767811,0.9609415389914964,0.004492248926813103
1970-01-03 13:29:00,-0.0247975436304756,0.2596819668156355,0.977914674328723,0.012110049513784027
1970-01-03 13:30:00,-0.0233339040463147,0.2293216604951456,0.993700699782246,0.020085278689002006
1970-01-03 13:31:00,-0.0222548366487678,0.2003936509453004,1.0082408051810994,0.028203488773346663
1970-01-03 13:32:00,-0.0215584297418194,0.1730014690006344,1.021494250159148,0.03626482005205145
1970-01-03 13:33:00,-0.0212391810872795,0.147230036569429,1.0334378788981062,0.044088902355977844
1970-01-03 13:34:00,-0.0212882203957688,0.1231460491432622,1.044065377936685,0.05151826001895321
1970-01-03 13:35:00,-0.0216935231775514,0.10079853904696,1.0533863086352786,0.0584203652812596
1970-01-03 13:36:00,-0.0224401113123277,0.0802195914084184,1.0614249471755213,0.06468852718905604
1970-01-03 13:37:00,-0.0235102379219752,0.061425193219879,1.0682189654526593,0.07024181557346987
1970-01-03 13:38:00,-0.0248835560842502,0.0444162021685391,1.0738179862974988,0.07502421278522364
1970-01-03 13:39:00,-0.0265372734609175,0.0291794254984054,1.0782820463470055,0.07900316831297682
1970-01-03 13:40:00,-0.0284462987333055,0.0156888012779963,1.081679999470727,0.08216770957747421
1970-01-03 13:41:00,-0.0305833902586824,0.0039066756094771,1.0840878927332087,0.0845262399060529
1970-01-03 13:42:00,-0.032919320788744,-0.0062148317996967,1.0855873453226967,0.08610413411434492
1970-01-03 13:43:00,-0.0354230729646857,-0.0147323858558561,1.0862639587418992,0.0869412244242509
1970-01-03 13:44:00,-0.0380620785944265,-0.0217099373920496,1.0862057838959018,0.08708925492684605
1970-01-03 13:45:00,-0.040802511434634,-0.0272171937981656,1.0855018675451753,0.08660937094324916
1970-01-03 13:46:00,-0.0436096395359628,-0.0313280886521217,1.0842408969487665,0.08556969947365323
1970-01-03 13:47:00,-0.0464482400743302,-0.0341192786230434,1.082509957508928,0.0840430675419408
1970-01-03 13:48:00,-0.0492830771382669,-0.0356686917058772,1.0803934140642084,0.08210489621549222
1970-01-03 13:49:00,-0.0520794403118502,-0.0360541480267974,1.077971922494843,0.07983129950023282
1970-01-03 13:50:00,-0.0548037380787297,-0.0353520752894107,1.0753215748637126,0.07729740940097196
1970-01-03 13:51:00,-0.0574241351867785,-0.0336363434100649,1.0725131786825328,0.07457594117291677
1970-01-03 13:52:00,-0.059911218251722,-0.0309772429739757,1.069611669119975,0.0717360059139065
1970-01-03 13:53:00,-0.0622386699057815,-0.0274406278720556,1.066675651891116,0.06884217096210743
1970-01-03 13:54:00,-0.0643839287858674,-0.0230872355820493,1.0637570739306046,0.0659537621633155
1970-01-03 13:55:00,-0.0663288101591143,-0.017972192561104,1.0609010185263257,0.06312439623628818
1970-01-03 13:56:00,-0.068060059451906,-0.0121447094283406,1.0581456211635747,0.06040172635060492
1970-01-03 13:57:00,-0.0695698084600757,-0.0056479706141393,1.0555221017014844,0.057827379585889016
1970-01-03 13:58:00,-0.0708559028706753,0.0014807764120179,1.0530549075951758,0.05543706116503455
1970-01-03 13:59:00,-0.0719220716228448,0.0092099285626622,1.0507619617692576,0.053260797462731935
1970-01-03 14:00:00,-0.0727779142074896,0.0175130313007122,1.048655007525715,0.051323287990183264
1970-01-03 14:01:00,-0.073438690651907,0.026368085713658,1.0467400415001218,0.04964433581501604
1970-01-03 14:02:00,-0.0739249097783035,0.0357566722535996,1.045017824079697,0.04823932598459879
1970-01-03 14:03:00,-0.0742617235979348,0.0456629133141148,1.0434844548519775,0.0471197222676103
1970-01-03 14:04:00,-0.0744781482061463,0.0560723053902469,1.0421319987107462,0.046293553802587706
1970-01-03 14:05:00,-0.0746061423464918,0.0669704598151972,1.0409491465374854,0.045765865115515725
1970-01-03 14:06:00,-0.0746795821087289,0.0783417980948168,1.0399218933140786,0.04553910568022346
1970-01-03 14:07:00,-0.0747331734718595,0.0901682522419138,1.0390342163999196,0.04561343898179282
1970-01-03 14:08:00,-0.074801344316254,0.1024280213713486,1.0382687375573454,0.0459869559714845
1970-01-03 14:09:00,-0.0749171552358073,0.11509443359639,1.0376073539241748,0.0466557837756536
1970-01-03 14:10:00,-0.0751112649388842,0.1281349580419854,1.0370318252142745,0.04761408739114903
1970-01-03 14:11:00,-0.0754109818516806,0.1415104063518177,1.0365243067489491,0.04885396970745193
1970-01-03 14:12:00,-0.0758394289688633,0.1551743567094869,1.036067820359648,0.05036528329496792
1970-01-03 14:13:00,-0.0764148440675888,0.1690728259565946,1.0356466576760863,0.05213537552278469
1970-01-03 14:14:00,-0.0771500322079119,0.1831442063812335,1.0352467127483929,0.05414879597571387
1970-01-03 14:15:00,-0.0780519821168686,0.1973194727395225,1.034855743288854,0.05638700089148285
1970-01-03 14:16:00,-0.0791216525204824,0.2115226519851638,1.0344635620192233,0.05882809244272891
1970-01-03 14:17:00,-0.0803539285805268,0.2256715335741899,1.034062161619553,0.061446630310423966
1970-01-03 14:18:00,-0.0817377425773563,0.2396785840082243,1.0336457784861346,0.06421354885945552
1970-01-03 14:19:00,-0.0832563476923949,0.2534520189132612,1.033210901747137,0.06709620597742583
1970-01-03 14:20:00,-0.0848877299294943,0.2668969824158562,1.0327562345720844,0.07005858062200643
1970-01-03 14:21:00,-0.08660514088142,0.2799167869859378,1.032282614686276,0.0730616266772175
1970-01-03 14:22:00,-0.0883777326388253,0.2924141746328365,1.0317929003262538,0.076063781713819
1970-01-03 14:23:00,-0.0901712751687328,0.3042925693523935,1.031291826935542,0.07902162116089428
1970-01-03 14:24:00,-0.0919489358985837,0.3154572992478657,1.0307858389236,0.0818906415100693
1970-01-03 14:25:00,-0.0936721012863067,0.3258167740343805,1.0302828999166092,0.08462615064460821
1970-01-03 14:26:00,-0.0953012210334723,0.3352836092295758,1.0297922842376168,0.08718423922710095
1970-01-03 14:27:00,-0.0967966571368401,0.3437756919467761,1.029324351991877,0.08952280417155523
1970-01-03 14:28:00,-0.0981195217046742,0.3512171849859543,1.0288903101289286,0.09160259336730014
1970-01-03 14:29:00,-0.0992324889721794,0.3575394663695557,1.028501962116502,0.09338823981097155
1970-01-03 14:30:00,-0.1001005681061464,0.3626820010772328,1.028171449278485,0.09484925298050939
1970-01-03 14:31:00,-0.1006918242991613,0.3665931407647569,1.0279109873407328,0.09596093554116347
1970-01-03 14:32:00,-0.1009780364634437,0.3692308459095891,1.0277326022292628,0.09670519425416035
1970-01-03 14:33:00,-0.1009352805897546,0.3705633234138578,1.027647869588709,0.09707121528069806
1970-01-03 14:34:00,-0.1005444285633615,0.3705695715947001,1.0276676627252916,0.09705597601866978
1970-01-03 14:35:00,-0.099791553127054,0.3692398239316999,1.0278019136428185,0.09666456828898329
1970-01-03 14:36:00,-0.0986682310696602,0.3665758827973754,1.028059391550456,0.09591031121446458
1970-01-03 14:37:00,-0.0971717386896762,0.3625913343461051,1.0284475027988151,0.09481463661936052
1970-01-03 14:38:00,-0.0953051358985213,0.3573116356980549,1.0289721157387048,0.09340673534675181
1970-01-03 14:39:00,-0.093077237743948,0.3507740657950355,1.0296374134695676,0.09172295965447419
1970-01-03 14:40:00,-0.0905024746261278,0.343027532007594,1.0304457768164583,0.08980598483746083
1970-01-03 14:41:00,-0.0876006450506243,0.334132225544733,1.031397699225563,0.08770374235291967
1970-01-03 14:42:00,-0.084396567253959,0.3241591196938299,1.0324917347294422,0.08546814680558157
1970-01-03 14:43:00,-0.0809196382477434,0.3131893059649231,1.0337244797348468,0.08315364987060625
1970-01-03 14:44:00,-0.0772033106519078,0.3013131647246244,1.035090589033613,0.08081566509647509
1970-01-03 14:45:00,-0.0732844989953844,0.2886293693191001,1.0365828260203258,0.07850891782443359
1970-01-03 14:46:00,-0.0692029277872496,0.2752437262628973,1.0381921465689996,0.0762857832652808
1970-01-03 14:47:00,-0.0650004337569573,0.2612678588384836,1.0399078153518686,0.07419468202022594
1970-01-03 14:48:00,-0.0607202347870819,0.2468177471937742,1.0417175525685964,0.07227860492127447
1970-01-03 14:49:00,-0.0564061786070368,0.2320121442216899,1.0436077081856634,0.07057383707800735
1970-01-03 14:50:00,-0.0521019850891369,0.2169708924660616,1.0455634600583923,0.06910894395146894
1970-01-03 14:51:00,-0.0478504966079355,0.2018131727179858,1.0475690318392668,0.06790407021266853
1970-01-03 14:52:00,-0.0436929514468239,0.186655720377388,1.0496079262600473,0.06697058573498316
1970-01-03 14:53:00,-0.0396682961294131,0.1716110518365529,1.0516631689957971,0.06631109337404029
1970-01-03 14:54:00,-0.03581255391251,0.1567857496793809,1.053717557815416,0.06591979152689831
1970-01-03 14:55:00,-0.0321582675371021,0.1422788600485398,1.0557539113099856,0.06578316248382943
1970-01-03 14:56:00,-0.0287340331147762,0.1281804552239204,1.0577553114856897,0.06588093741122925
1970-01-03 14:57:00,-0.0255641379304468,0.1145704083320764,1.0597053350447123,0.06618727282580683
1970-01-03 14:58:00,-0.0226683087720611,0.1015174169365857,1.0615882690978615,0.06667206359323763
1970-01-03 14:59:00,-0.0200615709915571,0.0890783006910696,1.063389308067096,0.06730231462134251
1970-01-03 15:00:00,-0.0177542135295777,0.0772975868701885,1.0650947294254327,0.06804349709356128
1970-01-03 15:01:00,-0.0157518522037625,0.0662073869162325,1.0666920466131675,0.06886082407295335
1970-01-03 15:02:00,-0.0140555820571231,0.0558275573855037,1.0681701380128932,0.06972039304347155
1970-01-03 15:03:00,-0.012662208463198,0.0461661301910312,1.0695193513582275,0.07059015782404066
1970-01-03 15:04:00,-0.0115645455846248,0.037219989984798,1.0707315834416504,0.071440707714856
1970-01-03 15:05:00,-0.010751769997772,0.0289757706316357,1.0718003354436016,0.07224584629589459
1970-01-03 15:06:00,-0.0102098171533222,0.0214109374880041,1.0727207445687186,0.07298297490616568
1970-01-03 15:07:00,-0.009921808800942,0.0144950173036254,1.0734895929188988,0.07363329583321776
1970-01-03 15:08:00,-0.0098685003875185,0.008190933131575,1.0741052946718574,0.07418185738150607
1970-01-03 15:09:00,-0.0100287386087823,0.0024563982284483,1.074567862710289,0.07461746731574137
1970-01-03 15:10:00,-0.0103799205658507,-0.0027546785361092,1.0748788559172804,0.0749325029520842
1970-01-03 15:11:00,-0.0108984471112109,-0.0074908219277385,1.0750413084616512,0.07512264577653105
1970-01-03 15:12:00,-0.0115601638805006,-0.0118016961472461,1.075059642538803,0.0751865663393283
1970-01-03 15:13:00,-0.0123407842980015,-0.0157369223671097,1.0749395661655357,0.07512558177676532
1970-01-03 15:14:00,-0.0132162895535323,-0.0193450348089071,1.07468795771675,0.0749433041526979
1970-01-03 15:15:00,-0.0141633010860767,-0.022672592817892,1.074312738941817,0.07464529339471326
1970-01-03 15:16:00,-0.015159421461254,-0.0257634569150275,1.0738227382418113,0.0742387243701439
1970-01-03 15:17:00,-0.0161835397859982,-0.0286582283584495,1.0732275460621412,0.07373207395477177
1970-01-03 15:18:00,-0.0172160979534976,-0.0313938454006046,1.0725373643689882,0.07313483100929918
1970-01-03 15:19:00,-0.0182393139843412,-0.0340033254441521,1.071762852313339,0.07245723006314075
1970-01-03 15:20:00,-0.0192373586997512,-0.0365156399348926,1.07091497032769,0.07171000816524731
1970-01-03 15:21:00,-0.020196482320725,-0.0389557070558065,1.0700048250523,0.07090418369037677
1970-01-03 15:22:00,-0.0211050885213116,-0.0413444856496988,1.0690435176434216,0.07005085574030145
1970-01-03 15:23:00,-0.0219537547662366,-0.0436991525179673,1.0680419981355576,0.06916102298041094
1970-01-03 15:24:00,-0.0227351990497678,-0.0460333446966506,1.0670109285752103,0.06824542114568688
1970-01-03 15:25:00,-0.0234441941202254,-0.0483574485689348,1.0659605576288014,0.06731437893919012
1970-01-03 15:26:00,-0.0240774308127567,-0.0506789183554156,1.0649006093557725,0.06637769258669013
1970-01-03 15:27:00,-0.024633332503538,-0.0530026070715899,1.0638401888579692,0.06544451983947752
1970-01-03 15:28:00,-0.0251118238769478,-0.0553310933644508,1.0627877074444223,0.06452329457194295
1970-01-03 15:29:00,-0.025514060345507,-0.0576649884076134,1.0617508295216092,0.06362166307065675
1970-01-03 15:30:00,-0.0258421295474556,-0.0600032089935504,1.060736442482891,0.06274644255359907
1970-01-03 15:31:00,-0.0260987411876787,-0.0623432061061762,1.0597506496287152,0.061903601570153066
1970-01-03 15:32:00,-0.026286923291661,-0.0646811420668849,1.0587987849938982,0.06109826103889793
1970-01-03 15:33:00,-0.0264097410348686,-0.0670120135644896,1.0578854480813211,0.060334713968053455
1970-01-03 15:34:00,-0.0264700506595068,-0.0693297226544045,1.0570145557747843,0.05961646134109211
1970-01-03 15:35:00,-0.0264702979311026,-0.0716271032220637,1.05618940792828,0.058946261152300616
1970-01-03 15:36:00,-0.0264123686204124,-0.0738959158999921,1.0554127623155836,0.05832618717550875
1970-01-03 15:37:00,-0.0262974964053073,-0.0761268287359445,1.0546869140231785,0.05775769388944396
1970-01-03 15:38:00,-0.0261262301252552,-0.0783094028110161,1.054013774245665,0.05724168418047504
1970-01-03 15:39:00,-0.025898457456633,-0.0804321012373421,1.0533949438454444,0.05677857696266453
1970-01-03 15:40:00,-0.0256134770198192,-0.0824823370434533,1.052831777807978,0.05636837253464888
1970-01-03 15:41:00,-0.0252701074220261,-0.0844465709806027,1.0523254376512703,0.05601071415371539
1970-01-03 15:42:00,-0.0248668210685342,-0.0863104649863267,1.0518769297557404,0.05570494481581978
1970-01-03 15:43:00,-0.0244018927068861,-0.0880590919102917,1.0514871283551706,0.05545015852589952
1970-01-03 15:44:00,-0.0238735562268872,-0.0896771976761293,1.0511567826173998,0.05524524548207532
1970-01-03 15:45:00,-0.0232801665045905,-0.0911495080531506,1.0508865080242695,0.05508893071544252
1970-01-03 15:46:00,-0.0226203651245382,-0.0924610682919035,1.0506767632275131,0.05497980589881002
1970-01-03 15:47:00,-0.0218932496932025,-0.0935976000999908,1.0505278146266954,0.054916354234281206
1970-01-03 15:48:00,-0.0210985465178767,-0.0945458570542591,1.0504396919710912,0.05489696853276271
1970-01-03 15:49:00,-0.0202367857578577,-0.0952939569294903,1.0504121392758243,0.05491996287069223
1970-01-03 15:50:00,-0.0193094767081054,-0.0958316681914026,1.0504445661840975,0.05498357861380243
1970-01-03 15:51:00,-0.0183192789217471,-0.0961506287880451,1.0505360053703927,0.05508598605807036
1970-01-03 15:52:00,-0.0172701631044965,-0.0962444789897049,1.0506850812727977,0.05522528318785147
1970-01-03 15:53:00,-0.0161675548214301,-0.0961088965346225,1.050889994082823,0.0553994928392767
1970-01-03 15:54:00,-0.0150184543342616,-0.0957415307992896,1.0511485207558025,0.055606558987529864
1970-01-03 15:55:00,-0.0138315270520742,-0.0951418409984102,1.0514580326003595,0.05584434239568559
1970-01-03 15:56:00,-0.0126171604683048,-0.0943108493604241,1.0518155274612435,0.05611061582295518
1970-01-03 15:57:00,-0.0113874844902968,-0.0932508229821278,1.0522176737902884,0.05640305936063372
1970-01-03 15:58:00,-0.0101563524934004,-0.0919648986682846,1.052660863652779,0.05671925692174873
1970-01-03 15:59:00,-0.0089392803122214,-0.0904566656482352,1.0531412714015536,0.05705669508403277
1970-01-03 16:00:00,-0.0077533401581551,-0.0887297229280637,1.0536549141356455,0.057412765241981356
1970-01-03 16:01:00,-0.0066170067708459,-0.0867872304379672,1.0541977094588335,0.057784769588761664
1970-01-03 16:02:00,-0.0055499541994414,-0.0846314744321482,1.0547655259367703,0.058169931136226705
1970-01-03 16:03:00,-0.0045728030776086,-0.0822634669761935,1.0553542221410483,0.05856540786002795
1970-01-03 16:04:00,-0.0037068197145377,-0.0796825971019417,1.0559596710433317,0.058968310981611705
1970-01-03 16:05:00,-0.0029735697972068,-0.0768863482251456,1.0565777674940011,0.05937572722020801
1970-01-03 16:06:00,-0.002394531114616,-0.0738700936964473,1.0572044173747337,0.0597847444828743
1970-01-03 16:07:00,-0.0019906714169357,-0.0706269801827335,1.0578355076761317,0.060192479884120687
1970-01-03 16:08:00,-0.0017819991630783,-0.067147906203476,1.0584668573239262,0.06059610827200235
1970-01-03 16:09:00,-0.0017870963199738,-0.0634215996325892,1.0590941492611563,0.060992888766190356
1970-01-03 16:10:00,-0.0020226434025887,-0.0594347931630564,1.0597128452100375,0.061380186374242696
1970-01-03 16:11:00,-0.002502947580854,-0.0551724911369095,1.0603180856498369,0.061755485637338126
1970-01-03 16:12:00,-0.0032394850344972,-0.0506183153615597,1.0609045787244926,0.06211639346727171
1970-01-03 16:13:00,-0.0042404688504571,-0.0457549120321405,1.0614664828942848,0.06246062885130188
1970-01-03 16:14:00,-0.0055104536458983,-0.0405643970765265,1.0619972890764016,0.06278599793899797
1970-01-03 16:15:00,-0.0070499878494394,-0.0350288136001771,1.062489708767932,0.0630903542731811
1970-01-03 16:16:00,-0.0088553242203807,-0.0291305731426822,1.062935575210289,0.06337154565386838
1970-01-03 16:17:00,-0.0109181985766688,-0.0228528527757086,1.0633257648152472,0.06362735112448026
1970-01-03 16:18:00,-0.0132256855513073,-0.0161799235212555,1.0636501453072449,0.06385541324729793
1970-01-03 16:19:00,-0.0157601383770305,-0.0090973925299385,1.063897555049062,0.06405317167511826
1970-01-03 16:20:00,-0.0184992175160451,-0.0015923505846001,1.0640558153976245,0.06421780426310941
1970-01-03 16:21:00,-0.0214160108689628,0.0063465747094798,1.0641117757963254,0.06434618236760348
1970-01-03 16:22:00,-0.0244792463741432,0.0147292526919226,1.0640513902238635,0.06443484790063359
1970-01-03 16:23:00,-0.0276535958076102,0.0235641576726955,1.0638598233513927,0.06448002077501247
1970-01-03 16:24:00,-0.03090006653565,0.032858534280633,1.06352158487167,0.06447764601936457
1970-01-03 16:25:00,-0.0341764760968264,0.0426185998805017,1.063020690702267,0.06442348970477729
1970-01-03 16:26:00,-0.0374380028179749,0.0528497614276211,1.0623408500012408,0.06431329171410516
1970-01-03 16:27:00,-0.0406378040763098,0.06355682273871,1.0614656771167723,0.06414298124535511
1970-01-03 16:28:00,-0.0437276923824558,0.0747441574493222,1.0603789277726994,0.06390895786165984
1970-01-03 16:29:00,-0.0466588582700146,0.0864158219202429,1.0590647590521896,0.06360843697268814
1970-01-03 16:30:00,-0.0493826277853374,0.0985755800993656,1.057508013064839,0.06323985375608254
1970-01-03 16:31:00,-0.0518512409010946,0.1112268095787778,1.0556945243517415,0.06280331345847179
1970-01-03 16:32:00,-0.0540186357405075,0.1243722577270657,1.0536114507168708,0.062301068709385454
1970-01-03 16:33:00,-0.0558412228299649,0.138013621797505,1.051247625987427,0.06173799645346212
1970-01-03 16:34:00,-0.0572786341316739,0.1521509377275209,1.0485939312798729,0.06112203939807648
1970-01-03 16:35:00,-0.0582944332788778,0.1667817769221833,1.045643679025983,0.060464570625355485
1970-01-03 16:36:00,-0.0588567760020757,0.1819002663238347,1.042393001602444,0.0597806361506108
1970-01-03 16:37:00,-0.0589390128480011,0.1974959629812722,1.0388412341164128,0.05908902946348582
1970-01-03 16:38:00,-0.0585202292497645,0.2135526289026819,1.0349912789864075,0.058412155127014254
1970-01-03 16:39:00,-0.0575857197403317,0.2300469636693339,1.0308499387871366,0.057775645828989086
1970-01-03 16:40:00,-0.0561273926764729,0.246947359562578,1.026428203723333,0.057207709015733466
1970-01-03 16:41:00,-0.0541440990587611,0.2642127461988979,1.0217414811319832,0.05673819509972611
1970-01-03 16:42:00,-0.0516418745712659,0.2817915896355752,1.0168097563218492,0.05639739859102133
1970-01-03 16:43:00,-0.0486340790288804,0.299621105956904,1.011657676388057,0.05621462543022382
1970-01-03 16:44:00,-0.0451414134485796,0.3176267421623495,1.0063145509822382,0.05621658293334275
1970-01-03 16:45:00,-0.041191793637657,0.3357219675877375,1.0008142661140358,0.05642567113898056
1970-01-03 16:46:00,-0.03682006238585,0.3538084073988528,0.9951951086228926,0.05685827354813355
1970-01-03 16:47:00,-0.0320675310417517,0.3717763375863513,0.9894994996542852,0.05752315887280468
1970-01-03 16:48:00,-0.0269813537380699,0.389505550133148,0.9837736353921352,0.05842011164127214
1970-01-03 16:49:00,-0.0216137495833172,0.4068665874238328,0.97806703333787,0.059538907183359635
1970-01-03 16:50:00,-0.0160210962819024,0.4237223344214111,0.9724319837970894,0.06085873485829718
1970-01-03 16:51:00,-0.0102629227170211,0.4399299439116753,0.9669229095135056,0.06234815200803556
1970-01-03 16:52:00,-0.0044008299832221,0.4553430545202749,0.961595641184262,0.06396562056720945
1970-01-03 16:53:00,0.0015026284038788,0.4698142453112454,0.956506621932986,0.0656606405376654
1970-01-03 16:54:00,0.0073850758804295,0.4831976574805084,0.9517120586083944,0.06737545317523508
1970-01-03 16:55:00,0.0131854213701133,0.495351705714852,0.947267041086116,0.06904724629894932
1970-01-03 16:56:00,0.0188449189693155,0.5061418003131377,0.943224652136539,0.07061075904984215
1970-01-03 16:57:00,0.024308154440038,0.5154430050350471,0.9396350900198258,0.07200115681299835
1970-01-03 16:58:00,0.02952393852141,0.5231425627103808,0.9365448242458148,0.07315703030200793
1970-01-03 16:59:00,0.0344460914907553,0.5291422290148763,0.9339958025153758,0.0740233660689893
1970-01-03 17:00:00,0.0390341073410507,0.533360363029672,0.932024724488934,0.07455433806100742
1970-01-03 17:01:00,0.0432536891240576,0.53573373038898,0.9306623962328312,0.07471577975814991
1970-01-03 17:02:00,0.0470771496054754,0.5362189811852891,0.929933177839802,0.07448721213684006
1970-01-03 17:03:00,0.0504836737292294,0.5347937713100759,0.929854535187716,0.07386332266001916
1970-01-03 17:04:00,0.0534594416213274,0.5314575032482026,0.9304367046805792,0.07285481360440027
1970-01-03 17:05:00,0.0559976128714126,0.5262316703075902,0.9316824773029634,0.0714885636325755
1970-01-03 17:06:00,0.0580981744713046,0.5191597961200557,0.9335871059582144,0.06980707428757937
1970-01-03 17:07:00,0.0597676560068912,0.5103069685295802,0.9361383382070568,0.06786720293090664
1970-01-03 17:08:00,0.061018716571663,0.4997589739509211,0.9393165750073752,0.06573821546387104
1970-01-03 17:09:00,0.0618696087435831,0.4876210458616029,0.9430951541955928,0.06349922553824938
1970-01-03 17:10:00,0.0623435264958041,0.4740162503700884,0.9474407544162764,0.061236120776019476
1970-01-03 17:11:00,0.0624678467138126,0.4590835431742829,0.952313910700696,0.05903810885188032
1970-01-03 17:12:00,0.0622732781629718,0.4429755449362269,0.9576696275202564,0.05699404447683465
1970-01-03 17:13:00,0.0617929367450126,0.4258560948056291,0.963458069916208,0.05518871914048562
1970-01-03 17:14:00,0.0610613706661055,0.407897653138938,0.9696253090350108,0.05369930546865076
1970-01-03 17:15:00,0.0601135624472208,0.3892786326503876,0.9761140957099316,0.05259214421915037
1970-01-03 17:16:00,0.05898393567927,0.370180740299789,0.9828646352540132,0.051920042774221686
1970-01-03 17:17:00,0.0577053932622141,0.3507864092235768,0.9898153386418196,0.051720220361925584
1970-01-03 17:18:00,0.0563084115563921,0.3312763919497292,0.9969035293158895,0.052012990336959275
1970-01-03 17:19:00,0.0548202122180526,0.3118275750251715,1.0040660900503573,0.05280121837064922
1970-01-03 17:20:00,0.05326403066352,0.2926110626211388,1.0112400398130998,0.054070542730417115
1970-01-03 17:21:00,0.0516584970936623,0.2737905633702618,1.0183630358671738,0.05579029439239869
1970-01-03 17:22:00,0.0500171431878919,0.2555211006615232,1.025373801060676,0.05791501520565112
1970-01-03 17:23:00,0.0483480456409462,0.2379480518242715,1.0322124800043375,0.060386445010011336
1970-01-03 17:24:00,0.0466536168978915,0.2212065068347006,1.038820930414518,0.0631358352077831
1970-01-03 17:25:00,0.0449305529090646,0.2054209239044421,1.0451429574610616,0.06608644681982678
1970-01-03 17:26:00,0.0431699460883931,0.1907050485225482,1.0511244999909664,0.06915610378397097
1970-01-03 17:27:00,0.0413575680674498,0.1771620541750723,1.0567137784282143,0.07225969400888044
1970-01-03 17:28:00,0.0394743213387811,0.1648848570849045,1.061861414979568,0.07531153753852982
1970-01-03 17:29:00,0.0374968519990736,0.1539565543055495,1.0665205372140787,0.07822756912577833
1970-01-03 17:30:00,0.0353983083363946,0.1444509340422868,1.070646876033417,0.08092730825846117
1970-01-03 17:31:00,0.0331492230370385,0.136433007766209,1.0741988687819224,0.0833356111050978
1970-01-03 17:32:00,0.03071849126635,0.1299595145788039,1.0771377780170803,0.08538421490586101
1970-01-03 17:33:00,0.0280744132360858,0.1250793501593421,1.0794278361147067,0.08701309554858261
1970-01-03 17:34:00,0.0251857683035318,0.1218338770379805,1.0810364249395945,0.08817166318799363
1970-01-03 17:35:00,0.0220228884603729,0.1202570804848156,1.0819342979105502,0.0888198188947813
1970-01-03 17:36:00,0.0185587023616524,0.1203755445538048,1.0820958489796109,0.08892888819191413
1970-01-03 17:37:00,0.0147697262187071,0.1222082351457358,1.081499429715036,0.08848243624964347
1970-01-03 17:38:00,0.0106369837013282,0.1257660905684608,1.0801277122922546,0.08747695599531502
1970-01-03 17:39:00,0.0061468420350946,0.1310514336415295,1.077968093163603,0.0859224059781063
1970-01-03 17:40:00,0.001291754611044,0.1380572314313644,1.0750131297857786,0.08384256098027598
1970-01-03 17:41:00,-0.0039290985986646,0.1467662386883948,1.0712610010192325,0.08127512638516987
1970-01-03 17:42:00,-0.0095092818546605,0.1571500700011514,1.0667159802317807,0.07827155829346033
1970-01-03 17:43:00,-0.0154346951172849,0.1691682547852817,1.0613889082027868,0.07489652650679135
1970-01-03 17:44:00,-0.0216832953235128,0.1827673373522526,1.0552976506296736,0.0712269583628986
1970-01-03 17:45:00,-0.028224955642422,0.1978800877136143,1.0484675230055798,0.06735060970236972
1970-01-03 17:46:00,-0.0350214692209041,0.2144248844338637,1.040931664458262,0.06336412599011165
1970-01-03 17:47:00,-0.042026701572508,0.2323053193762817,1.03273134189863,0.05937058180568977
1970-01-03 17:48:00,-0.0491868927954801,0.251410059038016,1.0239161663521144,0.05547651983622237
1970-01-03 17:49:00,-0.0564411074923983,0.2716129817614707,1.014544204567709,0.05178854980373848
1970-01-03 17:50:00,-0.0637218269121914,0.2927735964261882,1.0046819708266073,0.048409611026810184
1970-01-03 17:51:00,-0.0709556748890177,0.3147377375020674,0.9944042859502196,0.04543504586513758
1970-01-03 17:52:00,-0.0780642671584382,0.3373385246625572,0.9837939923680292,0.042948670572008796
1970-01-03 17:53:00,-0.0849651727690244,0.3603975723830123,0.972941515590672,0.04101906011518941
1970-01-03 17:54:00,-0.0915729761584382,0.3837264341632685,0.9619442638481884,0.03969627920301999
1970-01-03 17:55:00,-0.0978004285141849,0.4071282654033743,0.9509058594593022,0.03900928863121944
1970-01-03 17:56:00,-0.1035596771068408,0.430399688280187,0.9399351979812997,0.038964231722295795
1970-01-03 17:57:00,-0.1087635612818109,0.4533328413241393,0.9291453344570624,0.03954376042042873
1970-01-03 17:58:00,-0.1133269635095097,0.4757175951147067,0.9186522001691836,0.04070749773204163
1970-01-03 17:59:00,-0.1171682031532539,0.4973439128440506,0.9085731582245355,0.042393658518363964
1970-01-03 18:00:00,-0.1202104594409512,0.518004330247185,0.8990254119642336,0.044521771946999245
1970-01-03 18:01:00,-0.122383208643314,0.5374965236766819,0.8901242865472462,0.0469963745035582
1970-01-03 18:02:00,-0.1236236587902187,0.5556259281253672,0.8819814109656324,0.04971147955368371
1970-01-03 18:03:00,-0.1238781635401387,0.5722083594369926,0.8747028348186441,0.05255558297480145
1970-01-03 18:04:00,-0.123103595277742,0.5870725884228883,0.8683871203796749,0.05541693661280611
1970-01-03 18:05:00,-0.1212686564731296,0.6000628117030509,0.8631234540509782,0.058188812057970996
1970-01-03 18:06:00,-0.1183551081296384,0.6110409671547316,0.8589898203842695,0.06077448436770383
1970-01-03 18:07:00,-0.1143588948620802,0.6198888509030418,0.8560512761901693,0.06309168549791
1970-01-03 18:08:00,-0.1092911473594965,0.6265100044869142,0.854358354231276,0.06507630621384264
1970-01-03 18:09:00,-0.1031790439987861,0.6308313504343718,0.8539456192539185,0.0666851590109967
1970-01-03 18:10:00,-0.0960665138824683,0.6328045596200573,0.8548303955998177,0.06789765006146808
1970-01-03 18:11:00,-0.0880147638055549,0.6324071357118279,0.8570116844222112,0.06871624446491031
1970-01-03 18:12:00,-0.0791026117020331,0.6296432024861083,0.8604692882426787,0.0691656474204112
1970-01-03 18:13:00,-0.069426608648502,0.6245439784019357,0.865163161590025,0.06929066727386979
1970-01-03 18:14:00,-0.059100930572411,0.6171679192140986,0.8710330091823348,0.06915277841233647
1970-01-03 18:15:00,-0.0482570204582807,0.6076005061284492,0.8779981556932281,0.06882546586043148
1970-01-03 18:16:00,-0.0370429632235574,0.5959536574882189,0.8859577109455097,0.06838851013185954
1970-01-03 18:17:00,-0.0256225786087692,0.5823647463883085,0.8947910512004316,0.0679214576357452
1970-01-03 18:18:00,-0.0141742214688533,0.5669952119534776,0.90435863327849,0.06749661194673373
1970-01-03 18:19:00,-0.0028892830995903,0.5500287565346972,0.9145031549065844,0.06717196426163263
1970-01-03 18:20:00,0.0080296080196307,0.5316691267306153,0.92505107053637,0.0669845444166135
1970-01-03 18:21:00,0.0183706817860294,0.5121374859523836,0.9358144647099432,0.06694470279732356
1970-01-03 18:22:00,0.0279154068088782,0.4916694008624968,0.946593274412712,0.06703181622909993
1970-01-03 18:23:00,0.0364411356405249,0.4705114819161556,0.9571778389032272,0.06719184136178624
1970-01-03 18:24:00,0.0437239858457226,0.4489177377996938,0.9673517414461544,0.06733701984346974
1970-01-03 18:25:00,0.0495419182641426,0.4271457231540905,0.9768948932658162,0.0673478828212255
1970-01-03 18:26:00,0.0536779648660831,0.4054525753594047,0.985586797814763,0.06707752801963585
1970-01-03 18:27:00,0.0559235518050311,0.3840910448649936,0.9932099257460444,0.0663579750686143
1970-01-03 18:28:00,0.056081859500071,0.3633056222410215,0.9995531291438096,0.06500826668064064
1970-01-03 18:29:00,0.0539711602609651,0.3433288558530177,1.0044150263843572,0.06284389005532987
1970-01-03 18:30:00,0.04942807380367,0.324377941134143,1.007607293952809,0.05968704908631817
1970-01-03 18:31:00,0.0423106811943388,0.3066516489410585,1.0089578068430791,0.05537731808628288
1970-01-03 18:32:00,0.0325014382840425,0.2903276474631683,1.0083135742391074,0.04978223949868443
1970-01-03 18:33:00,0.01990983085161,0.2755602596944516,1.0055434219997084,0.042807475814350404
1970-01-03 18:34:00,0.0044747157035948,0.2624786865303519,1.0005403781392497,0.03440617372981669
1970-01-03 18:35:00,-0.0138337049890197,0.2511857141261523,0.9932237221134204,0.024587232276308102
1970-01-03 18:36:00,-0.0350123247485915,0.2417569132884869,0.983540663396238,0.013422174891091432
1970-01-03 18:37:00,-0.0590240326610395,0.2342403284084721,0.9714676196943468,0.0010503004340391975
1970-01-03 18:38:00,-0.0857971090361256,0.228656643786565,0.9570110703206538,0.0
1970-01-03 18:39:00,-0.1152251460316795,0.2249998060955651,0.9402079658825367,0.0
1970-01-03 18:40:00,-0.1471675130998038,0.2232380730987434,0.9211256816736052,0.0
1970-01-03 18:41:00,-0.1814503761816827,0.2233154505551007,0.8998615091140818,0.0
1970-01-03 18:42:00,-0.2178682671231287,0.2251534716581367,0.8765416873136563,0.0
1970-01-03 18:43:00,-0.2561861862173038,0.2286532667812272,0.8513199853015475,0.0
1970-01-03 18:44:00,-0.2961422066307722,0.2336978662351855,0.8243758546939612,0.0
1970-01-03 18:45:00,-0.3374505350395923,0.2401546753834691,0.7959121827332131,0.0
1970-01-03 18:46:00,-0.3798049683499098,0.2478780597042028,0.7661526869416277,0.0
1970-01-03 18:47:00,-0.4228826724721758,0.2567119774795626,0.7353390049432178,0.0
1970-01-03 18:48:00,-0.4663481964734048,0.2664926007161344,0.7037275454586891,0.0
1970-01-03 18:49:00,-0.5098576251367299,0.2770508715090036,0.6715861770733577,0.0
1970-01-03 18:50:00,-0.553062767539574,0.288214950810143,0.6391908369845912,0.0
1970-01-03 18:51:00,-0.5956152819748628,0.2998125275202688,0.6068221399365974,0.0
1970-01-03 18:52:00,-0.6371706491392156,0.3116729660349946,0.5747620581761107,0.0
1970-01-03 18:53:00,-0.6773919228523158,0.3236292789368787,0.5432907296258868,0.0
1970-01-03 18:54:00,-0.7159532062669202,0.3355199183747161,0.5126834370783043,0.0
1970-01-03 18:55:00,-0.7525428188858134,0.3471903848659913,0.4832077880834,0.0
1970-01-03 18:56:00,-0.7868661348704157,0.3584946558920281,0.4551211140143686,0.0
1970-01-03 18:57:00,-0.8186480859373978,0.36929643916222,0.4286680975743043,0.0
1970-01-03 18:58:00,-0.8476353325508634,0.3794702573837543,0.4040786305667645,0.012799522565160704
1970-01-03 18:59:00,-0.873598115200616,0.3889023729886985,0.3815658979372679,0.02956848099919185
1970-01-03 19:00:00,-0.8963318035046878,0.3974915621754305,0.3613246799562781,0.044971659099009686
1970-01-03 19:01:00,-0.9156581649407882,0.4051497471659341,0.3435298621399399,0.05857874474846625
1970-01-03 19:02:00,-0.9314263774458508,0.4118024933793022,0.328335142149415,0.07001885764952154
1970-01-03 19:03:00,-0.9435138111187666,0.4173893745705881,0.3158719241955718,0.07898437165294458
1970-01-03 19:04:00,-0.9518266039438084,0.4218642047382579,0.3062483938537164,0.08523332512074444
1970-01-03 19:05:00,-0.9563000548917276,0.4251951317252981,0.2995487690881966,0.08859090575434658
1970-01-03 19:06:00,-0.956898854957408,0.4273645847811589,0.2958327262242553,0.08895037024156704
1970-01-03 19:07:00,-0.9536171725486768,0.4283690677710418,0.2951350021314848,0.08627364852780794
1970-01-03 19:08:00,-0.9464786039559838,0.4282187920828275,0.2974651755232384,0.08059178799786126
1970-01-03 19:09:00,-0.935535992419643,0.4269371488746559,0.3028076307702292,0.07200530943391592
1970-01-03 19:10:00,-0.9208711112136052,0.4245600279239623,0.3111217073140187,0.06068446653119497
1970-01-03 19:11:00,-0.9025941984343758,0.4211349974195092,0.3223420375283229,0.04686931479379708
1970-01-03 19:12:00,-0.8808433250007269,0.4167203633386637,0.3363790764535115,0.030869394004478856
1970-01-03 19:13:00,-0.8557835732008526,0.4113841281437064,0.3531198282413574,0.013062701981561675
1970-01-03 19:14:00,-0.8276060008010975,0.4052028674930898,0.3724287758375793,0.0
1970-01-03 19:15:00,-0.7965263649781116,0.3982605417777404,0.3941490217779055,0.0
1970-01-03 19:16:00,-0.7627835810884143,0.3906472573110975,0.4181036485449442,0.0
1970-01-03 19:17:00,-0.7266378936594997,0.3824579902335497,0.4440973064471155,0.0
1970-01-03 19:18:00,-0.6883687411362531,0.3737912847925164,0.4719180352412743,0.0
1970-01-03 19:19:00,-0.6482723019966022,0.3647479367527381,0.5013393225830114,0.0
1970-01-03 19:20:00,-0.6066587180153166,0.3554296723439629,0.532122397722381,0.0
1970-01-03 19:21:00,-0.563849000870032,0.3459378333774749,0.5640187525153206,0.0
1970-01-03 19:22:00,-0.5201716410890019,0.3363720800176112,0.596772873616795,0.0
1970-01-03 19:23:00,-0.4759589536132352,0.3268291243600161,0.6301251594907454,0.0
1970-01-03 19:24:00,-0.431543212012872,0.317401510693468,0.6638149834662014,0.0
1970-01-03 19:25:00,-0.3872526434634402,0.3081764621983947,0.6975838495342469,0.0
1970-01-03 19:26:00,-0.343407377458185,0.2992348182389745,0.7311785720615531,0.0
1970-01-03 19:27:00,-0.3003154585028859,0.2906500893440492,0.764354397660192,0.0
1970-01-03 19:28:00,-0.2582690403454957,0.2824876557300773,0.7968779822727601,0.0
1970-01-03 19:29:00,-0.2175408731034323,0.2748041289062092,0.8285301418697268,0.0
1970-01-03 19:30:00,-0.1783811775491337,0.2676468870182152,0.8591083086577441,0.0
1970-01-03 19:31:00,-0.1410149787328878,0.2610537868446338,0.8884286413550363,0.0
1970-01-03 19:32:00,-0.1056399486365411,0.2550530503492311,0.9163277543350284,0.0
1970-01-03 19:33:00,-0.0724247866357811,0.2496633205865745,0.9426640450968992,0.0
1970-01-03 19:34:00,-0.0415081478677567,0.2448938793122929,0.9673186124674146,0.0
1970-01-03 19:35:00,-0.012998113435648,0.2407450164054137,0.9901957691812016,0.019124514071406473
1970-01-03 19:36:00,0.0130278172090946,0.2372085392057231,1.0112231620523169,0.03875401253830679
1970-01-03 19:37:00,0.0365222424826091,0.2342684081462679,1.0303515209106462,0.05727944172495225
1970-01-03 19:38:00,0.0574669230386922,0.2319014835627439,1.0475540639339476,0.07445347139216096
1970-01-03 19:39:00,0.0758714404224866,0.2300783672302814,1.0628255920691794,0.09008750552253231
1970-01-03 19:40:00,0.0917715006820167,0.228764321015763,1.0761813090095849,0.10404770402769103
1970-01-03 19:41:00,0.1052269364132857,0.2279202440653335,1.0876554057782557,0.11625025308861137
1970-01-03 19:42:00,0.1163194621163477,0.2275036891790057,1.0972994504664513,0.12665621635486923
1970-01-03 19:43:00,0.1251502380111094,0.2274698984824851,1.105180624183377,0.13526620176072734
1970-01-03 19:44:00,0.1318372967157576,0.2277728382716801,1.1113798438902376,0.14211500999905624
1970-01-03 19:45:00,0.1365128854659774,0.2283662130521062,1.1159898116293512,0.14726638354940125
1970-01-03 19:46:00,0.1393207739621838,0.2292044393139659,1.1191130278506267,0.15080794321365754
1970-01-03 19:47:00,0.1404135746715957,0.2302435604122265,1.120859804205329,0.15284637734026085
1970-01-03 19:48:00,0.1399501186467085,0.2314420850124168,1.1213463084210626,0.15350293360427458
1970-01-03 19:49:00,0.138092925736461,0.2327617328858134,1.1206926707815703,0.15290925175314274
1970-01-03 19:50:00,0.135005803530205,0.2341680733884804,1.119021178382992,0.15120356638214472
1970-01-03 19:51:00,0.1308516046029266,0.2356310438210396,1.1164545797611032,0.14852730046302987
1970-01-03 19:52:00,0.1257901667592659,0.2371253371669137,1.1131145187132638,0.1450220623857461
1970-01-03 19:53:00,0.1199764560654026,0.2386306514622355,1.109120112267025,0.14082705142476448
1970-01-03 19:54:00,0.1135589274720705,0.2401317961382024,1.1045866839181488,0.1360768687964995
1970-01-03 19:55:00,0.1066781127446048,0.2416186539467867,1.099624659588056,0.13089972395785643
1970-01-03 19:56:00,0.099465440340434,0.2430860003898954,1.0943386302921934,0.1254160187048461
1970-01-03 19:57:00,0.0920422870609565,0.2445331857878782,1.0888265822910508,0.11973728519800164
1970-01-03 19:58:00,0.0845192570367431,0.2459636882443273,1.0831792925012955,0.11396544849847245
1970-01-03 19:59:00,0.0769956800375973,0.247384548928496,1.0774798841528128,0.10819237975496221
1970-01-03 20:00:00,0.0695593181712188,0.2488057043376243,1.0718035351428865,0.10249970303858813
1970-01-03 20:01:00,0.0622862676050515,0.2502392333406465,1.0662173293893231,0.09695881715093702
1970-01-03 20:02:00,0.055241039984842,0.2516985396998203,1.060780239794538,0.09163109360451371
1970-01-03 20:03:00,0.048476806781493,0.2531974935032058,1.0555432301647134,0.08656821334815112
1970-01-03 20:04:00,0.0420357888638573,0.2547495576970265,1.0505494625072933,0.08181260755576347
1970-01-03 20:05:00,0.0359497730708676,0.2563669287869917,1.0458345955092063,0.07739797174647878
1970-01-03 20:06:00,0.0302407373279285,0.2580597238083846,1.0414271596321008,0.07334982744004837
1970-01-03 20:07:00,0.0249215658704432,0.2598352486137472,1.037348994063197,0.06968611113332202
1970-01-03 20:08:00,0.019996836431622,0.2616973844314805,1.0336157306573617,0.06641777608398058
1970-01-03 20:09:00,0.0154636617829866,0.2636461288831062,1.0302373100934583,0.06354939763952228
1970-01-03 20:10:00,0.0113125685578853,0.2656773229312535,1.0272185160487504,0.061079777321522144
1970-01-03 20:11:00,0.0075283966607299,0.2677825863270164,1.0245595144860236,0.05900254438792718
1970-01-03 20:12:00,0.0040912029419133,0.2699494714664081,1.0222563869566084,0.057306755752597915
1970-01-03 20:13:00,0.0009771535410371,0.2721618300717232,1.0203016487218577,0.05597749548064401
1970-01-03 20:14:00,-0.001840609587729,0.2744003708660966,1.0186847442861235,0.054996473745950736
1970-01-03 20:15:00,-0.004391141203354,0.2766433727341958,1.0173925146551417,0.054342623000289914
1970-01-03 20:16:00,-0.0067049163130904,0.2788675097749458,1.0164096322162597,0.05399268705851901
1970-01-03 20:17:00,-0.0088131152000625,0.2810487429090145,1.0157190004010954,0.05392179722504431
1970-01-03 20:18:00,-0.0107469786588082,0.2831632355732965,1.0153021162212503,0.05410402842128459
1970-01-03 20:19:00,-0.012537240203388,0.2851882560032936,1.015139394534433,0.05451292741713343
1970-01-03 20:20:00,-0.0142136399314719,0.2871030339184247,1.01521045369449,0.05512200476335338
1970-01-03 20:21:00,-0.0158045221642791,0.2888895442412193,1.015494363200052,0.05590518200443517
1970-01-03 20:22:00,-0.0173365154860026,0.2905331945821605,1.015969855105162,0.056837186328015044
1970-01-03 20:23:00,-0.0188342895785791,0.2920233968956656,1.0166155021624907,0.05789388599968115
1970-01-03 20:24:00,-0.020320379370546,0.2933540073607794,1.0174098667523908,0.05905256168780815
1970-01-03 20:25:00,-0.0218150647566395,0.2945236222831753,1.018331625517815,0.060292111006629234
1970-01-03 20:26:00,-0.023336293985665,0.2955357216321473,1.0193596753110856,0.06159318621962795
1970-01-03 20:27:00,-0.0248996401954232,0.2963986557928012,1.0204732266277527,0.06293826796371293
1970-01-03 20:28:00,-0.0265182824405765,0.2971254750488617,1.0216518911164505,0.06431168078172944
1970-01-03 20:29:00,-0.0282030040830289,0.2977336043102666,1.0228757698590685,0.06569955857158538
1970-01-03 20:30:00,-0.0299622024449868,0.2982443669712596,1.0241255487449377,0.06708976923104348
1970-01-03 20:31:00,-0.0318019047807749,0.298682362956105,1.0253826062480214,0.06847180790356511
1970-01-03 20:32:00,-0.0337257876842376,0.2990747100351411,1.0266291371066412,0.0698366679516329
1970-01-03 20:33:00,-0.0357352000292037,0.2994501658615568,1.0278482928721042,0.0711766985496558
1970-01-03 20:34:00,-0.0378291925788488,0.2998381594922013,1.0290243373980876,0.07248545755008351
1970-01-03 20:35:00,-0.0400045595052972,0.3002677728853763,1.0301428124974004,0.0737575677753386
1970-01-03 20:36:00,-0.0422558977356276,0.3007667222954515,1.0311907065978958,0.07498858389643415
1970-01-03 20:37:00,-0.0445756893465316,0.3013603932747363,1.0321566178063273,0.0761748753789131
1970-01-03 20:38:00,-0.0469544105274141,0.3020709785716571,1.033030902691324,0.07731352849505568
1970-01-03 20:39:00,-0.0493806682982322,0.3029167562988437,1.0338058031176145,0.07840226734176015
1970-01-03 20:40:00,-0.0518413635636877,0.3039115303248301,1.0344755450747565,0.07943939088687935
1970-01-03 20:41:00,-0.0543218766881565,0.305064240445674,1.0350364052500325,0.08042372117541396
1970-01-03 20:42:00,-0.0568062701178503,0.3063787392458825,1.0354867428637524,0.0813545574108343
1970-01-03 20:43:00,-0.0592775019470904,0.3078537261329724,1.035826995828625,0.08223163149965118
1970-01-03 20:44:00,-0.061717644652217,0.3094828258132956,1.036059641499334,0.08305506225608328
1970-01-03 20:45:00,-0.0641081042409713,0.3112547971174154,1.0361891231148657,0.08382530724260562
1970-01-03 20:46:00,-0.0664298364633129,0.3131538575916732,1.0362217435573706,0.08454311279827209
1970-01-03 20:47:00,-0.0686635581121006,0.3151601090062768,1.036165528420831,0.08520946402484064
1970-01-03 20:48:00,-0.0707899525055159,0.3172500485636146,1.036030060769778,0.08582553732539333
1970-01-03 20:49:00,-0.0727898689866506,0.3193971502569638,1.0358262903759146,0.08639265850487576
1970-01-03 20:50:00,-0.0746445169427273,0.3215725008365896,1.0355663205357704,0.0869122694274389
1970-01-03 20:51:00,-0.0763356556379245,0.3237454751441809,1.0352631757740252,0.08738590579045269
1970-01-03 20:52:00,-0.0778457820276193,0.3258844358000733,1.0349305539396536,0.08781518777504749
1970-01-03 20:53:00,-0.07915831941584,0.3279574421051747,1.0345825665219783,0.08820182425693113
1970-01-03 20:54:00,-0.0802578100416674,0.3299329526189307,1.0342334714685475,0.08854763001093024
1970-01-03 20:55:00,-0.0811301143300658,0.331780505543565,1.03389740327508,0.08885455401945519
1970-01-03 20:56:00,-0.0817626187321793,0.3334713612915911,1.0335881054528884,0.08912471570399205
1970-01-03 20:57:00,-0.0821444529329108,0.3349790927549266,1.0333186705406172,0.0893604447649039
1970-01-03 20:58:00,-0.0822667156255364,0.3362801104885649,1.0331012927439769,0.08956431947787746
1970-01-03 20:59:00,-0.0821227057978224,0.3373541114612565,1.032947038354823,0.08973919786954987
1970-01-03 21:00:00,-0.0817081535194588,0.338184440854895,1.0328656394207214,0.08988823623519915
1970-01-03 21:01:00,-0.0810214410389032,0.3387583571686013,1.0328653164348651,0.09001488996879492
1970-01-03 21:02:00,-0.0800638023903914,0.3390671924509024,1.032952635685063,0.09012289262195727
1970-01-03 21:03:00,-0.0788394884546836,0.3391064022512632,1.0331324060971847,0.09021621044440087
1970-01-03 21:04:00,-0.0773558849464406,0.3388755037244731,1.0334076189340382,0.0902989713061646
1970-01-03 21:05:00,-0.0756235728819077,0.3383779047412182,1.0337794317941509,0.09037536875752994
1970-01-03 21:06:00,-0.0736563238833918,0.337620631276257,1.0342471963415265,0.09044954392750393
1970-01-03 21:07:00,-0.0714710255246785,0.3366139645568029,1.0348085272895275,0.0905254498521888
1970-01-03 21:08:00,-0.0690875347493927,0.3353710034406295,1.035459408403368,0.09060670448038954
1970-01-03 21:09:00,-0.0665284603284048,0.333907170647897,1.03619432985392,0.09069643983336007
1970-01-03 21:10:00,-0.0638188782156437,0.3322396827583231,1.037006450466872,0.09079715544456524
1970-01-03 21:11:00,-0.0609859861920421,0.3303870030204044,1.0378877783552534,0.09091058420744291
1970-01-03 21:12:00,-0.0580587061092258,0.3283682938561404,1.038829363845378,0.09103757815781166
1970-01-03 21:13:00,-0.0550672432457778,0.3262028835346242,1.0398214992083827,0.09117802063685376
1970-01-03 21:14:00,-0.0520426128202114,0.3239097591889684,1.0408539203931173,0.09133076986069244
1970-01-03 21:15:00,-0.0490161438738813,0.3215070959875045,1.0419160067285242,0.09149363727311655
1970-01-03 21:16:00,-0.0460189709801308,0.3190118298023169,1.0429969753466943,0.09166340225650371
1970-01-03 21:17:00,-0.0430815247001125,0.3164392785391671,1.044086067681393,0.09183586289298518
1970-01-03 21:18:00,-0.0402330320529757,0.313802815949499,1.0451727256544792,0.09200592059659818
1970-01-03 21:19:00,-0.0375010380360354,0.3111136013442238,1.046246755115477,0.09216769471762798
1970-01-03 21:20:00,-0.0349109583160002,0.3083803685402996,1.0472984740356153,0.09231466182090631
1970-01-03 21:21:00,-0.0324856719091525,0.3056092767542749,1.048318843174962,0.0924398133871498
1970-01-03 21:22:00,-0.030245161335182,0.3028038247435739,1.049299577486803,0.0925358252146753
1970-01-03 21:23:00,-0.028206206547005,0.2999648276314124,1.0502332372317205,0.09259523177155349
1970-01-03 21:24:00,-0.0263821379255786,0.2970904539277917,1.0511132984871103,0.0926105991033579
1970-01-03 21:25:00,-0.0247826527516227,0.2941763183939063,1.0519342034006105,0.09257469056594814
1970-01-03 21:26:00,-0.0234136987867833,0.2912156246461001,1.052691391118603,0.09248062054396011
1970-01-03 21:27:00,-0.0222774278109956,0.2881993500887149,1.053381310741872,0.0923219923638341
1970-01-03 21:28:00,-0.021372220943528,0.2851164653961852,1.0540014178366768,0.09209301777357681
1970-01-03 21:29:00,-0.0206927860961718,0.2819541814918365,1.0545501559836117,0.09178861660223081
1970-01-03 21:30:00,-0.0202303259897449,0.278698218447401,1.055026924693791,0.09140449645594018
1970-01-03 21:31:00,-0.0199727731061318,0.2753330924874241,1.055432034855044,0.09093721344653782
1970-01-03 21:32:00,-0.019905086023431,0.2718424190802784,1.0557666527173972,0.09038421588498569
1970-01-03 21:33:00,-0.0200095998170222,0.2682092318466826,1.0560327333011024,0.08974387354828584
1970-01-03 21:34:00,-0.0202664215290994,0.2644163186873248,1.0562329440259108,0.08901549551665933
1970-01-03 21:35:00,-0.0206538602356852,0.2604465782229126,1.0563705792765683,0.08819933964865623
1970-01-03 21:36:00,-0.0211488803186173,0.256283401460159,1.056449466453916,0.08729661646373388
1970-01-03 21:37:00,-0.0217275664561845,0.2519110851866997,1.0564738638249305,0.08630948947766548
1970-01-03 21:38:00,-0.0223655895447046,0.247315284069628,1.056448350356541,0.0852410728963311
1970-01-03 21:39:00,-0.0230386639774688,0.2424835072223394,1.0563777078879495,0.08409542616658561
1970-01-03 21:40:00,-0.0237229881002462,0.2374056625412324,1.0562667964786094,0.08287754345273513
1970-01-03 21:41:00,-0.0243956609019365,0.2320746492124899,1.056120424443602,0.0815933348559783
1970-01-03 21:42:00,-0.0250350688366904,0.2264869955943523,1.055943215371047,0.0802495952015716
1970-01-03 21:43:00,-0.0256212371118664,0.2206435354491449,1.0557394752950453,0.07885395546519547
1970-01-03 21:44:00,-0.0261361400824912,0.2145501093540582,1.05551306411552,0.07741481137061768
1970-01-03 21:45:00,-0.0265639658885236,0.2082182702279019,1.0552672761256736,0.07594122348859034
1970-01-03 21:46:00,-0.0268913312897552,0.2016659638481368,1.05500473488544,0.07444278363439683
1970-01-03 21:47:00,-0.027107443635552,0.1949181486399449,1.0547273075462895,0.07292944383753563
1970-01-03 21:48:00,-0.0272042077688577,0.1880073144710338,1.0544360431748632,0.07141130681041585
1970-01-03 21:49:00,-0.0271762763766686,0.1809738581718497,1.054131138804133,0.06989838075202459
1970-01-03 21:50:00,-0.0270210432517828,0.1738662753398171,1.0538119358950486,0.06840030639916317
1970-01-03 21:51:00,-0.0267385806757153,0.1667411346290912,1.0534769484566373,0.06692606988650196
1970-01-03 21:52:00,-0.0263315249281599,0.1596628115008404,1.0531239220975586,0.06548372013632364
1970-01-03 21:53:00,-0.0258049172953035,0.1527029713570945,1.0527499209610467,0.06408011319702478
1970-01-03 21:54:00,-0.0251660106474176,0.1459398046737023,1.052351437428583,0.06272070768293059
1970-01-03 21:55:00,-0.0244240524445527,0.1394570269247495,1.0519245183106531,0.06140943510014263
1970-01-03 21:56:00,-0.023590053602078,0.1333426625176827,1.0514649012355908,0.06014866637025218
1970-01-03 21:57:00,-0.0226765496655254,0.1276876350004954,1.050968155890909,0.0589392913351976
1970-01-03 21:58:00,-0.0216973570265456,0.1225841869790627,1.050429826241651,0.057780921579378974
1970-01-03 21:59:00,-0.0206673229133282,0.1181241540918371,1.0498455714770032,0.05667221879170814
1970-01-03 22:00:00,-0.0196020639674915,0.1143971189011371,1.0492113049840304,0.05561134146567337
1970-01-03 22:01:00,-0.0185176850822386,0.1114884727358476,1.0485233319780327,0.05459649246339349
1970-01-03 22:02:00,-0.0174304688504832,0.1094774163291784,1.0477784874194809,0.053626539448164756
1970-01-03 22:03:00,-0.0163565273983609,0.1084349343497883,1.046974276320868,0.05270167011056914
1970-01-03 22:04:00,-0.0153114130098045,0.1084217860516909,1.046109018219708,0.05182403521672607
1970-01-03 22:05:00,-0.0143096913161637,0.1094865645974059,1.045181996368973,0.05099832570120566
1970-01-03 22:06:00,-0.0133644891907568,0.1116638888917811,1.044193610372035,0.050232226507809674
1970-01-03 22:07:00,-0.0124870363293247,0.114972799543108,1.0431455290628513,0.049536690885499945
1970-01-03 22:08:00,-0.0116862230475891,0.1194154305230857,1.0420408386637794,0.048925985138724926
1970-01-03 22:09:00,-0.0109681972223937,0.1249760191218582,1.0408841796052417,0.04841746554429993
1970-01-03 22:10:00,-0.0103360220365788,0.1316203019034548,1.0396818639188072,0.04803106604068863
1970-01-03 22:11:00,-0.0097894144529486,0.139295327881419,1.0384419641498552,0.047788496745565956
1970-01-03 22:12:00,-0.0093245819301479,0.1479297044873433,1.0371743646030334,0.04771217797999783
1970-01-03 22:13:00,-0.0089341707180077,0.1574342776106011,1.0358907664950714,0.04782396006339584
1970-01-03 22:14:00,-0.0086073327164032,0.1677032342112713,1.0346046400729372,0.04814370303020166
1970-01-03 22:15:00,-0.0083299104861017,0.1786156050937834,1.0333311186862355,0.048687809902008716
1970-01-03 22:16:00,-0.0080847336208001,0.1900371364703525,1.0320868319309888,0.04946781980245385
1970-01-03 22:17:00,-0.007852015784142,0.2018224913128193,1.0308896771778016,0.05048917113092566
1970-01-03 22:18:00,-0.0076098400872734,0.2138177341383164,1.029758531071228,0.05175023908348653
1970-01-03 22:19:00,-0.0073347196991833,0.2258630454307957,1.0287129050359929,0.053241735971344406
1970-01-03 22:20:00,-0.0070022192940337,0.2377956049238137,1.0277725515345548,0.05494653821128459
1970-01-03 22:21:00,-0.0065876206503409,0.2494525768915769,1.0269570307613705,0.05683997269874852
1970-01-03 22:22:00,-0.0060666127569381,0.2606741255208831,1.0262852503918756,0.058890560293335614
1970-01-03 22:23:00,-0.0054159841745747,0.2713063853692031,1.0257749933771685,0.0610611785682349
1970-01-03 22:24:00,-0.0046142945382444,0.2812043129551825,1.0254424498619146,0.06331057331218481
1970-01-03 22:25:00,-0.0036425037974025,0.2902343519471976,1.0253017687219643,0.06559512190536632
1970-01-03 22:26:00,-0.0024845416126266,0.2982768551238419,1.025364642307883,0.06787073419247114
1970-01-03 22:27:00,-0.0011278039394786,0.3052282188618914,1.0256399354761307,0.07009476906244627
1970-01-03 22:28:00,0.0004364318414911,0.3110026984449717,1.0261333674415107,0.07222784737650834
1970-01-03 22:29:00,0.0022126782805032,0.315533883556922,1.0268472526676673,0.07423545274247134
1970-01-03 22:30:00,0.0042009980118196,0.3187758211429664,1.027780305188581,0.07608922876460422
1970-01-03 22:31:00,0.0063968532428845,0.3207037763058228,1.028927509639218,0.07776790263979816
1970-01-03 22:32:00,0.0087910440027573,0.3213146226864291,1.030280061733153,0.07925778885845891
1970-01-03 22:33:00,0.0113697336036331,0.3206268553128229,1.031825380500327,0.08055285249480137
1970-01-03 22:34:00,0.014114558668672,0.3186802232199194,1.03354719389604,0.08165433824687618
1970-01-03 22:35:00,0.0170028198755564,0.3155349859035632,1.035425698252911,0.08256999765161188
1970-01-03 22:36:00,0.0200077482957982,0.3112708059391273,1.0374377903987997,0.08331297119964631
1970-01-03 22:37:00,0.0230988408367464,0.3059852993912781,1.0395573691077176,0.08390040296963197
1970-01-03 22:38:00,0.026242256823716,0.2997922754569128,1.0417557001083664,0.08435188162104823
1970-01-03 22:39:00,0.0294012663127014,0.2928197062136804,1.0440018365404542,0.0846878120029273
1970-01-03 22:40:00,0.032536739580842,0.2852074751871299,1.0462630849074648,0.08492782532537801
1970-01-03 22:41:00,0.0356076668338734,0.2771049582946303,1.0485055055422052,0.08508933226768778
1970-01-03 22:42:00,0.0385716978109069,0.2686684915052787,1.0506944365703803,0.0851863126853778
1970-01-03 22:43:00,0.0413856925775671,0.2600587764037954,1.0527950312342524,0.0852284185950416
1970-01-03 22:44:00,0.0440062770430828,0.2514382691279849,1.054772799833475,0.08522044528741612
1970-01-03 22:45:00,0.046390399313673,0.2429685915552993,1.056594148999909,0.08516220047128908
1970-01-03 22:46:00,0.0484958856267374,0.2348079973321222,1.0582269122634265,0.08504877511217401
1970-01-03 22:47:00,0.0502819968720951,0.2271089199259184,1.0596408668024635,0.08487119388305198
1970-01-03 22:48:00,0.0517099879275197,0.220015625881303,1.0608082318302672,0.0846173994558006
1970-01-03 22:49:00,0.0527436714842556,0.2136619948046369,1.0617041440512525,0.08427350442641468
1970-01-03 22:50:00,0.0533499856365834,0.2081694484835743,1.0623071050021085,0.08382522834050121
1970-01-03 22:51:00,0.0534995613581761,0.2036450532049874,1.062599394315242,0.08325942578843915
1970-01-03 22:52:00,0.0531672834716274,0.2001798194346674,1.0625674425746876,0.08256560547634262
1970-01-03 22:53:00,0.0523328369860489,0.1978472214012665,1.062202157486905,0.08173733975168207
1970-01-03 22:54:00,0.0509812287132298,0.1967019577765671,1.0614991970561876,0.08077346896802395
1970-01-03 22:55:00,0.0491032713544754,0.1967789747996147,1.060459183079893,0.07967901487403783
1970-01-03 22:56:00,0.0466960146063102,0.1980927737237698,1.0590878479279315,0.07846573168103355
1970-01-03 22:57:00,0.0437631064126643,0.2006370234974797,1.0573961077504994,0.07715224242755969
1970-01-03 22:58:00,0.0403150675603172,0.2043844965471592,1.055400056072702,0.07576373124375735
1970-01-03 22:59:00,0.0363694639042437,0.209287341061321,1.0531208729556614,0.07433118826928498
1970-01-03 23:00:00,0.0319509622062647,0.215277697970696,1.0505846463178363,0.07289023218046009
1970-01-03 23:01:00,0.0270912577737086,0.222268665148885,1.0478221035456654,0.07147956416988732
1970-01-03 23:02:00,0.0218288647810747,0.2301556052962323,1.044868253175723,0.07013913510411918
1970-01-03 23:03:00,0.0162087632669997,0.2388177875930358,1.0417619382037668,0.06890813242651816
1970-01-03 23:04:00,0.0102819002490823,0.248120346572128,1.0385453044747592,0.06782291289444409
1970-01-03 23:05:00,0.0041045462517984,0.2579165346847379,1.0352631896560236,0.06691501911843045
1970-01-03 23:06:00,-0.002262487023918,0.2680502374801864,1.0319624405301355,0.06620942001355035
1970-01-03 23:07:00,-0.0087547570190696,0.2783587119343739,1.028691168790529,0.06572310617150978
1970-01-03 23:08:00,-0.0153052119579908,0.2886754991079015,1.025497958184427,0.06546415028320118
1970-01-03 23:09:00,-0.0218453009725212,0.298833452089367,1.0224310386864413,0.06543131084629916
1970-01-03 23:10:00,-0.0283061439493356,0.3086678098783394,1.0195374462020252,0.0656142167072089
1970-01-03 23:11:00,-0.0346197278890726,0.3180192396229941,1.016862188561785,0.06599412421277617
1970-01-03 23:12:00,-0.0407200949522691,0.3267367663948697,1.0144474395262175,0.06654519276418669
1970-01-03 23:13:00,-0.0465444889422799,0.3346805130945566,1.0123317817300184,0.06723618360548822
1970-01-03 23:14:00,-0.0520344305544727,0.3417241820238162,1.010549517221405,0.06803245517137224
1970-01-03 23:15:00,-0.0571366957045703,0.3477572213095833,1.009130061264749,0.06889810904369886
1970-01-03 23:16:00,-0.0618041749737516,0.3526866312712226,1.0080974320822038,0.06979813445919003
1970-01-03 23:17:00,-0.0659965959103315,0.3564383768984281,1.007469846503149,0.07070040572086089
1970-01-03 23:18:00,-0.0696810938687003,0.3589583828781126,1.007259428989711,0.07157740400303658
1970-01-03 23:19:00,-0.0728326211205152,0.3602130975201195,1.0074720390215035,0.07240756046125929
1970-01-03 23:20:00,-0.0754341878626117,0.3601896218124035,1.0081072192489955,0.07317614857105181
1970-01-03 23:21:00,-0.0774769323805371,0.3588954097417285,1.0091582641634629,0.07387568755149454
1970-01-03 23:22:00,-0.0789600211757079,0.356357555845631,1.0106124063155246,0.0745058531023437
1970-01-03 23:23:00,-0.0798903835462682,0.3526216956010247,1.0124511143769543,0.07507292431483359
1970-01-03 23:24:00,-0.0802822889858322,0.3477505536446733,1.0146504946186468,0.07558882465133765
1970-01-03 23:25:00,-0.0801567797435922,0.3418221839384084,1.0171817846942763,0.0760698387582095
1970-01-03 23:26:00,-0.0795409748230127,0.3349279545487141,1.0200119260231972,0.07653510423187448
1970-01-03 23:27:00,-0.0784672653804692,0.3271703367130745,1.0231041987720466,0.07700498722439852
1970-01-03 23:28:00,-0.0769724247482084,0.3186605619601604,1.026418901835196,0.07749945241979295
1970-01-03 23:29:00,-0.0750966590683785,0.3095162116698189,1.029914059639137,0.07803653172424374
1970-01-03 23:30:00,-0.0728826265236089,0.299858801165198,1.0335461381079147,0.07863098299788995
1970-01-03 23:31:00,-0.0703744537278129,0.2898114160238038,1.0372707535713468,0.07929321169443115
1970-01-03 23:32:00,-0.067616776400428,0.2794964522366919,1.0410433605204463,0.08002850598833122
1970-01-03 23:33:00,-0.0646538280533125,0.269033504516639,1.0448199066070551,0.08083661173964085
1970-01-03 23:34:00,-0.0615285957660225,0.2585374390328906,1.04855744582814,0.08171164950750942
1970-01-03 23:35:00,-0.0582820571101983,0.248116678948469,1.0522147031556688,0.08264235373016238
1970-01-03 23:36:00,-0.0549525077142244,0.2378717241988104,1.0557525858056045,0.0836125957705629
1970-01-03 23:37:00,-0.0515749853779349,0.2278939213000152,1.059134637887713,0.08460213887663359
1970-01-03 23:38:00,-0.0481807942088234,0.2182644941840404,1.0623274364694897,0.08558756469841966
1970-01-03 23:39:00,-0.0447971307270435,0.209053842396406,1.0653009282442412,0.08654330777015917
1970-01-03 23:40:00,-0.0414468128747166,0.2003211079576554,1.0680287070590109,0.08744273582244166
1970-01-03 23:41:00,-0.038148112142882,0.1921140067189448,1.0704882335118897,0.08825921917761814
1970-01-03 23:42:00,-0.0349146886403921,0.1844689144009055,1.0726609986296185,0.08896714084686441
1970-01-03 23:43:00,-0.0317556288172993,0.1774111919237182,1.074532634284736,0.089542809220579
1970-01-03 23:44:00,-0.0286755853191103,0.1709557291020571,1.0760929735624385,0.089965246352681
1970-01-03 23:45:00,-0.0256750176389237,0.165107680355688,1.077336064784652,0.09021683583077866
1970-01-03 23:46:00,-0.0227505306970495,0.1598633613349458,1.0782601433090853,0.09028382432889193
1970-01-03 23:47:00,-0.0198953062465942,0.1552112721442642,1.07886756546483,0.09015667957559925
1970-01-03 23:48:00,-0.0170996191314986,0.1511332116647739,1.0791647090163972,0.08983031423657728
1970-01-03 23:49:00,-0.014351427162153,0.1476054482256504,1.0791618443505857,0.08930418988895994
1970-01-03 23:50:00,-0.0116370202919659,0.1445999143067952,1.0788729801174115,0.08858231782728887
1970-01-03 23:51:00,-0.0089417123793352,0.1420853969016755,1.0783156863112653,0.08767317406375175
1970-01-03 23:52:00,-0.0062505571457129,0.1400287001267,1.077510896862976,0.08658954494429971
1970-01-03 23:53:00,-0.0035490687856111,0.1383957616485264,1.0764826929143312,0.08534831776513618
1970-01-03 23:54:00,-0.0008239270465585,0.1371527085150825,1.0752580671728182,0.08397022806395671
1970-01-03 23:55:00,0.0019363533178569,0.136266840499956,1.0738666691228274,0.0824795722492726
1970-01-03 23:56:00,0.0047408079264425,0.1357075302538689,1.072340530433474,0.08090389130474729
1970-01-03 23:57:00,0.0075954806354081,0.1354470300369014,1.0707137696807492,0.07927362881516786
1970-01-03 23:58:00,0.0105029695485415,0.1354611751828688,1.0690222754661836,0.077621764718103
1970-01-03 23:59:00,0.0134620745142604,0.1357299749451347,1.0673033671095298,0.075983425054575
1970-01-04 00:00:00,0.0164675568227215,0.1362380819469285,1.0655954322745964,0.07439546754664383
1970-01-04 00:01:00,0.0195100187091864,0.1369751320710699,1.063937541106888,0.0728960429661818
1970-01-04 00:02:00,0.0225759063863765,0.1379359473724427,1.0623690366510643,0.0715241327947822
1970-01-04 00:03:00,0.0256476356186568,0.1391205955447403,1.0609291014481177,0.07031906439951863
1970-01-04 00:04:00,0.0287038338769598,0.1405343003809544,1.0596563003710149,0.06932000569464081
1970-01-04 00:05:00,0.0317196887761745,0.142187198253033,1.0585881000848536,0.0685654419100239
1970-01-04 00:06:00,0.034667389374462,0.1440939361937613,1.0577603660787862,0.06809263754647255
1970-01-04 00:07:00,0.0375166450656111,0.1462731084802364,1.0572068389627614,0.06793708675702614
1970-01-04 00:08:00,0.0402352660746721,0.1487465312138554,1.0569585925546372,0.06813195512508363
1970-01-04 00:09:00,0.0427897897907958,0.1515383581915435,1.0570434771197796,0.06870751500829408
1970-01-04 00:10:00,0.0451461380100971,0.1546740460316669,1.0574855519158188,0.0696905752617143
1970-01-04 00:11:00,0.0472702911881648,0.1581791817857717,1.058304511910871,0.07110390434837677
1970-01-04 00:12:00,0.049128966808701,0.1620781918939376,1.0595151141728512,0.07296564382463266
1970-01-04 00:13:00,0.0506902901187514,0.1663929569059456,1.0611266100017955,0.07528870731265913
1970-01-04 00:14:00,0.05192444697602,0.1711413612685722,1.0631421894764084,0.0780801587893718
1970-01-04 00:15:00,0.0528043102706338,0.1763358111060105,1.0655584457835945,0.08134056376440513
1970-01-04 00:16:00,0.0533060328355155,0.1819817550185211,1.068364867501808,0.08506330801867867
1970-01-04 00:17:00,0.0534096004603766,0.1880762435407073,1.0715433678583872,0.08923388122432896
1970-01-04 00:18:00,0.0530993384932898,0.1946065623894342,1.075067860797566,0.09382912705473001
1970-01-04 00:19:00,0.0523643649787495,0.2015489735095329,1.078903894404863,0.09881646729758908
1970-01-04 00:20:00,0.0511989829338702,0.2088675965582984,1.0830083527764776,0.10415311480297973
1970-01-04 00:21:00,0.0496030045093188,0.2165134619706797,1.0873292377528605,0.10978529839924311
1970-01-04 00:22:00,0.0475820003576619,0.2244237651451776,1.0918055420137824,0.11564753156719854
1970-01-04 00:23:00,0.0451474683311512,0.2325213494926808,1.0963672248428435,0.12166196493248704
1970-01-04 00:24:00,0.0423169164487349,0.2407144436914136,1.1009353014395955,0.12773786970877632
1970-01-04 00:25:00,0.0391138557612647,0.24889667493214,1.1054220560291588,0.13377130430282147
1970-01-04 00:26:00,0.0355676992930572,0.2569473749364186,1.1097313882038595,0.13964501871617152
1970-01-04 00:27:00,0.0317135637796344,0.264732189336787,1.1137593008942814,0.14522865076244562
1970-01-04 00:28:00,0.0275919715920142,0.2721039943395913,1.117394537033782,0.15037926442753435
1970-01-04 00:29:00,0.0232484510444361,0.2789041183057381,1.1205193702585707,0.15494227423215
1970-01-04 00:30:00,0.0187330341743427,0.2849638605180852,1.1230105528180327,0.15875279076747484
1970-01-04 00:31:00,0.0140996521593352,0.2901062949054783,1.1247404212914347,0.16163741237170592
1970-01-04 00:32:00,0.0094054300788567,0.29414834237967,1.1255781578282384,0.16341647694180716
1970-01-04 00:33:00,0.0047098849963533,0.2969030911778214,1.1253912015649072,0.16390677681991805
1970-01-04 00:34:00,7.403440311919229e-05,0.2981823398660968,1.1240468016967662,0.16292472916085265
1970-01-04 00:35:00,-0.0044405741305044,0.2977993323920003,1.1214137004445373,0.16028998470918454
1970-01-04 00:36:00,-0.0087728967873765,0.2955716488834113,1.117363930892574,0.15582944996284187
1970-01-04 00:37:00,-0.0128634704617016,0.2913242099011469,1.1117747114447314,0.14938169167377224
1970-01-04 00:38:00,-0.0166555069766026,0.2848923456775316,1.1045304155090874,0.14080168886751343
1970-01-04 00:39:00,-0.0200959730802376,0.2761248758095542,1.0955245920095138,0.12996589633160816
1970-01-04 00:40:00,-0.0231366199436845,0.264887139603889,1.0846620093209225,0.11677758500699231
1970-01-04 00:41:00,-0.0257349235455391,0.2510639138787736,1.0718606919395697,0.10117242885353606
1970-01-04 00:42:00,-0.0278548991350883,0.2345621545618202,1.057053915302608,0.0831243140171316
1970-01-04 00:43:00,-0.0294677593978513,0.2153135011551507,1.0401921196331063,0.06265135315889636
1970-01-04 00:44:00,-0.0305523957554902,0.1932764883221168,1.0212446989284163,0.03982209291489913
1970-01-04 00:45:00,-0.0310956732340437,0.168438415235937,1.0002016169200216,0.014761900699123753
1970-01-04 00:46:00,-0.0310925394771713,0.140816829686295,0.9770747987665817,0.0
1970-01-04 00:47:00,-0.0305459563633345,0.1104605892264057,0.95189924611742,0.0
1970-01-04 00:48:00,-0.0294666678480771,0.0774504654201618,0.9247338244502176,0.0
1970-01-04 00:49:00,-0.0278728205888525,0.0418992600841933,0.8956616752197469,0.0
1970-01-04 00:50:00,-0.0257894554033995,0.0039514054801435,0.8647902110620951,0.0
1970-01-04 00:51:00,-0.0232478880613156,-0.0362179753572731,0.8322506598931966,0.0
1970-01-04 00:52:00,-0.0202849975035211,-0.0784045660544981,0.7981971332049952,0.0
1970-01-04 00:53:00,-0.0169424388535984,-0.1223769218918112,0.7628052051824743,0.0
1970-01-04 00:54:00,-0.0132657983633415,-0.1678791010662854,0.7262700023471862,0.0
1970-01-04 00:55:00,-0.009303708227909,-0.2146338460356099,0.6888038182200018,0.0
1970-01-04 00:56:00,-0.0051069406409138,-0.2623462797601861,0.6506332841280854,0.0
1970-01-04 00:57:00,-0.0007275015123469,-0.3107080589789638,0.6119961460700826,0.0
1970-01-04 00:58:00,0.0037822558590827,-0.359401901010775,0.5731377186032188,0.0
1970-01-04 00:59:00,0.0083704782494312,-0.408106373537998,0.5343071089052642,0.0
1970-01-04 01:00:00,0.0129866044890372,-0.4565008125509124,0.4957533236976201,0.0
1970-01-04 01:01:00,0.0175820882286245,-0.5042702190267366,0.457721382527347,0.0
1970-01-04 01:02:00,0.0221110409735798,-0.5511099856961624,0.4204485586609074,0.0
1970-01-04 01:03:00,0.026530788054205,-0.5967303209968141,0.3841608548126943,0.0
1970-01-04 01:04:00,0.0308023330907827,-0.6408602618411929,0.3490698006822177,0.0
1970-01-04 01:05:00,0.0348907290344455,-0.6832511933671747,0.3153696380314767,0.0
1970-01-04 01:06:00,0.0387653560611356,-0.7236798187003843,0.2832349392989888,0.0
1970-01-04 01:07:00,0.042400108506443,-0.7619505439209548,0.2528186881129821,0.0
1970-01-04 01:08:00,0.0457734946575022,-0.7978972628497379,0.2242508345561564,0.0
1970-01-04 01:09:00,0.0488686545567483,-0.8313845430619395,0.1976373246027167,0.0
1970-01-04 01:10:00,0.0516733020316478,-0.8623082288255278,0.1730595917241919,0.0
1970-01-04 01:11:00,0.054179597974616,-0.8905954885835787,0.1505744891424811,0.0
1970-01-04 01:12:00,0.0563839624894682,-0.9162043442975872,0.1302146334778285,0.0
1970-01-04 01:13:00,0.0582868339180509,-0.9391227275941656,0.1119891244671604,0.0
1970-01-04 01:14:00,0.0598923829814451,-0.9593671133693372,0.0958846008749334,0.0
1970-01-04 01:15:00,0.0612081903312034,-0.9769807854673344,0.0818665895395026,0.0
1970-01-04 01:16:00,0.062244895723054,-0.9920317914323852,0.0698811025551273,0.0
1970-01-04 01:17:00,0.0630158268123327,-1.0046106443006042,0.0598564367587424,0.00836319552647824
1970-01-04 01:18:00,0.0635366152399921,-1.0148278291197126,0.0517051298548711,0.018128599286599156
1970-01-04 01:19:00,0.0638248072432705,-1.022811170516607,0.0453260285535955,0.025802488502359555
1970-01-04 01:20:00,0.0638994755000738,-1.028703115331577,0.0406064258940273,0.03148539702991604
1970-01-04 01:21:00,0.063780838317235,-1.0326579812538033,0.0374242273583506,0.035302407211052156
1970-01-04 01:22:00,0.0634898916186857,-1.0348392186713522,0.0356501083321727,0.037397756437800966
1970-01-04 01:23:00,0.0630480584991456,-1.0354167287295135,0.0351496288232444,0.03792984166553892
1970-01-04 01:24:00,0.0624768603993573,-1.0345642760045912,0.0357852750039027,0.037066625235509854
1970-01-04 01:25:00,0.0617976132452991,-1.0324570293667217,0.0374184009868743,0.03498144873422038
1970-01-04 01:26:00,0.0610311511899299,-1.0292692596355284,0.0399110481786742,0.03184926322256865
1970-01-04 01:27:00,0.0601975799140303,-1.0251722176282938,0.0431276234911558,0.02784328393603608
1970-01-04 01:28:00,0.0593160607926985,-1.0203322112542066,0.0469364215595996,0.023132075569758825
1970-01-04 01:29:00,0.0584046266240186,-1.0149088955013466,0.0512109798624798,0.01787707069042943
1970-01-04 01:30:00,0.0574800290525556,-1.0090537845647738,0.0558312592219632,0.012230518899072562
1970-01-04 01:31:00,0.0565576173072984,-1.0029089910324689,0.0606846455483412,0.00633385840613121
1970-01-04 01:32:00,0.0556512474147344,-0.9966061930282096,0.0656667718425208,0.00031649503805275536
1970-01-04 01:33:00,0.0547732206449339,-0.9902658265431686,0.0706821623600825,0.0
1970-01-04 01:34:00,0.0539342496028267,-0.9839964968967168,0.0756447034463553,0.0
1970-01-04 01:35:00,0.0531434500882285,-0.9778946003676832,0.0804779478593834,0.0
1970-01-04 01:36:00,0.0524083566157289,-0.9720441445383536,0.0851152613979244,0.0
1970-01-04 01:37:00,0.0517349593076048,-0.9665167537970556,0.0894998223419779,0.0
1970-01-04 01:38:00,0.0511277597471229,-0.961371844748272,0.0935844855963101,0.0
1970-01-04 01:39:00,0.0505898433030115,-0.956656954972893,0.0973315245100453,0.0
1970-01-04 01:40:00,0.0501229654051212,-0.9524082076505416,0.1007122641383122,0.0
1970-01-04 01:41:00,0.0497276492625628,-0.948650893981352,0.1037066202283794,0.0
1970-01-04 01:42:00,0.0494032925648426,-0.9454001551029396,0.1063025584676343,0.0
1970-01-04 01:43:00,0.0491482807894418,-0.9426617452626348,0.1084954885402359,0.0
1970-01-04 01:44:00,0.0489601048515117,-0.9404328583454972,0.1102876073204173,0.0
1970-01-04 01:45:00,0.0488354809684655,-0.9387030004446107,0.1116872051015042,0.0
1970-01-04 01:46:00,0.0487704707698348,-0.9374548919614278,0.1127079481414664,0.0
1970-01-04 01:47:00,0.0487605998565279,-0.9366653837098314,0.1133681500230025,0.0
1970-01-04 01:48:00,0.04415707529428015,0.1758412093441924,1.0435032876628778,0.059136010890672885
1970-01-04 01:49:00,0.039039638859723697,0.17152851189820736,1.0410882383766706,0.05584603228053586
1970-01-04 01:50:00,0.0490114285228812,-0.9367480483677452,0.1134231473813725,0.0
1970-01-04 01:51:00,0.0491705846979477,-0.9374757426279162,0.1128920734261288,0.0
1970-01-04 01:52:00,0.0493583223095035,-0.93848958672903,0.1121368214636653,0.0
1970-01-04 01:53:00,0.0495691755032226,-0.9397495879816452,0.1111889861458638,0.0
1970-01-04 01:54:00,0.0497978183489982,-0.9412156472209404,0.1100802324543676,0.0
1970-01-04 01:55:00,0.0500391294610561,-0.94284818200839,0.1088418023396923,0.0
1970-01-04 01:56:00,0.0502882475290013,-0.944608683535823,0.1075040743526918,0.0
1970-01-04 01:57:00,0.0505406178025917,-0.9464602051495878,0.1060961778632521,0.0
1970-01-04 01:58:00,0.0507920297084063,-0.9483677816025848,0.1046456625074786,0.0
1970-01-04 01:59:00,0.0510386458945796,-0.9502987792359414,0.1031782226294105,0.0
1970-01-04 02:00:00,0.0512770230985897,-0.9522231782805984,0.1017174756941634,0.0
1970-01-04 02:01:00,0.0515041253134872,-0.9541137893484084,0.100284792949937,0.0
1970-01-04 02:02:00,0.0517173297931025,-0.9559464069531424,0.0988991800062215,0.0
1970-01-04 02:03:00,0.0519144264894497,-0.9576999035655676,0.0975772044733767,0.0
1970-01-04 02:04:00,0.0520936115566653,-0.959356268264288,0.0963329673738223,0.0
1970-01-04 02:05:00,0.0522534755850332,-0.9609005944965954,0.0951781146867096,0.0
1970-01-04 02:06:00,0.052392987245607,-0.9623210218134224,0.0941218851244979,0.0
1970-01-04 02:07:00,0.05251147303087,-0.9636086366914792,0.0931711900581968,0.0
1970-01-04 02:08:00,0.0526085937705575,-0.9647573377055304,0.0923307214037214,0.0
1970-01-04 02:09:00,0.0526843185852963,-0.9657636703696388,0.0916030832494776,0.0
1970-01-04 02:10:00,0.0527388969152796,-0.9666266369370782,0.0909889430389072,0.0
1970-01-04 02:11:00,0.0527728292280409,-0.96734748634359,0.0904871982147842,0.0
1970-01-04 02:12:00,0.052786836969859,-0.9679294893049372,0.09009515437775,0.0
1970-01-04 02:13:00,-0.3038329861014718,0.12581130788106903,0.8581797008352358,0.0
1970-01-04 02:14:00,-0.3227943488965847,0.12540157103604022,0.8480904591612446,0.0
1970-01-04 02:15:00,-0.3418221164227524,0.1250835478292443,0.8379884577919665,0.0
1970-01-04 02:16:00,-0.3609018359758878,0.124866053828201,0.8278798233085358,0.0
1970-01-04 02:17:00,-0.38002085813449327,0.12475879356054084,0.8177691310644573,0.0
1970-01-04 02:18:00,-0.3991674997590125,0.12477187236780819,0.8076599430270672,0.0
1970-01-04 02:19:00,-0.4183301798771322,0.12491528340957139,0.7975553737768979,0.0
1970-01-04 02:20:00,-0.4374965611828772,0.1251983917048696,0.787458663596317,0.0
1970-01-04 02:21:00,-0.45665272801292045,0.1256294398166722,0.7773737375976069,0.0
1970-01-04 02:22:00,-0.4757824291623407,0.12621510068906588,0.767305730407353,0.0
1970-01-04 02:23:00,-0.4948664113164873,0.12696010104474964,0.7572614570317455,0.0
1970-01-04 02:24:00,-0.5138818663808311,0.12786693349267234,0.7472498122244333,0.0
1970-01-04 02:25:00,-0.5328020132976845,0.12893566850085955,0.7372820829824829,0.0
1970-01-04 02:26:00,-0.5515958316476309,0.13016387076860464,0.7273721616547879,0.0
1970-01-04 02:27:00,-0.5702279602599585,0.13154661970144654,0.7175366505021114,0.0
1970-01-04 02:28:00,-0.5886587691841253,0.1330766306984744,0.707794852372223,0.0
1970-01-04 02:29:00,-0.6068446076573216,0.13474447187256441,0.6981686464331283,0.0
1970-01-04 02:30:00,-0.6247382240420325,0.1365388686271586,0.6886822526422848,0.0
1970-01-04 02:31:00,-0.6422893460766268,0.1384470856494148,0.6793618938274882,0.0
1970-01-04 02:32:00,-0.6594454013891267,0.1404553722532006,0.6702353697806949,0.0
1970-01-04 02:33:00,-0.6761523498318647,0.142549453121052,0.6613315630230752,0.0
1970-01-04 02:34:00,-0.6923555923923095,0.14471504367396085,0.6526798996906185,0.0
1970-01-04 02:35:00,-0.7080009180047586,0.1469383688685441,0.6443097901204358,0.0
1970-01-04 02:36:00,-0.7230354501748999,0.1492066660930111,0.6362500720521735,0.0
1970-01-04 02:37:00,-0.7374085591051023,0.15150865563836005,0.628528475994234,0.0
1970-01-04 02:38:00,-0.7510727106188766,0.15383496489788165,0.6211711285413278,0.0
1970-01-04 02:39:00,-0.7639842295221165,0.15617849486704075,0.614202105891958,0.0
1970-01-04 02:40:00,-0.7761039613446079,0.1585347198133426,0.6076430465456379,0.0
1970-01-04 02:41:00,-0.7873978222312277,0.1609019131479488,0.6015128290893447,0.0038438323106921857
1970-01-04 02:42:00,-0.7978372319107309,0.16328129453611107,0.5958273181384492,0.00906651059700847
1970-01-04 02:43:00,-0.807399429095881,0.16567709518494095,0.5905991789710436,0.013977380504390347
1970-01-04 02:44:00,-0.8160676723467549,0.16809654009372335,0.5858377592538551,0.018542474719885904
1970-01-04 02:45:00,-0.8238313323861151,0.17054974784108534,0.5815490345144159,0.02273386580008596
1970-01-04 02:46:00,-0.830685884143469,0.1730495501803202,0.5777356126462327,0.026529893891330314
1970-01-04 02:47:00,-0.8366328084813048,0.1756112352865283,0.5743967917101298,0.02991525695712771
1970-01-04 02:48:00,-0.8416794146823119,0.1782522199278944,0.5715286645826977,0.03288097351479147
1970-01-04 02:49:00,-0.8458385954088846,0.18099165710840248,0.5691242635695197,0.03542423035665365
1970-01-04 02:50:00,-0.8491285260430917,0.18384998684539128,0.5671737379161643,0.03754812918965733
1970-01-04 02:51:00,-0.8515723201324352,0.1868484387001565,0.565664557184812,0.03926134668595971
1970-01-04 02:52:00,-0.8531976521593375,0.19000849547147713,0.5645817336899595,0.04057772223794043
1970-01-04 02:53:00,-0.8540363580752839,0.1933513280871845,0.5639080575739492,0.04151578691078739
1970-01-04 02:54:00,-0.8541240230466716,0.19689721218999645,0.5636243386244324,0.042098245849906624
1970-01-04 02:55:00,-0.8534995646929882,0.2006649372496635,0.563709649569126,0.04235142489943322
1970-01-04 02:56:00,-0.8522048187881975,0.2046712193508144,0.5641415663164053,0.04230469059786013
1970-01-04 02:57:00,-0.8502841329638771,0.20893012923502474,0.5648964014391809,0.04198985121316445
1970-01-04 02:58:00,-0.8477839724322043,0.21345254774790265,0.5659494281136098,0.04144054522335594
1970-01-04 02:59:00,-0.8447525402065393,0.2182456614258813,0.5672750926850885,0.04069162276704086
1970-01-04 03:00:00,-0.8412394128389298,0.2233125113242368,0.5688472149628621,0.03977852516703262
1970-01-04 03:01:00,-0.8372951914270572,0.2286516081179211,0.5706391761452008,0.0387366677043115
1970-01-04 03:02:00,-0.8329711666424346,0.23425662586752527,0.5726240948911546,0.03760083137515391
1970-01-04 03:03:00,-0.8283189958129389,0.24011618562844575,0.5747749924920709,0.03640457033900124
1970-01-04 03:04:00,-0.8233903896376766,0.24621373837943394,0.577064948399397,0.035179643050258225
1970-01-04 03:05:00,-0.8182368059094216,0.2525275546502703,0.579467247560454,0.033955476506501325
1970-01-04 03:06:00,-0.8129091476787125,0.2590308257870423,0.5819555210976042,0.03275867443640079
1970-01-04 03:07:00,-0.8074574636321057,0.2656918790236331,0.5845038818251453,0.031612581361319725
1970-01-04 03:08:00,-0.8019306490899851,0.2724745054299021,0.5870870559244997,0.03053691505605527
1970-01-04 03:09:00,-0.7963761469663615,0.27933839637774094,0.5896805117905743,0.02954747978588612
1970-01-04 03:10:00,-0.7908396492785355,0.28623968042704206,0.5922605866207651,0.028655971637916
1970-01-04 03:11:00,-0.7853648013355403,0.29313154856713386,0.5948046107484721,0.027869885204260703
1970-01-04 03:12:00,-0.7799929124900693,0.2999649517787419,0.5972910290536291,0.027192527824412727
1970-01-04 03:13:00,-0.774762679065449,0.30668935143191683,0.5996995180834868,0.02662314368222196
1970-01-04 03:14:00,-0.7697099263335379,0.31325350093651566,0.6020110969048582,0.0261571455395877
1970-01-04 03:15:00,-0.7648673767842291,0.3196062369794584,0.6042082293327382,0.02578644716059708
1970-01-04 03:16:00,-0.760264451255106,0.32569726053123654,0.6062749151608281,0.0254998849892909
1970-01-04 03:17:00,-0.7559271080465364,0.3314778907885095,0.6081967683593746,0.0252837138099804
1970-01-04 03:18:00,-0.7518777233906064,0.3369017784646661,0.6099610807652645,0.0251221582387271
1970-01-04 03:19:00,-0.7481350149343611,0.34192556784870154,0.6115568703896797,0.024998000115274976
1970-01-04 03:20:00,-0.74471400840234,0.34650949968166733,0.6129749140036832,0.024893181203847536
1970-01-04 03:21:00,-0.7416260463542553,0.3506179491542463,0.614207764105507,0.024789400993033173
1970-01-04 03:22:00,-0.7388788369433452,0.3542198952398676,0.6152497507282684,0.024668690669179094
1970-01-04 03:23:00,-0.7364765397949343,0.3572893191743805,0.6160969688184978,0.024513946343217352
1970-01-04 03:24:00,-0.7344198855453892,0.359805531204113,0.6167472521096685,0.02430940713946561
1970-01-04 03:25:00,-0.7327063251888384,0.3617534257792354,0.6172001345388534,0.024041066612820572
1970-01-04 03:26:00,-0.7313302051513775,0.3631236662002774,0.617456800319586,0.023697008974035816
1970-01-04 03:27:00,-0.7302829639294786,0.3639128003656033,0.6175200238017879,0.023267664627256934
1970-01-04 03:28:00,-0.7295533461785708,0.36412330975409685,0.6173941002220809,0.022745982449044133
1970-01-04 03:29:00,-0.7291276303293581,0.36376359415891824,0.6170847683402589,0.022127518983160233
1970-01-04 03:30:00,-0.7289898661759833,0.36284789502604436,0.6165991256882564,0.021410447230510554
1970-01-04 03:31:00,-0.729122119431895,0.36139616057642415,0.615945536667342,0.020595489929609245
1970-01-04 03:32:00,-0.7295047209118934,0.35943385612370543,0.6151335331047156,0.019685784107333015
1970-01-04 03:33:00,-0.7301165186210581,0.3569917229573054,0.6141737063650179,0.018686685204780007
1970-01-04 03:34:00,-0.7560340908852793,0.3129525683986273,0.5998356142534763,0.014558830613027318
1970-01-04 03:35:00,-0.7547632173239132,0.3142117916065366,0.6002652494582703,0.014255852296122473
1970-01-04 03:36:00,-0.7535425713895765,0.3153980269326186,0.6006652110332283,0.013953163629857546
1970-01-04 03:37:00,-0.7343949522079243,0.34320688025198676,0.6090982083932235,0.01396624004382696
1970-01-04 03:38:00,-0.7358013224453044,0.33898854085825497,0.6075864098396611,0.012658907217685256
1970-01-04 03:39:00,-0.7372930375532649,0.33456620047963476,0.6060052757664168,0.011324853835121607
1970-01-04 03:40:00,-0.7388456377507457,0.32999687419364665,0.6043689510874101,0.009976555390955433
1970-01-04 03:41:00,-0.7404351709490118,0.3253392650395329,0.60269143479762,0.008626216857944735
1970-01-04 03:42:00,-0.742038419373195,0.32065311596015794,0.6009864085611504,0.007285510605636647
1970-01-04 03:43:00,-0.7436331144784731,0.3159985271775428,0.5992670725519704,0.005965358435537249
1970-01-04 03:44:00,-0.7451981372464291,0.3114352483441084,0.5975459933533444,0.004675764532687143
1970-01-04 03:45:00,-0.7467137011589073,0.3070219560213163,0.5958349683271917,0.0034257035072675635
1970-01-04 03:46:00,-0.7481615156783559,0.30281552697092734,0.5941449101297522,0.0022230645669190086
1970-01-04 03:47:00,-0.7495249287268322,0.29887031711082207,0.5924857541748487,0.0010746496305984454
1970-01-04 03:48:00,-0.7507890473062223,0.2952374553282685,0.5908663909581628,0.0
1970-01-04 03:49:00,-0.7519408359783197,0.29196416083508375,0.5892946243018568,0.0
1970-01-04 03:50:00,-0.7529691934069778,0.28909309239155817,0.5877771557832401,0.0
1970-01-04 03:51:00,-0.7538650075532166,0.2866617374561147,0.5863195948908408,0.0
1970-01-04 03:52:00,-0.7546211904117397,0.2847018490166468,0.5849264938041858,0.0
1970-01-04 03:53:00,-0.7552326933884642,0.283238937413705,0.5836014051090113,0.0
1970-01-04 03:54:00,-0.755696504549296,0.28229182386264334,0.5823469602368286,0.0
1970-01-04 03:55:00,-0.756011629029602,0.2818722617110985,0.5811649659673481,0.0
1970-01-04 03:56:00,-0.7561790538928188,0.28198463082735464,0.5800565159642328,0.0
1970-01-04 03:57:00,-0.7562016986765367,0.2826257099433124,0.5790221140322761,0.0
1970-01-04 03:58:00,-0.7560843527760839,0.2837845312651961,0.5780618055858273,0.0
1970-01-04 03:59:00,-0.7470279484306318,0.3085489182610497,0.5972500547938974,0.004968068471758125
1970-01-04 04:00:00,-0.7554577360992893,0.2875725306102803,0.5763621760999784,0.0
1970-01-04 04:01:00,-0.7549666653285384,0.2901409576211741,0.5756218794351993,0.0
1970-01-04 04:02:00,-0.7543718011564384,0.2931059655458627,0.574953987439154,0.0
1970-01-04 04:03:00,-0.7536859471031161,0.29641879805603333,0.574358259632141,0.0
1970-01-04 04:04:00,-0.752923172766107,0.3000239930806462,0.5738347576104703,0.0
1970-01-04 04:05:00,-0.7520986804016726,0.3038598961730198,0.5733839362222564,0.0
1970-01-04 04:06:00,-0.751228662964623,0.30785927313711725,0.573006717311142,0.0
1970-01-04 04:07:00,-0.7503301537756261,0.3119500205586117,0.5727045441207244,0.0
1970-01-04 04:08:00,-0.7494208679792068,0.31605597151920345,0.5724794149190238,0.0
1970-01-04 04:09:00,-0.7485190359796927,0.3200977921686725,0.5723338949201009,0.0
1970-01-04 04:10:00,-0.7476432291040593,0.32399396297991606,0.572271106135533,0.0
1970-01-04 04:11:00,-0.7468121778501232,0.3276618364209493,0.572294695358263,0.0
1970-01-04 04:12:00,-0.7460445832401852,0.3310187604565854,0.5724087810430958,0.0
1970-01-04 04:13:00,-0.7453589220094856,0.33398325474894286,0.5726178803949041,0.0
1970-01-04 04:14:00,-0.7447732466130215,0.3364762236498509,0.5729268185090776,0.0
1970-01-04 04:15:00,-0.7443049813511592,0.33842218706157534,0.5733406219033694,0.0
1970-01-04 04:16:00,-0.7439707163287588,0.3397505070961537,0.5738643991569787,0.0
1970-01-04 04:17:00,-0.7437860014804079,0.3403965855863807,0.5745032115363109,0.0
1970-01-04 04:18:00,-0.7437651434534187,0.34030300551070214,0.5752619364112813,0.0
1970-01-04 04:19:00,-0.7439210086415635,0.33942058870168396,0.5761451260278281,0.0002839643713683504
1970-01-04 04:20:00,-0.7442648360418387,0.3377093427287976,0.5771568639171107,0.000543748119659071
1970-01-04 04:21:00,-0.7448060638444343,0.3351392712786369,0.578300620973226,0.0007427302312188466
1970-01-04 04:22:00,-0.7455521737413282,0.33169102459790006,0.5795791130693301,0.0008890687161369204
1970-01-04 04:23:00,-0.7465085568194407,0.32735636968198595,0.5809941620396516,0.0009952220166538073
1970-01-04 04:24:00,-0.7476784045873464,0.3221384638292361,0.5825465619270211,0.0010777609044825276
1970-01-04 04:25:00,-0.7490626282095376,0.31605191971881214,0.5842359525279277,0.001156973288575447
1970-01-04 04:26:00,-0.7506598084347613,0.3091226551119347,0.5860607023893891,0.001256266291456809
1970-01-04 04:27:00,-0.7524661780265702,0.30138752555197224,0.5880178034741418,0.0014013814823750081
1970-01-04 04:28:00,-0.7544756377346039,0.2928937440668099,0.5901027796871863,0.0016194506113862417
1970-01-04 04:29:00,-0.7566798059751758,0.2836980979028326,0.5923096113335597,0.0019379298152293334
1970-01-04 04:30:00,-0.7590681014076177,0.27386597879375635,0.5946306773438004,0.0023834592378180197
1970-01-04 04:31:00,-0.761627856486021,0.2634702502382298,0.5970567167506106,0.0029807014858787007
1970-01-04 04:32:00,-0.7643444588238185,0.25258998277009437,0.5995768104208934,0.0037512155534182856
1970-01-04 04:33:00,-0.7672015158390848,0.24130909619095575,0.6021783834514698,0.00471242219179846
1970-01-04 04:34:00,-0.770181036757726,0.2297149555620055,0.6048472279887025,0.005876711826890535
1970-01-04 04:35:00,-0.7732636249588103,0.21789697356714985,0.6075675456800902,0.007250737074881108
1970-01-04 04:36:00,-0.7764286732988802,0.2059452730288174,0.610322008687223,0.00883491934586611
1970-01-04 04:37:00,-0.7754931351362668,0.2154996870798781,0.6044660321129329,0.006582784351766513
1970-01-04 04:38:00,-0.7759865269276519,0.21360850407049117,0.60508880638729,0.0069340328937481654
1970-01-04 04:39:00,-0.7861983038954163,0.1701750086079647,0.6185958166604277,0.014755187714027729
1970-01-04 04:40:00,-0.7894693956032072,0.1585641617462403,0.6212860947392425,0.017055028747569922
1970-01-04 04:41:00,-0.7927080639776811,0.1472435428214982,0.6239042705086081,0.019472056682648065
1970-01-04 04:42:00,-0.7958900332362282,0.13628762637927225,0.626426069139039,0.02197107699085521
1970-01-04 04:43:00,-0.7989908785230517,0.12576664899679701,0.6288265796892347,0.024512831196653817
1970-01-04 04:44:00,-0.8019861197253506,0.11574659074549926,0.6310804439399419,0.0270547873530238
1970-01-04 04:45:00,-0.8048513058652739,0.1062892764197419,0.6331620584400086,0.029551954533066693
1970-01-04 04:46:00,-0.8075620936929364,0.09745256785876484,0.6350457891171006,0.03195769895250433
1970-01-04 04:47:00,-0.8100943244830943,0.0892906181343614,0.6367061979269477,0.034224545988503774
1970-01-04 04:48:00,-0.8124241032268033,0.0818541586290469,0.6381182810342736,0.0363049586771651
1970-01-04 04:49:00,-0.8145278844159609,0.0751907909201151,0.6392577179195587,0.03815208878567278
1970-01-04 04:50:00,-0.8163825684522702,0.0693452568868668,0.6401011305969743,0.039720500960212846
1970-01-04 04:51:00,-0.8179656123843817,0.06435966257218945,0.6406263518231465,0.040966873565146944
1970-01-04 04:52:00,-0.8192551582048144,0.060273634050367696,0.6408127007816943,0.04185068157100247
1970-01-04 04:53:00,-0.820230181346137,0.05712438689004905,0.6406412642418652,0.04233486721787072
1970-01-04 04:54:00,-0.8208706613193013,0.054946694815519,0.6400951806162685,0.042386503238655004
1970-01-04 04:55:00,-0.8211577756105695,0.05377274795412415,0.639159923738551,0.041977451282755096
1970-01-04 04:56:00,-0.8210741169398987,0.053631896633433596,0.6378235826481082,0.04108501498542472
1970-01-04 04:57:00,-0.8206039327806882,0.054550282808660054,0.6360771332535506,0.03969258307332968
1970-01-04 04:58:00,-0.8197333847683461,0.056550367186909846,0.6339146973742624,0.037790253220681524
1970-01-04 04:59:00,-0.8184508244441622,0.0596503651446551,0.6313337842391132,0.0353754223550502
1970-01-04 05:00:00,-0.8167470807370272,0.0638636082972753,0.6283355091185061,0.03245332406671819
1970-01-04 05:01:00,-0.8146157535836271,0.06919785157973875,0.6249247835718424,0.02903748900231351
1970-01-04 05:02:00,-0.8120535070318983,0.07565454870617275,0.6211104719074863,0.02515009990531647
1970-01-04 05:03:00,-0.8090603541055252,0.0832281220491026,0.6169055087646671,0.02082220960820158
1970-01-04 05:04:00,-0.8056399248102987,0.09190525558387816,0.6123269730243365,0.01609378816398066
1970-01-04 05:05:00,-0.801799708116046,0.1016642406667209,0.6073961134296524,0.011013564881680704
1970-01-04 05:06:00,-0.797551258597079,0.11247440384695895,0.60213832142206,0.0056386327779425205
1970-01-04 05:07:00,-0.7929103585985793,0.1242956441319298,0.596583046935149,3.3787335970592025e-05
1970-01-04 05:08:00,-0.7878971272664359,0.1370781046068397,0.590763653342919,0.0
1970-01-04 05:09:00,-0.7825360685430781,0.15076200018463126,0.5847172084625282,0.0
1970-01-04 05:10:00,-0.7768560513225076,0.1652776194277085,0.5784842094748182,0.0
1970-01-04 05:11:00,-0.7708902163897129,0.18054551375098246,0.5721082408820791,0.0
1970-01-04 05:12:00,-0.7646758065424942,0.196476881864304,0.5656355662243115,0.0
1970-01-04 05:13:00,-0.7582539184073052,0.2129741510356136,0.5591146562676254,0.0
1970-01-04 05:14:00,-0.7516691769262249,0.22993174959610865,0.5525956587803655,0.0
1970-01-04 05:15:00,-0.7449693363229983,0.24723705699967563,0.5461298178146449,0.0
1970-01-04 05:16:00,-0.7382048145061542,0.26477150884953793,0.5397688535210894,0.0
1970-01-04 05:17:00,-0.7314281710675556,0.28241182550442445,0.5335643165866881,0.0
1970-01-04 05:18:00,-0.7246935416581248,0.3000313261451516,0.527566933651212,0.0
1970-01-04 05:19:00,-0.7180560428282716,0.3175012877398831,0.5218259607147846,0.0
1970-01-04 05:20:00,-0.711571161137466,0.3346923108551707,0.5163885603964833,0.0
1970-01-04 05:21:00,-0.7052941388862759,0.3514756601922262,0.5112992165490865,0.0
1970-01-04 05:22:00,-0.6992793668773948,0.36772455480278265,0.5065991970244841,0.0
1970-01-04 05:23:00,-0.6935797926209268,0.38331538968863277,0.502326072824658,0.0
1970-01-04 05:24:00,-0.688246350562613,0.39812887640686895,0.4985132996059333,0.0
1970-01-04 05:25:00,-0.6833274193281688,0.4120510952823189,0.4951898655338235,0.0
1970-01-04 05:26:00,-0.678868309690764,0.42497445585221677,0.49238000779716673,0.0
1970-01-04 05:27:00,-0.6749107859893437,0.4367985652540461,0.4901029986623586,0.0
1970-01-04 05:28:00,-0.6714926230401546,0.4474310064551613,0.4883730007545198,0.0
1970-01-04 05:29:00,-0.6686472001742654,0.45678802956237863,0.48719899026256197,0.0
1970-01-04 05:30:00,-0.6664031338785142,0.46479516000066595,0.4865847459480458,0.0
1970-01-04 05:31:00,-0.6647839505899353,0.4713877271801434,0.48652890116131,0.0
1970-01-04 05:32:00,-0.6638078014626438,0.47651131645387346,0.48702505549917074,0.0
1970-01-04 05:33:00,-0.6634872213551604,0.480122145783662,0.48806194224170873,0.0
1970-01-04 05:34:00,-0.6638289348366095,0.4821873666648226,0.48962364724747165,0.0
1970-01-04 05:35:00,-0.6648337126374544,0.4826852866431844,0.49168987454532875,0.0
1970-01-04 05:36:00,-0.6664962826107104,0.4816055084254022,0.4942362534506626,0.0
1970-01-04 05:37:00,-0.6688052998280531,0.47894897850731655,0.49723468171548113,0.0
1970-01-04 05:38:00,-0.6717433807900779,0.47472793684317804,0.5006536990832093,0.0
1970-01-04 05:39:00,-0.6752872067530928,0.4689657586799515,0.504458885721515,0.0
1970-01-04 05:40:00,-0.6794077007628903,0.4616966804378367,0.5086132803467941,0.0
1970-01-04 05:41:00,-0.6840702820944795,0.45296540338117747,0.5130778133460933,0.0
1970-01-04 05:42:00,-0.6892352004497972,0.44282657159275335,0.5178117507011104,0.0
1970-01-04 05:43:00,-0.6948579505217979,0.43134412422582047,0.5227731448809394,0.0
1970-01-04 05:44:00,-0.7008897654401148,0.4185905260565805,0.5279192890036529,0.0
1970-01-04 05:45:00,-0.7072781851862759,0.4046458850033052,0.5332071704301006,0.0
1970-01-04 05:46:00,-0.713967693295926,0.38959697058118886,0.5385939195270331,0.0
1970-01-04 05:47:00,-0.7209004120306127,0.373536153302408,0.5440372486065881,0.0
1970-01-04 05:48:00,-0.7280168427049304,0.3565602918261891,0.5494958750174934,0.0
1970-01-04 05:49:00,-0.7352566341726375,0.338769601820002,0.5549299211293022,0.0
1970-01-04 05:50:00,-0.7425593592223814,0.32026654657041786,0.560301282856158,0.0
1970-01-04 05:51:00,-0.7498652768470699,0.3011547919143298,0.565573957991765,0.0
1970-01-04 05:52:00,-0.7571160588381334,0.281538265112047,0.5707143264403729,0.0
1970-01-04 05:53:00,-0.7642554617784771,0.261520349203629,0.5756913763748317,0.0
1970-01-04 05:54:00,-0.7712299293299762,0.24120323352286493,0.5804768728907135,0.0
1970-01-04 05:55:00,-0.7779891137964463,0.220687429832539,0.585045468253786,0.0
1970-01-04 05:56:00,-0.7844863098098431,0.20007145335718268,0.5893747550163568,0.0014039936899148397
1970-01-04 05:57:00,-0.7906787964850921,0.1794516592791865,0.5934452650333403,0.004765216266794603
1970-01-04 05:58:00,-0.796528087472494,0.1589222180646965,0.59724041879452,0.008171306559081604
1970-01-04 05:59:00,-0.8020000909933083,0.13857520719723596,0.6007464305706149,0.011584651844009697
1970-01-04 06:00:00,-0.8070651841839809,0.11850079243069864,0.6039521756854628,0.014965457463371301
1970-01-04 06:01:00,-0.8116982079187409,0.09878746849302054,0.6068490267941429,0.01827240264614516
1970-01-04 06:02:00,-0.8158783897527726,0.07952232726648541,0.6094306663824254,0.021463207622664182
1970-01-04 06:03:00,-0.8195892037535105,0.06079132083016955,0.6116928828234862,0.024495110039329138
1970-01-04 06:04:00,-0.8228181767911935,0.042679487359881196,0.613633357252226,0.02732525902555527
1970-01-04 06:05:00,-0.8255566513682346,0.025271109720807153,0.6152514482657454,0.029911043827548944
1970-01-04 06:06:00,-0.8277995153083826,0.008649779631198503,0.6165479810505845,0.03221038028592482
1970-01-04 06:07:00,-0.8295449086308483,-0.007101655510927899,0.617525046992993,0.034181982346461526
1970-01-04 06:08:00,-0.8307939177312673,-0.021901280700574854,0.6181858191689653,0.03578564715736321
1970-01-04 06:09:00,-0.8315502666062347,-0.035668447431302805,0.6185343883643373,0.03698258115761255
1970-01-04 06:10:00,-0.8318200143115576,-0.0483242575177687,0.6185756234794396,0.037735791055170775
1970-01-04 06:11:00,-0.83161126715883,-0.059792191988954746,0.6183150593529692,0.03801055799593134
1970-01-04 06:12:00,-0.8309339133478167,-0.06999887169426655,0.6177588141659798,0.0377750058995181
1970-01-04 06:13:00,-0.8297993867768516,-0.0788749284488479,0.6169135375687991,0.03700076637806782
1970-01-04 06:14:00,-0.8282204655926888,-0.0863559603625508,0.6157863894538163,0.035663733531920094
1970-01-04 06:15:00,-0.8262111095867959,-0.0923835432803202,0.6143850479679693,0.03374489301774797
1970-01-04 06:16:00,-0.8237863388718454,-0.0969062710894832,0.6127177441280758,0.03123120174757399
1970-01-04 06:17:00,-0.8209621545063823,-0.09988079930396605,0.6107933194146926,0.02811648768171149
1970-01-04 06:18:00,-0.8177554999944656,-0.1012728677294353,0.608621301968266,0.024402333421243982
1970-01-04 06:19:00,-0.814184260944097,-0.1010582789415996,0.606211996420794,0.020098902614941627
1970-01-04 06:20:00,-0.8102672986647479,-0.0992238099145464,0.6035765819268964,0.015225664564278762
1970-01-04 06:21:00,-0.8060245121479905,-0.0957680345646957,0.6007272126124268,0.009811969923553043
1970-01-04 06:22:00,-0.8014769217309065,-0.09070203534375004,0.5976771144512409,0.003897429233440386
1970-01-04 06:23:00,-0.7966467668140238,-0.08404998243190634,0.5944406725203865,0.0
1970-01-04 06:24:00,-0.7915576093155716,-0.07584955968442819,0.5910335026656558,0.0
1970-01-04 06:25:00,-0.7862344341065823,-0.06615221744361693,0.5874725018139538,0.0
1970-01-04 06:26:00,-0.7807037374946115,-0.05502323382852335,0.583775871480837,0.0
1970-01-04 06:27:00,-0.7749935949160234,-0.04254156828495975,0.579963109452083,0.0
1970-01-04 06:28:00,-0.7691336993746403,-0.028799494062601405,0.5760549652043709,0.0
1970-01-04 06:29:00,-0.7631553628509506,-0.013901999891704944,0.5720733554117421,0.0
1970-01-04 06:30:00,-0.757091473922167,0.002034044510239752,0.5680412368862959,0.0
1970-01-04 06:31:00,-0.7509764061950714,0.018880959298789107,0.5639824355350984,0.0
1970-01-04 06:32:00,-0.7448458738725687,0.0365015558657992,0.559921431387138,0.0
1970-01-04 06:33:00,-0.7387367328602223,0.0547506558255175,0.5558831014601049,0.0
1970-01-04 06:34:00,-0.7326867282775658,0.07347680671218221,0.5518924242014269,0.0
1970-01-04 06:35:00,-0.7267341920588594,0.0925241644379578,0.5479741514398212,0.0
1970-01-04 06:36:00,-0.720917697384905,0.11173450292286816,0.5441524561153802,0.0
1970-01-04 06:37:00,-0.7152756795678128,0.1309493025119447,0.5404505661769621,0.0
1970-01-04 06:38:00,-0.709846035004998,0.1500118633072281,0.5368903963933487,0.0
1970-01-04 06:39:00,-0.7046657103410254,0.16876938938244201,0.5334921900155012,0.0
1970-01-04 06:40:00,-0.6997702930536985,0.18707499483209192,0.530274181351998,0.0
1970-01-04 06:41:00,-0.6951936128895362,0.2047895904903676,0.5272522888595934,0.0
1970-01-04 06:42:00,-0.6909673615215958,0.22178361846175965,0.524439846744629,0.0
1970-01-04 06:43:00,-0.6871207358150261,0.23793860895330182,0.5218473815210712,0.0
1970-01-04 06:44:00,-0.6836801082759797,0.2531485399477043,0.5194824385365008,0.0
1970-01-04 06:45:00,-0.6806687266950917,0.2673209851797053,0.5173494621761,0.0
1970-01-04 06:46:00,-0.6781064437784936,0.28037804009847955,0.515449732275405,0.0
1970-01-04 06:47:00,-0.6760094767907424,0.2922570195269971,0.5137813581803217,0.0
1970-01-04 06:48:00,-0.6743901969211828,0.3029109248460854,0.5123393308626032,0.0
1970-01-04 06:49:00,-0.6732569481054267,0.31230868260239586,0.5111156325371727,0.0
1970-01-04 06:50:00,-0.6726138952323919,0.32043516012792495,0.5100994023545561,0.0
1970-01-04 06:51:00,-0.6724609019479144,0.3272909668489801,0.5092771559637229,0.0
1970-01-04 06:52:00,-0.6727934385783714,0.33289205243956493,0.5086330560471187,0.0
1970-01-04 06:53:00,-0.6736025210031247,0.3372691149150777,0.5081492303048146,0.0
1970-01-04 06:54:00,-0.6748746815744855,0.34046683324834753,0.507806132796129,0.0
1970-01-04 06:55:00,-0.6765919734055488,0.34254294018748854,0.5075829440261331,0.0
1970-01-04 06:56:00,-0.6787320095116101,0.343567151723497,0.5074580046835391,0.0
1970-01-04 06:57:00,-0.6812680383870047,0.34361997015605933,0.5074092774877079,0.0
1970-01-04 06:58:00,-0.6841690576095483,0.34279137800177717,0.5074148311786169,0.0
1970-01-04 06:59:00,-0.6873999669727011,0.3411794401470413,0.5074533402775405,0.0
1970-01-04 07:00:00,-0.690921762433315,0.33888883174493944,0.5075045938487996,0.0
1970-01-04 07:01:00,-0.6946917718083315,0.3360293094718933,0.5075500060929126,0.0
1970-01-04 07:02:00,-0.6986639326305131,0.3327141439561769,0.507573121190711,0.0
1970-01-04 07:03:00,-0.7027891118528256,0.3290585314994184,0.5075601043960931,0.0
1970-01-04 07:04:00,-0.70701546614794,0.3251780036548944,0.5075002109468746,0.0
1970-01-04 07:05:00,-0.7112888403640095,0.3211868538304839,0.5073862239331101,0.0
1970-01-04 07:06:00,-0.7155532002566877,0.3171966008804858,0.5072148518325112,0.0
1970-01-04 07:07:00,-0.7197510939113697,0.31331451066599514,0.5069870759950605,0.0
1970-01-04 07:08:00,-0.7238241343231528,0.3096421977913598,0.5067084379496349,0.0
1970-01-04 07:09:00,-0.7277134936154384,0.3062743309389318,0.5063892561071567,0.0
1970-01-04 07:10:00,-0.7313603979359913,0.30329746564971366,0.5060447615034764,0.0
1970-01-04 07:11:00,-0.7347066120215449,0.30078902678165476,0.5056951430223625,0.0
1970-01-04 07:12:00,-0.6850731358488955,0.35350755165379283,0.5399747102257478,0.0
1970-01-04 07:13:00,-0.6809022049308076,0.35495208471236067,0.5435885218887461,0.0
1970-01-04 07:14:00,-0.7423764265320587,0.29669495482797664,0.5048899573945469,0.0
1970-01-04 07:15:00,-0.7439640363515445,0.29662585723091567,0.504816840172887,0.0
1970-01-04 07:16:00,-0.7449832394496538,0.29725184227855406,0.5049083971010644,0.0
1970-01-04 07:17:00,-0.7453879254611997,0.29858389025281973,0.5052098028511753,0.0
1970-01-04 07:18:00,-0.7451352977886674,0.3006215190391683,0.5057686617309568,0.0
1970-01-04 07:19:00,-0.7441862203103407,0.303353047282635,0.5066342759296848,0.0
1970-01-04 07:20:00,-0.7425055672750436,0.3067559669635608,0.5078568456446235,0.0
1970-01-04 07:21:00,-0.7400625785932579,0.3107974138797306,0.5094866128941529,0.0
1970-01-04 07:22:00,-0.7368312206040446,0.3154347262451548,0.511572961990877,0.0
1970-01-04 07:23:00,-0.7327905501980851,0.3206160832962711,0.5141634907399097,0.0
1970-01-04 07:24:00,-0.7279250780108582,0.32628121733249205,0.5173030674334976,0.0
1970-01-04 07:25:00,-0.7222251243466313,0.3323621939363003,0.52103288961174,0.0
1970-01-04 07:26:00,-0.7156871596144632,0.3387842561701444,0.5253895613216508,0.0
1970-01-04 07:27:00,-0.7083141194060969,0.3454667292968855,0.5304042062009529,0.0
1970-01-04 07:28:00,-0.700115682978256,0.35232398298406076,0.5361016341032989,0.0
1970-01-04 07:29:00,-0.6911085028760242,0.3592664479937481,0.5424995791275589,0.0
1970-01-04 07:30:00,-0.6813163728063065,0.3662016839863708,0.5496080267697623,0.0
1970-01-04 07:31:00,-0.6707703206930911,0.3730354942340309,0.557428647435676,0.0
1970-01-04 07:32:00,-0.6595086141673914,0.3796730817202091,0.5659543526926902,0.0
1970-01-04 07:33:00,-0.647576666612335,0.3860202393010527,0.5751689893643983,0.0
1970-01-04 07:34:00,-0.6350268333483857,0.39198456434455015,0.5850471848438095,0.0
1970-01-04 07:35:00,-0.6219180896510599,0.3974766856172442,0.5955543547946125,0.0
1970-01-04 07:36:00,-0.6083155850576689,0.40241148735436566,0.606646881743123,0.0
1970-01-04 07:37:00,-0.5942900717799491,0.40670931267860244,0.6182724700102877,0.0
1970-01-04 07:38:00,-0.5799172088615552,0.41029712567340626,0.630370678999273,0.0
1970-01-04 07:39:00,-0.5652767478894547,0.413109607915371,0.642873632842887,0.0
1970-01-04 07:40:00,-0.5504516105792276,0.41509016147220446,0.6557068995646966,0.0
1970-01-04 07:41:00,-0.5355268734429786,0.41619178846997695,0.6687905271631094,0.0
1970-01-04 07:42:00,-0.5205886799877067,0.41637781983425326,0.6820402175058435,0.0
1970-01-04 07:43:00,-0.5057231063711113,0.41562247317221,0.6953686117346712,0.0
1970-01-04 07:44:00,-0.49101501172021383,0.41391123004168623,0.7086866534548275,0.0
1970-01-04 07:45:00,-0.4765469080808271,0.41124103297583403,0.7219049897353755,0.0
1970-01-04 07:46:00,-0.4623978853243646,0.40762030983020425,0.734935367038241,0.0
1970-01-04 07:47:00,-0.44864262249951886,0.4030688361588102,0.7476919809046181,0.0
1970-01-04 07:48:00,-0.4353505103854482,0.3976174463501533,0.7600927437301075,0.0
1970-01-04 07:49:00,-0.4225849025653471,0.39130760302048123,0.7720604421445131,0.0
1970-01-04 07:50:00,-0.41040250556820923,0.38419083297222645,0.7835237626787013,0.0
1970-01-04 07:51:00,-0.3988529128550835,0.3763280373070189,0.7944181708632634,0.0
1970-01-04 07:52:00,-0.38797828258732575,0.3677886830431286,0.8046866345606201,0.0
1970-01-04 07:53:00,-0.37781315511873687,0.3586498837659219,0.8142801872289354,0.0
1970-01-04 07:54:00,-0.3683844029305846,0.34899537739246694,0.8231583310094727,0.0
1970-01-04 07:55:00,-0.35971130320785566,0.3389144100296777,0.831289283073932,0.0
1970-01-04 07:56:00,-0.35180572136225813,0.3285005361325742,0.8386500716183223,0.0
1970-01-04 07:57:00,-0.34467239247435116,0.3178503467292932,0.8452264902943383,0.0
1970-01-04 07:58:00,-0.3383092868152144,0.3070621394222229,0.8510129217664725,0.0
1970-01-04 07:59:00,-0.33270804531598064,0.2962345462971859,0.8560120424999091,0.0
1970-01-04 08:00:00,-0.32785447106937915,0.2854651388430742,0.860234421848983,0.0
1970-01-04 08:01:00,-0.3237290635536964,0.2748490323519718,0.8636980290748035,0.0
1970-01-04 08:02:00,-0.3203075830118878,0.26447751542456327,0.8664276621388851,0.0
1970-01-04 08:03:00,-0.31756163309189206,0.2544367321288231,0.8684543120698531,0.0
1970-01-04 08:04:00,0.049656796200735,-0.9729324922337024,0.0924666221019769,0.0
1970-01-04 08:05:00,0.0495882734450712,-0.9722636195142836,0.0930881861394471,0.0
1970-01-04 08:06:00,0.0495041507294944,-0.9714594379420604,0.0938201997469065,0.0
1970-01-04 08:07:00,0.0494042691546664,-0.9705198546241424,0.0946610652932465,0.0
1970-01-04 08:08:00,0.0492887168115462,-0.9694470249331788,0.0956071992250951,0.0
1970-01-04 08:09:00,0.0491578523396845,-0.9682455446940664,0.096652892269388,0.0
1970-01-04 08:10:00,0.049012326374599,-0.9669226211836336,0.0977901909040631,0.0
1970-01-04 08:11:00,0.048853100313173,-0.9654882179352696,0.0990088042010353,0.0
1970-01-04 08:12:00,0.0486814618122037,-0.9639551682648002,0.1002960401456716,0.0
1970-01-04 08:13:00,0.0484990364295923,-0.962339252433406,0.1016367754714858,0.0
1970-01-04 08:14:00,0.048307794821116,-0.9606592334450612,0.1030134629124105,0.0
1970-01-04 08:15:00,0.0481100549190864,-0.9589368466464387,0.1044061795629209,0.0
1970-01-04 08:16:00,0.0479084785432441,-0.9571967385631516,0.1057927197433517,0.0
1970-01-04 08:17:00,0.0477060619296201,-0.9554663507740758,0.1071487353892324,0.0
1970-01-04 08:18:00,0.0475061197103393,-0.9537757451005876,0.1084479265162589,0.0
1970-01-04 08:19:00,0.047312261936844,-0.9521573669732,0.109662283755605,0.0
1970-01-04 08:20:00,0.0471283638109941,-0.9506457445344454,0.1107623843088611,0.0
1970-01-04 08:21:00,0.0469585278730036,-0.949277121840604,0.1117177419414955,0.0
1970-01-04 08:22:00,0.0468070384920242,-0.9480890254306904,0.1124972108235861,0.0
1970-01-04 08:23:00,0.0466783086139865,-0.9471197645339566,0.1130694421425291,0.0
1970-01-04 08:24:00,0.0465768188414199,-0.9464078662820125,0.1134033914604927,0.0
1970-01-04 08:25:00,-0.35277543695912184,0.1787054103976114,0.8295154583546718,0.0
1970-01-04 08:26:00,-0.35571211751790793,0.17954579444432656,0.8278187033374449,0.0
1970-01-04 08:27:00,0.0464801256560817,-0.9461913098076103,0.1126816249508171,0.0
1970-01-04 08:28:00,0.0465312161852856,-0.9468753436307832,0.1117783945883414,0.0
1970-01-04 08:29:00,0.0466303335752582,-0.9479887549985524,0.110507061619376,0.0
1970-01-04 08:30:00,0.0467806996911944,-0.949556361110674,0.108851384301103,0.0
1970-01-04 08:31:00,0.0469849985834298,-0.9515978013326138,0.1068000047535235,0.0
1970-01-04 08:32:00,0.0472452740929128,-0.954126654496831,0.1043471607870989,0.0
1970-01-04 08:33:00,0.0475628270714237,-0.9571495618367069,0.1014933818210712,0.0
1970-01-04 08:34:00,0.047938113782621,-0.9606653698541744,0.0982461564410917,0.0
1970-01-04 08:35:00,0.0483706471763896,-0.9646643084417318,0.0946205584346777,0.0
1970-01-04 08:36:00,0.0488589028389489,-0.9691272204389954,0.090639817586383,0.0
1970-01-04 08:37:00,0.049400231511192,-0.9740248594718564,0.086335821136985,0.0
1970-01-04 08:38:00,0.0499907801341964,-0.9793172733692038,0.0817495316369624,0.0
1970-01-04 08:39:00,0.0506254234202261,-0.984953290650694,0.0769313069766993,0.0
1970-01-04 08:40:00,0.0512977079563981,-0.9908701275023484,0.0719411086750041,0.0
1970-01-04 08:41:00,0.0519998108232529,-0.9969931322777392,0.0668485850729159,0.0005838392962793648
1970-01-04 08:42:00,0.052722514648726,-1.0032356838548433,0.0617330169288224,0.006515010464183124
1970-01-04 08:43:00,0.0534552009167547,-1.0094992591193837,0.0566831140583341,0.012501450906113654
1970-01-04 08:44:00,0.0541858632066968,-1.015673683417477,0.0517966531190851,0.01843607174560513
1970-01-04 08:45:00,0.0549011418531147,-1.0216375760125826,0.047179948412871,0.02419891604603963
1970-01-04 08:46:00,0.0555863812841193,-1.0272590003883515,0.042947149666012,0.0296578836329926
1970-01-04 08:47:00,0.0562257110198247,-1.0323963266593266,0.0392193631483707,0.034669833485600154
1970-01-04 08:48:00,0.0568021509907486,-1.0368993103909727,0.0361235951909767,0.03908208452266759
1970-01-04 08:49:00,0.0572977414702507,-1.0406103888026104,0.0337915201445091,0.0427343282424284
1970-01-04 08:50:00,0.0576936975072938,-1.0433661916539154,0.0323580780618848,0.045460959497922726
1970-01-04 08:51:00,0.0579705872989158,-1.044999260130011,0.0319599108561079,0.047093825101639064
1970-01-04 08:52:00,0.0581085334598116,-1.0453399627831104,0.0327336493393813,0.04746538427354152
1970-01-04 08:53:00,0.058087435634482,-1.0442185931103778,0.0348140673430472,0.04641227040826168
1970-01-04 08:54:00,0.0578872123617848,-1.041467628708039,0.0383321229934872,0.04377924038321068
1970-01-04 08:55:00,0.0574880595499414,-1.036924127211602,0.0434129111112779,0.039423495710731116
1970-01-04 08:56:00,0.0568707223608587,-1.0304322294934205,0.0501735545356907,0.0332193591950225
1970-01-04 08:57:00,0.0560167767460196,-1.02184573593383,0.0587210658719952,0.025063291168065938
1970-01-04 08:58:00,0.0549089163334051,-1.0110307171113389,0.0691502146252507,0.014879230361078521
1970-01-04 08:59:00,0.0535312398483965,-0.9978681160804204,0.0815414378241417,0.002624245074904552
1970-01-04 09:00:00,0.0518695337750163,-0.9822562956423057,0.0959588349473702,0.0
1970-01-04 09:01:00,0.0499115445419917,-0.964113480795904,0.1124482901316316,0.0
1970-01-04 09:02:00,0.0476472341668089,-0.9433800440231218,0.1310357661466192,0.0
1970-01-04 09:03:00,0.0450690130269984,-0.9200205793626224,0.1517258153463549,0.0
1970-01-04 09:04:00,0.0421719432690892,-0.8940257105111256,0.1745003526212971,0.0
1970-01-04 09:05:00,0.0389539063305256,-0.8654135786197222,0.1993177341530888,0.0
1970-01-04 09:06:00,0.0354157281574618,-0.8342309571870534,0.2261121833824152,0.0
1970-01-04 09:07:00,0.0315612559712912,-0.8005539446562462,0.2547936019087291,0.0
1970-01-04 09:08:00,0.0273973808888416,-0.7644881901625098,0.2852477979185627,0.0
1970-01-04 09:09:00,0.0229340013553769,-0.7261686145154973,0.3173371580600656,0.0
1970-01-04 09:10:00,0.0181839232258346,-0.6857585970937409,0.3509017803234149,0.0
1970-01-04 09:11:00,0.0131626934478345,-0.6434486100315514,0.3857610753339109,0.0
1970-01-04 09:12:00,0.0078883656792086,-0.599454294039349,0.4217158314075589,0.0
1970-01-04 09:13:00,0.0023811978317356,-0.5540139855566724,0.4585507246559858,0.0
1970-01-04 09:14:00,-0.0033367165108034,-0.5073857228240667,0.4960372392663572,0.0
1970-01-04 09:15:00,-0.0092418785541925,-0.4598437789654707,0.533936944752609,0.0
1970-01-04 09:16:00,-0.0153098695354051,-0.411674793039578,0.5720050566490416,0.0
1970-01-04 09:17:00,-0.021515879703827,-0.3631735935771871,0.6099941861621879,0.0
1970-01-04 09:18:00,-0.0278352646006865,-0.3146388290135571,0.6476581666395963,0.0
1970-01-04 09:19:00,-0.0342441062674828,-0.266368529749359,0.6847558361766108,0.0
1970-01-04 09:20:00,-0.0407197528592432,-0.2186557244861298,0.7210546599735879,0.0
1970-01-04 09:21:00,-0.0472413094311227,-0.1717842224077047,0.7563340914389584,0.0
1970-01-04 09:22:00,-0.0537900549480373,-0.1260246591336407,0.7903885920245959,0.0
1970-01-04 09:23:00,-0.0603497644071051,-0.0816308912444377,0.8230302514472321,0.0
1970-01-04 09:24:00,-0.0669069197627306,-0.0388368097896939,0.8540909698441677,0.0
1970-01-04 09:25:00,-0.073450799280852,0.0021463750021247,0.8834241808318348,0.0
1970-01-04 09:26:00,-0.0799734419054842,0.0411323471400821,0.9109061094075562,0.0
1970-01-04 09:27:00,-0.0864694904201684,0.0779613872347969,0.9364365714372784,0.0
1970-01-04 09:28:00,-0.0929359235149454,0.1125015714380143,0.9599393324094564,0.0
1970-01-04 09:29:00,-0.0993716912992497,0.1446494827708622,0.9813620523909516,0.0
1970-01-04 09:30:00,-0.105777270911022,0.1743304500116083,1.00067585163577,0.021240469668925233
1970-01-04 09:31:00,-0.1121541592771575,0.2014983252477157,1.0178745367371491,0.0436707828902112
1970-01-04 09:32:00,-0.1185043201381615,0.2261348111796773,1.0329735302429344,0.06405570385258796
1970-01-04 09:33:00,-0.124829603208611,0.2482483564525666,1.046008547441489,0.08228626418303664
1970-01-04 09:34:00,-0.1311311547072285,0.2678726490603262,1.0570340633578648,0.09830421420856172
1970-01-04 09:35:00,-0.1374088394729397,0.2850647500847466,1.0661216117320842,0.11209639506132563
1970-01-04 09:36:00,-0.1436606947152579,0.2999029205745966,1.0733579562434743,0.12368921824782642
1970-01-04 09:37:00,-0.1498824343435612,0.3124842029873734,1.0788431723715837,0.13314328829772837
1970-01-04 09:38:00,-0.1560670215657539,0.3229218255049265,1.0826886758035226,0.14054819684265207
1970-01-04 09:39:00,-0.162204326328217,0.3313425021910461,1.0850152301922864,0.14601751600358814
1970-01-04 09:40:00,-0.1682808826017265,0.3378837025303285,1.085950963655161,0.14968402065454156
1970-01-04 09:41:00,-0.174279757709292,0.3426909581469263,1.085629420146343,0.15169517001251376
1970-01-04 09:42:00,-0.1801805415281499,0.3459152624639648,1.0841876690567789,0.15220887780196457
1970-01-04 09:43:00,-0.1859594577126304,0.3477106043496701,1.0817644940300335,0.1513895973275261
1970-01-04 09:44:00,-0.1915895927764724,0.34823166430941,1.0784986796942797,0.14940474428734674
1970-01-04 09:45:00,-0.1970412331091522,0.347631693882373,1.0745274124984985,0.14642147674728312
1970-01-04 09:46:00,-0.2022822959345314,0.3460605944073735,1.0699848090725523,0.14260384818893201
1970-01-04 09:47:00,-0.2072788381957787,0.3436632078393912,1.0650005826686184,0.13811034538429068
1970-01-04 09:48:00,-0.2119956268145843,0.3405778285017975,1.0596988554537583,0.13309181768536016
1970-01-04 09:49:00,-0.2163967539572223,0.3369349405134976,1.0541971217863195,0.12768979814690917
1970-01-04 09:50:00,-0.2204462813884131,0.3328561815177421,1.048605365134892,0.12203520993872186
1970-01-04 09:51:00,-0.2241088985451537,0.3284535295251592,1.0430253289929847,0.1162474440667629
1970-01-04 09:52:00,-0.2273505795561087,0.3238287063192975,1.0375499400155563,0.11043378689916161
1970-01-04 09:53:00,-0.2301392250415847,0.3190727880626485,1.0322628796603994,0.1046891688206204
1970-01-04 09:54:00,-0.2324452751975789,0.3142660114781206,1.027238298861198,0.09909619896499167
1970-01-04 09:55:00,-0.234242281512506,0.309477762123674,1.022540668696483,0.09372544582061937
1970-01-04 09:56:00,-0.2355074256288789,0.3047667296150116,1.0182247586619724,0.08863591992860642
1970-01-04 09:57:00,-0.2362219754490826,0.3001812129771748,1.0143357330219314,0.08387571316763709
1970-01-04 09:58:00,-0.2363716706122162,0.2957595575324638,1.0109093548182262,0.07948274937527877
1970-01-04 09:59:00,-0.235947031840431,0.2915307030192316,1.0079722864303478,0.07548560327361886
1970-01-04 10:00:00,-0.2349435911476098,0.2875148213531066,1.0055424750673003,0.0719043486634039
1970-01-04 10:01:00,-0.233362042191812,0.2837240219032814,1.0036296112443792,0.06875140229496335
1970-01-04 10:02:00,-0.2312083118049929,0.2801631023988639,1.0022356482343449,0.06603233627558813
1970-01-04 10:03:00,-0.2284935548274078,0.2768303244310104,1.0013553707445948,0.06374663883900888
1970-01-04 10:04:00,-0.2252340750034786,0.2737181938178912,1.0009770016138697,0.061888410300015684
1970-01-04 10:05:00,-0.2214511752007969,0.270814227818708,1.00108283601762,0.0604469876217002
1970-01-04 10:06:00,-0.2171709408296745,0.2681016933629536,1.0016498934017708,0.0594074968947067
1970-01-04 10:07:00,-0.2124239611060089,0.2655603031352898,1.0026505780662056,0.05875133792112419
1970-01-04 10:08:00,-0.2072449935676843,0.2631668595067697,1.0040533399955065,0.058456608868619364
1970-01-04 10:09:00,-0.2016725777498539,0.2608958398810059,1.005823328246194,0.05849848158971738
1970-01-04 10:10:00,-0.1957486039510718,0.2587199209932783,1.0079230299966295,0.05884953976717022
1970-01-04 10:11:00,-0.1895178426962405,0.2566104439787635,1.0103128892297253,0.05948009268835741
1970-01-04 10:12:00,-0.18302744022995,0.2545378263429266,1.0129518999113156,0.060358477332290494
1970-01-04 10:13:00,-0.1763263855711408,0.252471930953936,1.0157981694415934,0.06145136073636648
1970-01-04 10:14:00,-0.1694649555145223,0.2503824057247559,1.018809449066352,0.06272405343576315
1970-01-04 10:15:00,-0.1624941454180346,0.2482390109555777,1.021943628758381,0.06414084322292068
1970-01-04 10:16:00,-0.1554650953984326,0.2460119541683671,1.025159194789956,0.06566535654649752
1970-01-04 10:17:00,-0.1484285231363317,0.2436722533672231,1.028415648957791,0.06726095242108765
1970-01-04 10:18:00,-0.1414341752071569,0.2411921472177832,1.03167388941567,0.06889115063139606
1970-01-04 10:19:00,-0.1345303082847926,0.2385455640863219,1.0348965543397777,0.07052009237417267
1970-01-04 10:20:00,-0.1277632096377779,0.2357086519963695,1.0380483308780566,0.07211302743769132
1970-01-04 10:21:00,-0.1211767631980522,0.2326603593074779,1.0410962326040154,0.07363681767835994
1970-01-04 10:22:00,-0.1148120636842785,0.2293830431839582,1.044009848845311,0.07506044246534582
1970-01-04 10:23:00,-0.1087070779193463,0.2258630736363437,1.0467615688781506,0.07635548909385248
1970-01-04 10:24:00,-0.102896350680276,0.2220913984862656,1.0493267831716104,0.07749661073535785
1970-01-04 10:25:00,-0.0974107524531865,0.2180640386566554,1.0516840626715198,0.07846193596529893
1970-01-04 10:26:00,-0.0922772677512199,0.2137824906806685,1.0538153156354306,0.07923341633451231
1970-01-04 10:27:00,-0.0875188242545568,0.2092540215249095,1.0557059200183347,0.07979710116530958
1970-01-04 10:28:00,-0.083154164277563,0.2044918480809806,1.0573448282085198,0.0801433315572424
1970-01-04 10:29:00,-0.079197760724064,0.199515198926626,1.05872464031495,0.08026684847608712
1970-01-04 10:30:00,-0.0756597797148221,0.1943492588746165,1.0598416422848913,0.0801668127714088
1970-01-04 10:31:00,-0.0725460914960752,0.1890249980067471,1.0606958057120723,0.07984673797626951
1970-01-04 10:32:00,-0.069858330269064,0.1835788872857869,1.061290747015565,0.07931433969253154
1970-01-04 10:33:00,-0.0675940025096535,0.1780525031371589,1.0616336445326378,0.07858130813227704
1970-01-04 10:34:00,-0.0657466423535046,0.1724920239346137,1.0617351128822947,0.07766301283332444
1970-01-04 10:35:00,-0.0643060117840413,0.1669476224170045,1.061609034648243,0.07657815054413675
1970-01-04 10:36:00,-0.0632583427661887,0.1614727601234456,1.0612723499074568,0.07534834861523065
1970-01-04 10:37:00,-0.0625866181214705,0.1561233931157484,1.06074480438082,0.07399773680709476
1970-01-04 10:38:00,-0.0622708876400172,0.1509571020742789,1.060048657171271,0.07255250019975934
1970-01-04 10:39:00,-0.0622886154495884,0.1460321635532158,1.0592083494081512,0.07104042494324192
1970-01-04 10:40:00,-0.0626150539839252,0.141406582462021,1.0582501357170395,0.0694904470326656
1970-01-04 10:41:00,-0.0632236391078492,0.1371371088949451,1.0572016812072853,0.06793221223334855
1970-01-04 10:42:00,-0.0640864001281206,0.133278265216725,1.05609162748896,0.06639565280098636
1970-01-04 10:43:00,-0.0651743776187323,0.1298814107955731,1.0549491319497184,0.06491058374386616
1970-01-04 10:44:00,-0.0664580413831392,0.126993870081184,1.0538033849939734,0.06350631804772844
1970-01-04 10:45:00,-0.0679077005975944,0.1246581435197785,1.0526831101605414,0.06221129675951054
1970-01-04 10:46:00,-0.0694938981204008,0.122911210576089,1.0516160521701303,0.06105272665553185
1970-01-04 10:47:00,-0.0711877808935035,0.1217839221018448,1.050628458192227,0.06005621595952437
1970-01-04 10:48:00,-0.0729614383796481,0.1213004684503381,1.0497445579647828,0.059245397494544605
1970-01-04 10:49:00,-0.0747882014355855,0.1214779028150763,1.04898604877654,0.05864152878778395
1970-01-04 10:50:00,-0.0766428951015144,0.12232569735622,1.0483715917705083,0.05826305994051251
1970-01-04 10:51:00,-0.0785020403079787,0.1238453117093404,1.047916326657262,0.058125162369626615
1970-01-04 10:52:00,-0.0803440012226943,0.1260297575692094,1.0476314127454411,0.05823921459017711
1970-01-04 10:53:00,-0.0821490767447356,0.1288631479880964,1.0475236051066232,0.058612244863524676
1970-01-04 10:54:00,-0.083899536400494,0.1323202253777511,1.0475948756104547,0.059246334738771056
1970-01-04 10:55:00,-0.0855796026210031,0.1363658680101218,1.0478420894042506,0.06013799227741501
1970-01-04 10:56:00,-0.0871753832843353,0.1409545817972476,1.0482567478742328,0.06127750896938866
1970-01-04 10:57:00,-0.0886747606184735,0.1460299936343978,1.048824808547642,0.06264831964135875
1970-01-04 10:58:00,-0.0900672448411338,0.1515243754591473,1.0495265900086528,0.06422638948991866
1970-01-04 10:59:00,-0.0913438027177649,0.157358242798536,1.0503367657518896,0.06597965663596272
1970-01-04 11:00:00,-0.092496672080902,0.1634400833662563,1.0512244464194225,0.06786756292465035
1970-01-04 11:01:00,-0.0935191732125947,0.1696662757553439,1.05215334687855,0.06984071068303899
1970-01-04 11:02:00,-0.0944055270927376,0.1759212546042901,1.0530820337061113,0.07184068829364954
1970-01-04 11:03:00,-0.0951506890795855,0.182077968861562,1.0539642490848236,0.07380011115943175
1970-01-04 11:04:00,-0.0957502047132091,0.1879986658053362,1.0547493078416326,0.07564292515667614
1970-01-04 11:05:00,-0.0962000921066711,0.1935360162658597,1.055382564830204,0.07728501588993186
1970-01-04 11:06:00,-0.0964967529599139,0.1985345775462407,1.0558059500619803,0.0786351588927332
1970-01-04 11:07:00,-0.0966369118478182,0.2028325724557139,1.0559585690793432,0.07959633418819068
1970-01-04 11:08:00,-0.0966175814155042,0.2062639485888484,1.05577736605578,0.08006741465601364
1970-01-04 11:09:00,-0.0964360496732104,0.2086606735361948,1.0551978468122392,0.0799452228119435
1970-01-04 11:10:00,-0.0960898847701969,0.2098552191506165,1.0541548581686326,0.07912693598132048
1970-01-04 11:11:00,-0.095576952511818,0.2096831890937669,1.0525834188588306,0.07751280609398004
1970-01-04 11:12:00,-0.0948954426531741,0.2079860454292356,1.0504195958848928,0.07500914765810962
1970-01-04 11:13:00,-0.0940439016713692,0.2046138896751773,1.0476014188737168,0.07153153575422344
1970-01-04 11:14:00,-0.0930212717073339,0.1994282500910011,1.0440698237964,0.06700814471430072
1970-01-04 11:15:00,-0.0918269366663591,0.1923048188817488,1.0397696163677528,0.06138314702289005
1970-01-04 11:16:00,-0.0904607764771993,0.1831360712281476,1.0346504444975642,0.05462008086549641
1970-01-04 11:17:00,-0.088923229570952,0.1718336873449356,1.0286677679900518,0.04670508442708954
1970-01-04 11:18:00,-0.0872153625247637,0.158330695409472,1.021783811927706,0.03764988646782341
1970-01-04 11:19:00,-0.0853389449145654,0.1425832599603787,1.013968487810529,0.027494435903587355
1970-01-04 11:20:00,-0.0832965266256916,0.124572055175021,1.0052002638721942,0.016309046878537847
1970-01-04 11:21:00,-0.0810915140843106,0.1043031814922102,0.995466963451002,0.004195928416482753
1970-01-04 11:22:00,-0.0787282413645317,0.0818086048119599,0.984766468114432,0.0
1970-01-04 11:23:00,-0.0762120322914027,0.0571461187663412,0.9731073005893768,0.0
1970-01-04 11:24:00,-0.0735492505937684,0.0303988506415581,0.9605090617174938,0.0
1970-01-04 11:25:00,-0.070747336562718,0.0016743471795709,0.947002696065893,0.0
1970-01-04 11:26:00,-0.0678148300573674,-0.0288967158945803,0.9326305627619168,0.0
1970-01-04 11:27:00,-0.0647613806668296,-0.0611621582430335,0.9174462915161712,0.0
1970-01-04 11:28:00,-0.0615977462477335,-0.0949502184258896,0.9015144084434832,0.0
1970-01-04 11:29:00,-0.0583357809464151,-0.130071750421651,0.8849097221347765,0.0
1970-01-04 11:30:00,-0.0549884130989533,-0.1663226726598889,0.8677164675114919,0.0
1970-01-04 11:31:00,-0.0515696119684437,-0.2034866506029218,0.85002721325008,0.0
1970-01-04 11:32:00,-0.0480943404048877,-0.2413379923578993,0.8319415478106467,0.0
1970-01-04 11:33:00,-0.0445784887707577,-0.2796447336227121,0.8135645690263945,0.0
1970-01-04 11:34:00,-0.0410387844246635,-0.3181718837128243,0.7950052125328695,0.0
1970-01-04 11:35:00,-0.0374926715251154,-0.3566847961303762,0.7763744650009918,0.0
1970-01-04 11:36:00,-0.0339581588170576,-0.3949526117016524,0.7577835185205434,0.0
1970-01-04 11:37:00,-0.0304536379697689,-0.4327517002879314,0.739341929811092,0.0
1970-01-04 11:38:00,-0.0269976797221838,-0.4698690059159697,0.7211558484964146,0.0
1970-01-04 11:39:00,-0.0236088174547973,-0.5061051898040693,0.7033263715906594,0.0
1970-01-04 11:40:00,-0.0203053276531807,-0.5412774705985227,0.6859480698352685,0.0
1970-01-04 11:41:00,-0.0171050152310029,-0.5752220774178384,0.6691077195958146,0.0
1970-01-04 11:42:00,-0.0140250098915949,-0.6077962519771585,0.6528832634515531,0.0
1970-01-04 11:43:00,-0.0110815780420807,-0.6388797563761547,0.6373430133891127,0.0
1970-01-04 11:44:00,-0.0082899533077679,-0.6683758615191344,0.6225451023774107,0.0
1970-01-04 11:45:00,-0.0056641874271462,-0.6962118074431599,0.6085371829623897,0.0
1970-01-04 11:46:00,-0.0032170222323782,-0.7223387411409725,0.5953563653404755,0.0
1970-01-04 11:47:00,-0.0009597825279717,-0.746731149870159,0.583029382108247,0.0
1970-01-04 11:48:00,0.0010977110375662,-0.7693858185351721,0.5715729625020718,0.0
1970-01-04 11:49:00,0.0029472105650883,-0.7903203486169831,0.560994395391746,0.0
1970-01-04 11:50:00,0.0045820928189004,-0.8095712834112561,0.551292257523723,0.0
1970-01-04 11:51:00,0.0059973965713302,-0.8271918901250715,0.5424572814656056,0.0
1970-01-04 11:52:00,0.007189847610334,-0.8432496537798803,0.5344733363332163,0.0
1970-01-04 11:53:00,0.0081578736477185,-0.8578235409815872,0.5273184936361413,0.006971981782676107
1970-01-04 11:54:00,0.0089016112666535,-0.8710010935547599,0.520966150401543,0.014952153316073025
1970-01-04 11:55:00,0.0094229068585612,-0.8828754129004669,0.5153861820707709,0.022340795697462612
1970-01-04 11:56:00,0.0097253132354677,-0.8935420958226251,0.5105460984596135,0.029159549038413557
1970-01-04 11:57:00,0.0098140832787412,-0.9030961815653676,0.5064121772903774,0.03543822736874547
1970-01-04 11:58:00,0.009696161612965,-0.911629167998329,0.5029505513974073,0.041211319880026354
1970-01-04 11:59:00,0.0093801748884511,-0.9192261523583902,0.5001282276216785,0.046514668279689975
1970-01-04 12:00:00,0.0088764208312852,-0.9259631487809356,0.4979140175886338,0.051382381751916784
1970-01-04 12:01:00,0.0081968557891205,-0.9319046311008444,0.4962793629633288,0.05584403962674145
1970-01-04 12:02:00,0.0073550800771009,-0.9371013451370096,0.4951990403681141,0.059922222543727255
1970-01-04 12:03:00,0.0063663200236981,-0.9415884299523778,0.494651733901243,0.06363040540515486
1970-01-04 12:04:00,0.0052474052427659,-0.9453838824583836,0.4946204660703668,0.06697123950439043
1970-01-04 12:05:00,0.0040167393270468,-0.9484873942597764,0.4950928809037016,0.06993524663226647
1970-01-04 12:06:00,0.0026942618799399,-0.950879583863162,0.4960613759766006,0.07249994442454688
1970-01-04 12:07:00,0.0013013995853061,-0.9525216413465464,0.4975230830586558,0.07462941940493573
1970-01-04 12:08:00,-0.0001389961332024,-0.9533553963498336,0.4994797000245636,0.07627436177115232
1970-01-04 12:09:00,-0.0016027273847172,-0.9533038138375454,0.5019371795578251,0.07737257364142303
1970-01-04 12:10:00,-0.0030643465287239,-0.9522719155467504,0.5049052829759729,0.07784995993680521
1970-01-04 12:11:00,-0.0044972737564567,-0.9501481184110692,0.5083970101783936,0.07762200810379949
1970-01-04 12:12:00,-0.005873937771711,-0.9468059745970172,0.5124279192267053,0.07659575936400764
1970-01-04 12:13:00,-0.0071659415330427,-0.9421062911602752,0.5170153513880035,0.07467227010502353
1970-01-04 12:14:00,-0.0083442546555167,-0.9358996007920026,0.5221775795844548,0.07174955748489387
1970-01-04 12:15:00,-0.0093794336180369,-0.9280289487504814,0.527932900077016,0.06772601845119763
1970-01-04 12:16:00,-0.0102418703854283,-0.9183329549391844,0.5342986888367001,0.06250430631077575
1970-01-04 12:17:00,-0.0109020694382085,-0.9066491042843108,0.5412904453854582,0.05599564378039279
1970-01-04 12:18:00,-0.0113309525145537,-0.8928172131765406,0.5489208478741503,0.04812454596774307
1970-01-04 12:19:00,-0.011500189617328,-0.8766830148754512,0.5571988437565004,0.03883392051661749
1970-01-04 12:20:00,-0.0113825540350641,-0.8581018025424889,0.5661288005682154,0.028090504233861724
1970-01-04 12:21:00,-0.010952298282123,-0.8369420650916545,0.5757097409927783,0.015890584182920664
1970-01-04 12:22:00,-0.0101855469944218,-0.8130890484590456,0.585934685561647,0.002265933690174915
1970-01-04 12:23:00,-0.0090607019393461,-0.7864481733370448,0.5967901249691829,0.0
1970-01-04 12:24:00,-0.0075588534296891,-0.7569482400504319,0.6082556420491428,0.0
1970-01-04 12:25:00,-0.0056641915912187,-0.7245443522328682,0.620303700922077,0.0
1970-01-04 12:26:00,-0.0033644101427619,-0.6892204934624065,0.6328996176392419,0.0
1970-01-04 12:27:00,-0.0006510946288532,-0.6509916952082041,0.6460017227720601,0.0
1970-01-04 12:28:00,0.0024799135784451,-0.6099057405052463,0.6595617217771748,0.0
1970-01-04 12:29:00,0.0060281866952572,-0.5660443558910101,0.6735252535576002,0.0
1970-01-04 12:30:00,0.0099884229032739,-0.5195238544944741,0.6878326413965629,0.0
1970-01-04 12:31:00,0.0143502114183154,-0.4704952059573678,0.7024198233200839,0.0
1970-01-04 12:32:00,0.0190978599663383,-0.4191435242859291,0.7172194409010665,0.0
1970-01-04 12:33:00,0.0242102940912852,-0.3656869827732294,0.7321620564619128,0.0
1970-01-04 12:34:00,0.029661036846092,-0.3103751845990065,0.7471774584020747,0.0
1970-01-04 12:35:00,0.0354182754863176,-0.2534870348411605,0.762196003234395,0.0
1970-01-04 12:36:00,0.0414450188568652,-0.1953281692273107,0.7771499328155037,0.0
1970-01-04 12:37:00,0.0476993463230501,-0.1362279950874128,0.7919746000511492,0.0
1970-01-04 12:38:00,0.0541347474123958,-0.0765363947059086,0.8066095391119933,0.0
1970-01-04 12:39:00,0.0607005505554815,-0.0166201369449707,0.820999326316668,0.0
1970-01-04 12:40:00,0.0673424384010354,0.0431409570017213,0.8350941919516225,0.0
1970-01-04 12:41:00,0.0740030455444808,0.1023580435402527,0.848850358358346,0.0
1970-01-04 12:42:00,0.0806226321297466,0.1606374243137231,0.862230094276001,0.0
1970-01-04 12:43:00,0.0871398237739031,0.2175847834129672,0.87520148928673,0.0
1970-01-04 12:44:00,0.0934924049145518,0.272809416174753,0.8877379648633985,0.0
1970-01-04 12:45:00,0.0996181496658997,0.3259283665041712,0.8998175491980702,0.0
1970-01-04 12:46:00,0.1054556724703516,0.3765703931146248,0.9114219509323872,0.0
1970-01-04 12:47:00,0.1109452807716688,0.4243796969375731,0.9225354719976256,0.021508041863701033
1970-01-04 12:48:00,0.1160298133152451,0.4690193583807339,0.9331438025919848,0.05080894192506524
1970-01-04 12:49:00,0.1206554496135525,0.5101744499004043,0.9432327426072734,0.07913099926703415
1970-01-04 12:50:00,0.1247724779007953,0.5475548041959517,0.9527868940328844,0.10597798363276767
1970-01-04 12:51:00,0.1283360104301234,0.5808974304713805,0.961788368283924,0.13090619490195832
1970-01-04 12:52:00,0.1313066364034859,0.6099685804872589,0.9702155512086732,0.1535256034229966
1970-01-04 12:53:00,0.133651004215633,0.6345654727353279,0.978041966774404,0.1734999015285863
1970-01-04 12:54:00,0.1353423259624299,0.6545176874030296,0.9852352780524528,0.1905458838026466
1970-01-04 12:55:00,0.1363607982045446,0.6696882472234881,0.9917564611014206,0.2044324364166974
1970-01-04 12:56:00,0.1366939336468955,0.6799744001603358,0.9975591836977664,0.21497931725154262
1970-01-04 12:57:00,0.1363367986349414,0.6853081195221802,1.002589416573359,0.2220558414286804
1970-01-04 12:58:00,0.1352921514303014,0.6856563357849655,1.0067852999214175,0.22557954339102926
1970-01-04 12:59:00,0.1335704765484155,0.6810209121750117,1.0100772825681603,0.22551485987944475
1970-01-04 13:00:00,0.1311899112704013,0.6714383730684184,1.0123885454999697,0.22187186263840486
1970-01-04 13:01:00,0.1281760616987879,0.6569793909032087,1.0136357153918167,0.21470506147872892
1970-01-04 13:02:00,0.1245617071744248,0.6377480340149588,1.0137298674298951,0.20411229455710855
1970-01-04 13:03:00,0.1203863933913876,0.6138807748381062,1.012577810194799,0.19023372121970827
1970-01-04 13:04:00,0.1156959163117136,0.585545255504402,1.0100836387509662,0.17325093162857308
1970-01-04 13:05:00,0.110541701285611,0.55293880644488,1.0061505353076017,0.1533861847168012
1970-01-04 13:06:00,0.1049800846256677,0.51628671361181,1.000682789845908,0.13090177942820702
1970-01-04 13:07:00,0.0990715078506851,0.4758402316772567,0.9935880060869192,0.10609955048822495
1970-01-04 13:08:00,0.0928796374228028,0.4318743442793042,0.984779451285356,0.07932045471600202
1970-01-04 13:09:00,0.0864704249038533,0.3846852783635399,0.9741785016771376,0.05094417116353034
1970-01-04 13:10:00,0.0799111243295465,0.334587788125373,0.9617171290645314,0.021388570569676135
1970-01-04 13:11:00,0.0732692856579698,0.2819122351089678,0.94734036810948,0.0
1970-01-04 13:12:00,0.0666117454943558,0.227001504513217,0.9310086985545648,0.0
1970-01-04 13:13:00,0.0600036384404688,0.1702078121350123,0.9127002721726348,0.0
1970-01-04 13:14:00,0.0535074534288163,0.1118894672921758,0.892412911692151,0.0
1970-01-04 13:15:00,0.0471821584671195,0.0524076589597201,0.8701658094464635,0.0
1970-01-04 13:16:00,0.041082414286057,-0.0078766768185125,0.8460008575965023,0.0
1970-01-04 13:17:00,0.0352578932100058,-0.0686058667355929,0.8199835490071763,0.0
1970-01-04 13:18:00,0.0297527150829678,-0.1294283635349164,0.7922033973891727,0.0
1970-01-04 13:19:00,0.024605007791783,-0.1900014537120673,0.7627738367096141,0.0
1970-01-04 13:20:00,0.0198465959402329,-0.2499938101682397,0.7318315730901318,0.0
1970-01-04 13:21:00,0.0155028175677575,-0.3090878954683235,0.6995353774155606,0.0
1970-01-04 13:22:00,0.0115924655774856,-0.3669822231757513,0.6660643234936854,0.0
1970-01-04 13:23:00,0.0081278478099182,-0.4233934841501194,0.6316154947463591,0.0
1970-01-04 13:24:00,0.0051149574133727,-0.478058540922157,0.5964012023045132,0.0
1970-01-04 13:25:00,0.0025537431909286,-0.5307362843923963,0.5606457793843925,0.0
1970-01-04 13:26:00,0.0004384678480399,-0.5812093325804842,0.5245820404752527,0.0
1970-01-04 13:27:00,-0.0012418594368665,-0.6292855343596415,0.4884475162859448,0.0
1970-01-04 13:28:00,-0.0025029907108235,-0.6747992288159071,0.4524805908509228,0.0
1970-01-04 13:29:00,-0.0033649020697927,-0.717612208806505,0.4169166701446245,0.0
1970-01-04 13:30:00,-0.0038512259734317,-0.757614345899707,0.3819845012352906,0.0
1970-01-04 13:31:00,-0.0039886664394445,-0.7947238487813215,0.3479027421027924,0.0
1970-01-04 13:32:00,-0.0038064093146367,-0.82888714333029,0.3148768607098995,0.0
1970-01-04 13:33:00,-0.0033355385509853,-0.8600783770634226,0.2830964213084438,0.0
1970-01-04 13:34:00,-0.0026084681131474,-0.8882985627839199,0.2527327973626564,0.0
1970-01-04 13:35:00,-0.0016583978315409,-0.9135743861002724,0.2239373339824609,0.0
1970-01-04 13:36:00,-0.0005188002123942,-0.93595670919317,0.1968399683229744,0.0
1970-01-04 13:37:00,0.0007770560589491,-0.9555188089811462,0.1715483039518786,0.0
1970-01-04 13:38:00,0.0021965414165856,-0.972354391854958,0.1481471246281197,0.0
1970-01-04 13:39:00,0.0037080561832469,-0.9865754295996986,0.1266983241754301,0.0
1970-01-04 13:40:00,0.0052813745829335,-0.9983098621820816,0.1072412220638137,0.004067305292445145
1970-01-04 13:41:00,0.0068879407942602,-1.0076992129217726,0.0897932288141903,0.011715360856215717
1970-01-04 13:42:00,0.0085011167787968,-1.0148961603572229,0.0743508212923918,0.017651477629337275
1970-01-04 13:43:00,0.010096382462192,-1.0200621090196842,0.0608907852320526,0.021927752300858527
1970-01-04 13:44:00,0.0116514895916878,-1.0233647984989551,0.0493716807950125,0.02462131096373188
1970-01-04 13:45:00,0.013146571239418,-1.0249759867673722,0.039735486518244,0.025830158785528745
1970-01-04 13:46:00,0.0145642094661125,-1.025069239860549,0.0319093774868079,0.025669182084190334
1970-01-04 13:47:00,0.0158894641056031,-1.0238178558204016,0.0258075948948768,0.024266327143729782
1970-01-04 13:48:00,0.0171098659792659,-1.021392946405269,0.0213333661957949,0.021758978915041638
1970-01-04 13:49:00,0.0182153781045847,-1.0179616955720816,0.0183808376839788,0.018290562091903606
1970-01-04 13:50:00,0.0191983286276781,-1.0136858092345689,0.0168369844857497,0.014007386418961154
1970-01-04 13:51:00,0.020053319291296,-1.008720166384779,0.0165834664569135,0.009055757154014854
1970-01-04 13:52:00,0.0207771132539753,-1.003211677405138,0.0174984022915762,0.0035793701546267265
1970-01-04 13:53:00,0.021368506010073,-0.9972983513553773,0.0194580381450086,0.0
1970-01-04 13:54:00,0.0218281830320649,-0.9911085702427596,0.0223382911756914,0.0
1970-01-04 13:55:00,0.0221585675738853,-0.98476056481565,0.026016152537405,0.0
1970-01-04 13:56:00,0.0223636618455084,-0.9783620832923106,0.0303709384281741,0.0
1970-01-04 13:57:00,0.0224488845027997,-0.9720102416748844,0.0352853817634316,0.0
1970-01-04 13:58:00,0.0224209071009625,-0.9657915419219144,0.0406465608280062,0.0
1970-01-04 13:59:00,0.0222874918423678,-0.9597820422731788,0.0463466648251923,0.0
1970-01-04 14:00:00,0.0220573326177271,-0.954047662442351,0.0522835995384897,0.0
1970-01-04 14:01:00,0.0217399010007521,-0.9486446052132874,0.0583614393171633,0.0
1970-01-04 14:02:00,0.0213452985177325,-0.9436198751859532,0.0644907342621875,0.0
1970-01-04 14:03:00,0.0208841161817932,-0.939011875004812,0.0705886838027279,0.0
1970-01-04 14:04:00,0.0203673019634853,-0.9348510593490796,0.0765791897997971,0.0
1970-01-04 14:05:00,0.0198060365703689,-0.9311606272504176,0.0823928038838034,0.0
1970-01-04 14:06:00,0.0192116176327016,-0.9279572339060148,0.0879665849227047,0.0
1970-01-04 14:07:00,0.0185953521438832,-0.9252517040476704,0.0932438833288998,0.0
1970-01-04 14:08:00,0.0179684567862622,-0.9230497300830072,0.0981740693521849,0.0
1970-01-04 14:09:00,0.0173419655884176,-0.921352539614545,0.1027122225837723,0.0
1970-01-04 14:10:00,0.0167266442117179,-0.9201575185352204,0.1068187996271987,0.0
1970-01-04 14:11:00,0.0161329100537213,-0.91945877766288,0.1104592962941631,0.0
1970-01-04 14:12:00,0.0155707572849362,-0.9192476527792716,0.1136039197784047,0.0
1970-01-04 14:13:00,0.0150496859038192,-0.9195131299505998,0.1162272850729361,0.0
1970-01-04 14:14:00,0.0145786339017012,-0.9202421900975007,0.1183081484520733,0.0
1970-01-04 14:15:00,0.0141659116725185,-0.9214200689220488,0.1198291891687013,0.0
1970-01-04 14:16:00,0.0138191378789291,-0.923030430455772,0.1207768486499579,0.0
1970-01-04 14:17:00,0.0135451760937864,-0.9250554546328024,0.1211412344434816,0.0
1970-01-04 14:18:00,0.0133500716715973,-0.9274758413855998,0.1209160940053221,0.0
1970-01-04 14:19:00,0.0132389884664258,-0.930270735779349,0.1200988611642797,0.0
1970-01-04 14:20:00,0.0132161451983462,-0.9334175806190308,0.1186907757813501,0.0
1970-01-04 14:21:00,0.0132847514765149,-0.9368919047548888,0.1166970747834211,0.0
1970-01-04 14:22:00,0.0134469437082302,-0.9406670569531934,0.1141272504244236,0.0
1970-01-04 14:23:00,0.0137037213537729,-0.9447138966668144,0.1109953693520918,0.0
1970-01-04 14:24:00,0.0140548842196997,-0.9490004543124856,0.1073204438713643,0.0
1970-01-04 14:25:00,0.0144989717120876,-0.9534915747178856,0.1031268447328159,0.0
1970-01-04 14:26:00,0.0150332051898573,-0.9581485582221306,0.0984447428723242,0.0
1970-01-04 14:27:00,0.0156534347608611,-0.9629288144806604,0.093310565821524,0.0
1970-01-04 14:28:00,0.0163540920440997,-0.96778554432564,0.0877674530311197,0.0
1970-01-04 14:29:00,0.0171281505746068,-0.9726674650542212,0.0818656931327809,0.0
1970-01-04 14:30:00,0.017967095648006,-0.9775185942490364,0.0756631252404228,0.0
1970-01-04 14:31:00,0.0188609054844384,-0.982278106670072,0.0692254857864285,0.0
1970-01-04 14:32:00,0.0197980456313219,-0.9868802778901395,0.0626266821282418,0.0
1970-01-04 14:33:00,0.0207654785162213,-0.9912545271768928,0.055948974267742,0.0
1970-01-04 14:34:00,0.0217486900006831,-0.9953255706547364,0.0492830465181633,0.0
1970-01-04 14:35:00,0.0227317346698734,-0.9990136940152472,0.042727951844833,0.0001853680493160148
1970-01-04 14:36:00,0.0236973014193245,-1.002235151994847,0.0363909129037326,0.0031755382437608226
1970-01-04 14:37:00,0.0246268006715297,-1.0049026995189163,0.030386965504307,0.005663603042429077
1970-01-04 14:38:00,0.0255004742832697,-1.0069262568427273,0.024838432324582,0.0075553129373695516
1970-01-04 14:39:00,0.0262975289089617,-1.0082137082264702,0.0198742172060603,0.008752410649928155
1970-01-04 14:40:00,0.0269962932801015,-1.0086718306940947,0.015628913253196,0.009154063964525339
1970-01-04 14:41:00,0.0275743995423957,-1.008207346278484,0.0122417212453585,0.00865864411062045
1970-01-04 14:42:00,0.0280089884436453,-1.00672808788848,0.0098551785064837,0.007165860680665492
1970-01-04 14:43:00,0.0282769377714586,-1.0041442655909214,0.0086137023244304,0.00457925879275245
1970-01-04 14:44:00,0.0283551129938519,-1.0003698167330373,0.0086619562179906,0.0008090787702252911
1970-01-04 14:45:00,0.0282206385587526,-0.9953238199937444,0.0101430517589781,0.0
1970-01-04 14:46:00,0.0278511877680242,-0.9889319502098955,0.0131966032068821,0.0
1970-01-04 14:47:00,0.0272252885742555,-0.9811279477451914,0.0179566568324543,0.0
1970-01-04 14:48:00,0.0263226420783662,-0.9718550733315878,0.0245495214134636,0.0
1970-01-04 14:49:00,0.0251244499585199,-0.9610675167976728,0.033091530890891,0.0
1970-01-04 14:50:00,0.0236137465546322,-0.9487317259914476,0.0436867744786643,0.0
1970-01-04 14:51:00,0.0217757308782945,-0.93482762059405,0.056424833518049,0.0
1970-01-04 14:52:00,0.0195980934230506,-0.9193496544959524,0.0713785679446734,0.0
1970-01-04 14:53:00,0.0170713323275958,-0.9023076900613584,0.0886019982711436,0.0
1970-01-04 14:54:00,0.0141890532160175,-0.8837276480369197,0.1081283313580647,0.0
1970-01-04 14:55:00,0.0109482469322679,-0.8636518981658304,0.1299681798285762,0.0
1970-01-04 14:56:00,0.0073495394286937,-0.842139357843671,0.1541080256485043,0.0
1970-01-04 14:57:00,0.003397408283781,-0.8192652694915294,0.1805089780000822,0.0
1970-01-04 14:58:00,-0.000899639270038,-0.795120631819009,0.2091058739605643,0.0
1970-01-04 14:59:00,-0.0055289313155879,-0.7698112659010413,0.2398067675034905,0.0
1970-01-04 15:00:00,-0.0104735428876304,-0.7434565040932536,0.2724928478324855,0.0
1970-01-04 15:01:00,-0.0157122568799919,-0.716187498348415,0.3070188218953819,0.0
1970-01-04 15:02:00,-0.0212195756091047,-0.6881451545400578,0.3432137879387377,0.0
1970-01-04 15:03:00,-0.0269657833416269,-0.6594777109917784,0.380882616936625,0.0
1970-01-04 15:04:00,-0.032917059603626,-0.6303379925858398,0.41980784644909,0.0
1970-01-04 15:05:00,-0.0390356434657268,-0.6008803866412054,0.459752076800484,0.0
1970-01-04 15:06:00,-0.0452800500707851,-0.5712576032952721,0.5004608423886219,0.0
1970-01-04 15:07:00,-0.0516053419547041,-0.5416173014707082,0.541665911465344,0.0
1970-01-04 15:08:00,-0.057963458739344,-0.512098681496388,0.5830889460626433,0.0
1970-01-04 15:09:00,-0.0643036091552166,-0.4828291655418744,0.6244454311330272,0.0
1970-01-04 15:10:00,-0.0705727286062898,-0.4539213022665315,0.6654487621812424,0.0
1970-01-04 15:11:00,-0.0767160031903732,-0.425470034463462,0.705814369518488,0.0
1970-01-04 15:12:00,-0.0826774573684289,-0.3975504526967821,0.7452637588532348,0.0
1970-01-04 15:13:00,-0.0884005982417361,-0.3702161274905778,0.7835283610645957,0.0
1970-01-04 15:14:00,-0.093829105702058,-0.3434980776616287,0.8203531035738765,0.0
1970-01-04 15:15:00,-0.0989075549838683,-0.3174044012511933,0.8554996368267996,0.0
1970-01-04 15:16:00,-0.1035821562404329,-0.291920570374842,0.8887491693264349,0.0
1970-01-04 15:17:00,-0.1078014947564679,-0.2670103707934366,0.9199048823128596,0.0
1970-01-04 15:18:00,-0.1115172557440755,-0.2426174498901234,0.9487939101588452,0.0
1970-01-04 15:19:00,-0.1146849194634612,-0.2186674225683772,0.9752688848606896,0.006040491343390686
1970-01-04 15:20:00,-0.1172644150125272,-0.1950704728556492,0.9992090529891317,0.02480347578635489
1970-01-04 15:21:00,-0.1192207236420565,-0.1717243792049586,1.0205209815015794,0.04171297248522876
1970-01-04 15:22:00,-0.1205244244294925,-0.1485178836409339,1.0391388750850663,0.056595144962487076
1970-01-04 15:23:00,-0.12115217663341,-0.1253343192728308,1.0550245322525595,0.06932843651767207
1970-01-04 15:24:00,-0.121087134234736,-0.102055407259452,1.0681669703687142,0.0798416906263395
1970-01-04 15:25:00,-0.1203192891277628,-0.0785651326679745,1.07858175136569,0.08811203733182982
1970-01-04 15:26:00,-0.1188457401352894,-0.0547536084790456,1.0863100403774362,0.09416258911306619
1970-01-04 15:27:00,-0.1166708854649681,-0.0305208382593785,1.0914174290513865,0.09805993530424972
1970-01-04 15:28:00,-0.1138065364079129,-0.0057802910012706,1.0939925540046764,0.09991138175350267
1970-01-04 15:29:00,-0.1102719500477437,0.0195377935434548,1.0941455389104284,0.09986184980727053
1970-01-04 15:30:00,-0.1060937785890569,0.0454834442168423,1.0920062862258704,0.09809032538764684
1970-01-04 15:31:00,-0.1013059327509283,0.0720844100150646,1.0877226418524557,0.09480573609030807
1970-01-04 15:32:00,-0.0959493565826001,0.0993440833101114,1.0814584533194225,0.09024213465329756
1970-01-04 15:33:00,-0.0900717110700837,0.1272399465723793,1.073391539666818,0.08465308489264745
1970-01-04 15:34:00,-0.0837269641174086,0.1557225875268002,1.0637115892216935,0.07830518584995261
1970-01-04 15:35:00,-0.0769748851591759,0.1847153206192083,1.0526179999039025,0.07147073517591562
1970-01-04 15:36:00,-0.0698804439946426,0.2141144440693844,1.0403176755233563,0.0644196247807296
1970-01-04 15:37:00,-0.0625131153577293,0.2437901508639219,1.0270227908100036,0.05741067712273029
1970-01-04 15:38:00,-0.0549460930344368,0.2735880989261353,1.0129485378099854,0.05068275957357993
1970-01-04 15:39:00,-0.0472554199082193,0.3033316307511872,0.9983108669101748,0.04444614026565352
1970-01-04 15:40:00,-0.0395190431906866,0.3328246160849468,0.9833242371726124,0.03887464848166333
1970-01-04 15:41:00,-0.0318158073186437,0.3618548725923468,0.9681993928991788,0.034099249987397995
1970-01-04 15:42:00,-0.0242244005647477,0.3901980986864777,0.9531411864309048,0.03020362019950995
1970-01-04 15:43:00,-0.0168222752139738,0.4176222298375385,0.9383464710651476,0.027222184124869875
1970-01-04 15:44:00,-0.0096845647543039,0.443892106242094,0.9240020921944764,0.025140897222568404
1970-01-04 15:45:00,-0.0028830239483324,0.4687743200668414,0.9102830080453952,0.023900790954567652
1970-01-04 15:46:00,0.0035149821825042,0.4920421006499726,0.8973505719564451,0.023404041863398284
1970-01-04 15:47:00,0.0094474168094168,0.5134800991189821,0.8853510051538639,0.023522089748222008
1970-01-04 15:48:00,0.0148584176241438,0.5328889470156102,0.8744140834048786,0.024105166319598803
1970-01-04 15:49:00,0.0196990360310874,0.5500894809046523,0.8646520545449446,0.024992519217236886
1970-01-04 15:50:00,0.0239278583486077,0.564926542428874,0.8561587979661709,0.026022625520837117
1970-01-04 15:51:00,0.0275115016274238,0.5772722794071006,0.8490092321890685,0.0270427662156707
1970-01-04 15:52:00,0.0304249794619863,0.5870288882763365,0.8432589726074813,0.027917452877048277
1970-01-04 15:53:00,0.0326519354267386,0.5941307517800287,0.838944238143768,0.02853533425567889
1970-01-04 15:54:00,0.0341847437647308,0.5985459386730074,0.8360820025922994,0.028814343050757474
1970-01-04 15:55:00,0.0350244788346461,0.6002770445353309,0.8346703837451089,0.028704959555905685
1970-01-04 15:56:00,0.035180756570284,0.5993613645835486,0.8346892610064879,0.02819156455782501
1970-01-04 15:57:00,0.0346714527549657,0.5958704006954233,0.8361011101062188,0.027291930456925018
1970-01-04 15:58:00,0.0335223042978572,0.5899087158796871,0.8388520416373341,0.02605496232676696
1970-01-04 15:59:00,0.0317664011109896,0.5816121602714807,0.8428730284212992,0.024556856038402186
1970-01-04 16:00:00,0.0294435777727542,0.5711455035367549,0.8480813050976743,0.022895894281763196
1970-01-04 16:01:00,0.0265997158335914,0.5586995195486159,0.8543819216865041,0.021186156452879912
1970-01-04 16:02:00,0.0232859691477129,0.5444875806808014,0.8616694309247055,0.01955047450574332
1970-01-04 16:03:00,0.0195579258690114,0.5287418312983734,0.8698296867536246,0.018113019554785836
1970-01-04 16:04:00,0.0154747217826037,0.5117090230847056,0.8787417284172558,0.016991945190471425
1970-01-04 16:05:00,0.0110981206765894,0.493646108683697,0.8882797212968233,0.016292532772070656
1970-01-04 16:06:00,0.0064915786833259,0.4748157044990233,0.8983149219689699,0.01610127096900249
1970-01-04 16:07:00,0.0017193106790807,0.4554815469454917,0.9087176314355332,0.016481248877161958
1970-01-04 16:08:00,-0.0031546229156594,0.4359040750035651,0.91935909820865,0.017469147301025556
1970-01-04 16:09:00,-0.0080671920170049,0.4163362699207305,0.9301133335612232,0.019073982842716664
1970-01-04 16:10:00,-0.0129572214419026,0.3970198669762566,0.9408588053042524,0.021277609604696934
1970-01-04 16:11:00,-0.0177661534761494,0.3781820262582266,0.9514799825704368,0.02403683450662797
1970-01-04 16:12:00,-0.0224387405075228,0.3600325152702999,0.961868710369006,0.027286875762733365
1970-01-04 16:13:00,-0.0269236619175263,0.3427614226255615,0.9719253983826952,0.030945806738990944
1970-01-04 16:14:00,-0.0311740614905944,0.3265373940793271,0.9815600138912364,0.03491958755842539
1970-01-04 16:15:00,-0.0351480037823135,0.3115063616342772,0.9906928740393146,0.039107292910979474
1970-01-04 16:16:00,-0.038808849826984,0.2977907232780403,0.9992552376533388,0.043406187289007025
1970-01-04 16:17:00,-0.0421255539283332,0.2854889245885414,1.0071897010597437,0.047716365376291536
1970-01-04 16:18:00,-0.0450728840712284,0.2746753930351391,1.0144504057107735,0.05194475238211038
1970-01-04 16:19:00,-0.0476315688482314,0.2654007794120134,1.021003067984077,0.056008335618779714
1970-01-04 16:20:00,-0.0497883737831977,0.2576924664924329,1.0268248434717149,0.059836566939280855
1970-01-04 16:21:00,-0.0515361095879793,0.2515553116221918,1.0319040395342185,0.06337293185591308
1970-01-04 16:22:00,-0.052873574264757,0.2469725972116933,1.0362396909203042,0.06657572430073033
1970-01-04 16:23:00,-0.0538054301843878,0.2439071704644198,1.0398410138609755,0.06941809701758261
1970-01-04 16:24:00,-0.0543420165100954,0.2423027596898626,1.042726754230862,0.07188747828330144
1970-01-04 16:25:00,-0.0544990967645656,0.2420854564442676,1.044924445137759,0.07398445790264407
1970-01-04 16:26:00,-0.0542975410913722,0.2431653486187345,1.0464695887431208,0.07572125102260419
1970-01-04 16:27:00,-0.0537629430467108,0.2454382814656162,1.047404776389241,0.077119849253942
1970-01-04 16:28:00,-0.0529251718216271,0.2487877167628316,1.0477787603369624,0.07820996676791725
1970-01-04 16:29:00,-0.0518178626289094,0.2530866588515197,1.0476454896318543,0.07902688554179305
1970-01-04 16:30:00,-0.0504778502564299,0.258199619909556,1.0470631217938182,0.07960929882460999
1970-01-04 16:31:00,-0.0489445531711554,0.2639846028257759,1.0460930211662411,0.07999724478672654
1970-01-04 16:32:00,-0.0472593179158798,0.2702950858105266,1.0447987539392758,0.0802302128603225
1970-01-04 16:33:00,-0.0454647356418653,0.2769819966804248,1.0432450891910403,0.08034549325356166
1970-01-04 16:34:00,-0.0436039440220441,0.2838956660918386,1.0414970148354148,0.08037682549705161
1970-01-04 16:35:00,-0.0417199281799799,0.2908877490737583,1.0396187771048937,0.08035338509101497
1970-01-04 16:36:00,-0.0398548337772953,0.2978131048476091,1.0376729520896162,0.08029912926594918
1970-01-04 16:37:00,-0.0380493044543906,0.304531626542639,1.0357195579020877,0.08023250448922536
1970-01-04 16:38:00,-0.0363418547888596,0.3109100139145573,1.0338152162447436,0.08016650036048167
1970-01-04 16:39:00,-0.0347682889573048,0.3168234826416687,1.0320123724069838,0.08010901758632927
1970-01-04 16:40:00,-0.033361174299863,0.3221574029389258,1.0303585827000652,0.08006350237507154
1970-01-04 16:41:00,-0.0321493779007813,0.3268088570794059,1.0288958776662886,0.08002978599834787
1970-01-04 16:42:00,-0.0311576731887597,0.3306880987423049,1.0276602079520183,0.08000505658831214
1970-01-04 16:43:00,-0.0304064226670961,0.3337198886345059,1.0266809779033057,0.0799848818377622
1970-01-04 16:44:00,-0.02991134225246,0.3358446750459863,1.0259806703515255,0.0799641985209758
1970-01-04 16:45:00,-0.0296833519795477,0.3370195875907842,1.0255745650037065,0.07993818905858951
1970-01-04 16:46:00,-0.024044756376673,0.2640154838350273,1.0319048722042017,0.06541540785396327
1970-01-04 16:47:00,-0.030048078015394,0.3364361531499169,1.025669043008685,0.07985608204291994
1970-01-04 16:48:00,-0.0306385787674317,0.3346812822372097,1.0261629765974285,0.0797966186871144
1970-01-04 16:49:00,-0.0314920746394265,0.3319838061441953,1.026937923619354,0.079725195257901
1970-01-04 16:50:00,-0.0325964305349528,0.3283910101068246,1.0279722850255395,0.0796435530225843
1970-01-04 16:51:00,-0.0339356924891482,0.3239677674815442,1.0292375832788052,0.07955395808884402
1970-01-04 16:52:00,-0.0354905255356392,0.3187957994575867,1.0306988425559112,0.0794584027190175
1970-01-04 16:53:00,-0.0372387049133402,0.3129727055753456,1.0323150534767511,0.07935768177814095
1970-01-04 16:54:00,-0.0391556464419869,0.3066107826051744,1.034039717373349,0.07925042217439193
1970-01-04 16:55:00,-0.0412149616101371,0.2998356478189609,1.0358214648158122,0.07913214933886392
1970-01-04 16:56:00,-0.0433890237526809,0.2927846811949605,1.037604742941013,0.07899447612039734
1970-01-04 16:57:00,-0.0456495327437063,0.2856053001122977,1.0393305660710208,0.07882449585716333
1970-01-04 16:58:00,-0.0479680663494342,0.2784530776824633,1.0409373242573692,0.07860445247191095
1970-01-04 16:59:00,-0.0503166070497933,0.2714897114024977,1.042361644676528,0.07831174649781647
1970-01-04 17:00:00,-0.0526680342215333,0.2648808450836524,1.0435393008729184,0.07791931812512276
1970-01-04 17:01:00,-0.054996573129502,0.2587937474543865,1.0444061643115994,0.07739642788972567
1970-01-04 17:02:00,-0.0572781939015079,0.2533948561783979,1.044899191483527,0.07670983324070102
1970-01-04 17:03:00,-0.0594909553108644,0.2488472045027334,1.0449574381356963,0.07582533548329407
1970-01-04 17:04:00,-0.0616152897104618,0.2453077573830154,1.0445230903816942,0.07470964734616259
1970-01-04 17:05:00,-0.0636342269498956,0.242924693668728,1.0435425006881898,0.07333250783534773
1970-01-04 17:06:00,-0.0655335566825624,0.2418346804072975,1.0419672151185448,0.07166894938738544
1970-01-04 17:07:00,-0.0673019301586707,0.2421601944854379,1.0397549767663967,0.06970160386287061
1970-01-04 17:08:00,-0.0689309042632364,0.2440069556790758,1.0368706890162742,0.0674229198042362
1970-01-04 17:09:00,-0.0704149318825488,0.2474615431618359,1.0332873211411204,0.06483715468941731
1970-01-04 17:10:00,-0.0717513032331594,0.2525892725106747,1.02898673793347,0.06196200353218506
1970-01-04 17:11:00,-0.0729400421787479,0.259432408923041,1.0239604348279638,0.058829729770430106
1970-01-04 17:12:00,-0.0739837597422228,0.2680087827563034,1.018210160485793,0.05548767650627484
1970-01-04 17:13:00,-0.0748874644423038,0.2783108570470529,1.0117484100182463,0.051998056393314895
1970-01-04 17:14:00,-0.0756583265812316,0.2903052768641714,1.004598773681064,0.048436947192225466
1970-01-04 17:15:00,-0.0763053922115827,0.303932910258012,0.9967961276923244,0.04489245714613177
1970-01-04 17:16:00,-0.076839243211454,0.3191093724532003,0.9883866556713656,0.04146206939763819
1970-01-04 17:17:00,-0.0772716031296032,0.3357260107076649,0.979427691169136,0.03824922689343069
1970-01-04 17:18:00,-0.0776148936201129,0.3536513176350092,0.969987374093884,0.03535927681080264
1970-01-04 17:19:00,-0.077881752089231,0.3727327347911995,0.9601441166421638,0.03289495284659805
1970-01-04 17:20:00,-0.0780845263539718,0.3927988046266533,0.9499858775255512,0.0309516291611569
1970-01-04 17:21:00,-0.0782347653872359,0.4136616270106158,0.9396092466546324,0.02961262452203428
1970-01-04 17:22:00,-0.0783427252944944,0.4351195762218922,0.9291183459109912,0.028944861946675893
1970-01-04 17:23:00,-0.0784169063100471,0.4569602342641942,0.9186235553112108,0.028995191080422478
1970-01-04 17:24:00,-0.0784636317812593,0.4789634941892903,0.908240078040104,0.029787652691861233
1970-01-04 17:25:00,-0.0784866769930867,0.5009047812072058,0.8980863627873994,0.03132190577256533
1970-01-04 17:26:00,-0.0784869560727641,0.5225583308490774,0.8882824074800161,0.03357295187704845
1970-01-04 17:27:00,-0.0784622782499437,0.5437004555869053,0.8789479741892627,0.036492188028925066
1970-01-04 17:28:00,-0.0784071881260637,0.5641127272683265,0.8702007496027717,0.04000971188983171
1970-01-04 17:29:00,-0.0783129064099749,0.5835850040636319,0.8621544879534614,0.04403770495927106
1970-01-04 17:30:00,-0.0781673869196068,0.6019182370762663,0.8549171733483394,0.04847464336947804
1970-01-04 17:31:00,-0.077955502472519,0.618927001645137,0.8485892365880953,0.05321003896865162
1970-01-04 17:32:00,-0.0776593671149956,0.6344417095796263,0.8432618587704531,0.05812939785832438
1970-01-04 17:33:00,-0.0772587958814401,0.648310469711007,0.8390153909016993,0.06311909626715306
1970-01-04 17:34:00,-0.0767318970753749,0.6604005747412754,0.8359179155690981,0.06807090809401739
1970-01-04 17:35:00,-0.0760557870564531,0.6705996024223781,0.8340239733575913,0.0728859667499675
1970-01-04 17:36:00,-0.0752074143110568,0.6788161286415599,0.8333734730856934,0.07747799852905612
1970-01-04 17:37:00,-0.0741644779017321,0.6849800589730641,0.8339908011979076,0.08177571957217955
1970-01-04 17:38:00,-0.0729064244425999,0.6890425936299309,0.8358841419353159,0.08572433946200442
1970-01-04 17:39:00,-0.0714155068563191,0.690975848540679,0.8390450162790523,0.08928615947728424
1970-01-04 17:40:00,-0.0696778869607798,0.6907721625934817,0.8434480440930875,0.09244029202050652
1970-01-04 17:41:00,-0.0676847622087037,0.688443128077177,0.8490509303091067,0.09518156024044555
1970-01-04 17:42:00,-0.0654334945547213,0.6840183881409507,0.8557946723179446,0.09751866439362455
1970-01-04 17:43:00,-0.0629287164694789,0.6775442517214828,0.8636039819220241,0.09947172496108148
1970-01-04 17:44:00,-0.0601833857528112,0.6690821822109191,0.8723879114868225,0.10106933232250959
1970-01-04 17:45:00,-0.0572197574748921,0.658707218772377,0.8820406712044135,0.10234524826256597
1970-01-04 17:46:00,-0.0540702388257406,0.646506384715154,0.8924426241215484,0.1033349144992588
1970-01-04 17:47:00,-0.0507780915987685,0.6325771238563812,0.9034614484809922,0.10407192750481475
1970-01-04 17:48:00,-0.0473979477278339,0.6170257875617867,0.914953461411895,0.1045846389094236
1970-01-04 17:49:00,-0.0439961054160869,0.5999661805625316,0.9267651009511406,0.10489303891895063
1970-01-04 17:50:00,-0.0406505764207844,0.5815181682100163,0.938734562619856,0.10500607617278157
1970-01-04 17:51:00,-0.0374508587042531,0.5618063506187305,0.9506935825142332,0.1049195582697271
1970-01-04 17:52:00,-0.0344974130158701,0.540958815305828,0.9624693528815004,0.10461475936093056
1970-01-04 17:53:00,-0.0319008274198483,0.5191059841705493,0.9738865506546672,0.10405783323963202
1970-01-04 17:54:00,-0.0297806606914244,0.4963795692476958,0.9847694562771656,0.10320009360685334
1970-01-04 17:55:00,-0.0282639638507573,0.4729116443625364,0.994944139882577,0.10197918152427721
1970-01-04 17:56:00,-0.0274834885962164,0.4488338300656416,1.0042406932429004,0.10032109818988433
1970-01-04 17:57:00,-0.027575601723057,0.4242765813254921,1.0124954869389515,0.09814304275143493
1970-01-04 17:58:00,-0.0286779352191736,0.3993685635697638,1.0195534318855004,0.09535696191046017
1970-01-04 17:59:00,-0.0309268117059702,0.3742361027517973,1.0252702226840762,0.09187369132505685
1970-01-04 18:00:00,-0.0344544934117346,0.3490026985086656,1.0295145375116366,0.08760754807531046
1970-01-04 18:01:00,-0.0393863094252081,0.323788595280666,1.032170165438527,0.08248121749310777
1970-01-04 18:02:00,-0.0458377202101973,0.2987104121527882,1.0331380277098154,0.07643076471396171
1970-01-04 18:03:00,-0.0539113801715771,0.2738808345255512,1.0323380559774489,0.06941059011574913
1970-01-04 18:04:00,-0.0636942590081325,0.2494083676229127,1.0297108890292688,0.06139813805017025
1970-01-04 18:05:00,-0.0752548816640514,0.2253971451285288,1.025219350313331,0.052398159682565115
1970-01-04 18:06:00,-0.0886407456133144,0.2019467792901657,1.018849670607434,0.04244632223699263
1970-01-04 18:07:00,-0.1038759730905472,0.1791522335838951,1.0106124227094715,0.03161194715760929
1970-01-04 18:08:00,-0.120959254499541,0.1571036957643545,1.0005431377388134,0.019999648503926437
1970-01-04 18:09:00,-0.1398621373610598,0.1358864276487278,0.9887025755842082,0.007749632425228858
1970-01-04 18:10:00,-0.1605277126235354,0.1155805680976541,0.9751766253382096,0.0
1970-01-04 18:11:00,-0.182869746757024,0.0962608671596548,0.9600758153665386,0.0
1970-01-04 18:12:00,-0.2067723035838012,0.0779963321072516,0.9435344171087324,0.0
1970-01-04 18:13:00,-0.2320898941198249,0.0608497701452769,0.9257091319009104,0.0
1970-01-04 18:14:00,-0.2586481857012939,0.0448772180221088,0.9067773561371631,0.0
1970-01-04 18:15:00,-0.2862452932259487,0.0301272556567619,0.886935027026977,0.0
1970-01-04 18:16:00,-0.314653665314919,0.0166402091315487,0.8663940591525426,0.0
1970-01-04 18:17:00,-0.3436225665204918,0.0044472578451109,0.8453793910590042,0.0
1970-01-04 18:18:00,-0.3728811433170467,-0.0064305291278023,0.8241256712628188,0.0
1970-01-04 18:19:00,-0.4021420463019939,-0.015983192578698,0.8028736243429767,0.0
1970-01-04 18:20:00,-0.43110556341061,-0.024212876384046,0.7818661501767895,0.0
1970-01-04 18:21:00,-0.4594641988946772,-0.031134768825287,0.7613442228594972,0.0
1970-01-04 18:22:00,-0.4869076109419477,-0.0367779460337274,0.7415426702328186,0.0
1970-01-04 18:23:00,-0.5131277985242968,-0.0411860714780851,0.7226859295532029,0.0
1970-01-04 18:24:00,-0.5378244079077164,-0.0444179046431497,0.7049838876724781,0.0
1970-01-04 18:25:00,-0.5607100154942042,-0.0465475723503089,0.688627921655576,0.0
1970-01-04 18:26:00,-0.5815152406966692,-0.0476645593780606,0.6737872547579459,0.0
1970-01-04 18:27:00,-0.5999935512595616,-0.0478733811418152,0.6606057329138358,0.0
1970-01-04 18:28:00,-0.6159256400671473,-0.0472929091292684,0.6491991114600038,0.0
1970-01-04 18:29:00,-0.6291232719212382,-0.0460553287003899,0.6396529244710917,0.0
1970-01-04 18:30:00,-0.6394325179569352,-0.0443047182971036,0.6320209919099125,0.0
1970-01-04 18:31:00,-0.6467363134709158,-0.0421952488290538,0.6263246033405412,0.0
1970-01-04 18:32:00,-0.6509562920236601,-0.0398890118880875,0.6225524011876026,0.0
1970-01-04 18:33:00,-0.6520538649309708,-0.0375534954536681,0.620660971349696,0.0
1970-01-04 18:34:00,-0.6500305308619752,-0.0353587358968523,0.6205761342766062,0.0
1970-01-04 18:35:00,-0.6449274153921366,-0.0334741854032344,0.6221949152734839,0.0
1970-01-04 18:36:00,-0.636824055218337,-0.0320653443828451,0.625388158658377,0.0
1970-01-04 18:37:00,-0.6258364565807599,-0.0312902188005026,0.63000373628552,0.0
1970-01-04 18:38:00,-0.6121144725922396,-0.0312956722218757,0.635870286606596,0.0
1970-01-04 18:39:00,-0.5958385600247612,-0.0322137513225055,0.6428014056253312,0.0
1970-01-04 18:40:00,-0.5772159929209342,-0.0341580715329221,0.6506001956660362,0.0
1970-01-04 18:41:00,-0.5564766281833796,-0.0372203564512166,0.6590640619057003,0.0
1970-01-04 18:42:00,-0.5338683361768551,-0.0414672303344959,0.6679896308622942,0.0
1970-01-04 18:43:00,-0.5096522244652644,-0.0469373663486176,0.6771776518910604,0.0
1970-01-04 18:44:00,-0.4840977902046987,-0.0536390929080315,0.6864377363851459,0.0
1970-01-04 18:45:00,-0.4574781325365702,-0.0615485554020791,0.6955927932982533,0.0
1970-01-04 18:46:00,-0.4300653413202203,-0.0706085208647149,0.7044830335035024,0.0
1970-01-04 18:47:00,-0.4021261580156178,-0.0807278994208314,0.7129694354129613,0.0
1970-01-04 18:48:00,-0.3739179846510904,-0.0917820394138393,0.7209365857767456,0.0
1970-01-04 18:49:00,-0.3456853012531615,-0.103613833545951,0.7282948301843685,0.0
1970-01-04 18:50:00,-0.3176565411744125,-0.1160356518605434,0.7349816870274939,0.0
1970-01-04 18:51:00,-0.2900414653407635,-0.128832095142106,0.7409624971567843,0.0
1970-01-04 18:52:00,-0.2630290676243409,-0.1417635405484678,0.7462303000986539,0.0
1970-01-04 18:53:00,-0.2367860322186473,-0.1545704305157427,0.7508049471080105,0.0
1970-01-04 18:54:00,-0.211455749874153,-0.1669782356291335,0.7547314814797703,0.0
1970-01-04 18:55:00,-0.18715788455184,-0.1787030012507577,0.7580778369360179,0.0
1970-01-04 18:56:00,-0.1639884670553112,-0.1894573654899442,0.7609319250113336,0.0
1970-01-04 18:57:00,-0.1420204783813221,-0.1989569123877192,0.7633982016814221,0.0
1970-01-04 18:58:00,-0.1213048731009156,-0.2069267001332175,0.7655938216214031,0.0
1970-01-04 18:59:00,-0.1018719820691695,-0.2131077824855,0.7676445052351806,0.0
1970-01-04 19:00:00,-0.0837332246199887,-0.2172635250634376,0.7696802582133128,0.0
1970-01-04 19:01:00,-0.0668830543176843,-0.2191855092903139,0.7718310932500134,0.0
1970-01-04 19:02:00,-0.0513010604304341,-0.2186988195502195,0.7742229047313479,0.0
1970-01-04 19:03:00,-0.036954149541173,-0.2156665270300978,0.7769736374279155,0.0
1970-01-04 19:04:00,-0.0237987370441107,-0.2099932151518955,0.7801898711611551,0.0
1970-01-04 19:05:00,-0.011782885544729,-0.2016274304507297,0.7839639192973394,0.0
1970-01-04 19:06:00,-0.0008483357379039,-0.1905629840931305,0.788371513349934,0.0
1970-01-04 19:07:00,0.009067615095187,-0.1768390710029193,0.7934701204156398,0.0
1970-01-04 19:08:00,0.0180304214010042,-0.1605392156318493,0.7992979147207442,0.0
1970-01-04 19:09:00,0.026106807715327,-0.1417890960000897,0.8058733989876447,0.0
1970-01-04 19:10:00,0.0333635084782299,-0.1207533407417753,0.8131956456036731,0.0
1970-01-04 19:11:00,0.0398662286608037,-0.0976314362172472,0.8212451023612987,0.0
1970-01-04 19:12:00,0.0456788134736236,-0.0726529177572432,0.8299848851772236,0.0
1970-01-04 19:13:00,0.0508626071453369,-0.046072043180197,0.8393624646169534,0.0
1970-01-04 19:14:00,0.0554759766412849,-0.0181621520486567,0.8493116473093012,0.0
1970-01-04 19:15:00,0.0595739759256917,0.0107900980849365,0.8597547568818524,0.0
1970-01-04 19:16:00,0.0632081283283673,0.0404904498065602,0.8706049282248911,0.0
1970-01-04 19:17:00,0.0664263071950919,0.0706425755183712,0.8817684399591402,0.0
1970-01-04 19:18:00,0.0692726975297138,0.1009533010980195,0.8931470209869372,0.0
1970-01-04 19:19:00,0.0717878236075749,0.1311374295916542,0.9046400773970296,0.0
1970-01-04 19:20:00,0.0740086295577619,0.1609220927971963,0.9161467956896884,0.0
1970-01-04 19:21:00,0.0759686016908708,0.1900505785372299,0.9275680872709106,0.0
1970-01-04 19:22:00,0.0776979229051079,0.2182855994718444,0.938808347418186,0.0
1970-01-04 19:23:00,0.0792236508614662,0.2454119854500294,0.9497770094423728,0.0
1970-01-04 19:24:00,0.0805699128100104,0.2712387956587819,0.960389881562464,0.0012046342922122921
1970-01-04 19:25:00,0.0817581110037189,0.295600859243718,0.9705702600745262,0.017875673371583245
1970-01-04 19:26:00,0.0828071335763214,0.3183597637046371,0.9802498177391432,0.03397275868120553
1970-01-04 19:27:00,0.0837335666018394,0.3394043192866777,0.9893692709497254,0.049313183194564125
1970-01-04 19:28:00,0.0845519038076497,0.3586505348750679,0.997878833203943,0.06373934606186915
1970-01-04 19:29:00,0.0852747510886696,0.3760411466525989,1.005738465715554,0.0771205079139996
1970-01-04 19:30:00,0.0859130235737688,0.391544745096204,1.012917938709715,0.08935351727158625
1970-01-04 19:31:00,0.0864761335295358,0.4051545488796596,1.0193967190782105,0.1003626679488534
1970-01-04 19:32:00,0.0869721678508489,0.4168868760238672,1.0251637016703714,0.11009884271812198
1970-01-04 19:33:00,0.0874080542807293,0.4267793633085166,1.0302168026015424,0.1185380875328792
1970-01-04 19:34:00,0.0877897158241407,0.4348889846467094,1.0345624336163983,0.1256797467405255
1970-01-04 19:35:00,0.0881222130772537,0.4412899179466208,1.038214876793006,0.1315442751007514
1970-01-04 19:36:00,0.0884098743957303,0.4460713080599188,1.0411955787594558,0.13617082826183924
1970-01-04 19:37:00,0.0886564139850699,0.4493349708609224,1.04353238316246,0.13961472019626076
1970-01-04 19:38:00,0.0888650381234809,0.4511930804250092,1.045258719420331,0.1419448241260728
1970-01-04 19:39:00,0.0890385398305115,0.451765877786897,1.0464127648541737,0.1432409826267913
1970-01-04 19:40:00,0.0891793823776818,0.4511794359612299,1.0470365961619654,0.1435914827323581
1970-01-04 19:41:00,0.089289772104059,0.4495635118951888,1.0471753449188097,0.14309064279074502
1970-01-04 19:42:00,0.0893717210528755,0.4470495118839422,1.0468763703882635,0.14183654936988632
1970-01-04 19:43:00,0.0894270999872483,0.4437685927949816,1.0461884614478971,0.13992897455503162
1970-01-04 19:44:00,0.0894576823759262,0.4398499172899102,1.045161077899761,0.1374674964290643
1970-01-04 19:45:00,0.0894651799656605,0.4354190771688295,1.0438436398845632,0.13454983835717726
1970-01-04 19:46:00,0.08945127057699,0.4305966950513978,1.042284872574556,0.13127043592360477
1970-01-04 19:47:00,0.089417618776326,0.4254972108969975,1.0405322118068852,0.12771923404563812
1970-01-04 19:48:00,0.0893658900901123,0.4202278563906251,1.0386312748546969,0.12398071100199526
1970-01-04 19:49:00,0.089297759436932,0.41488781701055,1.036625399134083,0.12013312096113493
1970-01-04 19:50:00,0.0892149144610514,0.4095675786739121,1.034555250326029,0.11624794218858758
1970-01-04 19:51:00,0.0891190544561092,0.4043484532484297,1.03245850016734,0.11238951454935142
1970-01-04 19:52:00,0.08901188556956,0.3993022749374544,1.0303695730447118,0.1086148472752908
1970-01-04 19:53:00,0.0888951129747229,0.3944912575996481,1.028319459521172,0.1049735762737749
1970-01-04 19:54:00,0.0887704306852226,0.3899680014542935,1.0263355940405652,0.10150804950163472
1970-01-04 19:55:00,0.0886395096643439,0.3857756363424589,1.0244417932964784,0.09825351905717516
1970-01-04 19:56:00,0.0885039848483766,0.3819480877503418,1.022658251117054,0.09523841954524959
1970-01-04 19:57:00,0.0883654416582846,0.3785104511367556,1.021001585204197,0.0924847138009286
1970-01-04 19:58:00,0.0882254025193632,0.3754794597222962,1.0194849306709186,0.09000828904561042
1970-01-04 19:59:00,0.0880853138468397,0.3728640307733987,1.0181180750394254,0.08781938881510443
1970-01-04 20:00:00,0.0879465338899216,0.3706658755304668,1.0169076291899426,0.08592306836659858
1970-01-04 20:01:00,0.0878103217598966,0.3688801582642678,1.015857228679584,0.08431966358136855
1970-01-04 20:02:00,0.0876778279007529,0.367496190475144,1.0149677598733564,0.08300526550034681
1970-01-04 20:03:00,0.0875500861947531,0.3664981469495372,1.014237605436224,0.0819721944630365
