timestamp,x,y,z
2010-11-01 12:45:00,0.45359904355266606,-0.4319891585206362,0.41355345719572273
2010-11-01 12:46:00,0.41697024138569805,-0.3946680201347346,0.46432312483628346
2010-11-01 12:47:00,0.38061512145848875,-0.35708475512820853,0.5147049066792679
2010-11-01 12:48:00,0.3447720441200964,-0.31934911294535634,0.5643680800972972
2010-11-01 12:49:00,0.3096720582736519,-0.2815726045601309,0.6129924140908385
2010-11-01 12:50:00,0.2755354729332651,-0.24386809817271524,0.6602729247530645
2010-11-01 12:51:00,0.24256873210831806,-0.20634944078509773,0.7059242140853514
2010-11-01 12:52:00,0.21096165776402445,-0.16913110073714036,0.7496843008045949
2010-11-01 12:53:00,0.18088510603651325,-0.13232782045772587,0.7913178779410697
2010-11-01 12:54:00,0.1524890645718989,-0.09605426443328188,0.8306189556960126
2010-11-01 12:55:00,0.12590120365533045,-0.06042464534951556,0.8674128688997029
2010-11-01 12:56:00,0.10122588058397135,-0.02555231189028183,0.901557646489574
2010-11-01 12:57:00,0.07854358556011308,0.008450715089055313,0.9329447558113754
2010-11-01 12:58:00,0.05791080829224032,0.04147426551795757,0.9614992474110853
2010-11-01 12:59:00,0.03936029741781206,0.07341060201339793,0.9871793365913394
2010-11-01 13:00:00,0.022901679611779555,0.10415505223307672,1.0099754666481913
2010-11-01 13:01:00,0.008522401602833237,0.13360667589292985,1.029908905582538
2010-11-01 13:02:00,-0.0038110439907986194,0.16166894584376246,1.0470299332112012
2010-11-01 13:03:00,-0.014151649441370727,0.1882504212260902,1.0614156789263263
2010-11-01 13:04:00,-0.02257022041539187,0.21326539292891405,1.073167671948794
2010-11-01 13:05:00,-0.029153543339158938,0.2366344862188684,1.0824091660569308
2010-11-01 13:06:00,-0.034002432049315814,0.2582852106192964,1.0892822997342464
2010-11-01 13:07:00,-0.03722969272733968,0.27815245167927755,1.09394515063759
2010-11-01 13:08:00,-0.03895804422523224,0.2961789029807945,1.0965687403211153
2010-11-01 13:09:00,-0.03931802879677968,0.312315439696804,1.0973340413805472
2010-11-01 13:10:00,-0.03844594600382983,0.32652143715917903,1.0964290348040022
2010-11-01 13:11:00,-0.03648183989292733,0.3387650390973548,1.094045860542104
2010-11-01 13:12:00,-0.03356756606112263,0.34902338047226766,1.0903780993108805
2010-11-01 13:13:00,-0.029844960984115335,0.35728276929759734,1.0856182185265113
2010-11-01 13:14:00,-0.02545413155638217,0.3635388307572677,1.079955210091355
2010-11-01 13:15:00,-0.020531878849171917,0.36779661556286064,1.0735724425317588
2010-11-01 13:16:00,-0.015210266865421374,0.3700706730440172,1.0666457447775668
2010-11-01 13:17:00,-0.009615344453415985,0.37038508808957604,1.0593417337291045
2010-11-01 13:18:00,-0.0038660264053618897,0.3687734798857638,1.0518163927399624
2010-11-01 13:19:00,0.001926861973114044,0.36527895937556165,1.0442139033661464
2010-11-01 13:20:00,0.0076613740545687856,0.35995404123617014,1.0366657283692806
2010-11-01 13:21:00,0.013245063588363169,0.35286050478377046,1.0292899401432873
2010-11-01 13:22:00,0.018595439253505597,0.34406919678449244,1.0221907854384424
2010-11-01 13:23:00,0.023640254076462468,0.3336597681173952,1.015458474363102
2010-11-01 13:24:00,0.02831763347288351,0.32172033587813076,1.0091691790750126
2010-11-01 13:25:00,0.032576047633102755,0.30834706286249997,1.0033852253359818
2010-11-01 13:26:00,0.03637413626527156,0.2936436473792982,0.9981554582293225
2010-11-01 13:27:00,0.039680396312647574,0.2777207179195935,0.9935157618803208
2010-11-01 13:28:00,0.04247274596842602,0.2606951292157486,0.9894897120427152
2010-11-01 13:29:00,0.04473798081459041,0.24268915859471438,0.9860893399535583
2010-11-01 13:30:00,0.04647113992651035,0.22382960431148796,0.9833159859007071
2010-11-01 13:31:00,0.04767480111757924,0.20424679080844133,0.9811612214535629
2010-11-01 13:32:00,0.04835832499378399,0.1840734896494229,0.9796078202339701
2010-11-01 13:33:00,0.04853706700982924,0.16344376927719642,0.978630758412343
2010-11-01 13:34:00,0.04823157526989078,0.1424917918247923,0.9781982277551303
2010-11-01 13:35:00,0.04746678967078311,0.12135058121874344,0.9782726459194219
2010-11-01 13:36:00,0.04627125562114517,0.10015079395630985,0.9788116506726564
2010-11-01 13:37:00,0.04467636344493054,0.07901953163771072,0.9797690667516189
2010-11-01 13:38:00,0.042715622945263945,0.05807924039484074,0.9810958360166289
2010-11-01 13:39:00,0.04042398144985839,0.03744674341314681,0.9827409029945886
2010-11-01 13:40:00,0.0378371927180298,0.017232446698614887,0.9846520485630307
2010-11-01 13:41:00,0.03499124301418873,-0.0024602534924907746,0.9867766649029943
2010-11-01 13:42:00,0.03192183922258582,-0.02153534685942975,0.9890624658860344
2010-11-01 13:43:00,0.028663962004800106,-0.03990436731001023,0.9914581290332044
2010-11-01 13:44:00,0.025251484682293338,-0.05748634398197099,0.9939138674180549
2010-11-01 13:45:00,0.021716856028267364,-0.07420756757349375,0.9963819316662308
2010-11-01 13:46:00,0.018090843079594406,-0.09000120478605779,0.9988170434992952
2010-11-01 13:47:00,0.014402328945060312,-0.10480680039004796,1.0011767635321371
2010-11-01 13:48:00,0.010678160345572249,-0.11856970869200327,1.0034217976024526
2010-11-01 13:49:00,0.006943039702073343,-0.1312404954793218,1.0055162476753856
2010-11-01 13:50:00,0.00321945633611692,-0.14277435037784542,1.007427814872362
2010-11-01 13:51:00,-0.0004723493167400997,-0.1531305485500207,1.0091279629266336
2010-11-01 13:52:00,-0.004114394795685036,-0.16227199715600055,1.0105920499690444
2010-11-01 13:53:00,-0.007690943088252816,-0.17016489317488262,1.0117994349681079
2010-11-01 13:54:00,-0.011188471220094531,-0.1767785059716785,1.012733563221715
2010-11-01 13:55:00,-0.014595620713790364,-0.18208508479125807,1.0133820341868787
2010-11-01 13:56:00,-0.017903129963852238,-0.1860598824921957,1.0137366546272706
2010-11-01 13:57:00,-0.02110374883852781,-0.18868128428901926,1.013793479246773
2010-11-01 13:58:00,-0.024192136549553038,-0.1899310330219331,1.0135528388603496
2010-11-01 13:59:00,-0.02716474485397248,-0.18979454651117741,1.0130193535946521
2010-11-01 14:00:00,-0.030019689740684204,-0.1882613233107519,1.0122019270761644
2010-11-01 14:01:00,-0.03275661554468137,-0.18532542941478625,1.0111137174048082
2010-11-01 14:02:00,-0.0353765557796706,-0.18098605305657317,1.0097720809358623
2010-11-01 14:03:00,-0.03788179503974412,-0.17524811106833443,1.0081984845094727
2010-11-01 14:04:00,-0.04027573623409819,-0.1681228888114204,1.0064183809003984
2010-11-01 14:05:00,-0.04256277709573725,-0.15962869467261462,1.0044610417500472
2010-11-01 14:06:00,-0.044748199198556035,-0.14979150841299335,1.0023593425316901
2010-11-01 14:07:00,-0.04683807167563899,-0.1386456004922239,1.0001494950224048
2010-11-01 14:08:00,-0.04883917058763068,-0.1262340971148676,0.9978707241225969
2010-11-01 14:09:00,-0.050758913445635115,-0.1126094629170223,0.9955648876674564
2010-11-01 14:10:00,-0.05260530688830353,-0.09783387015945573,0.9932760400089706
2010-11-01 14:11:00,-0.05438690456696695,-0.08197942111026511,0.9910499423266985
2010-11-01 14:12:00,-0.0561127724849229,-0.06512819016039363,0.9889335244865842
2010-11-01 14:13:00,-0.05779246001354332,-0.04737205492156066,0.9869743042623506
2010-11-01 14:14:00,-0.059435975423275195,-0.028812291796774303,0.985219769235226
2010-11-01 14:15:00,-0.06105376413747517,-0.009558921336589804,0.9837167247732632
2010-11-01 14:16:00,-0.06265668601444113,0.010270199237281383,0.9825106093468343
2010-11-01 14:17:00,-0.06425598542368977,0.030550526344541296,0.9816447773351763
2010-11-01 14:18:00,-0.06586324562752575,0.05115220070883696,0.9811597496903114
2010-11-01 14:19:00,-0.06749031779098247,0.07194160375120567,0.9810924339751322
2010-11-01 14:20:00,-0.06914921502688828,0.09278305419939187,0.9814753172117271
2010-11-01 14:21:00,-0.07085196287212833,0.11354059090425413,0.9823356376455573
2010-11-01 14:22:00,-0.07261039902674393,0.13407978265001982,0.9836945445827417
2010-11-01 14:23:00,-0.0744359168716048,0.15426950470945924,0.9855662582264522
2010-11-01 14:24:00,-0.07633914925509275,0.17398362564248784,0.9879572434711418
2010-11-01 14:25:00,-0.07832959142576952,0.19310255567635284,0.9908654129114516
2010-11-01 14:26:00,-0.08041516487627999,0.21151461796550453,0.9942793751151319
2010-11-01 14:27:00,-0.0826017272784814,0.229117214212638,0.9981777446530874
2010-11-01 14:28:00,-0.08489253758092082,0.24581776557076573,1.0025285305093108
2010-11-01 14:29:00,-0.08728768942782242,0.2615344180569262,1.0072886193557884
2010-11-01 14:30:00,-0.08978352962438206,0.2761965086391501,1.0124033699023327
2010-11-01 14:31:00,-0.09237208055573412,0.28974479369748984,1.0178063342185821
2010-11-01 14:32:00,-0.09504048601583424,0.3021314461012548,1.0234191215081896
2010-11-01 14:33:00,-0.09777049932197843,0.3133198312048751,1.029151419112637
2010-11-01 14:34:00,-0.1005380314416914,0.3232840758327015,1.0349011844193208
2010-11-01 14:35:00,-0.1033127753045711,0.33200844757414405,1.0405550198725944
2010-11-01 14:36:00,-0.10605792053762546,0.33948656411575817,1.0459887415210913
2010-11-01 14:37:00,-0.10872997073491655,0.34572045378110483,1.051068149508998
2010-11-01 14:38:00,-0.11127867329214632,0.35071948914214646,1.0556500065665269
2010-11-01 14:39:00,-0.11364706989067697,0.35449921594220274,1.0595832277506483
2010-11-01 14:40:00,-0.11577167385594442,0.3570801000210924,1.0627102813384763
2010-11-01 14:41:00,-0.11758277879346693,0.35848621560066457,1.0648687968859492
2010-11-01 14:42:00,-0.11900490111286684,0.3587438991324991,1.0658933721038786
2010-11-01 14:43:00,-0.11995735730358932,0.35788039383169784,1.0656175654647442
2010-11-01 14:44:00,-0.12035497512251174,0.3559225108462934,1.063876056472985
2010-11-01 14:45:00,-0.12010893608130892,0.352895333501746,1.060506950504218
2010-11-01 14:46:00,-0.11912774456276658,0.34882099108238923,1.0553542002361689
2010-11-01 14:47:00,-0.11731831639996444,0.3437175282722621,1.0482701110596235
2010-11-01 14:48:00,-0.11458717689880661,0.3375978959343593,1.039117893480344
2010-11-01 14:49:00,-0.1108417553177533,0.3304690885444575,1.0277742214116707
2010-11-01 14:50:00,-0.1059917599503388,0.32233145335334146,1.0141317514967412
2010-11-01 14:51:00,-0.0999506153174281,0.3131781963195542,0.9981015552952316
2010-11-01 14:52:00,-0.09263694071399269,0.30299511023567255,0.9796154134008894
2010-11-01 14:53:00,-0.08397604760907994,0.29176055127869793,0.9586279184616256
2010-11-01 14:54:00,-0.07390143222252703,0.2794456910881162,0.9351183329219419
2010-11-01 14:55:00,-0.06235623902830145,0.2660150718731483,0.9090921474066294
2010-11-01 14:56:00,-0.04929467102078836,0.25142749128392555,0.8805822872455317
2010-11-01 14:57:00,-0.03468332329252734,0.2356372405622098,0.8496499178591963
2010-11-01 14:58:00,-0.018502417506216923,0.21859571188417315,0.8163848047704764
2010-11-01 14:59:00,-0.0007469156868553121,0.20025337742102148,0.7809051911250712
2010-11-01 15:00:00,0.01857250787200853,0.18056212391126902,0.743357164942922
2010-11-01 15:01:00,0.03942865759904118,0.1594779043377446,0.7039134997178942
2010-11-01 15:02:00,0.06177719093875336,0.13696364420186893,0.6627719649655456
2010-11-01 15:03:00,0.08555619503364938,0.11299231433690111,0.620153117427948
2010-11-01 15:04:00,0.11068598284287033,0.08755005557854258,0.5762975988884667
2010-11-01 15:05:00,0.13706912295486387,0.060639214532573885,0.5314629835285054
2010-11-01 15:06:00,0.164590713733546,0.03228112734010091,0.4859202367935208
2010-11-01 15:07:00,0.19311890811900573,0.0025184748191677503,0.4399498671621625
2010-11-01 15:08:00,0.2225056906226708,-0.02858296555115809,0.39383786777671576
2010-11-01 15:09:00,0.2525879027476674,-0.060933322413651424,0.34787155221287236
2010-11-01 15:10:00,0.28318850673842333,-0.09441849673360775,0.30233538698768103
2010-11-01 15:11:00,0.31411806966740813,-0.1289009434773034,0.2575069162122744
2010-11-01 15:12:00,0.34517644022529315,-0.16422135765690207,0.21365286559005844
2010-11-01 15:13:00,0.37615457992920076,-0.2002011894762482,0.17102550610517597
2010-11-01 15:14:00,0.4068365011754524,-0.23664585547346695,0.12985935174969218
2010-11-01 15:15:00,0.4370012602154803,-0.27334847158011566,0.09036825809269819
2010-11-01 15:16:00,0.4664249559678277,-0.3100939179833942,0.052742977024697366
2010-11-01 15:17:00,0.4948826944108279,-0.3466630531619286,0.017149207357910194
2010-11-01 15:18:00,0.522150489714629,-0.3828369159292037,-0.01627383677700685
2010-11-01 15:19:00,0.5480070843902703,-0.41840078011258763,-0.04741433495283183
2010-11-01 15:20:00,0.5722356802802455,-0.4531479517245796,-0.07618825701379164
2010-11-01 15:21:00,0.5946255798584399,-0.4868832219214384,-0.10253926953220682
2010-11-01 15:22:00,0.6149737430159338,-0.5194259105892832,-0.12643818422662767
2010-11-01 15:23:00,0.6330862683856245,-0.5506124549897813,-0.14788198803309902
2010-11-01 15:24:00,0.6487798104800796,-0.5802985154658917,-0.16689250030523836
2010-11-01 15:25:00,0.6618829446613854,-0.6083605857448675,-0.18351470674173512
2010-11-01 15:26:00,0.6722374913855996,-0.6346971089272192,-0.1978148222501828
2010-11-01 15:27:00,0.6796998094185049,-0.6592291118898762,-0.20987813620597615
2010-11-01 15:28:00,0.6841420649602374,-0.6819003806477796,-0.21980669360461205
2010-11-01 15:29:00,0.685453480009196,-0.7026772073092569,-0.22771686458272464
2010-11-01 15:30:00,0.68354155901496,-0.7215477457317684,-0.2337368528447977
2010-11-01 15:31:00,0.678333288099007,-0.7385210179459718,-0.23800419082293367
2010-11-01 15:32:00,0.6697762960515153,-0.7536256169817234,-0.24066326605213423
2010-11-01 15:33:00,0.6578399611397523,-0.7669081540157889,-0.2418629193889101
2010-11-01 15:34:00,0.6425164426913823,-0.7784314988838545,-0.24175415145418327
2010-11-01 15:35:00,0.6238216116515362,-0.7882728630746031,-0.2404879691526735
2010-11-01 15:36:00,0.6017958500662212,-0.7965217734651048,-0.23821339941183106
2010-11-01 15:37:00,0.5765046859301367,-0.8032779833753533,-0.23507569248518193
2010-11-01 15:38:00,0.5480392272682698,-0.8086493651233609,-0.2312147323589513
2010-11-01 15:39:00,0.51651635790999,-0.8127498252553467,-0.22676366705946613
2010-11-01 15:40:00,0.4820786573709949,-0.8156972801070025,-0.2218477670461814
2010-11-01 15:41:00,0.44489400878755136,-0.8176117254132199,-0.21658351544604107
2010-11-01 15:42:00,0.40515486214813945,-0.8186134294099463,-0.21107792968463843
2010-11-01 15:43:00,0.363077125331145,-0.8188212743411826,-0.20542811013596377
2010-11-01 15:44:00,0.31889866286555385,-0.8183512665674192,-0.1997210077764597
2010-11-01 15:45:00,0.2728773920554077,-0.817315230633779,-0.19403339951322413
2010-11-01 15:46:00,0.22528897830641512,-0.8158196977562977,-0.18843205687328335
2010-11-01 15:47:00,0.17642414631013922,-0.8139649942758901,-0.18297409109577645
2010-11-01 15:48:00,0.12658564130929287,-0.8118445307556607,-0.1777074553618377
2010-11-01 15:49:00,0.07608489507285823,-0.8095442875943659,-0.17267158292704815
2010-11-01 15:50:00,0.02523847409510788,-0.8071424883457969,-0.16789813829600864
2010-11-01 15:51:00,-0.025635589344121815,-0.804709447518276,-0.16341185733847471
2010-11-01 15:52:00,-0.07622146496063786,-0.8023075758386338,-0.15923145148761012
2010-11-01 15:53:00,-0.12620906785474237,-0.7999915232829609,-0.15537055099416747
2010-11-01 15:54:00,-0.17529736503173501,-0.7978084388507446,-0.15183866265877782
2010-11-01 15:55:00,-0.22319735469891588,-0.7957983258767846,-0.1486421184215377
2010-11-01 15:56:00,-0.2696346539727406,-0.7939944721802201,-0.14578499250068802
2010-11-01 15:57:00,-0.3143516554034362,-0.7924239351972281,-0.14326996633484998
2010-11-01 15:58:00,-0.3571092346111428,-0.7911080632927783,-0.14109912234666933
2010-11-01 15:59:00,-0.39768801017407707,-0.7900630356571147,-0.13927464948351173
2010-11-01 16:00:00,-0.43588917281643186,-0.7893004045442061,-0.1377994455828474
2010-11-01 16:01:00,-0.4715349140248795,-0.7888276250834299,-0.13667760383872324
2010-11-01 16:02:00,-0.5044684946048746,-0.7886485594730653,-0.1359147729933187
2010-11-01 16:03:00,-0.5345540015121312,-0.7887639440248269,-0.13551838332313226
2010-11-01 16:04:00,-0.5616758467122588,-0.7891718092523016,-0.1354977330101757
2010-11-01 16:05:00,-0.5857380649932731,-0.7898678449622598,-0.13586393206368513
2010-11-01 16:06:00,-0.6066634687514079,-0.7908457040954076,-0.1366297035690433
2010-11-01 16:07:00,-0.6243927169694001,-0.7920972408519469,-0.13780904466841967
2010-11-01 16:08:00,-0.638883353094335,-0.7936126804096616,-0.13941675229720393
2010-11-01 16:09:00,-0.6501088624898241,-0.7953807192831779,-0.1414678212822113
2010-11-01 16:10:00,-0.6580577947790256,-0.7973885570679083,-0.1439767249225979
2010-11-01 16:11:00,-0.6627329899095109,-0.7996218619452563,-0.14695659059612273
2010-11-01 16:12:00,-0.66415093936114,-0.8020646738806508,-0.15041828523736944
2010-11-01 16:13:00,-0.6623413057891592,-0.8046992509062817,-0.15436942769618017
2010-11-01 16:14:00,-0.6573466157527726,-0.8075058652287085,-0.1588133469783282
2010-11-01 16:15:00,-0.6492221312301244,-0.8104625571207732,-0.16374800716924318
2010-11-01 16:16:00,-0.6380358965672277,-0.813544855633153,-0.16916492141539713
2010-11-01 16:17:00,-0.6238689485499069,-0.8167254760834041,-0.1750480786534472
2010-11-01 16:18:00,-0.6068156686196968,-0.8199740050419907,-0.18137290780040638
2010-11-01 16:19:00,-0.5869842480712069,-0.823256584127208,-0.1881053048188523
2010-11-01 16:20:00,-0.5644972295634584,-0.8265356043338545,-0.1952007484239179
2010-11-01 16:21:00,-0.5394920816413137,-0.8297694228449735,-0.20260353017734462
2010-11-01 16:22:00,-0.5121217573778709,-0.8329121143072863,-0.21024612428851322
2010-11-01 16:23:00,-0.4825551838873325,-0.8359132683890881,-0.21804872158428731
2010-11-01 16:24:00,-0.45097762648380774,-0.8387178450874947,-0.2259189507955248
2010-11-01 16:25:00,-0.4175908698309711,-0.8412660987144022,-0.2337518085199683
2010-11-01 16:26:00,-0.38261315869028406,-0.8434935807716644,-0.24142981694410803
2010-11-01 16:27:00,-0.34627884297255546,-0.8453312310312291,-0.24882342563118687
2010-11-01 16:28:00,-0.30883767585723465,-0.8467055650748072,-0.25579167040732337
2010-11-01 16:29:00,-0.2705537198797355,-0.8475389653356095,-0.2621830986093669
2010-11-01 16:30:00,-0.23170382419862623,-0.8477500813426448,-0.26783696571006776
2010-11-01 16:31:00,-0.19257564682668493,-0.8472543434212535,-0.2725847036275263
2010-11-01 16:32:00,-0.15346520851201115,-0.8459645925818158,-0.27625165588205053
2010-11-01 16:33:00,-0.11467398023991239,-0.8437918277672155,-0.2786590692194219
2010-11-01 16:34:00,-0.07650552402768221,-0.8406460700689515,-0.27962632542212684
2010-11-01 16:35:00,-0.03926172681929869,-0.8364373420065352,-0.27897339083779327
2010-11-01 16:36:00,-0.003238689853697391,-0.8310767585447695,-0.2765234547347422
2010-11-01 16:37:00,0.03127763918547585,-0.8244777252482799,-0.2721057210267887
2010-11-01 16:38:00,0.06401597720396485,-0.8165572378319307,-0.26555831130799706
2010-11-01 16:39:00,0.09472421991980208,-0.8072372761082246,-0.25673123074454224
2010-11-01 16:40:00,0.12317380005843308,-0.7964462833147228,-0.24548934265206754
2010-11-01 16:41:00,0.14916372508699408,-0.7841207182768125,-0.23171529311934577
2010-11-01 16:42:00,0.17252414162605684,-0.7702066626509573,-0.2153123241473623
2010-11-01 16:43:00,0.19311929764649768,-0.7546614592698182,-0.19620691234090823
2010-11-01 16:44:00,0.21084980261228412,-0.7374553513467921,-0.17435116991075722
2010-11-01 16:45:00,0.22565411502252486,-0.7185730866532085,-0.14972494546245224
2010-11-01 16:46:00,0.23750921482661835,-0.6980154460321767,-0.12233756381807559
2010-11-01 16:47:00,0.24643044487960253,-0.675800651880923,-0.0922291470896865
2010-11-01 16:48:00,0.2524705311492297,-0.6519656096243296,-0.0594714635626348
2010-11-01 16:49:00,0.2557178159631846,-0.6265669338234098,-0.024168256820252226
2010-11-01 16:50:00,0.25629376238139334,-0.5996817105144923,0.013544984882103778
2010-11-01 16:51:00,0.25434981098430326,-0.571407948751364,0.053501849533421804
2010-11-01 16:52:00,0.2500636931588837,-0.5418646772169735,0.0955064316154482
2010-11-01 16:53:00,0.24363532714901748,-0.5111916463013768,0.13933537704036222
2010-11-01 16:54:00,0.23528244261179052,-0.4795486023971498,0.18474053221772904
2010-11-01 16:55:00,0.22523609017860766,-0.4471141096296331,0.23145216862923415
2010-11-01 16:56:00,0.2137361864654127,-0.414083905159091,0.27918273421224893
2010-11-01 16:57:00,0.20102721908733848,-0.3806687879298131,0.3276310608362083
2010-11-01 16:58:00,0.18735419787841925,-0.3470920577347643,0.37648693351819373
2010-11-01 16:59:00,0.17295890192547245,-0.31358654188245827,0.42543590303661427
2010-11-01 17:00:00,0.1580764488058569,-0.2803912691694572,0.4741642023415774
2010-11-01 17:01:00,0.1429322042675578,-0.24774787113176597,0.5223636139004785
2010-11-01 17:02:00,0.12773905015211173,-0.21589680350289897,0.5697361354303369
2010-11-01 17:03:00,0.11269502725423153,-0.1850734842696024,0.6159983068757763
2010-11-01 17:04:00,0.09798136508457801,-0.15550444117971024,0.6608850874505064
2010-11-01 17:05:00,0.0837609037067905,-0.12740355546215335,0.7041532010935825
2010-11-01 17:06:00,0.07017690598354591,-0.10096848291718458,0.7455838971488666
2010-11-01 17:07:00,0.05735225251702565,-0.076377329615752,0.7849850989169161
2010-11-01 17:08:00,0.04538900629111887,-0.05378565786170535,0.8221929356385571
2010-11-01 17:09:00,0.03436832917007752,-0.03332389912101695,0.8570726731364348
2010-11-01 17:10:00,0.024350727787402653,-0.01509525255215773,0.8895190744546593
2010-11-01 17:11:00,0.015376602285283788,0.0008258541644259309,0.9194562342809585
2010-11-01 17:12:00,0.007467068422808806,0.014394675887239835,0.9468369397569599
2010-11-01 17:13:00,0.0006250220102670641,0.025596388278526314,0.9716416157073396
2010-11-01 17:14:00,-0.005163585888622991,0.03444563681719002,0.9938769148045851
2010-11-01 17:15:00,-0.009928294653111909,0.040985411274944504,1.0135740132617483
2010-11-01 17:16:00,-0.013712532554960667,0.0452852919554831,1.0307866707087567
2010-11-01 17:17:00,-0.016571900191234775,0.047439144122419896,1.045589109287399
2010-11-01 17:18:00,-0.018572371516862293,0.04756236206111569,1.0580737622542813
2010-11-01 17:19:00,-0.019788445206677337,0.045788779140944834,1.068348937437913
2010-11-01 17:20:00,-0.020301278666235344,0.04226736255141132,1.0765364366123704
2010-11-01 17:21:00,-0.020196836042696977,0.03715880333948286,1.0827691683283733
2010-11-01 17:22:00,-0.0195640802362578,0.03063209884687845,1.087188788428962
2010-11-01 17:23:00,-0.018493237200867752,0.022861209920022618,1.0899433990315088
2010-11-01 17:24:00,-0.017074158473470998,0.014021861929984539,1.0911853333969406
2010-11-01 17:25:00,-0.015394804740057118,0.004288547638981795,1.0910690510658412
2010-11-01 17:26:00,-0.013539869655386873,-0.00616821909840245,1.089749164799075
2010-11-01 17:27:00,-0.011589559509997146,-0.01718435801306925,1.0873786179238127
2010-11-01 17:28:00,-0.009618540740155902,-0.02860435333011322,1.0841070273937634
2010-11-01 17:29:00,-0.007695063604705302,-0.04028303869343892,1.0800792040955396
2010-11-01 17:30:00,-0.005880266839294258,-0.052087024834918595,1.0754338578237477
2010-11-01 17:31:00,-0.004227665036265122,-0.06389576936760762,1.0703024903194975
2010-11-01 17:32:00,-0.002782817631983056,-0.07560229733566531,1.0648084761801184
2010-11-01 17:33:00,-0.0015831751540068292,-0.08711358888390293,1.059066328388505
2010-11-01 17:34:00,-0.000658094619575384,-0.09835065693189887,1.0531811426171036
2010-11-01 17:35:00,-2.9011928611408777e-05,-0.10924834302624294,1.047248212317047
2010-11-01 17:36:00,0.00029024498891646016,-0.11975486328134292,1.041352804943212
2010-11-01 17:37:00,0.0002930224375699901,-0.12983113844419833,1.0355700884778893
2010-11-01 17:38:00,-2.068980826372052e-05,-0.1394499430789395,1.0299651965841021
2010-11-01 17:39:00,-0.000644860539351479,-0.1485949093553793,1.0245934200914384
2010-11-01 17:40:00,-0.0015680642628096216,-0.1572594214196156,1.0195005120235012
2010-11-01 17:41:00,-0.0027741488876411994,-0.165445436541214,1.0147230930524094
2010-11-01 17:42:00,-0.004242902766259155,-0.17316226772474547,1.0102891441135575
2010-11-01 17:43:00,-0.005950705021128323,-0.18042535749622368,1.0062185727982975
2010-11-01 17:44:00,-0.007871149362443488,-0.187255064327721,1.0025238399394825
2010-11-01 17:45:00,-0.009975637663275324,-0.19367547452874,0.9992106326387215
2010-11-01 17:46:00,-0.012233943818304343,-0.1997132464105327,0.9962785701761743
2010-11-01 17:47:00,-0.014614750047764481,-0.20539649078997205,0.9937219299596718
2010-11-01 17:48:00,-0.017086156956620455,-0.21075369158364282,0.9915303816923526
2010-11-01 17:49:00,-0.019616166292106395,-0.21581267168659424,0.9896897188481871
2010-11-01 17:50:00,-0.02217313298762929,-0.22059961203786976,0.9881825771043375
2010-11-01 17:51:00,-0.02472618194648358,-0.22513813475109137,0.9869891297373666
2010-11-01 17:52:00,-0.027245585266957254,-0.2294484631618855,0.9860877505520842
2010-11-01 17:53:00,-0.029703096688287047,-0.23354667190258319,0.9854556359755
2010-11-01 17:54:00,-0.03207224141366405,-0.237444038986068,0.9850693794687625
2010-11-01 17:55:00,-0.03432856086152422,-0.24114651022640482,0.9849054931583945
2010-11-01 17:56:00,-0.03644981316060041,-0.24465428460990635,0.9849408734459598
2010-11-01 17:57:00,-0.038416131249010485,-0.24796152742052802,0.9851532092641294
2010-11-01 17:58:00,-0.0402101412076864,-0.25105621631320224,0.9855213331865388
2010-11-01 17:59:00,-0.041817043935362015,-0.2539201251809917,0.986025515860812
2010-11-01 18:00:00,-0.043224663526519366,-0.25652895224231054,0.9866477027287253
2010-11-01 18:01:00,-0.04442346589222113,-0.25885260100666047,0.987371689728449
2010-11-01 18:02:00,-0.04540655139341411,-0.26085562318524724,0.9881832334868954
2010-11-01 18:03:00,-0.04616962553516282,-0.2624978298765797,0.9890700922847815
2010-11-01 18:04:00,-0.0467109518980493,-0.2637350719513824,0.9900219962956944
2010-11-01 18:05:00,-0.04703129118990441,-0.2645201835244704,0.9910305484225973
2010-11-01 18:06:00,-0.047133829545182755,-0.26480407459694166,0.9920890600092687
2010-11-01 18:07:00,-0.04702409818544469,-0.26453695117389614,0.9931923285604
2010-11-01 18:08:00,-0.04670988541915155,-0.2636696341611212,0.9943363671823516
2010-11-01 18:09:00,-0.04620114070617829,-0.26215494265841216,0.9955180976211732
2010-11-01 18:10:00,-0.04550986930452859,-0.2599491030107335,0.9967350204849543
2010-11-01 18:11:00,-0.044650015218339625,-0.25701314195554215,0.997984877498472
2010-11-01 18:12:00,-0.043637329969148105,-0.25331422078735427,0.9992653212564764
2010-11-01 18:13:00,-0.0424892249050668,-0.24882686904306542,1.0005736074471014
2010-11-01 18:14:00,-0.041224604995395445,-0.24353408186960612,1.0019063226087541
2010-11-01 18:15:00,-0.039863682228884915,-0.23742825418527563,1.0032591574754015
2010-11-01 18:16:00,-0.038427767012180834,-0.23051193478283946,1.004626732525893
2010-11-01 18:17:00,-0.036939036528072434,-0.2227983924893291,1.00600247896907
2010-11-01 18:18:00,-0.035420279848742776,-0.21431199303884724,1.0073785753231723
2010-11-01 18:19:00,-0.033894620510333415,-0.20508838907356813,1.0087459372726846
2010-11-01 18:20:00,-0.032385218012768516,-0.19517452729189735,1.0100942568526037
2010-11-01 18:21:00,-0.030914950260175163,-0.18462847711967303,1.0114120861275009
2010-11-01 18:22:00,-0.029506079504214754,-0.17351908452472287,1.01268696009226
2010-11-01 18:23:00,-0.028179905176598213,-0.16192545222937024,1.0139055534001715
2010-11-01 18:24:00,-0.026956408223710805,-0.14993624396700247,1.0150538657826507
2010-11-01 18:25:00,-0.025853893109327074,-0.13764880733260468,1.0161174315594215
2010-11-01 18:26:00,-0.024888635309405865,-0.12516810897345287,1.0170815490876124
2010-11-01 18:27:00,-0.02407454349244166,-0.11260547813525415,1.017931525978784
2010-11-01 18:28:00,-0.023422846106112696,-0.10007716000674409,1.0186529352584186
2010-11-01 18:29:00,-0.022941811371097173,-0.08770268838909603,1.0192318765125232
2010-11-01 18:30:00,-0.0226365079128098,-0.07560309640309971,1.0196552349151344
2010-11-01 18:31:00,-0.022508611256108757,-0.06389899197192168,1.019910930398454
2010-11-01 18:32:00,-0.02255626000016749,-0.05270853010510152,1.0199881494091605
2010-11-01 18:33:00,-0.022773964924069745,-0.04214531667568651,1.0198775525739272
2010-11-01 18:34:00,-0.02315257415349778,-0.03231627978102753,1.0195714528278388
2010-11-01 18:35:00,-0.023679297279729162,-0.023319546242005114,1.019063959874383
2010-11-01 18:36:00,-0.024337790777677643,-0.015242362877840506,1.0183510881750655
2010-11-01 18:37:00,-0.025108306492628095,-0.00815910490086692,1.0174308270129313
2010-11-01 18:38:00,-0.02596790458303641,-0.0021294170524562553,1.0163031724842397
2010-11-01 18:39:00,-0.026890731882603245,0.0028034632760336417,1.014970122524407
2010-11-01 18:40:00,-0.02784836568195997,0.00661414834459761,1.01343563741439
2010-11-01 18:41:00,-0.028810221146209226,0.009296252701402656,1.0117055698490587
2010-11-01 18:42:00,-0.02974401809737016,0.01086319956319905,1.009787570602709
2010-11-01 18:43:00,-0.030616300098911264,0.011348624298800918,1.0076909778035619
2010-11-01 18:44:00,-0.031392996210704446,0.010806321830275366,1.0054266992026788
2010-11-01 18:45:00,-0.0320400139348354,0.009309694794466434,1.0030070968519447
2010-11-01 18:46:00,-0.03252385093364863,0.00695067736501491,1.0004458819583533
2010-11-01 18:47:00,-0.0328122128004644,0.003838134048545998,0.9977580247377618
2010-11-01 18:48:00,-0.03287462404496315,9.576029565388048e-05,0.9949596805876257
2010-11-01 18:49:00,-0.032683019285016164,-0.004140460495484904,0.992068130456171
2010-11-01 18:50:00,-0.03221230152652226,-0.008725164011890284,0.9891017304279417
2010-11-01 18:51:00,-0.031440854687147496,-0.013506777928557137,0.9860798638720262
2010-11-01 18:52:00,-0.030350998474116136,-0.018330852885988836,0.9830228894741806
2010-11-01 18:53:00,-0.028929375382793433,-0.023043442278925963,0.9799520800398508
2010-11-01 18:54:00,-0.02716726167255003,-0.027494424866140458,0.9768895494397104
2010-11-01 18:55:00,-0.025060796356063002,-0.03154066944167477,0.9738581673251343
2010-11-01 18:56:00,-0.022611124176215663,-0.035048948040419595,0.9708814619514691
2010-11-01 18:57:00,-0.019824449858192438,-0.03789851528576563,0.9679835099625942
2010-11-01 18:58:00,-0.016712001407054478,-0.039983287087192614,0.9651888092048002
2010-11-01 18:59:00,-0.013289900192770283,-0.04121356954644152,0.9625221284813873
2010-11-01 19:00:00,-0.009578935688199208,-0.04151730548739181,0.9600083279027356
2010-11-01 19:01:00,-0.005604243479936216,-0.04084082046153668,0.9576721449525541
2010-11-01 19:02:00,-0.0013948866963212252,-0.03914906330168102,0.955537943737065
2010-11-01 19:03:00,0.0030166567002833235,-0.03642534955629138,0.9536294274100965
2010-11-01 19:04:00,0.007595095221747813,-0.03267063046652052,0.9519693159455409
2010-11-01 19:05:00,0.012303004392866128,-0.027902326024159936,0.950578992975809
2010-11-01 19:06:00,0.017101572702308766,-0.02215277744816496,0.9494781266550069
2010-11-01 19:07:00,0.021951394263836767,-0.015467390840956254,0.9486842711942793
2010-11-01 19:08:00,0.02681328432041913,-0.007902559063257323,0.9482124582911667
2010-11-01 19:09:00,0.03164908855441354,0.00047653719892253016,0.9480747909031884
2010-11-01 19:10:00,0.036422452791071376,0.009598136948018903,0.9482800550586996
2010-11-01 19:11:00,0.041099517597974186,0.019385997888801146,0.9488333678712674
2010-11-01 19:12:00,0.04564950402089081,0.029761275670776608,0.9497358809026402
2010-11-01 19:13:00,0.050045162599101564,0.0406440896925128,0.9509845571781759
2010-11-01 19:14:00,0.05426306660336072,0.05195470822875709,0.9525720376683521
2010-11-01 19:15:00,0.058283740293481594,0.06361431665581924,0.9544866092607234
2010-11-01 19:16:00,0.06209162281520579,0.07554536531098292,0.956712281458387
2010-11-01 19:17:00,0.06567487805794688,0.08767152656589845,0.9592289735657316
2010-11-01 19:18:00,0.06902507043186053,0.09991732262077416,0.9620128083380456
2010-11-01 19:19:00,0.07213673534859735,0.11220751348126608,0.96503650245283
2010-11-01 19:20:00,0.07500687947963024,0.12446635348844415,0.968269839377111
2010-11-01 19:21:00,0.07763444784698674,0.13661682953581664,0.971680206983694
2010-11-01 19:22:00,0.0800197920364573,0.14857998374859074,0.9752331809013298
2010-11-01 19:23:00,0.08216416755443583,0.1602744019895539,0.9788931346392538
2010-11-01 19:24:00,0.08406928048065244,0.17161592288350394,0.9826238582408231
2010-11-01 19:25:00,0.0857368957641221,0.18251759504354909,0.9863891681607138
2010-11-01 19:26:00,0.08716851311788976,0.19288988701295987,0.9901534923425177
2010-11-01 19:27:00,0.08836511228686084,0.2026411381299419,0.9938824164011743
2010-11-01 19:28:00,0.08932696715710749,0.21167822936792066,0.997543179424478
2010-11-01 19:29:00,0.09005352661200686,0.2199074489623088,1.0011051108876479
2010-11-01 19:30:00,0.09054335854498222,0.22723552579948475,1.0045400031052962
2010-11-01 19:31:00,0.09079415229625452,0.23357080275198872,1.007822416244874
2010-11-01 19:32:00,0.0908027744793115,0.2388245218290993,1.0109299151110727
2010-11-01 19:33:00,0.09056537364949367,0.2429121928360081,1.0138432387145768
2010-11-01 19:34:00,0.09007753003073543,0.24575501705049663,1.0165464051114108
2010-11-01 19:35:00,0.08933444698076505,0.24728133729211685,1.0190267551704115
2010-11-01 19:36:00,0.08833118059909358,0.24742808576469932,1.0212749398279077
2010-11-01 19:37:00,0.0870629027483587,0.246142201178729,1.0232848560764132
2010-11-01 19:38:00,0.08552519118572603,0.24338198684371742,1.0250535374538359
2010-11-01 19:39:00,0.08371433920368214,0.23911838172197958,1.0265810051359794
2010-11-01 19:40:00,0.08162767656976218,0.2333361170291783,1.0278700858381504
2010-11-01 19:41:00,0.07926389353051737,0.22603473189850712,1.0289262026152262
2010-11-01 19:42:00,0.07662335990480713,0.21722942271584136,1.0297571444115141
2010-11-01 19:43:00,0.07370843160526215,0.20695170192866943,1.0303728199178415
2010-11-01 19:44:00,0.07052373715920016,0.19524984375201102,1.0307850009062367
2010-11-01 19:45:00,0.06707643686217804,0.18218909653597976,1.0310070597011205
2010-11-01 19:46:00,0.06337644702717654,0.16785164447603376,1.03105370489109
2010-11-01 19:47:00,0.0594366213930752,0.15233630457242905,1.0309407188933477
2010-11-01 19:48:00,0.05527288128752501,0.13575794839848482,1.0306847005520035
2010-11-01 19:49:00,0.050904285948410385,0.11824664265997213,1.030302815509245
2010-11-01 19:50:00,0.04635303485203968,0.09994650779808917,1.0298125566238576
2010-11-01 19:51:00,0.04164439510842742,0.08101429979189474,1.0292315163000372
2010-11-01 19:52:00,0.036806548877423205,0.06161772674498449,1.028577172293424
2010-11-01 19:53:00,0.0318703582207921,0.041933519004335014,1.0278666883614909
2010-11-01 19:54:00,0.026869047831381023,0.022145279741463506,1.027116730961574
2010-11-01 19:55:00,0.021837809756028125,0.0024411520842405267,1.0263433030534255
2010-11-01 19:56:00,0.01681333850212017,-0.01698865155051958,1.0255615959939148
2010-11-01 19:57:00,0.011833309274823215,-0.03595440335746347,1.024785860591944
2010-11-01 19:58:00,0.006935815575870437,-0.05426943595719867,1.0240292985657122
2010-11-01 19:59:00,0.002158784178143019,-0.07175267612399254,1.023303975700731
2010-11-01 20:00:00,-0.002460614560553834,-0.08823107519925923,1.0226207577595403
2010-11-01 20:01:00,-0.006886544462274848,-0.10354188280160205,1.0219892696230626
2010-11-01 20:02:00,-0.011085054838686005,-0.11753472140786918,1.0214178773101683
2010-11-01 20:03:00,-0.015024593041827187,-0.13007343151358042,1.020913691462798
2010-11-01 20:04:00,-0.018676468093098322,-0.1410376691183197,1.020482589676129
2010-11-01 20:05:00,-0.022015257179468617,-0.15032424812078238,1.020129253919101
2010-11-01 20:06:00,-0.025019148620977965,-0.15784822866526949,1.0198572185364976
2010-11-01 20:07:00,-0.027670216733609407,-0.16354375788403505,1.0196689241376493
2010-11-01 20:08:00,-0.029954625891327122,-0.16736467208472816,1.0195657730189298
2010-11-01 20:09:00,-0.0318627628804199,-0.1692848699492324,1.0195481824832218
2010-11-01 20:10:00,-0.03338929809599852,-0.16929846527480524,1.0196156333952535
2010-11-01 20:11:00,-0.034533177135729745,-0.16741972558573573,1.0197667124785224
2010-11-01 20:12:00,-0.03529754498902479,-0.16368280004578054,1.019999148136058
2010-11-01 20:13:00,-0.03568960551589734,-0.15814123696159343,1.020309840877811
2010-11-01 20:14:00,-0.035720419493254205,-0.15086728809748085,1.020694890696565
2010-11-01 20:15:00,-0.03540464539934313,-0.14195099443971965,1.0211496248629823
2010-11-01 20:16:00,-0.034760228430887864,-0.1314990468269959,1.021668630425207
2010-11-01 20:17:00,-0.033808044835138974,-0.11963341621080481,1.022245795937809
2010-11-01 20:18:00,-0.03257151004869535,-0.10648975307072003,1.0228743664019788
2010-11-01 20:19:00,-0.031076159952330956,-0.09221556352272303,1.0235470140741703
2010-11-01 20:20:00,-0.029349214636400608,-0.07696817977546332,1.0242559259770925
2010-11-01 20:21:00,-0.02741913358840739,-0.06091255330465164,1.0249929071112114
2010-11-01 20:22:00,-0.02531517050611295,-0.044218909359526125,1.0257494969337693
2010-11-01 20:23:00,-0.023066935281027004,-0.0270603106998176,1.0265170957607825
2010-11-01 20:24:00,-0.02070397012681137,-0.009610185958930347,1.0272870972675174
2010-11-01 20:25:00,-0.018255346240883596,0.007960118026137636,1.0280510231440736
2010-11-01 20:26:00,-0.015749286718985192,0.02548370160314868,1.028800656126858
2010-11-01 20:27:00,-0.013212820734336867,0.04280034255397758,1.0295281679120014
2010-11-01 20:28:00,-0.01067147335511466,0.059758546281854785,1.0302262387628378
2010-11-01 20:29:00,-0.008148994868184227,0.07621737974475024,1.0308881660072726
2010-11-01 20:30:00,-0.005667133041937323,0.09204806159436356,1.0315079591440877
2010-11-01 20:31:00,-0.003245451277883495,0.10713528907845278,1.0320804198872482
2010-11-01 20:32:00,-0.0009011949875652066,0.12137828961033537,1.0326012060719325
2010-11-01 20:33:00,0.001350792262196065,0.13469159157863017,1.0330668788557016
2010-11-01 20:34:00,0.0034981023075875742,0.14700551507536347,1.0334749330521042
2010-11-01 20:35:00,0.005530746329647035,0.15826638871566437,1.033823810750122
2010-11-01 20:36:00,0.0074410911278523706,0.16843650348043215,1.0341128986332357
2010-11-01 20:37:00,0.009223750859380096,0.17749381847995874,1.0343425096369456
2010-11-01 20:38:00,0.010875438447182173,0.1854314367453049,1.0345138497804698
2010-11-01 20:39:00,0.012394781866393223,0.19225687166414004,1.0346289711815624
2010-11-01 20:40:00,0.013782111482557223,0.19799112654953385,1.0346907124174844
2010-11-01 20:41:00,0.015039225454503678,0.2026676111387326,1.034702627531695
2010-11-01 20:42:00,0.01616914079086138,0.20633091966360823,1.0346689051015776
2010-11-01 20:43:00,0.017175837866938284,0.20903549564039842,1.0345942788692106
2010-11-01 20:44:00,0.018064006060268267,0.21084420882042695,1.0344839314859797
2010-11-01 20:45:00,0.018838797691469834,0.21182686989569657,1.0343433929348647
2010-11-01 20:46:00,0.01950559672067585,0.2120587085384439,1.0341784351925871
2010-11-01 20:47:00,0.020069807733119643,0.21161884009721513,1.0339949647082083
2010-11-01 20:48:00,0.020536669758928146,0.21058874574177244,1.0337989143262563
2010-11-01 20:49:00,0.02091109849490448,0.209050790101712,1.033596136371982
2010-11-01 20:50:00,0.02119755954334395,0.20708679959419712,1.0333922987304442
2010-11-01 20:51:00,0.02139997431598012,0.20477672379182305,1.033192785875999
2010-11-01 20:52:00,0.02152165924960297,0.20219740139751838,1.03300260694063
2010-11-01 20:53:00,0.021565297993683463,0.19942145168463196,1.0328263130536786
2010-11-01 20:54:00,0.021532945343834667,0.19651631163455544,1.0326679263489662
2010-11-01 20:55:00,0.021426060911612654,0.19354343831221277,1.0325308831913234
2010-11-01 20:56:00,0.021245569686391626,0.19055769431416358,1.0324179941404164
2010-11-01 20:57:00,0.02099194556557575,0.1876069293252271,1.032331422550604
2010-11-01 20:58:00,0.020665312671874624,0.18473176160344568,1.0322726822661166
2010-11-01 20:59:00,0.020265558282979428,0.18196555174350082,1.0322426530482394
2010-11-01 21:00:00,0.01979245093843615,0.179334551795702,1.0322416110173518
2010-11-01 21:01:00,0.019245757832476496,0.17685820804560123,1.0322692709181147
2010-11-01 21:02:00,0.018625356673877828,0.17454959432234887,1.0323248371558214
2010-11-01 21:03:00,0.017931338502549705,0.17241595261960763,1.0324070608922258
2010-11-01 21:04:00,0.017164099296075017,0.17045931817492938,1.0325143008361481
2010-11-01 21:05:00,0.016324419362830706,0.16867720682005463,1.0326445856824373
2010-11-01 21:06:00,0.015413530283102241,0.16706334338382509,1.0327956764415236
2010-11-01 21:07:00,0.014433169461665273,0.16560841117151395,1.0329651271641782
2010-11-01 21:08:00,0.013385622338123801,0.1643008039756073,1.0331503428131212
2010-11-01 21:09:00,0.012273752171438803,0.16312736356646537,1.033348633281492
2010-11-01 21:10:00,0.011101017202457488,0.16207408707156826,1.0335572628192398
2010-11-01 21:11:00,0.009871474963159673,0.16112679010092515,1.0337734943951729
2010-11-01 21:12:00,0.008589773585294082,0.16027171304480975,1.03399462877062
2010-11-01 21:13:00,0.007261130169659914,0.15949605977448741,1.0342180382687847
2010-11-01 21:14:00,0.005891296536446877,0.15878846001175395,1.0344411953898278
2010-11-01 21:15:00,0.00448651286206212,0.1581393488060992,1.0346616965578825
2010-11-01 21:16:00,0.003053449753355903,0.1575412587992895,1.034877281402195
2010-11-01 21:17:00,0.0015991392768113883,0.1569890232324978,1.035085848068855
2010-11-01 21:18:00,0.00013089544939000181,0.15647988979011485,1.0352854651212262
2010-11-01 21:19:00,-0.0013437752971635422,0.15601354696209652,1.035474380598962
2010-11-01 21:20:00,-0.0028172732493534037,0.15559206538339293,1.0356510287547096
2010-11-01 21:21:00,-0.004282013876474624,0.155219757039306,1.0358140348858313
2010-11-01 21:22:00,-0.005730545378716829,0.15490295622462955,1.0359622185599566
2010-11-01 21:23:00,-0.007155674697856373,0.154649728142275,1.0360945954256455
2010-11-01 21:24:00,-0.008550600560722928,0.15446951365873274,1.0362103777126228
2010-11-01 21:25:00,-0.009909050977448024,0.15437272126139506,1.0363089734762367
2010-11-01 21:26:00,-0.011225421257054518,0.15437027894181923,1.03638998466406
2010-11-01 21:27:00,-0.012494907252369744,0.1544731592197506,1.036453204195035
2010-11-01 21:28:00,-0.013713627542398877,0.1546918904020797,1.0364986123846747
2010-11-01 21:29:00,-0.014878727948944685,0.1550360675791304,1.0365263731048233
2010-11-01 21:30:00,-0.015988462394003627,0.15551387819557944,1.036536829944186
2010-11-01 21:31:00,-0.017042245570831515,0.15613165827424574,1.0365305023518103
2010-11-01 21:32:00,-0.018040674739615833,0.15689349506191105,1.0365080814237972
2010-11-01 21:33:00,-0.01898551951036558,0.15780088968685635,1.0364704247963883
2010-11-01 21:34:00,-0.019879679407053114,0.15885249035436738,1.0364185501124838
2010-11-01 21:35:00,-0.020727109488814986,0.1600439035826767,1.036353626650922
2010-11-01 21:36:00,-0.02153271468174218,0.16136758816426064,1.0362769647952608
2010-11-01 21:37:00,-0.02230221388069052,0.1628128340413884,1.0361900029999764
2010-11-01 21:38:00,-0.023041975257410415,0.164365826335056,1.036094291834363
2010-11-01 21:39:00,-0.023758824590726046,0.16600979314975847,1.035991474628137
2010-11-01 21:40:00,-0.024459828995301112,0.16772523423007468,1.035883264239609
2010-11-01 21:41:00,-0.02515205928567748,0.16949022622567245,1.0357714155137507
2010-11-01 21:42:00,-0.025842335264329497,0.17128079907585078,1.035657693122128
2010-11-01 21:43:00,-0.02653695918506804,0.17307137611708848,1.0355438347383754
2010-11-01 21:44:00,-0.027241443260032028,0.17483526776234212,1.0354315098972133
2010-11-01 21:45:00,-0.027960237281154987,0.1765452059259188,1.035322275301586
2010-11-01 21:46:00,-0.028696462342984078,0.17817390482046314,1.0352175276506925
2010-11-01 21:47:00,-0.02945165650828249,0.1796946335460836,1.0351184552082537
2010-11-01 21:48:00,-0.030225538242472164,0.18108178657517662,1.0350259893427043
2010-11-01 21:49:00,-0.03101579359358047,0.1823114393066998,1.0349407572051617
2010-11-01 21:50:00,-0.03181789327958568,0.183361877036765,1.0348630366141736
2010-11-01 21:51:00,-0.032624945908016824,0.18421408685892973,1.0347927141153754
2010-11-01 21:52:00,-0.03342759344190331,0.1848522031273382,1.0347292470897735
2010-11-01 21:53:00,-0.034213954770350594,0.18526389814606153,1.034671630702405
2010-11-01 21:54:00,-0.034969622864487494,0.18544071061947962,1.0346183704238594
2010-11-01 21:55:00,-0.03567772049470641,0.18537830508367928,1.0345674608252542
2010-11-01 21:56:00,-0.036319018809601734,0.18507665615046562,1.034516371325916
2010-11-01 21:57:00,-0.0368721221107066,0.18454015213092057,1.0344620395346849
2010-11-01 21:58:00,-0.03731372072103571,0.18377761356137487,1.0344008727622236
2010-11-01 21:59:00,-0.0376189118500922,0.1828022232700481,1.034328758208718
2010-11-01 22:00:00,-0.037761585975150315,0.1816313657761346,1.0342410822676502
2010-11-01 22:01:00,-0.03771487389768951,0.1802863748910385,1.0341327593433833
2010-11-01 22:02:00,-0.03745164767875961,0.1787921893137029,1.0339982705645456
2010-11-01 22:03:00,-0.03694506721100272,0.1771769167926895,1.0338317127844854
2010-11-01 22:04:00,-0.03616916307637065,0.1754713081925798,1.0336268582812058
2010-11-01 22:05:00,-0.035099445335946465,0.17370814369665669,1.0333772255878693
2010-11-01 22:06:00,-0.033713526883497096,0.17192153447053365,1.0330761618967375
2010-11-01 22:07:00,-0.03199174896925612,0.1701461443919647,1.0327169374897756
2010-11-01 22:08:00,-0.029917795519991634,0.16841633789630633,1.0322928526627568
2010-11-01 22:09:00,-0.02747928204532381,0.16676526168241035,1.031797357602492
2010-11-01 22:10:00,-0.024668304421540003,0.16522387031589433,1.0312241855609934
2010-11-01 22:11:00,-0.02148193293254463,0.16381990917431957,1.030567499317888
2010-11-01 22:12:00,-0.017922637752863152,0.16257687296395337,1.029822050273037
2010-11-01 22:13:00,-0.013998633474963109,0.1615129638909904,1.0289833486497715
2010-11-01 22:14:00,-0.009724132081257117,0.16064007983263207,1.0280478423869057
2010-11-01 22:15:00,-0.005119495745651154,0.15996286901138954,1.0270131014904678
2010-11-01 22:16:00,-0.0002112828869828679,0.15947789360875292,1.025878003938641
2010-11-01 22:17:00,0.004967817119591371,0.15917295041884877,1.0246429186509327
2010-11-01 22:18:00,0.01037916328557624,0.15902660116552297,1.0233098805281131
2010-11-01 22:19:00,0.01597845728825561,0.1590079661397784,1.0218827521980904
2010-11-01 22:20:00,0.021716151675122478,0.15907682959219424,1.0203673669547555
2010-11-01 22:21:00,0.02753796893322925,0.1591840929893219,1.0187716475006445
2010-11-01 22:22:00,0.03338552609659911,0.15927259470504998,1.0171056954759263
2010-11-01 22:23:00,0.03919705698531008,0.15927829474350327,1.0153818473049017
2010-11-01 22:24:00,0.04490822114129912,0.15913180236370209,1.0136146925426543
2010-11-01 22:25:00,0.050452985078919675,0.15876020385388376,1.0118210516103476
2010-11-01 22:26:00,0.05576455805595433,0.15808912882596948,1.0100199105366563
2010-11-01 22:27:00,0.060776362012903734,0.15704497920229632,1.0082323110188662
2010-11-01 22:28:00,0.06542301434221531,0.15555723806995328,1.0064811946986425
2010-11-01 22:29:00,0.06964130286464715,0.15356077570131688,1.004791200991136
2010-11-01 22:30:00,0.0733711343126677,0.15099807469741236,1.0031884182028241
2010-11-01 22:31:00,0.07655644001514937,0.1478213026455675,1.0017000881379996
2010-11-01 22:32:00,0.07914602478543674,0.14399416766683037,1.0003542649414772
2010-11-01 22:33:00,0.08109434700962159,0.13949349970292862,0.9991794294997488
2010-11-01 22:34:00,0.08236221960338189,0.13431050840547723,0.9982040613147009
2010-11-01 22:35:00,0.08291742291951688,0.1284516768590167,0.9974561704344256
2010-11-01 22:36:00,0.08273522196269595,0.12193925890002333,0.9969627928352384
2010-11-01 22:37:00,0.08179878156925442,0.11481135642456801,0.9967494536010637
2010-11-01 22:38:00,0.0800994747086624,0.10712156191505441,0.9968396032739716
2010-11-01 22:39:00,0.07763708084790678,0.09893816078769446,0.9972540337352247
2010-11-01 22:40:00,0.07441987330050777,0.09034289844839614,0.998010280824891
2010-11-01 22:41:00,0.07046459649606554,0.08142932820805868,0.9991220216238155
2010-11-01 22:42:00,0.06579633617957768,0.07230076815873922,1.0005984749669703
2010-11-01 22:43:00,0.06044828782419594,0.0630679075164661,1.002443814347237
2010-11-01 22:44:00,0.05446143085590839,0.05384611579043938,1.0046566028870163
2010-11-01 22:45:00,0.04788411812207271,0.04475252129998574,1.0072292605224775
2010-11-01 22:46:00,0.04077159102247497,0.035902938094109015,1.0101475738828558
2010-11-01 22:47:00,0.03318543098156384,0.02740872993581333,1.0133902592099548
2010-11-01 22:48:00,0.025192957756776976,0.019373703754212556,1.0169285877665366
2010-11-01 22:49:00,0.016866584476604957,0.011891121678974902,1.0207260818781931
2010-11-01 22:50:00,0.008283138103936426,0.005040912407014276,1.0247382888791217
2010-11-01 22:51:00,-0.000476847814943628,-0.0011128475761524544,1.0289126402637303
2010-11-01 22:52:00,-0.009329863451198106,-0.00652412251249903,1.0331884040262533
2010-11-01 22:53:00,-0.01819017341542115,-0.011166724698649225,1.0374967389618102
2010-11-01 22:54:00,-0.026970586540502044,-0.015035698368670245,1.041760860246079
2010-11-01 22:55:00,-0.03558324348353442,-0.018148245647912745,1.045896325763965
2010-11-01 22:56:00,-0.04394042009510589,-0.020544167556110198,1.0498114523909765
2010-11-01 22:57:00,-0.051955343473136975,-0.02228580136022938,1.0534078707770644
2010-11-01 22:58:00,-0.05954301690068839,-0.023457445485261883,1.0565812261530017
2010-11-01 22:59:00,-0.06662104944720694,-0.024164274541785796,1.0592220311213727
2010-11-01 23:00:00,-0.07311048556301472,-0.02453075949101826,1.0612166739411237
2010-11-01 23:01:00,-0.0789366291977537,-0.024698621538479213,1.0624485821534597
2010-11-01 23:02:00,-0.08402985557586218,-0.024824362922525545,1.062799536709957
2010-11-01 23:03:00,-0.08832640159801262,-0.025076432561649452,1.0621511267669175
2010-11-01 23:04:00,-0.09176912290687128,-0.025632098272904327,1.0603863307720771
2010-11-01 23:05:00,-0.09430820219073031,-0.026674108845782175,1.0573912057773978
2010-11-01 23:06:00,-0.09590178988376578,-0.028387237693471967,1.053056663979028
2010-11-01 23:07:00,-0.09651655619109148,-0.03095480361553863,1.0472803128673454
2010-11-01 23:08:00,-0.0961281337184912,-0.034555261466313006,1.039968332529729
2010-11-01 23:09:00,-0.09472143359950047,-0.03935894552760158,1.031037360310523
2010-11-01 23:10:00,-0.09229082427750734,-0.04552503273545578,1.0204163493240985
2010-11-01 23:11:00,-0.08884016974910007,-0.05319877435985756,1.008048363594079
2010-11-01 23:12:00,-0.08438273193317497,-0.06250902578164401,0.9938922692447504
2010-11-01 23:13:00,-0.07894094869540298,-0.07356608716758503,0.9779242786421197
2010-11-01 23:14:00,-0.07254610354764665,-0.08645985584354843,0.960139303188228
2010-11-01 23:15:00,-0.06523790433246099,-0.10125828546002613,0.9405520709714864
2010-11-01 23:16:00,-0.057063986751296945,-0.11800614668075836,0.9191979676017235
2010-11-01 23:17:00,-0.048079355729260656,-0.13672408690180807,0.8961335619228314
2010-11-01 23:18:00,-0.03834577452231807,-0.15740799064028957,0.8714367825956119
2010-11-01 23:19:00,-0.027931108722526517,-0.1800286465552965,0.8452067168174581
2010-11-01 23:20:00,-0.016908629964953757,-0.2045317305767683,0.8175630089691686
2010-11-01 23:21:00,-0.005356282091329635,-0.23083811649102617,0.7886448450410507
2010-11-01 23:22:00,0.006644089211236914,-0.25884452514419004,0.7586095184993622
2010-11-01 23:23:00,0.019007543487322302,-0.2884245212730762,0.7276305848925987
2010-11-01 23:24:00,0.03164688983377363,-0.31942986355588293,0.6958956257643616
2010-11-01 23:25:00,0.04447356820213779,-0.35169221002533735,0.6636036567865679
2010-11-01 23:26:00,0.057398565527211926,-0.3850251785379725,0.6309622299776019
2010-11-01 23:27:00,0.07033336177672796,-0.4192267600714035,0.598184295536551
2010-11-01 23:28:00,0.08319089755975338,-0.4540820781837184,0.5654849051298069
2010-11-01 23:29:00,0.09588655050984256,-0.48936647543603357,0.5330778530123883
2010-11-01 23:30:00,0.10833910210097293,-0.5248488821805745,0.5011723590470634
2010-11-01 23:31:00,0.1204716709973659,-0.5602953881047638,0.46996989437841324
2010-11-01 23:32:00,0.13221258596989416,-0.59547290605896,0.4396612371751251
2010-11-01 23:33:00,0.1434961725459822,-0.6301528049679928,0.41042382755750506
2010-11-01 23:34:00,0.15426343216644367,-0.6641143959440539,0.38241947232393275
2010-11-01 23:35:00,0.16446259858166823,-0.6971481744048224,0.3557924334183221
2010-11-01 23:36:00,0.17404956198040522,-0.7290587422513438,0.3306679194845051
2010-11-01 23:37:00,0.18298815640832602,-0.7596673541068839,0.3071509871670215
2010-11-01 23:38:00,0.1912503103780406,-0.7888140495062219,0.28532584791415055
2010-11-01 23:39:00,0.19881606424413076,-0.8163593487586872,0.2652555668211079
2010-11-01 23:40:00,0.20567346095881198,-0.8421855040563359,0.246982132422196
2010-11-01 23:41:00,0.21181831927890393,-0.8661973093408641,0.2305268701973655
2010-11-01 23:42:00,0.21725390040672476,-0.8883224825693771,0.21589116779404038
2010-11-01 23:43:00,0.22199048046094108,-0.908511642429375,0.20305747647106948
2010-11-01 23:44:00,0.22604484213356182,-0.9267379083542368,0.19199055093840106
2010-11-01 23:45:00,0.2294396994422999,-0.9429961579945603,0.18263888847962823
2010-11-01 23:46:00,0.2322030696798513,-0.9573019802241496,0.17493632788790153
2010-11-01 23:47:00,0.23436760653798502,-0.9696903644209854,0.16880376920263815
2010-11-01 23:48:00,0.2359699079873317,-0.9802141682837864,0.16415097639328066
2010-11-01 23:49:00,0.23704981186593002,-0.9889424069452468,0.16087842689155754
2010-11-01 23:50:00,0.2376496913131754,-0.9959584057450874,0.15887917412571895
2010-11-01 23:51:00,0.23781376121921535,-1.0013578578495825,0.1580406918641141
2010-11-01 23:52:00,0.23758740577633577,-1.0052468260660088,0.1582466721396476
2010-11-01 23:53:00,0.2370165360499577,-1.0077397258126874,0.15937875171305443
2010-11-01 23:54:00,0.23614698526466865,-1.0089573233750213,0.16131814535871974
2010-11-01 23:55:00,0.23502394825564468,-1.0090247804067933,0.16394716764621836
2010-11-01 23:56:00,0.23369147029264575,-1.0080697722194205,0.16715062827637667
2010-11-01 23:57:00,0.23219198926156198,-1.006220703827821,0.17081708935346
2010-11-01 23:58:00,0.23056593400425401,-1.0036050440697242,0.1748399761844469
2010-11-01 23:59:00,0.2288513804888978,-1.0003477944566732,0.1791185362501274
2010-11-02 00:00:00,0.22708376642762404,-0.9965701058122652,0.18355864385725004
2010-11-02 00:01:00,0.22529566398966688,-0.9923880522611268,0.1880734506299118
2010-11-02 00:02:00,0.22351660938428888,-0.9879115687984026,0.19258388441117166
2010-11-02 00:03:00,0.221772987310899,-0.9832435555346747,0.19701900130595598
2010-11-02 00:04:00,0.22008796759403756,-0.9784791488084029,0.20131619749134544
2010-11-02 00:05:00,0.21848149073877918,-0.9737051567132229,0.2054212890427081
2010-11-02 00:06:00,0.2169702986595964,-0.9689996542203236,0.20928846937132678
2010-11-02 00:07:00,0.2155680064548544,-0.9644317309997946,0.2128801549435479
2010-11-02 00:08:00,0.21428521081974966,-0.9600613832656372,0.21616673076006113
2010-11-02 00:09:00,0.21312963050924863,-0.9559395394870929,0.21912620762774468
2010-11-02 00:10:00,0.21210627417273117,-0.9521082086192709,0.22174380356988713
2010-11-02 00:11:00,0.21121763087418846,-0.9486007386006646,0.22401146181048107
2010-11-02 00:12:00,0.21046387867504118,-0.9454421722326083,0.2259273176539338
2010-11-02 00:13:00,0.20984310678057147,-0.9426496871806569,0.22749512628434115
2010-11-02 00:14:00,0.2093515469276212,-0.9402331067012667,0.22872366305154024
2010-11-02 00:15:00,0.20898380991494755,-0.9381954677779458,0.2296261072183268
2010-11-02 00:16:00,0.2087331234434631,-0.9365336336274694,0.23021941943774854
2010-11-02 00:17:00,0.20859156773586454,-0.9352389379871686,0.23052372243322633
2010-11-02 00:18:00,0.2085503057373583,-0.934297849197014,0.2305616934879757
2010-11-02 00:19:00,0.20859980505431291,-0.9336926428229393,0.2303579764330383
2010-11-02 00:20:00,0.20873004915847987,-0.9334020724077504,0.22993861987300226
2010-11-02 00:21:00,0.2089307357636152,-0.933402028860659,0.22933054742157397
2010-11-02 00:22:00,0.2091914606615856,-0.9336661799846727,0.2285610647506644
2010-11-02 00:23:00,0.20950188567903874,-0.9341665826721826,0.22765740730056827
2010-11-02 00:24:00,0.20985188977620348,-0.9348742613530694,0.22664633156799774
2010-11-02 00:25:00,0.2102317026496806,-0.9357597473378511,0.22555375199471153
2010-11-02 00:26:00,0.2106320205161153,-0.9367935747442881,0.2244044246322904
2010-11-02 00:27:00,0.2110441040406259,-0.9379467297149432,0.2232216779667388
2010-11-02 00:28:00,0.21145985863198669,-0.9391910506123027,0.22202719055698608
2010-11-02 00:29:00,0.21187189755608624,-0.9404995778053707,0.22084081447945259
2010-11-02 00:30:00,0.2122735885207545,-0.9418468525271765,0.21968044298062803
2010-11-02 00:31:00,0.21265908455935234,-0.9432091650788664,0.21856192022374077
2010-11-02 00:32:00,0.2130233401881973,-0.9445647533776693,0.21749899057553873
2010-11-02 00:33:00,0.21336211393464796,-0.9458939534894193,0.21650328451539377
2010-11-02 00:34:00,0.21367195842931916,-0.9471793043492112,0.21558433796094098
2010-11-02 00:35:00,0.2139501993284783,-0.948405609354874,0.21474964159098325
2010-11-02 00:36:00,0.21419490438238203,-0.9495599579170937,0.2140047166051558
2010-11-02 00:37:00,0.2144048439935002,-0.9506317103680963,0.21335321328751225
2010-11-02 00:38:00,0.2145794446167138,-0.9516124498695078,0.2127970287333422
2010-11-02 00:39:00,0.21471873634326472,-0.9524959051216488,0.21233644014957756
2010-11-02 00:40:00,0.21482329598321248,-0.953277847764136,0.21197025024243227
2010-11-02 00:41:00,0.2148941869190602,-0.9539559683755056,0.21169594135415518
2010-11-02 00:42:00,0.21493289694723816,-0.9545297349338202,0.21150983519657
2010-11-02 00:43:00,0.21494127525495527,-0.9550002374990114,0.21140725524529963
2010-11-02 00:44:00,0.21492146959828204,-0.9553700227300539,0.21138268909859947
2010-11-02 00:45:00,0.2148758646546001,-0.955642921664302,0.21142994836247614
2010-11-02 00:46:00,0.21480702242079194,-0.9558238739692082,0.21154232389363448
2010-11-02 00:47:00,0.21471762542007658,-0.9559187516334874,0.21171273450853662
2010-11-02 00:48:00,0.21461042336765968,-0.9559341848003254,0.21193386754559068
2010-11-02 00:49:00,0.2144881838309136,-0.9558773921645523,0.21219830994372044
2010-11-02 00:50:00,0.21435364730615233,-0.9557560180642765,0.2124986687702426
2010-11-02 00:51:00,0.21420948702340528,-0.9555779781006452,0.21282768039049188
2010-11-02 00:52:00,0.21405827368462,-0.9553513148224285,0.21317830771786453
2010-11-02 00:53:00,0.21390244524074342,-0.9550840647203419,0.2135438252132578
2010-11-02 00:54:00,0.21374428172025095,-0.9547841374938948,0.21391789151509485
2010-11-02 00:55:00,0.21358588503690146,-0.9544592082839132,0.21429460977348633
2010-11-02 00:56:00,0.21342916362857192,-0.9541166233083901,0.2146685759333112
2010-11-02 00:57:00,0.2132758217124885,-0.9537633190995869,0.21503491536049057
2010-11-02 00:58:00,0.21312735288529933,-0.9534057553182598,0.21538930833371922
2010-11-02 00:59:00,0.21298503774930588,-0.9530498609183967,0.2157280050313949
2010-11-02 01:00:00,0.2128499452086856,-0.9527009932545093,0.21604783073181721
2010-11-02 01:01:00,0.2127229370514667,-0.9523639095646007,0.21634618201530828
2010-11-02 01:02:00,0.2126046754140041,-0.9520427501263395,0.21662101481089713
2010-11-02 01:03:00,0.2124956327143498,-0.9517410322722143,0.21687082516862646
2010-11-02 01:04:00,0.21239610363879358,-0.9514616543611778,0.21709462366255428
2010-11-02 01:05:00,0.212306218771502,-0.9512069087381488,0.21729190434051482
2010-11-02 01:06:00,0.21222595946994674,-0.9509785026668077,0.2174626091358844
2010-11-02 01:07:00,0.21215517360776773,-0.9507775861936674,0.21760708864479894
2010-11-02 01:08:00,0.21209359183073945,-0.9506047858911862,0.21772606015006982
2010-11-02 01:09:00,0.2120408439995056,-0.9504602434338171,0.21782056374102243
2010-11-02 01:10:00,0.21199647552378859,-0.9503436579823082,0.21789191733742558
2010-11-02 01:11:00,0.21195996332602443,-0.9502543313867667,0.21794167137664744
2010-11-02 01:12:00,0.21193073120681835,-0.9501912152663954,0.2179715638673899
2010-11-02 01:13:00,0.21190816441923724,-0.9501529590819383,0.21798347645205796
2010-11-02 01:14:00,0.2118916232931837,-0.9501379583834778,0.21797939205423625
2010-11-02 01:15:00,0.2118804557848849,-0.9501444024883586,0.21796135461910304
2010-11-02 01:16:00,0.21187400885966057,-0.9501703209194997,0.21793143138410948
2010-11-02 01:17:00,0.21187163864771386,-0.9502136280125518,0.21789167804598597
2010-11-02 01:18:00,0.21187271934153054,-0.9502721651809615,0.21784410711908725
2010-11-02 01:19:00,0.21187665082875984,-0.9503437404098138,0.21779065971012423
2010-11-02 01:20:00,0.21188286507596318,-0.9504261646308669,0.21773318086622606
2010-11-02 01:21:00,0.21189083129661468,-0.9505172847114797,0.2176733985877179
2010-11-02 01:22:00,0.21190005995171893,-0.9506150128684346,0.21761290653464335
2010-11-02 01:23:00,0.2119101056438494,-0.950717352392416,0.21755315039760129
2010-11-02 01:24:00,0.2119205689756257,-0.9508224196378966,0.21749541784960522
2010-11-02 01:25:00,0.21193109745180433,-0.9509284622949079,0.2174408319469951
2010-11-02 01:26:00,0.21194138551031852,-0.951033874013254,0.21739034780434724
2010-11-02 01:27:00,0.21195117377189204,-0.9511372054961501,0.21734475233112127
2010-11-02 01:28:00,0.21196024760051557,-0.9512371722190652,0.21730466678646296
2010-11-02 01:29:00,0.2119684350683177,-0.9513326589616694,0.21727055188273206
2010-11-02 01:30:00,0.21197560441825528,-0.9514227213679102,0.2172427151473998
2010-11-02 01:31:00,0.21198166111659972,-0.951506584772496,0.21722132023692933
2010-11-02 01:32:00,0.2119865445844873,-0.9515836405512147,0.21720639788575466
2010-11-02 01:33:00,0.211990224694018,-0.9516534402666965,0.21719785816922715
2010-11-02 01:34:00,0.2119926981097291,-0.9517156878902215,0.21719550376147062
2010-11-02 01:35:00,0.2119939845508955,-0.9517702303847687,0.2171990438768076
2010-11-02 01:36:00,0.21199412304416526,-0.9518170469356431,0.21720810859593556
2010-11-02 01:37:00,0.21199316822968814,-0.9518562371129267,0.21722226329480723
2010-11-02 01:38:00,0.2119911867772948,-0.9518880082440049,0.21724102291504194
2010-11-02 01:39:00,0.21198825396256168,-0.9519126622635868,0.21726386583939475
2010-11-02 01:40:00,0.21198445044583505,-0.9519305822929579,0.21729024716347442
2010-11-02 01:41:00,0.21197985929055402,-0.9519422191810389,0.21731961118417326
2010-11-02 01:42:00,0.21197456325056344,-0.9519480782189373,0.21735140295494765
2010-11-02 01:43:00,0.2119686423496075,-0.9519487062181248,0.21738507878745583
2010-11-02 01:44:00,0.2119621717699059,-0.9519446791204886,0.21742011560766025
2010-11-02 01:45:00,0.2119552200606897,-0.9519365902861683,0.21745601910190548
2010-11-02 01:46:00,0.21194784767186012,-0.9519250395821514,0.21749233061431208
2010-11-02 01:47:00,0.21194010581257372,-0.9519106233714337,0.21752863278082832
2010-11-02 01:48:00,0.2119320356295966,-0.9518939254799966,0.21756455390728782
2010-11-02 01:49:00,0.21192366769573798,-0.9518755091973463,0.21759977111873346
2010-11-02 01:50:00,0.21191502179460092,-0.9518559103455105,0.21763401232503063
2010-11-02 01:51:00,0.2119061069842945,-0.9518356314307839,0.21766705706338657
2010-11-02 01:52:00,0.21189692191965576,-0.9518151368726401,0.21769873629180744
2010-11-02 01:53:00,0.21188745540993573,-0.9517948492862213,0.2177289312187825
2010-11-02 01:54:00,0.21187768718679967,-0.9517751467796215,0.2177575712636318
2010-11-02 01:55:00,0.21186758885585433,-0.9517563612150304,0.21778463124905817
2010-11-02 01:56:00,0.2118571250037271,-0.9517387773732228,0.21781012793257534
2010-11-02 01:57:00,0.2118462544319836,-0.9517226329530543,0.21783411598671834
2010-11-02 01:58:00,0.21183493148886734,-0.9517081193309139,0.2178566835393725
2010-11-02 01:59:00,0.21182310746994656,-0.9516953829993514,0.21787794738528798
2010-11-02 02:00:00,0.2118107320592248,-0.9516845275997091,0.21789804797799306
2010-11-02 02:01:00,0.2117977547830541,-0.9516756164612922,0.21791714430799144
2010-11-02 02:02:00,0.21178412645021857,-0.9516686755599227,0.21793540876844786
2010-11-02 02:03:00,0.2117698005528193,-0.951663696811036,0.21795302210365758
2010-11-02 02:04:00,0.2117547346041619,-0.9516606416152157,0.21797016852860907
2010-11-02 02:05:00,0.2117388913917982,-0.9516594445761054,0.2179870311000234
2010-11-02 02:06:00,0.2117222401262336,-0.9516600173121371,0.2180037874104924
2010-11-02 02:07:00,0.21170475746852996,-0.9516622522854482,0.21802060566780962
2010-11-02 02:08:00,0.21168642842291813,-0.9516660265748379,0.21803764121138097
2010-11-02 02:09:00,0.2116672470832635,-0.9516712055254123,0.21805503350686195
2010-11-02 02:10:00,0.21164721722459343,-0.9516776462157781,0.21807290364909263
2010-11-02 02:11:00,0.21162635273296163,-0.9516852006935966,0.2180913523921722
2010-11-02 02:12:00,0.21160467786883333,-0.9516937189410212,0.21811045871425888
2010-11-02 02:13:00,0.21158222736090562,-0.9517030515422846,0.21813027891349315
2010-11-02 02:14:00,0.21155904632877603,-0.9517130520361545,0.21815084622048442
2010-11-02 02:15:00,0.21153519003433932,-0.9517235789460345,0.21817217090250932
2010-11-02 02:16:00,0.21151072346365143,-0.9517344974897852,0.21819424082564512
2010-11-02 02:17:00,0.21148572074345834,-0.9517456809791032,0.21821702243406202
2010-11-02 02:18:00,0.21146026439939927,-0.9517570119238407,0.21824046210060374
2010-11-02 02:19:00,0.21143444446564053,-0.9517683828599282,0.21826448779905153
2010-11-02 02:20:00,0.211408357458265,-0.9517796969212432,0.218289011045568
2010-11-02 02:21:00,0.21138210522752682,-0.9517908681765803,0.2183139290547826
2010-11-02 02:22:00,0.21135579370764107,-0.9518018217529071,0.21833912705537883
2010-11-02 02:23:00,0.21132953158714868,-0.9518124937650451,0.21836448071137393
2010-11-02 02:24:00,0.21130342892714557,-0.9518228310700929,0.21838985859839682
2010-11-02 02:25:00,0.21127759575735724,-0.9518327908634032,0.2184151246884296
2010-11-02 02:26:00,0.21125214068027717,-0.9518423401327334,0.2184401408008681
2010-11-02 02:27:00,0.2112271695116476,-0.9518514549885223,0.21846476898183823
2010-11-02 02:28:00,0.21120278398250544,-0.9518601198905178,0.2184888737773982
2010-11-02 02:29:00,0.21117908052482162,-0.9518683267931889,0.21851232436990733
2010-11-02 02:30:00,0.21115614915982073,-0.9518760742335006,0.21853499655092135
2010-11-02 02:31:00,0.21113407250528352,-0.9518833663841088,0.21855677450865665
2010-11-02 02:32:00,0.21111292491529937,-0.9518902120928455,0.21857755241313537
2010-11-02 02:33:00,0.21109277176295466,-0.9518966239262368,0.21859723578719475
2010-11-02 02:34:00,0.211073668873313,-0.951902617231963,0.21861574265626577
2010-11-02 02:35:00,0.21105566211082563,-0.9519082092336438,0.21863300447398037
2010-11-02 02:36:00,0.21103878712213708,-0.9519134181712772,0.218648966824203
2010-11-02 02:37:00,0.21102306923226366,-0.9519182625016769,0.2186635899030602
2010-11-02 02:38:00,0.21100852348940324,-0.9519227601743185,0.21867684878712176
2010-11-02 02:39:00,0.21099515485123818,-0.9519269279976932,0.21868873349628276
2010-11-02 02:40:00,0.21098295850352206,-0.9519307811084686,0.21869924886226058
2010-11-02 02:41:00,0.21097192029994083,-0.9519343325506092,0.21870841421590137
2010-11-02 02:42:00,0.21096201731068967,-0.9519375929653433,0.2187162629084733
2010-11-02 02:43:00,0.21095321846593149,-0.9519405703869716,0.21872284168361586
2010-11-02 02:44:00,0.21094548527931878,-0.9519432701351098,0.21872820991754346
2010-11-02 02:45:00,0.2109387726360739,-0.9519456947915154,0.21873243874549486
2010-11-02 02:46:00,0.210933029629781,-0.9519478442490011,0.2187356100923533
2010-11-02 02:47:00,0.21092820043206628,-0.9519497158209198,0.21873781562491093
2010-11-02 02:48:00,0.21092422517968104,-0.9519513044022317,0.21873915564246077
2010-11-02 02:49:00,0.2109210408641012,-0.9519526026767496,0.21873973792132226
2010-11-02 02:50:00,0.21091858220965196,-0.9519536013683861,0.21873967652765594
2010-11-02 02:51:00,0.21091678252738583,-0.9519542895355823,0.21873909061164268
2010-11-02 02:52:00,0.21091557453344198,-0.9519546549071669,0.2187381031948937
2010-11-02 02:53:00,0.21091489112226067,-0.9519546842557279,0.21873683996182752
2010-11-02 02:54:00,0.21091466608669268,-0.9519543638025959,0.21873542806467683
2010-11-02 02:55:00,0.21091483477862902,-0.9519536796473306,0.21873399495076923
2010-11-02 02:56:00,0.21091533470524565,-0.9519526182138134,0.21873266721977302
2010-11-02 02:57:00,0.21091610605732164,-0.9519511667043633,0.218731569517733
2010-11-02 02:58:00,0.21091709216736845,-0.9519493135528492,0.2187308234739475
2010-11-02 02:59:00,0.2109182398965117,-0.9519470488675563,0.21873054668606529
2010-11-02 03:00:00,0.21091949995018455,-0.9519443648543247,0.21873085175821716
2010-11-02 03:01:00,0.21092082712370047,-0.9519412562103764,0.2187318453965467
2010-11-02 03:02:00,0.21092218047965577,-0.9519377204797154,0.2187336275661548
2010-11-02 03:03:00,0.210923523459856,-0.9519337583618127,0.21873629071319906
2010-11-02 03:04:00,0.2109248239350671,-0.9519293739659567,0.21873991905566925
2010-11-02 03:05:00,0.21092605419638366,-0.9519245750041281,0.21874458794616025
2010-11-02 03:06:00,0.2109271908924063,-0.9519193729162211,0.2187503633097588
2010-11-02 03:07:00,0.21092821491673833,-0.951913782923436,0.21875730115992095
2010-11-02 03:08:00,0.2109291112505356,-0.9519078240085389,0.21876544719493313
2010-11-02 03:09:00,0.21092986876496517,-0.9519015188245357,0.21877483647726373
2010-11-02 03:10:00,0.2109304799884546,-0.9518948935352305,0.21878549319793683
2010-11-02 03:11:00,0.210930940843572,-0.9518879775916589,0.21879743052814377
2010-11-02 03:12:00,0.21093125035828267,-0.951880803447587,0.21881065056065716
2010-11-02 03:13:00,0.2109314103561925,-0.9518734062160465,0.21882514434396652
2010-11-02 03:14:00,0.21093142513020655,-0.9518658232687316,0.21884089201200535
2010-11-02 03:15:00,0.21093130110380168,-0.9518580937819764,0.2188578630116648
2010-11-02 03:16:00,0.2109310464838461,-0.9518502582363867,0.21887601642908333
2010-11-02 03:17:00,0.21093067090860868,-0.9518423578804847,0.21889530141421407
2010-11-02 03:18:00,0.21093018509430655,-0.9518344341707656,0.2189156577016302
2010-11-02 03:19:00,0.21092960048325138,-0.9518265282011794,0.21893701622405629
2010-11-02 03:20:00,0.2109289288963736,-0.9518186801350416,0.2189592998136516
2010-11-02 03:21:00,0.21092818219263682,-0.9518109286527715,0.21898242398448425
2010-11-02 03:22:00,0.2109273719375985,-0.9518033104298804,0.21900629778796823
2010-11-02 03:23:00,0.21092650908314114,-0.9517958596603474,0.21903082473160787
2010-11-02 03:24:00,0.21092560366020038,-0.9517886076396666,0.21905590375044479
2010-11-02 03:25:00,0.21092466448616948,-0.9517815824191997,0.2190814302199452
2010-11-02 03:26:00,0.21092369888856075,-0.9517748085400756,0.21910729699820847
2010-11-02 03:27:00,0.21092271244644467,-0.9517683068519338,0.21913339548404828
2010-11-02 03:28:00,0.21092170875116198,-0.951762094419844,0.2191596166758786
2010-11-02 03:29:00,0.2109206891878085,-0.9517561845215985,0.21918585221475645
2010-11-02 03:30:00,0.21091965273902208,-0.9517505867367682,0.21921199539367914
2010-11-02 03:31:00,0.21091859581263722,-0.9517453071275861,0.21923794211473474
2010-11-02 03:32:00,0.21091751209480378,-0.9517403485094416,0.2192635917764603
2010-11-02 03:33:00,0.2109163924301975,-0.9517357108058533,0.21928884807594082
2010-11-02 03:34:00,0.210915224731015,-0.9517313914796319,0.21931361971356386
2010-11-02 03:35:00,0.21091399391658616,-0.9517273860283322,0.2193378209926406
2010-11-02 03:36:00,0.2109126818856527,-0.9517236885278814,0.21936137231103675
2010-11-02 03:37:00,0.21091126752358297,-0.9517202922041723,0.21938420054696986
2010-11-02 03:38:00,0.2109097267468893,-0.9517171900098786,0.21940623934533818
2010-11-02 03:39:00,0.2109080325872756,-0.9517143751838377,0.2194274293135859
2010-11-02 03:40:00,0.21090615531707302,-0.9517118417728442,0.21944771813712602
2010-11-02 03:41:00,0.21090406261747383,-0.9517095850991174,0.2194670606244463
2010-11-02 03:42:00,0.21090171979062836,-0.9517076021593124,0.21948541869203175
2010-11-02 03:43:00,0.21089909001644194,-0.9517058919418603,0.21950276129940874
2010-11-02 03:44:00,0.21089613465463955,-0.9517044556492161,0.21951906434464746
2010-11-02 03:45:00,0.2108928135921424,-0.9517032968118776,0.21953431053015554
2010-11-02 03:46:00,0.21088908563488828,-0.9517024212834353,0.21954848920736783
2010-11-02 03:47:00,0.2108849089419192,-0.9517018371109814,0.21956159620709428
2010-11-02 03:48:00,0.2108802414979947,-0.9517015542821106,0.21957363366021596
2010-11-02 03:49:00,0.21087504161936457,-0.9517015843569389,0.21958460981160116
2010-11-02 03:50:00,0.21086926848579113,-0.9517019399996806,0.21959453882875118
2010-11-02 03:51:00,0.21086288269052655,-0.9517026344286991,0.2196034406056368
2010-11-02 03:52:00,0.21085584679882996,-0.9517036808064864,0.21961134056127152
2010-11-02 03:53:00,0.21084812590488233,-0.9517050915918525,0.21961826943178256
2010-11-02 03:54:00,0.21083968817664478,-0.9517068778760666,0.2196242630541368
2010-11-02 03:55:00,0.2108305053781884,-0.9517090487231468,0.2196293621392472
2010-11-02 03:56:00,0.21082055335920388,-0.9517116105321097,0.21963361203191376
2010-11-02 03:57:00,0.21080981250178737,-0.951714566436128,0.21963706245494874
2010-11-02 03:58:00,0.21079826811521563,-0.9517179157511256,0.21963976723486134
2010-11-02 03:59:00,0.21078591077022218,-0.9517216534851943,0.2196417840065484
2010-11-02 04:00:00,0.21077273656524345,-0.9517257699200231,0.21964317389451646
2010-11-02 04:01:00,0.2107587473183125,-0.9517302502750145,0.21964400116828856
2010-11-02 04:02:00,0.21074395067980392,-0.9517350744628569,0.2196443328698646
2010-11-02 04:03:00,0.21072836016299365,-0.9517402169421186,0.21964423841138464
2010-11-02 04:04:00,0.21071199509130123,-0.9517456466687808,0.2196437891414441
2010-11-02 04:05:00,0.21069488046320559,-0.9517513271452752,0.2196430578788232
2010-11-02 04:06:00,0.2106770467382873,-0.9517572165628418,0.21964211841276693
2010-11-02 04:07:00,0.21065852955053047,-0.9517632680312079,0.21964104496941786
2010-11-02 04:08:00,0.21063936935751543,-0.9517694298892545,0.2196399116445356
2010-11-02 04:09:00,0.2106196110359713,-0.9517756460919085,0.21963879180315843
2010-11-02 04:10:00,0.21059930343506156,-0.9517818566718831,0.21963775744732714
2010-11-02 04:11:00,0.21057849889883706,-0.9517879982793925,0.21963687855342653
2010-11-02 04:12:00,0.21055725276893192,-0.9517940048072996,0.21963622238120983
2010-11-02 04:13:00,0.21053562287838798,-0.9517998081116985,0.21963585275723463
2010-11-02 04:14:00,0.21051366904790736,-0.9518053388373872,0.21963582933624148
2010-11-02 04:15:00,0.2104914525966728,-0.9518105273537771,0.2196362068448822
2010-11-02 04:16:00,0.21046903588030866,-0.951815304800557,0.2196370343131422
2010-11-02 04:17:00,0.21044648186771114,-0.9518196042358916,0.21963835429984727
2010-11-02 04:18:00,0.21042385376609335,-0.9518233618749878,0.2196402021198271
2010-11-02 04:19:00,0.21040121470011972,-0.9518265184037759,0.21964260508161976
2010-11-02 04:20:00,0.2103786274472945,-0.9518290203498112,0.21964558174600496
2010-11-02 04:21:00,0.2103561542285872,-0.9518308214887969,0.21964914121709175
2010-11-02 04:22:00,0.21033385655084558,-0.9518318842602695,0.2196532824790877
2010-11-02 04:23:00,0.210311795095635,-0.9518321811610434,0.21965799379317705
2010-11-02 04:24:00,0.2102900296476227,-0.9518316960809173,0.2196632521700788
2010-11-02 04:25:00,0.21026861905455702,-0.9518304255424453,0.21966902293479437
2010-11-02 04:26:00,0.2102476212101428,-0.951828379805635,0.2196752594007453
2010-11-02 04:27:00,0.2102270930503518,-0.951825583799292,0.2196819026708956
2010-11-02 04:28:00,0.21020709055292366,-0.9518220778429816,0.2196888815835159
2010-11-02 04:29:00,0.2101876687293927,-0.9518179181267524,0.2196961128199549
2010-11-02 04:30:00,0.2101688815992478,-0.9518131769198098,0.2197035011911147
2010-11-02 04:31:00,0.21015078213677002,-0.9518079424843537,0.21971094011825973
2010-11-02 04:32:00,0.21013342218251632,-0.9518023186766452,0.21971831232229921
2010-11-02 04:33:00,0.210116852313116,-0.951796424223234,0.21972549073375688
2010-11-02 04:34:00,0.21010112166475992,-0.9517903916653513,0.21973233963327155
2010-11-02 04:35:00,0.21008627770726607,-0.951784365968765,0.2197387160296563
2010-11-02 04:36:00,0.21007236596685516,-0.9517785028007251,0.21974447127928207
2010-11-02 04:37:00,0.2100594296967997,-0.9517729664809794,0.2197494529468509
2010-11-02 04:38:00,0.21004750949583778,-0.9517679276206686,0.21975350690350265
2010-11-02 04:39:00,0.21003664287457502,-0.951763560470869,0.2197564796536892
2010-11-02 04:40:00,0.21002686377013471,-0.9517600400104956,0.21975822087740635
2010-11-02 04:41:00,0.21001820200935498,-0.9517575388100457,0.2197585861692599
2010-11-02 04:42:00,0.21001068272115633,-0.951756223712912,0.2197574399505132
2010-11-02 04:43:00,0.21000432569948854,-0.9517562523802137,0.21975465852478068
2010-11-02 04:44:00,0.2099991447195649,-0.9517577697486923,0.2197501332424599
2010-11-02 04:45:00,0.20999514681191606,-0.95176090445408,0.21974377373344467
2010-11-02 04:46:00,0.20999233150114394,-0.9517657652741981,0.2197355111623223
2010-11-02 04:47:00,0.20999069001912463,-0.9517724376470234,0.21972530145538843
2010-11-02 04:48:00,0.2099902045055941,-0.9517809803195115,0.21971312844457141
2010-11-02 04:49:00,0.20999084721208688,-0.951791422183731,0.21969900686964988
2010-11-02 04:50:00,0.20999257972767715,-0.9518037593582244,0.21968298517678503
2010-11-02 04:51:00,0.20999535224694368,-0.9518179525741611,0.21966514804837775
2010-11-02 04:52:00,0.20999910290235516,-0.9518339249268618,0.21964561859682208
2010-11-02 04:53:00,0.21000375718493372,-0.9518515600529908,0.219624560153112
2010-11-02 04:54:00,0.21000922747838072,-0.9518707007920254,0.21960217758065412
2010-11-02 04:55:00,0.21001541273261304,-0.9518911483875367,0.21957871804518725
2010-11-02 04:56:00,0.2100221983027941,-0.9519126622793744,0.21955447117351093
2010-11-02 04:57:00,0.21002945597946437,-0.951934960531901,0.21952976853684927
2010-11-02 04:58:00,0.2100370442343107,-0.9519577209357794,0.2195049823991807
2010-11-02 04:59:00,0.21004480870448294,-0.951980582811967,0.2194805236768136
2010-11-02 05:00:00,0.21005258293619555,-0.9520031495378785,0.21945683906294514
2010-11-02 05:01:00,0.21006018940563245,-0.9520249918085057,0.21943440727994598
2010-11-02 05:02:00,0.21006744083186196,-0.9520456516399494,0.21941373443267131
2010-11-02 05:03:00,0.21007414179249714,-0.9520646471187315,0.2193953484481585
2010-11-02 05:04:00,0.2100800906481949,-0.9520814778965154,0.21937979260054805
2010-11-02 05:05:00,0.21008508177684607,-0.952095631425589,0.21936761813489145
2010-11-02 05:06:00,0.21008890811259553,-0.9521065899248974,0.2193593760196349
2010-11-02 05:07:00,0.21009136397878225,-0.9521138380584621,0.21935560787493072
2010-11-02 05:08:00,0.21009224819762176,-0.9521168712965226,0.21935683614239013
2010-11-02 05:09:00,0.21009136745303814,-0.9521152049144542,0.2193635535812158
2010-11-02 05:10:00,0.2100885398764378,-0.9521083835666133,0.21937621219552972
2010-11-02 05:11:00,0.21008359881832595,-0.9520959913534606,0.21939521171782664
2010-11-02 05:12:00,0.2100763967615366,-0.9520776622817313,0.21942088779351449
2010-11-02 05:13:00,0.2100668093246631,-0.9520530909992542,0.21945350003109765
2010-11-02 05:14:00,0.21005473929723856,-0.952022043668024,0.21949322010133615
2010-11-02 05:15:00,0.21004012064149122,-0.9519843688210873,0.21954012008630558
2010-11-02 05:16:00,0.21002292238921483,-0.9519400080305842,0.21959416129532502
2010-11-02 05:17:00,0.21000315235658498,-0.9518890061961043,0.21965518377882987
2010-11-02 05:18:00,0.2099808605947601,-0.9518315212451915,0.21972289678304557
2010-11-02 05:19:00,0.2099561424899953,-0.9517678330225918,0.219796870397354
2010-11-02 05:20:00,0.20992914142394442,-0.9516983511325373,0.21987652865210372
2010-11-02 05:21:00,0.20990005090299918,-0.9516236214893098,0.21996114432686104
2010-11-02 05:22:00,0.2098691160650829,-0.9515443313256693,0.22004983572729445
2010-11-02 05:23:00,0.20983663447342338,-0.9514613124069095,0.22014156568259122
2010-11-02 05:24:00,0.20980295610960792,-0.951375542201012,0.22023514300404518
2010-11-02 05:25:00,0.20976848248278343,-0.9512881427634232,0.22032922662881216
2010-11-02 05:26:00,0.20973366477829652,-0.9512003771090227,0.22042233265055597
2010-11-02 05:27:00,0.20969900097743824,-0.9511136428642105,0.2205128444107754
2010-11-02 05:28:00,0.20966503189028368,-0.9510294630185694,0.22059902579112767
2010-11-02 05:29:00,0.2096323360558958,-0.9509494736278481,0.22067903780818765
2010-11-02 05:30:00,0.20960152347842526,-0.9508754083579583,0.2207509585678865
2010-11-02 05:31:00,0.20957322818394578,-0.950809079803342,0.22081280658742694
2010-11-02 05:32:00,0.20954809960127527,-0.9507523575621514,0.22086256743795962
2010-11-02 05:33:00,0.2095267927905355,-0.9507071431044422,0.2208982236020658
2010-11-02 05:34:00,0.2095099575656798,-0.9506753415274392,0.2209177873766296
2010-11-02 05:35:00,0.2094982265814767,-0.9506588303536353,0.22091933658469623
2010-11-02 05:36:00,0.20949220248123185,-0.950659425592761,0.22090105279022368
2010-11-02 05:37:00,0.20949244422858204,-0.9506788453569506,0.2208612616380444
2010-11-02 05:38:00,0.20949945277467294,-0.9507186713890353,0.2207984748686319
2010-11-02 05:39:00,0.20951365624056328,-0.9507803089359932,0.2207114334843933
2010-11-02 05:40:00,0.20953539482338668,-0.950864945472082,0.22059915147247874
2010-11-02 05:41:00,0.20956490566325106,-0.9509735088477157,0.2204609594199767
2010-11-02 05:42:00,0.20960230793563805,-0.951106625509125,0.22029654729228776
2010-11-02 05:43:00,0.20964758846066348,-0.9512645794984683,0.22010600558587565
2010-11-02 05:44:00,0.20970058814518508,-0.9514472730024852,0.2198898640139615
2010-11-02 05:45:00,0.2097609895949534,-0.9516541892684494,0.21964912683959723
2010-11-02 05:46:00,0.20982830624955334,-0.9518843587480338,0.21938530393640443
2010-11-02 05:47:00,0.20990187340053593,-0.9521363293618936,0.21910043663448375
2010-11-02 05:48:00,0.2099808414518279,-0.9524081417990762,0.2187971173990049
2010-11-02 05:49:00,0.21006417177158457,-0.9526973107741583,0.21847850239338443
2010-11-02 05:50:00,0.21015063546717702,-0.9530008131595982,0.21814831599947382
2010-11-02 05:51:00,0.21023881539112396,-0.9533150838893801,0.2178108464054126
2010-11-02 05:52:00,0.21032711165627271,-0.9536360204907905,0.21747093142901108
2010-11-02 05:53:00,0.2104137509033866,-0.9539589970430149,0.21713393382159515
2010-11-02 05:54:00,0.21049679952286748,-0.9542788882841576,0.2168057053947656
2010-11-02 05:55:00,0.2105741809842676,-0.9545901044921384,0.21649253943090288
2010-11-02 05:56:00,0.21064369737289523,-0.9548866376485968,0.2162011109777116
2010-11-02 05:57:00,0.21070305517283305,-0.9551621192573134,0.21593840478758025
2010-11-02 05:58:00,0.2107498952705203,-0.9554098900299408,0.21571163084353256
2010-11-02 05:59:00,0.21078182708292684,-0.9556230814736587,0.21552812761405313
2010-11-02 06:00:00,0.21079646663927842,-0.9557947092198739,0.21539525339754453
2010-11-02 06:01:00,0.21079147836524476,-0.9559177777222039,0.21532026635165222
2010-11-02 06:02:00,0.2107646202339008,-0.9559853957272377,0.21531019405086282
2010-11-02 06:03:00,0.21071379185964806,-0.9559909016843162,0.21537169367499875
2010-11-02 06:04:00,0.21063708502096412,-0.9559279980125872,0.21551090419840577
2010-11-02 06:05:00,0.21053283600676442,-0.9557908928876244,0.21573329222117946
2010-11-02 06:06:00,0.21039967909073007,-0.9555744479500402,0.21604349335568665
2010-11-02 06:07:00,0.2102366003495627,-0.9552743300793932,0.2164451513495237
2010-11-02 06:08:00,0.21004299095646714,-0.9548871651224167,0.21694075738518337
2010-11-02 06:09:00,0.2098186990025827,-0.9544106912189912,0.21753149224197957
2010-11-02 06:10:00,0.20956407882919967,-0.9538439091367661,0.21821707423182574
2010-11-02 06:11:00,0.20928003679461957,-0.9531872268110243,0.2189956160218258
2010-11-02 06:12:00,0.20896807235305953,-0.9524425950957883,0.21986349362769692
2010-11-02 06:13:00,0.20863031329019538,-0.9516136315711374,0.2208152309966524
2010-11-02 06:14:00,0.20826954394184194,-0.9507057291265358,0.22184340368992966
2010-11-02 06:15:00,0.20788922522052694,-0.9497261459568695,0.22293856521748714
2010-11-02 06:16:00,0.20749350529178598,-0.9486840735724449,0.22408919956537646
2010-11-02 06:17:00,0.20708721978034952,-0.9475906794412015,0.22528170338532771
2010-11-02 06:18:00,0.20667588044745444,-0.946459120954957,0.22650040118150291
2010-11-02 06:19:00,0.2062656513646063,-0.9453045275458022,0.22772759662667114
2010-11-02 06:20:00,0.20586331171617286,-0.9441439479784904,0.22894366286561052
2010-11-02 06:21:00,0.20547620449343162,-0.9429962601140285,0.23012717431498833
2010-11-02 06:22:00,0.20511217049674083,-0.9418820407806806,0.23125508204517423
2010-11-02 06:23:00,0.2047794672409025,-0.9408233938010778,0.23230293433026333
2010-11-02 06:24:00,0.20448667256145522,-0.9398437347070109,0.23324514337877653
2010-11-02 06:25:00,0.20424257294557946,-0.9389675312256457,0.2340552986109447
2010-11-02 06:26:00,0.20405603685892418,-0.9382199992409929,0.2347065261325654
2010-11-02 06:27:00,0.20393587360711057,-0.9376267546203336,0.23517189327521304
2010-11-02 06:28:00,0.20389067855572635,-0.9372134220429214,0.23542485623480694
2010-11-02 06:29:00,0.20392866583233038,-0.9370052027710338,0.2354397479536055
2010-11-02 06:30:00,0.20405748994449446,-0.9370264041525118,0.23519230246470904
2010-11-02 06:31:00,0.204284058064717,-0.9372999345291705,0.23466021096482692
2010-11-02 06:32:00,0.2046143350513468,-0.9378467681357198,0.2338237039136602
2010-11-02 06:33:00,0.2050531435894367,-0.9386853854964561,0.2326661524916551
2010-11-02 06:34:00,0.2056039621413956,-0.9398311957477316,0.23117468179859063
2010-11-02 06:35:00,0.20626872368871438,-0.9412959482171852,0.22934078726145363
2010-11-02 06:36:00,0.20704761851671574,-0.9430871414584264,0.22716094486050528
2010-11-02 06:37:00,0.20793890453749272,-0.9452074387534044,0.22463720499741371
2010-11-02 06:38:00,0.2089387288548683,-0.9476540998342352,0.22177775913954798
2010-11-02 06:39:00,0.2100409644421432,-0.9504184392214813,0.2185974678011754
2010-11-02 06:40:00,0.21123706592141805,-0.9534853221063123,0.21511833798663413
2010-11-02 06:41:00,0.2125159484952823,-0.956832709099285,0.21136993794355247
2010-11-02 06:42:00,0.21386389408082382,-0.9604312614090074,0.20738973697621757
2010-11-02 06:43:00,0.21526448862585126,-0.9642440180811461,0.20322335816959328
2010-11-02 06:44:00,0.21669859444216802,-0.9682261568044613,0.1989247321912729
2010-11-02 06:45:00,0.2181443611657158,-0.9723248494589585,0.19455614088832646
2010-11-02 06:46:00,0.21957727864434395,-0.9764792230264252,0.19018814019296407
2010-11-02 06:47:00,0.22097027465779284,-0.980620435692905,0.18589935290662393
2010-11-02 06:48:00,0.22229385988934286,-0.9846718769365529,0.18177612325425463
2010-11-02 06:49:00,0.22351632199396707,-0.9885494991062642,0.17791202669283035
2010-11-02 06:50:00,0.224603969944717,-0.9921622864533719,0.17440723031961483
2010-11-02 06:51:00,0.22552142909007503,-0.9954128657818907,0.17136770135071702
2010-11-02 06:52:00,0.22623198652454324,-0.9981982608382092,0.16890426351863788
2010-11-02 06:53:00,0.22669798546918218,-1.0004107902793073,0.16713150385326137
2010-11-02 06:54:00,0.22688126638666278,-1.001939106555548,0.16616653514228596
2010-11-02 06:55:00,0.2267436515274412,-1.0026693703428564,0.1661276223852304
2010-11-02 06:56:00,0.2262474685330131,-1.0024865522897772,0.1671326847232779
2010-11-02 06:57:00,0.2253561076242217,-1.0012758508438337,0.16929768760167285
2010-11-02 06:58:00,0.22403460579490686,-0.9989242118317266,0.1727349432511378
2010-11-02 06:59:00,0.2222502503337058,-0.9953219323397123,0.1775513409011056
2010-11-02 07:00:00,0.21997319293181133,-0.9903643283318809,0.1838465313942232
2010-11-02 07:01:00,0.2171770646265767,-0.9839534424195725,0.191711093985336
2010-11-02 07:02:00,0.21383958090685815,-0.9759997653258939,0.20122471599913086
2010-11-02 07:03:00,0.20994312549469948,-0.9664239419530769,0.21245441860264477
2010-11-02 07:04:00,0.20547530064992492,-0.9551584306419157,0.22545286412990195
2010-11-02 07:05:00,0.20042943135165828,-0.9421490823027544,0.24025678207849135
2010-11-02 07:06:00,0.19480501042752463,-0.9273566046930837,0.25688555197935947
2010-11-02 07:07:00,0.18860807166213575,-0.9107578763191093,0.27533998171443347
2010-11-02 07:08:00,0.18185147815671654,-0.8923470743530383,0.29560131941140333
2010-11-02 07:09:00,0.17455511376705055,-0.872136581693094,0.31763053566839394
2010-11-02 07:10:00,0.166745966353298,-0.8501576399605315,0.3413679104397245
2010-11-02 07:11:00,0.15845809286839893,-0.826460717939681,0.36673295533384564
2010-11-02 07:12:00,0.14973245802633445,-0.8011155688363452,0.39362469722330734
2010-11-02 07:13:00,0.14061664046080788,-0.7742109548686872,0.42192234283438373
2010-11-02 07:14:00,0.13116440294112522,-0.7458540242221066,0.4514863362652397
2010-11-02 07:15:00,0.1214351263857796,-0.7161693334009624,0.48215981207596625
2010-11-02 07:16:00,0.11149311113338191,-0.6852975175973791,0.5137704356070474
2010-11-02 07:17:00,0.10140675321953087,-0.6533936229683317,0.5461326094275095
2010-11-02 07:18:00,0.09124760828738702,-0.6206251277577541,0.5790500102112962
2010-11-02 07:19:00,0.08108936121202853,-0.587169693983124,0.6123184039244327
2010-11-02 07:20:00,0.07100672529800406,-0.5532127071115418,0.6457286697188919
2010-11-02 07:21:00,0.061074300175203905,-0.5189446751001965,0.6790699469438356
2010-11-02 07:22:00,0.05136542081225247,-0.48455856606119935,0.7121328096741321
2010-11-02 07:23:00,0.041951030198213814,-0.4502471625611888,0.7447123728980417
2010-11-02 07:24:00,0.0328986053854766,-0.4162005012146413,0.7766112438713575
2010-11-02 07:25:00,0.024271162136828294,-0.38260345309465016,0.8076422471953391
2010-11-02 07:26:00,0.01612635871546299,-0.34963348772691216,0.8376308683813233
2010-11-02 07:27:00,0.0085157148828964,-0.317458652841129,0.8664173754672054
2010-11-02 07:28:00,0.0014839579131607251,-0.286235793321514,0.89385859116745
2010-11-02 07:29:00,-0.004931496577382186,-0.25610902496757726,0.919829299478867
2010-11-02 07:30:00,-0.010700924841686705,-0.22720847126292162,0.944223280966104
2010-11-02 07:31:00,-0.015802535380763365,-0.1996492644354135,0.9669539801844125
2010-11-02 07:32:00,-0.020222571503306624,-0.1735308058878529,0.9879548168556169
2010-11-02 07:33:00,-0.023955280578876446,-0.14893627573940335,1.0071791594621042
2010-11-02 07:34:00,-0.027002756617840004,-0.12593237689770867,1.0245999857807624
2010-11-02 07:35:00,-0.029374664605682492,-0.10456929600164429,1.0402092594766066
2010-11-02 07:36:00,-0.031087856535243735,-0.08488086210521653,1.0540170551844188
2010-11-02 07:37:00,-0.03216589035665152,-0.06688488454398749,1.0660504665000763
2010-11-02 07:38:00,-0.03263846418371141,-0.05058365399930312,1.0763523320248767
2010-11-02 07:39:00,-0.0325407791728208,-0.03596459417819223,1.0849798143123033
2010-11-02 07:40:00,-0.03191284558322191,-0.023001053816086952,1.0920028656728946
2010-11-02 07:41:00,-0.03079874754957078,-0.011653228862802796,1.0975026135794803
2010-11-02 07:42:00,-0.029245882804069843,-0.001869203532650224,1.101569696893226
2010-11-02 07:43:00,-0.027304193674568426,0.006413902257181401,1.1043025822444126
2010-11-02 07:44:00,-0.02502540498323995,0.013268692306654273,1.1058058877020096
2010-11-02 07:45:00,-0.02246228302580283,0.01877617452577427,1.1061887384491944
2010-11-02 07:46:00,-0.019667927831474096,0.023024377723533024,1.1055631765994147
2010-11-02 07:47:00,-0.016695108647950364,0.026106921815970557,1.1040426445680018
2010-11-02 07:48:00,-0.013595650303069319,0.02812155999245293,1.101740558604216
2010-11-02 07:49:00,-0.01041987594547859,0.029168712544435163,1.0987689862482621
2010-11-02 07:50:00,-0.00721610977204271,0.029350012878787968,1.0952374386646575
2010-11-02 07:51:00,-0.004030241755720473,0.02876688684752055,1.0912517860673614
2010-11-02 07:52:00,-0.0009053550522924517,0.027519186892448786,1.0869133018393764
2010-11-02 07:53:00,0.002118584448934938,0.02570390243819344,1.0823178385057157
2010-11-02 07:54:00,0.005004978203329608,0.023413967519768483,1.077555136487351
2010-11-02 07:55:00,0.007720787768293503,0.02073718614317355,1.072708264580294
2010-11-02 07:56:00,0.010236674421808633,0.017755295489697644,1.0678531893812306
2010-11-02 07:57:00,0.01252709050596052,0.014543186351312272,1.0630584693770373
2010-11-02 07:58:00,0.014570327321319044,0.011168298238626756,1.0583850680072142
2010-11-02 07:59:00,0.016348523584151113,0.007690202636940684,1.0538862785657086
2010-11-02 08:00:00,0.017847637202072518,0.004160381900621552,1.0496077523641567
2010-11-02 08:01:00,0.01905738206052618,0.0006222042317375356,1.0455876203680614
2010-11-02 08:02:00,0.019971131124153683,-0.002888911793656838,1.0418566977707169
2010-11-02 08:03:00,0.020585787462719198,-0.006345156124859972,1.0384387607189267
2010-11-02 08:04:00,0.020901625549642863,-0.009725828407285347,1.0353508845496537
2010-11-02 08:05:00,0.020922106082161388,-0.013016705512778007,1.0326038333548127
2010-11-02 08:06:00,0.020653668383741577,-0.016209304052207794,1.0302024914019559
2010-11-02 08:07:00,0.020105504919671106,-0.019300070470764118,1.0281463278061926
2010-11-02 08:08:00,0.019289322446056703,-0.022289534899594326,1.026429886780428
2010-11-02 08:09:00,0.01821909389140625,-0.025181467676938615,1.0250432967400436
2010-11-02 08:10:00,0.01691080443033166,-0.027982078064364823,1.0239727923991377
2010-11-02 08:11:00,0.015382194464985025,-0.030699291484229157,1.0232012444978935
2010-11-02 08:12:00,0.013652501311874194,-0.03334213348500242,1.0227086916410655
2010-11-02 08:13:00,0.011742200177384327,-0.0359202361404779,1.0224728678749426
2010-11-02 08:14:00,0.009672743664276704,-0.03844346868358857,1.0224697185267373
2010-11-02 08:15:00,0.00746629815217044,-0.040921683257988714,1.0226738962113577
2010-11-02 08:16:00,0.005145475412634502,-0.04336456127405736,1.0230592292766754
2010-11-02 08:17:00,0.0027330586373266246,-0.045781544740041216,1.0235991562529623
2010-11-02 08:18:00,0.00025172317425051915,-0.04818183720145083,1.0242671216995207
2010-11-02 08:19:00,-0.002276246662299276,-0.05057445896482296,1.0250369308241623
2010-11-02 08:20:00,-0.004829242276622828,-0.052968340937734074,1.0258830621458055
2010-11-02 08:21:00,-0.007386613132642323,-0.05537244037140403,1.0267809391503881
2010-11-02 08:22:00,-0.009928940868470711,-0.05779585938569665,1.0277071633001122
2010-11-02 08:23:00,-0.012438296980418368,-0.06024794391418589,1.0286397118246595
2010-11-02 08:24:00,-0.014898474391923452,-0.06273833881901801,1.0295581043807318
2010-11-02 08:25:00,-0.017295183538295067,-0.06527697616728163,1.0304435429912497
2010-11-02 08:26:00,-0.019616205597777256,-0.06787397777538565,1.031279029796787
2010-11-02 08:27:00,-0.021851498266051518,-0.07053945924985726,1.0320494668521143
2010-11-02 08:28:00,-0.02399325212384841,-0.07328323096123321,1.032741740963925
2010-11-02 08:29:00,-0.026035897732321855,-0.07611440145600243,1.0333447943678995
2010-11-02 08:30:00,-0.02797606502234416,-0.07904089886037778,1.033849679762581
2010-11-02 08:31:00,-0.029812497472118504,-0.08206893377670899,1.0342495968308052
2010-11-02 08:32:00,-0.03154592425885627,-0.08520243256438396,1.0345399070445809
2010-11-02 08:33:00,-0.03317889425351977,-0.08844247325895338,1.0347181238156111
2010-11-02 08:34:00,-0.03471557643360244,-0.09178675777851843,1.0347838755943672
2010-11-02 08:35:00,-0.03616153185071576,-0.09522915322865987,1.0347388403076279
2010-11-02 08:36:00,-0.03752346257310093,-0.09875933228176949,1.0345866505611818
2010-11-02 08:37:00,-0.03880894310330803,-0.10236253849079488,1.0343327702324843
2010-11-02 08:38:00,-0.04002613981866951,-0.10601949766332026,1.0339843443349959
2010-11-02 08:39:00,-0.04118352407142066,-0.10970649132839477,1.0335500252884575
2010-11-02 08:40:00,-0.042289584689289395,-0.11339560239580086,1.033039779887832
2010-11-02 08:41:00,-0.043352545699779664,-0.11705513491279519,1.0324646821149617
2010-11-02 08:42:00,-0.044380095136723856,-0.12065019816397946,1.0318366972234707
2010-11-02 08:43:00,-0.04537913071363151,-0.12414343171940517,1.0311684622146873
2010-11-02 08:44:00,-0.04635552786141759,-0.12749583693328034,1.030473067172043
2010-11-02 08:45:00,-0.047313935087915246,-0.1306676757465603,1.0297638411943315
2010-11-02 08:46:00,-0.048257600931432956,-0.13361939945075058,1.0290541458997418
2010-11-02 08:47:00,-0.049188236113931916,-0.13631257548767384,1.0283571786167391
2010-11-02 08:48:00,-0.05010591391317553,-0.1387107867009439,1.0276857864974904
2010-11-02 08:49:00,-0.05100901119498613,-0.1407804834178205,1.0270522920016814
2010-11-02 08:50:00,-0.051894191840275314,-0.14249177403605318,1.0264683295545063
2010-11-02 08:51:00,-0.05275643338002333,-0.14381914429602813,1.025944692731088
2010-11-02 08:52:00,-0.05358909655269442,-0.1447420984885939,1.0254911912268645
2010-11-02 08:53:00,-0.05438403632392578,-0.14524571670107306,1.0251165173160637
2010-11-02 08:54:00,-0.05513175174994641,-0.1453211209928794,1.024828122438316
2010-11-02 08:55:00,-0.05582157103759905,-0.14496584128485776,1.0246321057326415
2010-11-02 08:56:00,-0.05644186737479139,-0.14418406989542276,1.0245331174975925
2010-11-02 08:57:00,-0.0569803006059237,-0.14298679258290367,1.024534281533653
2010-11-02 08:58:00,-0.05742407952057841,-0.1413917839026809,1.0246371409791846
2010-11-02 08:59:00,-0.05776023927817559,-0.1394234561794711,1.0248416323590819
2010-11-02 09:00:00,-0.0579759282173297,-0.1371125551935276,1.0251460918242503
2010-11-02 09:01:00,-0.058058697955524936,-0.13449570208137426,1.0255472958170413
2010-11-02 09:02:00,-0.057996790224222036,-0.13161478911517133,1.0260405359482694
2010-11-02 09:03:00,-0.05777941333486802,-0.12851624521864785,1.0266197254287823
2010-11-02 09:04:00,-0.057397000825518275,-0.12525019356762798,1.0272775326526653
2010-11-02 09:05:00,-0.05684144516944242,-0.12186952726048651,1.0280055367638177
2010-11-02 09:06:00,-0.05610630067461539,-0.11842892947889234,1.0287944001434774
2010-11-02 09:07:00,-0.05518695161473527,-0.11498386236360268,1.029634053441295
2010-11-02 09:08:00,-0.05408074365893766,-0.11158954543951673,1.0305138896504749
2010-11-02 09:09:00,-0.05278707827579051,-0.10829994186536634,1.0314229642976867
2010-11-02 09:10:00,-0.05130747063684242,-0.10516677081666113,1.0323501986497168
2010-11-02 09:11:00,-0.04964557164557402,-0.1022385668941788,1.033284581976635
2010-11-02 09:12:00,-0.04780715445630964,-0.09955981028385937,1.0342153679581685
2010-11-02 09:13:00,-0.045800065666883036,-0.09717015183252277,1.0351322599266646
2010-11-02 09:14:00,-0.043634141466823914,-0.09510375447108095,1.0360255799938323
2010-11-02 09:15:00,-0.04132108946259351,-0.09338876762795294,1.03688641795948
2010-11-02 09:16:00,-0.038874337785667804,-0.09204694590374123,1.0377067569125156
2010-11-02 09:17:00,-0.03630885445014987,-0.09109341805862986,1.038479573417842
2010-11-02 09:18:00,-0.03364094154497937,-0.09053660727690854,1.0391989111018785
2010-11-02 09:19:00,-0.030888010270107367,-0.09037829850860159,1.0398599273381
2010-11-02 09:20:00,-0.0280683435996033,-0.09061384359387661,1.0404589136140194
2010-11-02 09:21:00,-0.02520085329886936,-0.09123249054597896,1.0409932909743413
2010-11-02 09:22:00,-0.02230483733192078,-0.09221782076106687,1.0414615825268483
2010-11-02 09:23:00,-0.019399742754357813,-0.09354827752552732,1.0418633652304825
2010-11-02 09:24:00,-0.016504938316525143,-0.09519777028218607,1.042199203120104
2010-11-02 09:25:00,-0.013639500311538415,-0.09713634001978733,1.0424705640219083
2010-11-02 09:26:00,-0.010822014624644221,-0.09933087068640607,1.0426797218976391
2010-11-02 09:27:00,-0.008070397342383141,-0.10174583012920399,1.0428296472106888
2010-11-02 09:28:00,-0.00540173557075383,-0.10434402310877622,1.042923887975726
2010-11-02 09:29:00,-0.0028321492909320683,-0.10708733918059188,1.0429664443377253
2010-11-02 09:30:00,-0.0003766742790051278,-0.1099374792936384,1.0429616396409553
2010-11-02 09:31:00,0.0019508344478435472,-0.11285664614581994,1.0429139910300824
2010-11-02 09:32:00,0.004137779370926786,-0.1158081844748037,1.0428280826693226
2010-11-02 09:33:00,0.006172877930992453,-0.11875715875657444,1.0427084446509973
2010-11-02 09:34:00,0.008046200919096368,-0.12167085745755662,1.042559440565832
2010-11-02 09:35:00,0.009749191802825638,-0.12451921537932473,1.042385166438075
2010-11-02 09:36:00,0.011274667174527133,-0.12727514925934383,1.0421893631533434
2010-11-02 09:37:00,0.012616799175418868,-0.12991480676696093,1.0419753435894257
2010-11-02 09:38:00,0.013771081688487643,-0.1324177345184196,1.041745934582515
2010-11-02 09:39:00,0.014734282880301638,-0.13476697519166939,1.0415034329463175
2010-11-02 09:40:00,0.015504387060073815,-0.13694910595867094,1.0412495742675534
2010-11-02 09:41:00,0.016080528921463003,-0.13895423003587934,1.0409855131730008
2010-11-02 09:42:00,0.016462923251251038,-0.1407759311012519,1.0407118140341742
2010-11-02 09:43:00,0.016652793182151952,-0.14241119803113408,1.0404284514043731
2010-11-02 09:44:00,0.016652299947852042,-0.14386032577588753,1.0401348197170843
2010-11-02 09:45:00,0.01646447678564418,-0.14512679707877635,1.0398297519332966
2010-11-02 09:46:00,0.01609316913080763,-0.14621714832561422,1.0395115470302367
2010-11-02 09:47:00,0.015542982607566662,-0.14714082056140249,1.039178006535732
2010-11-02 09:48:00,0.01481923953032454,-0.14790999391508688,1.0388264806394751
2010-11-02 09:49:00,0.013927943654321293,-0.1485394011687849,1.0384539245899127
2010-11-02 09:50:00,0.012875751965867384,-0.14904611489989758,1.0380569660029577
2010-11-02 09:51:00,0.011669951831312449,-0.14944930311134855,1.0376319833442618
2010-11-02 09:52:00,0.010318441999769185,-0.1497699504967858,1.0371751952286854
2010-11-02 09:53:00,0.008829716327767304,-0.1500305457058853,1.0366827593837884
2010-11-02 09:54:00,0.007212849091709308,-0.1502547380387708,1.0361508792994205
2010-11-02 09:55:00,0.005477480321010851,-0.1504669689875201,1.0355759159219144
2010-11-02 09:56:00,0.0036337991234321157,-0.15069208484867708,1.0349545013645558
2010-11-02 09:57:00,0.0016925228884329588,-0.15095493683328556,1.0342836514859823
2010-11-02 09:58:00,-0.00033512927531419243,-0.15127997512480573,1.0335608742686362
2010-11-02 09:59:00,-0.0024374695207940514,-0.15169084309757733,1.0327842711578321
2010-11-02 10:00:00,-0.0046023800354769995,-0.1522099773440891,1.0319526288448717
2010-11-02 10:01:00,-0.006817355789430675,-0.15285821851433531,1.0310654993303212
2010-11-02 10:02:00,-0.009069548690625644,-0.15365443740302756,1.0301232664618372
2010-11-02 10:03:00,-0.011345810441023767,-0.15461518008295044,1.029127197531742
2010-11-02 10:04:00,-0.013632731838150579,-0.15575433511551692,1.0280794789484375
2010-11-02 10:05:00,-0.015916677149143823,-0.1570828252758583,1.02698323540958
2010-11-02 10:06:00,-0.01818381330759901,-0.15860832620469895,1.0258425323386464
2010-11-02 10:07:00,-0.020420134871742202,-0.16033501515529833,1.0246623615619692
2010-11-02 10:08:00,-0.02261148672466338,-0.16226335454666937,1.023448610303493
2010-11-02 10:09:00,-0.02474358716941934,-0.16438991706790312,1.022208013629881
2010-11-02 10:10:00,-0.026802054296681546,-0.1667072610712773,1.020948090587364
2010-11-02 10:11:00,-0.028772438474310012,-0.16920386670607926,1.0196770644433624
2010-11-02 10:12:00,-0.030640263869637113,-0.17186414493045984,1.018403767602743
2010-11-02 10:13:00,-0.032391082202243904,-0.17466853304943644,1.0171375319191331
2010-11-02 10:14:00,-0.034010542173971973,-0.1775936902016154,1.0158880654548073
2010-11-02 10:15:00,-0.035484477850319524,-0.1806128018610165,1.014665317474644
2010-11-02 10:16:00,-0.03679901854087325,-0.18369599304013295,1.0134793346069342
2010-11-02 10:17:00,-0.03794072151852935,-0.1868108378425471,1.0123401124248104
2010-11-02 10:18:00,-0.03889672727325025,-0.18992294277968347,1.0112574478170118
2010-11-02 10:19:00,-0.039654934991147896,-0.19299657625621827,1.01024079802597
2010-11-02 10:20:00,-0.04020419387112123,-0.19599531740819623,1.0092991517668968
2010-11-02 10:21:00,-0.040534504129969465,-0.19888270237805983,1.0084409162775838
2010-11-02 10:22:00,-0.040637220315946083,-0.20162285248946715,1.0076738219681556
2010-11-02 10:23:00,-0.04050524886670424,-0.20418107407748912,1.007004844500334
2010-11-02 10:24:00,-0.04013323174670357,-0.20652442276930538,1.0064401432012267
2010-11-02 10:25:00,-0.03951770851850052,-0.20862222661838858,1.0059850143768585
2010-11-02 10:26:00,-0.03865725015845153,-0.21044656413494808,1.0056438576831974
2010-11-02 10:27:00,-0.03755255904641673,-0.21197269516380643,1.0054201531144427
2010-11-02 10:28:00,-0.03620653084230596,-0.2131794435516114,1.005316445820408
2010-11-02 10:29:00,-0.034624275595306925,-0.21404952943712177,1.0053343362779934
2010-11-02 10:30:00,-0.032813097331179694,-0.21456984605603047,1.0054744742855493
2010-11-02 10:31:00,-0.030782433116820124,-0.21473167302107796,1.0057365563915674
2010-11-02 10:32:00,-0.02854375388846601,-0.2145308171400139,1.006119327195502
2010-11-02 10:33:00,-0.02611043020583375,-0.2139676735356461,1.006620585220627
2010-11-02 10:34:00,-0.023497566836648442,-0.2130472030665926,1.007237193900103
2010-11-02 10:35:00,-0.02072181083672134,-0.21177882528593442,1.0079650979919663
2010-11-02 10:36:00,-0.01780113846288998,-0.2101762285473388,1.0087993457076059
2010-11-02 10:37:00,-0.014754626670527913,-0.20825710036283512,1.0097341170308591
2010-11-02 10:38:00,-0.011602214967723993,-0.2060427820255285,1.010762759062942
2010-11-02 10:39:00,-0.008364462782750458,-0.20355785184551903,1.0118778297894977
2010-11-02 10:40:00,-0.0050623061339688455,-0.2008296408837582,1.0130711524940488
2010-11-02 10:41:00,-0.001716815774694218,-0.19788768409489252,1.014333883944955
2010-11-02 10:42:00,0.0016510419674665145,-0.19476310977676642,1.0156565998354568
2010-11-02 10:43:00,0.005020640251438374,-0.19148797315902827,1.0170294000021396
2010-11-02 10:44:00,0.008371920339669287,-0.18809454636099063,1.018442033530831
2010-11-02 10:45:00,0.011685610591583847,-0.18461458471098,1.019884040823523
2010-11-02 10:46:00,0.014943432466121587,-0.18107859532398182,1.0213449073034762
2010-11-02 10:47:00,0.018128290373097884,-0.17751513612547823,1.0228142223299772
2010-11-02 10:48:00,0.021224442222410638,-0.17395017253987463,1.0242818368465993
2010-11-02 10:49:00,0.024217647346521407,-0.17040651584770455,1.0257380138065992
2010-11-02 10:50:00,0.027095288745422087,-0.16690336236686792,1.0271735662767183
2010-11-02 10:51:00,0.02984646763971186,-0.16345594647493952,1.0285799792416142
2010-11-02 10:52:00,0.03246206971991845,-0.16007531353171986,1.0299495123699858
2010-11-02 10:53:00,0.03493480363746636,-0.15676821189116172,1.031275282164448
2010-11-02 10:54:00,0.03725921287599346,-0.15353709767312768,1.0325513228663203
2010-11-02 10:55:00,0.039431662220768764,-0.15038024257254343,1.0337726262016205
2010-11-02 10:56:00,0.04145029983844793,-0.1472919334490162,1.0349351605883097
2010-11-02 10:57:00,0.04331499569244781,-0.1442627520051076,1.0360358708275152
2010-11-02 10:58:00,0.0450272567930812,-0.14127992295464054,1.0370726595991813
2010-11-02 10:59:00,0.04659011980147557,-0.13832771940146996,1.0380443522974327
2010-11-02 11:00:00,0.04800802199519984,-0.1353879146178791,1.0389506468762866
2010-11-02 11:01:00,0.04928665261194669,-0.1324402701555499,1.0397920504075855
2010-11-02 11:02:00,0.05043278780825467,-0.12946305125198074,1.0405698039883469
2010-11-02 11:03:00,0.051454113363721535,-0.12643356142331627,1.0412857975630645
2010-11-02 11:04:00,0.05235903945737064,-0.12332868842800443,1.0419424762553373
2010-11-02 11:05:00,0.053156511422521396,-0.12012545325619296,1.042542739962286
2010-11-02 11:06:00,0.0538558197349192,-0.1168015527250287,1.0430898381970888
2010-11-02 11:07:00,0.054466411904535716,-0.11333588511548,1.043587262388097
2010-11-02 11:08:00,0.054997708450904514,-0.10970904745005863,1.0440386380031959
2010-11-02 11:09:00,0.05545892468668261,-0.10590379265474212,1.0444476189446144
2010-11-02 11:10:00,0.05585889971374721,-0.10190543497941633,1.0448177866508148
2010-11-02 11:11:00,0.0562059340386621,-0.09770219260447835,1.0451525562580954
2010-11-02 11:12:00,0.056507637552263686,-0.09328545728842973,1.045455092031532
2010-11-02 11:13:00,0.05677079007561018,-0.08864998219329454,1.0457282340909224
2010-11-02 11:14:00,0.05700121703655782,-0.08379398062336052,1.0459744382481238
2010-11-02 11:15:00,0.05720368307195688,-0.07871913031728169,1.046195730537965
2010-11-02 11:16:00,0.05738180649612064,-0.07343048030218151,1.0463936777353497
2010-11-02 11:17:00,0.05753799758967898,-0.06793626046827478,1.046569374755538
2010-11-02 11:18:00,0.05767342344916215,-0.06224759819986828,1.0467234492960953
2010-11-02 11:19:00,0.05778800172929705,-0.056378151574103245,1.046856083399423
2010-11-02 11:20:00,0.0578804251522956,-0.05034367441345442,1.0469670508527589
2010-11-02 11:21:00,0.05794821818739791,-0.044161533943791575,1.047055768624886
2010-11-02 11:22:00,0.05798782661493183,-0.03785020553106296,1.0471213600037943
2010-11-02 11:23:00,0.05799473951296887,-0.031428769591794095,1.0471627267911219
2010-11-02 11:24:00,0.057963641566797626,-0.02491643318161688,1.0471786277691562
2010-11-02 11:25:00,0.05788859194602881,-0.018332094482424937,1.0471677606280678
2010-11-02 11:26:00,0.057763224856086835,-0.011693964238296039,1.0471288446191478
2010-11-02 11:27:00,0.05758096644504356,-0.005019254694750977,1.0470607013802253
2010-11-02 11:28:00,0.05733526280428349,0.001676056607899716,1.0469623316316448
2010-11-02 11:29:00,0.05701981395336502,0.008377383921899422,1.046832985733133
2010-11-02 11:30:00,0.056628808686334575,0.015071609800470646,1.0466722264036128
2010-11-02 11:31:00,0.05615715492729117,0.021747082123497265,1.0464799822191784
2010-11-02 11:32:00,0.0556006998840118,0.02839353534515135,1.0462565908008172
2010-11-02 11:33:00,0.054956433969305066,0.035001942609307335,1.046002830873624
2010-11-02 11:34:00,0.05422267236807372,0.04156430866969006,1.0457199426259216
2010-11-02 11:35:00,0.053399208371845606,0.04807341687729294,1.0454096360313165
2010-11-02 11:36:00,0.05248743318964229,0.054522546368305586,1.0450740870352495
2010-11-02 11:37:00,0.05149041784688374,0.06090517767426011,1.044715921764138
2010-11-02 11:38:00,0.05041295398778007,0.0672147063101237,1.0443381891945094
2010-11-02 11:39:00,0.04926155188215013,0.07344418464772287,1.0439443230152288
2010-11-02 11:40:00,0.04804439558918925,0.0795861123756883,1.0435380937090721
2010-11-02 11:41:00,0.04677125675293113,0.08563229420422803,1.0431235521249331
2010-11-02 11:42:00,0.04545336952991549,0.0915737789374704,1.042704965939272
2010-11-02 11:43:00,0.0441032695481043,0.09740088614367767,1.0422867503869397
2010-11-02 11:44:00,0.042734599883765996,0.10310331670638906,1.0418733945627074
2010-11-02 11:45:00,0.041361887391518325,0.10867033400549639,1.041469384608798
2010-11-02 11:46:00,0.040000293651796394,0.11409099533287405,1.0410791252870566
2010-11-02 11:47:00,0.038665346073691535,0.11935440911208499,1.0407068617125634
2010-11-02 11:48:00,0.03737265577893152,0.12444999252912249,1.040356603242581
2010-11-02 11:49:00,0.03613762945967463,0.12936770594552574,1.0400320515519572
2010-11-02 11:50:00,0.03497518246920149,0.1340982442774256,1.0397365347572969
2010-11-02 11:51:00,0.03389946016608926,0.13863317048058402,1.0394729491264607
2010-11-02 11:52:00,0.03292357416917809,0.1429649815174651,1.0392437095131823
2010-11-02 11:53:00,0.03205935975755892,0.14708710199121433,1.0390507092790213
2010-11-02 11:54:00,0.03131716007240068,0.15099380459643197,1.0388952901662682
2010-11-02 11:55:00,0.03070564189686397,0.15468005973559756,1.0387782223664532
2010-11-02 11:56:00,0.030231646635098617,0.1581413195823962,1.0386996948360299
2010-11-02 11:57:00,0.02990007894967068,0.16137324501651226,1.0386593156799797
2010-11-02 11:58:00,0.02971383462479001,0.16437138726428804,1.0386561221349018
2010-11-02 11:59:00,0.029673768589370392,0.1671308393691496,1.03868859937494
2010-11-02 12:00:00,0.029778703273244375,0.16964587527268718,1.0387547070987133
2010-11-02 12:01:00,0.030025476112036126,0.17190959607386386,1.0388519126621254
2010-11-02 12:02:00,0.03040902302585408,0.17391360399993053,1.0389772293912165
2010-11-02 12:03:00,0.030922492616736193,0.17564772450717475,1.039127258650837
2010-11-02 12:04:00,0.031557384318300734,0.17709979483033758,1.0392982343135668
2010-11-02 12:05:00,0.03230370312259847,0.1782555326191226,1.0394860685054088
2010-11-02 12:06:00,0.03315012384874915,0.17909849195045835,1.0396863978568347
2010-11-02 12:07:00,0.03408415909343178,0.17961010794853802,1.0398946298637606
2010-11-02 12:08:00,0.035092326690658544,0.17976982685181156,1.0401059892792082
2010-11-02 12:09:00,0.03616031422594727,0.17955531574952677,1.0403155646642621
2010-11-02 12:10:00,0.03727313951593098,0.1789427449223681,1.040518355300198
2010-11-02 12:11:00,0.03841530685730988,0.1779071354158124,1.0407093185937304
2010-11-02 12:12:00,0.03957095935646041,0.1764227647968837,1.040883417927228
2010-11-02 12:13:00,0.04072402791288457,0.17446362433004084,1.0410356707095572
2010-11-02 12:14:00,0.04185837751167503,0.17200392033511155,1.0411611962817535
2010-11-02 12:15:00,0.04295795138486612,0.1690186111141581,1.041255263361284
2010-11-02 12:16:00,0.044006913350813616,0.16548396910348825,1.0413133368018042
2010-11-02 12:17:00,0.04498978827868387,0.16137815654407991,1.0413311234960638
2010-11-02 12:18:00,0.04589160017279741,0.1566818024744964,1.0413046171810958
2010-11-02 12:19:00,0.04669800684708008,0.1513785694196879,1.0412301416969385
2010-11-02 12:20:00,0.04739542964658272,0.14545569944162962,1.041104391962146
2010-11-02 12:21:00,0.04797117633644958,0.13890453039819758,1.0409244716865245
2010-11-02 12:22:00,0.048413555276098634,0.1317209735977698,1.0406879267481308
2010-11-02 12:23:00,0.048711979347177047,0.12390594345852456,1.0403927732266258
2010-11-02 12:24:00,0.04885705866076494,0.11546572859082667,1.040037519253646
2010-11-02 12:25:00,0.04884068161177576,0.10641229208376371,1.0396211800710993
2010-11-02 12:26:00,0.04865608419930197,0.09676348689530409,1.0391432859629086
2010-11-02 12:27:00,0.048297907621158306,0.08654317090732234,1.0386038830082724
2010-11-02 12:28:00,0.04776224400745384,0.07578120652980362,1.0380035268321834
2010-11-02 12:29:00,0.04704666986218169,0.06451333226154567,1.0373432696617257
2010-11-02 12:30:00,0.04615026644704903,0.05278089799709862,1.0366246410520945
2010-11-02 12:31:00,0.04507362610828113,0.040630461424739625,1.0358496226789864
2010-11-02 12:32:00,0.04381884354420717,0.028113249028268845,1.0350206176608012
2010-11-02 12:33:00,0.042389491324477634,0.015284491641352732,1.0341404150170725
2010-11-02 12:34:00,0.04079057966731772,0.00220265116826776,1.0332121500973337
2010-11-02 12:35:00,0.03902850159609308,-0.01107143777376493,1.0322392620795162
2010-11-02 12:36:00,0.03711096592592269,-0.024475480144390077,1.0312254498248992
2010-11-02 12:37:00,0.03504692144027958,-0.03794664964368793,1.0301746273250665
2010-11-02 12:38:00,0.03284647542905034,-0.05142249594135529,1.029090879575497
2010-11-02 12:39:00,0.030520808502327697,-0.06484179489507083,1.0279784190344865
2010-11-02 12:40:00,0.028082086049228832,-0.07814531455471767,1.0268415420970358
2010-11-02 12:41:00,0.02554336561959667,-0.09127647897977768,1.0256845844469424
2010-11-02 12:42:00,0.02291849906518429,-0.10418192011462103,1.0245118738973595
2010-11-02 12:43:00,0.020222028355074396,-0.11681191425195096,1.0233276794321915
2010-11-02 12:44:00,0.017469074405042494,-0.12912070457580888,1.0221361554821078
2010-11-02 12:45:00,0.01467521885920785,-0.14106671587047115,1.0209412808281337
2010-11-02 12:46:00,0.011856379374964778,-0.15261267169552625,1.0197467919168677
2010-11-02 12:47:00,0.009028679492101175,-0.16372562741348676,1.018556110925221
2010-11-02 12:48:00,0.006208314616370599,-0.174376933942284,1.017372269705843
2010-11-02 12:49:00,0.003411416095649478,-0.18454214692050702,1.0161978317684135
2010-11-02 12:50:00,0.0006539158358223536,-0.19420089415135455,1.0150348156835707
2010-11-02 12:51:00,-0.002048585706773338,-0.20333671094643252,1.013884624705644
2010-11-02 12:52:00,-0.004680945072279853,-0.21193684865629525,1.0127479889425255
2010-11-02 12:53:00,-0.007228591654449572,-0.21999205661997234,1.0116249278737517
2010-11-02 12:54:00,-0.009677630688528234,-0.22749633311535414,1.010514741824132
2010-11-02 12:55:00,-0.012014930714776493,-0.23444663894208134,1.0094160400827823
2010-11-02 12:56:00,-0.014228193938772627,-0.24084256985278818,1.0083268101062428
2010-11-02 12:57:00,-0.016306009181324563,-0.24668599039287442,1.007244527538119
2010-11-02 12:58:00,-0.0182378881135277,-0.25198063882859617,1.0061663025144651
2010-11-02 12:59:00,-0.020014286047253586,-0.2567317180041038,1.005089055195748
2010-11-02 13:00:00,-0.021626608871425146,-0.26094548920585126,1.004009712642788
2010-11-02 13:01:00,-0.023067208047528757,-0.2646288859077328,1.00292541933285
2010-11-02 13:02:00,-0.02432936603074169,-0.26778916258390734,1.0018337541634321
2010-11-02 13:03:00,-0.02540727501068733,-0.2704335913717218,1.0007329473873667
2010-11-02 13:04:00,-0.026296012272003517,-0.2725692167087675,0.9996220914887282
2010-11-02 13:05:00,-0.026991515474091458,-0.27420267557184164,0.9985013405711866
2010-11-02 13:06:00,-0.02749056052860835,-0.27534008900852647,0.9973720933677195
2010-11-02 13:07:00,-0.027790743641172278,-0.2759870294357016,0.9962371553756776
2010-11-02 13:08:00,-0.027890467954865272,-0.2761485675193309,0.9951008757321045
2010-11-02 13:09:00,-0.027788934484923488,-0.27582940189351246,0.9939692542991229
2010-11-02 13:10:00,-0.027486136661506396,-0.27503407387886575,0.9928500143540787
2010-11-02 13:11:00,-0.026982857582338735,-0.27376726716561745,0.9917526366863187
2010-11-02 13:12:00,-0.026280668906561003,-0.2720341890326442,0.9906883519269096
2010-11-02 13:13:00,-0.025381930206289587,-0.26984102555405753,0.9896700893531152
2010-11-02 13:14:00,-0.02428978756266704,-0.26719545919853815,0.9887123818278292
2010-11-02 13:15:00,-0.023008170277336558,-0.2641072339384575,0.9878312276228532
2010-11-02 13:16:00,-0.021541784774031732,-0.2605887506728116,0.9870439105465244
2010-11-02 13:17:00,-0.019896105054885566,-0.256655674032882,0.9863687803277448
2010-11-02 13:18:00,-0.018077359447808382,-0.2523275297811102,0.9858249960123544
2010-11-02 13:19:00,-0.016092513892363273,-0.24762826986192177,0.9854322362207535
2010-11-02 13:20:00,-0.013949252682254365,-0.24258678044411716,0.985210380987038
2010-11-02 13:21:00,-0.01165595832303302,-0.23723730772222668,0.9851791701438725
2010-11-02 13:22:00,-0.009221692868478555,-0.23161977661953984,0.9853578430915713
2010-11-02 13:23:00,-0.006656183714883713,-0.22577997827418625,0.9857647648353557
2010-11-02 13:24:00,-0.003969817208682017,-0.21976960328679992,0.986417043499784
2010-11-02 13:25:00,-0.0011736432482422055,-0.21364609965330447,0.9873301448029586
2010-11-02 13:26:00,0.0017206068291425118,-0.2074723373832663,0.9885175089235774
2010-11-02 13:27:00,0.004700488142841916,-0.2013160658772203,0.9899901748166796
2010-11-02 13:28:00,0.007752796424877937,-0.1952491549918586,0.9917564164493377
2010-11-02 13:29:00,0.010863510181197612,-0.18934661634074204,0.9938213947705203
2010-11-02 13:30:00,0.014017723782559227,-0.1836854078383056,0.9961868286156632
2010-11-02 13:31:00,0.01719957558193182,-0.17834303177660082,0.9988506871935829
2010-11-02 13:32:00,0.020392176292392705,-0.17339594467463895,1.001806906219408
2010-11-02 13:33:00,0.02357754382588199,-0.16891780551247457,1.0050451290778728
2010-11-02 13:34:00,0.026736551428713593,-0.16497759733543918,1.0085504737151032
2010-11-02 13:35:00,0.02984889615317941,-0.16163766488230405,1.012303325480863
2010-11-02 13:36:00,0.03289309442165414,-0.1589517170211806,1.0162791560765478
2010-11-02 13:37:00,0.03584651064154138,-0.15696284671905125,1.020448369175355
2010-11-02 13:38:00,0.03868542359417279,-0.15570162267914686,1.0247761741325807
2010-11-02 13:39:00,0.04138513386001446,-0.15518430569363725,1.0292224904064127
2010-11-02 13:40:00,0.04392011406180551,-0.15541123973250429,1.0337418867078392
2010-11-02 13:41:00,0.04626420232484249,-0.1563654636116606,1.0382835602919271
2010-11-02 13:42:00,0.04839083819919192,-0.15801158417388161,1.042791363033579
2010-11-02 13:43:00,0.050273339497505024,-0.16029494629227903,1.0472038819108578
2010-11-02 13:44:00,0.05188521796974965,-0.16314112891068483,1.0514545821601664
2010-11-02 13:45:00,0.05320053104170308,-0.16645579058183194,1.0554720215192814
2010-11-02 13:46:00,0.05419426563845061,-0.1701248835610846,1.0591801434699264
2010-11-02 13:47:00,0.05484274854937755,-0.17401525291968972,1.0624986562181142
2010-11-02 13:48:00,0.05512407644075649,-0.1779756356426873,1.0653435025738012
2010-11-02 13:49:00,0.055018558004129185,-0.18183807262372767,1.0676274243118808
2010-11-02 13:50:00,0.05450916097053659,-0.18541974253688068,1.0692606232366693
2010-11-02 13:51:00,0.053581957621090755,-0.18852522061577237,1.0701515199641087
2010-11-02 13:52:00,0.052226563694599645,-0.190949157728472,1.0702076101434859
2010-11-02 13:53:00,0.05043656697436553,-0.1924793652079201,1.0693364161084493
2010-11-02 13:54:00,0.04820994305183825,-0.19290027738738744,1.0674465293246853
2010-11-02 13:55:00,0.045549456446971656,-0.19199674725119967,1.064448735289204
2010-11-02 13:56:00,0.042463045037216186,-0.18955811476949525,1.060257208214733
2010-11-02 13:57:00,0.03896418450200841,-0.1853824760588483,1.0547907588223078
2010-11-02 13:58:00,0.03507222755280069,-0.17928107478718774,1.0479741153871802
2010-11-02 13:59:00,0.03081271057510869,-0.17108273367205684,1.0397392155713114
2010-11-02 14:00:00,0.026217618215357515,-0.16063824305282048,1.0300264839926685
2010-11-02 14:01:00,0.021325594476364992,-0.14782462532171442,1.0187860678028604
2010-11-02 14:02:00,0.01618208724875541,-0.1325491970594195,1.005979000165878
2010-11-02 14:03:00,0.010839412261518053,-0.11475335276342127,0.9915782600073294
2010-11-02 14:04:00,0.005356722453167003,-0.09441599380579689,0.9755696960990227
2010-11-02 14:05:00,-0.00020013017003898034,-0.07155652431878558,0.9579527845224283
2010-11-02 14:06:00,-0.0057588510491350595,-0.04623733374219167,0.9387411907007934
2010-11-02 14:07:00,-0.011241085868808193,-0.018565685071291693,0.9179631103863689
2010-11-02 14:08:00,-0.01656293394564118,0.011305071008900444,0.8956613681839014
2010-11-02 14:09:00,-0.021635592696423716,0.043175032471924106,0.8718932573607845
2010-11-02 14:10:00,-0.02636613026044871,0.076798102762095,0.8467301108027303
2010-11-02 14:11:00,-0.030658380858365846,0.11188322800931419,0.8202565998989849
2010-11-02 14:12:00,-0.03441395584774257,0.14809656023564585,0.7925697656097724
2010-11-02 14:13:00,-0.03753336214240934,0.1850645735227539,0.7637777938120662
2010-11-02 14:14:00,-0.0399172182105585,0.22237813878514504,0.7339985556231637
2010-11-02 14:15:00,-0.04146755608219645,0.2595975407070585,0.7033579433863495
2010-11-02 14:16:00,-0.0420891955912838,0.29625839658734465,0.6719880438417544
2010-11-02 14:17:00,-0.041691174211261756,0.3318784065816259,0.6400251994273495
2010-11-02 14:18:00,-0.040188212197039594,0.36596482436460875,0.6076080148021994
2010-11-02 14:19:00,-0.03750218888163629,0.39802248962557013,0.5748753697287484
2010-11-02 14:20:00,-0.03356360302640982,0.42756221942650824,0.5419645037660265
2010-11-02 14:21:00,-0.028312988844278172,0.4541093265357582,0.509009241515692
2010-11-02 14:22:00,-0.02170225940987296,0.477212026718954,0.47613842433851805
2010-11-02 14:23:00,-0.013695949740819918,0.4964495122827298,0.44347460238610015
2010-11-02 14:24:00,-0.004272332283307799,0.5114394979476065,0.41113302167550203
2010-11-02 14:25:00,0.006575622110978217,0.5218450788890537,0.37922091941298053
2010-11-02 14:26:00,0.018839464030074596,0.5273807748276685,0.3478371199917547
2010-11-02 14:27:00,0.03249469132356564,0.527817667106121,0.3170719050702956
2010-11-02 14:28:00,0.04750040416668449,0.5229875676248296,0.2870071141256506
2010-11-02 14:29:00,0.06379921000998996,0.5127861879805984,0.25771641779410165
2010-11-02 14:30:00,0.0813173958648885,0.4971752992284,0.22926569801437352
2010-11-02 14:31:00,0.09996538185864207,0.47618387970882803,0.20171347071958012
2010-11-02 14:32:00,0.11963846627693482,0.4499082378137571,0.17511130028888464
2010-11-02 14:33:00,0.1402178682012658,0.4185110784430551,0.14950417546266948
2010-11-02 14:34:00,0.16157206887050626,0.38221947329790773,0.12493083500473474
2010-11-02 14:35:00,0.1835584466090376,0.3413217058221089,0.10142404203471797
2010-11-02 14:36:00,0.2060251924034411,0.2961629887913406,0.07901080932519278
2010-11-02 14:37:00,0.2288134840282877,0.24714008861881642,0.05771257820003703
2010-11-02 14:38:00,0.25175988608356487,0.19469493054959833,0.03754535421830053
2010-11-02 14:39:00,0.27469893140517443,0.1393073017592436,0.01851980468698351
2010-11-02 14:40:00,0.2974658261811402,0.08148681462383743,0.0006413262659966054
2010-11-02 14:41:00,0.3198992079042628,0.02176433751374317,-0.01608990492391415
2010-11-02 14:42:00,0.3418438752656394,-0.03931686260894848,-0.031678884354866786
2010-11-02 14:43:00,0.36315340650552,-0.10121000446468417,-0.04613571299738068
2010-11-02 14:44:00,0.38369258918531945,-0.16337345168069362,-0.059475496904164975
2010-11-02 14:45:00,0.40333959697465355,-0.22527892585464895,-0.071718199124747
2010-11-02 14:46:00,0.4219878634120816,-0.2864190928616047,-0.08288843559532937
2010-11-02 14:47:00,0.4395476160780189,-0.34631438291147193,-0.09301521147509849
2010-11-02 14:48:00,0.45594704664657987,-0.40451894292143775,-0.10213159850507916
2010-11-02 14:49:00,0.47113310297311,-0.4606256540787097,-0.11027435728601373
2010-11-02 14:50:00,0.4850718988410921,-0.5142701780149327,-0.11748351097569429
2010-11-02 14:51:00,0.4977487453179074,-0.5651340218572255,-0.12380187886461227
2010-11-02 14:52:00,0.509167814931067,-0.6129466356610084,-0.12927457966436673
2010-11-02 14:53:00,0.5193514561521004,-0.6574865754946343,-0.13394851519601178
2010-11-02 14:54:00,0.5283391810441493,-0.6985817818852542,-0.13787184555549803
2010-11-02 14:55:00,0.5361863534709094,-0.736109036619031,-0.14109346682029525
2010-11-02 14:56:00,0.5429626090424746,-0.7699926712119107,-0.14366250200931813
2010-11-02 14:57:00,0.5487500410049299,-0.8002026079672812,-0.14562781539269373
2010-11-02 14:58:00,0.5536411885220542,-0.826751819706147,-0.14703755944146443
2010-11-02 14:59:00,0.5577368652020722,-0.8496932973055311,-0.1479387627513162
2010-11-02 15:00:00,0.5611438663342924,-0.8691166153669032,-0.1483769661788164
2010-11-02 15:01:00,0.5639725932736047,-0.8851441858267434,-0.1483959132061871
2010-11-02 15:02:00,0.5663346329242089,-0.8979272872505976,-0.14803729923438522
2010-11-02 15:03:00,0.5683403294540734,-0.9076419540834413,-0.14734058313220014
2010-11-02 15:04:00,0.5700963842893989,-0.9144848054602899,-0.14634286297007648
2010-11-02 15:05:00,0.5717035191389168,-0.9186688875178184,-0.14507881646407544
2010-11-02 15:06:00,0.5732542353156842,-0.920419596689574,-0.14358070527013825
2010-11-02 15:07:00,0.574830700983575,-0.9199707444050591,-0.14187844092289234
2010-11-02 15:08:00,0.5765027961706658,-0.9175608161292665,-0.13999970892319266
2010-11-02 15:09:00,0.5783263434680125,-0.9134294699451757,-0.13797014625700765
2010-11-02 15:10:00,0.5803415502708602,-0.9078143120514413,-0.13581356649182252
2010-11-02 15:11:00,0.5825716862149052,-0.9009479787571372,-0.1335522255741594
2010-11-02 15:12:00,0.5850220170992109,-0.8930555469269357,-0.13120712057844855
2010-11-02 15:13:00,0.5876790140532153,-0.8843522874737507,-0.1287983129559357
2010-11-02 15:14:00,0.5905098539877642,-0.8750417695077876,-0.12634526730074708
2010-11-02 15:15:00,0.5934622244666031,-0.8653143162097489,-0.12386719627383831
2010-11-02 15:16:00,0.5964644430442623,-0.8553458074627883,-0.12138340209506043
2010-11-02 15:17:00,0.5994258978355296,-0.8452968187991765,-0.11891360492928157
2010-11-02 15:18:00,0.6022378126054542,-0.835312081328798,-0.11647824855704235
2010-11-02 15:19:00,0.6047743359922211,-0.8255202430428437,-0.1140987739340714
2010-11-02 15:20:00,0.6068939505975655,-0.8160339082423104,-0.11179785160624324
2010-11-02 15:21:00,0.6084411936065831,-0.8069499288319983,-0.10959956445603167
2010-11-02 15:22:00,0.6092486763438059,-0.7983499188426783,-0.10752953291114078
2010-11-02 15:23:00,0.6091393857554318,-0.790300961785302,-0.1056149755422054
2010-11-02 15:24:00,0.6079292462573205,-0.7828564792826356,-0.10388469890959973
2010-11-02 15:25:00,0.6054299157429299,-0.7760572288402339,-0.10236901158438969
2010-11-02 15:26:00,0.6014517848516122,-0.7699323985807024,-0.10109955845905116
2010-11-02 15:27:00,0.5958071439105485,-0.7645007672406987,-0.10010907277048646
2010-11-02 15:28:00,0.5883134773485418,-0.7597718986841984,-0.09943104466812949
2010-11-02 15:29:00,0.5787968409161309,-0.7557473415791244,-0.09909930665821706
2010-11-02 15:30:00,0.5670952728278097,-0.7524218066747193,-0.09914753782549791
2010-11-02 15:31:00,0.5530621860755455,-0.7497842962588207,-0.09960869035891366
2010-11-02 15:32:00,0.536569685767066,-0.7478191628208403,-0.1005143435698144
2010-11-02 15:33:00,0.5175117525462749,-0.7465070766512952,-0.10189399226948379
2010-11-02 15:34:00,0.49580723109357955,-0.7458258850278949,-0.10377427804353032
2010-11-02 15:35:00,0.47140256152513926,-0.7457513487298959,-0.10617817359734694
2010-11-02 15:36:00,0.44427419136388696,-0.7462577448470173,-0.10912413192046076
2010-11-02 15:37:00,0.4144306068014628,-0.7473183281668124,-0.11262521349828623
2010-11-02 15:38:00,0.38191392437603855,-0.7489056467939202,-0.11668820615715857
2010-11-02 15:39:00,0.3468009881273672,-0.7509917110351634,-0.12131275333154834
2010-11-02 15:40:00,0.3092039229274321,-0.7535480179380463,-0.12649050755923727
2010-11-02 15:41:00,0.26927010218908665,-0.7565454371631056,-0.1322043268078408
2010-11-02 15:42:00,0.22718149768798737,-0.7599539670724791,-0.13842753177907113
2010-11-02 15:43:00,0.18315339095317287,-0.7637423729992602,-0.14512324258845075
2010-11-02 15:44:00,0.13743243974312433,-0.7678777225958032,-0.1522438131413491
2010-11-02 15:45:00,0.09029410967439419,-0.77232483591504,-0.15973038108751222
2010-11-02 15:46:00,0.042039500244590265,-0.7770456704296634,-0.16751255040491783
2010-11-02 15:47:00,-0.007008383589081394,-0.7819986635157671,-0.17550822241130545
2010-11-02 15:48:00,-0.05650883850538343,-0.7871380569946478,-0.1836235893048926
2010-11-02 15:49:00,-0.10610804666362975,-0.7924132300786402,-0.19175330220150896
2010-11-02 15:50:00,-0.15544391062184065,-0.7977680683394159,-0.19978082316706863
2010-11-02 15:51:00,-0.20415099912067977,-0.8031403968208332,-0.20757896819092114
2010-11-02 15:52:00,-0.25186546379069413,-0.8084615048871834,-0.21501064569683057
2010-11-02 15:53:00,-0.298229801356007,-0.8136557888097505,-0.22192979314175432
2010-11-02 15:54:00,-0.3428973585269184,-0.8186405356924361,-0.228182512325058
2010-11-02 15:55:00,-0.3855365009534069,-0.8233258694158435,-0.23360840193499313
2010-11-02 15:56:00,-0.4258343898786214,-0.8276148760119347,-0.23804208341040187
2010-11-02 15:57:00,-0.4635003295717369,-0.8314039223261088,-0.24131491334486652
2010-11-02 15:58:00,-0.4982686652248606,-0.8345831779992773,-0.24325687242789473
2010-11-02 15:59:00,-0.5299012248940833,-0.8370373467335452,-0.24369861734297574
2010-11-02 16:00:00,-0.5581893103780451,-0.8386466085366655,-0.24247367816635543
2010-11-02 16:01:00,-0.5829552507919427,-0.8392877702349695,-0.23942077967630582
2010-11-02 16:02:00,-0.604053539173963,-0.8388356170576633,-0.23438626065463591
2010-11-02 16:03:00,-0.6213715769636311,-0.8371644535606205,-0.22722656083719908
2010-11-02 16:04:00,-0.6348300538539331,-0.834149817602587,-0.21781074076712098
2010-11-02 16:05:00,-0.644382991577637,-0.8296703465553379,-0.20602299555150666
2010-11-02 16:06:00,-0.6500174798755732,-0.8236097704837966,-0.19176511955611159
2010-11-02 16:07:00,-0.6517531314499773,-0.8158590027429261,-0.17495887553620557
2010-11-02 16:08:00,-0.6496412803769482,-0.8063182943832211,-0.15554821873980867
2010-11-02 16:09:00,-0.6437639454892173,-0.7948994150233452,-0.13350132427846043
2010-11-02 16:10:00,-0.6342325768941723,-0.7815278195316847,-0.10881236469691913
2010-11-02 16:11:00,-0.6211866003110267,-0.7661447570580946,-0.08150298435202298
2010-11-02 16:12:00,-0.6047917705383918,-0.7487092767794282,-0.05162341809972936
2010-11-02 16:13:00,-0.5852383423344936,-0.7292000832825856,-0.01925320405313386
2010-11-02 16:14:00,-0.5627390645344424,-0.7076171939275833,0.015498556022900931
2010-11-02 16:15:00,-0.537527001563133,-0.6839833509337715,0.052493429608812855
2010-11-02 16:16:00,-0.5098531858404766,-0.6583451424399793,0.09156441317610552
2010-11-02 16:17:00,-0.4799841051170062,-0.6307737895320128,0.13251724294609243
2010-11-02 16:18:00,-0.4481990307062561,-0.6013655603383493,0.1751322692639421
2010-11-02 16:19:00,-0.41478719606299896,-0.5702417778969825,0.2191668933207278
2010-11-02 16:20:00,-0.38004484033979063,-0.5375483957245903,0.26435854865137387
2010-11-02 16:21:00,-0.34427213855282424,-0.503455124012573,0.31042819098398705
2010-11-02 16:22:00,-0.3077700488791682,-0.4681541002812518,0.3570842385235522
2010-11-02 16:23:00,-0.27083711834633784,-0.43185811120061374,0.40402688070731935
2010-11-02 16:24:00,-0.23376630007106172,-0.3947983866568228,0.4509526480300873
2010-11-02 16:25:00,-0.19684184599516652,-0.3572220014424907,0.49755911253285035
2010-11-02 16:26:00,-0.16033634507980504,-0.3193889319793336,0.5435495743331726
2010-11-02 16:27:00,-0.12450797544092894,-0.2815688239189835,0.5886375891310591
2010-11-02 16:28:00,-0.08959803051226868,-0.24403753131561892,0.6325512045288793
2010-11-02 16:29:00,-0.05582876717944612,-0.20707348977970624,0.6750367943816553
2010-11-02 16:30:00,-0.0234016111400461,-0.17095398553199384,0.7158624050011835
2010-11-02 16:31:00,0.007504256772980074,-0.13595138137831586,0.754820551478134
2010-11-02 16:32:00,0.03673291977898466,-0.10232936066656871,0.7917304250341384
2010-11-02 16:33:00,0.06415234614122514,-0.07033925087425243,0.8264394928012059
2010-11-02 16:34:00,0.08965461850919015,-0.04021648855611641,0.8588244899659585
2010-11-02 16:35:00,0.11315578867163266,-0.012177286918253755,0.8887918209356065
2010-11-02 16:36:00,0.1345953846915985,0.013584432764756313,0.9162774009676325
2010-11-02 16:37:00,0.1539356059271985,0.036899783393393976,0.9412459824135408
2010-11-02 16:38:00,0.17116024789527304,0.05762726291182615,0.9636900202365175
2010-11-02 16:39:00,0.1862734024822259,0.07565464696992717,0.9836281394909088
2010-11-02 16:40:00,0.19929797926564524,0.09090035947334518,1.001103272504521
2010-11-02 16:41:00,0.21027409142237913,0.10331426829789167,1.0161805352162605
2010-11-02 16:42:00,0.21925734642341074,0.11287787294014875,1.0289449106465514
2010-11-02 16:43:00,0.22631707881860022,0.11960387547229494,1.0394988034517894
2010-11-02 16:44:00,0.23153456032755076,0.1235351523594809,1.04795952369547
2010-11-02 16:45:00,0.23500122074373844,0.12474317054014752,1.0544567509967906
2010-11-02 16:46:00,0.2368169111163382,0.12332591552129829,1.0591300226014222
2010-11-02 16:47:00,0.23708823765231676,0.11940541991461784,1.0621262811901846
2010-11-02 16:48:00,0.23592699021900845,0.11312499400807499,1.0635975111099212
2010-11-02 16:49:00,0.2334486831013899,0.10464626240637702,1.063698485900061
2010-11-02 16:50:00,0.22977121856347316,0.09414610305771798,1.0625846457684884
2010-11-02 16:51:00,0.22501367707289668,0.08181357141164639,1.0604101206804033
2010-11-02 16:52:00,0.21929523260499373,0.06784687755910944,1.0573259123451082
2010-11-02 16:53:00,0.21273418735598773,0.05245047024090472,1.0534782461869818
2010-11-02 16:54:00,0.205447117308157,0.035832268983513084,1.0490071022283627
2010-11-02 16:55:00,0.1975481181716921,0.018201074245372536,1.0440449317341485
2010-11-02 16:56:00,0.18914813977857747,-0.00023582471746980032,1.0387155645945092
2010-11-02 16:57:00,0.18035439537862874,-0.019274833525789178,1.033133310897294
2010-11-02 16:58:00,0.17126983031799176,-0.03871802482060902,1.027402259035047
2010-11-02 16:59:00,0.16199263312424708,-0.058374901885256104,1.021615771859658
2010-11-02 17:00:00,0.15261577286422595,-0.07806396052242517,1.0158561814075802
2010-11-02 17:01:00,0.14322655148769517,-0.09761405624035283,1.0101946810503861
2010-11-02 17:02:00,0.1339061687457763,-0.11686557993624022,1.0046914114893366
2010-11-02 17:03:00,0.12472930766681738,-0.13567143853657573,0.9993957344375586
2010-11-02 17:04:00,0.11576375675169477,-0.1538978308088001,0.9943466858069784
2010-11-02 17:05:00,0.10707008862579138,-0.1714248067436182,0.9895735982247275
2010-11-02 17:06:00,0.09870141400662796,-0.18814660409118,0.9850968789851905
2010-11-02 17:07:00,0.09070322619800612,-0.20397176703374525,0.9809289232817443
2010-11-02 17:08:00,0.08311334655667288,-0.2188230648918231,0.9770751357641269
2010-11-02 17:09:00,0.07596197646194464,-0.23263723760100666,0.9735350293045008
2010-11-02 17:10:00,0.06927185670380913,-0.24536459743547856,0.9703033693586237
2010-11-02 17:11:00,0.06305853113839116,-0.256968515222438,0.9673713339890813
2010-11-02 17:12:00,0.05733070809737786,-0.2674248169554573,0.964727661829766
2010-11-02 17:13:00,0.05209071042387642,-0.27672111421328416,0.9623597626229466
2010-11-02 17:14:00,0.04733500305079377,-0.2848560885983943,0.9602547676754225
2010-11-02 17:15:00,0.04305478557799644,-0.2918387463482607,0.9584005005157863
2010-11-02 17:16:00,0.03923663626789409,-0.2976876551873173,0.9567863506823511
2010-11-02 17:17:00,0.03586319334474284,-0.30243017226948365,0.9554040357452133
2010-11-02 17:18:00,0.03291385952385689,-0.30610166970241137,0.9542482387331522
2010-11-02 17:19:00,0.030365516228904016,-0.3087447621055751,0.9533171104932039
2010-11-02 17:20:00,0.02819323477758948,-0.31040853864928175,0.952612629178688
2010-11-02 17:21:00,0.026370972683982762,-0.3111478002643208,0.9521408117885471
2010-11-02 17:22:00,0.024872243906027183,-0.31102230178349005,0.9519117751389263
2010-11-02 17:23:00,0.023670752293895418,-0.31009599911794206,0.951939645613804
2010-11-02 17:24:00,0.022740977861653303,-0.30843630272238876,0.9522423186550624
2010-11-02 17:25:00,0.02205870605527615,-0.3061133391475167,0.9528410707478708
2010-11-02 17:26:00,0.0216014909706504,-0.30319922113206665,0.9537600291402987
2010-11-02 17:27:00,0.021349044404066705,-0.2997673234768369,0.955025507709863
2010-11-02 17:28:00,0.021283543724063256,-0.29589155823518093,0.9566652207752061
2010-11-02 17:29:00,0.021389853006304,-0.29164564020154876,0.9587073897121418
2010-11-02 17:30:00,0.021655653754763547,-0.2871023331335617,0.9611797596977203
2010-11-02 17:31:00,0.022071483670547093,-0.2823326683732201,0.9641085457844358
2010-11-02 17:32:00,0.022630684041802306,-0.2774051297388315,0.9675173289535668
2010-11-02 17:33:00,0.023329258263566237,-0.27238480122919295,0.9714259238447869
2010-11-02 17:34:00,0.024165645703583906,-0.2673324776075797,0.975849240131416
2010-11-02 17:35:00,0.02514041649031625,-0.2623037430989291,0.9807961584988144
2010-11-02 17:36:00,0.026255893714911684,-0.2573480299102046,0.986268440106021
2010-11-02 17:37:00,0.027515710207151843,-0.2525076741252992,0.9922596863799119
2010-11-02 17:38:00,0.028924307976947155,-0.24781698965503618,0.9987543650268629
2010-11-02 17:39:00,0.030486389995793,-0.2433013809959416,1.0057269183277364
2010-11-02 17:40:00,0.032206336023071436,-0.23897651423070107,1.0131409704311944
2010-11-02 17:41:00,0.03408759599267072,-0.2348475649232276,1.0209486508290733
2010-11-02 17:42:00,0.03613207554897046,-0.230908561650087,1.029090051380011
2010-11-02 17:43:00,0.03833952864080653,-0.2271418439785868,1.0374928343123968
2010-11-02 17:44:00,0.040706971935720516,-0.2235176534381398,1.046072008442752
2010-11-02 17:45:00,0.043228135494094204,-0.2199938759037567,1.0547298899876723
2010-11-02 17:46:00,0.04589296388658695,-0.21651595373771723,1.0633562627596027
2010-11-02 17:47:00,0.04868718195695511,-0.21301698515611123,1.0718287506252295
2010-11-02 17:48:00,0.05159193967091419,-0.2094180260804198,1.0800134132341537
2010-11-02 17:49:00,0.054583550455063176,-0.20562860650103593,1.0877655741735683
2010-11-02 17:50:00,0.057633336510773486,-0.20154746971929463,1.094930888631527
2010-11-02 17:51:00,0.06070759257489063,-0.19706353933513343,1.1013466551013678
2010-11-02 17:52:00,0.06376767676681362,-0.19205711611260337,1.1068433723857085
2010-11-02 17:53:00,0.06677023404921342,-0.18640130493181417,1.1112465390623762
2010-11-02 17:54:00,0.0696675550008185,-0.17996366970053304,1.1143786879472335
2010-11-02 17:55:00,0.0724080703054899,-0.17260810982437289,1.1160616434406163
2010-11-02 17:56:00,0.07493697931475449,-0.1641969456970739,1.1161189851974498
2010-11-02 17:57:00,0.07719700872232246,-0.1545931942358262,1.1143786971455774
2010-11-02 17:58:00,0.07912929454366605,-0.14366301005734583,1.1106759762905936
2010-11-02 17:59:00,0.0806743772740856,-0.1312782640174981,1.1048561709474618
2010-11-02 18:00:00,0.08177329644153056,-0.11731922886382605,1.0967778130733055
2010-11-02 18:01:00,0.08236876691439952,-0.10167734161496607,1.0863157043642164
2010-11-02 18:02:00,0.08240641535980918,-0.08425801308948587,1.0733640109736127
2010-11-02 18:03:00,0.08183605117551478,-0.064983455461791,1.057839317385135
2010-11-02 18:04:00,0.08061294220270865,-0.04379549755955953,1.0396835861365021
2010-11-02 18:05:00,0.07869906228748887,-0.020658353012137264,1.0188669662787138
2010-11-02 18:06:00,0.07606427633652828,0.004438703937569146,0.9953903890562481
2010-11-02 18:07:00,0.07268742922018412,0.031478815868081385,0.9692878843688052
2010-11-02 18:08:00,0.06855730680840214,0.06041524988991394,0.9406285472821095
2010-11-02 18:09:00,0.06367343950633463,0.09116942278700489,0.9095180817637709
2010-11-02 18:10:00,0.05804672076999033,0.12362933263695643,0.8760998497920985
2010-11-02 18:11:00,0.05169981575072397,0.15764848191430697,0.8405553578918323
2010-11-02 18:12:00,0.04466733877726414,0.19304537011237374,0.8031041194884972
2010-11-02 18:13:00,0.03699578291082033,0.22960362534722503,0.764002839932163
2010-11-02 18:14:00,0.02874319038638539,0.2670728341903472,0.7235438815683543
2010-11-02 18:15:00,0.019978559434774244,0.30517011670769867,0.6820529788985107
2010-11-02 18:16:00,0.010780990673659735,0.34358247911734413,0.6398861887894807
2010-11-02 18:17:00,0.0012385847445396598,0.3819699595866703,0.5974260779840519
2010-11-02 18:18:00,-0.008552888298044885,0.41996956350803194,0.5550771699452597
2010-11-02 18:19:00,-0.018491518985431447,0.45719996300787297,0.5132606954253659
2010-11-02 18:20:00,-0.028470951886638774,0.49326691088742997,0.47240871609047963
2010-11-02 18:21:00,-0.038382201007602375,0.5277692905610827,0.43295771790149695
2010-11-02 18:22:00,-0.04811554136209769,0.5603056902168979,0.39534180020566917
2010-11-02 18:23:00,-0.05756242798497805,0.5904813535865913,0.3599856155028913
2010-11-02 18:24:00,-0.06661739256748771,0.6179153283782721,0.32729723824030915
2010-11-02 18:25:00,-0.0751798693951003,0.6422476158843586,0.2976611515771569
2010-11-02 18:26:00,-0.08315590651051175,0.6631461260840545,0.27143153550963106
2010-11-02 18:27:00,-0.09045972417098135,0.6803132577456419,0.24892602187863147
2010-11-02 18:28:00,-0.097015089460289,0.6934919445959441,0.2304200587779269
2010-11-02 18:29:00,-0.10275648250953257,0.7024710309805325,0.21614200367871894
2010-11-02 18:30:00,-0.10763003591571664,0.7070898617969316,0.20626904275261165
2010-11-02 18:31:00,-0.11159423462347319,0.7072419917915405,0.20092401342900826
2010-11-02 18:32:00,-0.11462036880110744,0.7028779388166696,0.20017318791424693
2010-11-02 18:33:00,-0.11669273714974347,0.6940069246068067,0.2040250569639607
2010-11-02 18:34:00,-0.1178086026891784,0.6806975653226115,0.21243013536517824
2010-11-02 18:35:00,-0.11797790742335891,0.66307749280358,0.22528179307357385
2010-11-02 18:36:00,-0.1172227564601162,0.6413319064454088,0.24241809848296336
2010-11-02 18:37:00,-0.11557668620243382,0.6157010751550331,0.26362464259548574
2010-11-02 18:38:00,-0.11308373520103496,0.5864768292107287,0.28863829463035434
2010-11-02 18:39:00,-0.10979734021923854,0.553998103334886,0.3171518205809027
2010-11-02 18:40:00,-0.10577908406829188,0.5186456151295281,0.34881927613795
2010-11-02 18:41:00,-0.10109732587984366,0.48083578746989286,0.38326206398951657
2010-11-02 18:42:00,-0.09582574866775423,0.44101404950959083,0.4200755227071848
2010-11-02 18:43:00,-0.09004186283693179,0.39964767727404626,0.4588358912520693
2010-11-02 18:44:00,-0.08382550644127591,0.3572183567929854,0.49910747329898036
2010-11-02 18:45:00,-0.07725738195659042,0.3142146627202084,0.5404498153136528
2010-11-02 18:46:00,-0.07041766489702224,0.27112463766302985,0.5824247162778218
2010-11-02 18:47:00,-0.0633847132843462,0.22842863369348093,0.624602904138629
2010-11-02 18:48:00,-0.05623390058305962,0.18659254620006854,0.6665702391126408
2010-11-02 18:49:00,-0.04903658904744987,0.14606153998909746,0.7079333317302523
2010-11-02 18:50:00,-0.04185925548204309,0.10725434218547582,0.7483244910462695
2010-11-02 18:51:00,-0.034762777011135046,0.07055815581542878,0.787405944396934
2010-11-02 18:52:00,-0.02780188047260447,0.03632423076813742,0.8248732938032193
2010-11-02 18:53:00,-0.021024755438838662,0.004864114233548056,0.8604581953461182
2010-11-02 18:54:00,-0.014472827541249884,-0.023553409828126336,0.893930266506464
2010-11-02 18:55:00,-0.00818068559588436,-0.048704693164243903,0.9250982426416041
2010-11-02 18:56:00,-0.002176152925814883,-0.07041291685865332,0.9538104176469697
2010-11-02 18:57:00,0.0035195096083113185,-0.08854912110103827,0.9799544155818619
2010-11-02 18:58:00,0.008891283720063118,-0.10303258994179326,1.0034563495448985
2010-11-02 18:59:00,0.013929973359432262,-0.11383061300530362,1.024279430949017
2010-11-02 19:00:00,0.018631701017873873,-0.12095764968037682,1.0424220962489947
2010-11-02 19:01:00,0.022997337809744577,-0.12447392517964993,1.05791571962352
2010-11-02 19:02:00,0.027031884229696414,-0.1244834907544145,1.070821980353198
2010-11-02 19:03:00,0.030743818192431625,-0.12113178119913924,1.0812299536155028
2010-11-02 19:04:00,0.03414442662261134,-0.11460270166524764,1.0892529931997363
2010-11-02 19:05:00,0.03724713645937027,-0.10511527384620488,1.095025473711205
2010-11-02 19:06:00,0.040066860473692976,-0.09291987098944131,1.098699457429737
2010-11-02 19:07:00,0.04261937273291934,-0.0782940746196416,1.1004413464437688
2010-11-02 19:08:00,0.04492072784675658,-0.061538194243955374,1.1004285741229958
2010-11-02 19:09:00,0.04698673727042001,-0.04297050252298923,1.0988463825712076
2010-11-02 19:10:00,0.04883251476230297,-0.02292224929422254,1.0958847256423034
2010-11-02 19:11:00,0.0504721012527218,-0.0017325268780498814,1.091735330855061
2010-11-02 19:12:00,0.0519181766479642,0.020256933570802143,1.0865889480835111
2010-11-02 19:13:00,0.05318186260741022,0.04270694858871082,1.0806328082348389
2010-11-02 19:14:00,0.054272616460713984,0.06528596017388115,1.0740483111805539
2010-11-02 19:15:00,0.05519821254463093,0.08767490952513964,1.06700895869285
2010-11-02 19:16:00,0.05596480364619748,0.10957181204891987,1.0596785447416253
2010-11-02 19:17:00,0.056577052230136884,0.13069594513945765,1.0522096120343714
2010-11-02 19:18:00,0.057038318975596705,0.15079157118811967,1.0447421800469245
2010-11-02 19:19:00,0.057350895026564326,0.16963113187779405,1.0374027459914519
2010-11-02 19:20:00,0.05751626423737059,0.1870178643634992,1.0303035562774532
2010-11-02 19:21:00,0.05753538234696029,0.2027878044541513,1.0235421421981628
2010-11-02 19:22:00,0.05740896118354987,0.21681115585990254,1.017201109969925
2010-11-02 19:23:00,0.05713774746767567,0.22899301772346645,1.0113481719464383
2010-11-02 19:24:00,0.0567227873290017,0.23927347486504616,1.0060364028967963
2010-11-02 19:25:00,0.0561656690384746,0.24762706619454244,1.0013047028022979
2010-11-02 19:26:00,0.05546873749966101,0.25406165645162054,0.9971784457688498
2010-11-02 19:27:00,0.054635274733579965,0.2586167450681576,0.993670293284691
2010-11-02 19:28:00,0.05366964114358472,0.2613612539118756,0.9907811490203827
2010-11-02 19:29:00,0.05257737316088124,0.26239084309667604,0.9885012316137023
2010-11-02 19:30:00,0.05136523433936866,0.2618248108167787,0.9868112414436849
2010-11-02 19:31:00,0.05004121913041174,0.259802639323082,0.9856835972598864
2010-11-02 19:32:00,0.04861451101434474,0.25648025498971205,0.9850837186122822
2010-11-02 19:33:00,0.047095398900939514,0.252026076070903,0.9849713302973403
2010-11-02 19:34:00,0.04549515748851821,0.2466169271470186,0.985301765541641
2010-11-02 19:35:00,0.04382589851663706,0.24043390432420775,0.986027245408923
2010-11-02 19:36:00,0.04210040051296555,0.23365827985936646,0.9870981129387747
2010-11-02 19:37:00,0.040331924743087506,0.22646753845091602,0.9884640018404064
2010-11-02 19:38:00,0.03853402471808615,0.21903163862229222,0.9900749212268242
2010-11-02 19:39:00,0.036720355896427685,0.21150958961279,0.9918822399307247
2010-11-02 19:40:00,0.03490449127850195,0.20404642585308638,0.9938395564473148
2010-11-02 19:41:00,0.03309974764132767,0.19677064816730075,0.995903443507853
2010-11-02 19:42:00,0.03131902628668246,0.18979218551076854,0.9980340595867631
2010-11-02 19:43:00,0.02957467126461216,0.18320091528051113,1.0001956230836815
2010-11-02 19:44:00,0.027878346973283234,0.17706576464362853,1.0023567483050315
2010-11-02 19:45:00,0.026240935898291316,0.17143439966471624,1.0044906455764924
2010-11-02 19:46:00,0.024672456209848467,0.1663334931818532,1.006575190830785
2010-11-02 19:47:00,0.02318199806209046,0.16176954686262324,1.0085928728891684
2010-11-02 19:48:00,0.02177767668111689,0.15773022838633416,1.0105306294298977
2010-11-02 19:49:00,0.020466599645248055,0.15418617144286093,1.0123795852422655
2010-11-02 19:50:00,0.019254845253245306,0.15109317328862945,1.0141347085720018
2010-11-02 19:51:00,0.01814744869328202,0.14839471076290908,1.015794402899039
2010-11-02 19:52:00,0.017148392875535982,0.14602468187649428,1.0173600522270956
2010-11-02 19:53:00,0.016260601195409268,0.14391027031207526,1.0188355378986966
2010-11-02 19:54:00,0.015485930197530211,0.14197482853231302,1.0202267440407535
2010-11-02 19:55:00,0.014825161249697044,0.14014068220012935,1.0215410670465634
2010-11-02 19:56:00,0.014277991889561616,0.138331771140413,1.022786942338189
2010-11-02 19:57:00,0.013843029208547122,0.13647605633823515,1.023973399482889
2010-11-02 19:58:00,0.013517789101872273,0.13450763624458142,1.0251096548628478
2010-11-02 19:59:00,0.013298706045816417,0.13236852834657947,1.026204749571984
2010-11-02 20:00:00,0.013181157968997095,0.13001008406586698,1.0272672388408326
2010-11-02 20:01:00,0.013159509767666236,0.12739401765320837,1.0283049377181959
2010-11-02 20:02:00,0.013227177429568934,0.12449304364048323,1.0293247257036544
2010-11-02 20:03:00,0.013376713038242578,0.12129113250905726,1.0303324105501266
2010-11-02 20:04:00,0.013599909452972696,0.11778340973981063,1.031332648804749
2010-11-02 20:05:00,0.013887922354769891,0.11397573806063972,1.0323289181830033
2010-11-02 20:06:00,0.014231406660780663,0.10988403458379388,1.033323534922976
2010-11-02 20:07:00,0.01462066398971814,0.10553338124290179,1.0343177081128496
2010-11-02 20:08:00,0.01504579778802081,0.10095698701661218,1.0353116226995127
2010-11-02 20:09:00,0.015496872768523231,0.09619505474221937,1.0363045432926437
2010-11-02 20:10:00,0.015964075392715077,0.09129359676371358,1.0372949316697513
2010-11-02 20:11:00,0.016437872231193675,0.08630323505570975,1.0382805718184096
2010-11-02 20:12:00,0.016909163144511925,0.08127801390507189,1.0392586973035347
2010-11-02 20:13:00,0.017369426246010157,0.07627424623278087,1.0402261166645306
2010-11-02 20:14:00,0.017810851462984924,0.07134940766775205,1.0411793333912922
2010-11-02 20:15:00,0.018226459325211542,0.06656108605938078,1.042114657786456
2010-11-02 20:16:00,0.01861020169573652,0.06196598943067005,1.043028308701019
2010-11-02 20:17:00,0.018957041739042196,0.05761901318725069,1.043916503730657
2010-11-02 20:18:00,0.019263011386989423,0.05357236744459319,1.0447755369734038
2010-11-02 20:19:00,0.019525245595388936,0.049874766594340446,1.045601843889491
2010-11-02 20:20:00,0.019741993557120682,0.046570684615073465,1.046392053203521
2010-11-02 20:21:00,0.0199126077204737,0.043699680495603195,1.047143026166306
2010-11-02 20:22:00,0.020037512000840325,0.04129579819064694,1.047851883842053
2010-11-02 20:23:00,0.020118151009536483,0.039387044625575234,1.0485160233931397
2010-11-02 20:24:00,0.020156922493773405,0.03799494771243162,1.0491331245898339
2010-11-02 20:25:00,0.02015709546703602,0.037134195159491366,1.0497011479565308
2010-11-02 20:26:00,0.0201227165572925,0.036812355112653274,1.0502183260479672
2010-11-02 20:27:00,0.02005850678668336,0.03702968134437906,1.0506831493201618
2010-11-02 20:28:00,0.019969750502415232,0.03777900767739907,1.0510943479707935
2010-11-02 20:29:00,0.019862177900888053,0.03904573753417427,1.051450871049484
2010-11-02 20:30:00,0.019741842688853418,0.04080793469490077,1.0517518641146977
2010-11-02 20:31:00,0.019614996679600236,0.04303652057944778,1.0519966467084754
2010-11-02 20:32:00,0.019487963260896902,0.0456955814369277,1.0521846908755215
2010-11-02 20:33:00,0.019367011712730933,0.04874278563046968,1.0523156018392403
2010-11-02 20:34:00,0.019258234488689564,0.05212990719948834,1.0523891017808944
2010-11-02 20:35:00,0.019167429840216025,0.055803447802250335,1.0524050174896376
2010-11-02 20:36:00,0.019099992366802553,0.059705345554266924,1.0523632724862229
2010-11-02 20:37:00,0.01906081406876476,0.06377375662314873,1.0522638840692504
2010-11-02 20:38:00,0.019054198327919665,0.06794389408632368,1.0521069655796953
2010-11-02 20:39:00,0.019083789040462176,0.07214890844143977,1.0518927340275097
2010-11-02 20:40:00,0.019152516804472563,0.0763207947110312,1.0516215230802992
2010-11-02 20:41:00,0.019262563493889252,0.08039131173048138,1.0512938012833069
2010-11-02 20:42:00,0.019415345736461663,0.0842928996933072,1.0509101952661646
2010-11-02 20:43:00,0.019611516892782916,0.08795958233689162,1.0504715175941641
2010-11-02 20:44:00,0.019850986269018888,0.09132784050140937,1.0499787988189497
2010-11-02 20:45:00,0.020132953590049702,0.0943374445717592,1.0494333231377115
2010-11-02 20:46:00,0.02045595622711316,0.09693223475825673,1.0488366668596163
2010-11-02 20:47:00,0.020817926302813705,0.09906084016873824,1.0481907386178906
2010-11-02 20:48:00,0.021216254646299476,0.10067732984106698,1.0474978199909963
2010-11-02 20:49:00,0.021647858745256234,0.10174179102296722,1.0467606049450227
2010-11-02 20:50:00,0.022109252326864965,0.1022208318084278,1.0459822363157016
2010-11-02 20:51:00,0.02259661481634477,0.10208800676014733,1.0451663374271067
2010-11-02 20:52:00,0.02310585946889414,0.10132416551072344,1.0443170368827601
2010-11-02 20:53:00,0.023632699358460223,0.09991772558960678,1.0434389845479224
2010-11-02 20:54:00,0.024172710601438874,0.09786487158496276,1.042537356783143
2010-11-02 20:55:00,0.02472139214745977,0.09516968269145241,1.041617849133173
2010-11-02 20:56:00,0.02527422120771462,0.09184418940750733,1.040686654958852
2010-11-02 20:57:00,0.025826703104344702,0.0879083579980745,1.0397504289130926
2010-11-02 20:58:00,0.026374414247035044,0.08338999923792424,1.0388162346572518
2010-11-02 20:59:00,0.026913037150757477,0.07832459665435884,1.037891476745509
2010-11-02 21:00:00,0.027438386802444276,0.07275504916467684,1.0369838171563004
2010-11-02 21:01:00,0.027946428127880268,0.06673132343157726,1.0361010775303168
2010-11-02 21:02:00,0.028433284708589128,0.06031001223702751,1.0352511287970132
2010-11-02 21:03:00,0.02889523916761352,0.053553796684186854,1.0344417705375446
2010-11-02 21:04:00,0.029328725688256105,0.04653081215860183,1.0336806031310162
2010-11-02 21:05:00,0.029730314935145954,0.03931392067816936,1.032974896415809
2010-11-02 21:06:00,0.030096691366955856,0.031979895099548905,1.0323314590893355
2010-11-02 21:07:00,0.030424622812984498,0.02460852279860549,1.0317565130453377
2010-11-02 21:08:00,0.030710922396498763,0.017281637481957896,1.0312555761689586
2010-11-02 21:09:00,0.030952403410446746,0.010082088586083515,1.0308333561729064
2010-11-02 21:10:00,0.031145828408641257,0.003092659757474737,1.0304936574586303
2010-11-02 21:11:00,0.031287854344184275,-0.0036050487302215543,1.0302393027660965
2010-11-02 21:12:00,0.03137497596374692,-0.009931755961906584,1.0300720710103148
2010-11-02 21:13:00,0.03140346993589301,-0.015811636507233977,1.0299926519315068
2010-11-02 21:14:00,0.031369342497352924,-0.021173439078638043,1.030000617450424
2010-11-02 21:15:00,0.03126828376485974,-0.025951569415541133,1.0300944095237246
2010-11-02 21:16:00,0.031095632174710088,-0.030087115794732566,1.0302713449507483
2010-11-02 21:17:00,0.030846352678882166,-0.03352879085841691,1.0305276386447555
2010-11-02 21:18:00,0.03051503229463606,-0.03623375976614025,1.030858447805375
2010-11-02 21:19:00,0.030095896291588604,-0.038168324755271744,1.0312579394907055
2010-11-02 21:20:00,0.029582847615836145,-0.039308442056105244,1.0317193826749713
2010-11-02 21:21:00,0.02896953112309971,-0.03964005801632505,1.0322352632680565
2010-11-02 21:22:00,0.02824942297214371,-0.03915926334013405,1.0327974180372246
2010-11-02 21:23:00,0.027415944273523854,-0.03787227342696215,1.033397182058039
2010-11-02 21:24:00,0.02646259693213028,-0.0357952474909436,1.034025544333605
2010-11-02 21:25:00,0.025383118728661322,-0.03295396038146248,1.0346733069420093
2010-11-02 21:26:00,0.024171654254218192,-0.02938334018531843,1.0353312439251485
2010-11-02 21:27:00,0.022822938493819816,-0.025126882901943835,1.0359902568321129
2010-11-02 21:28:00,0.021332490535004564,-0.02023595390356151,1.0366415242635822
2010-11-02 21:29:00,0.019696815558623057,-0.01476898556392018,1.0372766429192566
2010-11-02 21:30:00,0.017913613444384663,-0.008790581629572464,1.0378877576427876
2010-11-02 21:31:00,0.015981991981217036,-0.0023705409936225453,1.0384676779941302
2010-11-02 21:32:00,0.013902682104242734,0.0044171842975636744,1.0390099791102916
2010-11-02 21:33:00,0.011678251806032222,0.011495580185545331,1.039509085035779
2010-11-02 21:34:00,0.009313314193287918,0.018785693150347605,1.0399603332156537
2010-11-02 21:35:00,0.006814723763054046,0.02620776634719717,1.0403600193826847
2010-11-02 21:36:00,0.004191753962807935,0.03368237264033503,1.0407054226186376
2010-11-02 21:37:00,0.0014562488092811463,0.041131529633289206,1.0409948108963893
2010-11-02 21:38:00,-0.0013772586037110964,0.048479783038065986,1.0412274278597708
2010-11-02 21:39:00,-0.004291468160390785,0.05565524474512757,1.0414034619499513
2010-11-02 21:40:00,-0.007266283687006383,0.06259057131976402,1.0415239992786078
2010-11-02 21:41:00,-0.010278842125617,0.0692238683030067,1.0415909619261556
2010-11-02 21:42:00,-0.013303610000023608,0.07549950583445801,1.0416070335929224
2010-11-02 21:43:00,-0.016312553728173716,0.08136883134761295,1.0415755746768267
2010-11-02 21:44:00,-0.019275385554719086,0.08679076528384107,1.0415005288507238
2010-11-02 21:45:00,-0.022159881464208525,0.09173226640203382,1.0413863231282872
2010-11-02 21:46:00,-0.024932263423615434,0.09616865500308917,1.0412377633399263
2010-11-02 21:47:00,-0.027557636506864668,0.10008378550138654,1.041059926916734
2010-11-02 21:48:00,-0.030000471231218826,0.10347006393112403,1.0408580548553221
2010-11-02 21:49:00,-0.03222512175374112,0.1063283105905998,1.0406374446741384
2010-11-02 21:50:00,-0.03419637077805203,0.1086674724883026,1.0404033460859266
2010-11-02 21:51:00,-0.03587999183957018,0.11050419389153276,1.0401608610427113
2010-11-02 21:52:00,-0.037243319110748976,0.1118622556946937,1.0399148497885293
2010-11-02 21:53:00,-0.03825581431374808,0.11277189595971335,1.03966984456997
2010-11-02 21:54:00,-0.038889620106317545,0.11326902583366788,1.0394299726617053
2010-11-02 21:55:00,-0.039120089459183,0.1133943576074596,1.0391988903230465
2010-11-02 21:56:00,-0.038926280691060786,0.1131924644938808,1.0389797291996443
2010-11-02 21:57:00,-0.03829140756455131,0.11271079405759006,1.038775056535858
2010-11-02 21:58:00,-0.03720323329747664,0.11199865880180263,1.038586850368538
2010-11-02 21:59:00,-0.03565439728289801,0.1111062280050274,1.038416490547915
2010-11-02 22:00:00,-0.03364266470897128,0.1100835439035711,1.0382647658383053
2010-11-02 22:01:00,-0.031171092507644486,0.10897958229197423,1.0381318965060322
2010-11-02 22:02:00,-0.02824810930502079,0.10784137335667911,1.0380175709778998
2010-11-02 22:03:00,-0.024887510620326982,0.10671319474512454,1.037920994641088
2010-11-02 22:04:00,-0.02110837215802875,0.10563584653291154,1.0378409486840308
2010-11-02 22:05:00,-0.016934883587316804,0.10464601665456078,1.0377758568829425
2010-11-02 22:06:00,-0.012396103908883831,0.10377574470577272,1.0377238582909192
2010-11-02 22:07:00,-0.0075256391883620835,0.10305199106003861,1.0376828838493162
2010-11-02 22:08:00,-0.002361245360423137,0.10249631645377973,1.0376507350002235
2010-11-02 22:09:00,0.003055637131562137,0.10212467454347188,1.0376251624311517
2010-11-02 22:10:00,0.008680405132673534,0.10194731694252838,1.0376039431604946
2010-11-02 22:11:00,0.01446585494037608,0.10196880749367315,1.037584954305032
2010-11-02 22:12:00,0.020362766466262765,0.10218814019232532,1.0375662420236387
2010-11-02 22:13:00,0.026320491926594476,0.10259895311939088,1.0375460842158355
2010-11-02 22:14:00,0.032287535761150274,0.10318982901854892,1.0375230455334359
2010-11-02 22:15:00,0.0382121183042135,0.10394467207815646,1.0374960232380595
2010-11-02 22:16:00,0.04404272092570589,0.10484315017026487,1.0374642825669016
2010-11-02 22:17:00,0.04972861350062193,0.10586119193464492,1.0374274806141013
2010-11-02 22:18:00,0.05522036586874138,0.10697152825006502,1.0373856782151785
2010-11-02 22:19:00,0.060470343848951474,0.10814426758841322,1.0373393398053539
2010-11-02 22:20:00,0.06543318845134281,0.10934749439574916,1.0372893216094297
2010-11-02 22:21:00,0.07006627545113843,0.11054787898172612,1.0372368487902444
2010-11-02 22:22:00,0.07433015182571644,0.11171128673794355,1.0371834823961033
2010-11-02 22:23:00,0.07818894519519448,0.11280337442901114,1.0371310771662499
2010-11-02 22:24:00,0.08161074223833631,0.11379016217894503,1.037081731446791
2010-11-02 22:25:00,0.08456793260842276,0.11463857148120828,1.0370377305677958
2010-11-02 22:26:00,0.0870375160851786,0.11531692170933754,1.0370014850561924
2010-11-02 22:27:00,0.08900137157409092,0.11579537985887645,1.0369754651093113
2010-11-02 22:28:00,0.09044648630359119,0.11604636029451292,1.0369621328756864
2010-11-02 22:29:00,0.09136514236787308,0.1160448727761725,1.0369638742294252
2010-11-02 22:30:00,0.091755056446443,0.11576881789537688,1.036982931829565
2010-11-02 22:31:00,0.09161946764370295,0.11519922958175496,1.0370213413556633
2010-11-02 22:32:00,0.09096716762307751,0.11432046493798842,1.0370808729634313
2010-11-02 22:33:00,0.08981246602720412,0.11312034233983582,1.0371629801597007
2010-11-02 22:34:00,0.08817508320891333,0.11159022916415426,1.0372687582293234
2010-11-02 22:35:00,0.08607996338152067,0.10972508049076829,1.0373989138101338
2010-11-02 22:36:00,0.08355700541563225,0.10752342985920564,1.0375537462310886
2010-11-02 22:37:00,0.08064071430251189,0.10498733299796513,1.0377331401733023
2010-11-02 22:38:00,0.07736978134850421,0.10212226557970948,1.037936568496946
2010-11-02 22:39:00,0.07378660417238145,0.09893697650603801,1.0381631038420458
2010-11-02 22:40:00,0.06993675881259306,0.09544329893713073,1.0384114377265823
2010-11-02 22:41:00,0.06586843640572308,0.09165592208145913,1.0386799060921978
2010-11-02 22:42:00,0.061631856119943436,0.08759212720971445,1.0389665203739402
2010-11-02 22:43:00,0.05727866412918406,0.0832714910251961,1.039269003119304
2010-11-02 22:44:00,0.052861325851289706,0.07871555865946545,1.0395848270661163
2010-11-02 22:45:00,0.04843251668889884,0.07394748815385478,1.0399112565860935
2010-11-02 22:46:00,0.04404451599500573,0.06899166917119438,1.0402453905656517
2010-11-02 22:47:00,0.039748609770778265,0.0638733208881297,1.0405842060481292
2010-11-02 22:48:00,0.03559450900668814,0.05861807705071567,1.0409246022083511
2010-11-02 22:49:00,0.03162979192674476,0.05325156941484961,1.0412634444185296
2010-11-02 22:50:00,0.027899378957991012,0.047799023448865635,1.0415976082702538
2010-11-02 22:51:00,0.024445048426771976,0.0422848813502451,1.041924023447801
2010-11-02 22:52:00,0.021304998969521694,0.03673246651592954,1.0422397172957605
2010-11-02 22:53:00,0.018513462408602074,0.031163700559695754,1.0425418576881487
2010-11-02 22:54:00,0.016100369177647334,0.025598879470675497,1.0428277943035074
2010-11-02 22:55:00,0.014091067302287088,0.020056510991059113,1.0430950968130424
2010-11-02 22:56:00,0.012506095121563128,0.014553212131239791,1.043341588140892
2010-11-02 22:57:00,0.011361007293707467,0.009103664199325946,1.0435653710082284
2010-11-02 22:58:00,0.010666253329576074,0.003720622257425298,1.0437648462934932
2010-11-02 22:59:00,0.010427108002414334,-0.001585023792589328,1.0439387221497822
2010-11-02 23:00:00,0.01064365333812767,-0.006804138327292632,1.0440860132357246
2010-11-02 23:01:00,0.011310812256194172,-0.011929179927418926,1.0442060298134048
2010-11-02 23:02:00,0.012418434116978473,-0.01695399184209368,1.0442983568297948
2010-11-02 23:03:00,0.013951432359149215,-0.02187354254629551,1.0443628234210685
2010-11-02 23:04:00,0.015889974138891684,-0.026683616492151743,1.0443994635670977
2010-11-02 23:05:00,0.01820972151959176,-0.03138045648899251,1.044408468868445
2010-11-02 23:06:00,0.020882123351278023,-0.03596036148967567,1.0443901345855762
2010-11-02 23:07:00,0.023874756523105257,-0.04041924690082123,1.0443448001466225
2010-11-02 23:08:00,0.027151714804441777,-0.04475217818322613,1.0442727853374012
2010-11-02 23:09:00,0.03067404303542102,-0.04895289134820761,1.044174323424637
2010-11-02 23:10:00,0.034400213912966104,-0.053013315303310674,1.0440494925882913
2010-11-02 23:11:00,0.03828664391554389,-0.05692311108077105,1.0438981472230477
2010-11-02 23:12:00,0.04228824393908973,-0.06066924258266378,1.0437198508067114
2010-11-02 23:13:00,0.046358999013989564,-0.0642355932894171,1.0435138120224754
2010-11-02 23:14:00,0.050452570243175204,-0.06760264355467219,1.043278825670467
2010-11-02 23:15:00,0.05452291112854597,-0.0707472233223998,1.0430132197349387
2010-11-02 23:16:00,0.05852488983455495,-0.07364235497260399,1.042714809908513
2010-11-02 23:17:00,0.06241490846976737,-0.07625720042914598,1.0423808629398779
2010-11-02 23:18:00,0.06615150989230939,-0.07855712590939969,1.042008070306196
2010-11-02 23:19:00,0.06969596183991154,-0.08050389719905546,1.04159253383706
2010-11-02 23:20:00,0.0730128074657806,-0.0820560181925717,1.0411297650027962
2010-11-02 23:21:00,0.07607037059881791,-0.08316922498829453,1.0406146996502987
2010-11-02 23:22:00,0.07884120322967765,-0.0837971458702758,1.0400417300222788
2010-11-02 23:23:00,0.08130246235792761,-0.08389213315624129,1.039404755848713
2010-11-02 23:24:00,0.08343620425527398,-0.08340626641858442,1.038697256062021
2010-11-02 23:25:00,0.08522958657866493,-0.0822925191412342,1.0379123822681597
2010-11-02 23:26:00,0.08667497168646476,-0.08050607293149999,1.037043074604218
2010-11-02 23:27:00,0.08776992689432676,-0.07800575434853041,1.036082200104819
2010-11-02 23:28:00,0.08851711918757933,-0.07475555944856119,1.0350227131593353
2010-11-02 23:29:00,0.08892410384193548,-0.07072622241987017,1.0338578370364955
2010-11-02 23:30:00,0.08900300889171618,-0.0658967793173016,1.0325812648681787
2010-11-02 23:31:00,0.08877012015494466,-0.060256076040883365,1.031187377988252
2010-11-02 23:32:00,0.08824537443325207,-0.053804170309284687,1.029671478942644
2010-11-02 23:33:00,0.08745177174395506,-0.04655357984027014,1.028030035607313
2010-11-02 23:34:00,0.08641472100239288,-0.03853033288080696,1.0262609317961282
2010-11-02 23:35:00,0.0851613371770786,-0.029774781902641267,1.0243637188547217
2010-11-02 23:36:00,0.08371971114951121,-0.020342146070915983,1.0223398621684943
2010-11-02 23:37:00,0.08211817544942705,-0.010302752951561129,1.0201929761492874
2010-11-02 23:38:00,0.0803845887836198,0.0002580447073117608,1.0179290408879749
2010-11-02 23:39:00,0.07854565995447622,0.011240294936800595,1.0155565931275112
2010-11-02 23:40:00,0.07662632858568129,0.02253022600054825,1.0130868836851012
2010-11-02 23:41:00,0.07464921715943415,0.03400138318622953,1.0105339933005466
2010-11-02 23:42:00,0.07263416649570262,0.045516120415252805,1.0079148992590463
2010-11-02 23:43:00,0.07059786470298388,0.05692743770738073,1.005249485870291
2010-11-02 23:44:00,0.06855357756533163,0.06808114800368917,1.0025604927552518
2010-11-02 23:45:00,0.0665109862187874,0.07881834747718502,0.9998733957632872
2010-11-02 23:46:00,0.06447613568206816,0.08897815221717487,0.9972162162883834
2010-11-02 23:47:00,0.06245149513943617,0.09840065174349107,0.994619256055197
2010-11-02 23:48:00,0.060436127759163676,0.10693001683944243,0.9921147562931072
2010-11-02 23:49:00,0.058425964452090105,0.11441768588355826,0.9897364824585441
2010-11-02 23:50:00,0.056414172739874445,0.12072554099362726,0.9875192379234612
2010-11-02 23:51:00,0.054391609343899125,0.1257289755901799,0.9854983119549201
2010-11-02 23:52:00,0.05234734361221435,0.12931975209005517,0.9837088686423424
2010-11-02 23:53:00,0.05026923842433135,0.13140855378712557,0.9821852841760026
2010-11-02 23:54:00,0.04814457531193684,0.1319271464552902,0.9809604402566408
2010-11-02 23:55:00,0.04596071069594477,0.13083007941235908,0.9800649816981616
2010-11-02 23:56:00,0.04370574999712108,0.12809587058991542,0.9795265466341848
2010-11-02 23:57:00,0.04136922580390138,0.12372763492227787,0.9793689782068302
2010-11-02 23:58:00,0.0389427654811312,0.11775312999045015,0.9796115272250644
2010-11-02 23:59:00,0.03642073295361748,0.11022420738187041,0.9802680560157707
2010-11-03 00:00:00,0.03380082912313788,0.10121567280747201,0.9813462545027054
2010-11-03 00:01:00,0.031084635539496926,0.09082357276350464,0.9828468804005507
2010-11-03 00:02:00,0.028278086653058435,0.0791629405519336,0.984763036264609
2010-11-03 00:03:00,0.025391857331232743,0.06636505002557355,0.9870794969167614
2010-11-03 00:04:00,0.02244165431875861,0.05257424166519211,0.9897721014258399
2010-11-03 00:05:00,0.019448402934194777,0.03794440231692796,0.9928072243704995
2010-11-03 00:06:00,0.016438323378613902,0.022635196163126627,0.9961413415689686
2010-11-03 00:07:00,0.013442894125762788,0.006808157735624206,0.9997207057642714
2010-11-03 00:08:00,0.010498702449571363,-0.009377235798364636,1.0034811477882464
2010-11-03 00:09:00,0.007647184072940421,-0.02576739826707935,1.007348018519352
2010-11-03 00:10:00,0.004934255321631819,-0.04221826815846977,1.0112362868891354
2010-11-03 00:11:00,0.002409842194750527,-0.058598647270536215,1.0150508097058502
2010-11-03 00:12:00,0.00012731165613868862,-0.07479315950849506,1.0186867898275986
2010-11-03 00:13:00,-0.0018571884750701935,-0.09070475536780023,1.0220304389671342
2010-11-03 00:14:00,-0.0034854733189022455,-0.10625670015727928,1.024959858839087
2010-11-03 00:15:00,-0.0046981393756200494,-0.1213939995246386,1.0273461491976819
2010-11-03 00:16:00,-0.005435447569520605,-0.13608423378216067,1.0290547443149574
2010-11-03 00:17:00,-0.005638260097521316,-0.15031779154240754,1.0299469716074658
2010-11-03 00:18:00,-0.005249019398804448,-0.1641075110286155,1.0298818184635061
2010-11-03 00:19:00,-0.004212756288633208,-0.1774877515702021,1.0287178869047098
2010-11-03 00:20:00,-0.002478112813767464,-0.19051292778771323,1.0263155107412192
2010-11-03 00:21:00,1.6358859993204377e-06,-0.20325554743334806,1.0225390053300452
2010-11-03 00:22:00,0.003267577188877163,-0.21580380377321187,1.017259014881254
2010-11-03 00:23:00,0.007354190812851568,-0.2282587852917171,1.010354916549749
2010-11-03 00:24:00,0.01228842959519159,-0.24073137752373813,1.0017172352092878
2010-11-03 00:25:00,0.0180888680811476,-0.25333894142897656,0.9912500187252447
2010-11-03 00:26:00,0.02476493621744235,-0.26620185779301403,0.9788731212244525
2010-11-03 00:27:00,0.03231625617948808,-0.27944002695081754,0.9645243413547638
2010-11-03 00:28:00,0.04073210095985693,-0.2931694094554247,0.9481613633369772
2010-11-03 00:29:00,0.049990993234594536,-0.3074986895223587,0.9297634499581704
2010-11-03 00:30:00,0.06006046191463555,-0.32252614070908986,0.909332838292446
2010-11-03 00:31:00,0.07089697183190026,-0.3383367703051669,0.8868957915058214
2010-11-03 00:32:00,0.0824460395161038,-0.35499981242352746,0.8625032644051083
2010-11-03 00:33:00,0.09464254521779078,-0.37256662942975266,0.8362311465883225
2010-11-03 00:34:00,0.10741124837000314,-0.39106906902802174,0.8081800547844742
2010-11-03 00:35:00,0.12066751059932918,-0.4105183119701079,0.7784746548399125
2010-11-03 00:36:00,0.13431822697750898,-0.4309042340657992,0.7472625035194274
2010-11-03 00:37:00,0.14826296189106314,-0.45219529640812245,0.7147124106406548
2010-11-03 00:38:00,0.16239528012376195,-0.47433896873544146,0.6810123332755392
2010-11-03 00:39:00,0.17660425642443905,-0.4972626801787073,0.6463668267492996
2010-11-03 00:40:00,0.19077613848290897,-0.5208752766209325,0.6109940930149449
2010-11-03 00:41:00,0.20479612947748957,-0.5450689439738072,0.5751226859570251
2010-11-03 00:42:00,0.218550247656904,-0.5697215338337629,0.5389879542107274
2010-11-03 00:43:00,0.23192721261348834,-0.5946992059444414,0.5028283221534088
2010-11-03 00:44:00,0.2448203027622152,-0.6198592857581624,0.46688152358400026
2010-11-03 00:45:00,0.2571291280426618,-0.645053229838496,0.4313809050996149
2010-11-03 00:46:00,0.2687612664742856,-0.6701295977030528,0.3965519064132028
2010-11-03 00:47:00,0.27963372129807595,-0.6949369421679875,0.3626088070658769
2010-11-03 00:48:00,0.2896741647390756,-0.719326546292556,0.3297518087614377
2010-11-03 00:49:00,0.2988219434874491,-0.7431549505788887,0.29816450328217203
2010-11-03 00:50:00,0.30702882938308385,-0.7662862282073974,0.26801175868081417
2010-11-03 00:51:00,0.3142595064838897,-0.7885939786722116,0.2394380412792382
2010-11-03 00:52:00,0.320491792753109,-0.8099630212484117,0.21256617787601093
2010-11-03 00:53:00,0.3257166010698008,-0.830290779307119,0.18749655139481597
2010-11-03 00:54:00,0.32993765020703836,-0.8494883546387668,0.1643067139074023
2010-11-03 00:55:00,0.33317094189681484,-0.8674812977011452,0.14305139344400494
2010-11-03 00:56:00,0.3354440251726781,-0.884210085136537,0.12376286515753444
2010-11-03 00:57:00,0.33679507389677965,-0.899630320072531,0.10645165311789707
2010-11-03 00:58:00,0.33727180767556875,-0.9137126737514085,0.09110752612910047
2010-11-03 00:59:00,0.3369302898926895,-0.9264425891608684,0.07770074925786562
2010-11-03 01:00:00,0.33583363864860083,-0.9378197689385825,0.06618355192699334
2010-11-03 01:01:00,0.33405068637959107,-0.9478574712422506,0.05649177316748995
2010-11-03 01:02:00,0.33165462186948386,-0.9565816386074808,0.04854664481391904
2010-11-03 01:03:00,0.3287216449718695,-0.964029885883888,0.04225667411477948
2010-11-03 01:04:00,0.32532966044284445,-0.9702503739267891,0.037519588493041434
2010-11-03 01:05:00,0.321557033323566,-0.9753005957384051,0.03422430703042168
2010-11-03 01:06:00,0.31748142447585814,-0.9792461012285085,0.032252905587738655
2010-11-03 01:07:00,0.3131787212098705,-0.9821591857725193,0.03148254521388767
2010-11-03 01:08:00,0.30872207447666533,-0.9841175663609145,0.03178733654067944
2010-11-03 01:09:00,0.30418105085374086,-0.9852030674294993,0.033040116119871676
2010-11-03 01:10:00,0.29962090454844237,-0.9855003365039421,0.035114114049345856
2010-11-03 01:11:00,0.29510197190020715,-0.9850956076487787,0.03788449568227361
2010-11-03 01:12:00,0.2906791883903618,-0.984075528441405,0.04122976364879441
2010-11-03 01:13:00,0.2864017259753024,-0.9825260638507743,0.04503300978457299
2010-11-03 01:14:00,0.2823127466479565,-0.9805314880384752,0.04918300980288337
2010-11-03 01:15:00,0.2784492665016952,-0.9781734727614242,0.05357515662260214
2010-11-03 01:16:00,0.2748421232147737,-0.9755302787802149,0.05811223113726548
2010-11-03 01:17:00,0.27151603878301755,-0.9726760544989005,0.06270501185100334
2010-11-03 01:18:00,0.2684897684918862,-0.9696802440080717,0.06727272719349554
2010-11-03 01:19:00,0.26577632652141553,-0.966607104795565,0.07174335644241597
2010-11-03 01:20:00,0.2633832782014912,-0.9635153336457236,0.07605378701851889
2010-11-03 01:21:00,0.2613130887611526,-0.9604577976826387,0.0801498374714719
2010-11-03 01:22:00,0.25956351842389713,-0.9574813661346011,0.0839861567446321
2010-11-03 01:23:00,0.25812805387077803,-0.9546268372112173,0.08752601129954551
2010-11-03 01:24:00,0.25699636640442786,-0.9519289534927786,0.090740972405394
2010-11-03 01:25:00,0.2561547875808607,-0.9494164984316761,0.09361051636783221
2010-11-03 01:26:00,0.2555867936138774,-0.9471124659526298,0.09612155070151834
2010-11-03 01:27:00,0.2552734904816292,-0.9450342947042099,0.09826787925926896
2010-11-03 01:28:00,0.2551940923591367,-0.9431941582491347,0.10004961913798265
2010-11-03 01:29:00,0.25532638674734054,-0.9415993023746376,0.10147258180845276
2010-11-03 01:30:00,0.2556471804521746,-0.9402524207444487,0.10254763038508709
2010-11-03 01:31:00,0.25613272137071136,-0.9391520602862193,0.1032900242849934
2010-11-03 01:32:00,0.2567590918511967,-0.9382930479971638,0.10371876174647071
2010-11-03 01:33:00,0.2575025701966275,-0.9376669312409789,0.10385592980687726
2010-11-03 01:34:00,0.2583399576656449,-0.9372624240855958,0.10372607040068181
2010-11-03 01:35:00,0.25924886907958516,-0.9370658527790632,0.10335557025086728
2010-11-03 01:36:00,0.2602079858616265,-0.9370615940654805,0.10277208121012926
2010-11-03 01:37:00,0.2611972710056064,-0.9372325006905969,0.10200397668046882
2010-11-03 01:38:00,0.26219814609212844,-0.937560309123922,0.10107984871735337
2010-11-03 01:39:00,0.2631936310332938,-0.9380260252178518,0.10002804942269758
2010-11-03 01:40:00,0.26416844773140213,-0.9386102842222097,0.0988762792630409
2010-11-03 01:41:00,0.2651090892791172,-0.9392936822636049,0.09765122402733795
2010-11-03 01:42:00,0.26600385670769666,-0.9400570770729941,0.09637824127277633
2010-11-03 01:43:00,0.2668428656055882,-0.9408818563925349,0.09508109630516211
2010-11-03 01:44:00,0.2676180251824089,-0.9417501731063791,0.09378174700898603
2010-11-03 01:45:00,0.26832299254420283,-0.9426451467136849,0.09250017618581231
2010-11-03 01:46:00,0.26895310507684966,-0.9435510312917318,0.09125426948099287
2010-11-03 01:47:00,0.2695052939086571,-0.9444533505787387,0.09005973647962687
2010-11-03 01:48:00,0.2699779814448833,-0.9453390012355612,0.08893007213404945
2010-11-03 01:49:00,0.27037096594143,-0.9461963257193466,0.087876555346797
2010-11-03 01:50:00,0.27068529601739777,-0.9470151565186765,0.08690828127335962
2010-11-03 01:51:00,0.2709231379012913,-0.9477868337587921,0.0860322237249867
2010-11-03 01:52:00,0.2710876380677408,-0.9485041983888712,0.08525332393905062
2010-11-03 01:53:00,0.27118278375494653,-0.9491615633144351,0.08457460193778434
2010-11-03 01:54:00,0.2712132636621188,-0.9497546649415618,0.08399728670963343
2010-11-03 01:55:00,0.2711843309157864,-0.9502805976603367,0.08352096151455768
2010-11-03 01:56:00,0.27110167016925435,-0.9507377338161973,0.08314372072907256
2010-11-03 01:57:00,0.27097127046612224,-0.9511256317014292,0.08286233480300673
2010-11-03 01:58:00,0.2707993052617261,-0.9514449340468818,0.08267242009273472
2010-11-03 01:59:00,0.2705920207600001,-0.9516972594091233,0.08256861055956284
2010-11-03 02:00:00,0.27035563349117275,-0.9518850887353834,0.0825447285707598
2010-11-03 02:01:00,0.27009623783094305,-0.9520116492528976,0.08259395230794027
2010-11-03 02:02:00,0.26981972394701814,-0.9520807976749485,0.0827089775672924
2010-11-03 02:03:00,0.2695317064565036,-0.9520969045462686,0.08288217202356793
2010-11-03 02:04:00,0.26923746388958875,-0.9520647413685309,0.08310572032030604
2010-11-03 02:05:00,0.2689418888827719,-0.9519893719558177,0.08337175863780513
2010-11-03 02:06:00,0.26864944886961767,-0.9518760492740216,0.08367249767328165
2010-11-03 02:07:00,0.2683641568994733,-0.9517301188207609,0.0840003332404053
2010-11-03 02:08:00,0.2680895520951137,-0.9515569294069661,0.08434794395477482
2010-11-03 02:09:00,0.2678286891590733,-0.951361752010895,0.08470837571541706
2010-11-03 02:10:00,0.2675841362553055,-0.9511497071926744,0.08507511291800404
2010-11-03 02:11:00,0.26735798052738724,-0.9509257013848599,0.08544213654141633
2010-11-03 02:12:00,0.2671518404661196,-0.9506943722136688,0.08580396943414186
2010-11-03 02:13:00,0.26696688430723714,-0.9504600428574235,0.08615570928991634
2010-11-03 02:14:00,0.2668038536230342,-0.9502266853133869,0.08649304994265727
2010-11-03 02:15:00,0.2666630912689231,-0.9499978923214975,0.08681229172918258
2010-11-03 02:16:00,0.26654457285601274,-0.9497768575841139,0.08711034176471087
2010-11-03 02:17:00,0.26644794094243945,-0.9495663638261035,0.08738470505116397
2010-11-03 02:18:00,0.26637254116802916,-0.9493687781606237,0.08763346739253759
2010-11-03 02:19:00,0.2663174595975445,-0.9491860541634354,0.08785527112604737
2010-11-03 02:20:00,0.2662815605858916,-0.9490197400126383,0.08804928469361409
2010-11-03 02:21:00,0.2662635245328682,-0.9488709920204688,0.08821516707703425
2010-11-03 02:22:00,0.26626188495401537,-0.9487405928669012,0.0883530281036767
2010-11-03 02:23:00,0.2662750643566303,-0.9486289738383734,0.08846338559964828
2010-11-03 02:24:00,0.2663014084748095,-0.948536240377243,0.08854712032584226
2010-11-03 02:25:00,0.26633921848337955,-0.9484622002585283,0.08860542958069093
2010-11-03 02:26:00,0.26638678087668516,-0.9484063937304249,0.08863978029329238
2010-11-03 02:27:00,0.2664423947634535,-0.948368124983416,0.08865186236345726
2010-11-03 02:28:00,0.2665043963924071,-0.9483464943482852,0.088643542932747
2010-11-03 02:29:00,0.26657118078404457,-0.9483404306651295,0.08861682219427676
2010-11-03 02:30:00,0.26664122040123006,-0.9483487233129965,0.08857379127031567
2010-11-03 02:31:00,0.26671308084428913,-0.9483700534419549,0.08851659260687168
2010-11-03 02:32:00,0.2667854336048154,-0.948403024004578,0.0884473832548734
2010-11-03 02:33:00,0.2668570659561981,-0.9484461882399374,0.08836830132960236
2010-11-03 02:34:00,0.2669268880979209,-0.9484980763182687,0.08828143586487479
2010-11-03 02:35:00,0.2669939377047442,-0.9485572199072682,0.0881888002070451
2010-11-03 02:36:00,0.267057382060563,-0.9486221744715513,0.08809230902685723
2010-11-03 02:37:00,0.2671165179796499,-0.9486915391656845,0.08799375896497838
2010-11-03 02:38:00,0.2671707697350701,-0.9487639742283992,0.08789481287010407
2010-11-03 02:39:00,0.2672196852253729,-0.9488382158307062,0.08779698753713279
2010-11-03 02:40:00,0.2672629306162841,-0.9489130883736353,0.08770164480727441
2010-11-03 02:41:00,0.2673002836943993,-0.9489875142721268,0.08760998585226365
2010-11-03 02:42:00,0.26733162616591355,-0.9490605212990609,0.08752304843135741
2010-11-03 02:43:00,0.2673569351266466,-0.9491312475958115,0.08744170688272096
2010-11-03 02:44:00,0.267376273920888,-0.9491989444822626,0.08736667459009792
2010-11-03 02:45:00,0.2673897825958314,-0.9492629772207107,0.08729850865096318
2010-11-03 02:46:00,0.2673976681452966,-0.9493228239058392,0.0872376164632208
2010-11-03 02:47:00,0.2674001947210706,-0.9493780726679115,0.08718426394350584
2010-11-03 02:48:00,0.26739767397285563,-0.9494284173886601,0.08713858509086592
2010-11-03 02:49:00,0.2673904556589471,-0.949473652138776,0.08710059261460776
2010-11-03 02:50:00,0.2673789186500882,-0.9495136645520468,0.08707018935398814
2010-11-03 02:51:00,0.2673634624294557,-0.9495484283534646,0.08704718022983648
2010-11-03 02:52:00,0.2673444991735099,-0.949577995256035,0.08703128448372661
2010-11-03 02:53:00,0.26732244648207404,-0.9496024864327482,0.08702214797848642
2010-11-03 02:54:00,0.26729772081119585,-0.9496220837566588,0.08701935535409441
2010-11-03 02:55:00,0.26727073164818566,-0.9496370209851254,0.08702244185481199
2010-11-03 02:56:00,0.2672418764539408,-0.9496475750462324,0.08703090466624991
2010-11-03 02:57:00,0.2672115363831777,-0.9496540575675279,0.08704421362453321
2010-11-03 02:58:00,0.2671800727790248,-0.9496568067694624,0.08706182118342547
2010-11-03 02:59:00,0.26714782442501805,-0.9496561798278562,0.0870831715488326
2010-11-03 03:00:00,0.2671151055248489,-0.9496525457913663,0.08710770891318002
2010-11-03 03:01:00,0.2670822043682,-0.9496462791216881,0.08713488474442334
2010-11-03 03:02:00,0.26704938263008987,-0.9496377539063698,0.0871641641056405
2010-11-03 03:03:00,0.26701687524205925,-0.9496273387766878,0.08719503100103763
2010-11-03 03:04:00,0.26698489076687504,-0.9496153925461469,0.08722699276259668
2010-11-03 03:05:00,0.26695361220441705,-0.9496022605692326,0.08725958350834166
2010-11-03 03:06:00,0.2669231981547278,-0.9495882718057679,0.08729236671817013
2010-11-03 03:07:00,0.2668937842641498,-0.9495737365641477,0.08732493698628113
2010-11-03 03:08:00,0.2668654848815716,-0.9495589448864152,0.08735692102035177
2010-11-03 03:09:00,0.26683839485417704,-0.9495441655284647,0.08738797796672053
2010-11-03 03:10:00,0.2668125913961003,-0.9495296454790015,0.08741779914790865
2010-11-03 03:11:00,0.26678813596907847,-0.9495156099519824,0.08744610730386285
2010-11-03 03:12:00,0.2667650761212327,-0.949502262780188,0.08747265543137278
2010-11-03 03:13:00,0.266743447238267,-0.9494897871326557,0.08749722531726217
2010-11-03 03:14:00,0.26672327417053937,-0.9494783464753066,0.08751962586024986
2010-11-03 03:15:00,0.26670457270904746,-0.9494680856919666,0.08753969127391611
2010-11-03 03:16:00,0.2666873508922331,-0.9494591322827886,0.08755727925909565
2010-11-03 03:17:00,0.2666716101327121,-0.9494515975598148,0.0875722692283729
2010-11-03 03:18:00,0.2666573461584316,-0.9494455777653537,0.0875845606583127
2010-11-03 03:19:00,0.2666445497667255,-0.9494411550474312,0.08759407163676798
2010-11-03 03:20:00,0.26663320739269314,-0.949438398237006,0.08760073766321964
2010-11-03 03:21:00,0.2666233014955586,-0.9494373633830833,0.08760451074977958
2010-11-03 03:22:00,0.26661481076843146,-0.9494380940136482,0.08760535885938502
2010-11-03 03:23:00,0.2666077101785057,-0.9494406211021181,0.08760326570600539
2010-11-03 03:24:00,0.2666019708466028,-0.9494449627309154,0.08759823092955936
2010-11-03 03:25:00,0.26659755977734073,-0.9494511234559212,0.08759027064589
2010-11-03 03:26:00,0.26659443945402356,-0.9494590933876226,0.08757941835975566
2010-11-03 03:27:00,0.2665925673153275,-0.9494688470160818,0.08756572621653766
2010-11-03 03:28:00,0.26659189513370446,-0.9494803418170414,0.08754926655642624
2010-11-03 03:29:00,0.26659236831793937,-0.9494935166855044,0.08753013372340417
2010-11-03 03:30:00,0.2665939251644489,-0.9495082902511355,0.0875084460705903
2010-11-03 03:31:00,0.26659649608379543,-0.9495245591369325,0.08748434809360871
2010-11-03 03:32:00,0.26660000283049845,-0.9495421962290166,0.08745801261478511
2010-11-03 03:33:00,0.2666043577653998,-0.9495610490313177,0.08742964293330535
2010-11-03 03:34:00,0.2666094631804385,-0.9495809381844423,0.08739947485015843
2010-11-03 03:35:00,0.266615210715765,-0.9496016562326888,0.08736777847188176
2010-11-03 03:36:00,0.2666214808989089,-0.9496229667260518,0.08733485969396874
2010-11-03 03:37:00,0.2666281428354092,-0.9496446037440822,0.0873010612634178
2010-11-03 03:38:00,0.2666350540798817,-0.9496662719253085,0.08726676332040384
2010-11-03 03:39:00,0.26664206071565794,-0.9496876470803626,0.08723238332152727
2010-11-03 03:40:00,0.26664899766977423,-0.9497083774599507,0.08719837525161683
2010-11-03 03:41:00,0.2666556892885137,-0.9497280857403677,0.08716522803768624
2010-11-03 03:42:00,0.2666619501972619,-0.9497463717784966,0.08713346308740404
2010-11-03 03:43:00,0.26666758646696054,-0.9497628161748017,0.08710363088533181
2010-11-03 03:44:00,0.26667239710723517,-0.949776984667317,0.08707630659318771
2010-11-03 03:45:00,0.2666761759026521,-0.9497884333631065,0.08705208461544128
2010-11-03 03:46:00,0.266678713603262,-0.9497967147969493,0.08703157210855418
2010-11-03 03:47:00,0.2666798004738009,-0.9498013847904991,0.0870153814310322
2010-11-03 03:48:00,0.2666792291981305,-0.9498020100687754,0.08700412155198858
2010-11-03 03:49:00,0.2666767981272466,-0.9497981765741158,0.08699838845794244
2010-11-03 03:50:00,0.2666723148507024,-0.949789498400238,0.08699875462085374
2010-11-03 03:51:00,0.26666560006249507,-0.949775627250673,0.08700575761465568
2010-11-03 03:52:00,0.266656491683217,-0.949756262306855,0.087019887992475
2010-11-03 03:53:00,0.2666448491905427,-0.9497311603724085,0.08704157656198427
2010-11-03 03:54:00,0.26663055809995373,-0.9497001461428017,0.08707118122152306
2010-11-03 03:55:00,0.266613534527178,-0.9496631224342552,0.08710897354434007
2010-11-03 03:56:00,0.26659372975360485,-0.9496200801924748,0.08715512532210237
2010-11-03 03:57:00,0.2665711347065855,-0.9495711080896163,0.08720969530122351
2010-11-03 03:58:00,0.2665457842586247,-0.9495164015060954,0.08727261636609451
2010-11-03 03:59:00,0.2665177612433138,-0.9494562706823543,0.08734368344145438
2010-11-03 04:00:00,0.2664872000815759,-0.9493911478153164,0.08742254240138767
2010-11-03 04:01:00,0.26645428990948694,-0.9493215928662462,0.0875086802842657
2010-11-03 04:02:00,0.2664192770987011,-0.9492482978419962,0.08760141712084009
2010-11-03 04:03:00,0.2663824670622834,-0.9491720893107113,0.08769989968615477
2010-11-03 04:04:00,0.2663442252422878,-0.9490939289165952,0.08780309748448141
2010-11-03 04:05:00,0.2663049771803884,-0.9490149116672882,0.08790980126964588
2010-11-03 04:06:00,0.26626520757912164,-0.9489362617827651,0.0880186243904904
2010-11-03 04:07:00,0.26622545826907495,-0.9488593259169813,0.08812800723246239
2010-11-03 04:08:00,0.2661863250072151,-0.9487855635924363,0.08823622500116218
2010-11-03 04:09:00,0.2661484530439313,-0.9487165347222626,0.08834139906190853
2010-11-03 04:10:00,0.2661125314113874,-0.9486538841332001,0.08844151201087153
2010-11-03 04:11:00,0.26607928590325347,-0.948599323045181,0.08853442660804971
2010-11-03 04:12:00,0.266049470735493,-0.948554607509067,0.08861790865041982
2010-11-03 04:13:00,0.2660238588992371,-0.948521513853399,0.08868965380516398
2010-11-03 04:14:00,0.2660032312395812,-0.9485018112438538,0.08874731835830398
2010-11-03 04:15:00,0.26598836431829703,-0.9484972315156489,0.08878855376379874
2010-11-03 04:16:00,0.26598001714393604,-0.9485094364998264,0.08881104480277938
2010-11-03 04:17:00,0.2659789168794694,-0.9485399831293024,0.08881255108284197
2010-11-03 04:18:00,0.265985743664998,-0.9485902866792046,0.08879095152407335
2010-11-03 04:19:00,0.26600111472052845,-0.9486615825672263,0.08874429139277824
2010-11-03 04:20:00,0.26602556792083926,-0.94875488721176,0.08867083135688544
2010-11-03 04:21:00,0.2660595450608075,-0.9488709585161554,0.08856909795005147
2010-11-03 04:22:00,0.26610337505506765,-0.9490102566141537,0.0884379347460029
2010-11-03 04:23:00,0.26615725734025203,-0.9491729055723095,0.0882765534622279
2010-11-03 04:24:00,0.26622124577085926,-0.9493586567985003,0.08808458413441267
2010-11-03 04:25:00,0.2662952333204144,-0.9495668549505049,0.0878621234317701
2010-11-03 04:26:00,0.266378937917399,-0.9497964071743416,0.08760978012045025
2010-11-03 04:27:00,0.2664718897598576,-0.9500457565276642,0.0873287166294251
2010-11-03 04:28:00,0.26657342046303983,-0.9503128604579719,0.08702068563250258
2010-11-03 04:29:00,0.2666826544002397,-0.9505951752076491,0.08668806053332975
2010-11-03 04:30:00,0.26679850259744126,-0.9508896470066216,0.08633385872923638
2010-11-03 04:31:00,0.26691965953686014,-0.9511927108870725,0.08596175653631141
2010-11-03 04:32:00,0.2670446032125109,-0.9515002979118443,0.08557609468385234
2010-11-03 04:33:00,0.2671715987621574,-0.9518078515480782,0.08518187333278723
2010-11-03 04:34:00,0.2672987059740612,-0.9521103538399364,0.08478473564115675
2010-11-03 04:35:00,0.26742379093348506,-0.9524023619387385,0.08439093899134192
2010-11-03 04:36:00,0.26754454203265915,-0.9526780554353773,0.08400731310924274
2010-11-03 04:37:00,0.26765849051872076,-0.9529312948081224,0.08364120444555077
2010-11-03 04:38:00,0.267763035697001,-0.9531556911484343,0.0833004063537609
2010-11-03 04:39:00,0.2678554748421069,-0.9533446871583939,0.08299307478838484
2010-11-03 04:40:00,0.26793303779684813,-0.9534916492269216,0.08272762945929078
2010-11-03 04:41:00,0.2679929261596521,-0.9535899701894057,0.08251264061306886
2010-11-03 04:42:00,0.26803235687533844,-0.9536331821575811,0.08235670186820007
2010-11-03 04:43:00,0.2680486099527796,-0.9536150785744322,0.08226828980547012
2010-11-03 04:44:00,0.26803907993699827,-0.9535298444046805,0.08225561130588212
2010-11-03 04:45:00,0.2680013306637049,-0.9533721931188988,0.08232643993211447
2010-11-03 04:46:00,0.2679331527223758,-0.9531375088733329,0.08248794296263659
2010-11-03 04:47:00,0.26783262295112364,-0.952821992033121,0.08274650100570631
2010-11-03 04:48:00,0.2676981651844192,-0.9524228059386864,0.08310752243889127
2010-11-03 04:49:00,0.26752861137495526,-0.9519382225784122,0.08357525523327185
2010-11-03 04:50:00,0.26732326211554364,-0.9513677646098405,0.0841525990244488
2010-11-03 04:51:00,0.2670819454979475,-0.9507123409712668,0.0848409205788612
2010-11-03 04:52:00,0.26680507316510366,-0.9499743731510896,0.08563987606735445
2010-11-03 04:53:00,0.2664936923434256,-0.9491579090394211,0.0865472437917974
2010-11-03 04:54:00,0.26614953258500007,-0.9482687211807651,0.08755877120803086
2010-11-03 04:55:00,0.26577504590772083,-0.947314386183208,0.08866804024266726
2010-11-03 04:56:00,0.26537343899694543,-0.9463043420238558,0.08986635500541898
2010-11-03 04:57:00,0.2649486961272277,-0.9452499200272709,0.09114265604602431
2010-11-03 04:58:00,0.26450559147909974,-0.9441643483874775,0.09248346528906357
2010-11-03 04:59:00,0.26404968956560343,-0.9430627242581573,0.09387286569502332
2010-11-03 05:00:00,0.26358733254795147,-0.9419619516533223,0.09529251953642719
2010-11-03 05:01:00,0.26312561331072204,-0.9408806426850125,0.09672172893894813
2010-11-03 05:02:00,0.2626723332854716,-0.9398389800171993,0.09813754201524436
2010-11-03 05:03:00,0.26223594415836265,-0.9388585388367803,0.09951490751092151
2010-11-03 05:04:00,0.26182547277271645,-0.9379620671329636,0.10082688038576745
2010-11-03 05:05:00,0.26145042874124325,-0.9371732236338034,0.10204488016876943
2010-11-03 05:06:00,0.2611206945144957,-0.9365162733699715,0.10313900325337218
2010-11-03 05:07:00,0.26084639791074415,-0.9360157415165223,0.10407838954250244
2010-11-03 05:08:00,0.2606377673963201,-0.9356960268976483,0.10483164301529449
2010-11-03 05:09:00,0.2605049707122749,-0.9355809773206035,0.10536730487519017
2010-11-03 05:10:00,0.2604579377700873,-0.9356934297257421,0.10565437695998374
2010-11-03 05:11:00,0.2605061690826428,-0.9360547189912063,0.10566289205817357
2010-11-03 05:12:00,0.26065853135267547,-0.936684160102549,0.10536452669437217
2010-11-03 05:13:00,0.2609230422045603,-0.9375985092770133,0.10473325083316874
2010-11-03 05:14:00,0.26130664641140444,-0.9388114105050668,0.10374600782129967
2010-11-03 05:15:00,0.261814986331862,-0.9403328348219135,0.10238341675967262
2010-11-03 05:16:00,0.2624521696235034,-0.9421685204315828,0.10063048838885824
2010-11-03 05:17:00,0.26322053763492514,-0.9443194225579506,0.09847734450484022
2010-11-03 05:18:00,0.2641204381896838,-0.9467811825724853,0.09591992991822768
2010-11-03 05:19:00,0.2651500067538274,-0.9495436265286286,0.09296070505308385
2010-11-03 05:20:00,0.26630496021729566,-0.9525903036978307,0.08960930647521359
2010-11-03 05:21:00,0.2675784077096447,-0.9558980760322914,0.08588316196896413
2010-11-03 05:22:00,0.26896068300430725,-0.9594367696542154,0.08180804627134365
2010-11-03 05:23:00,0.27043920313492775,-0.9631688994714099,0.07741856324737169
2010-11-03 05:24:00,0.2719983578444986,-0.9670494778269794,0.07275854017519241
2010-11-03 05:25:00,0.2736194344057918,-0.9710259176921513,0.06788131992660305
2010-11-03 05:26:00,0.2752805821832685,-0.975038040293375,0.06284993719963164
2010-11-03 05:27:00,0.27695682104640046,-0.9790181962168171,0.05773716560382706
2010-11-03 05:28:00,0.27862009738728005,-0.9828915079463749,0.052625423332424905
2010-11-03 05:29:00,0.28023939103784024,-0.9865762404595004,0.04760652639157636
2010-11-03 05:30:00,0.2817808758216246,-0.9899843049262452,0.04278127990445084
2010-11-03 05:31:00,0.28320813581109,-0.9930218987329692,0.03825889987174914
2010-11-03 05:32:00,0.2844824385948852,-0.9955902829899771,0.03415625994931733
2010-11-03 05:33:00,0.28556306599337156,-0.997586696394408,0.030596960291693415
2010-11-03 05:34:00,0.2864077016998901,-0.9989054018242521,0.027710218294815576
2010-11-03 05:35:00,0.28697287427725526,-0.9994388593601836,0.02562958413226515
2010-11-03 05:36:00,0.2872144528133995,-0.9990790165982185,0.024491487290568142
2010-11-03 05:37:00,0.2870881913492765,-0.9977187041633665,0.024433623835815717
2010-11-03 05:38:00,0.2865503169509479,-0.9952531213047325,0.025593197843677338
2010-11-03 05:39:00,0.28555815502383936,-0.9915813933955359,0.02810503424687589
2010-11-03 05:40:00,0.2840707841807939,-0.986608180133757,0.032099584238975645
2010-11-03 05:41:00,0.2820497116998672,-0.9802453103035614,0.03770084825300601
2010-11-03 05:42:00,0.2794595593685907,-0.9724134161836666,0.0450242453316372
2010-11-03 05:43:00,0.27626874833711734,-0.9630435381523054,0.054174461337599546
2010-11-03 05:44:00,0.27245017052428316,-0.9520786678212085,0.06524331182598105
2010-11-03 05:45:00,0.2679818331726672,-0.9394751962194178,0.07830765841329311
2010-11-03 05:46:00,0.2628474623729112,-0.9252042322308319,0.09342742002299395
2010-11-03 05:47:00,0.25703705082677025,-0.9092527557579052,0.11064372234684619
2010-11-03 05:48:00,0.25054733485207736,-0.8916245700316973,0.12997723011637513
2010-11-03 05:49:00,0.24338218570694198,-0.8723410182138617,0.15142670722023976
2010-11-03 05:50:00,0.23555290077961974,-0.8514414310382381,0.17496784924912476
2010-11-03 05:51:00,0.22707838111500453,-0.8289832748145206,0.20055243163171058
2010-11-03 05:52:00,0.21798518318082927,-0.8050419727623062,0.2281078140448356
2010-11-03 05:53:00,0.20830743473978938,-0.7797103774682917,0.25753683808138933
2010-11-03 05:54:00,0.1980866071914881,-0.7530978783752542,0.28871815005415347
2010-11-03 05:55:00,0.18737113979057765,-0.7253291357265098,0.3215069741323621
2010-11-03 05:56:00,0.1762159147607971,-0.6965424414020038,0.3557363526095254
2010-11-03 05:57:00,0.1646815865424677,-0.6668877176806857,0.3912188598639617
2010-11-03 05:58:00,0.15283377326708014,-0.6365241772279093,0.4277487843860783
2010-11-03 05:59:00,0.14074212407815992,-0.6056176816071719,0.4651047590074621
2010-11-03 06:00:00,0.1284792821407356,-0.5743378514154085,0.5030528030861937
2010-11-03 06:01:00,0.11611977004270271,-0.542854998657445,0.5413497218112552
2010-11-03 06:02:00,0.10373883121625004,-0.5113369702287913,0.5797467871522536
2010-11-03 06:03:00,0.09141126629546638,-0.4799460072292016,0.6179936036597728
2010-11-03 06:04:00,0.07921030456134595,-0.44883573329058596,0.6558420442714498
2010-11-03 06:05:00,0.06720654663407091,-0.41814838263974363,0.6930501323853694
2010-11-03 06:06:00,0.055467006780480124,-0.38801236610020534,0.729385750490858
2010-11-03 06:07:00,0.04405427442381937,-0.35854025452647614,0.7646300708839219
2010-11-03 06:08:00,0.033025806683557216,-0.32982723780022893,0.7985806249556898
2010-11-03 06:09:00,0.022433357569678545,-0.3019500959995597,0.8310539492519888
2010-11-03 06:10:00,0.012322544569623613,-0.27496669987487815,0.8618877664444925
2010-11-03 06:11:00,0.0027325494562106395,-0.24891604153497218,0.890942676839697
2010-11-03 06:12:00,-0.0063040530304667285,-0.22381878252015414,0.9181033512533364
2010-11-03 06:13:00,-0.014761347513146941,-0.19967829343064697,0.943279229429155
2010-11-03 06:14:00,-0.02262002204352583,-0.176482145870632,0.9664047399747973
2010-11-03 06:15:00,-0.029867215670667333,-0.15420400368759626,0.987439068075462
2010-11-03 06:16:00,-0.03649628159946858,-0.13280584702170797,1.0063655059834893
2010-11-03 06:17:00,-0.04250647786520466,-0.11224045064874155,1.0231904284336504
2010-11-03 06:18:00,-0.047902596973979826,-0.0924540289311524,1.0379419406530206
2010-11-03 06:19:00,-0.05269454512938226,-0.07338895469840155,1.0506682504022715
2010-11-03 06:20:00,-0.05689688045019652,-0.054986459317857166,1.0614358173382563
2010-11-03 06:21:00,-0.0605283182879403,-0.037189225961917,1.0703273329391318
2010-11-03 06:22:00,-0.06361121091303851,-0.019943796495804997,1.0774395826534164
2010-11-03 06:23:00,-0.06617100869995843,-0.003202722982851153,1.0828812393329454
2010-11-03 06:24:00,-0.06823571023102654,0.013073593422324758,1.0867706336768488
2010-11-03 06:25:00,-0.06983530900829706,0.028915420544403152,1.089233543404224
2010-11-03 06:26:00,-0.07100124447673026,0.044342600285822764,1.0904010382264646
2010-11-03 06:27:00,-0.07176586482076154,0.05936385501044171,1.090407412590161
2010-11-03 06:28:00,-0.07216190859154625,0.07397649251882298,1.0893882329410538
2010-11-03 06:29:00,-0.07222201180059253,0.0881664897246391,1.0874785212048617
2010-11-03 06:30:00,-0.07197824689434272,0.10190891953619854,1.0848110913749311
2010-11-03 06:31:00,-0.07146170009690483,0.11516867431014303,1.081515051566692
2010-11-03 06:32:00,-0.07070209369711895,0.1279014347190384,1.0777144797786253
2010-11-03 06:33:00,-0.06972745954087069,0.14005483429258428,1.0735272780116347
2010-11-03 06:34:00,-0.06856386918835582,0.15156977444744324,1.0690642063051745
2010-11-03 06:35:00,-0.06723522510460792,0.16238185004851396,1.0644280955166578
2010-11-03 06:36:00,-0.06576311592214562,0.17242285041860092,1.0597132352179461
2010-11-03 06:37:00,-0.06416673716495648,0.18162230503217866,1.0550049309037395
2010-11-03 06:38:00,-0.062462876923701484,0.1899090469116813,1.050379222801322
2010-11-03 06:39:00,-0.06066596402070682,0.19721277011937285,1.045902756908397
2010-11-03 06:40:00,-0.05878817433431716,0.20346556075556463,1.0416327974526536
2010-11-03 06:41:00,-0.056839589258758885,0.20860338333189443,1.0376173688032369
2010-11-03 06:42:00,-0.05482839891229418,0.2125675060592238,1.0338955140107828
2010-11-03 06:43:00,-0.052761141829001566,0.21530584957453788,1.030497656584067
2010-11-03 06:44:00,-0.05064297249862216,0.21677424432811823,1.0274460517523796
2010-11-03 06:45:00,-0.048477948134130984,0.2169375826044944,1.0247553132576734
2010-11-03 06:46:00,-0.04626932633167899,0.21577085203233012,1.0224330016622125
2010-11-03 06:47:00,-0.04401986581991196,0.2132600383699362,1.0204802602553895
2010-11-03 06:48:00,-0.04173212324632036,0.20940288627390286,1.0188924849002483
2010-11-03 06:49:00,-0.039408739767573364,0.20420950763269194,1.0176600145866799
2010-11-03 06:50:00,-0.03705271192317512,0.1977028278221535,1.0167688300761992
2010-11-03 06:51:00,-0.034667641859538106,0.18991886086415743,1.016201248843359
2010-11-03 06:52:00,-0.032257962559940366,0.18090680496748113,1.0159366055217356
2010-11-03 06:53:00,-0.02982913440611787,0.17072895052258474,1.0159519081904271
2010-11-03 06:54:00,-0.027387810099746838,0.15946039370870768,1.0162224620111633
2010-11-03 06:55:00,-0.02494196559223519,0.1471885507496433,1.0167224528990475
2010-11-03 06:56:00,-0.022500995118822344,0.1340124704860799,1.0174254850951387
2010-11-03 06:57:00,-0.02007576871582652,0.12004194610871782,1.018305067733859
2010-11-03 06:58:00,-0.01767865082799069,0.1053964305799659,1.019335046744188
2010-11-03 06:59:00,-0.015323478857565924,0.0902037646472446,1.020489979642671
2010-11-03 07:00:00,-0.013025500689636635,0.07459873154628002,1.0217454519491145
2010-11-03 07:01:00,-0.010801270290046001,0.05872145836553203,1.0230783351058965
2010-11-03 07:02:00,-0.008668500656122518,0.0427156902847216,1.0244669869365128
2010-11-03 07:03:00,-0.006645874190417057,0.0267269703241669,1.0258913968251053
2010-11-03 07:04:00,-0.0047528122329495645,0.010900763762434146,1.0273332788607805
2010-11-03 07:05:00,-0.0030092077398163842,-0.004619427642537407,1.028776117054539
2010-11-03 07:06:00,-0.0014351272330220808,-0.019693912772944456,1.0302051673367572
2010-11-03 07:07:00,-5.048952758174794e-05,-0.03418857116677087,1.0316074214480833
2010-11-03 07:08:00,0.001125270764329366,-0.04797648232364886,1.032971538201413
2010-11-03 07:09:00,0.0020735469161847634,-0.060939388350869844,1.0342877479975106
2010-11-03 07:10:00,0.0027769028185336783,-0.07296896239800538,1.0355477368771917
2010-11-03 07:11:00,0.003219406357863749,-0.08396786319532724,1.0367445167166598
2010-11-03 07:12:00,0.0033869449744586425,-0.09385056304819228,1.0378722883474403
2010-11-03 07:13:00,0.0032675154961265937,-0.10254394327186375,1.0389263042720578
2010-11-03 07:14:00,0.0028514817436848645,-0.10998765811746082,1.0399027370548937
2010-11-03 07:15:00,0.002131795476893481,-0.11613427647874786,1.0407985582386607
2010-11-03 07:16:00,0.0011041785253561214,-0.12094921991593523,1.0416114308423334
2010-11-03 07:17:00,-0.00023273408421975233,-0.12441052416757258,1.0423396165866694
2010-11-03 07:18:00,-0.0018772888346816252,-0.12650845700569036,1.0429818975815786
2010-11-03 07:19:00,-0.0038247445285356616,-0.12724502663870996,1.043537511577053
2010-11-03 07:20:00,-0.006067237853920616,-0.12663341226558544,1.044006099821569
2010-11-03 07:21:00,-0.008593783418744741,-0.12469734338115673,1.0443876667059009
2010-11-03 07:22:00,-0.01139030901312971,-0.12147044882967029,1.0446825503941697
2010-11-03 07:23:00,-0.014439727532175541,-0.11699559176040035,1.0448914034115548
2010-11-03 07:24:00,-0.017722047547935715,-0.11132420288059648,1.0450151817745226
2010-11-03 07:25:00,-0.021214525223856317,-0.10451562112461368,1.0450551410026279
2010-11-03 07:26:00,-0.024891860911656207,-0.09663644751051274,1.0450128373763157
2010-11-03 07:27:00,-0.0287264438818544,-0.0877599146805997,1.0448901329318037
2010-11-03 07:28:00,-0.032688647918707237,-0.07796527183907517,1.0446892026949188
2010-11-03 07:29:00,-0.03674717912415511,-0.06733718254388463,1.0444125425670605
2010-11-03 07:30:00,-0.040869475547622644,-0.05596513086571461,1.0440629762717737
2010-11-03 07:31:00,-0.045022156118491745,-0.04394282989711686,1.04364365994902
2010-11-03 07:32:00,-0.049171513520409015,-0.031367625841711384,1.0431580832948275
2010-11-03 07:33:00,-0.053284042273991174,-0.018339891003050945,1.0426100665172475
2010-11-03 07:34:00,-0.05732699000496402,-0.004962399624077479,1.0420037527965926
2010-11-03 07:35:00,-0.061268917184397344,0.008660318522050906,1.041343596368597
2010-11-03 07:36:00,-0.06508024875099971,0.02242265061948593,1.0406343467102113
2010-11-03 07:37:00,-0.06873380017298679,0.03621860174061783,1.0398810295140948
2010-11-03 07:38:00,-0.07220526101065308,0.04994252522171667,1.0390889251594784
2010-11-03 07:39:00,-0.07547362088727966,0.0634898820805548,1.0382635452432565
2010-11-03 07:40:00,-0.07852152524441156,0.07675802703688918,1.0374106074956244
2010-11-03 07:41:00,-0.08133555051359505,0.08964701603939568,1.0365360092093139
2010-11-03 07:42:00,-0.08390639030937568,0.10206042776210282,1.0356457992846733
2010-11-03 07:43:00,-0.08622894660198825,0.11390618983766464,1.0347461491009233
2010-11-03 07:44:00,-0.08830232323028726,0.12509739945509413,1.033843322498913
2010-11-03 07:45:00,-0.0901297236808124,0.13555312720576543,1.0329436450645766
2010-11-03 07:46:00,-0.09171826021888654,0.14519919284927554,1.0320534726106072
2010-11-03 07:47:00,-0.09307868609249408,0.15396890202410218,1.0311791583218657
2010-11-03 07:48:00,-0.09422506539978577,0.1618037337069306,1.0303270175625132
2010-11-03 07:49:00,-0.09517439571287062,0.16865396925265894,1.0295032889943947
2010-11-03 07:50:00,-0.09594619718225175,0.17447925473330944,1.028714090590814
2010-11-03 07:51:00,-0.09656207974664109,0.17924908845629348,1.0279653694242727
2010-11-03 07:52:00,-0.09704529813530421,0.18294322475254837,1.0272628446950187
2010-11-03 07:53:00,-0.09742030284640028,0.18555198372911746,1.0266119442031347
2010-11-03 07:54:00,-0.09771229405246201,0.1870764552019543,1.0260177352267195
2010-11-03 07:55:00,-0.09794678409938118,0.18752858391245483,1.0254848514724362
2010-11-03 07:56:00,-0.09814917267725141,0.18693112282910943,1.0250174183336003
2010-11-03 07:57:00,-0.0983443369332826,0.18531744216749924,1.024618979049029
2010-11-03 07:58:00,-0.0985562371985856,0.182731183679626,1.024292424488218
2010-11-03 07:59:00,-0.0988075379670333,0.17922575241029987,1.0240399292628661
2010-11-03 08:00:00,-0.09911924327268386,0.17486364116560782,1.0238628967654904
2010-11-03 08:01:00,-0.09951034556538212,0.16971558628686845,1.02376191557459
2010-11-03 08:02:00,-0.09999748780331254,0.16385955704894423,1.0237367293641033
2010-11-03 08:03:00,-0.10059464008438372,0.1573795852053767,1.0237862219285134
2010-11-03 08:04:00,-0.10131279456716627,0.15036444588907766,1.0239084182119262
2010-11-03 08:05:00,-0.10215968498198114,0.14290620616168723,1.024100501458229
2010-11-03 08:06:00,-0.1031395390011367,0.13509866293548953,1.0243588459256499
2010-11-03 08:07:00,-0.10425287280240905,0.12703569780497545,1.0246790640892225
2010-11-03 08:08:00,-0.10549633730629279,0.11880958258622364,1.0250560668780855
2010-11-03 08:09:00,-0.10686262501737423,0.11050927607387342,1.0254841352121975
2010-11-03 08:10:00,-0.10834044556687263,0.10221875930795905,1.0259570008535859
2010-11-03 08:11:00,-0.10991457723221655,0.09401546210159396,1.0264679343586487
2010-11-03 08:12:00,-0.11156600066146988,0.08596883523678416,1.0270098377630958
2010-11-03 08:13:00,-0.11327211893573741,0.07813911847803436,1.0275753395974732
2010-11-03 08:14:00,-0.1150070643293409,0.07057634463291403,1.028156889917983
2010-11-03 08:15:00,-0.11674208730527684,0.063319607204698,1.0287468532390343
2010-11-03 08:16:00,-0.11844601901551313,0.056396607231158045,1.0293375975998291
2010-11-03 08:17:00,-0.12008579568131211,0.04982348529755535,1.0299215785066165
2010-11-03 08:18:00,-0.12162703111139048,0.04360493672523689,1.030491417093659
2010-11-03 08:19:00,-0.12303462173703837,0.03773460029299356,1.0310399723717787
2010-11-03 08:20:00,-0.1242733673440157,0.03219570331611542,1.0315604077406153
2010-11-03 08:21:00,-0.12530859064508976,0.026961939098280964,1.0320462520426394
2010-11-03 08:22:00,-0.12610673982028936,0.02199854724041409,1.03249145546086
2010-11-03 08:23:00,-0.12663595990774257,0.01726356311251073,1.032890440575813
2010-11-03 08:24:00,-0.126866621395491,0.012709199494183277,1.0332381488468887
2010-11-03 08:25:00,-0.12677179736727232,0.008283320445950784,1.0335300826096916
2010-11-03 08:26:00,-0.12632768375228517,0.003930965256289912,1.0337623424188336
2010-11-03 08:27:00,-0.12551396025867312,-0.00040411999944006417,1.0339316592948897
2010-11-03 08:28:00,-0.12431409193104336,-0.004777983554853184,1.0340354212223468
2010-11-03 08:29:00,-0.12271557230313591,-0.009245037979604258,1.0340716931719702
2010-11-03 08:30:00,-0.12071010849284411,-0.013856730714385057,1.0340392300714623
2010-11-03 08:31:00,-0.11829374680562153,-0.018660341806422846,1.033937482505563
2010-11-03 08:32:00,-0.11546693560268534,-0.02369793080330733,1.0337665953235455
2010-11-03 08:33:00,-0.11223452143944017,-0.029005450664317207,1.0335273995763496
2010-11-03 08:34:00,-0.10860567529353797,-0.03461204294877636,1.0332213982351437
2010-11-03 08:35:00,-0.10459374792094085,-0.04053952431025861,1.0328507460266334
2010-11-03 08:36:00,-0.10021605647770768,-0.04680206851804601,1.032418223553774
2010-11-03 08:37:00,-0.09549360797997417,-0.05340608112880183,1.0319272057279665
2010-11-03 08:38:00,-0.09045076847515301,-0.06035025647778489,1.0313816244926484
2010-11-03 08:39:00,-0.08511488950768889,-0.06762579931924584,1.0307859259343948
2010-11-03 08:40:00,-0.07951590520477128,-0.07521678630620461,1.0301450221593094
2010-11-03 08:41:00,-0.0736859139725286,-0.08310063643113443,1.0294642386419834
2010-11-03 08:42:00,-0.06765875852125144,-0.09124865646760975,1.0287492579336657
2010-11-03 08:43:00,-0.061469616839835865,-0.0996266286465515,1.028006060542119
2010-11-03 08:44:00,-0.05515461482049437,-0.10819541243237506,1.0272408635805141
2010-11-03 08:45:00,-0.048750468650246216,-0.11691153828162282,1.0264600576233354
2010-11-03 08:46:00,-0.04229416224997032,-0.1257277773204867,1.0256701421641743
2010-11-03 08:47:00,-0.03582266240289501,-0.13459367673421463,1.0248776600615146
2010-11-03 08:48:00,-0.02937267204035201,-0.1434560563776655,1.0240891313151876
2010-11-03 08:49:00,-0.022980420483945066,-0.15225946764405274,1.0233109864323044
2010-11-03 08:50:00,-0.016681488128403338,-0.1609466209451509,1.0225494994993767
2010-11-03 08:51:00,-0.010510661917530773,-0.169458792866937,1.0218107208531442
2010-11-03 08:52:00,-0.004501817025866658,-0.17773622671494788,1.0211004090341738
2010-11-03 08:53:00,0.0013121804999332166,-0.18571853906966673,1.0204239617518838
2010-11-03 08:54:00,0.006899555869606971,-0.1933451404138881,1.0197863460582928
2010-11-03 08:55:00,0.0122296987270835,-0.20055567240092925,1.0191920287503637
2010-11-03 08:56:00,0.01727323426617585,-0.20729046019948527,1.018644908968686
2010-11-03 08:57:00,0.022002099469826092,-0.2134909758581335,1.01814825584741
2010-11-03 08:58:00,0.026389631233050145,-0.21910030684560122,1.0177046548269777
2010-11-03 08:59:00,0.030410671897287845,-0.22406362226974538,1.0173159668041791
2010-11-03 09:00:00,0.03404169600969679,-0.22832862820752353,1.0169833044655416
2010-11-03 09:01:00,0.03726096034246266,-0.23184600407327666,1.016707029628685
2010-11-03 09:02:00,0.04004867741965828,-0.23456981449335393,1.0164867740083687
2010-11-03 09:03:00,0.042387210792497375,-0.236457895226364,1.0163214836545016
2010-11-03 09:04:00,0.044261288158507966,-0.23747221615690775,1.0162094848830323
2010-11-03 09:05:00,0.04565822656270947,-0.23757922813816343,1.0161485675218835
2010-11-03 09:06:00,0.046568162595255064,-0.23675020262175123,1.0161360801785337
2010-11-03 09:07:00,0.04698427955675847,-0.23496157340244614,1.0161690319810908
2010-11-03 09:08:00,0.04690302284494982,-0.2321952889152253,1.0162441955097052
2010-11-03 09:09:00,0.046324294582371854,-0.2284391820035294,1.0163582060928693
2010-11-03 09:10:00,0.04525161926700576,-0.22368736219333754,1.0165076531556403
2010-11-03 09:11:00,0.043692274167334254,-0.21794063315587775,1.0166891598902354
2010-11-03 09:12:00,0.04165738080800141,-0.2112069351460812,1.0168994482280815
2010-11-03 09:13:00,0.03916195629625546,-0.20350180888523392,1.0171353869481121
2010-11-03 09:14:00,0.036224924641347425,-0.1948488736656123,1.017394021744168
2010-11-03 09:15:00,0.03286908829783548,-0.18528030799913592,1.0176725871519956
2010-11-03 09:16:00,0.029121059129947027,-0.17483731530596772,1.0179685013344677
2010-11-03 09:17:00,0.025011146524074587,-0.16357055018826502,1.018279345762604
2010-11-03 09:18:00,0.020573199337904323,-0.151540474494796,1.0186028327199423
2010-11-03 09:19:00,0.01584439834158184,-0.13881760885364788,1.0189367641534248
2010-11-03 09:20:00,0.010864996740991128,-0.1254826456143553,1.0192789855260678
2010-11-03 09:21:00,0.00567800781222001,-0.11162639237786456,1.0196273380170984
2010-11-03 09:22:00,0.00032884016957663583,-0.09734951960646972,1.0199796120208557
2010-11-03 09:23:00,-0.005135117454821233,-0.08276208960508846,1.0203335048644273
2010-11-03 09:24:00,-0.010664958767855752,-0.0679828473050008,1.0206865861260133
2010-11-03 09:25:00,-0.016210765338863637,-0.053138256963767574,1.0210362746112922
2010-11-03 09:26:00,-0.021722149065465376,-0.03836127463712289,1.021379831458158
2010-11-03 09:27:00,-0.02714882452787701,-0.023789855204061162,1.0217143735036194
2010-11-03 09:28:00,-0.032441202674393876,-0.009565205355545111,1.022036909599687
2010-11-03 09:29:00,-0.037550995701915064,0.004170190195593489,1.0223444000489763
2010-11-03 09:30:00,-0.04243182149050253,0.017274725058613598,1.0226338363862546
2010-11-03 09:31:00,-0.04703979503349194,0.02960995141196482,1.0229023363104852
2010-11-03 09:32:00,-0.05133409428665355,0.04104291725952201,1.0231472473104528
2010-11-03 09:33:00,-0.05527748859993244,0.051448492894717944,1.0233662524268579
2010-11-03 09:34:00,-0.05883681897404691,0.060711623099757445,1.0235574722466803
2010-11-03 09:35:00,-0.06198342047546079,0.06872944791020327,1.0237195582049863
2010-11-03 09:36:00,-0.06469347826984413,0.0754132410567241,1.023851773302927
2010-11-03 09:37:00,-0.06694831020282901,0.08069012103004813,1.0239540572944574
2010-11-03 09:38:00,-0.06873457092305951,0.08450449532078975,1.0240270741750561
2010-11-03 09:39:00,-0.07004437510564235,0.08681920411766376,1.0240722403960465
2010-11-03 09:40:00,-0.07087533993143656,0.08761633594981731,1.024091732653461
2010-11-03 09:41:00,-0.07123054908922725,0.08689769451097144,1.0240884744466645
2010-11-03 09:42:00,-0.07111844193109561,0.08468490291567327,1.0240661009807108
2010-11-03 09:43:00,-0.07055263201565887,0.08101913851809661,1.0240289024822442
2010-11-03 09:44:00,-0.06955165921715921,0.0759604980358048,1.0239817466291188
2010-11-03 09:45:00,-0.0681386791430412,0.06958699931237665,1.0239299814791305
2010-11-03 09:46:00,-0.06634109330306526,0.061993233002086603,1.0238793208901396
2010-11-03 09:47:00,-0.06419012375695485,0.05328868493268632,1.0238357148779278
2010-11-03 09:48:00,-0.06172033691509908,0.04359575794323285,1.0238052076654134
2010-11-03 09:49:00,-0.058969122548134134,0.03304753075720996,1.0237937863620639
2010-11-03 09:50:00,-0.05597613559402829,0.021785300872156858,1.0238072233423627
2010-11-03 09:51:00,-0.052782709867741175,0.009955967818318884,1.0238509156164473
2010-11-03 09:52:00,-0.04943125420192306,-0.0022906786768033343,1.0239297249229133
2010-11-03 09:53:00,-0.04596464277767895,-0.014804695244648563,1.024047822865571
2010-11-03 09:54:00,-0.04242561225419372,-0.027438673277385795,1.0242085459577752
2010-11-03 09:55:00,-0.03885617846197259,-0.04005030776220634,1.0244142656791206
2010-11-03 09:56:00,-0.03529708450045241,-0.05250478072583308,1.0246662783273432
2010-11-03 09:57:00,-0.03178728997372721,-0.06467690270718994,1.0249647184418806
2010-11-03 09:58:00,-0.028363508316728927,-0.0764529671964851,1.0253084981570049
2010-11-03 09:59:00,-0.025059796501504337,-0.08773228506955115,1.0256952735273184
2010-11-03 10:00:00,-0.0219071993121229,-0.09842837776683261,1.0261214378979655
2010-11-03 10:01:00,-0.018933448833930326,-0.10846981927349807,1.0265821416028187
2010-11-03 10:02:00,-0.016162718715816177,-0.11780072775407245,1.0270713364945772
2010-11-03 10:03:00,-0.013615432105809958,-0.12638091726599399,1.0275818431296897
2010-11-03 10:04:00,-0.011308121918201738,-0.13418572753869587,1.0281054380242562
2010-11-03 10:05:00,-0.00925334221666367,-0.14120555534706028,1.0286329582662799
2010-11-03 10:06:00,-0.007459629871563077,-0.14744511524119652,1.0291544207588796
2010-11-03 10:07:00,-0.005931516034456428,-0.15292246092456052,1.0296591533667778
2010-11-03 10:08:00,-0.004669587138362259,-0.15766780139580608,1.0301359352621673
2010-11-03 10:09:00,-0.003670595065216699,-0.1617221477209127,1.0305731438873562
2010-11-03 10:10:00,-0.002927615983058236,-0.16513582674870617,1.0309589062175497
2010-11-03 10:11:00,-0.0024302572078832925,-0.16796689735810685,1.031281252413003
2010-11-03 10:12:00,-0.0021649111070936016,-0.17027950329332414,1.031528270436579
2010-11-03 10:13:00,-0.002115054226410997,-0.1721421945944602,1.0316882607047333
2010-11-03 10:14:00,-0.002261588332170706,-0.17362624719370198,1.0317498902931865
2010-11-03 10:15:00,-0.002583218091770497,-0.17480400765034868,1.0317023466029318
2010-11-03 10:16:00,-0.00305685804938547,-0.17574728780199816,1.0315354906156227
2010-11-03 10:17:00,-0.0036580597525454174,-0.17652583303234537,1.0312400097527807
2010-11-03 10:18:00,-0.004361448675182354,-0.17720588822398747,1.0308075697719334
2010-11-03 10:19:00,-0.005141160270777882,-0.1778488867349053,1.0302309642001906
2010-11-03 10:20:00,-0.005971265231440771,-0.1785102887666162,1.0295042588605916
2010-11-03 10:21:00,-0.006826175770376907,-0.1792385953506138,1.0286229283817807
2010-11-03 10:22:00,-0.007681027193372188,-0.18007456237396852,1.0275839812684673
2010-11-03 10:23:00,-0.008512031562355228,-0.18105063502446578,1.0263860700937173
2010-11-03 10:24:00,-0.009296802141476018,-0.18219061607480805,1.0250295836301482
2010-11-03 10:25:00,-0.010014648260802872,-0.18350957158032302,1.02351671827185
2010-11-03 10:26:00,-0.01064684062192363,-0.18501396614306234,1.0218515268400223
2010-11-03 10:27:00,-0.011176847428148291,-0.18670200897995984,1.0200399436306495
2010-11-03 10:28:00,-0.01159054210451161,-0.18856418351535287,1.0180897851774253
2010-11-03 10:29:00,-0.011876383469257474,-0.19058392795090162,1.0160107266473148
2010-11-03 10:30:00,-0.012025568805848383,-0.19273843169741126,1.0138142541986446
2010-11-03 10:31:00,-0.012032159380820391,-0.19499951137473093,1.011513594152402
2010-11-03 10:32:00,-0.01189317677792184,-0.19733452953049524,1.0091236204284104
2010-11-03 10:33:00,-0.011608667383861349,-0.19970731972081324,1.0066607421488685
2010-11-03 10:34:00,-0.011181731895567685,-0.20207908410949982,1.0041427733264152
2010-11-03 10:35:00,-0.010618516955175282,-0.204409234624783,1.0015887860280073
2010-11-03 10:36:00,-0.009928166715839135,-0.20665615522634895,0.9990189475250698
2010-11-03 10:37:00,-0.009122732896079021,-0.2087778696120897,0.9964543410753256
2010-11-03 10:38:00,-0.008217042336834878,-0.21073260442889133,0.9939167694967793
2010-11-03 10:39:00,-0.0072285211257298405,-0.21247924223375955,0.9914285407436587
2010-11-03 10:40:00,-0.006176974301192527,-0.21397766177893698,0.9890122351160042
2010-11-03 10:41:00,-0.005084320488460061,-0.21518896687151423,0.9866904542412642
2010-11-03 10:42:00,-0.003974281754187878,-0.2160756095847868,0.98448555244758
2010-11-03 10:43:00,-0.002872030314847479,-0.2166014185778819,0.9824193516970924
2010-11-03 10:44:00,-0.0018037952791699896,-0.21673154798260094,0.9805128420057668
2010-11-03 10:45:00,-0.0007964343480889254,-0.2164323659833879,0.9787858703909382
2010-11-03 10:46:00,0.00012302260188866676,-0.21567130446808566,0.9772568229274581
2010-11-03 10:47:00,0.0009278490760897735,-0.21441669272868885,0.975942306184911
2010-11-03 10:48:00,0.001592106058657168,-0.21263760092449832,0.9748568355108315
2010-11-03 10:49:00,0.0020911231709489627,-0.2103037238605036,0.9740125378875965
2010-11-03 10:50:00,0.0024019652966537687,-0.20738534086372915,0.9734188769002704
2010-11-03 10:51:00,0.0025038737509896557,-0.2038533895116293,0.9730824078105741
2010-11-03 10:52:00,0.0023786727103228267,-0.19967968754213172,0.9730065725027327
2010-11-03 10:53:00,0.0020111341079543502,-0.19483733007524692,0.9731915468229383
2010-11-03 10:54:00,0.0013892968404900926,-0.18930128130602433,0.9736341553377911
2010-11-03 10:55:00,0.000504738049005242,-0.18304917075349594,0.9743278685733733
2010-11-03 10:56:00,-0.0006472050497516309,-0.1760622900125924,0.9752628929002511
2010-11-03 10:57:00,-0.002067264762800453,-0.1683267654751626,0.9764263533561038
2010-11-03 10:58:00,-0.0037521270293494487,-0.15983486147112785,0.977802558813564
2010-11-03 10:59:00,-0.00569437407919563,-0.15058635452228203,0.9793733318832205
2010-11-03 11:00:00,-0.007882489959579301,-0.14058991498694398,0.981118384188025
2010-11-03 11:01:00,-0.010300932790814421,-0.12986443382803967,0.9830157191505232
2010-11-03 11:02:00,-0.012930276603952906,-0.1184402356899786,0.9850420469842727
2010-11-03 11:03:00,-0.015747424060989466,-0.10636012305442315,0.9871731992845254
2010-11-03 11:04:00,-0.018725889098948,-0.093680199541909,0.9893845332982624
2010-11-03 11:05:00,-0.021836145726328488,-0.0804704239240464,0.9916513184908445
2010-11-03 11:06:00,-0.025046036542969566,-0.0668148512371053,0.9939491001798875
2010-11-03 11:07:00,-0.02832123282462607,-0.05281152466403893,0.9962540364821543
2010-11-03 11:08:00,-0.03162573733384502,-0.038571991912004534,0.99854320547098
2010-11-03 11:09:00,-0.0349224208464362,-0.02422043189361252,1.0007948795128294
2010-11-03 11:10:00,-0.03817358318752969,-0.009892390221834142,1.0029887637896568
2010-11-03 11:11:00,-0.04134152929601369,0.004266865703262737,1.0051061964559271
2010-11-03 11:12:00,-0.04438915067422542,0.018104349274563253,1.007130308731682
2010-11-03 11:13:00,-0.047280502540448494,0.03146167943172232,1.0090461441712495
2010-11-03 11:14:00,-0.04998136687742606,0.044177677834890745,1.0108407370889139
2010-11-03 11:15:00,-0.052459791337806,0.056091173802957285,1.012503150651227
2010-11-03 11:16:00,-0.05468659403769947,0.06704393934796782,1.0140244756338879
2010-11-03 11:17:00,-0.056635825075735155,0.0768836685232978,1.0153977914826675
2010-11-03 11:18:00,-0.058285177041502406,0.08546691367936639,1.0166180921845915
2010-11-03 11:19:00,-0.05961633831580257,0.09266189525145312,1.0176821804238327
2010-11-03 11:20:00,-0.06061528433105833,0.09835110916324771,1.018588534340406
2010-11-03 11:21:00,-0.061272503229805375,0.10243366493917795,1.0193371517776988
2010-11-03 11:22:00,-0.06158315364451089,0.10482729727269052,1.019929377175107
2010-11-03 11:23:00,-0.06154715359875314,0.1054700037878861,1.0203677162810394
2010-11-03 11:24:00,-0.061169200692575566,0.10432127194417609,1.0206556436884375
2010-11-03 11:25:00,-0.06045872467308479,0.1013628684254507,1.0207974078773625
2010-11-03 11:26:00,-0.059429774176537865,0.09659917488315892,1.020797838032857
2010-11-03 11:27:00,-0.058100839985361426,0.09005706443024115,1.0206621564572596
2010-11-03 11:28:00,-0.05649461779458967,0.08178532365725123,1.0203957999802276
2010-11-03 11:29:00,-0.05463771438137125,0.0718536351980183,1.0200042534071492
2010-11-03 11:30:00,-0.0525603021775923,0.060351146254325666,1.0194928977174138
2010-11-03 11:31:00,-0.05029572830299968,0.047384659217658255,1.0188668754281653
2010-11-03 11:32:00,-0.047880084781117896,0.03307649160239131,1.0181309753335188
2010-11-03 11:33:00,-0.04535174680353979,0.017562063800013485,1.017289538781476
2010-11-03 11:34:00,-0.04275088576833419,0.0009872844754286365,1.016346389754817
2010-11-03 11:35:00,-0.04011896365548423,-0.016494186177129274,1.0153047911577275
2010-11-03 11:36:00,-0.03749821502710804,-0.03472370821475221,1.0141674296529168
2010-11-03 11:37:00,-0.03493112237122727,-0.05354038174512842,1.012936430886168
2010-11-03 11:38:00,-0.03245988978952425,-0.07278363622448429,1.0116134058483084
2010-11-03 11:39:00,-0.030125919470332486,-0.09229562540817306,1.010199527605852
2010-11-03 11:40:00,-0.02796929507015829,-0.1119233808812589,1.0086956360446386
2010-11-03 11:41:00,-0.026028275925235902,-0.13152069282877568,1.0071023669768848
2010-11-03 11:42:00,-0.02433880585784595,-0.1509496999962199,1.0054203011509826
2010-11-03 11:43:00,-0.022934040274158116,-0.17008218143297502,1.003650128363544
2010-11-03 11:44:00,-0.02184389530217384,-0.18880055106123828,1.0017928218717398
2010-11-03 11:45:00,-0.021094622861798168,-0.2069985629111159,0.9998498185232306
2010-11-03 11:46:00,-0.02070841578395948,-0.22458174020897048,0.9978232004143983
2010-11-03 11:47:00,-0.020703047419802844,-0.24146754559023761,0.9957158743546449
2010-11-03 11:48:00,-0.02109155056127284,-0.2575853131382247,0.9935317456616753
2010-11-03 11:49:00,-0.021881940815666218,-0.272875966415913,0.9912758824849526
2010-11-03 11:50:00,-0.023076989766740316,-0.28729155031400144,0.9889546659187276
2010-11-03 11:51:00,-0.02467405337702837,-0.3007946079570663,0.9865759200739315
2010-11-03 11:52:00,-0.02666496126789068,-0.3133574365853146,0.9841490155730073
2010-11-03 11:53:00,-0.0290359727429356,-0.3249612579718896,0.9816849398028372
2010-11-03 11:54:00,-0.031767805456826025,-0.3355953391329213,0.9791963276599838
2010-11-03 11:55:00,-0.034835742253551495,-0.3452560972610373,0.9766974474516996
2010-11-03 11:56:00,-0.038209821030126156,-0.35394621903317,0.9742041380258764
2010-11-03 11:57:00,-0.041855111884604966,-0.3616738197619718,0.9717336948367655
2010-11-03 11:58:00,-0.04573208537807802,-0.3684516633290797,0.9693047042529498
2010-11-03 11:59:00,-0.04979707507188113,-0.3742964596292872,0.9669368269582143
2010-11-03 12:00:00,-0.054002835941653574,-0.37922825204675387,0.9646505328898548
2010-11-03 12:01:00,-0.05829919725062065,-0.3832699032365364,0.9624667917980517
2010-11-03 12:02:00,-0.06263380378917739,-0.3864466834463374,0.9604067250847216
2010-11-03 12:03:00,-0.06695293363773645,-0.3887859618422274,0.9584912260577467
2010-11-03 12:04:00,-0.0712023751031717,-0.39031699743115456,0.9567405572522718
2010-11-03 12:05:00,-0.07532834138039683,-0.3910708216033968,0.9551739352452461
2010-11-03 12:06:00,-0.0792783990729027,-0.3910801988033917,0.9538091154919222
2010-11-03 12:07:00,-0.0830023856340059,-0.39037964611544396,0.952661991821317
2010-11-03 12:08:00,-0.08645329077585524,-0.389005488230115,0.9517462266494628
2010-11-03 12:09:00,-0.08958807794965923,-0.38699592295923513,0.95107292789979
2010-11-03 12:10:00,-0.09236842430735281,-0.38439107514778637,0.9506503863874161
2010-11-03 12:11:00,-0.09476136114329925,-0.3812330233679805,0.950483882849603
2010-11-03 12:12:00,-0.09673980132769615,-0.3775657923836413,0.9505755677701971
2010-11-03 12:13:00,-0.09828294494256874,-0.3734353117372026,0.9509244116081725
2010-11-03 12:14:00,-0.09937655832154803,-0.3688893440495451,0.9515262198496399
2010-11-03 12:15:00,-0.10001312437419664,-0.36397738542353836,0.9523737068241422
2010-11-03 12:16:00,-0.10019186357877301,-0.35875053698054427,0.9534566232741819
2010-11-03 12:17:00,-0.0999186261074788,-0.3532613438893617,0.9547619336649876
2010-11-03 12:18:00,-0.09920565693087918,-0.34756359768076345,0.9562740393359004
2010-11-03 12:19:00,-0.09807123776382544,-0.3417120987109343,0.9579750429692243
2010-11-03 12:20:00,-0.09653921255269782,-0.3357623773096291,0.9598450489480053
2010-11-03 12:21:00,-0.09463840707282273,-0.3297703741895772,0.9618624930961436
2010-11-03 12:22:00,-0.09240195791390902,-0.32379208339000026,0.9640044939386634
2010-11-03 12:23:00,-0.08986657071059838,-0.3178831640247527,0.9662472162413017
2010-11-03 12:24:00,-0.08707173058865547,-0.31209852920878267,0.9685662368484887
2010-11-03 12:25:00,-0.08405888867434079,-0.3064919207319,0.970936903247702
2010-11-03 12:26:00,-0.08087064742753405,-0.30111547647069836,0.973334676743643
2010-11-03 12:27:00,-0.07754996537493088,-0.29601929523637255,0.9757354540701363
2010-11-03 12:28:00,-0.07413939925843861,-0.2912510016831723,0.9781158632037892
2010-11-03 12:29:00,-0.070680399003696,-0.2868553123217257,0.98045353088604
2010-11-03 12:30:00,-0.0672126683555872,-0.2828736025208424,0.9827273209078381
2010-11-03 12:31:00,-0.0637736015039213,-0.27934347361899464,0.9849175435603512
2010-11-03 12:32:00,-0.06039780341302549,-0.2762983191486213,0.9870061376427406
2010-11-03 12:33:00,-0.05711669880283382,-0.2737668903263765,0.988976826652684
2010-11-03 12:34:00,-0.053958232005880125,-0.2717728637304233,0.9908152500402335
2010-11-03 12:35:00,-0.05094665767074221,-0.27033441752675014,0.9925090691696734
2010-11-03 12:36:00,-0.048102420739137515,-0.26946382498783605,0.9940480468081107
2010-11-03 12:37:00,-0.04544212300942523,-0.2691670745310077,0.9954240989684596
2010-11-03 12:38:00,-0.042978572352044254,-0.2694435245580499,0.9966313185523888
2010-11-03 12:39:00,-0.04072090901392447,-0.2702855998626084,0.9976659710903953
2010-11-03 12:40:00,-0.03867480171193398,-0.2716785350000973,0.9985264636988835
2010-11-03 12:41:00,-0.036842704799234974,-0.2736001693191699,0.9992132889918375
2010-11-03 12:42:00,-0.03522416686213918,-0.2760207985222862,0.9997289460351538
2010-11-03 12:43:00,-0.033816180533637115,-0.2789030883480734,1.000077840592458
2010-11-03 12:44:00,-0.03261356289953668,-0.2822020566607827,1.0002661670234285
2010-11-03 12:45:00,-0.0316093555837065,-0.2858651304287174,1.000301774362316
2010-11-03 12:46:00,-0.030795233529055305,-0.289832283650802,1.0001940193410426
2010-11-03 12:47:00,-0.030161911742457845,-0.29403626143130945,0.9999536093629152
2010-11-03 12:48:00,-0.029699539890051353,-0.29840289444207163,0.9995924385827475
2010-11-03 12:49:00,-0.02939807560881537,-0.3028515071720009,0.9991234202606993
2010-11-03 12:50:00,-0.02924762868335378,-0.30729542257780584,0.9985603184749847
2010-11-03 12:51:00,-0.02923876972508716,-0.311642564899881,0.997917582140206
2010-11-03 12:52:00,-0.029362798508243533,-0.3157961618096272,0.9972101839310209
2010-11-03 12:53:00,-0.029611968355770957,-0.3196555474315011,0.9964534658204289
2010-11-03 12:54:00,-0.029979663686245977,-0.3231170693005875,0.9956629914036191
2010-11-03 12:55:00,-0.03046052816162334,-0.3260751037223339,0.9948544035230524
2010-11-03 12:56:00,-0.031050541213224925,-0.3284231834484946,0.9940432847699224
2010-11-03 12:57:00,-0.03174704131094846,-0.33005523846059587,0.993245018532038
2010-11-03 12:58:00,-0.03254869515806226,-0.33086694605474787,0.9924746489768638
2010-11-03 12:59:00,-0.03345541297797263,-0.3307571819067383,0.9917467390853232
2010-11-03 13:00:00,-0.034468211190904256,-0.32962956011575967,0.9910752262784174
2010-11-03 13:01:00,-0.03558902505718397,-0.32739404707909825,0.9904732753831758
2010-11-03 13:02:00,-0.03682047532463335,-0.32396863076311494,0.9899531288941632
2010-11-03 13:03:00,-0.038165594544697805,-0.31928102327471203,0.9895259548158308
2010-11-03 13:04:00,-0.039627520354269016,-0.31327037078122305,0.9892016928318702
2010-11-03 13:05:00,-0.04120916445332028,-0.305888940735272,0.9889889002248469
2010-11-03 13:06:00,-0.04291286709972469,-0.2971037518280378,0.9888945999653274
2010-11-03 13:07:00,-0.044740047608277225,-0.28689810749471434,0.9889241345886707
2010-11-03 13:08:00,-0.0466908615905375,-0.27527299022964263,0.9890810305200163
2010-11-03 13:09:00,-0.048763875595603884,-0.2622482724533866,0.9893668780485788
2010-11-03 13:10:00,-0.050955769470405005,-0.24786370032823904,0.9897812321417359
2010-11-03 13:11:00,-0.05326107617677768,-0.23217960898217888,0.9903215389967305
2010-11-03 13:12:00,-0.055671968031175904,-0.21527733040148944,0.9909830928736032
2010-11-03 13:13:00,-0.05817809739670893,-0.19725925909323105,0.9917590271513904
2010-11-03 13:14:00,-0.06076649872701301,-0.17824854622377415,0.9926403424042851
2010-11-03 13:15:00,-0.06342155754971174,-0.15838840010916375,0.9936159728204749
2010-11-03 13:16:00,-0.06612505054978667,-0.1378409785722958,0.994672891127399
2010-11-03 13:17:00,-0.06885625938196836,-0.11678586621053112,0.9957962516883407
2010-11-03 13:18:00,-0.07159215918009898,-0.09541813767942456,0.9969695713272605
2010-11-03 13:19:00,-0.07430768094271775,-0.07394601787014048,0.9981749471973895
2010-11-03 13:20:00,-0.07697604501096432,-0.05258816206571953,0.999393310264208
2010-11-03 13:21:00,-0.07956916059682255,-0.03157059368758129,1.0006047116265588
2010-11-03 13:22:00,-0.08205808373095645,-0.011123353331981136,1.0017886370654465
2010-11-03 13:23:00,-0.08441352323885751,0.00852307092585241,1.002924343173001
2010-11-03 13:24:00,-0.08660638175901095,0.027141448084152104,1.003991206670216
2010-11-03 13:25:00,-0.08860831681693998,0.04451155158166286,1.004969077668961
2010-11-03 13:26:00,-0.09039230587097934,0.06042385671600515,1.0058386279621154
2010-11-03 13:27:00,-0.0919331990619389,0.07468310057586271,1.0065816866573642
2010-11-03 13:28:00,-0.09320824397116505,0.08711162509940402,1.007181557018563
2010-11-03 13:29:00,-0.09419756787971306,0.09755243289976209,1.007623309781105
2010-11-03 13:30:00,-0.09488460469141011,0.10587189472753744,1.0078940492892876
2010-11-03 13:31:00,-0.09525645568498974,0.1119620566435767,1.0079831495893172
2010-11-03 13:32:00,-0.09530417550837667,0.11574250402735926,1.0078824581677945
2010-11-03 13:33:00,-0.09502297725335224,0.11716174861859789,1.0075864653671587
2010-11-03 13:34:00,-0.0944123528604656,0.11619811417960306,1.007092437651578
2010-11-03 13:35:00,-0.09347610722682956,0.11286010605507983,1.0064005129348537
2010-11-03 13:36:00,-0.09222230605163671,0.1071862596106909,1.0055137562431753
2010-11-03 13:37:00,-0.09066313872823635,0.09924447211701934,1.0044381741275161
2010-11-03 13:38:00,-0.08881469876507686,0.08913083216659616,1.0031826864621698
2010-11-03 13:39:00,-0.08669668554785384,0.07696797021225821,1.0017590545790025
2010-11-03 13:40:00,-0.08433203282962111,0.0629029634269018,1.0001817650921365
2010-11-03 13:41:00,-0.08174647124218021,0.047104838140766374,0.9984678692062567
2010-11-03 13:42:00,-0.07896803444183448,0.029761723869275697,0.9966367777330899
2010-11-03 13:43:00,-0.07602652102795099,0.011077724229470861,0.9947100125273702
2010-11-03 13:44:00,-0.07295292658626365,-0.00873041907961761,0.9927109156882495
2010-11-03 13:45:00,-0.0697788615196501,-0.029436784731141717,0.9906643186900431
2010-11-03 13:46:00,-0.06653597031353,-0.05080976522013707,0.9885961746308048
2010-11-03 13:47:00,-0.06325536656854067,-0.07261551173781779,0.9865331580526155
2010-11-03 13:48:00,-0.05996709603406931,-0.0946212561981675,0.9845022382382576
2010-11-03 13:49:00,-0.05669963758035313,-0.11659844807890037,0.9825302333501044
2010-11-03 13:50:00,-0.05347944989476994,-0.13832565613522632,0.98064335411463
2010-11-03 13:51:00,-0.050330569842255424,-0.159591196685882,0.978866747015012
2010-11-03 13:52:00,-0.04727426696319669,-0.18019546030935454,0.9772240482450583
2010-11-03 13:53:00,-0.04432875745048847,-0.199952917127736,0.9757369609684012
2010-11-03 13:54:00,-0.041508980045636044,-0.2186937877119689,0.9744248694887633
2010-11-03 13:55:00,-0.03882643555538491,-0.2362653730003696,0.9733045042328408
2010-11-03 13:56:00,-0.03628909107204539,-0.2525330438898425,0.9723896700231409
2010-11-03 13:57:00,-0.033901349380078945,-0.26738090009502297,0.9716910462933043
2010-11-03 13:58:00,-0.03166408327466305,-0.28071211751311215,0.9712160623807621
2010-11-03 13:59:00,-0.029574733484448196,-0.2924490114856662,0.9709688457550006
2010-11-03 14:00:00,-0.027627467688957446,-0.3025328481396634,0.9709502377330206
2010-11-03 14:01:00,-0.025813397031786565,-0.31092343706682446,0.9711578702752708
2010-11-03 14:02:00,-0.024120845678541027,-0.31759853742588945,0.9715862977451452
2010-11-03 14:03:00,-0.022535668180665262,-0.3225531081697084,0.972227177573063
2010-11-03 14:04:00,-0.021041608511193157,-0.3257984321285983,0.9730694932972271
2010-11-03 14:05:00,-0.019620693760026443,-0.32736114230317115,0.974099813330306
2010-11-03 14:06:00,-0.018253654886882076,-0.32728217651481406,0.9753025795332267
2010-11-03 14:07:00,-0.016920366733983647,-0.32561568397357077,0.9766604208569141
2010-11-03 14:08:00,-0.015600299635852966,-0.3224279044423563,0.978154488527974
2010-11-03 14:09:00,-0.014272975371547005,-0.31779603700617376,0.979764810547948
2010-11-03 14:10:00,-0.0129184207707421,-0.3118071110186826,0.9814706644988382
2010-11-03 14:11:00,-0.01151761273596635,-0.30455686760077383,0.9832509680119392
2010-11-03 14:12:00,-0.010052908558886105,-0.29614865718206135,0.9850846850349955
2010-11-03 14:13:00,-0.008508455319290486,-0.286692357175302,0.9869512435101458
2010-11-03 14:14:00,-0.006870572281353073,-0.27630331337331415,0.9888309573438347
2010-11-03 14:15:00,-0.005128100861262773,-0.2651013085548513,0.9907054434633674
2010-11-03 14:16:00,-0.0032727178488085383,-0.2532095619333223,0.9925580234620592
2010-11-03 14:17:00,-0.0012992087081680828,-0.24075376309286312,0.9943740987108916
2010-11-03 14:18:00,0.0007943014574800289,-0.2278611428974335,0.9961414879532305
2010-11-03 14:19:00,0.003006161467945092,-0.2146595807742406,0.9978507174714462
2010-11-03 14:20:00,0.005331054514498061,-0.2012767435593139,0.999495255688718
2010-11-03 14:21:00,0.007759908158503277,-0.18783924762471638,1.0010716859494737
2010-11-03 14:22:00,0.010279856784313859,-0.17447183440561026,1.0025798127910455
2010-11-03 14:23:00,0.012874259537800447,-0.161296549296946,1.004022698313796
2010-11-03 14:24:00,0.015522776882320765,-0.14843191414944418,1.0054066265500055
2010-11-03 14:25:00,0.018201509057098633,-0.13599208381195158,1.0067409951870043
2010-11-03 14:26:00,0.02088319978780643,-0.12408597792203817,1.0080381354775325
2010-11-03 14:27:00,0.023537508205625206,-0.11281638156593006,1.0093130622979052
2010-11-03 14:28:00,0.026131350785475238,-0.10227901330420697,1.0105831567661054
2010-11-03 14:29:00,0.028629313278262816,-0.09256156629734577,1.0118677835705523
2010-11-03 14:30:00,0.030994130414853396,-0.08374273686786049,1.0131878444760596
2010-11-03 14:31:00,0.03318722891305179,-0.07589126309616229,1.0145652688587412
2010-11-03 14:32:00,0.035169327241995736,-0.06906500197778062,1.0160224420740078
2010-11-03 14:33:00,0.03690108392565108,-0.06331007597399585,1.0175815732454931
2010-11-03 14:34:00,0.03834378510014261,-0.05866011878110256,1.0192640055696631
2010-11-03 14:35:00,0.03946006156597912,-0.05513564741334479,1.0210894741175054
2010-11-03 14:36:00,0.0402146254813512,-0.05274358468410435,1.023075318077262
2010-11-03 14:37:00,0.04057501689315625,-0.05147695328353377,1.0252356562766336
2010-11-03 14:38:00,0.04051235032937499,-0.05131475961534028,1.027580536605999
2010-11-03 14:39:00,0.04000205156993143,-0.0522220822111486,1.0301150716221048
2010-11-03 14:40:00,0.03902457448046108,-0.05415037616931314,1.0328385741424821
2010-11-03 14:41:00,0.03756608760204703,-0.05703800210757847,1.0357437080510712
2010-11-03 14:42:00,0.0356191202578973,-0.06081098565294494,1.0388156708271434
2010-11-03 14:43:00,0.03318315835285628,-0.06538401105619314,1.0420314254718417
2010-11-03 14:44:00,0.03026518068390942,-0.07066164953099395,1.0453590005179998
2010-11-03 14:45:00,0.02688012720932383,-0.0765398191282898,1.048756877639676
2010-11-03 14:46:00,0.023051291143964456,-0.08290746826654471,1.052173486997658
2010-11-03 14:47:00,0.018810626888123374,-0.08964846902122413,1.055546830847118
2010-11-03 14:48:00,0.014198965696687037,-0.09664369829207047,1.058804256083073
2010-11-03 14:49:00,0.009266130837438527,-0.10377327479743859,1.0618623962960398
2010-11-03 14:50:00,0.004070944130933175,-0.11091890805093194,1.0646273035517275
2010-11-03 14:51:00,-0.0013188834730257224,-0.1179663033759203,1.0669947894610896
2010-11-03 14:52:00,-0.006826983299039066,-0.12480755681589645,1.068850993863384
2010-11-03 14:53:00,-0.01236868683266586,-0.1313434684936572,1.0700731968124444
2010-11-03 14:54:00,-0.017851513223915042,-0.13748570474494515,1.0705308847485764
2010-11-03 14:55:00,-0.023175788389927794,-0.1431587473973166,1.0700870749067346
2010-11-03 14:56:00,-0.028235396624655698,-0.1483015797007076,1.0685998941170867
2010-11-03 14:57:00,-0.03291866440697816,-0.15286907023824184,1.0659243998582983
2010-11-03 14:58:00,-0.037109374631750035,-0.15683302800221935,1.0619146229835286
2010-11-03 14:59:00,-0.0406879077932462,-0.1601829132222041,1.056425803545596
2010-11-03 15:00:00,-0.04353250459984483,-0.16292619899355842,1.0493167842136595
2010-11-03 15:01:00,-0.045520641773332836,-0.16508838849948634,1.0404525198470937
2010-11-03 15:02:00,-0.046530509319675895,-0.16671270139265507,1.0297066567052864
2010-11-03 15:03:00,-0.04644257374190066,-0.16785944899835425,1.016964130934506
2010-11-03 15:04:00,-0.04514120796961102,-0.16860511989697738,1.0021237338874165
2010-11-03 15:05:00,-0.04251636548124596,-0.16904119561043246,0.9851005914179367
2010-11-03 15:06:00,-0.03846527344915272,-0.1692727125147099,0.9658285050631477
2010-11-03 15:07:00,-0.03289411801301346,-0.16941658239823779,0.9442621045986707
2010-11-03 15:08:00,-0.025719693959648085,-0.16959968059988964,0.9203787637650302
2010-11-03 15:09:00,-0.01687099073845836,-0.16995670710619026,0.8941802339937218
2010-11-03 15:10:00,-0.006290686422609374,-0.17062782363600285,0.8656939542868894
2010-11-03 15:11:00,0.006063479168769185,-0.17175607213016442,0.8349739981345787
2010-11-03 15:12:00,0.020217481240529057,-0.17348459017377588,0.8021016199006938
2010-11-03 15:13:00,0.036179965674894496,-0.1759536557233946,0.767185364070423
2010-11-03 15:14:00,0.053941412073507736,-0.17929761232467387,0.7303607028852851
2010-11-03 15:15:00,0.07347353160609395,-0.1836417416484542,0.6917891731416969
2010-11-03 15:16:00,0.09472892502683143,-0.1890991603337428,0.6516569923179337
2010-11-03 15:17:00,0.11764102277592361,-0.1957678238803414,0.610173147473456
2010-11-03 15:18:00,0.14212432389832058,-0.20372772429622998,0.5675669666229889
2010-11-03 15:19:00,0.16807494332518338,-0.2130383727060736,0.5240852006933349
2010-11-03 15:20:00,0.19537146789296503,-0.22373666462152236,0.479988664109157
2010-11-03 15:21:00,0.2238761108524745,-0.23583523347275526,0.4355485027291807
2010-11-03 15:22:00,0.2534361435377764,-0.24932140214834525,0.3910421774969694
2010-11-03 15:23:00,0.2838855721188645,-0.26415683285334324,0.34674926761272096
2010-11-03 15:24:00,0.31504701676649743,-0.28027794393182187,0.30294720521771895
2010-11-03 15:25:00,0.34673373942136054,-0.2975971087004608,0.25990705419298116
2010-11-03 15:26:00,0.3787517554825622,-0.31600458702204587,0.2178894411260218
2010-11-03 15:27:00,0.410901957536288,-0.3353710825377651,0.1771407386983651
2010-11-03 15:28:00,0.4429821797383515,-0.35555078205542984,0.1378895902647119
2010-11-03 15:29:00,0.4747891406100835,-0.3763847232136186,0.10034384859578349
2010-11-03 15:30:00,0.5061202168164699,-0.39770434545497113,0.06468798308458935
2010-11-03 15:31:00,0.5367750167911762,-0.4193350967956641,0.031080990835913955
2010-11-03 15:32:00,0.566556738253593,-0.4410999877962954,-0.0003451701696962768
2010-11-03 15:33:00,0.5952733069103965,-0.46282300214178324,-0.029486622641649578
2010-11-03 15:34:00,0.6227383048567856,-0.48433228997932476,-0.05626809586466916
2010-11-03 15:35:00,0.6487717064076055,-0.5054630856440323,-0.08064295621687703
2010-11-03 15:36:00,0.6732004463297391,-0.5260603056280108,-0.10259277145323605
2010-11-03 15:37:00,0.6958588507884033,-0.5459807956139402,-0.12212644495034769
2010-11-03 15:38:00,0.716588964871815,-0.5650952070837333,-0.1392789615444304
2010-11-03 15:39:00,0.7352408124429183,-0.5832894944234626,-0.15410979052713447
2010-11-03 15:40:00,0.7516726244011064,-0.6004660325961294,-0.1667009939282998
2010-11-03 15:41:00,0.7657510703374755,-0.6165443633793977,-0.17715508955471246
2010-11-03 15:42:00,0.7773515261563401,-0.6314615849126897,-0.18559271851486375
2010-11-03 15:43:00,0.7863584066440918,-0.6451724049235704,-0.19215016628429557
2010-11-03 15:44:00,0.7926655873329633,-0.657648882572119,-0.19697678489286347
2010-11-03 15:45:00,0.7961769344799396,-0.6688798874333407,-0.20023236167748232
2010-11-03 15:46:00,0.7968069557174619,-0.6788703068022187,-0.2020844773679256
2010-11-03 15:47:00,0.7944815770980876,-0.6876400343258681,-0.2027058931765908
2010-11-03 15:48:00,0.789139045021161,-0.6952227740166314,-0.20227200315404228
2010-11-03 15:49:00,0.7807309440717428,-0.7016646940539889,-0.2009583844491632
2010-11-03 15:50:00,0.7692233143004693,-0.7070229645173519,-0.1989384743637033
2010-11-03 15:51:00,0.7545978441111344,-0.7113642123818859,-0.1963813992922224
2010-11-03 15:52:00,0.7368531078880073,-0.7147629258302306,-0.1934499768553513
2010-11-03 15:53:00,0.7160058109781106,-0.7172998382566171,-0.1902989088221731
2010-11-03 15:54:00,0.6920919988385168,-0.7190603203348809,-0.18707317882159735
2010-11-03 15:55:00,0.6651681822610587,-0.7201328062511712,-0.18390666539822703
2010-11-03 15:56:00,0.635312326793397,-0.7206072777230581,-0.1809209777005313
2010-11-03 15:57:00,0.6026246519808419,-0.7205738267926913,-0.178224518012434
2010-11-03 15:58:00,0.5672281850485597,-0.720121315642555,-0.17591177245795275
2010-11-03 15:59:00,0.5292690143157928,-0.7193361488826415,-0.17406282851821156
2010-11-03 16:00:00,0.48891619016531956,-0.7183011709350555,-0.17274311548986976
2010-11-03 16:01:00,0.4463612259603799,-0.7170946983265064,-0.17200336166664532
2010-11-03 16:02:00,0.4018171580788811,-0.7157896939143572,-0.17187975981925507
2010-11-03 16:03:00,0.35551713338255225,-0.7144530873361727,-0.17239433045730956
2010-11-03 16:04:00,0.30771250410597495,-0.7131452433015683,-0.1735554703478307
2010-11-03 16:05:00,0.2586704244727849,-0.7119195767514728,-0.17535867180243503
2010-11-03 16:06:00,0.20867096044705336,-0.7108223114015724,-0.17778739628902018
2010-11-03 16:07:00,0.15800374401735084,-0.7098923757653809,-0.18081408393332746
2010-11-03 16:08:00,0.10696422638427956,-0.7091614284154273,-0.18440127841077708
2010-11-03 16:09:00,0.0558496103517165,-0.708654001989038,-0.188502844559309
2010-11-03 16:10:00,0.0049545702281852755,-0.7083877533168965,-0.19306525382081483
2010-11-03 16:11:00,-0.045433105866833835,-0.7083738052003035,-0.1980289106567115
2010-11-03 16:12:00,-0.09503679825950156,-0.7086171640814088,-0.20332949206966994
2010-11-03 16:13:00,-0.14359510706047787,-0.7091171974243765,-0.20889927303281242
2010-11-03 16:14:00,-0.19086553177282278,-0.7098681550868958,-0.21466841313356713
2010-11-03 16:15:00,-0.23662766432521937,-0.7108597200534646,-0.22056618347649873
2010-11-03 16:16:00,-0.2806858101081836,-0.712077575296023,-0.2265221170157709
2010-11-03 16:17:00,-0.32287097965756434,-0.7135039750165763,-0.23246706946609633
2010-11-03 16:18:00,-0.3630422188769997,-0.7151183100277733,-0.23833418158849598
2010-11-03 16:19:00,-0.40108726801758504,-0.7168976585086635,-0.24405973693166372
2010-11-03 16:20:00,-0.43692255915567785,-0.718817314813261,-0.24958391202353386
2010-11-03 16:21:00,-0.47049257875328604,-0.7208512903927886,-0.25485141854510934
2010-11-03 16:22:00,-0.501768636180528,-0.7229727822044187,-0.259812039179686
2010-11-03 16:23:00,-0.5307470909616717,-0.7251546052071488,-0.26442106062254905
2010-11-03 16:24:00,-0.5574471011127363,-0.7273695866802422,-0.26863960867157904
2010-11-03 16:25:00,-0.5819079624070542,-0.7295909211377851,-0.2724348914136231
2010-11-03 16:26:00,-0.6041861138754941,-0.7317924855517967,-0.275780357294175
2010-11-03 16:27:00,-0.6243518884650664,-0.7339491154303603,-0.27865577533284963
2010-11-03 16:28:00,-0.6424860896899905,-0.7360368430191433,-0.281047244952057
2010-11-03 16:29:00,-0.6586764754566781,-0.7380330994990639,-0.2829471428504064
2010-11-03 16:30:00,-0.6730142291680987,-0.7399168835370035,-0.2843540141051238
2010-11-03 16:31:00,-0.6855904958500428,-0.7416688989087875,-0.28527241425906924
2010-11-03 16:32:00,-0.6964930575242549,-0.7432716641528831,-0.28571270857022
2010-11-03 16:33:00,-0.7058032175073182,-0.7447095973295673,-0.2856908339107981
2010-11-03 16:34:00,-0.7135929578569333,-0.7459690789584332,-0.2852280280355471
2010-11-03 16:35:00,-0.719922427927737,-0.7470384960973603,-0.2843505301242897
2010-11-03 16:36:00,-0.72483781503985,-0.7479082703217127,-0.28308925566702686
2010-11-03 16:37:00,-0.7283696407042808,-0.7485708720762478,-0.2814794479233019
2010-11-03 16:38:00,-0.7305315177861722,-0.7490208235159397,-0.2795603073759111
2010-11-03 16:39:00,-0.7313193955107627,-0.7492546915391268,-0.2773745998373755
2010-11-03 16:40:00,-0.7307113104143581,-0.749271072262449,-0.2749682431793802
2010-11-03 16:41:00,-0.7286676522993711,-0.7490705677057754,-0.2723898720624674
2010-11-03 16:42:00,-0.7251319450568856,-0.7486557549567497,-0.26969037956585745
2010-11-03 16:43:00,-0.7200321329624657,-0.7480311475778061,-0.26692243427231505
2010-11-03 16:44:00,-0.713282353821427,-0.747203148516475,-0.2641399711627428
2010-11-03 16:45:00,-0.7047851712293127,-0.7461799932999041,-0.2613976546277491
2010-11-03 16:46:00,-0.6944342293152459,-0.7449716818551184,-0.25875031201428317
2010-11-03 16:47:00,-0.6821172847488431,-0.7435898969125883,-0.2562523363988999
2010-11-03 16:48:00,-0.6677195626216229,-0.742047906631962,-0.2539570577185414
2010-11-03 16:49:00,-0.6511273751749901,-0.7403604488424202,-0.2519160819952335
2010-11-03 16:50:00,-0.632231935358435,-0.738543594124314,-0.2501785991583432
2010-11-03 16:51:00,-0.6109332909877541,-0.7366145848843488,-0.24879066088746665
2010-11-03 16:52:00,-0.5871442999638183,-0.7345916476045616,-0.24779443095776754
2010-11-03 16:53:00,-0.5607945627454862,-0.7324937755837073,-0.24722741175369775
2010-11-03 16:54:00,-0.531834225191921,-0.7303404797432924,-0.24712165191105534
2010-11-03 16:55:00,-0.5002375631528369,-0.7281515054436644,-0.2475029414319988
2010-11-03 16:56:00,-0.4660062599460054,-0.7259465137547894,-0.2483900020686881
2010-11-03 16:57:00,-0.4291722892732754,-0.72374472626248,-0.24979368225872525
2010-11-03 16:58:00,-0.38980031933852677,-0.721564533278656,-0.2517161673841786
2010-11-03 16:59:00,-0.34798955909493307,-0.719423066276111,-0.2541502175787954
2010-11-03 17:00:00,-0.30387497482712633,-0.7173357364868944,-0.2570784466915204
2010-11-03 17:01:00,-0.2576278148371782,-0.7153157428825031,-0.2604726572991727
2010-11-03 17:02:00,-0.20945539201904395,-0.7133735541854545,-0.26429324781867747
2010-11-03 17:03:00,-0.15960008872993386,-0.7115163711397907,-0.2684887087701469
2010-11-03 17:04:00,-0.10833756574228115,-0.7097475769884225,-0.2729952260562653
2010-11-03 17:05:00,-0.05597417731843237,-0.7080661859631041,-0.2777364097217111
2010-11-03 17:06:00,-0.0028436177114637183,-0.7064663015821869,-0.2826231670116746
2010-11-03 17:07:00,0.05069714923530228,-0.7049365986656507,-0.2875537386369544
2010-11-03 17:08:00,0.10427259627809159,-0.7034598452084643,-0.2924139169412161
2010-11-03 17:09:00,0.1574938621294984,-0.7020124825543265,-0.297077464040386
2010-11-03 17:10:00,0.20996436156180637,-0.700564284433237,-0.30140674666782946
2010-11-03 17:11:00,0.2612856130002894,-0.6990781167240958,-0.30525360200147994
2010-11-03 17:12:00,0.31106311547317456,-0.6975098194396736,-0.30846044498016084
2010-11-03 17:13:00,0.3589121187098454,-0.6958082300539016,-0.31086162279138857
2010-11-03 17:14:00,0.4044631527539574,-0.6939153633964694,-0.3122850168157013
2010-11-03 17:15:00,0.44736720897767734,-0.6917667587861078,-0.3125538866894885
2010-11-03 17:16:00,0.4873004883475563,-0.6892920004309923,-0.3114889454221174
2010-11-03 17:17:00,0.523968653927084,-0.6864154125704597,-0.3089106487056486
2010-11-03 17:18:00,0.5571105428856993,-0.6830569263893861,-0.3046416757254434
2010-11-03 17:19:00,0.586501308888825,-0.679133111420381,-0.29850957297787284
2010-11-03 17:20:00,0.6119549788498515,-0.674558359987074,-0.29034952690318827
2010-11-03 17:21:00,0.6333264188320145,-0.6692462092664584,-0.28000722563739877
2010-11-03 17:22:00,0.6505127126128631,-0.6631107817940877,-0.26734176498024004
2010-11-03 17:23:00,0.6634539632983516,-0.6560683217411016,-0.252228548882876
2010-11-03 17:24:00,0.6721335336414045,-0.6480388010989978,-0.23456213050500324
2010-11-03 17:25:00,0.6765777446352108,-0.6389475670627859,-0.21425893631130385
2010-11-03 17:26:00,0.6768550547762366,-0.628726999455785,-0.19125981291509034
2010-11-03 17:27:00,0.6730747443922405,-0.6173181450450796,-0.1655323345844992
2010-11-03 17:28:00,0.6653851308742276,-0.6046722941160195,-0.13707280866239166
2010-11-03 17:29:00,0.6539713418043777,-0.5907524637726855,-0.10590791677805338
2010-11-03 17:30:00,0.6390526740952319,-0.575534752179385,-0.0720959318126527
2010-11-03 17:31:00,0.6208795686018089,-0.5590095284300194,-0.0357274542895745
2010-11-03 17:32:00,0.5997302314819116,-0.541182424003199,0.0030743826347681613
2010-11-03 17:33:00,0.5759069360937208,-0.5220750939075356,0.04415428293432627
2010-11-03 17:34:00,0.5497320426528381,-0.5017257187214095,0.08732576598437945
2010-11-03 17:35:00,0.5215437774260693,-0.4801892228650457,0.1323727752019904
2010-11-03 17:36:00,0.49169181910174464,-0.4575371896924115,0.1790519245881148
2010-11-03 17:37:00,0.4605327473127558,-0.4338574604382837,0.22709537379749836
2010-11-03 17:38:00,0.42842541724516237,-0.40925341178029984,0.2762143027519221
2010-11-03 17:39:00,0.3957263347589762,-0.38384291589721437,0.3261029343799271
2010-11-03 17:40:00,0.36278511711538214,-0.3577569977512503,0.3764430288070759
2010-11-03 17:41:00,0.32994013127221394,-0.331138217449727,0.4269087449502187
2010-11-03 17:42:00,0.2975143999007266,-0.3041388209813675,0.47717173873395874
2010-11-03 17:43:00,0.26581185424829,-0.27691871848019034,0.5269063465033059
2010-11-03 17:44:00,0.23511399797329371,-0.24964336107841006,0.5757946937961231
2010-11-03 17:45:00,0.20567703216871522,-0.22248159049767413,0.6235315763280342
2010-11-03 17:46:00,0.17772947923940577,-0.19560352813094392,0.6698289793850861
2010-11-03 17:47:00,0.15147033041452895,-0.16917855561373057,0.7144201280430561
2010-11-03 17:48:00,0.1270677284878257,-0.14337342181005405,0.7570629883080299
2010-11-03 17:49:00,0.10465818505095399,-0.11835049487558395,0.7975431652947482
2010-11-03 17:50:00,0.08434632071399589,-0.09426616352790315,0.8356761677907122
2010-11-03 17:51:00,0.06620510772175883,-0.0712693795207401,0.8713090287591596
2010-11-03 17:52:00,0.05027658692399899,-0.049500324704934415,0.9043212886095156
2010-11-03 17:53:00,0.03657302507932558,-0.02908918182569062,0.9346253626348389
2010-11-03 17:54:00,0.025078473485627754,-0.010154988266730487,0.9621663260294614
2010-11-03 17:55:00,0.015750683991191054,0.007195444914860062,0.9869211593840089
2010-11-03 17:56:00,0.008523332795830467,0.022868561636179802,1.008897504639037
2010-11-03 17:57:00,0.0033084966423085342,0.03678504431282168,1.028131986538456
2010-11-03 17:58:00,-6.782906866466199e-07,0.048880752129677484,1.0446881581561596
2010-11-03 17:59:00,-0.0015271759627373956,0.05910760521424412,1.0586541315049152
2010-11-03 18:00:00,-0.0014072383805199017,0.06743439676168447,1.0701399558401277
2010-11-03 18:01:00,0.00021252150738149543,0.07384750627866113,1.0792748071046694
2010-11-03 18:02:00,0.0031779694778984384,0.07835147825890157,1.08620405192277
2010-11-03 18:03:00,0.00733021436465479,0.08096942184380633,1.0910862484330799
2010-11-03 18:04:00,0.012508243878370332,0.08174318017576715,1.0940901437779809
2010-11-03 18:05:00,0.01855139386995103,0.08073321677612968,1.0953917240231257
2010-11-03 18:06:00,0.02530161880323407,0.07801817305307608,1.0951713667106238
2010-11-03 18:07:00,0.0326055376423414,0.07369406521370882,1.0936111395019716
2010-11-03 18:08:00,0.04031623609196373,0.06787310717897888,1.0908922809370698
2010-11-03 18:09:00,0.04829481288400819,0.060682165793666955,1.087192891638659
2010-11-03 18:10:00,0.056411664419888534,0.052260874462980826,1.08268585657044
2010-11-03 18:11:00,0.06454750827560064,0.04275945034576997,1.0775370114144969
2010-11-03 18:12:00,0.07259415125068808,0.032336276122756344,1.0719035591683326
2010-11-03 18:13:00,0.08045501107561659,0.021155317244263793,1.0659327372605676
2010-11-03 18:14:00,0.088045402529137,0.009383448464444718,1.0597607312142967
2010-11-03 18:15:00,0.09529259962848716,-0.002812238808848769,1.0535118279468687
2010-11-03 18:16:00,0.10213568714199471,-0.015267081819007546,1.0472977996175892
2010-11-03 18:17:00,0.10852521741423778,-0.02782138435655908,1.0412175070748837
2010-11-03 18:18:00,0.11442269184950887,-0.04032279470027105,1.0353567102748213
2010-11-03 18:19:00,0.11979988971121328,-0.05262847919640309,1.0297880715744405
2010-11-03 18:20:00,0.12463806984769436,-0.06460705522987897,1.0245713366182412
2010-11-03 18:21:00,0.12892707335476875,-0.07614025492307039,1.01975367671878
2010-11-03 18:22:00,0.13266435680628932,-0.08712429756202687,1.0153701761979042
2010-11-03 18:23:00,0.13585398633804646,-0.09747095464533825,1.0114444479676632
2010-11-03 18:24:00,0.13850562247995676,-0.107108296958721,1.0079893605344228
2010-11-03 18:25:00,0.14063352437247836,-0.115981118283302,1.0050078596525198
2010-11-03 18:26:00,0.1422556002520696,-0.12405103514180973,1.002493868165058
2010-11-03 18:27:00,0.1433925288582015,-0.13129626681656473,1.0004332479849258
2010-11-03 18:28:00,0.14406697303345795,-0.13771110574701495,0.9988048082446632
2010-11-03 18:29:00,0.14430290162545117,-0.14330509572185413,0.9975813432218698
2010-11-03 18:30:00,0.14412502907299307,-0.14810194306896446,0.9967306831852321
2010-11-03 18:31:00,0.14355837461190799,-0.15213819300990772,0.9962167414059024
2010-11-03 18:32:00,0.14262793566161952,-0.155461708969041,0.9960005413818457
2010-11-03 18:33:00,0.14135846333797028,-0.15812999689533103,0.9960412095908698
2010-11-03 18:34:00,0.13977432298919035,-0.1602084193708017,0.9962969206238167
2010-11-03 18:35:00,0.13789941983406262,-0.16176834521516603,0.9967257832945783
2010-11-03 18:36:00,0.1357571692777016,-0.16288527965117883,0.9972866582017036
2010-11-03 18:37:00,0.13337049291069542,-0.16363701858889795,0.9979398990562961
2010-11-03 18:38:00,0.13076182410994497,-0.1641018691108956,0.9986480117122902
2010-11-03 18:39:00,0.1279531110641795,-0.16435697715453054,0.9993762262096341
2010-11-03 18:40:00,0.12496580924447413,-0.16447680194374578,1.0000929784537675
2010-11-03 18:41:00,0.1218208590065182,-0.16453177316422837,1.0007702996481274
2010-11-03 18:42:00,0.11853864651930696,-0.16458715926115208,1.0013841133445431
2010-11-03 18:43:00,0.11513894750237536,-0.16470216298875973,1.0019144418225232
2010-11-03 18:44:00,0.11164085410991766,-0.1649292457210877,1.0023455251609263
2010-11-03 18:45:00,0.10806268709503447,-0.1653136692442488,1.0026658575503768
2010-11-03 18:46:00,0.1044218989002337,-0.16589323546253643,1.002868146030482
2010-11-03 18:47:00,0.10073497764147205,-0.16669820004609046,1.0029491971307862
2010-11-03 18:48:00,0.09701736498325804,-0.16775133370217712,1.002909737228115
2010-11-03 18:49:00,0.09328340109884974,-0.16906810359769048,1.0027541730977634
2010-11-03 18:50:00,0.08954630729652896,-0.17065694736827494,1.0024903001680845
2010-11-03 18:51:00,0.08581821254809498,-0.1725196131882334,1.002128967149654
2010-11-03 18:52:00,0.08211022517585834,-0.17465154211895695,1.0016837064894346
2010-11-03 18:53:00,0.07843254593430274,-0.1770422742934775,1.0011703398281302
2010-11-03 18:54:00,0.0747946139379632,-0.1796758683744004,1.0006065660089554
2010-11-03 18:55:00,0.07120527273272209,-0.1825313322601947,1.0000115367619133
2010-11-03 18:56:00,0.06767294087236374,-0.18558306956829448,0.999405423068158
2010-11-03 18:57:00,0.064205770132292,-0.1888013495725424,0.9988089741725907
2010-11-03 18:58:00,0.06081177527795395,-0.1921528082707594,0.9982430713787451
2010-11-03 18:59:00,0.057498922394734205,-0.19560098591801572,0.9977282798386159
2010-11-03 19:00:00,0.05427516820359324,-0.19910690238568857,0.9972844031363484
2010-11-03 19:01:00,0.051148449732240406,-0.20262966696493695,0.9969300472183324
2010-11-03 19:02:00,0.04812663044543595,-0.20612711485612173,0.9966822019492962
2010-11-03 19:03:00,0.04521741352273569,-0.20955645955862467,0.9965558501611647
2010-11-03 19:04:00,0.04242823446139269,-0.2128749492176784,0.9965636153536422
2010-11-03 19:05:00,0.03976614415222967,-0.2160405157785358,0.996715459942412
2010-11-03 19:06:00,0.03723769139633145,-0.21901240847092945,0.9970184456551286
2010-11-03 19:07:00,0.03484881156025325,-0.22175180737535918,0.9974765656017377
2010-11-03 19:08:00,0.03260472608215004,-0.22422241697395087,0.9980906533024525
2010-11-03 19:09:00,0.030509855848659954,-0.22639104063321036,0.9988583684695324
2010-11-03 19:10:00,0.028567750088450767,-0.2282281335412884,0.9997742545110524
2010-11-03 19:11:00,0.026781031481947815,-0.22970832657761364,1.0008298597766954
2010-11-03 19:12:00,0.02515135767319854,-0.23081091121502795,1.0020139132655308
2010-11-03 19:13:00,0.023679399107146254,-0.23152027694103222,1.0033125450779277
2010-11-03 19:14:00,0.02236483289093496,-0.2318262954819997,1.0047095419581564
2010-11-03 19:15:00,0.021206352110382343,-0.23172464774781806,1.0061866288824437
2010-11-03 19:16:00,0.02020168974903744,-0.2312170892176824,1.007723768759513
2010-11-03 19:17:00,0.019347656075122555,-0.23031164831895756,1.009299473666564
2010-11-03 19:18:00,0.018640188064711485,-0.22902275124503663,1.0108911223740018
2010-11-03 19:19:00,0.018074409133530908,-0.22737126607596891,1.0124752800868764
2010-11-03 19:20:00,0.017644697227873228,-0.2253844590163038,1.0140280173184149
2010-11-03 19:21:00,0.017344759250417556,-0.22309585598069864,1.0155252255988445
2010-11-03 19:22:00,0.01716770987966355,-0.22054500361819998,1.0169429282990505
2010-11-03 19:23:00,0.017106153021324892,-0.2177771250845687,1.0182575852372655
2010-11-03 19:24:00,0.01715226432289485,-0.21484266725514653,1.019446390007663
2010-11-03 19:25:00,0.017297873352998226,-0.2117967374990663,1.0204875591704605
2010-11-03 19:26:00,0.017534544233761874,-0.20869842973570937,1.0213606125365593
2010-11-03 19:27:00,0.017853653774972784,-0.2056100415002018,1.022046643694554
2010-11-03 19:28:00,0.018246466486863188,-0.2025961861748769,1.0225285796739687
2010-11-03 19:29:00,0.01870420615685621,-0.19972280712684412,1.0227914283295014
2010-11-03 19:30:00,0.019218123867292353,-0.19705610297546156,1.022822511773172
2010-11-03 19:31:00,0.019779562382776537,-0.19466137568793487,1.022611683957487
2010-11-03 19:32:00,0.020380016809197033,-0.19260181606387333,1.0221515301948942
2010-11-03 19:33:00,0.021011191404256294,-0.1909372447825969,1.0214375458679288
2010-11-03 19:34:00,0.021665052445307253,-0.18972283155438274,1.0204682908420444
2010-11-03 19:35:00,0.022333877125629904,-0.1890078196317762,1.0192455152811193
2010-11-03 19:36:00,0.02301029849483023,-0.18883428741817473,1.0177742518902808
2010-11-03 19:37:00,0.023687346393399086,-0.18923598271552552,1.0160628692288125
2010-11-03 19:38:00,0.024358484112985176,-0.19023726808856462,1.014123080694907
2010-11-03 19:39:00,0.02501764022212869,-0.19185221775022662,1.0119699040645815
2010-11-03 19:40:00,0.025659234805328373,-0.1940839068266707,1.009621567067246
2010-11-03 19:41:00,0.026278199418646262,-0.19692393174483494,1.0070993554402428
2010-11-03 19:42:00,0.026869990414914606,-0.20035219427816772,1.0044274012692844
2010-11-03 19:43:00,0.027430595903674942,-0.20433697056141872,1.001632411197638
2010-11-03 19:44:00,0.02795653739033022,-0.20883527096617946,0.9987433361936607
2010-11-03 19:45:00,0.028444867912159135,-0.21379347978220936,0.9957909868070224
2010-11-03 19:46:00,0.02889316903845781,-0.21914824860191787,0.9928075999773012
2010-11-03 19:47:00,0.02929954927019334,-0.2248276068273091,0.9898263653377549
2010-11-03 19:48:00,0.029662646145819746,-0.23075224757098756,0.9868809205704562
2010-11-03 19:49:00,0.029981633838763174,-0.2368369462219108,0.9840048267835277
2010-11-03 19:50:00,0.030256237336016942,-0.24299207002752427,0.9812310362387857
2010-11-03 19:51:00,0.03048675349723329,-0.24912513844865003,0.9785913662602893
2010-11-03 19:52:00,0.030674078527953227,-0.255142394935064,0.9761159949020836
2010-11-03 19:53:00,0.030819740854257482,-0.2609503513490696,0.9738329957367193
2010-11-03 19:54:00,0.030925938194617725,-0.26645726776980033,0.9717679301529426
2010-11-03 19:55:00,0.03099557767886983,-0.2715745348135344,0.9699435142334808
2010-11-03 19:56:00,0.031032317830957428,-0.2762179341292859,0.968379372072288
2010-11-03 19:57:00,0.03104061084430431,-0.28030876389378934,0.967091878823162
2010-11-03 19:58:00,0.031025742891309892,-0.28377482618425554,0.9660940880688385
2010-11-03 19:59:00,0.03099386950631237,-0.2865512792431209,0.9653957325369812
2010-11-03 20:00:00,0.030952042615719738,-0.2885813600474497,0.965003285418681
2010-11-03 20:01:00,0.03090822567414495,-0.2898169831248308,0.9649200701154521
2010-11-03 20:02:00,0.030871293597903,-0.2902192216925982,0.9651464076195599
2010-11-03 20:03:00,0.030851014664806685,-0.28975867739507816,0.96567979215587
2010-11-03 20:04:00,0.030858012133019298,-0.2884157449190717,0.9665150870181882
2010-11-03 20:05:00,0.030903703944553055,-0.28618077713801526,0.9676447338558541
2010-11-03 20:06:00,0.03100021953290307,-0.2830541550872628,0.9690589701346034
2010-11-03 20:07:00,0.031160293466182466,-0.27904626547593947,0.9707460510269909
2010-11-03 20:08:00,0.03139713635056675,-0.27417738723946344,0.9726924733867629
2010-11-03 20:09:00,0.031724283944216135,-0.26847748811127636,0.9748832005666608
2010-11-03 20:10:00,0.032155425684079926,-0.2619859324278719,0.9773018872642104
2010-11-03 20:11:00,0.032704213846521266,-0.2547511028205951,0.9799311025735681
2010-11-03 20:12:00,0.03338405454102029,-0.24682994118689633,0.9827525468316214
2010-11-03 20:13:00,0.034207881896101563,-0.23828741689531732,0.9857472550805522
2010-11-03 20:14:00,0.035187917216441406,-0.22919593042101924,0.9888957789340227
2010-11-03 20:15:00,0.03633541550335099,-0.219634657956832,0.9921783398349053
2010-11-03 20:16:00,0.037660402456728345,-0.20968883834342567,0.9955749491502178
2010-11-03 20:17:00,0.03917140583594358,-0.19944899961195053,0.9990654931628413
2010-11-03 20:18:00,0.0408751857181198,-0.18901011941608417,1.0026297833267943
2010-11-03 20:19:00,0.04277646863796679,-0.17847071174640086,1.0062475741396684
2010-11-03 20:20:00,0.04487769081858895,-0.1679318314696752,1.0098985526981124
2010-11-03 20:21:00,0.047178755791954276,-0.15749598856348687,1.013562305334718
2010-11-03 20:22:00,0.04967681174075069,-0.14726596566722455,1.0172182675173447
2010-11-03 20:23:00,0.052366053854459846,-0.1373435357136081,1.0208456634059515
2010-11-03 20:24:00,0.05523755675243985,-0.12782808082833017,1.0244234411921354
2010-11-03 20:25:00,0.058279141467163724,-0.11881511949924689,1.0279302096211085
2010-11-03 20:26:00,0.06147528068802018,-0.11039475602750795,1.0313441800349799
2010-11-03 20:27:00,0.06480704528301609,-0.10265007350726749,1.0346431172405728
2010-11-03 20:28:00,0.06825209489410634,-0.09565549790358585,1.0378043018369532
2010-11-03 20:29:00,0.071784715656136,-0.08947516565277848,1.0408045063913565
2010-11-03 20:30:00,0.07537590849127092,-0.08416133050953474,1.043619987884177
2010-11-03 20:31:00,0.07899353164780519,-0.07975284724391314,1.0462264989835117
2010-11-03 20:32:00,0.08260250106647173,-0.07627377073881257,1.0485993207809035
2010-11-03 20:33:00,0.08616505178689543,-0.07373210975916045,1.050713319484885
2010-11-03 20:34:00,0.08964106292847791,-0.07211877545484847,1.052543029244792
2010-11-03 20:35:00,0.09298844763329178,-0.07140676517485404,1.0540627629078645
2010-11-03 20:36:00,0.09616360756153869,-0.07155062176182721,1.0552467521953863
2010-11-03 20:37:00,0.09912194914180754,-0.07248620648864977,1.0560693185000751
2010-11-03 20:38:00,0.10181845615386458,-0.07413081970581524,1.0565050752003544
2010-11-03 20:39:00,0.1042083107716697,-0.07638369706150129,1.0565291620208692
2010-11-03 20:40:00,0.10624755320074902,-0.07912690111765891,1.0561175115174863
2010-11-03 20:41:00,0.10789376867228363,-0.0822266185698552,1.0552471472097193
2010-11-03 20:42:00,0.10910678985565374,-0.08553486236504043,1.0538965122275985
2010-11-03 20:43:00,0.10984940261696109,-0.08889156621654386,1.0520458266145432
2010-11-03 20:44:00,0.11008804328171382,-0.09212704671040446,1.0496774706759764
2010-11-03 20:45:00,0.10979347596447812,-0.09506479559689177,1.0467763910305
2010-11-03 20:46:00,0.10894143898987521,-0.09752455207859735,1.0433305253517093
2010-11-03 20:47:00,0.10751324990324805,-0.09932559202040567,1.039331241210788
2010-11-03 20:48:00,0.10549635894277322,-0.10029015859981014,1.0347737838791355
2010-11-03 20:49:00,0.10288484073581129,-0.10024694905096007,1.02965772714928
2010-11-03 20:50:00,0.09967981290383074,-0.09903456800578984,1.0239874197202954
2010-11-03 20:51:00,0.095889768330947,-0.09650486111294695,1.0177724172359408
2010-11-03 20:52:00,0.09153080634211226,-0.09252605109051991,1.011027887070712
2010-11-03 20:53:00,0.08662674872406566,-0.08698560808364648,1.003774970257044
2010-11-03 20:54:00,0.08120913008323423,-0.07979279442650976,0.9960410831190433
2010-11-03 20:55:00,0.07531705733247539,-0.07088083036195929,0.9878601403319254
2010-11-03 20:56:00,0.06899693828811884,-0.06020863274868884,0.9792726811833495
2010-11-03 20:57:00,0.06230208327485071,-0.047762084022053716,0.9703258816985946
2010-11-03 20:58:00,0.05529218605681767,-0.033554794534855784,0.9610734368104766
2010-11-03 20:59:00,0.048032691746579904,-0.01762832899464742,0.9515752985732226
2010-11-03 21:00:00,0.040594060299172764,-5.187733772817507e-05,0.9418972584137678
2010-11-03 21:01:00,0.033050935332148354,0.019078639187891933,0.9321103639266951
2010-11-03 21:02:00,0.02548122938710563,0.03964202628470383,0.9222901642578457
2010-11-03 21:03:00,0.017965138038863442,0.06149383002137289,0.9125157828701452
2010-11-03 21:04:00,0.010584096171122095,0.08446888700163566,0.9028688222018486
2010-11-03 21:05:00,0.0034196903298145814,0.10838438138735075,0.8934321109822374
2010-11-03 21:06:00,-0.0034474583687848738,0.13304336389151095,0.8842883114216942
2010-11-03 21:07:00,-0.009938825584795865,0.1582386694881788,0.8755184101045983
2010-11-03 21:08:00,-0.015979113379885376,0.1837571502608396,0.8672001234824511
2010-11-03 21:09:00,-0.0214973613873025,0.2093841191892373,0.8594062567311079
2010-11-03 21:10:00,-0.02642802188648921,0.23490788050684883,0.8522030632940987
2010-11-03 21:11:00,-0.030711979739240048,0.26012420357809335,0.8456486606932921
2010-11-03 21:12:00,-0.034297496395593485,0.28484058419034836,0.8397915641100226
2010-11-03 21:13:00,-0.037141056042240175,0.30888013627724664,0.8346694004210864
2010-11-03 21:14:00,-0.03920809243431155,0.3320849716637956,0.8303078606857187
2010-11-03 21:15:00,-0.04047357711523286,0.3543189519787107,0.8267199396307051
2010-11-03 21:16:00,-0.040922452942249166,0.3754697287353424,0.8239054987338571
2010-11-03 21:17:00,-0.040549900500304596,0.3954500200708838,0.8218511767303552
2010-11-03 21:18:00,-0.039361428884913195,0.41419810415411146,0.8205306583692272
2010-11-03 21:19:00,-0.03737278644348914,0.43167753961005434,0.8199052991309096
2010-11-03 21:20:00,-0.03460969135256943,0.44787615246172235,0.8199250904300142
2010-11-03 21:21:00,-0.031107386321199686,0.4628043569868152,0.820529936671429
2010-11-03 21:22:00,-0.026910026384061998,0.47649290416859225,0.8216512026125518
2010-11-03 21:23:00,-0.02206991405855358,0.48899017461136196,0.8232134774148465
2010-11-03 21:24:00,-0.016646602050747094,0.5003591492263342,0.8251364920788967
2010-11-03 21:25:00,-0.01070588910038839,0.5106741956068406,0.8273371220646416
2010-11-03 21:26:00,-0.004318738067131924,0.5200177979986871,0.8297314085823106
2010-11-03 21:27:00,0.0024398532646673432,0.5284773365912921,0.8322365396320623
2010-11-03 21:28:00,0.009491998395953754,0.5361419942242364,0.8347727424503283
2010-11-03 21:29:00,0.016758057089535865,0.5430998430298412,0.8372650495164499
2010-11-03 21:30:00,0.02415773555602174,0.5494351449793133,0.839644909136652
2010-11-03 21:31:00,0.031611135536723574,0.5552258893768913,0.841851618824979
2010-11-03 21:32:00,0.039039744237375364,0.5605415845092011,0.8438335657577446
2010-11-03 21:33:00,0.04636736437930438,0.5654413173845917,0.8455492637320989
2010-11-03 21:34:00,0.05352098839172826,0.5699720939475706,0.8469681801460781
2010-11-03 21:35:00,0.060431622195500585,0.5741674723591096,0.8480713493424322
2010-11-03 21:36:00,0.06703506243985154,0.5780465036456865,0.8488517703279876
2010-11-03 21:37:00,0.0732726274706135,0.5816129965090564,0.8493145877377881
2010-11-03 21:38:00,0.07909183767107009,0.5848551251335673,0.8494770553551433
2010-11-03 21:39:00,0.08444703561728657,0.5877453985608163,0.8493682820052163
2010-11-03 21:40:00,0.08929993097525371,0.5902410062699147,0.8490287606911777
2010-11-03 21:41:00,0.09362004974100187,0.5922845479956421,0.8485096835420861
2010-11-03 21:42:00,0.09738506369210387,0.5938051486913827,0.847872047264513
2010-11-03 21:43:00,0.10058097610267128,0.594719951912895,0.8471855563633465
2010-11-03 21:44:00,0.10320214558169426,0.5949359748174899,0.8465273347767139
2010-11-03 21:45:00,0.10525114047169724,0.5943522950358332,0.8459804608408209
2010-11-03 21:46:00,0.1067384282616513,0.5928625262015275,0.8456323452103496
2010-11-03 21:47:00,0.10768191434510982,0.5903575277847293,0.8455729758543548
2010-11-03 21:48:00,0.10810635040687067,0.5867282874206965,0.8458930580648552
2010-11-03 21:49:00,0.10804263511345814,0.5818689097465057,0.846682080462668
2010-11-03 21:50:00,0.10752703009624252,0.5756796436155927,0.848026340466788
2010-11-03 21:51:00,0.10660031373872864,0.5680698784792537,0.8500069648063204
2010-11-03 21:52:00,0.10530689451351942,0.558961040595551,0.852697962281181
2010-11-03 21:53:00,0.10369390453735038,0.548289321072074,0.8561643467173599
2010-11-03 21:54:00,0.1018102925533077,0.5360081710347865,0.8604603675898054
2010-11-03 21:55:00,0.09970593378941675,0.5220905044111787,0.8656278841257812
2010-11-03 21:56:00,0.09743077225509697,0.5065305555764626,0.8716949161048472
2010-11-03 21:57:00,0.09503400916151186,0.4893453471738752,0.8786744012354719
2010-11-03 21:58:00,0.09256334933813913,0.47057573272408404,0.8865631849729724
2010-11-03 21:59:00,0.09006431574718916,0.4502869892065132,0.8953412639598011
2010-11-03 22:00:00,0.0875796404368996,0.4285689466508631,0.9049712989309266
2010-11-03 22:01:00,0.08514873851752672,0.40553565495924304,0.915398406931135
2010-11-03 22:02:00,0.08280727001853791,0.38132460274506896,0.9265502360145538
2010-11-03 22:03:00,0.08058679284123582,0.35609551882878576,0.9383373182674001
2010-11-03 22:04:00,0.07851450849393546,0.3300288031680639,0.9506536892978967
2010-11-03 22:05:00,0.07661310086847144,0.3033236472309267,0.9633777551448276
2010-11-03 22:06:00,0.07490066691981723,0.27619590909494757,0.9763733823370679
2010-11-03 22:07:00,0.07339073668471494,0.24887580283010596,0.9894911848421986
2010-11-03 22:08:00,0.07209237858152844,0.2216054478941124,1.0025699828520727
2010-11-03 22:09:00,0.07101038434823664,0.1946363094062228,1.015438411453242
2010-11-03 22:10:00,0.0701455263651747,0.16822654959919667,1.0279166606731514
2010-11-03 22:11:00,0.06949487866063794,0.14263830528120136,1.0398183312663336
2010-11-03 22:12:00,0.06905219176197556,0.11813490424563522,1.0509523926334363
2010-11-03 22:13:00,0.06880831071114095,0.09497803407387125,1.0611252304379868
2010-11-03 22:14:00,0.06875162490844744,0.0734248792428093,1.0701427718422019
2010-11-03 22:15:00,0.06886853797563952,0.05372524640547616,1.077812675904383
2010-11-03 22:16:00,0.06914394567605499,0.03611870224494197,1.0839465757141424
2010-11-03 22:17:00,0.06956171025128688,0.02083175235288814,1.088362357469356
2010-11-03 22:18:00,0.07010512035576323,0.008075092644359785,1.0908864600454644
2010-11-03 22:19:00,0.07075732696421726,-0.0019590328077774503,1.091356176697729
2010-11-03 22:20:00,0.07150174696631971,-0.009099331436471743,1.0896219383404966
2010-11-03 22:21:00,0.07232242734658938,-0.013197781424326916,1.0855495553288734
2010-11-03 22:22:00,0.0732043636159044,-0.014131732324257303,1.0790223917971709
2010-11-03 22:23:00,0.0741337666164233,-0.011805751410164773,1.0699434434240243
2010-11-03 22:24:00,0.07509827254450462,-0.006153185510529062,1.0582372862008016
2010-11-03 22:25:00,0.07608709261221422,0.00286258515068776,1.0438518607136056
2010-11-03 22:26:00,0.07709110122040401,0.015247218102475668,1.026760053918496
2010-11-03 22:27:00,0.07810286429884282,0.03097481654468031,1.0069610385992032
2010-11-03 22:28:00,0.07911661189204518,0.04998768244688737,0.9844813298077156
2010-11-03 22:29:00,0.08012816069871796,0.07219642214869246,0.9593755177670679
2010-11-03 22:30:00,0.081134793086111,0.09748041277273095,0.9317266381093123
2010-11-03 22:31:00,0.08213509936542251,0.1256886397965929,0.9016461430417516
2010-11-03 22:32:00,0.08312879015001524,0.1566409177621289,0.8692734411848868
2010-11-03 22:33:00,0.08411648569877855,0.19012950589039884,0.8347749795248097
2010-11-03 22:34:00,0.08509948948502964,0.22592112716584425,0.79834284831024
2010-11-03 22:35:00,0.08607955383417419,0.2637593929382396,0.7601928989696535
2010-11-03 22:36:00,0.08705864605117293,0.3033676260496915,0.720562376416986
2010-11-03 22:37:00,0.08803872368595111,0.34445206507527043,0.6797070806195472
2010-11-03 22:38:00,0.08902152744422599,0.3867054209754058,0.6378980881247779
2010-11-03 22:39:00,0.09000839995653127,0.4298107449495518,0.5954180824348208
2010-11-03 22:40:00,0.09100013818634789,0.4734455515771832,0.5525573625976807
2010-11-03 22:41:00,0.09199688618941124,0.5172861231107652,0.5096096214274419
2010-11-03 22:42:00,0.09299807242773758,0.5610118993072716,0.4668676057837059
2010-11-03 22:43:00,0.09400239174828554,0.6043098375262184,0.42461878606876663
2010-11-03 22:44:00,0.09500782773720934,0.6468786187205281,0.3831411647875351
2010-11-03 22:45:00,0.09601170826078202,0.6884325814187168,0.342699343071543
2010-11-03 22:46:00,0.09701078621408299,0.7287052844749368,0.3035409437513084
2010-11-03 22:47:00,0.09800133804726185,0.7674526227333514,0.26589346619407894
2010-11-03 22:48:00,0.09897927358722318,0.8044554425374378,0.22996162578903495
2010-11-03 22:49:00,0.09994025161221493,0.8395216244647116,0.1959252109647586
2010-11-03 22:50:00,0.1008797965014963,0.8724876186119899,0.16393747307212123
2010-11-03 22:51:00,0.1017934120753463,0.9032194332904641,0.13412404926467364
2010-11-03 22:52:00,0.1026766894672766,0.9316130912218198,0.10658240555042998
2010-11-03 22:53:00,0.10352540653438266,0.9575945783763209,0.0813817763547332
2010-11-03 22:54:00,0.104335616915628,0.9811193195912975,0.05856356809543758
2010-11-03 22:55:00,0.10510372739293826,1.0021712221929573,0.03814218729346155
2010-11-03 22:56:00,0.10582656269728281,1.020761334161448,0.02010624848312811
2010-11-03 22:57:00,0.10650141733198791,1.0369261670777379,0.004420113503351569
2010-11-03 22:58:00,0.10712609435857379,1.0507257363221847,-0.008974288503712834
2010-11-03 22:59:00,0.10769893140695172,1.0622413719110613,-0.02015541203281074
2010-11-03 23:00:00,0.1082188144335415,1.0715733531111589,-0.029219868579405648
2010-11-03 23:01:00,0.10868517996115346,1.078838418714316,-0.036280072762359825
2010-11-03 23:02:00,0.10909800669823762,1.0841672027303533,-0.041461809545314504
2010-11-03 23:03:00,0.10945779755799541,1.0877016424108958,-0.04490176819328561
2010-11-03 23:04:00,0.1097655531853468,1.0895924020840224,-0.04674508532129158
2010-11-03 23:05:00,0.11002273815657564,1.0899963523885332,-0.04714293566053712
2010-11-03 23:06:00,0.11023124104657339,1.0890741402661244,-0.04625020510208074
2010-11-03 23:07:00,0.11039332956531496,1.086987880610631,-0.044223276286943294
2010-11-03 23:08:00,0.11051160195145072,1.0838989958883274,-0.04121795259509402
2010-11-03 23:09:00,0.11058893577918809,1.0799662254260851,-0.03738754193406271
2010-11-03 23:10:00,0.11062843528699956,1.0753438214995767,-0.03288111732195812
2010-11-03 23:11:00,0.11063337827479651,1.0701799449158058,-0.02784196697075332
2010-11-03 23:12:00,0.11060716354161294,1.0646152685365107,-0.022406242465481487
2010-11-03 23:13:00,0.11055325975020483,1.0587817931847865,-0.016701809755439202
2010-11-03 23:14:00,0.11047515650997106,1.0528018766602105,-0.010847304067149538
2010-11-03 23:15:00,0.11037631836691936,1.046787473191788,-0.0049513865492378985
2010-11-03 23:16:00,0.11026014228100325,1.0408395776080022,0.0008878025084321899
2010-11-03 23:17:00,0.11012991905965697,1.0350478658160336,0.00658300165806348
2010-11-03 23:18:00,0.10998879910485579,1.0294905208672864,0.012058007517349473
2010-11-03 23:19:00,0.10983976272248464,1.0242342319459656,0.017247687171378905
2010-11-03 23:20:00,0.1096855951395359,1.019334352047724,0.02209783723579587
2010-11-03 23:21:00,0.10952886627836644,1.0148351989073723,0.026564904261368365
2010-11-03 23:22:00,0.1093719152491114,1.0107704828746573,0.03061558202379744
2010-11-03 23:23:00,0.10921683944216745,1.0071638449069271,0.03422630178936999
2010-11-03 23:24:00,0.10906548803288252,1.0040294876248845,0.03738263189678412
2010-11-03 23:25:00,0.10891945965043336,1.0013728824371848,0.04007860297066633
2010-11-03 23:26:00,0.10878010391238326,0.9991915360541604,0.04231597480766935
2010-11-03 23:27:00,0.10864852648549764,0.9974758002527842,0.044103460478092146
2010-11-03 23:28:00,0.10852559730184799,0.996209709496034,0.0454559224923774
2010-11-03 23:29:00,0.10841196153672969,0.995371831921152,0.046393555020718694
2010-11-03 23:30:00,0.10830805294103592,0.9949361202634562,0.04694106515333556
2010-11-03 23:31:00,0.10821410911496265,0.9948727504466255,0.04712686507641205
2010-11-03 23:32:00,0.10813018831171135,0.9951489368193615,0.04698228584152206
2010-11-03 23:33:00,0.10805618736862481,0.9957297143258759,0.04654082215122831
2010-11-03 23:34:00,0.10799186037832491,0.9965786792382365,0.045837416295904494
2010-11-03 23:35:00,0.10793683773323812,0.9976586814275143,0.04490778808035615
2010-11-03 23:36:00,0.1078906452026676,0.9989324624851251,0.04378781629504946
2010-11-03 23:37:00,0.10785272273156155,1.0003632353062621,0.04251297603504009
2010-11-03 23:38:00,0.10782244268350878,1.0019152019978164,0.041117834967017146
2010-11-03 23:39:00,0.10779912728621881,1.0035540081601728,0.03963561050555664
2010-11-03 23:40:00,0.10778206507462966,1.0052471327041306,0.038097788795133564
2010-11-03 23:41:00,0.10777052616378312,1.0069642133909196,0.036533805413265855
2010-11-03 23:42:00,0.10776377621993659,1.0086773092164145,0.0349707868184483
2010-11-03 23:43:00,0.10776108903346947,1.010361101593495,0.03343335076832485
2010-11-03 23:44:00,0.1077617576306108,1.0119930370148347,0.0319434632313152
2010-11-03 23:45:00,0.10776510389265787,1.013553414500725,0.03052034870984066
2010-11-03 23:46:00,0.10777048668087914,1.0150254216536174,0.029180450385354995
2010-11-03 23:47:00,0.10777730849209437,1.0163951235550512,0.027937436083448723
2010-11-03 23:48:00,0.10778502069333507,1.0176514090547288,0.026802245739418407
2010-11-03 23:49:00,0.10779312740366082,1.0187858992199395,0.025783175818281063
2010-11-03 23:50:00,0.10780118810691476,1.0197928228413173,0.02488599600473856
2010-11-03 23:51:00,0.10780881909050982,1.0206688639335038,0.024114093423143444
2010-11-03 23:52:00,0.10781569381212788,1.0214129861330663,0.02346863966882401
2010-11-03 23:53:00,0.10782154229939074,1.0220262387888948,0.022948776023186207
2010-11-03 23:54:00,0.10782614968869667,1.022511549371108,0.022551812378544117
2010-11-03 23:55:00,0.10782935400986714,1.0228735066021297,0.022273435606979593
2010-11-03 23:56:00,0.1078310433237532,1.0231181384463977,0.02210792336233809
2010-11-03 23:57:00,0.10783115232044693,1.0232526887910833,0.02204835959676684
2010-11-03 23:58:00,0.10782965848535833,1.0232853963165784,0.02208684839398336
2010-11-03 23:59:00,0.10782657793815374,1.0232252786995562,0.022214723062241013
2010-11-04 00:00:00,0.10782196104517451,1.0230819249204526,0.022422747782976014
2010-11-04 00:01:00,0.10781588790003634,1.0228652980686423,0.02270130946933328
2010-11-04 00:02:00,0.10780846376029034,1.0225855506592292,0.023040597845946732
2010-11-04 00:03:00,0.10779981452053226,1.0222528541009879,0.023430772112429353
2010-11-04 00:04:00,0.10779008229413939,1.0218772435904002,0.023862112894513062
2010-11-04 00:05:00,0.10777942116693376,1.0214684793560809,0.024325158516591328
2010-11-04 00:06:00,0.10776799317672373,1.0210359248447707,0.024810824945936335
2010-11-04 00:07:00,0.10775596456317083,1.0205884421276454,0.025310509059941737
2010-11-04 00:08:00,0.10774350232308645,1.0201343045170068,0.02581617517061319
2010-11-04 00:09:00,0.10773077109734538,1.0196811261213563,0.02632042500226382
2010-11-04 00:10:00,0.10771793040725298,1.0192358078334534,0.026816551556179773
2010-11-04 00:11:00,0.10770513225047136,1.018804499042191,0.027298577507418396
2010-11-04 00:12:00,0.10769251905954631,1.0183925741855469,0.027761278962018285
2010-11-04 00:13:00,0.10768022201976975,1.0180046231190223,0.0282001955567012
2010-11-04 00:14:00,0.10766835973764077,1.0176444541617178,0.02861162800735978
2010-11-04 00:15:00,0.10765703724656762,1.0173151085989576,0.028992624307580716
2010-11-04 00:16:00,0.10764634533261774,1.0170188853635327,0.029340955844998767
2010-11-04 00:17:00,0.10763636015997291,1.0167573745847127,0.029655084742740086
2010-11-04 00:18:00,0.10762714317319307,1.0165314986834793,0.02993412374732117
2010-11-04 00:19:00,0.10761874125138293,1.0163415597024723,0.030177789975136798
2010-11-04 00:20:00,0.10761118708786045,1.0161872915877574,0.030386353799342205
2010-11-04 00:21:00,0.10760449976792807,1.0160679161843074,0.030560584110097176
2010-11-04 00:22:00,0.10759868551684805,1.015982201766208,0.030701691116825306
2010-11-04 00:23:00,0.10759373859010525,1.01592852299431,0.03081126778455257
2010-11-04 00:24:00,0.10758964227845495,1.0159049212757283,0.030891230910335365
2010-11-04 00:25:00,0.10758637000103323,1.0159091645880862,0.03094376275262598
2010-11-04 00:26:00,0.10758388646090684,1.0159388059246677,0.03097125402869002
2010-11-04 00:27:00,0.10758214883883559,1.0159912396140314,0.030976248995819085
2010-11-04 00:28:00,0.10758110800268546,1.016063754868468,0.030961393233582483
2010-11-04 00:29:00,0.10758070971181702,1.016153586017894,0.030929384648111853
2010-11-04 00:30:00,0.10758089579781333,1.016257958986479,0.03088292812602428
2010-11-04 00:31:00,0.10758160530504408,1.0163741336659164,0.030824694175635364
2010-11-04 00:32:00,0.1075827755767375,1.0164994419302562,0.030757281807294555
2010-11-04 00:33:00,0.10758434327441346,1.0166313211221625,0.030683185823577885
2010-11-04 00:34:00,0.10758624532069,1.0167673429195732,0.030604768614065116
2010-11-04 00:35:00,0.10758841975758222,1.0169052375651964,0.030524236478740904
2010-11-04 00:36:00,0.1075908065144452,1.01704291350899,0.030443620438821897
2010-11-04 00:37:00,0.1075933480816545,1.0171784725756945,0.030364761434021576
2010-11-04 00:38:00,0.10759599008795936,1.0173102208256382,0.03028929975085
2010-11-04 00:39:00,0.10759868178116504,1.0174366753270234,0.03021866847746225
2010-11-04 00:40:00,0.10760137641337829,1.0175565671008513,0.030154090736853923
2010-11-04 00:41:00,0.10760403153346329,1.0176688405349572,0.030096580412019586
2010-11-04 00:42:00,0.10760660919058682,1.0177726495914796,0.030046946044413207
2010-11-04 00:43:00,0.1076090760537757,1.0178673511531862,0.030005797561316466
2010-11-04 00:44:00,0.10761140345326878,1.0179524958691208,0.02997355546933015
2010-11-04 00:45:00,0.10761356735012803,1.0180278168692298,0.029950462140669747
2010-11-04 00:46:00,0.10761554824109376,1.018093216720581,0.029936594815989443
2010-11-04 00:47:00,0.10761733100603921,1.0181487529939395,0.029931879951106858
2010-11-04 00:48:00,0.10761890470561392,1.0181946227990457,0.02993610854436084
2010-11-04 00:49:00,0.10762026233676793,1.0182311466312413,0.029948952096141644
2010-11-04 00:50:00,0.10762140055382355,1.0182587518523927,0.02996997887249206
2010-11-04 00:51:00,0.10762231936260865,1.0182779561057014,0.029998670170383344
2010-11-04 00:52:00,0.10762302179489021,1.0182893509367168,0.030034436312406626
2010-11-04 00:53:00,0.10762351356996432,1.0182935858621418,0.03007663213179729
2010-11-04 00:54:00,0.10762380274979483,1.0182913530953495,0.030124571743628665
2010-11-04 00:55:00,0.1076238993935767,1.0182833731046035,0.030177542433718323
2010-11-04 00:56:00,0.10762381521705296,1.0182703811479046,0.030234817532486927
2010-11-04 00:57:00,0.10762356326134535,1.0182531148976712,0.030295668175874278
2010-11-04 00:58:00,0.10762315757546766,1.018232303239388,0.030359373888632944
2010-11-04 00:59:00,0.10762261291607779,1.018208656301217,0.030425231956137343
2010-11-04 01:00:00,0.10762194446740353,1.0181828567466689,0.030492565578635205
2010-11-04 01:01:00,0.10762116758366513,1.0181555523397887,0.030560730826164263
2010-11-04 01:02:00,0.10762029755572411,1.0181273497713876,0.03062912243286182
2010-11-04 01:03:00,0.1076193494031169,1.0180988097151695,0.030697178485951934
2010-11-04 01:04:00,0.10761833769209335,1.0180704430643979,0.030764384077285885
2010-11-04 01:05:00,0.10761727637979211,1.0180427082840358,0.03083027399403183
2010-11-04 01:06:00,0.10761617868425909,1.01801600980059,0.030894434530146248
2010-11-04 01:07:00,0.10761505697964613,1.0179906973420287,0.030956504501981345
2010-11-04 01:08:00,0.10761392271561102,1.0179670661332876,0.031016175550466294
2010-11-04 01:09:00,0.10761278635967567,1.017945357849924,0.031073191809587487
2010-11-04 01:10:00,0.10761165736108896,1.0179257622338513,0.031127349016943428
2010-11-04 01:11:00,0.10761054413457379,1.0179084192795116,0.031178493137103278
2010-11-04 01:12:00,0.10760945406219906,1.017893421904317,0.031226518562614443
2010-11-04 01:13:00,0.1076083935114965,1.0178808190226523,0.03127136595158725
2010-11-04 01:14:00,0.10760736786783676,1.0178706189482363,0.03131301975555791
2010-11-04 01:15:00,0.10760638157899052,1.0178627930550677,0.03135150548656574
2010-11-04 01:16:00,0.10760543820973029,1.0178572796317478,0.03138688676730156
2010-11-04 01:17:00,0.10760454050429187,1.017853987867341,0.03141926220271258
2010-11-04 01:18:00,0.1076036904545335,1.0178528019097968,0.031448762106438745
2010-11-04 01:19:00,0.10760288937172831,1.0178535849414279,0.03147554511173116
2010-11-04 01:20:00,0.10760213796011374,1.0178561832205912,0.03149979469415135
2010-11-04 01:21:00,0.10760143639057325,1.017860430044277,0.031521715631934566
2010-11-04 01:22:00,0.10760078437308689,1.0178661495916996,0.03154153042899385
2010-11-04 01:23:00,0.10760018122680018,1.0178731606129376,0.031559475724965855
2010-11-04 01:24:00,0.10759962594670777,1.0178812799285584,0.031575798716442935
2010-11-04 01:25:00,0.1075991172660581,1.0178903257065286,0.03159075361359256
2010-11-04 01:26:00,0.10759865371369115,1.0179001204828184,0.03160459815666658
2010-11-04 01:27:00,0.10759823366562193,1.0179104938930528,0.031617590217359194
2010-11-04 01:28:00,0.10759785539026805,1.0179212850849706,0.0316299845104933
2010-11-04 01:29:00,0.10759751708681382,1.0179323447856665,0.03164202944199703
2010-11-04 01:30:00,0.1075972169163407,1.0179435370036032,0.03165396411945183
2010-11-04 01:31:00,0.10759695302554365,1.0179547403525913,0.03166601555152354
2010-11-04 01:32:00,0.10759672356307799,1.0179658489925292,0.031678396062211484
2010-11-04 01:33:00,0.10759652668881614,1.0179767731894083,0.03169130094499585
2010-11-04 01:34:00,0.1075963605765279,1.017987439505198,0.03170490638063678
2010-11-04 01:35:00,0.10759622341072023,1.017997790636684,0.03171936764061377
2010-11-04 01:36:00,0.1075961133785709,1.0180077849302496,0.0317348175959687
2010-11-04 01:37:00,0.10759602865806298,1.0180173956059115,0.03175136554854626
2010-11-04 01:38:00,0.10759596740358125,1.0180266097284163,0.031769096398252795
2010-11-04 01:39:00,0.10759592773036507,1.0180354269663858,0.031788070155989216
2010-11-04 01:40:00,0.1075959076992765,1.0180438581828348,0.03180832180743503
2010-11-04 01:41:00,0.10759590530328537,1.018051923901865,0.03182986152799553
2010-11-04 01:42:00,0.10759591845688111,1.018059652696621,0.03185267524407482
2010-11-04 01:43:00,0.10759594498932637,1.0180670795422717,0.03187672553041406
2010-11-04 01:44:00,0.1075959826423155,1.0180742441748196,0.0319019528274748
2010-11-04 01:45:00,0.1075960290722634,1.0180811894922464,0.031928276956679796
2010-11-04 01:46:00,0.10759608185718682,1.018087960029281,0.0319555989047561
2010-11-04 01:47:00,0.10759613850796172,1.01809460053115,0.03198380284176383
2010-11-04 01:48:00,0.10759619648361782,1.0181011546453211,0.03201275833141537
2010-11-04 01:49:00,0.10759625321023916,1.0181076637439737,0.03204232268792903
2010-11-04 01:50:00,0.10759630610295146,1.0181141658841382,0.03207234343144921
2010-11-04 01:51:00,0.10759635259037406,1.0181206949072779,0.03210266079401009
2010-11-04 01:52:00,0.10759639014080673,1.0181272796757102,0.0321331102298814
2010-11-04 01:53:00,0.10759641628930856,1.0181339434399859,0.03216352488751123
2010-11-04 01:54:00,0.10759642866470576,1.0181407033295855,0.03219373800464755
2010-11-04 01:55:00,0.10759642501546818,1.0181475699594662,0.032223585193208976
2010-11-04 01:56:00,0.10759640323339836,1.0181545471472442,0.03225290658601521
2010-11-04 01:57:00,0.10759636137422364,1.018161631739622,0.0322815488235111
2010-11-04 01:58:00,0.10759629767444519,1.0181688135510423,0.03230936686476173
2010-11-04 01:59:00,0.10759621056410294,1.018176075421183,0.032336225612651634
2010-11-04 02:00:00,0.10759609867538293,1.0181833933996567,0.03236200134784246
2010-11-04 02:01:00,0.10759596084717393,1.0181907370655068,0.032386582969440414
2010-11-04 02:02:00,0.10759579612577472,1.018198069986068,0.03240987304263721
2010-11-04 02:03:00,0.10759560376197909,1.0182053503151944,0.032431788655024045
2010-11-04 02:04:00,0.10759538320472571,1.018212531525496,0.032452262084060636
2010-11-04 02:05:00,0.10759513409139058,1.0182195632636333,0.03247124127863257
2010-11-04 02:06:00,0.10759485623464236,1.0182263923122858,0.032488690158046826
2010-11-04 02:07:00,0.10759454960562635,1.0182329636372958,0.03250458873233046
2010-11-04 02:08:00,0.10759421431315558,1.0182392214939668,0.03251893304838846
2010-11-04 02:09:00,0.10759385057858972,1.0182451105630181,0.0325317349675591
2010-11-04 02:10:00,0.10759345870615708,1.0182505770847243,0.03254302178142184
2010-11-04 02:11:00,0.10759303904863023,1.018255569959805,0.03255283567425022
2010-11-04 02:12:00,0.10759259196855431,1.0182600417880947,0.03256123304208316
2010-11-04 02:13:00,0.1075921177956515,1.0182639498208177,0.03256828367986245
2010-11-04 02:14:00,0.10759161678149394,1.0182672568082778,0.032574069849333226
2010-11-04 02:15:00,0.1075910890529308,1.0182699317304462,0.032578685241337585
2010-11-04 02:16:00,0.10759053456600516,1.0182719504023894,0.03258223384672071
2010-11-04 02:17:00,0.10758995306219238,1.0182732959496297,0.032584828750347135
2010-11-04 02:18:00,0.10758934402874884,1.0182739591505932,0.03258659086273733
2010-11-04 02:19:00,0.10758870666478274,1.01827393864442,0.032587647603614274
2010-11-04 02:20:00,0.10758803985437056,1.0182732410029023,0.032588131551231254
2010-11-04 02:21:00,0.10758734214775181,1.0182718806660251,0.032588179070788564
2010-11-04 02:22:00,0.10758661175149144,1.018269879742459,0.03258792893459495
2010-11-04 02:23:00,0.10758584652854053,1.018267267679508,0.03258752094593369
2010-11-04 02:24:00,0.10758504400922927,1.0182640808107195,0.032587094577889684
2010-11-04 02:25:00,0.1075842014142314,1.0182603617928168,0.03258678763771631
2010-11-04 02:26:00,0.10758331569034851,1.0182561589462817,0.03258673496669202
2010-11-04 02:27:00,0.10758238355952301,1.0182515255154485,0.03258706718484885
2010-11-04 02:28:00,0.10758140158079543,1.0182465188641945,0.032587909489457945
2010-11-04 02:29:00,0.10758036622406206,1.0182411996226202,0.03258938051576148
2010-11-04 02:30:00,0.10757927395363609,1.0182356307991187,0.03259159126819196
2010-11-04 02:31:00,0.10757812131895567,1.0182298768714646,0.032594644130235745
2010-11-04 02:32:00,0.10757690504943668,1.0182240028702094,0.03259863196110349
2010-11-04 02:33:00,0.10757562215045328,1.0182180734676907,0.03260363728731746
2010-11-04 02:34:00,0.10757426999767397,1.0182121520862384,0.03260973159710483
2010-11-04 02:35:00,0.10757284642739103,1.0182063000398272,0.032616974745092724
2010-11-04 02:36:00,0.1075713498210143,1.0182005757246861,0.03262541447429207
2010-11-04 02:37:00,0.10756977918256719,1.0181950338761214,0.032635086061769944
2010-11-04 02:38:00,0.10756813420878537,1.0181897249102903,0.03264601209374598
2010-11-04 02:39:00,0.10756641535211657,1.0181846943700321,0.0326582023751015
2010-11-04 02:40:00,0.10756462387734318,1.0181799824926672,0.032671653977451545
2010-11-04 02:41:00,0.10756276191257118,1.0181756239150355,0.032686351428944826
2010-11-04 02:42:00,0.10756083249494204,1.018171647527072,0.032702267047673664
2010-11-04 02:43:00,0.1075588396107316,1.0181680764798298,0.032719361418767134
2010-11-04 02:44:00,0.10755678822869197,1.0181649283473124,0.03273758401272046
2010-11-04 02:45:00,0.10755468432476605,1.0181622154343797,0.03275687393925378
2010-11-04 02:46:00,0.10755253489572883,1.01815994521595,0.032777160827141806
2010-11-04 02:47:00,0.10755034795884261,1.0181581208859882,0.03279836581626802
2010-11-04 02:48:00,0.10754813253425452,1.0181567419887962,0.03282040264399468
2010-11-04 02:49:00,0.10754589860675581,1.0181558051008088,0.03284317880429776
2010-11-04 02:50:00,0.10754365706381537,1.0181553045292953,0.03286659675549314
2010-11-04 02:51:00,0.10754141960752664,1.0181552329952916,0.032890555151072864
2010-11-04 02:52:00,0.10753919863917427,1.0181555822711632,0.032914950068192436
2010-11-04 02:53:00,0.10753700711638338,1.0181563437473697,0.03293967620949085
2010-11-04 02:54:00,0.10753485838409263,1.0181575089074906,0.0329646280559387
2010-11-04 02:55:00,0.10753276598182811,1.0181590696954856,0.03298970095126727
2010-11-04 02:56:00,0.10753074343103165,1.0181610187651284,0.03301479210236075
2010-11-04 02:57:00,0.10752880400758205,1.0181633496086162,0.033039801484682295
2010-11-04 02:58:00,0.1075269605059986,1.0181660565687816,0.03306463264678839
2010-11-04 02:59:00,0.10752522500281686,1.0181691347459756,0.03308919341248357
2010-11-04 03:00:00,0.10752360862699782,1.0181725798154868,0.033113396482577405
2010-11-04 03:01:00,0.10752212134492428,1.018176387773787,0.03313715994041485
2010-11-04 03:02:00,0.10752077176674316,1.0181805546326592,0.03316040766674074
2010-11-04 03:03:00,0.1075195669797544,1.0181850760806501,0.03318306967048674
2010-11-04 03:04:00,0.10751851241329557,1.0181899471316311,0.03320508234275839
2010-11-04 03:05:00,0.10751761173812702,1.018195161779544,0.03322638864128054
2010-11-04 03:06:00,0.10751686680185653,1.0182007126758799,0.03324693821166971
2010-11-04 03:07:00,0.10751627760072234,1.0182065908425648,0.033266687450544584
2010-11-04 03:08:00,0.10751584228715125,1.0182127854288705,0.03328559951427257
2010-11-04 03:09:00,0.1075155572117678,1.0182192835176833,0.03330364427641205
2010-11-04 03:10:00,0.10751541699782721,1.0182260699842778,0.03332079823664247
2010-11-04 03:11:00,0.10751541464540124,1.0182331274094334,0.03333704438402519
2010-11-04 03:12:00,0.10751554166212617,1.0182404360476796,0.0333523720176262
2010-11-04 03:13:00,0.1075157882168909,1.0182479738501478,0.03336677652771481
2010-11-04 03:14:00,0.10751614331235844,1.0182557165396802,0.03338025914083866
2010-11-04 03:15:00,0.10751659497165494,1.0182636377336653,0.0333928266320325
2010-11-04 03:16:00,0.10751713043416583,1.018271709108425,0.03340449100735719
2010-11-04 03:17:00,0.10751773635543514,1.018279900598902,0.03341526916009206
2010-11-04 03:18:00,0.10751839900668915,1.0182881806289819,0.03342518250429467
2010-11-04 03:19:00,0.10751910447026132,1.0182965163699786,0.03343425658993535
2010-11-04 03:20:00,0.10751983882793346,1.0183048740264602,0.033442520704160816
2010-11-04 03:21:00,0.1075205883398145,1.018313219149164,0.033450007463300443
2010-11-04 03:22:00,0.10752133961184113,1.0183215169742568,0.03345675240001465
2010-11-04 03:23:00,0.10752207975037303,1.0183297327869516,0.033462793549612964
2010-11-04 03:24:00,0.10752279650286392,1.018337832306311,0.03346817103919689
2010-11-04 03:25:00,0.10752347838441872,1.018345782087827,0.03347292668302512
2010-11-04 03:26:00,0.10752411479111519,1.0183535499410015,0.033477103587348095
2010-11-04 03:27:00,0.10752469610186242,1.0183611053595183,0.03348074576781736
2010-11-04 03:28:00,0.10752521377091177,1.0183684199607506,0.03348389778237411
2010-11-04 03:29:00,0.10752566041289711,1.0183754679293926,0.03348660438226154
2010-11-04 03:30:00,0.10752602988165685,1.0183822264576832,0.03348891018350967
2010-11-04 03:31:00,0.10752631734323344,1.0183886761725018,0.033490859360923476
2010-11-04 03:32:00,0.1075265193424706,1.0183948015376827,0.033492495366299405
2010-11-04 03:33:00,0.10752663386174456,1.0184005912182674,0.03349386067235216
2010-11-04 03:34:00,0.1075266603697957,1.0184060383923426,0.033494996543668276
2010-11-04 03:35:00,0.10752659985835401,1.0184111409955305,0.033495942835857294
2010-11-04 03:36:00,0.10752645486404147,1.0184159018827357,0.033496737823863997
2010-11-04 03:37:00,0.10752622947279848,1.0184203288914895,0.0334974180601235
2010-11-04 03:38:00,0.1075259293040385,1.0184244347922256,0.033498018262945246
2010-11-04 03:39:00,0.10752556147209894,1.018428237113912,0.03349857123524308
2010-11-04 03:40:00,0.10752513452325718,1.018431757838213,0.03349910781346924
2010-11-04 03:41:00,0.10752465834738072,1.018435022960344,0.03349965684633346
2010-11-04 03:42:00,0.10752414406403378,1.0184380619190003,0.03350024520260723
2010-11-04 03:43:00,0.10752360388358952,1.0184409069013292,0.03350089780707006
2010-11-04 03:44:00,0.10752305094467884,1.0184435920326373,0.03350163770347079
2010-11-04 03:45:00,0.10752249913014614,1.018446152464739,0.03350248614322013
2010-11-04 03:46:00,0.10752196286446404,1.0184486233813674,0.03350346269834515
2010-11-04 03:47:00,0.1075214568961548,1.018451038943451,0.033504585396995384
2010-11-04 03:48:00,0.1075209960691267,1.0184534312007598,0.03350587087950854
2010-11-04 03:49:00,0.10752059508698893,1.0184558289987768,0.03350733457274105
2010-11-04 03:50:00,0.10752026827441252,1.0184582569103005,0.033508990880036796
2010-11-04 03:51:00,0.10752002933948852,1.0184607342205685,0.03351085338380552
2010-11-04 03:52:00,0.1075198911407585,1.0184632739929278,0.03351293505716062
2010-11-04 03:53:00,0.10751986546212355,1.018465882239342,0.033515248480422574
2010-11-04 03:54:00,0.10751996279831397,1.0184685572166212,0.03351780605759346
2010-11-04 03:55:00,0.1075201921532895,1.018471288865913,0.0335206202272239
2010-11-04 03:56:00,0.10752056085399234,1.0184740584103904,0.033523703661451285
2010-11-04 03:57:00,0.1075210743821853,1.0184768381244231,0.03352706944637575
2010-11-04 03:58:00,0.10752173622743043,1.0184795912864844,0.03353073123634785
2010-11-04 03:59:00,0.10752254776443745,1.0184822723270297,0.03353470337417592
2010-11-04 04:00:00,0.10752350815812584,1.0184848271811855,0.03353900096877555
2010-11-04 04:01:00,0.1075246142999602,1.0184871938539943,0.033543639921457875
2010-11-04 04:02:00,0.10752586077937923,1.0184893032027766,0.03354863689190011
2010-11-04 04:03:00,0.1075272398941604,1.0184910799366393,0.03355400919482137
2010-11-04 04:04:00,0.10752874170318666,1.0184924438279026,0.03355977461852605
2010-11-04 04:05:00,0.10753035412440705,1.018493311125153,0.0335659511568763
2010-11-04 04:06:00,0.10753206307995539,1.0184935961529862,0.03357255664694874
2010-11-04 04:07:00,0.10753385268939589,1.0184932130786613,0.033579608305541936
2010-11-04 04:08:00,0.10753570551086267,1.0184920778204916,0.033587122158797264
2010-11-04 04:09:00,0.10753760282861505,1.0184901100674637,0.03359511236064381
2010-11-04 04:10:00,0.10753952498447844,1.0184872353753645,0.033603590397809614
2010-11-04 04:11:00,0.10754145174973931,1.018483387301685,0.03361256418174545
2010-11-04 04:12:00,0.10754336273302981,1.0184785095388704,0.03362203703074065
2010-11-04 04:13:00,0.10754523781845039,1.0184725580025233,0.033632006548596605
2010-11-04 04:14:00,0.10754705762681818,1.0184655028285683,0.03364246340949506
2010-11-04 04:15:00,0.1075488039917792,1.0184573302323723,0.033653390062347216
2010-11-04 04:16:00,0.10755046044175982,1.0184480441841015,0.03366475937218284
2010-11-04 04:17:00,0.10755201267833533,1.0184376678575695,0.03367653322107253
2010-11-04 04:18:00,0.10755344904139275,1.0184262448128996,0.033688661096316616
2010-11-04 04:19:00,0.10755476095135061,1.0184138398754297,0.03370107869877425
2010-11-04 04:20:00,0.10755594331873737,1.018400539675087,0.03371370660930249
2010-11-04 04:21:00,0.10755699491171927,1.0183864528135826,0.03372644905671472
2010-11-04 04:22:00,0.10755791867267879,1.018371709632032,0.03373919283639839
2010-11-04 04:23:00,0.10755872197558179,1.0183564615582945,0.033751806433738034
2010-11-04 04:24:00,0.10755941681661962,1.018340880020127,0.033764139409228865
2010-11-04 04:25:00,0.10756001993149926,1.018325154916338,0.033776022101751874
2010-11-04 04:26:00,0.10756055283372142,1.0183094926434701,0.033787265703337205
2010-11-04 04:27:00,0.10756104176911278,1.0182941136804409,0.03379766275394544
2010-11-04 04:28:00,0.1075615175827145,1.0182792497382376,0.033806988099007465
2010-11-04 04:29:00,0.10756201549499814,1.0182651404862935,0.03381500034567101
2010-11-04 04:30:00,0.10756257478552986,1.018252029872037,0.0338214438456657
2010-11-04 04:31:00,0.10756323838381535,1.0182401620562478,0.03382605122334161
2010-11-04 04:32:00,0.10756405236905422,1.018229776994701,0.03382854645690139
2010-11-04 04:33:00,0.10756506538258945,1.018221105705434,0.033828648509389325
2010-11-04 04:34:00,0.10756632795862764,1.0182143652696565,0.03382607549394993
2010-11-04 04:35:00,0.10756789178019158,1.018209753622232,0.033820549345636365
2010-11-04 04:36:00,0.10756980886828962,1.018207444194831,0.033811800959961204
2010-11-04 04:37:00,0.10757213071309803,1.0182075804816224,0.033799575746408815
2010-11-04 04:38:00,0.10757490735672451,1.0182102706040277,0.03378363953293979
2010-11-04 04:39:00,0.10757818643802332,1.0182155819578673,0.033763784744904914
2010-11-04 04:40:00,0.10758201221111158,1.018223536033401,0.033739836769011544
2010-11-04 04:41:00,0.10758642455076872,1.0182341035062772,0.03371166040064731
2010-11-04 04:42:00,0.10759145795968025,1.0182471997047193,0.03367916626147185
2010-11-04 04:43:00,0.1075971405942465,1.0182626805643948,0.03364231706406504
2010-11-04 04:44:00,0.10760349332715866,1.018280339186463,0.03360113359196724
2010-11-04 04:45:00,0.10761052886601306,1.018299903115988,0.03355570025699868
2010-11-04 04:46:00,0.10761825094784472,1.0183210324570287,0.03350617009117202
2010-11-04 04:47:00,0.10762665362960987,1.0183433189369215,0.033452769027358484
2010-11-04 04:48:00,0.10763572069435595,1.0183662860253584,0.03339579932102402
2010-11-04 04:49:00,0.10764542519213258,1.018389390204117,0.0333356419654098
2010-11-04 04:50:00,0.10765572913365594,1.0184120234715723,0.03327275795548499
2010-11-04 04:51:00,0.10766658335332814,1.018433517153391,0.03320768826271411
2010-11-04 04:52:00,0.1076779275564135,1.0184531470777953,0.03314105239352373
2010-11-04 04:53:00,0.10768969056301524,1.0184701401602185,0.03307354541896457
2010-11-04 04:54:00,0.10770179075901434,1.0184836824267622,0.03300593338054801
2010-11-04 04:55:00,0.1077141367613259,1.018492928487368,0.03293904699691353
2010-11-04 04:56:00,0.10772662830164043,1.0184970124477386,0.032873773618001305
2010-11-04 04:57:00,0.10773915732916974,1.01849506022431,0.03281104739835335
2010-11-04 04:58:00,0.10775160932884921,1.0184862031995348,0.03275183768913828
2010-11-04 04:59:00,0.10776386484729308,1.0184695931259165,0.032697135678772964
2010-11-04 05:00:00,0.10777580121503422,1.0184444181574641,0.03264793934376219
2010-11-04 05:01:00,0.10778729445043242,1.018409919857408,0.03260523680435251
2010-11-04 05:02:00,0.10779822132791522,1.0183654110017755,0.03256998821415314
2010-11-04 05:03:00,0.10780846159059508,1.0183102939704125,0.0325431063494619
2010-11-04 05:04:00,0.10781790028459602,1.0182440794908052,0.032525436102630624
2010-11-04 05:05:00,0.10782643018947514,1.0181664054755983,0.03251773312369072
2010-11-04 05:06:00,0.10783395431573822,1.0180770556710554,0.0325206418942841
2010-11-04 05:07:00,0.10784038843655509,1.017975977809716,0.03253467355590155
2010-11-04 05:08:00,0.10784566361659698,1.0178633009360265,0.03256018384880153
2010-11-04 05:09:00,0.10784972869675397,1.0177393515500788,0.032597351547951896
2010-11-04 05:10:00,0.10785255268945859,1.017604668193621,0.03264615780803477
2010-11-04 05:11:00,0.10785412703543347,1.0174600140854784,0.03270636685103491
2010-11-04 05:12:00,0.10785446766913362,1.0173063874010848,0.03277750844630612
2010-11-04 05:13:00,0.10785361683747803,1.0171450287839043,0.03285886264292452
2010-11-04 05:14:00,0.10785164461504776,1.0169774256765747,0.0329494472169902
2010-11-04 05:15:00,0.10784865005889059,1.0168053130683987,0.03304800829272336
2010-11-04 05:16:00,0.10784476194752188,1.0166306702747125,0.03315301458608454
2010-11-04 05:17:00,0.10784013905176111,1.016455713392995,0.03326265570288586
2010-11-04 05:18:00,0.10783496988965267,1.0162828831197677,0.03337484489916052
2010-11-04 05:19:00,0.10782947192382648,1.0161148276606253,0.03348722667889226
2010-11-04 05:20:00,0.10782389016736345,1.0159543805227176,0.03359718956180655
2010-11-04 05:21:00,0.1078184951736018,1.0158045330444925,0.03370188430079765
2010-11-04 05:22:00,0.10781358039599569,1.0156684015909363,0.033798247764447724
2010-11-04 05:23:00,0.1078094589152662,1.0155491894225932,0.03388303262500132
2010-11-04 05:24:00,0.10780645954165129,1.0154501433316865,0.03395284290607581
2010-11-04 05:25:00,0.1078049223094571,1.0153745052279415,0.0340041753479539
2010-11-04 05:26:00,0.10780519338957396,1.015325458950875,0.034033466443103094
2010-11-04 05:27:00,0.10780761945417465,1.0153060726853838,0.03403714488215032
2010-11-04 05:28:00,0.1078125415376875,1.0153192374635451,0.034011689031800484
2010-11-04 05:29:00,0.10782028845005572,1.0153676023467237,0.03395368894196824
2010-11-04 05:30:00,0.10783116981215235,1.0154535069969668,0.033859912251047286
2010-11-04 05:31:00,0.10784546879820656,1.015578912463635,0.03372737322772028
2010-11-04 05:32:00,0.10786343468513838,1.0157453311285034,0.03355340405775128
2010-11-04 05:33:00,0.10788527532304885,1.0159537568682175,0.03333572735803699
2010-11-04 05:34:00,0.10791114965453609,1.0162045966045294,0.03307252878053157
2010-11-04 05:35:00,0.10794116042292136,1.0164976045168805,0.032762528457220906
2010-11-04 05:36:00,0.10797534722062883,1.0168318202848783,0.032405049935678006
2010-11-04 05:37:00,0.10801368003857018,1.0172055128065605,0.032000085165266715
2010-11-04 05:38:00,0.10805605348510426,1.017616130898979,0.031548354019940425
2010-11-04 05:39:00,0.10810228184843788,1.0180602625274098,0.031051356788176422
2010-11-04 05:40:00,0.10815209517857356,1.0185336041252635,0.030511418027220526
2010-11-04 05:41:00,0.10820513656377911,1.019030941556146,0.02993172017068118
2010-11-04 05:42:00,0.10826096077214153,1.0195461442309217,0.029316325298457596
2010-11-04 05:43:00,0.10831903442107452,1.0200721738246177,0.02867018352845566
2010-11-04 05:44:00,0.10837873782616848,1.020601108938635,0.02799912657284493
2010-11-04 05:45:00,0.10843936866481224,1.0211241869211063,0.027309845120219646
2010-11-04 05:46:00,0.10850014756932227,1.0216318638913369,0.0266098488614712
2010-11-04 05:47:00,0.1085602257391869,1.0221138938131993,0.02590740817355432
2010-11-04 05:48:00,0.10861869463295076,1.0225594272280032,0.02521147671306093
2010-11-04 05:49:00,0.10867459776752544,1.022957129991028,0.024531594451500667
2010-11-04 05:50:00,0.10872694461627085,1.0232953220588938,0.023877771006908778
2010-11-04 05:51:00,0.10877472655681443,1.0235621360487424,0.02326034949195533
2010-11-04 05:52:00,0.10881693477508478,1.0237456949368402,0.02268985150689493
2010-11-04 05:53:00,0.10885257998343936,1.0238343078866503,0.022176804355906934
2010-11-04 05:54:00,0.10888071375827635,1.0238166827984145,0.021731552056441786
2010-11-04 05:55:00,0.10890045124682206,1.023682153757997,0.021364052239093476
2010-11-04 05:56:00,0.10891099493592442,1.023420921136291,0.02108366158369597
2010-11-04 05:57:00,0.10891165912198403,1.0230243016557536,0.020898912962277347
2010-11-04 05:58:00,0.10890189467605989,1.022484985301958,0.020817287898019694
2010-11-04 05:59:00,0.10888131366492033,1.0217972955219643,0.020844988260559662
2010-11-04 06:00:00,0.10884971336676914,1.0209574487275472,0.020986711314327895
2010-11-04 06:01:00,0.10880709920715817,1.0199638087213065,0.021245432360694195
2010-11-04 06:02:00,0.10875370613418191,1.0188171312978391,0.02162219929475824
2010-11-04 06:03:00,0.10869001795108717,1.0175207939489148,0.022115943436247173
2010-11-04 06:04:00,0.10861678412833847,1.0160810053288893,0.022723310985275205
2010-11-04 06:05:00,0.10853503362564516,1.0145069889233318,0.02343851939769869
2010-11-04 06:06:00,0.10844608526566876,1.0128111352202658,0.024253242877254506
2010-11-04 06:07:00,0.10835155421203235,1.011009116620108,0.02515653104662222
2010-11-04 06:08:00,0.1082533541138634,1.0091199593471796,0.02613476468397623
2010-11-04 06:09:00,0.10815369449010079,1.007166066750965,0.027171652186907917
2010-11-04 06:10:00,0.1080550729439332,1.0051731886161566,0.028248270142521854
2010-11-04 06:11:00,0.10796026182655136,1.003170331442902,0.029343151033669468
2010-11-04 06:12:00,0.10787228901503082,1.001189605117438,0.030432420691630185
2010-11-04 06:13:00,0.10779441253313425,0.9992660019722042,0.03148998761360359
2010-11-04 06:14:00,0.10773008882259198,0.9974371049363455,0.032487785701359746
2010-11-04 06:15:00,0.10768293456080236,0.9957427223032767,0.03339607134819104
2010-11-04 06:16:00,0.1076566820156689,0.9942244475899588,0.03418377510661867
2010-11-04 06:17:00,0.1076551280280848,0.992925144028349,0.03481890741183153
2010-11-04 06:18:00,0.1076820768165258,0.9918883544065096,0.035269017021266134
2010-11-04 06:19:00,0.10774127690562256,0.9911576382563904,0.0355016999668144
2010-11-04 06:20:00,0.10783635259058204,0.9907758397563328,0.03548515591152941
2010-11-04 06:21:00,0.10797073046030357,0.9907842911658585,0.0351887878673232
2010-11-04 06:22:00,0.1081475616116977,0.9912219581230013,0.034583840275286014
2010-11-04 06:23:00,0.10836964029364675,0.9921245346917649,0.033644069487855796
2010-11-04 06:24:00,0.10863931981895066,0.9935234976269288,0.03234643973509466
2010-11-04 06:25:00,0.10895842667456844,0.9954451308997825,0.03067183672003426
2010-11-04 06:26:00,0.10932817384492728,0.9979095330731396,0.028605790080720738
2010-11-04 06:27:00,0.10974907444631614,1.000929621595728,0.026139195074696368
2010-11-04 06:28:00,0.11022085686386338,1.004510149470152,0.023269022966016052
2010-11-04 06:29:00,0.11074238269394422,1.0086467509994779,0.01999900871678107
2010-11-04 06:30:00,0.11131156891935352,1.0133250344016902,0.016340303733537332
2010-11-04 06:31:00,0.11192531586803839,1.0185197399682835,0.012312080654679272
2010-11-04 06:32:00,0.11257944261457425,1.0241939831032258,0.007942076550784032
2010-11-04 06:33:00,0.11326863156761482,1.0302986019801605,0.003267060490931657
2010-11-04 06:34:00,0.11398638404021313,1.0367716296660607,-0.0016667887646783413
2010-11-04 06:35:00,0.11472498861829757,1.0435379103456257,-0.006803609127846439
2010-11-04 06:36:00,0.1154755041216195,1.0505088787115375,-0.012077699453943084
2010-11-04 06:37:00,0.11622775888827257,1.057582520634437,-0.017413494955035427
2010-11-04 06:38:00,0.11697036800666895,1.064643531871463,-0.022725686061891986
2010-11-04 06:39:00,0.11769076996663487,1.0715636897970122,-0.027919491797576988
2010-11-04 06:40:00,0.11837528400346152,1.0782024509326102,-0.03289109715344078
2010-11-04 06:41:00,0.1190091891650908,1.0844077844086795,-0.037528262055629515
2010-11-04 06:42:00,0.11957682584345283,1.0900172484105757,-0.041711107278779115
2010-11-04 06:43:00,0.12006172017751596,1.0948593131536553,-0.04531308011124274
2010-11-04 06:44:00,0.12044673136016308,1.09875493001514,-0.04820209971734432
2010-11-04 06:45:00,0.12071422146691949,1.1015193421516516,-0.05024187899801491
2010-11-04 06:46:00,0.12084624697610732,1.1029641272886392,-0.05129341635043564
2010-11-04 06:47:00,0.12082477067243676,1.102899458431267,-0.05121664710629736
2010-11-04 06:48:00,0.12063189212567905,1.1011365630770973,-0.04987224063120098
2010-11-04 06:49:00,0.12025009442032715,1.0974903561816465,-0.04712352514742768
2010-11-04 06:50:00,0.11966250428953262,1.091782216721789,-0.04283851836101389
2010-11-04 06:51:00,0.11885316228667629,1.0838428723132942,-0.036892038003020336
2010-11-04 06:52:00,0.1178072991213293,1.073515351073519,-0.029167862513619906
2010-11-04 06:53:00,0.1165116138048482,1.060657954896306,-0.019560908393913286
2010-11-04 06:54:00,0.1149545488072774,1.0451472036523688,-0.00797938732059297
2010-11-04 06:55:00,0.11312655703548578,1.0268806956837586,0.005653096932589353
2010-11-04 06:56:00,0.11102035511732414,1.0057798264735527,0.021395554283289615
2010-11-04 06:57:00,0.10863115723359834,0.9817923046988025,0.03928776130817018
2010-11-04 06:58:00,0.10595688359502821,0.9548944031815504,0.05934860708008714
2010-11-04 06:59:00,0.10299833763193864,0.9250928817115752,0.08157467792765724
2010-11-04 07:00:00,0.09975934606757625,0.8924265195023721,0.10593912654184114
2010-11-04 07:01:00,0.09624685629937703,0.856967197338227,0.13239086910148812
2010-11-04 07:02:00,0.09247098593402983,0.8188204734555259,0.16085415107741233
2010-11-04 07:03:00,0.08844501992945712,0.7781256030553992,0.19122851796766363
2010-11-04 07:04:00,0.08418535160727268,0.7350549592452876,0.2233892212822578
2010-11-04 07:05:00,0.07971136482987987,0.6898128233280426,0.25718808250428027
2010-11-04 07:06:00,0.07504525590353602,0.6426335248663758,0.29245482838136494
2010-11-04 07:07:00,0.07021179528796614,0.5937789270064149,0.32899889962854184
2010-11-04 07:08:00,0.06523803097891516,0.5435352702941894,0.3666117218393844
2010-11-04 07:09:00,0.06015293749556515,0.49220940879753133,0.4050694120056315
2010-11-04 07:10:00,0.0549870167618215,0.44012449587337626,0.4441358764451853
2010-11-04 07:11:00,0.04977185981243999,0.38761520336273747,0.483566236143231
2010-11-04 07:12:00,0.044539681057161745,0.3350225863671855,0.5231104942318298
2010-11-04 07:13:00,0.03932283936503061,0.28268873267256467,0.5625173404153716
2010-11-04 07:14:00,0.034153361721566376,0.23095135556847826,0.6015379742743713
2010-11-04 07:15:00,0.029062484973556724,0.18013849632949683,0.6399298292411272
2010-11-04 07:16:00,0.024080229114433277,0.13056349709796028,0.6774600923217846
2010-11-04 07:17:00,0.01923501225334273,0.08252038887155771,0.7139089359042745
2010-11-04 07:18:00,0.014553313778501477,0.03627981614700467,0.7490724002795556
2010-11-04 07:19:00,0.01005938914822343,-0.007914407526748142,0.7827648847466818
2010-11-04 07:20:00,0.00577503764708473,-0.049848048197367704,0.8148212203473763
2010-11-04 07:21:00,0.0017194231277973052,-0.08933846953716941,0.8450983088000549
2010-11-04 07:22:00,-0.0020910532673917718,-0.12623591437631052,0.8734763212434542
2010-11-04 07:23:00,-0.005642830451788952,-0.16042406902219905,0.899859458495266
2010-11-04 07:24:00,-0.008925217924686238,-0.19181994892299867,0.9241762827736413
2010-11-04 07:25:00,-0.011930383545595145,-0.22037315773933036,0.9463796392146352
2010-11-04 07:26:00,-0.01465330314839441,-0.24606458141521328,0.9664461932579385
2010-11-04 07:27:00,-0.017091676562503603,-0.2689045857010191,0.9843756164909597
2010-11-04 07:28:00,-0.019245814118756702,-0.28893078972229225,1.0001894589073244
2010-11-04 07:29:00,-0.02111849703178634,-0.30620548942306336,1.0139297499526863
2010-11-04 07:30:00,-0.022714814425154002,-0.32081280385149236,1.0256573740122399
2010-11-04 07:31:00,-0.024041979412623177,-0.3328556158969998,1.0354502675860329
2010-11-04 07:32:00,-0.025109126671057476,-0.34245237862515965,1.0434014848094364
2010-11-04 07:33:00,-0.02592709425025593,-0.3497338587233337,1.049617175418378
2010-11-04 07:34:00,-0.02650819276583636,-0.35483988802445704,1.0542145157414506
2010-11-04 07:35:00,-0.026865965453914824,-0.35791619115188117,1.0573196296194558
2010-11-04 07:36:00,-0.027014942751223254,-0.3591113526724705,1.059065532043333
2010-11-04 07:37:00,-0.026970395082043165,-0.3585739822758864,1.0595901232641087
2010-11-04 07:38:00,-0.0267480874263732,-0.35645013139745946,1.0590342557126198
2010-11-04 07:39:00,-0.026364039111583328,-0.35288100807147105,1.0575398914833793
2010-11-04 07:40:00,-0.025834292215721876,-0.3480010281044624,1.0552483648953952
2010-11-04 07:41:00,-0.02517469201226898,-0.34193623068257784,1.0522987622984727
2010-11-04 07:42:00,-0.024400682920792085,-0.3348030763483363,1.0488264292553517
2010-11-04 07:43:00,-0.023527123332523065,-0.3267076354455105,1.0449616132662596
2010-11-04 07:44:00,-0.022568122434745534,-0.3177451655603896,1.040828248367083
2010-11-04 07:45:00,-0.021536901816511515,-0.30800006669495034,1.036542886391717
2010-11-04 07:46:00,-0.020445684212736556,-0.29754619239246766,1.0322137785941896
2010-11-04 07:47:00,-0.019305611204964806,-0.2864474839807911,1.0279401106316006
2010-11-04 07:48:00,-0.018126691033352557,-0.2747588849786299,1.0238113931817827
2010-11-04 07:49:00,-0.016917776854087536,-0.2625274858230267,1.019907008991333
2010-11-04 07:50:00,-0.015686574737738053,-0.24979384666121096,1.0162959145592079
2010-11-04 07:51:00,-0.014439679493183715,-0.23659344679335265,1.0130364915418788
2010-11-04 07:52:00,-0.013182635238359757,-0.22295821095957205,1.0101765403944452
2010-11-04 07:53:00,-0.011920016763399266,-0.2089180636698381,1.0077534072323826
2010-11-04 07:54:00,-0.010655527232945246,-0.1945024636219273,1.005794234038456
2010-11-04 07:55:00,-0.009392107558849581,-0.17974187196368618,1.0043163215743423
2010-11-04 07:56:00,-0.008132052666399053,-0.16466911115788915,1.0033275935030423
2010-11-04 07:57:00,-0.00687712978698377,-0.1493205752320252,1.0028271494791585
2010-11-04 07:58:00,-0.005628693908572253,-0.13373725689954663,1.002805894524886
2010-11-04 07:59:00,-0.004387795712514144,-0.11796556241187474,1.0032472318744095
2010-11-04 08:00:00,-0.003155277713419074,-0.10205789116694781,1.004127806515548
2010-11-04 08:01:00,-0.0019318547658256208,-0.08607296420917476,1.0054182867497266
2010-11-04 08:02:00,-0.0007181754740033716,-0.07007589409945049,1.0070841710569376
2010-11-04 08:03:00,0.000485138637314997,-0.054137998162988345,1.0090866073268994
2010-11-04 08:04:00,0.0016774788426030549,-0.038336366752959906,1.0113832113913237
2010-11-04 08:05:00,0.002858261606653396,-0.022753206399268377,1.0139288722310922
2010-11-04 08:06:00,0.004026968229622455,-0.007474984035532409,1.016676532392212
2010-11-04 08:07:00,0.005183211064106125,0.007408596544186096,1.0195779337822566
2010-11-04 08:08:00,0.006326824497034589,0.021805750940382524,1.0225843208365923
2010-11-04 08:09:00,0.007457977897438866,0.03562386573937728,1.0256470948979612
2010-11-04 08:10:00,0.008577306718840074,0.04877080803959781,1.0287184154751434
2010-11-04 08:11:00,0.009686056781190444,0.061156257812921,1.0317517457471213
2010-11-04 08:12:00,0.010786235498895848,0.07269303195355692,1.0347023411706953
2010-11-04 08:13:00,0.011880762739192866,0.08329837355232983,1.0375276812970404
2010-11-04 08:14:00,0.012973613394162607,0.09289518459404554,1.0401878459225056
2010-11-04 08:15:00,0.014069943732824695,0.10141318446828267,1.0426458375187244
2010-11-04 08:16:00,0.015176194009511552,0.10878998024298182,1.0448678525227442
2010-11-04 08:17:00,0.01630016039179389,0.11497203753123307,1.0468235045303222
2010-11-04 08:18:00,0.017451029916722812,0.1199155429682735,1.0484860027392946
2010-11-04 08:19:00,0.018639372955708763,0.12358715085147225,1.0498322891487903
2010-11-04 08:20:00,0.019877088662830708,0.12596460751069183,1.0508431380433783
2010-11-04 08:21:00,0.021177300063508073,0.12703724762739246,1.0515032211884618
2010-11-04 08:22:00,0.022554196679230795,0.12680635712747088,1.0518011419486137
2010-11-04 08:23:00,0.024022823800442957,0.12528539749740708,1.051729441233736
2010-11-04 08:24:00,0.025598818746445824,0.1225000864318347,1.0512845778036302
2010-11-04 08:25:00,0.027298095789818497,0.11848832962150567,1.0504668850459011
2010-11-04 08:26:00,0.029136483001531436,0.1132999982955479,1.0492805059044221
2010-11-04 08:27:00,0.031129316202753637,0.10699654698922301,1.0477333071831656
2010-11-04 08:28:00,0.033290997500893434,0.09965046614601492,1.0458367739819177
2010-11-04 08:29:00,0.03563452840840442,0.09134456488427363,1.0436058845332028
2010-11-04 08:30:00,0.03817103003890868,0.08217108092034887,1.041058965203316
2010-11-04 08:31:00,0.04090926499132982,0.0722306175436108,1.0382175249039738
2010-11-04 08:32:00,0.04385517693096019,0.06163091178799557,1.0351060676601773
2010-11-04 08:33:00,0.047011464426263985,0.05048544342302932,1.0317518816326643
2010-11-04 08:34:00,0.05037720534922584,0.038911900832863826,1.0281848025446783
2010-11-04 08:35:00,0.05394754710289458,0.027030526746250606,1.0244369492774483
2010-11-04 08:36:00,0.05771347603467604,0.014962373063750475,1.0205424294838825
2010-11-04 08:37:00,0.061661676692497364,0.002827498389073063,1.0165370135438614
2010-11-04 08:38:00,0.06577448843654768,-0.009256856077264302,1.0124577760749067
2010-11-04 08:39:00,0.07002996377887377,-0.021178075722744705,1.0083427053946499
2010-11-04 08:40:00,0.07440202978031545,-0.03282992916039767,1.0042302826096046
2010-11-04 08:41:00,0.07886075055013454,-0.044114233925890624,1.0001590332449146
2010-11-04 08:42:00,0.08337268514279435,-0.05494239426894246,0.9961670554919998
2010-11-04 08:43:00,0.08790133128816242,-0.06523677859968395,0.9922915302337437
2010-11-04 08:44:00,0.09240764213508297,-0.07493191028295611,0.9885682190720897
2010-11-04 08:45:00,0.09685060101950205,-0.08397545067112155,0.9850309578013667
2010-11-04 08:46:00,0.10118783826463855,-0.09232895636296273,0.9817111542798727
2010-11-04 08:47:00,0.10537627413418678,-0.09996839440306424,0.978637301395926
2010-11-04 08:48:00,0.10937277338746931,-0.10688440037186613,0.9758345176530897
2010-11-04 08:49:00,0.1131347995246205,-0.11308226514073111,0.9733241296718658
2010-11-04 08:50:00,0.11662106017609047,-0.11858163722080145,0.971123312228153
2010-11-04 08:51:00,0.11979213743302154,-0.12341593168266482,0.9692448013316322
2010-11-04 08:52:00,0.12261109645889892,-0.12763144599369128,0.9676966930946264
2010-11-04 08:53:00,0.12504406295509726,-0.1312861964931627,0.9664823357575886
2010-11-04 08:54:00,0.12706075808915704,-0.13444850098983932,0.9656003162460022
2010-11-04 08:55:00,0.12863498112664462,-0.13719533810132126,0.9650445385371005
2010-11-04 08:56:00,0.12974503448957125,-0.13961051339195973,0.9648043896291789
2010-11-04 08:57:00,0.13037408966972183,-0.1417826617544809,0.9648649889765806
2010-11-04 08:58:00,0.13051049286066688,-0.14380311915162203,0.9652075176211345
2010-11-04 08:59:00,0.1301480071994225,-0.1457637051842555,0.9658096229283775
2010-11-04 09:00:00,0.12928598626190593,-0.14775446967155376,0.9666458927456683
2010-11-04 09:01:00,0.12792947171695554,-0.14986146962440627,0.967688388558319
2010-11-04 09:02:00,0.12608920668630702,-0.15216465367831114,0.9689072223938087
2010-11-04 09:03:00,0.12378155594233431,-0.15473593393357682,0.9702711593685697
2010-11-04 09:04:00,0.12102832546048403,-0.15763751769771134,0.9717482279420112
2010-11-04 09:05:00,0.11785647683290311,-0.1609205559015969,0.9733063221653151
2010-11-04 09:06:00,0.11429773565745886,-0.16462414494887068,0.9749137831122552
2010-11-04 09:07:00,0.11038809698209419,-0.16877469733364403,0.9765399494454756
2010-11-04 09:08:00,0.1061672360358436,-0.1733856752099154,0.978155669160421
2010-11-04 09:09:00,0.10167783905630844,-0.1784576622959077,0.9797337656077821
2010-11-04 09:10:00,0.09696487518725759,-0.18397873594364397,0.9812494511862284
2010-11-04 09:11:00,0.09207483359982362,-0.18992509484801756,0.9826806823941001
2010-11-04 09:12:00,0.08705494957982474,-0.19626189792328924,0.9840084507652462
2010-11-04 09:13:00,0.0819524408602296,-0.20294427352161035,0.985217005526711
2010-11-04 09:14:00,0.07681377259850407,-0.20991846279628873,0.9862940053111282
2010-11-04 09:15:00,0.07168396674653865,-0.21712306532389222,0.9872305977809939
2010-11-04 09:16:00,0.06660596916299799,-0.22449035869870634,0.9880214275663819
2010-11-04 09:17:00,0.06162008550737956,-0.23194766659532526,0.988664574500236
2010-11-04 09:18:00,0.056763494540129945,-0.23941875182125882,0.9891614257231413
2010-11-04 09:19:00,0.0520698449182824,-0.24682521250229822,0.9895164867037979
2010-11-04 09:20:00,0.04756893911252673,-0.25408786127738026,0.989737137429249
2010-11-04 09:21:00,0.04328650585205879,-0.26112806942500266,0.9898333409090679
2010-11-04 09:22:00,0.03924406053003227,-0.2678690597507256,0.9898173118512933
2010-11-04 09:23:00,0.03545885117338326,-0.27423713315859805,0.9897031541276884
2010-11-04 09:24:00,0.031943885795671166,-0.2801628140504559,0.9895064764984995
2010-11-04 09:25:00,0.028708035185062226,-0.2855818997749041,0.9892439967892719
2010-11-04 09:26:00,0.025756203557891037,-0.29043640005813476,0.9889331450169617
2010-11-04 09:27:00,0.023089558261280407,-0.2946753539422993,0.9885916757190923
2010-11-04 09:28:00,0.020705808974748587,-0.2982555140547451,0.9882372989638631
2010-11-04 09:29:00,0.01859952659410391,-0.30114189069686464,0.9878873382164031
2010-11-04 09:30:00,0.016762492047191477,-0.30330815103693043,0.9875584213895343
2010-11-04 09:31:00,0.015184065557272025,-0.3047368715272165,0.9872662092331402
2010-11-04 09:32:00,0.013851567212746453,-0.30541964422829676,0.9870251632696478
2010-11-04 09:33:00,0.012750660068779738,-0.30535703942521936,0.9868483542517762
2010-11-04 09:34:00,0.011865727500743876,-0.3045584276696043,0.9867473115766624
2010-11-04 09:35:00,0.011180237334499488,-0.30304166504180885,0.9867319137813129
2010-11-04 09:36:00,0.010677086441744517,-0.3008326470546941,0.9868103197225192
2010-11-04 09:37:00,0.010338920824596507,-0.29796473950691754,0.9869889391665142
2010-11-04 09:38:00,0.010148427447627513,-0.29447809831955946,0.9872724403758038
2010-11-04 09:39:00,0.01008859506205764,-0.2904188944111561,0.9876637910269087
2010-11-04 09:40:00,0.01014294203682899,-0.2858384635172828,0.9881643275490679
2010-11-04 09:41:00,0.010295709833856593,-0.2807924041126607,0.9887738468543905
2010-11-04 09:42:00,0.010532021274663888,-0.27533964888156237,0.9894907135420581
2010-11-04 09:43:00,0.01083800325469728,-0.2695415360766824,0.9903119751876343
2010-11-04 09:44:00,0.011200874303067316,-0.2634609059389842,0.9912334785836467
2010-11-04 09:45:00,0.011608998508359003,-0.25716124354677744,0.9922499810094529
2010-11-04 09:46:00,0.012051908684890911,-0.25070588330096866,0.9933552526416689
2010-11-04 09:47:00,0.012520302844403858,-0.24415728317391094,0.9945421685846062
2010-11-04 09:48:00,0.013006018671772372,-0.23757637064458595,0.9958027911920752
2010-11-04 09:49:00,0.013501990601613974,-0.23102195779286194,0.9971284451107172
2010-11-04 09:50:00,0.014002193399772586,-0.22455022013707515,0.9985097887312238
2010-11-04 09:51:00,0.014501575267097767,-0.21821423225606626,0.9999368863909184
2010-11-04 09:52:00,0.01499598277938202,-0.21206355322389628,1.0013992856669192
2010-11-04 09:53:00,0.015482079543314115,-0.20614385627977067,1.0028861035320689
2010-11-04 09:54:00,0.01595726012920694,-0.20049659925736718,1.0043861240684744
2010-11-04 09:55:00,0.01641956057461492,-0.19515873441480966,1.0058879087786656
2010-11-04 09:56:00,0.016867566703845895,-0.19016245812371754,1.0073799185063932
2010-11-04 09:57:00,0.017300321780886224,-0.18553500238376391,1.0088506441563803
2010-11-04 09:58:00,0.017717235423310572,-0.18129847155127798,1.0102887422309998
2010-11-04 09:59:00,0.01811799598190887,-0.1774697293414261,1.0116831706483596
2010-11-04 10:00:00,0.01850248865580461,-0.17406034314939345,1.0130233200854764
2010-11-04 10:01:00,0.01887072155943687,-0.17107659448682094,1.014299136057226
2010-11-04 10:02:00,0.01922276184527467,-0.1685195649715132,1.0155012271884236
2010-11-04 10:03:00,0.019558683725376794,-0.1663853062949002,1.016620955792068
2010-11-04 10:04:00,0.019878529706835516,-0.16466509976962415,1.0176505079362914
2010-11-04 10:05:00,0.020182285578887103,-0.1633458063984317,1.01858294156674
2010-11-04 10:06:00,0.020469868784542166,-0.16241030230797673,1.0194122127954255
2010-11-04 10:07:00,0.02074112890795595,-0.16183798815042674,1.0201331819529373
2010-11-04 10:08:00,0.020995858269466188,-0.16160535637769205,1.0207416021746398
2010-11-04 10:09:00,0.021233810180912766,-0.1616865979395321,1.0212340940150046
2010-11-04 10:10:00,0.02145472226983115,-0.16205422927946053,1.0216081099510967
2010-11-04 10:11:00,0.021658342378019477,-0.16267972037544762,1.021861892800335
2010-11-04 10:12:00,0.021844454955131615,-0.16353410484143693,1.0219944319892122
2010-11-04 10:13:00,0.022012906662205237,-0.1645885545234326,1.0220054211106173
2010-11-04 10:14:00,0.02216363080098207,-0.16581490396359602,1.0218952193524997
2010-11-04 10:15:00,0.022296670689788294,-0.1671861139791124,1.0216648184708035
2010-11-04 10:16:00,0.022412201988821052,-0.16867666742799167,1.0213158162952816
2010-11-04 10:17:00,0.0225105535181225,-0.17026289334173916,1.0208503973337684
2010-11-04 10:18:00,0.02259222572836674,-0.1719232180303739,1.0202713206340568
2010-11-04 10:19:00,0.022657905754017348,-0.173638344040548,1.019581914375552
2010-11-04 10:20:00,0.022708477712201327,-0.17539136005179332,1.0187860757454743
2010-11-04 10:21:00,0.022745026688853403,-0.17716778625679575,1.017888273931923
2010-11-04 10:22:00,0.022768835176971477,-0.1789555601652256,1.0168935538354593
2010-11-04 10:23:00,0.022781371899431416,-0.1807449677024384,1.0158075382454197
2010-11-04 10:24:00,0.02278427446175605,-0.1825285245827684,1.014636426518452
2010-11-04 10:25:00,0.02277932820375874,-0.1843008132895304,1.0133869881642403
2010-11-04 10:26:00,0.022768443484595585,-0.18605828153478476,1.0120665501632875
2010-11-04 10:27:00,0.0227536327475508,-0.1877990089690808,1.0106829772060302
2010-11-04 10:28:00,0.022736987716249817,-0.18952245040660062,1.0092446441983136
2010-11-04 10:29:00,0.02272065645633022,-0.19122916600114448,1.0077604002027971
2010-11-04 10:30:00,0.02270681986643192,-0.19292055118092966,1.006239522529784
2010-11-04 10:31:00,0.022697667186765837,-0.19459858045468315,1.004691659331747
2010-11-04 10:32:00,0.02269537013210031,-0.19626557802012462,1.003126759311641
2010-11-04 10:33:00,0.022702055340469866,-0.19792402399591932,1.001554988241254
2010-11-04 10:34:00,0.022719775106839826,-0.19957639893328105,0.9999866336735402
2010-11-04 10:35:00,0.02275047677664541,-0.20122506278827332,0.9984320010285711
2010-11-04 10:36:00,0.022795971560317672,-0.20287215980037315,0.9969013055135064
2010-11-04 10:37:00,0.0228579038756641,-0.20451953921759816,0.9954045646019488
2010-11-04 10:38:00,0.022937722657988116,-0.20616868351471146,0.9939514950794036
2010-11-04 10:39:00,0.02303665627683653,-0.20782063945019882,0.9925514173658595
2010-11-04 10:40:00,0.023155692545570285,-0.20947595190969687,0.9912131680516983
2010-11-04 10:41:00,0.023295564765016645,-0.21113460512030172,0.9899450192732836
2010-11-04 10:42:00,0.023456744067903008,-0.21279597893575708,0.9887546014002604
2010-11-04 10:43:00,0.023639437859793812,-0.21445882803402505,0.9876488246740318
2010-11-04 10:44:00,0.023843593978891464,-0.2161212894797,0.986633796231976
2010-11-04 10:45:00,0.024068910196917377,-0.21778092113337016,0.9857147305890154
2010-11-04 10:46:00,0.024314848764552106,-0.21943477118742752,0.9848958533084157
2010-11-04 10:47:00,0.02458065587729285,-0.22107947747125775,0.984180299116326
2010-11-04 10:48:00,0.0248653861463662,-0.22271139312903546,0.9835700073783379
2010-11-04 10:49:00,0.025167932218065223,-0.22432673224548463,0.9830656198838154
2010-11-04 10:50:00,0.025487059451482004,-0.22592172513659334,0.9826663882106119
2010-11-04 10:51:00,0.02582144508643109,-0.22749276883652944,0.9823701002697619
2010-11-04 10:52:00,0.026169720759171514,-0.22903655477766935,0.9821730372499955
2010-11-04 10:53:00,0.0265305166757612,-0.2305501549845572,0.9820699717008186
2010-11-04 10:54:00,0.02690250533488753,-0.23203105254444115,0.982054213787639
2010-11-04 10:55:00,0.0272844425061283,-0.23347711080065534,0.9821177068216319
2010-11-04 10:56:00,0.027675203264813698,-0.2348864844136929,0.982251167833185
2010-11-04 10:57:00,0.02807381123444705,-0.23625748063202473,0.9824442661835449
2010-11-04 10:58:00,0.02847945969991891,-0.23758838057114795,0.9826858328246031
2010-11-04 10:59:00,0.028891523792830665,-0.23887722960382216,0.9829640937366326
2010-11-04 11:00:00,0.02930956343182482,-0.24012160478743924,0.983266922367564
2010-11-04 11:01:00,0.029733317151048308,-0.24131836706929807,0.9835821067938538
2010-11-04 11:02:00,0.03016268739620973,-0.2424634077158118,0.9838976272411516
2010-11-04 11:03:00,0.030597718287169028,-0.2435514017461997,0.9842019383878376
2010-11-04 11:04:00,0.03103856722333357,-0.24457558488971223,0.984484248889547
2010-11-04 11:05:00,0.03148547201189469,-0.24552757309524137,0.984734788680134
2010-11-04 11:06:00,0.03193871534255114,-0.24639724339644792,0.9849450538589338
2010-11-04 11:07:00,0.032398588344259564,-0.24717269148505613,0.9851080198147345
2010-11-04 11:08:00,0.032865354622036366,-0.24784027562429187,0.985218315238246
2010-11-04 11:09:00,0.033339215611447634,-0.24838475006074764,0.9852723521036016
2010-11-04 11:10:00,0.03382027744194322,-0.2487894850205982,0.9852684090567446
2010-11-04 11:11:00,0.03430851899213986,-0.24903676554886467,0.9852066676482556
2010-11-04 11:12:00,0.034803760532235245,-0.2491081584748886,0.9850892023088648
2010-11-04 11:13:00,0.035305632153196626,-0.248984935579964,0.9849199259094703
2010-11-04 11:14:00,0.03581354103540974,-0.24864854073803805,0.9847044934220417
2010-11-04 11:15:00,0.03632663669748935,-0.24808108831619266,0.9844501669347895
2010-11-04 11:16:00,0.03684377379766061,-0.24726587874148878,0.9841656463379759
2010-11-04 11:17:00,0.03736347264047849,-0.24618791502871365,0.9838608713378187
2010-11-04 11:18:00,0.037883878036880245,-0.24483440265421988,0.9835468014604505
2010-11-04 11:19:00,0.03840271761918809,-0.24319521639297112,0.9832351804991487
2010-11-04 11:20:00,0.0389172613254347,-0.24126332214272073,0.9829382901883406
2010-11-04 11:21:00,0.03942428455339684,-0.23903514752545163,0.9826686956079046
2010-11-04 11:22:00,0.03992003820156385,-0.2365108993938098,0.9824389832484783
2010-11-04 11:23:00,0.040400229211510624,-0.23369482782002224,0.9822614925105734
2010-11-04 11:24:00,0.040860015215805824,-0.23059543534448682,0.9821480423999094
2010-11-04 11:25:00,0.041294016521252586,-0.22722562853654169,0.9821096566796932
2010-11-04 11:26:00,0.04169634809242303,-0.2236028067364059,0.9821562924257042
2010-11-04 11:27:00,0.042060673680857294,-0.2197488801399683,0.9822965787515906
2010-11-04 11:28:00,0.04238028378738968,-0.21569020680155643,0.9825375741816311
2010-11-04 11:29:00,0.04264819848155425,-0.21145743698969496,0.9828845522306312
2010-11-04 11:30:00,0.04285729504480383,-0.20708525463191613,0.9833408247468837
2010-11-04 11:31:00,0.04300045909710987,-0.20261200966788517,0.983907611202887
2010-11-04 11:32:00,0.043070756639051626,-0.1980792417225013,0.9845839593825342
2010-11-04 11:33:00,0.04306162351879559,-0.19353110317797684,0.9853667195504167
2010-11-04 11:34:00,0.042967068127028094,-0.18901369613521715,0.9862505714745295
2010-11-04 11:35:00,0.04278188232492511,-0.18457434182601648,0.987228102050061
2010-11-04 11:36:00,0.042501854554748496,-0.18026080423995067,0.9882899297008509
2010-11-04 11:37:00,0.04212397787281856,-0.1761204939778366,0.9894248691389609
2010-11-04 11:38:00,0.041646644487984365,-0.17219968300689034,0.9906201269355736
2010-11-04 11:39:00,0.04106981759981665,-0.16854276316480601,0.9918615163226867
2010-11-04 11:40:00,0.04039517134174896,-0.16519157876091828,0.9931336797563113
2010-11-04 11:41:00,0.03962619062911968,-0.16218485689185616,0.994420309727245
2010-11-04 11:42:00,0.03876822437602062,-0.1595577503494931,0.9957043611216593
2010-11-04 11:43:00,0.03782848743103704,-0.15734149931561203,0.9969682513707676
2010-11-04 11:44:00,0.03681600854817783,-0.15556321013838845,0.9981940474503543
2010-11-04 11:45:00,0.035741523856032825,-0.15424574194794835,0.9993636414971551
2010-11-04 11:46:00,0.03461731767472722,-0.15340768440183183,1.0004589192284863
2010-11-04 11:47:00,0.033457015003442746,-0.15306340353607725,1.0014619268684535
2010-11-04 11:48:00,0.032275332169807845,-0.15322312974460714,1.0023550420789429
2010-11-04 11:49:00,0.03108779364217474,-0.15389306386800666,1.003121152201343
2010-11-04 11:50:00,0.02991042393519474,-0.1550754834114221,1.003743839773074
2010-11-04 11:51:00,0.028759424266096928,-0.15676883800453864,1.0042075723540862
2010-11-04 11:52:00,0.027650844260172242,-0.15896782835648188,1.0044978923728876
2010-11-04 11:53:00,0.026600259281209546,-0.16166346522473957,1.0046016030474796
2010-11-04 11:54:00,0.025622463613007213,-0.1648431053534869,1.004506947724704
2010-11-04 11:55:00,0.02473118875919862,-0.16849046132200357,1.0042037815153788
2010-11-04 11:56:00,0.023938854718140588,-0.17258558242341604,1.0036837355915957
2010-11-04 11:57:00,0.023256360351340273,-0.17710480414554794,1.0029403758883253
2010-11-04 11:58:00,0.02269291703877001,-0.18202066469328668,1.0019693590445329
2010-11-04 11:59:00,0.022255927928092754,-0.18730178861853075,1.0007685888604652
2010-11-04 12:00:00,0.021950913407966666,-0.19291273992726643,0.9993383761411675
2010-11-04 12:01:00,0.021781481958072703,-0.19881384929599838,0.9976816038573593
2010-11-04 12:02:00,0.02174934419997804,-0.2049610221135576,0.9958038983500075
2010-11-04 12:03:00,0.021854366857374675,-0.21130553724662635,0.9937138053372059
2010-11-04 12:04:00,0.022094662513335233,-0.21779385175510524,0.9914229662013269
2010-11-04 12:05:00,0.022466710489544815,-0.224367433030475,0.9889462861444654
2010-11-04 12:06:00,0.02296550373595397,-0.2309626442758197,0.9863020829569404
2010-11-04 12:07:00,0.023584716182688772,-0.23751071002069282,0.9835122043900137
2010-11-04 12:08:00,0.02431688456521045,-0.24393778514551576,0.9806021032590392
2010-11-04 12:09:00,0.025153598445455522,-0.2501651442667028,0.9776008616488867
2010-11-04 12:10:00,0.02608569218974808,-0.2561094999868958,0.9745411581255117
2010-11-04 12:11:00,0.02710343305969307,-0.2616834514339028,0.9714591737815031
2010-11-04 12:12:00,0.028196700233497175,-0.2667960612392396,0.9683944335434933
2010-11-04 12:13:00,0.02935515037787777,-0.27135355955944945,0.9653895784785451
2010-11-04 12:14:00,0.03056836623326469,-0.2752601755979675,0.9624900637044069
2010-11-04 12:15:00,0.031825985543614314,-0.2784190980170315,0.9597437760100038
2010-11-04 12:16:00,0.03311780860859936,-0.28073356469292776,0.9572005660356951
2010-11-04 12:17:00,0.03443388372590741,-0.28210807987153735,0.9549116916585881
2010-11-04 12:18:00,0.035764570697907366,-0.282449753859075,0.9529291714307397
2010-11-04 12:19:00,0.037100583392161,-0.28166975716646403,0.9513050492140609
2010-11-04 12:20:00,0.03843301322648586,-0.27968487667555597,0.9500905738656943
2010-11-04 12:21:00,0.03975333647373536,-0.2764191552454596,0.9493353013442258
2010-11-04 12:22:00,0.041053409306924075,-0.27180558882626454,0.949086130847706
2010-11-04 12:23:00,0.04232545530785723,-0.26578784781965015,0.9493862911463783
2010-11-04 12:24:00,0.04356205056510548,-0.25832198295248954,0.950274297715715
2010-11-04 12:25:00,0.04475611135716842,-0.24937807082207591,0.9517829051971705
2010-11-04 12:26:00,0.04590088870961654,-0.23894175096287296,0.9539380827718182
2010-11-04 12:27:00,0.04698997301336008,-0.22701560502744128,0.9567580419287247
2010-11-04 12:28:00,0.0480173108192964,-0.21362033028154864,0.960252345881632
2010-11-04 12:29:00,0.04897723522359732,-0.19879566611736432,0.964421125750883
2010-11-04 12:30:00,0.04986451073734255,-0.18260104480990683,0.9692544201030695
2010-11-04 12:31:00,0.05067439253728338,-0.16511595332526083,0.9747316443398043
2010-11-04 12:32:00,0.0514026980802977,-0.1464400058337645,0.9808211889267304
2010-11-04 12:33:00,0.052045886508593965,-0.126692733503283,0.9874801422897579
2010-11-04 12:34:00,0.052601138938893024,-0.10601310105163018,0.994654134035306
2010-11-04 12:35:00,0.053066431663321145,-0.08455876159104889,1.002277295078614
2010-11-04 12:36:00,0.05344059512031052,-0.06250506288413606,1.0102723325842606
2010-11-04 12:37:00,0.0537233537565662,-0.04004381793734919,1.0185507193944878
2010-11-04 12:38:00,0.05391534432243798,-0.01738185081629655,1.0270129997735964
2010-11-04 12:39:00,0.05401811193995908,0.005260673942530808,1.0355492154780808
2010-11-04 12:40:00,0.054034084681872555,0.02765213138128289,1.0440394579321588
2010-11-04 12:41:00,0.05396652871008714,0.049551517607076725,1.0523545531946068
2010-11-04 12:42:00,0.05381948699438453,0.07071071992618629,1.0603568861409463
2010-11-04 12:43:00,0.05359770509793006,0.09087695469272242,1.0679013690131254
2010-11-04 12:44:00,0.053306547891472704,0.1097953427396711,1.07483655777548
2010-11-04 12:45:00,0.05295191165191212,0.12721158496421917,1.0810059179705835
2010-11-04 12:46:00,0.0525401363700361,0.14287469715697915,1.086249239883605
2010-11-04 12:47:00,0.05207792261373269,0.15653976383323168,1.0904042004628745
2010-11-04 12:48:00,0.051572256001944095,0.1679706745221365,1.0933080664761086
2010-11-04 12:49:00,0.05103034086595543,0.17694281066819725,1.0947995299467992
2010-11-04 12:50:00,0.050459543588285596,0.1832456552585242,1.0947206632205735
2010-11-04 12:51:00,0.049867345544196105,0.18668530006163264,1.0929189771485304
2010-11-04 12:52:00,0.04926130523370242,0.1870868276149927,1.0892495618138645
2010-11-04 12:53:00,0.04864902867704215,0.1842965475711593,1.0835772849523713
2010-11-04 12:54:00,0.048038146279352115,0.17818406972545295,1.075779018843603
2010-11-04 12:55:00,0.04743629334584238,0.168644198299384,1.0657458622315
2010-11-04 12:56:00,0.046851090641750595,0.1555986330108766,1.0533853200613068
2010-11-04 12:57:00,0.046290121113963315,0.13899746186646822,1.038623400694804
2010-11-04 12:58:00,0.04576089911806398,0.11882042903602341,1.0214065878571914
2010-11-04 12:59:00,0.045270829058051854,0.09507795961872437,1.001703642887692
2010-11-04 13:00:00,0.04482715108464204,0.06781192242026937,0.9795071919653403
2010-11-04 13:01:00,0.04443687233149268,0.03709611247679215,0.9548350529827743
2010-11-04 13:02:00,0.044106683107340276,0.003036437149123525,0.9277312578012775
2010-11-04 13:03:00,0.04384285854557947,-0.03422920669781816,0.8982667278989727
2010-11-04 13:04:00,0.043651147411576746,-0.07453137141167238,0.8665395650710561
2010-11-04 13:05:00,0.043536650963627486,-0.11766981277136263,0.832674923966649
2010-11-04 13:06:00,0.04350369578292357,-0.16341455093838175,0.7968244397561127
2010-11-04 13:07:00,0.0435557051131951,-0.21150722249024584,0.7591651916251853
2010-11-04 13:08:00,0.04369507331040637,-0.26166270536919645,0.7198981905560778
2010-11-04 13:09:00,0.043923047553009895,-0.31357100056752024,0.6792463883283896
2010-11-04 13:10:00,0.044239620278017346,-0.36689935751118685,0.6374522152114893
2010-11-04 13:11:00,0.04464343511148044,-0.42129463101145,0.5947746674762953
2010-11-04 13:12:00,0.04513170835279046,-0.4763858556356532,0.5514859824521847
2010-11-04 13:13:00,0.04570016726166337,-0.5317870188332853,0.5078679578219859
2010-11-04 13:14:00,0.04634300556313537,-0.5871000066489266,0.46420799300320087
2010-11-04 13:15:00,0.04705285608479315,-0.6419176851894273,0.4207949526129954
2010-11-04 13:16:00,0.04782078066848478,-0.695827069801323,0.3779149706465938
2010-11-04 13:17:00,0.048636278324573456,-0.7484125273081624,0.335847322223907
2010-11-04 13:18:00,0.04948731321989788,-0.7992589587056517,0.29486048363701495
2010-11-04 13:19:00,0.05036036390849511,-0.8479549199617601,0.2552084837735426
2010-11-04 13:20:00,0.05124049453417174,-0.894095652832275,0.21712762748943465
2010-11-04 13:21:00,0.052111448197363956,-0.9372860116180608,0.1808336493076541
2010-11-04 13:22:00,0.052955762457469906,-0.9771432833909435,0.14651933585523655
2010-11-04 13:23:00,0.05375490684142903,-1.0132999078823837,0.11435263796717099
2010-11-04 13:24:00,0.05448944210317174,-1.0454061090311844,0.08447527828384115
2010-11-04 13:25:00,0.05513920079688032,-1.0731324533024018,0.05700184733462089
2010-11-04 13:26:00,0.05568348849044679,-1.0961723505259797,0.032019370410619835
2010-11-04 13:27:00,0.05610130465584956,-1.1142445113908954,0.00958731885160902
2010-11-04 13:28:00,0.05637158193343835,-1.1270953721228016,-0.010261967434810452
2010-11-04 13:29:00,0.056473442081568195,-1.1345014915458334,-0.02752248448704224
2010-11-04 13:30:00,0.05638646649714604,-1.1362719189769324,-0.0422134376150222
2010-11-04 13:31:00,0.05609097873356452,-1.1322505235348754,-0.054377827418744834
2010-11-04 13:32:00,0.05556833595960436,-1.1223182667920508,-0.0640807932347712
2010-11-04 13:33:00,0.05480122580821488,-1.1063953915939284,-0.07140775851262723
2010-11-04 13:34:00,0.05377396457171074,-1.0844434906700722,-0.07646242146376175
2010-11-04 13:35:00,0.05247279222494311,-1.0564674097232998,-0.07936463239793475
2010-11-04 13:36:00,0.0508861593158533,-1.022516931380535,-0.08024819661901787
2010-11-04 13:37:00,0.049005000369198,-0.9826881790950126,-0.0792586387423943
2010-11-04 13:38:00,0.046822988120150004,-0.9371246741808616,-0.07655096096123482
2010-11-04 13:39:00,0.044336762646102694,-0.8860179750125156,-0.0722874242632901
2010-11-04 13:40:00,0.04154612931349855,-0.8296078254040818,-0.06663537800958595
2010-11-04 13:41:00,0.038454219417978976,-0.7681817396625413,-0.05976515974864236
2010-11-04 13:42:00,0.03506760748705976,-0.7020739551393173,-0.051848083762060064
2010-11-04 13:43:00,0.031396379452325,-0.631663689632023,-0.043054533716972425
2010-11-04 13:44:00,0.027454146301665174,-0.5573726510429539,-0.03355217202502371
2010-11-04 13:45:00,0.023257998411367865,-0.4796617605967364,-0.02350427615272096
2010-11-04 13:46:00,0.0188283965533026,-0.3990270689489188,-0.013068210260071373
2010-11-04 13:47:00,0.014188996593914456,-0.31599486694838474,-0.0023940392185962914
2010-11-04 13:48:00,0.009366406167843098,-0.2311160198910144,0.008376708679098626
2010-11-04 13:49:00,0.004389873136553112,-0.1449595860328805,0.019112124123371023
2010-11-04 13:50:00,-0.0007090925072464452,-0.05810581699013622,0.029690837616899668
2010-11-04 13:51:00,-0.005897159171425765,0.028861321297979,0.04000277120310866
2010-11-04 13:52:00,-0.011139668912225354,0.11536192629324696,0.04994971328108244
2010-11-04 13:53:00,-0.016401174865242472,0.20082801861428987,0.05944571034399727
2010-11-04 13:54:00,-0.02164600362909879,0.2847112475097658,0.06841727371943782
2010-11-04 13:55:00,-0.02683882284713169,0.36649020985693376,0.07680340512222482
2010-11-04 13:56:00,-0.03194519474776297,0.4456771774425896,0.08455545008020691
2010-11-04 13:57:00,-0.03693209903605674,0.5218240679388901,0.09163679199442953
2010-11-04 13:58:00,-0.04176841185664519,0.5945275388979796,0.09802240194853948
2010-11-04 13:59:00,-0.04642533077172588,0.6634331251399879,0.10369826092675284
2010-11-04 14:00:00,-0.05087673860880191,0.7282383762802642,0.10866067211122243
2010-11-04 14:01:00,-0.05509950162024594,0.7886949827561923,0.11291548149022476
2010-11-04 14:02:00,-0.05907369967133737,0.8446099057850848,0.11647722516393617
2010-11-04 14:03:00,-0.06278278814490112,0.8958455494471959,0.11936822153072445
2010-11-04 14:04:00,-0.06621369293123307,0.9423190317949636,0.12161762601925862
2010-11-04 14:05:00,-0.06935684127787316,0.9840006268102277,0.12326046524485126
2010-11-04 14:06:00,-0.07220613242403293,1.0209114604469063,0.1243366664557364
2010-11-04 14:07:00,-0.07475885285882143,1.053120552197889,0.12489009693844218
2010-11-04 14:08:00,-0.07701554174008031,1.080741298908137,0.12496762671116406
2010-11-04 14:09:00,-0.07897981251031796,1.1039275002200188,0.12461822638800081
2010-11-04 14:10:00,-0.08065813706632591,1.1228690253788791,0.12389211058049644
2010-11-04 14:11:00,-0.08205959899769291,1.137787219439022,0.1228399356488155
2010-11-04 14:12:00,-0.08319562242425778,1.1489301434782702,0.12151205905286012
2010-11-04 14:13:00,-0.0840796828507052,1.156567738529293,0.11995786601050902
2010-11-04 14:14:00,-0.08472700623475304,1.160986996831862,0.11822516766960699
2010-11-04 14:15:00,-0.08515426214981829,1.1624872169522718,0.11635967356292441
2010-11-04 14:16:00,-0.08537925652878213,1.1613754115405097,0.11440453975858417
2010-11-04 14:17:00,-0.08542062901680249,1.1579619282232252,0.11239999285703685
2010-11-04 14:18:00,-0.08529755945239967,1.1525563355640709,0.11038302883120191
2010-11-04 14:19:00,-0.0850294874520819,1.1454636173456725,0.10838718466751464
2010-11-04 14:20:00,-0.08463584850921793,1.1369807098022426,0.10644237984812567
2010-11-04 14:21:00,-0.0841358294460903,1.1273934080019767,0.10457482392172388
2010-11-04 14:22:00,-0.0835481454906268,1.1169736594682023,0.10280698574363503
2010-11-04 14:23:00,-0.08289084069601392,1.1059772554437963,0.10115761942450234
2010-11-04 14:24:00,-0.08218111289062342,1.0946419230329618,0.09964184160904963
2010-11-04 14:25:00,-0.08143516384453618,1.083185814869345,0.09827125440858253
2010-11-04 14:26:00,-0.08066807487325689,1.0718063870142438,0.09705410812725326
2010-11-04 14:27:00,-0.07989370767354408,1.0606796505214577,0.0959954978448162
2010-11-04 14:28:00,-0.07912462980401955,1.049959777538873,0.0950975879384201
2010-11-04 14:29:00,-0.07837206388667486,1.0397790389595851,0.09435985873318756
2010-11-04 14:30:00,-0.07764585931586547,1.0302480474828077,0.09377936965604618
2010-11-04 14:31:00,-0.07695448501922628,1.0214562774818143,0.0933510335197144
2010-11-04 14:32:00,-0.07630504161956801,1.0134728312787409,0.09306789687444192
2010-11-04 14:33:00,-0.07570329119671336,1.006347420262518,0.092921421724831
2010-11-04 14:34:00,-0.07515370274110367,1.000111528717571,0.09290176430854927
2010-11-04 14:35:00,-0.07465951132399605,0.9947797282119011,0.09299804706360833
2010-11-04 14:36:00,-0.07422278897894713,0.9903511108734283,0.0931986203618606
2010-11-04 14:37:00,-0.07384452529251695,0.9868108108096274,0.09349131104959793
2010-11-04 14:38:00,-0.0735247157351535,0.9841315842425837,0.09386365530330489
2010-11-04 14:39:00,-0.07326245582276804,0.9822754205840721,0.09430311377193222
2010-11-04 14:40:00,-0.07305603928259241,0.9811951586071793,0.09479726742928285
2010-11-04 14:41:00,-0.07290305850025808,0.9808360840267271,0.09533399299487404
2010-11-04 14:42:00,-0.07280050564473509,0.9811374871264789,0.09590161719382474
2010-11-04 14:43:00,-0.07274487299967995,0.9820341615159777,0.09648904951209666
2010-11-04 14:44:00,-0.07273225117028236,0.983457827616136,0.09708589345987614
2010-11-04 14:45:00,-0.07275842398097647,0.9853384670158588,0.09768253668058452
2010-11-04 14:46:00,-0.0728189590288336,0.9876055563712277,0.09827022053395441
2010-11-04 14:47:00,-0.0729092930078028,0.9901891919970723,0.09884109003733532
2010-11-04 14:48:00,-0.07302481106837844,0.9930210986943739,0.09938822526891997
2010-11-04 14:49:00,-0.07316091962419576,0.9960355186358255,0.09990565551950156
2010-11-04 14:50:00,-0.07331311215991923,0.9991699782706024,0.10038835762593583
2010-11-04 14:51:00,-0.07347702773198315,1.0023659331876877,0.10083224003057387
2010-11-04 14:52:00,-0.07364850198377468,1.0055692926796886,0.1012341141879882
2010-11-04 14:53:00,-0.07382361061846542,1.0087308273653455,0.1015916549852595
2010-11-04 14:54:00,-0.07399870538491429,1.011806464651896,0.10190335185720398
2010-11-04 14:55:00,-0.0741704427341627,1.0147574780439232,0.10216845226566981
2010-11-04 14:56:00,-0.07433580539554638,1.017550577331948,0.10238689917502665
2010-11-04 14:57:00,-0.07449211720209013,1.0201579075237284,0.10255926409693177
2010-11-04 14:58:00,-0.07463705156454781,1.0225569650189819,0.10268667719914139
2010-11-04 14:59:00,-0.07476863405226541,1.0247304399816737,0.10277075587832174
2010-11-04 15:00:00,-0.07488523958711499,1.0266659941431788,0.1028135330883295
2010-11-04 15:01:00,-0.07498558479416155,1.0283559833867864,0.1028173865961435
2010-11-04 15:02:00,-0.07506871607954455,1.0297971344330115,0.10278497021036519
2010-11-04 15:03:00,-0.07513399402246522,1.030990184780601,0.10271914789467188
2010-11-04 15:04:00,-0.07518107467455712,1.031939494774589,0.10262293154336727
2010-11-04 15:05:00,-0.07520988835670256,1.0326526402845926,0.10249942306062435
2010-11-04 15:06:00,-0.07522061653084937,1.0331399939978505,0.1023517612513869
2010-11-04 15:07:00,-0.07521366730279208,1.0334143027769547,0.10218307390223583
2010-11-04 15:08:00,-0.0751896500815399,1.0334902679169757,0.10199643530671176
2010-11-04 15:09:00,-0.07514934988259439,1.0333841344760148,0.1017948293733122
2010-11-04 15:10:00,-0.07509370171771329,1.0331132951613402,0.10158111834715661
2010-11-04 15:11:00,-0.07502376546454119,1.0326959135429883,0.10135801707937951
2010-11-04 15:12:00,-0.07494070155774106,1.0321505706495742,0.10112807269249198
2010-11-04 15:13:00,-0.07484574779050958,1.031495938287763,0.10089364941563238
2010-11-04 15:14:00,-0.07474019746299525,1.0307504817274606,0.10065691830107233
2010-11-04 15:15:00,-0.0746253790632618,1.0299321937181753,0.10041985148231193
2010-11-04 15:16:00,-0.07450263761682473,1.029058361153959,0.10018422059109428
2010-11-04 15:17:00,-0.07437331779002847,1.0281453650856374,0.09995159890631025
2010-11-04 15:18:00,-0.07423874877814889,1.0272085141894056,0.099723366752525
2010-11-04 15:19:00,-0.07410023095337834,1.0262619112477878,0.09950071960377137
2010-11-04 15:20:00,-0.07395902419868274,1.0253183516995563,0.09928467829961866
2010-11-04 15:21:00,-0.07381633781779214,1.024389252884248,0.09907610076351576
2010-11-04 15:22:00,-0.07367332188942911,1.0234846122462002,0.09887569462791165
2010-11-04 15:23:00,-0.07353105992190855,1.022612992466291,0.09868403020632902
2010-11-04 15:24:00,-0.07339056266178214,1.0217815312532987,0.09850155330545465
2010-11-04 15:25:00,-0.07325276291934484,1.0209959733519722,0.09832859744412811
2010-11-04 15:26:00,-0.07311851129530968,1.0202607222118616,0.09816539514290927
2010-11-04 15:27:00,-0.07298857272462562,1.0195789087068856,0.09801208806417762
2010-11-04 15:28:00,-0.07286362379137597,1.0189524742944236,0.09786873591120192
2010-11-04 15:29:00,-0.07274425080726123,1.0183822660438877,0.09773532412327439
2010-11-04 15:30:00,-0.07263094867678652,1.0178681410322212,0.097611770513062
2010-11-04 15:31:00,-0.07252412058624154,1.01740907768071,0.09749793105989663
2010-11-04 15:32:00,-0.07242407854846433,1.0170032916855507,0.09739360508995204
2010-11-04 15:33:00,-0.07233104481745158,1.0166483542780393,0.09729854005296378
2010-11-04 15:34:00,-0.07224515416558058,1.016341310649266,0.09721243606696758
2010-11-04 15:35:00,-0.07216645699777759,1.0160787964958855,0.09713495036331794
2010-11-04 15:36:00,-0.07209492326325484,1.0158571507888265,0.09706570172997153
2010-11-04 15:37:00,-0.07203044711614907,1.0156725230325665,0.09700427502238579
2010-11-04 15:38:00,-0.0719728522707461,1.0155209734648836,0.09695022578783588
2010-11-04 15:39:00,-0.07192189799412341,1.0153985648432178,0.09690308502989385
2010-11-04 15:40:00,-0.0718772856780687,1.015301444672651,0.09686236412469111
2010-11-04 15:41:00,-0.07183866593205614,1.0152259169504507,0.09682755988882165
2010-11-04 15:42:00,-0.0718056461389704,1.015168502730356,0.09679815978966227
2010-11-04 15:43:00,-0.07177779841442443,1.0151259890432751,0.09677364728165676
2010-11-04 15:44:00,-0.07175466790815277,1.0150954659475706,0.09675350724564011
