timestamp,x,y,z
2011-07-05 12:50:00,0.5825541851025797,-0.4545866279361321,0.03305440275260757
2011-07-05 12:51:00,0.5383953346320557,-0.4382241076096317,0.10114452669894276
2011-07-05 12:52:00,0.49456804746151745,-0.42184945420067366,0.16879854393102495
2011-07-05 12:53:00,0.45135138203587366,-0.40554029979034645,0.23560061911508098
2011-07-05 12:54:00,0.40901634709211926,-0.38937376538731494,0.30114731378639603
2011-07-05 12:55:00,0.36782205509951954,-0.3734256560491131,0.3650532957843417
2011-07-05 12:56:00,0.3280121944335621,-0.3577696566884741,0.42695660877537916
2011-07-05 12:57:00,0.28981189019821607,-0.3424765409208919,0.48652338511197635
2011-07-05 12:58:00,0.25342500357131015,-0.3276134064628274,0.5434519117414989
2011-07-05 12:59:00,0.21903190187587201,-0.3132429501530946,0.597475986458198
2011-07-05 13:00:00,0.18678771612061576,-0.2994227939883251,0.648367527633029
2011-07-05 13:01:00,0.15682108932837055,-0.2862048708875372,0.6959384238170762
2011-07-05 13:02:00,0.12923340759381644,-0.27363487589292446,0.7400416300482825
2011-07-05 13:03:00,0.10409849657180142,-0.26175178636352897,0.7805715349470888
2011-07-05 13:04:00,0.08146275886880407,-0.2505874541324814,0.8174636365966942
2011-07-05 13:05:00,0.0613457220134343,-0.2401662730283641,0.8506935761119342
2011-07-05 13:06:00,0.04374096155475552,-0.23050492548761292,0.8802755863154624
2011-07-05 13:07:00,0.028617359069267843,-0.2216122116296285,0.906260419488478
2011-07-05 13:08:00,0.015920650778967697,-0.2134889632556951,0.9287328228917073
2011-07-05 13:09:00,0.00557521963200629,-0.20612804408685342,0.9478086337058057
2011-07-05 13:10:00,-0.0025139175514490826,-0.19951443632714305,0.9636315663206206
2011-07-05 13:11:00,-0.008458975794343074,-0.1936254122607636,0.9763697647052223
2011-07-05 13:12:00,-0.01238716650008177,-0.1884307879858537,0.9862121911412668
2011-07-05 13:13:00,-0.014438403835615487,-0.18389325476089316,0.9933649200671969
2011-07-05 13:14:00,-0.014762992575224107,-0.17996878223842827,0.9980474022623746
2011-07-05 13:15:00,-0.013519333391317417,-0.17660708735423325,1.000488760220628
2011-07-05 13:16:00,-0.010871677784769008,-0.17375216264070284,1.000924170521841
2011-07-05 13:17:00,-0.006987960897446123,-0.17134285776234479,0.9995913835549264
2011-07-05 13:18:00,-0.0020377363817196802,-0.1693135077777763,0.9967274252877578
2011-07-05 13:19:00,0.003809766599278426,-0.16759460100776255,0.9925655200542869
2011-07-05 13:20:00,0.010387448177838996,-0.16611347858455114,0.9873322676276385
2011-07-05 13:21:00,0.01753199214739236,-0.1647950568093869,0.9812451022662144
2011-07-05 13:22:00,0.025085361242495535,-0.16356256220673918,0.9745100560604544
2011-07-05 13:23:00,0.03289612810680878,-0.16233826755820824,0.9673198438338335
2011-07-05 13:24:00,0.040820639916254994,-0.1610442156993405,0.9598522819812768
2011-07-05 13:25:00,0.04872401746564177,-0.15960291771143031,0.9522690485637596
2011-07-05 13:26:00,0.05648099196270637,-0.15793801479570616,0.9447147859879703
2011-07-05 13:27:00,0.06397658487866274,-0.15597489907816883,0.9373165402123287
2011-07-05 13:28:00,0.07110663802344858,-0.15364129647038874,0.9301835223105226
2011-07-05 13:29:00,0.07777820248247388,-0.15086782167030283,0.9234071710529234
2011-07-05 13:30:00,0.08390979612452788,-0.14758851902221945,0.9170614902060584
2011-07-05 13:31:00,0.08943154011876805,-0.1437414028326509,0.9112036315138924
2011-07-05 13:32:00,0.09428518533844066,-0.1392690080836637,0.9058746930700818
2011-07-05 13:33:00,0.09842403966422983,-0.1341189587233364,0.9011007023546478
2011-07-05 13:34:00,0.10181280698131094,-0.12824455656322234,0.8968937532791751
2011-07-05 13:35:00,0.1044273480712175,-0.12160538950643725,0.8932532670613169
2011-07-05 13:36:00,0.10625437265555714,-0.11416795366398637,0.890167347576917
2011-07-05 13:37:00,0.10729107061532046,-0.10590628033364001,0.887614202947446
2011-07-05 13:38:00,0.10754468901420691,-0.09680255611048677,0.885563606441583
2011-07-05 13:39:00,0.10703206019901317,-0.08684772257394667,0.8839783712501084
2011-07-05 13:40:00,0.10577908512519403,-0.07604204083791767,0.8828158153071398
2011-07-05 13:41:00,0.10382017523043868,-0.06439560541897774,0.8820291940832622
2011-07-05 13:42:00,0.10119765560630987,-0.051928791055560766,0.8815690811843047
2011-07-05 13:43:00,0.09796113182055483,-0.03867261523776037,0.881384678647718
2011-07-05 13:44:00,0.09416682246672003,-0.024668998546828975,0.8814250409989016
2011-07-05 13:45:00,0.08987685934904953,-0.009970904857576436,0.881640199362426
2011-07-05 13:46:00,0.08515855717934896,0.005357655653644883,0.8819821741737662
2011-07-05 13:47:00,0.0800836548115584,0.021241775778336944,0.8824058672764196
2011-07-05 13:48:00,0.0747275303807466,0.03759596487864029,0.8828698264082642
2011-07-05 13:49:00,0.06916839321514165,0.05432463507319326,0.8833368772844266
2011-07-05 13:50:00,0.06348645596377646,0.07132276431467209,0.8837746206636524
2011-07-05 13:51:00,0.05776309083843139,0.08847673748654077,0.8841557939088708
2011-07-05 13:52:00,0.05207997397014961,0.10566536464393181,0.8844584986031038
2011-07-05 13:53:00,0.0465182215620017,0.12276107392212691,0.8846662977990242
2011-07-05 13:54:00,0.04115752103938212,0.1396312739024396,0.8847681885301942
2011-07-05 13:55:00,0.03607526018100059,0.1561398753269019,0.8847584573166422
2011-07-05 13:56:00,0.031345657528671564,0.17214895494153706,0.8846364284978866
2011-07-05 13:57:00,0.027038898235820615,0.1875205354042862,0.8844061171553265
2011-07-05 13:58:00,0.02322028081143334,0.202118445690122,0.8840757998640749
2011-07-05 13:59:00,0.019949381754298393,0.21581021853900187,0.8836575172816917
2011-07-05 14:00:00,0.01727924652313464,0.22846897786261994,0.883166522615978
2011-07-05 14:01:00,0.01525561632662819,0.23997527039415992,0.882620689575046
2011-07-05 14:02:00,0.013916200807112637,0.2502188005097113,0.8820398927970226
2011-07-05 14:03:00,0.013290007162998135,0.25910003288100314,0.8814453731020023
2011-07-05 14:04:00,0.013396736976243724,0.26653163341341285,0.8808590991515663
2011-07-05 14:05:00,0.014246262919624187,0.2724397246184856,0.8803031361972478
2011-07-05 14:06:00,0.015838198157854515,0.27676493701113697,0.8797990316224615
2011-07-05 14:07:00,0.018161571344412274,0.27946324304653014,0.8793672260510722
2011-07-05 14:08:00,0.02119461976421475,0.2805065645393591,0.8790264979220482
2011-07-05 14:09:00,0.02490471247273897,0.2798831487777875,0.8787934485151806
2011-07-05 14:10:00,0.029248414044236958,0.27759771284578544,0.8786820334178068
2011-07-05 14:11:00,0.034171697567498244,0.2736713598230544,0.8787031454399186
2011-07-05 14:12:00,0.03961031285856571,0.2681412743419788,0.8788642531152501
2011-07-05 14:13:00,0.04549031261397095,0.2610602085145174,0.8791690981739967
2011-07-05 14:14:00,0.05172873539542246,0.25249577276795054,0.8796174546714703
2011-07-05 14:15:00,0.058234439900075,0.24252955000323692,0.8802049516954215
2011-07-05 14:16:00,0.06490908017070844,0.231256055857612,0.8809229606510475
2011-07-05 14:17:00,0.07164820686480337,0.2187815718910957,0.8817585471254858
2011-07-05 14:18:00,0.07834247634597566,0.20522288026473195,0.8826944866436475
2011-07-05 14:19:00,0.08487894793411482,0.19070592656615665,0.883709343601734
2011-07-05 14:20:00,0.0911424500824338,0.17536443291749396,0.884777613159431
2011-07-05 14:21:00,0.09701699755258616,0.15933847836292372,0.8858699262808307
2011-07-05 14:22:00,0.10238724262077607,0.14277305778522734,0.8869533179071923
2011-07-05 14:23:00,0.10713994316142902,0.12581662354184542,0.8879915573020792
2011-07-05 14:24:00,0.11116542882016323,0.10861960791752734,0.8889455381392877
2011-07-05 14:25:00,0.11435904377944676,0.09133292317816033,0.8897737242662801
2011-07-05 14:26:00,0.11662254212814117,0.07410643962073495,0.8904326456475702
2011-07-05 14:27:00,0.11786541118510005,0.05708744649865229,0.8908774380256993
2011-07-05 14:28:00,0.11800610003730387,0.040419102638713046,0.8910624193520387
2011-07-05 14:29:00,0.11697313447096645,0.024238883538429602,0.8909416958219062
2011-07-05 14:30:00,0.11470610414124398,0.008677033171674394,0.8904697900614137
2011-07-05 14:31:00,0.11115651202745572,-0.006144965270034915,0.8896022833325025
2011-07-05 14:32:00,0.10628847922548096,-0.02011587458069975,0.8882964623685289
2011-07-05 14:33:00,0.10007929979787643,-0.03313610705765147,0.8865119597901291
2011-07-05 14:34:00,0.09251984092287266,-0.045119000008572,0.8842113755314464
2011-07-05 14:35:00,0.08361478323982514,-0.0559919157782387,0.8813608658521448
2011-07-05 14:36:00,0.07338269546627657,-0.06569712462613846,0.87793068630837
2011-07-05 14:37:00,0.061855936398211894,-0.07419243830243336,0.8738956750116118
2011-07-05 14:38:00,0.049080376401384615,-0.0814515727647105,0.8692356621933756
2011-07-05 14:39:00,0.03511492956208066,-0.08746422892332541,0.8639357915854674
2011-07-05 14:40:00,0.020030887197375866,-0.09223589000510711,0.8579867388656197
2011-07-05 14:41:00,0.00391104392033394,-0.09578734262148775,0.8513848127998755
2011-07-05 14:42:00,-0.013151390914527416,-0.09815393530741255,0.8441319259112152
2011-07-05 14:43:00,-0.031054100979029844,-0.09938459253245181,0.8362354235911773
2011-07-05 14:44:00,-0.0496871912431584,-0.09954060413558918,0.8277077635265868
2011-07-05 14:45:00,-0.06893493399074985,-0.09869421100549985,0.8185660409643213
2011-07-05 14:46:00,-0.0886777247032557,-0.0969270088458514,0.8088313594932205
2011-07-05 14:47:00,-0.10879423343028533,-0.09432819335884972,0.7985280516399614
2011-07-05 14:48:00,-0.12916372939061235,-0.09099267189512579,0.7876827587188822
2011-07-05 14:49:00,-0.1496685477672994,-0.087019068511802,0.7763233850882079
2011-07-05 14:50:00,-0.17019665855469465,-0.08250765185776343,0.7644779482257702
2011-07-05 14:51:00,-0.1906442880436113,-0.07755821887610402,0.7521733527927091
2011-07-05 14:52:00,-0.21091853372866226,-0.07226797217161657,0.7394341240766672
2011-07-05 14:53:00,-0.23093990265456799,-0.06672943479580935,0.7262811439464988
2011-07-05 14:54:00,-0.2506446912459041,-0.0610284527402115,0.712730440826781
2011-07-05 14:55:00,-0.2699871114258221,-0.05524234216475871,0.6987920941948221
2011-07-05 14:56:00,-0.28894105450410523,-0.04943824431747972,0.6844693228121339
2011-07-05 14:57:00,-0.30750137529892174,-0.043671753990270956,0.669757831494546
2011-07-05 14:58:00,-0.3256845810273651,-0.03798588450401055,0.654645489522947
2011-07-05 14:59:00,-0.34352882660496004,-0.03241042256419855,0.6391124024043663
2011-07-05 15:00:00,-0.3610931474961591,-0.026961711417630704,0.6231314193124269
2011-07-05 15:01:00,-0.3784558967684383,-0.02164288327101136,0.6066690952788785
2011-07-05 15:02:00,-0.3957123896030654,-0.016444543849686265,0.5896871033413564
2011-07-05 15:03:00,-0.41297179429144043,-0.011345894017791762,0.5721440687634269
2011-07-05 15:04:00,-0.43035334332385167,-0.006316255666676328,0.5539977755117187
2011-07-05 15:05:00,-0.4479819715182774,-0.0013169516147373615,0.5352076745414054
2011-07-05 15:06:00,-0.4659835201324883,0.003696527879911786,0.5157376042509914
2011-07-05 15:07:00,-0.48447967567192013,0.008772155815452222,0.4955586162619101
2011-07-05 15:08:00,-0.5035828365650961,0.013958894355829346,0.47465178619632503
2011-07-05 15:09:00,-0.5233911143599185,0.019304222759544333,0.45301088250946375
2011-07-05 15:10:00,-0.5439836733933856,0.02485177434499739,0.430644769593863
2011-07-05 15:11:00,-0.5654165936456574,0.03063918063597469,0.4075794346346387
2011-07-05 15:12:00,-0.5877194104218837,0.03669620534052317,0.38385954840071634
2011-07-05 15:13:00,-0.6108924471823963,0.04304323129111147,0.35954949464969344
2011-07-05 15:14:00,-0.6349050174840323,0.04969014093405602,0.3347338286185125
2011-07-05 15:15:00,-0.6596945297370215,0.056635606213146485,0.30951715160084636
2011-07-05 15:16:00,-0.685166484978147,0.06386677866331546,0.2840234163980588
2011-07-05 15:17:00,-0.7111953151303689,0.07135934792225529,0.25839470704995166
2011-07-05 15:18:00,-0.7376259724321683,0.07907791966838576,0.23278956228632322
2011-07-05 15:19:00,-0.7642761569849786,0.0869766547210311,0.20738092980378578
2011-07-05 15:20:00,-0.7909390623859578,0.09500011011207565,0.18235384383720563
2011-07-05 15:21:00,-0.817386525911329,0.10308422807888622,0.15790291293113576
2011-07-05 15:22:00,-0.8433724826055388,0.11115742688897423,0.13422969331527937
2011-07-05 15:23:00,-0.8686366364869477,0.11914175594598866,0.11154001032317847
2011-07-05 15:24:00,-0.8929082747509486,0.12695408582689002,0.09004127805317405
2011-07-05 15:25:00,-0.9159101619235437,0.13450731152374945,0.06993985660750866
2011-07-05 15:26:00,-0.9373624603875624,0.1417115541491323,0.051438476882340795
2011-07-05 15:27:00,-0.9569866316216005,0.14847535259117142,0.034733755088295376
2011-07-05 15:28:00,-0.9745092789409228,0.15470684182416086,0.020013813125704764
2011-07-05 15:29:00,-0.9896658976196825,0.1603149185069771,0.007456016776014302
2011-07-05 15:30:00,-1.002204502148803,0.16521039687980055,-0.002775158732325805
2011-07-05 15:31:00,-1.0118891032283954,0.16930715851348266,-0.010530127368220506
2011-07-05 15:32:00,-1.0185030090955163,0.17252329797532898,-0.015676047167868763
2011-07-05 15:33:00,-1.0218519270737139,0.17478226321105492,-0.0180985233099642
2011-07-05 15:34:00,-1.021766841855371,0.1760139852343878,-0.017703150860573447
2011-07-05 15:35:00,-1.0181066470323874,0.17615598759098014,-0.014416887659315954
2011-07-05 15:36:00,-1.01076050586608,0.1751544627548264,-0.008189246489128745
2011-07-05 15:37:00,-0.9996499164262976,0.17296530011435413,0.0010067057618066732
2011-07-05 15:38:00,-0.9847304553377751,0.16955504768176766,0.013173555536486933
2011-07-05 15:39:00,-0.9659931737628912,0.16490178634105526,0.028288971269061835
2011-07-05 15:40:00,-0.9434656191002964,0.158995891825477,0.046305368691987495
2011-07-05 15:41:00,-0.9172124562346899,0.15184065727426221,0.06714982880647294
2011-07-05 15:42:00,-0.8873356631322934,0.14345274933737207,0.09072428475287875
2011-07-05 15:43:00,-0.8539742774086239,0.1338624732502786,0.11690599331908984
2011-07-05 15:44:00,-0.8173036735688476,0.12311382625888224,0.14554830525231063
2011-07-05 15:45:00,-0.7775343552770567,0.11126432360275935,0.17648174563710697
2011-07-05 15:46:00,-0.7349102535214622,0.09838458673833997,0.2095154111934396
2011-07-05 15:47:00,-0.689706530136432,0.08455768959023117,0.24443868528499907
2011-07-05 15:48:00,-0.6422268970277987,0.0698782654045122,0.28102326356795376
2011-07-05 15:49:00,-0.5928004748185025,0.054451384299103185,0.3190254734154806
2011-07-05 15:50:00,-0.5417782306652418,0.03839121992177567,0.35818885839513875
2011-07-05 15:51:00,-0.48952905385113327,0.02181953279513141,0.3982469850415752
2011-07-05 15:52:00,-0.43643554929729406,0.004864007911415966,0.4389264130863389
2011-07-05 15:53:00,-0.3828896515825063,-0.012343505703180855,0.47994975359093
2011-07-05 15:54:00,-0.32928818011188227,-0.029668797496141302,0.5210387261376765
2011-07-05 15:55:00,-0.2760284621955476,-0.046977081015235275,0.5619171219460382
2011-07-05 15:56:00,-0.22350414111045866,-0.06413470803416414,0.6023135872019125
2011-07-05 15:57:00,-0.17210126437307527,-0.08101076649757687,0.6419641572766209
2011-07-05 15:58:00,-0.12219472092650266,-0.0974785286660562,0.6806144925640194
2011-07-05 15:59:00,-0.07414507006385547,-0.11341672469307779,0.718021786521974
2011-07-05 16:00:00,-0.028295781549059824,-0.12871062360696034,0.7539563344167579
2011-07-05 16:01:00,0.015029113892295236,-0.14325291040816163,0.7882027664165926
2011-07-05 16:02:00,0.05552698121183504,-0.15694435602288825,0.8205609607446243
2011-07-05 16:03:00,0.09291817497183778,-0.16969428542080098,0.8508466618754006
2011-07-05 16:04:00,0.12694730955313727,-0.18142085662430954,0.8788918358909688
2011-07-05 16:05:00,0.15738425022563032,-0.19205116883952913,0.9045448005348697
2011-07-05 16:06:00,0.18402487273565518,-0.2015212220009342,0.9276701712182451
2011-07-05 16:07:00,0.206691639940724,-0.20977575316904146,0.9481486661847913
2011-07-05 16:08:00,0.2252340428439547,-0.21676797724237815,0.9658768144305502
2011-07-05 16:09:00,0.23952895031363555,-0.22245925983734996,0.9807666091037286
2011-07-05 16:10:00,0.24948090710442247,-0.22681874881662953,0.9927451471244841
2011-07-05 16:11:00,0.25502241386228575,-0.22982298829964828,1.0017542926096172
2011-07-05 16:12:00,0.25611421587378247,-0.2314555361953813,1.007750397189804
2011-07-05 16:13:00,0.2527456195730254,-0.2317066044867853,1.0107041043881582
2011-07-05 16:14:00,0.24493484727907222,-0.23057274056437915,1.0106002582035216
2011-07-05 16:15:00,0.23272943134128582,-0.2280565663641063,1.0074379285977593
2011-07-05 16:16:00,0.21620663919142205,-0.22416658860243224,1.0012305593133004
2011-07-05 16:17:00,0.195473911507245,-0.21891708807807556,0.9920062364924731
2011-07-05 16:18:00,0.17066928744106802,-0.21232808981040985,0.9798080697937704
2011-07-05 16:19:00,0.14196178371257862,-0.20442540993803945,0.9646946709856006
2011-07-05 16:20:00,0.10955168795364559,-0.1952407709026715,0.9467407083594198
2011-07-05 16:21:00,0.07367072079210116,-0.18481197340401978,0.9260375088188028
2011-07-05 16:22:00,0.03458201582593916,-0.17318311005906664,0.9026936732444281
2011-07-05 16:23:00,-0.007420137862532331,-0.1604048000778527,0.8768356648912196
2011-07-05 16:24:00,-0.0520108491132897,-0.14653441802461017,0.848608325613495
2011-07-05 16:25:00,-0.0988355334808758,-0.13163628617991585,0.8181752712482174
2011-07-05 16:26:00,-0.14751123529443458,-0.11578180073427427,0.7857191158909786
2011-07-05 16:27:00,-0.1976284164492776,-0.09904946594720211,0.7514414751540874
2011-07-05 16:28:00,-0.24875325792275044,-0.08152481574731485,0.7155627008230233
2011-07-05 16:29:00,-0.3004305095110432,-0.06330020808733261,0.6783213036786739
2011-07-05 16:30:00,-0.35218691013554587,-0.04447448365083297,0.6399730276571013
2011-07-05 16:31:00,-0.4035351854800512,-0.025152487573854406,0.6007895470278931
2011-07-05 16:32:00,-0.4539786114459648,-0.005444460726684284,0.5610567690347048
2011-07-05 16:33:00,-0.5030161108171357,0.014534684755069012,0.5210727375772208
2011-07-05 16:34:00,-0.5501478277432025,0.03466618366349917,0.4811451486648133
2011-07-05 16:35:00,-0.5948811032505048,0.0548283030482385,0.4415885043070773
2011-07-05 16:36:00,-0.6367367580424269,0.07489726851790363,0.40272094681429715
2011-07-05 16:37:00,-0.6752555756863792,0.09474821024184328,0.36486082998436287
2011-07-05 16:38:00,-0.7100048662927665,0.11425611275856977,0.32832309771973817
2011-07-05 16:39:00,-0.740584977897865,0.13329675550844386,0.2934155522888818
2011-07-05 16:40:00,-0.7666356154746627,0.15174763241922798,0.26043509944883714
2011-07-05 16:41:00,-0.7878418301980389,0.1694888415086168,0.2296640537638436
2011-07-05 16:42:00,-0.8039395524202331,0.18640393978394887,0.20136657709261688
2011-07-05 16:43:00,-0.8147205557393659,0.20238076338381664,0.1757853107593364
2011-07-05 16:44:00,-0.8200367532220983,0.21731221677628193,0.15313825027414021
2011-07-05 16:45:00,-0.8198037393900622,0.23109703755517144,0.13361590152995184
2011-07-05 16:46:00,-0.8140035031374601,0.2436405450304777,0.1173787491881881
2011-07-05 16:47:00,-0.8026862476214665,0.25485538152598664,0.10455506131934925
2011-07-05 16:48:00,-0.7859712636951436,0.2646622551398177,0.09523904910934154
2011-07-05 16:49:00,-0.7640468139927231,0.27299069169960527,0.08948939639450004
2011-07-05 16:50:00,-0.7371689956911971,0.2797798017538712,0.08732817076395927
2011-07-05 16:51:00,-0.7056595616183247,0.2849790656843536,0.0887401257860595
2011-07-05 16:52:00,-0.6699026921025204,0.288549136411532,0.09367240238415246
2011-07-05 16:53:00,-0.6303407240887047,0.2904626547629958,0.10203463628637609
2011-07-05 16:54:00,-0.587468859871772,0.29070506752315645,0.11369947755735951
2011-07-05 16:55:00,-0.5418288955982191,0.28927543266708655,0.12850352723763445
2011-07-05 16:56:00,-0.4940020297100897,0.28618719047928565,0.1462486948337582
2011-07-05 16:57:00,-0.44460083398553635,0.28146887331852344,0.16670397860044825
2011-07-05 16:58:00,-0.39426049497117055,0.27516472083345284,0.1896076680293742
2011-07-05 16:59:00,-0.34362946157255914,0.26733516157875997,0.21466996451118764
2011-07-05 17:00:00,-0.29335966536349917,0.2580571163308507,0.24157601168716245
2011-07-05 17:01:00,-0.244096512751653,0.24742407296189342,0.2699893220318977
2011-07-05 17:02:00,-0.1964688785728589,0.23554587793565962,0.299555581976638
2011-07-05 17:03:00,-0.15107935145108572,0.22254818786100233,0.32990681506781694
2011-07-05 17:04:00,-0.10849498454663928,0.20857153086109007,0.3606658793411094
2011-07-05 17:05:00,-0.06923878811913797,0.1937699445828243,0.3914512678656891
2011-07-05 17:06:00,-0.033782165553105446,0.178309182246538,0.4218821690212217
2011-07-05 17:07:00,-0.0025384478829940473,0.16236450395101387,0.4515837272412465
2011-07-05 17:08:00,0.02414237065493192,0.14611809441762272,0.48019242763802394
2011-07-05 17:09:00,0.04597764665229314,0.1297561713698141,0.5073615098122387
2011-07-05 17:10:00,0.06275485082930948,0.11346587107553674,0.5327662985040811
2011-07-05 17:11:00,0.07433312069892162,0.09743201525623951,0.5561093253146338
2011-07-05 17:12:00,0.08064367048107142,0.08183387008367898,0.5771251113157706
2011-07-05 17:13:00,0.08168914050242397,0.06684200031971053,0.5955844867861192
2011-07-05 17:14:00,0.07754197244435461,0.05261530372286921,0.6112983388012406
2011-07-05 17:15:00,0.0683418954966425,0.03929829012585171,0.6241206955142997
2011-07-05 17:16:00,0.05429260495745001,0.027018652073329964,0.6339510746722457
2011-07-05 17:17:00,0.0356577100194678,0.01588516296048876,0.6407360418534137
2011-07-05 17:18:00,0.012756021393845952,0.005985935225180414,0.6444699404437293
2011-07-05 17:19:00,-0.014043757255629336,-0.002612927079324374,0.6451947704211582
2011-07-05 17:20:00,-0.04432887564781159,-0.009868245341752912,0.6429992071627336
2011-07-05 17:21:00,-0.07764886542653517,-0.01576022016633819,0.6380167655173664
2011-07-05 17:22:00,-0.11352229513316736,-0.02029239784118188,0.6304231287792958
2011-07-05 17:23:00,-0.15144389307668824,-0.02349113826295484,0.6204326770262665
2011-07-05 17:24:00,-0.19089197480002518,-0.025404587276698788,0.6082942645065932
2011-07-05 17:25:00,-0.23133610509940225,-0.026101170576778056,0.5942863114151044
2011-07-05 17:26:00,-0.27224491554708397,-0.025667640106894322,0.5787112916094398
2011-07-05 17:27:00,-0.3130939869984995,-0.02420671735752583,0.5618897146991951
2011-07-05 17:28:00,-0.35337369271195607,-0.021834391192736596,0.5441537185881004
2011-07-05 17:29:00,-0.3925968817862306,-0.018676940708697857,0.5258404069647146
2011-07-05 17:30:00,-0.4303062657424179,-0.014867765461279034,0.5072850846378247
2011-07-05 17:31:00,-0.46608135665850353,-0.010544114657655205,0.48881455906797566
2011-07-05 17:32:00,-0.499544799237478,-0.005843811293906001,0.4707406837719862
2011-07-05 17:33:00,-0.5303679464993104,-0.0009020650393038858,0.45335431413390087
2011-07-05 17:34:00,-0.5582755490820239,0.004151540552366083,0.4369198287614985
2011-07-05 17:35:00,-0.5830494561782508,0.009195812686452014,0.4216703442892951
2011-07-05 17:36:00,-0.604531256322362,0.014120404806242345,0.40780372322891995
2011-07-05 17:37:00,-0.622623815623394,0.018827914484993106,0.39547944580077504
2011-07-05 17:38:00,-0.637291698558375,0.023235587394117435,0.3848163889885472
2011-07-05 17:39:00,-0.6485604805001584,0.02727660212809143,0.3758915314174851
2011-07-05 17:40:00,-0.6565149785028087,0.030900919685819293,0.36873958444281507
2011-07-05 17:41:00,-0.6612964356048799,0.03407568757234511,0.3633535396190874
2011-07-05 17:42:00,-0.6630986978215163,0.03678519305302774,0.35968611671295386
2011-07-05 17:43:00,-0.6621634295647492,0.03903036570465512,0.3576520879465386
2011-07-05 17:44:00,-0.6587744264722373,0.040827837503538564,0.3571314401289914
2011-07-05 17:45:00,-0.6532511028237638,0.04220857864315052,0.3579733187397968
2011-07-05 17:46:00,-0.6459412506861772,0.04321613787597801,0.36000067978102934
2011-07-05 17:47:00,-0.6372131882040828,0.043904526820545124,0.36301555730041857
2011-07-05 17:48:00,-0.6274474349362559,0.044335798291020516,0.36680483661302454
2011-07-05 17:49:00,-0.6170280729617325,0.04457737937552428,0.3711464051337685
2011-07-05 17:50:00,-0.6063339736863529,0.04469923075484181,0.37581553443177257
2011-07-05 17:51:00,-0.5957300914343531,0.044770914437149735,0.3805913291419399
2011-07-05 17:52:00,-0.5855590437502641,0.04485866181258,0.3852630626330451
2011-07-05 17:53:00,-0.5761332094552056,0.04502254061436824,0.38963621014871685
2011-07-05 17:54:00,-0.5677275723162536,0.04531382029618526,0.39353799258364386
2011-07-05 17:55:00,-0.560573518272349,0.045772629129552246,0.39682225980442914
2011-07-05 17:56:00,-0.5548537616680927,0.04642598420315772,0.3993735680242748
2011-07-05 17:57:00,-0.5506985376361356,0.04728626014305251,0.4011103358310401
2011-07-05 17:58:00,-0.5481831580638508,0.04835014597722816,0.4019869945694545
2011-07-05 17:59:00,-0.5473269888770522,0.049598123130367315,0.4019950797917695
2011-07-05 18:00:00,-0.5480938668372943,0.05099448115667349,0.4011632413334066
2011-07-05 18:01:00,-0.5503939347091616,0.05248787130785856,0.3995561803224569
2011-07-05 18:02:00,-0.5540868345430596,0.054012381342932014,0.3972725521785584
2011-07-05 18:03:00,-0.5589861599325932,0.05548909824900811,0.3944419054682447
2011-07-05 18:04:00,-0.5648650295102322,0.05682810887490991,0.39122075733569195
2011-07-05 18:05:00,-0.5714626064349476,0.057930872164227744,0.3877879365405746
2011-07-05 18:06:00,-0.5784913551455606,0.0586928819044412,0.38433935267078073
2011-07-05 18:07:00,-0.5856448028754404,0.059006528134704694,0.38108237037393544
2011-07-05 18:08:00,-0.5926055649127395,0.05876406098936197,0.37822997581342144
2011-07-05 18:09:00,-0.5990534001119713,0.05786056310230248,0.37599491797451856
2011-07-05 18:10:00,-0.6046730818176903,0.05619684370912285,0.3745839935268324
2011-07-05 18:11:00,-0.6091618928089354,0.05368217672854974,0.3741926257370448
2011-07-05 18:12:00,-0.6122365772722925,0.05023681483302833,0.37499986865235607
2011-07-05 18:13:00,-0.6136396070029194,0.045794221107090576,0.3771639485155432
2011-07-05 18:14:00,-0.6131446429596377,0.04030296898109488,0.3808184352305152
2011-07-05 18:15:00,-0.6105610970436713,0.03372826982310411,0.38606911759167295
2011-07-05 18:16:00,-0.6057377225514273,0.02605309640834074,0.39299163689509736
2011-07-05 18:17:00,-0.5985651851800795,0.01727887989918258,0.40162991454560754
2011-07-05 18:18:00,-0.5889775898088412,0.007425767973421748,0.4119953904770099
2011-07-05 18:19:00,-0.5769529616889542,-0.0034675578700369344,0.4240670705982532
2011-07-05 18:20:00,-0.5625127043625003,-0.015344497196014134,0.4377923628494682
2011-07-05 18:21:00,-0.5457200808151722,-0.028131558365197856,0.4530886625025179
2011-07-05 18:22:00,-0.5266777892422095,-0.041739768990579795,0.46984562783334854
2011-07-05 18:23:00,-0.5055247304835868,-0.0560664280985485,0.4879280671058562
2011-07-05 18:24:00,-0.482432090281174,-0.07099714788856137,0.5071793372430864
2011-07-05 18:25:00,-0.45759888378041047,-0.0864081221111599,0.5274251353660437
2011-07-05 18:26:00,-0.43124712674819377,-0.10216854902640876,0.5484775506042588
2011-07-05 18:27:00,-0.4036168013540433,-0.11814313202535641,0.5701392399580001
2011-07-05 18:28:00,-0.3749607721125001,-0.13419458151889213,0.5922075999866239
2011-07-05 18:29:00,-0.34553978483640435,-0.15018604677520753,0.6144788222686097
2011-07-05 18:30:00,-0.3156176560955863,-0.1659834143790086,0.6367517396295995
2011-07-05 18:31:00,-0.2854567377655086,-0.18145741976100865,0.6588313886003753
2011-07-05 18:32:00,-0.2553137220295162,-0.19648552910101216,0.680532230327196
2011-07-05 18:33:00,-0.22543583622385288,-0.21095356026413917,0.7016809870846679
2011-07-05 18:34:00,-0.1960574635615293,-0.2247570229201065,0.7221190646625292
2011-07-05 18:35:00,-0.1673972144917019,-0.2378021693517033,0.7417045423127901
2011-07-05 18:36:00,-0.1396554636650938,-0.25000675818400736,0.760313721907284
2011-07-05 18:37:00,-0.11301235856169461,-0.2613005425951612,0.7778422368408969
2011-07-05 18:38:00,-0.08762629732452383,-0.2716255018905569,0.7942057293315536
2011-07-05 18:39:00,-0.06363286517629362,-0.28093584067609273,0.8093401121681315
2011-07-05 18:40:00,-0.041144211347539685,-0.28919778393646645,0.823201437453064
2011-07-05 18:41:00,-0.020248842188824917,-0.29638919985672146,0.8357654002745104
2011-07-05 18:42:00,-0.001011801295476489,-0.30249908533081177,0.8470265095493237
2011-07-05 18:43:00,0.016524796079062633,-0.3075269509232967,0.8569969618385548
2011-07-05 18:44:00,0.0323409096017626,-0.3114821412334234,0.8657052572293187
2011-07-05 18:45:00,0.04643743850308089,-0.31438312236018656,0.8731945996964074
2011-07-05 18:46:00,0.05883484247194068,-0.3162567607466296,0.8795211276643098
2011-07-05 18:47:00,0.06957155752894818,-0.3171376079959321,0.8847520235133944
2011-07-05 18:48:00,0.07870224575463594,-0.31706719568984576,0.8889635530556097
2011-07-05 18:49:00,0.0862959175324932,-0.3160933350654976,0.8922390867776239
2011-07-05 18:50:00,0.09243396411330004,-0.31426941134364367,0.8946671527323292
2011-07-05 18:51:00,0.09720813666129947,-0.3116536632265171,0.8963395650315391
2011-07-05 18:52:00,0.10071850577328331,-0.3083084437919401,0.897349661805336
2011-07-05 18:53:00,0.10307143311080293,-0.30429946618838977,0.897790674759606
2011-07-05 18:54:00,0.1043775842884733,-0.29969504199712027,0.8977542430262896
2011-07-05 18:55:00,0.10475000940352361,-0.29456532024838794,0.8973290787643775
2011-07-05 18:56:00,0.10430231454303246,-0.28898153252197845,0.8965997897335389
2011-07-05 18:57:00,0.10314694433571689,-0.283015246818902,0.8956458627965874
2011-07-05 18:58:00,0.10139359232232827,-0.2767376312140193,0.8945408109876294
2011-07-05 18:59:00,0.09914775292616837,-0.27021872788749984,0.8933514852002967
2011-07-05 19:00:00,0.096509426390306,-0.2635267390580966,0.8921375496285145
2011-07-05 19:01:00,0.09357198624353621,-0.25672732868733866,0.8909511177405947
2011-07-05 19:02:00,0.09042121739034516,-0.2498829472037287,0.8898365428448338
2011-07-05 19:03:00,0.08713453133377673,-0.2430521899339571,0.8888303544646714
2011-07-05 19:04:00,0.08378036298070957,-0.23628920236049528,0.8879613291306978
2011-07-05 19:05:00,0.08041775093740196,-0.2296431460789182,0.8872506821880357
2011-07-05 19:06:00,0.0770961004095786,-0.22315773827589724,0.8867123660940189
2011-07-05 19:07:00,0.07385512494693053,-0.21687087511951775,0.8863534604387477
2011-07-05 19:08:00,0.07072496039425642,-0.21081434642891572,0.8861746392799675
2011-07-05 19:09:00,0.06772644169150507,-0.20501364603218486,0.8861707020434771
2011-07-05 19:10:00,0.06487153079195243,-0.19948787958487665,0.8863311550429236
2011-07-05 19:11:00,0.06216388194678205,-0.19424976934387223,0.8866408315518837
2011-07-05 19:12:00,0.05959952881693048,-0.18930575354868584,0.8870805392611262
2011-07-05 19:13:00,0.05716767634618801,-0.18465617670542303,0.8876277248308466
2011-07-05 19:14:00,0.0548515792942681,-0.1802955661308886,0.8882571460827117
2011-07-05 19:15:00,0.0526294889954333,-0.17621298952815695,0.8889415431574675
2011-07-05 19:16:00,0.05047565026060467,-0.1723924880921073,0.8896523006874515
2011-07-05 19:17:00,0.04836133117567591,-0.168813579533728,0.8903600937312185
2011-07-05 19:18:00,0.046255869667262264,-0.1654518252301964,0.8910355109372783
2011-07-05 19:19:00,0.044127721979095653,-0.16227945532941276,0.891649649162392
2011-07-05 19:20:00,0.04194549947651309,-0.15926604509809048,0.8921746745322443
2011-07-05 19:21:00,0.039678981277330244,-0.15637923515407026,0.8925843456034901
2011-07-05 19:22:00,0.03730009090665481,-0.15358548736471062,0.8928544947451298
2011-07-05 19:23:00,0.034783825351277234,-0.15085086697064973,0.8929634640734052
2011-07-05 19:24:00,0.03210912458087092,-0.14814184014719564,0.892892492365705
2011-07-05 19:25:00,0.029259669119719056,-0.14542607537658742,0.8926260495055951
2011-07-05 19:26:00,0.026224593004713526,-0.14267323690379238,0.8921521152662468
2011-07-05 19:27:00,0.022999099666114055,-0.1398557585576639,0.8914623996647175
2011-07-05 19:28:00,0.019584968850096914,-0.13694958542604252,0.8905525027477438
2011-07-05 19:29:00,0.015990943468263703,-0.13393486893917378,0.889422012504026
2011-07-05 19:30:00,0.012232986065888787,-0.13079659837276894,0.8880745405668189
2011-07-05 19:31:00,0.00833439542782535,-0.12752514960933545,0.8865176963213461
2011-07-05 19:32:00,0.00432577476872149,-0.12411673103221461,0.884763000770458
2011-07-05 19:33:00,0.00024484412864027793,-0.12057370713695745,0.8828257418930303
2011-07-05 19:34:00,-0.003863908860585446,-0.116904782797833,0.8807247732730594
2011-07-05 19:35:00,-0.007949743722478652,-0.11312503456340461,0.8784822577008667
2011-07-05 19:36:00,-0.011956348838271725,-0.10925577926828912,0.8761233575148057
2011-07-05 19:37:00,-0.01582268835536814,-0.10532427456148577,0.8736758737681206
2011-07-05 19:38:00,-0.019484008418978696,-0.10136325098908114,0.8711698368093661
2011-07-05 19:39:00,-0.022872991951336585,-0.09741028108273694,0.8686370515163718
2011-07-05 19:40:00,-0.025921045990245938,-0.09350699693743278,0.8661106013128405
2011-07-05 19:41:00,-0.02855970039030157,-0.0896981732693122,0.863624316336131
2011-07-05 19:42:00,-0.030722091620508606,-0.0860306975980677,0.8612122127361457
2011-07-05 19:43:00,-0.03234450049200721,-0.08255245319494708,0.858907912010064
2011-07-05 19:44:00,-0.03336790779362044,-0.07931114435480004,0.8567440514019432
2011-07-05 19:45:00,-0.033739526835886026,-0.07635309805504716,0.854751698521324
2011-07-05 19:46:00,-0.03341426723948057,-0.07372208072095289,0.8529597850746057
2011-07-05 19:47:00,-0.032356081698824715,-0.0714581707891673,0.8513945752335602
2011-07-05 19:48:00,-0.03053914923296983,-0.069596723590666,0.8500791829560473
2011-07-05 19:49:00,-0.027948854795642637,-0.06816745531543765,0.8490331498428905
2011-07-05 19:50:00,-0.02458253270381809,-0.06719366319871578,0.8482720925923403
2011-07-05 19:51:00,-0.020449946261726772,-0.06669159519298908,0.8478074284288
2011-07-05 19:52:00,-0.015573478076450712,-0.06666998426267669,0.8476461877749352
2011-07-05 19:53:00,-0.009988009145284697,-0.06712976450255656,0.8477909237665053
2011-07-05 19:54:00,-0.00374047497508084,-0.06806398199681386,0.8482397256045843
2011-07-05 19:55:00,0.0031108950888907496,-0.06945790089842223,0.8489863365918918
2011-07-05 19:56:00,0.010497628437417738,-0.0712892900381259,0.8500203699951151
2011-07-05 19:57:00,0.018342306674376155,-0.07352886575601966,0.8513276097310878
2011-07-05 19:58:00,0.026560059200120383,-0.07614086633782088,0.8528903800647344
2011-07-05 19:59:00,0.03506020083315217,-0.07908373927392365,0.8546879685982322
2011-07-05 20:00:00,0.043747962685308464,-0.0823109283004904,0.8566970882728
2011-07-05 20:01:00,0.05252626683215286,-0.08577174823331733,0.8588923655182307
2011-07-05 20:02:00,0.0612974965477326,-0.08941233157782551,0.8612468424708223
2011-07-05 20:03:00,0.06996521630121853,-0.09317662534680474,0.8637324815818671
2011-07-05 20:04:00,0.0784358005903583,-0.09700741344301644,0.8663206615649389
2011-07-05 20:05:00,0.08661993800014424,-0.1008473402371078,0.8689826547835094
2011-07-05 20:06:00,0.09443398535532394,-0.10463991276621565,0.8716900777308002
2011-07-05 20:07:00,0.10180115496369281,-0.10833046062839395,0.8744153079824377
2011-07-05 20:08:00,0.10865252477362272,-0.11186703394044649,0.8771318627811121
2011-07-05 20:09:00,0.11492786659900396,-0.11520122119452604,0.8798147361341343
2011-07-05 20:10:00,0.12057629175474613,-0.11828887081905812,0.8824406928514779
2011-07-05 20:11:00,0.12555671690561088,-0.12109070278627586,0.884988519215997
2011-07-05 20:12:00,0.12983815565541063,-0.123572800037402,0.8874392308542245
2011-07-05 20:13:00,0.13339984314466366,-0.12570697430002262,0.8897762387998389
2011-07-05 20:14:00,0.13623120181502144,-0.12747100689093754,0.8919854747750001
2011-07-05 20:15:00,0.13833165714588344,-0.12884877126529362,0.8940554765550525
2011-07-05 20:16:00,0.1397103130312874,-0.1298302489952803,0.8959774341687893
2011-07-05 20:17:00,0.14038549746474907,-0.13041145350453984,0.8977451977995327
2011-07-05 20:18:00,0.14038419006170128,-0.1305942760439473,0.8993552486329686
2011-07-05 20:19:00,0.13974134365552687,-0.1303862668170482,0.9008066344238773
2011-07-05 20:20:00,0.1384991129635169,-0.12980036198667377,0.9021008720404269
2011-07-05 20:21:00,0.1367060042336415,-0.12885456522513525,0.9032418195927898
2011-07-05 20:22:00,0.13441596069358264,-0.12757159068080176,0.9042355209717556
2011-07-05 20:23:00,0.13168739931000498,-0.1259784729052214,0.9050900257267119
2011-07-05 20:24:00,0.12858221476641626,-0.12410614873608668,0.9058151871759681
2011-07-05 20:25:00,0.12516476670348284,-0.12198901628633309,0.9064224414808657
2011-07-05 20:26:00,0.1215008660319103,-0.11966447632824485,0.9069245702370967
2011-07-05 20:27:00,0.11765677532239847,-0.1171724607192453,0.9073354490692949
2011-07-05 20:28:00,0.11369823684422165,-0.11455495106350423,0.9076697847933312
2011-07-05 20:29:00,0.10968953995309651,-0.11185548925563994,0.9079428438620132
2011-07-05 20:30:00,0.10569263750741117,-0.10911868068249764,0.9081701749264274
2011-07-05 20:31:00,0.10176631907799231,-0.1063896909498913,0.9083673283561433
2011-07-05 20:32:00,0.09796544711991431,-0.10371373777692841,0.9085495754659063
2011-07-05 20:33:00,0.09434026109376475,-0.10113558050420267,0.9087316300662255
2011-07-05 20:34:00,0.09093575367689738,-0.0986990098646694,0.9089273748896618
2011-07-05 20:35:00,0.08779112249968914,-0.09644634018467231,0.9091495954870461
2011-07-05 20:36:00,0.08493930014733306,-0.09441790550537021,0.9094097242952984
2011-07-05 20:37:00,0.08240656454333242,-0.09265156071237036,0.9097175976786209
2011-07-05 20:38:00,0.08021223142868761,-0.09118218871299597,0.9100812287956067
2011-07-05 20:39:00,0.07836843042681775,-0.09004121499198096,0.9105065991350296
2011-07-05 20:40:00,0.07687996582293184,-0.08925613168194038,0.9109974714933565
2011-07-05 20:41:00,0.075744262439687,-0.08885003465565466,0.9115552270516949
2011-07-05 20:42:00,0.07495139596825935,-0.08884117871091217,0.9121787290731258
2011-07-05 20:43:00,0.07448420612002778,-0.0892425572052578,0.9128642155987301
2011-07-05 20:44:00,0.07431849017128546,-0.0900615133280148,0.913605223384394
2011-07-05 20:45:00,0.07442327384964882,-0.09129939062708863,0.9143925452068222
2011-07-05 20:46:00,0.0747611559776937,-0.09295123060161736,0.9152142225652281
2011-07-05 20:47:00,0.07528872286563339,-0.09500552526756849,0.9160555756742201
2011-07-05 20:48:00,0.07595702821679634,-0.09744403244127911,0.9168992724721486
2011-07-05 20:49:00,0.07671213426523553,-0.10024166070874081,0.9177254381875376
2011-07-05 20:50:00,0.07749570982737813,-0.10336642966675816,0.9185118068137443
2011-07-05 20:51:00,0.07824568074506821,-0.10677950960805502,0.9192339155709857
2011-07-05 20:52:00,0.07889692785961783,-0.11043534412596184,0.9198653429964361
2011-07-05 20:53:00,0.07938202742067156,-0.11428185960086025,0.9203779906457491
2011-07-05 20:54:00,0.07963202893702286,-0.11826076707031116,0.9207424075305807
2011-07-05 20:55:00,0.07957726596574052,-0.1223079638562161,0.9209281554449821
2011-07-05 20:56:00,0.07914819603936234,-0.12635404361352975,0.9209042123674231
2011-07-05 20:57:00,0.07827626662795695,-0.13032492353836195,0.9206394102473018
2011-07-05 20:58:00,0.07689480461004929,-0.13414259614371662,0.9201029027084311
2011-07-05 20:59:00,0.07493992705782372,-0.1377260103345243,0.9192646575095264
2011-07-05 21:00:00,0.07235147090771141,-0.1409920824529796,0.9180959680109239
2011-07-05 21:01:00,0.06907393793423952,-0.14385683254424034,0.916569977455412
2011-07-05 21:02:00,0.06505744931953843,-0.14623663488752098,0.914662209583075
2011-07-05 21:03:00,0.0602587013576009,-0.14804956580509127,0.9123510989091476
2011-07-05 21:04:00,0.054641911057274145,-0.149216826485662,0.9096185138444594
2011-07-05 21:05:00,0.0481797381797324,-0.1496642140878075,0.9064502657077628
2011-07-05 21:06:00,0.04085416867861892,-0.14932361066767688,0.9028365965752441
2011-07-05 21:07:00,0.032657343215398336,-0.14813445648490758,0.898772638855683
2011-07-05 21:08:00,0.023592313101626593,-0.14604517205774567,0.8942588393807871
2011-07-05 21:09:00,0.013673704876607832,-0.14301449243954525,0.8893013403358055
2011-07-05 21:10:00,0.002928274049858762,-0.13901267818975813,0.8839123082243197
2011-07-05 21:11:00,-0.008604671699448578,-0.13402257039227095,0.8781102004439407
2011-07-05 21:12:00,-0.020872999411626465,-0.12804046117738258,0.8719199575472405
2011-07-05 21:13:00,-0.03381164668674617,-0.12107675583404758,0.8653731083772424
2011-07-05 21:14:00,-0.047342704148947035,-0.1131564071670727,0.8585077751836033
2011-07-05 21:15:00,-0.06137570069904016,-0.10431910686805544,0.8513685665419544
2011-07-05 21:16:00,-0.07580810592513466,-0.09461922246618867,0.844006347312996
2011-07-05 21:17:00,-0.09052606175739598,-0.08412547239706132,0.8364778768476613
2011-07-05 21:18:00,-0.10540535246314862,-0.07292033602898608,0.8288453090997286
2011-07-05 21:19:00,-0.12031261833185783,-0.06109919964983634,0.8211755512867809
2011-07-05 21:20:00,-0.13510681394797808,-0.0487692429533347,0.813539481311797
2011-07-05 21:21:00,-0.14964090666792454,-0.03604807379341511,0.8060110283196107
2011-07-05 21:22:00,-0.16376380438210994,-0.023062122958768846,0.7986661254294751
2011-07-05 21:23:00,-0.17732249340008174,-0.00994481636719463,0.7915815487334102
2011-07-05 21:24:00,-0.19016435717657046,0.0031654503143681476,0.7848336619312315
2011-07-05 21:25:00,-0.20213963480546218,0.016127500108946997,0.7784970913187207
2011-07-05 21:26:00,-0.21310396535503237,0.02879968054653218,0.7726433611374265
2011-07-05 21:27:00,-0.22292095146262333,0.04104222930905393,0.7673395243766633
2011-07-05 21:28:00,-0.23146466563103055,0.05271963205017073,0.7626468283110265
2011-07-05 21:29:00,-0.2386220187934643,0.06370289989727995,0.7586194559792285
2011-07-05 21:30:00,-0.24429491478268134,0.07387169657546915,0.7553033835142287
2011-07-05 21:31:00,-0.24840212402133477,0.08311625347475861,0.7527353896771227
2011-07-05 21:32:00,-0.2508808199894885,0.09133902209455914,0.7509422504446149
2011-07-05 21:33:00,-0.25168772986060345,0.0984560247540929,0.7499401492110437
2011-07-05 21:34:00,-0.25079985815055705,0.10439787591307695,0.7497343305347137
2011-07-05 21:35:00,-0.24821475419073252,0.10911045917257861,0.7503190194153793
2011-07-05 21:36:00,-0.2439503138101455,0.1125552603621026,0.7516776170950911
2011-07-05 21:37:00,-0.2380441316679802,0.1147093749473767,0.7537831690290673
2011-07-05 21:38:00,-0.23055244890995275,0.11556522642102174,0.7565990834860669
2011-07-05 21:39:00,-0.22154876533581136,0.11513004792244944,0.7600800636812114
2011-07-05 21:40:00,-0.21112220013100755,0.11342518772472394,0.7641732059784956
2011-07-05 21:41:00,-0.19937568748916637,0.11048529749015346,0.7688192134427847
2011-07-05 21:42:00,-0.18642408518271036,0.10635745119579601,0.7739536769396526
2011-07-05 21:43:00,-0.17239226022360496,0.10110022617414785,0.7795083823939272
2011-07-05 21:44:00,-0.1574132002529714,0.09478275939144645,0.7854126103844931
2011-07-05 21:45:00,-0.14162618423792211,0.0874837739444223,0.7915944017655947
2011-07-05 21:46:00,-0.12517503254192044,0.07929055507608104,0.7979817698710239
2011-07-05 21:47:00,-0.10820644571072993,0.07029784582571615,0.8045038455415714
2011-07-05 21:48:00,-0.09086843456339183,0.060606633651642317,0.8110919452280987
2011-07-05 21:49:00,-0.0733088416222279,0.050322811457618494,0.817680554631573
2011-07-05 21:50:00,-0.05567395456573945,0.03955571589091998,0.8242082211063869
2011-07-05 21:51:00,-0.03810721462344154,0.028416567085365368,0.830618348038209
2011-07-05 21:52:00,-0.020748024876308533,0.017016851173258327,0.8368598843796186
2011-07-05 21:53:00,-0.0037306636777243497,0.005466694619961168,0.8428879031645454
2011-07-05 21:54:00,0.012816693731758956,-0.006126723729705709,0.8486640643665847
2011-07-05 21:55:00,0.028772845761360754,-0.01766068670348941,0.8541569594805187
2011-07-05 21:56:00,0.04402433001185691,-0.029038351415738475,0.8593423368621854
2011-07-05 21:57:00,0.05846608690326228,-0.04017003563118833,0.8642032076748897
2011-07-05 21:58:00,0.07200202324479811,-0.05097435137121094,0.8687298326357271
2011-07-05 21:59:00,0.08454547705131972,-0.061379158400074754,0.8729195904505095
2011-07-05 22:00:00,0.09601958617554401,-0.0713223134737548,0.8767767302085739
2011-07-05 22:01:00,0.10635756577808844,-0.08075219797984555,0.8803120117161055
2011-07-05 22:02:00,0.11550290214352187,-0.08962801481419409,0.883542239309785
2011-07-05 22:03:00,0.12340947232234659,-0.09791985346730697,0.8864896959772589
2011-07-05 22:04:00,0.1300416005264007,-0.10560852938125628,0.8891814857178882
2011-07-05 22:05:00,0.13537406324175935,-0.11268520941649574,0.8916487930750336
2011-07-05 22:06:00,0.13939205572774446,-0.11915084016081155,0.8939260696072459
2011-07-05 22:07:00,0.14209113290574119,-0.12501540027174624,0.8960501576888215
2011-07-05 22:08:00,0.14347713736949058,-0.13029700191384763,0.8980593625154023
2011-07-05 22:09:00,0.1435661260107044,-0.1350208690679655,0.8999924836920311
2011-07-05 22:10:00,0.14238430432676363,-0.1392182217457596,0.9018878183900723
2011-07-05 22:11:00,0.13996797401481942,-0.1429250951974531,0.9037821487389683
2011-07-05 22:12:00,0.13636349549353288,-0.14618112259413718,0.9057097267610705
2011-07-05 22:13:00,0.1316272631522873,-0.14902830876356968,0.9077012706741137
2011-07-05 22:14:00,0.12582568776730862,-0.15150982139062186,0.9097829867451597
2011-07-05 22:15:00,0.11903517767599553,-0.1536688245715672,0.9119756310773623
2011-07-05 22:16:00,0.11134210790741358,-0.15554737783107322,0.9142936257211068
2011-07-05 22:17:00,0.10284276455679955,-0.15718542200662228,0.9167442432757285
2011-07-05 22:18:00,0.09364325027843269,-0.15861987207637357,0.9193268736637328
2011-07-05 22:19:00,0.08385933573007705,-0.15988383586330346,0.9220323860760326
2011-07-05 22:20:00,0.0736162409749348,-0.16100597578906936,0.9248425983507736
2011-07-05 22:21:00,0.06304833025909488,-0.1620100277448555,0.927729865382656
2011-07-05 22:22:00,0.05229870350659904,-0.16291448674962672,0.9306567975449336
2011-07-05 22:23:00,0.041518668582193274,-0.16373246385949636,0.9335761194318842
2011-07-05 22:24:00,0.030867079809213414,-0.1644717129651043,0.9364306784302944
2011-07-05 22:25:00,0.02050953009338218,-0.16513481975575534,0.9391536116961274
2011-07-05 22:26:00,0.010617386123620214,-0.16571953873771555,0.9416686790204509
2011-07-05 22:27:00,0.0013666585529560028,-0.16621925845704394,0.9438907677655654
2011-07-05 22:28:00,-0.007063298138765607,-0.16662357034859898,0.9457265745057507
2011-07-05 22:29:00,-0.01449125826816866,-0.1669189128740765,0.9470754662077898
2011-07-05 22:30:00,-0.020735768848260335,-0.16708925972779323,0.9478305216974846
2011-07-05 22:31:00,-0.02561696005821088,-0.1671168191688378,0.9478797516242761
2011-07-05 22:32:00,-0.028958514037803595,-0.16698271180686272,0.947107491864445
2011-07-05 22:33:00,-0.03058978010852637,-0.1666675971277096,0.9453959610965262
2011-07-05 22:34:00,-0.03034802061365156,-0.16615222433193252,0.942626968335933
2011-07-05 22:35:00,-0.02808076736126191,-0.16541788932426477,0.9386837510154361
2011-07-05 22:36:00,-0.023648264216106475,-0.164446785662435,0.9334529191061169
2011-07-05 22:37:00,-0.016925966770680832,-0.1632222424662181,0.9268264759097771
2011-07-05 22:38:00,-0.007807065256585095,-0.16172884676170532,0.9187038816555312
2011-07-05 22:39:00,0.003795007908081843,-0.15995245149610596,0.9089941221878628
2011-07-05 22:40:00,0.017944128958221235,-0.15788007329918935,0.8976177420997434
2011-07-05 22:41:00,0.03467913876087226,-0.15549968598394845,0.884508799677592
2011-07-05 22:42:00,0.05401165355552964,-0.1527999172452728,0.8696166998376905
2011-07-05 22:43:00,0.07592408210631928,-0.14976965757743846,0.8529078607251894
2011-07-05 22:44:00,0.10036790227396195,-0.14639759213570414,0.834367169861079
2011-07-05 22:45:00,0.12726225085442283,-0.1426716677707347,0.8139991868160628
2011-07-05 22:46:00,0.1564928807350245,-0.1385785086704859,0.7918290514924731
2011-07-05 22:47:00,0.1879115385344173,-0.13410279530548228,0.767903060266661
2011-07-05 22:48:00,0.2213358133995467,-0.12922662298164495,0.7422888765602673
2011-07-05 22:49:00,0.25654950327333864,-0.12392885808734024,0.7150753480191989
2011-07-05 22:50:00,0.29330353877293547,-0.11818451171454263,0.6863719095546459
2011-07-05 22:51:00,0.33131749693894635,-0.11196415167741182,0.6563075601532654
2011-07-05 22:52:00,0.37028172747655225,-0.10523337537770372,0.6250294116395607
2011-07-05 22:53:00,0.4098601025511258,-0.09795236787262909,0.5927008195054737
2011-07-05 22:54:00,0.4496933876465823,-0.09007557200272634,0.559499119581878
2011-07-05 22:55:00,0.48940321544388715,-0.08155150038096469,0.5256130098090889
2011-07-05 22:56:00,0.5285966269980178,-0.07232272244549062,0.4912396336642292
2011-07-05 22:57:00,0.5668711242837996,-0.062326063883814904,0.45658144047026195
2011-07-05 22:58:00,0.6038201550407777,-0.0514930592505792,0.4218429159793594
2011-07-05 22:59:00,0.6390389255223234,-0.03975069662709316,0.3872272899202978
2011-07-05 23:00:00,0.6721304129897707,-0.027022480256578493,0.3529333301672829
2011-07-05 23:01:00,0.702711434119938,-0.013229814379231807,0.31915232384087405
2011-07-05 23:02:00,0.7304186228113432,0.001706312659246611,0.2860653278146129
2011-07-05 23:03:00,0.7549141801004948,0.01786338329134575,0.2538407508351406
2011-07-05 23:04:00,0.7758912744498585,0.035315195685642196,0.22263231047877644
2011-07-05 23:05:00,0.7930789874408446,0.05412955787920672,0.1925773913249371
2011-07-05 23:06:00,0.8062467156499789,0.07436589619742545,0.16379581586395536
2011-07-05 23:07:00,0.8152079538366673,0.09607284739576347,0.13638902661288774
2011-07-05 23:08:00,0.8198233976876411,0.11928590652825397,0.11043966663682732
2011-07-05 23:09:00,0.8200033164626889,0.14402520339315156,0.08601153616234675
2011-07-05 23:10:00,0.8157091571986427,0.17029347958494667,0.06314989520909965
2011-07-05 23:11:00,0.806954352903955,0.19807433572092903,0.041882076096812965
2011-07-05 23:12:00,0.7938043176794461,0.2273308143078341,0.022218365221563605
2011-07-05 23:13:00,0.7763756222042872,0.2580043779381526,0.004153110545766078
2011-07-05 23:14:00,0.754834353805645,0.2900143349933169,-0.012333990282080329
2011-07-05 23:15:00,0.7293936766613293,0.3232577556998979,-0.027276466465873405
2011-07-05 23:16:00,0.7003106198396253,0.35760991014738674,-0.04071955952574556
2011-07-05 23:17:00,0.6678821341250571,0.3929252466430915,-0.052718659807956994
2011-07-05 23:18:00,0.632440473169231,0.429038913460082,-0.06333773298752521
2011-07-05 23:19:00,0.5943479706850359,0.4657688095412296,-0.072647771404738
2011-07-05 23:20:00,0.5539913033962917,0.5029181299885711,-0.08072530013291136
2011-07-05 23:21:00,0.5117753494247865,0.5402783501951497,-0.08765096198389491
2011-07-05 23:22:00,0.46811677339170177,0.5776325687460958,-0.09350819934723228
2011-07-05 23:23:00,0.42343749044257106,0.6147591059546739,-0.09838204415696869
2011-07-05 23:24:00,0.3781581761119026,0.6514352372169485,-0.10235802113270537
2011-07-05 23:25:00,0.33269199066119015,0.6874409343097931,-0.10552116474350837
2011-07-05 23:26:00,0.2874386727598789,0.722562495407417,-0.10795514763221047
2011-07-05 23:27:00,0.2427791324008606,0.7565959619896008,-0.10974151713033475
2011-07-05 23:28:00,0.19907064380916104,0.7893502416607157,-0.11095903612838405
2011-07-05 23:29:00,0.15664271069723698,0.820649876060131,-0.1116831243375541
2011-07-05 23:30:00,0.11579365038420511,0.8503374112055572,-0.11198539571369191
2011-07-05 23:31:00,0.07678792037810009,0.8782753436631755,-0.11193328751592177
2011-07-05 23:32:00,0.03985419094672341,0.904347629958413,-0.11158977614848616
2011-07-05 23:33:00,0.005184149818059579,0.9284607587092489,-0.11101317459005525
2011-07-05 23:34:00,-0.027067989682482013,0.9505443951745758,-0.11025700586650747
2011-07-05 23:35:00,-0.05678531815352685,0.9705516163705337,-0.10936994669093063
2011-07-05 23:36:00,-0.0838874484860265,0.9884587617337183,-0.10839583509581781
2011-07-05 23:37:00,-0.10832918217313774,1.0042649296242183,-0.10737373563406515
2011-07-05 23:38:00,-0.13009868851042972,1.0179911538904982,-0.106338055544539
2011-07-05 23:39:00,-0.1492152655901228,1.0296792973913,-0.10531870517737599
2011-07-05 23:40:00,-0.1657267542232614,1.0393907009169436,-0.10434129595802215
2011-07-05 23:41:00,-0.1797066766103617,1.0472046265038557,-0.1034273692352911
2011-07-05 23:42:00,-0.19125117089968494,1.0532165338212758,-0.10259464950396803
2011-07-05 23:43:00,-0.2004757908900532,1.0575362272551954,-0.1018573157131018
2011-07-05 23:44:00,-0.20751223721268558,1.0602859096455493,-0.10122628466225023
2011-07-05 23:45:00,-0.21250508251919623,1.0615981764671032,-0.1007095008433498
2011-07-05 23:46:00,-0.21560854866132387,1.0616139816941474,-0.10031222749870548
2011-07-05 23:47:00,-0.21698338871764414,1.0604806037590124,-0.1000373341284018
2011-07-05 23:48:00,-0.2167939211413879,1.0583496370031547,-0.0998855761850108
2011-07-05 23:49:00,-0.2152052573998449,1.0553750309180174,-0.09985586323147799
2011-07-05 23:50:00,-0.21238075836802142,1.051711196361962,-0.09994551240211715
2011-07-05 23:51:00,-0.20847974853594914,1.0475111948897011,-0.100150484590436
2011-07-05 23:52:00,-0.2036555108891952,1.0429250244030888,-0.10046560138492662
2011-07-05 23:53:00,-0.1980535792142086,1.0380980115799459,-0.10088474137807271
2011-07-05 23:54:00,-0.19181033864192482,1.0331693190054474,-0.10140101507654854
2011-07-05 23:55:00,-0.18505193954208837,1.0282705726536157,-0.10200691823340428
2011-07-05 23:56:00,-0.17789352447553047,1.0235246133696787,-0.10269446399880089
2011-07-05 23:57:00,-0.17043876285083998,1.0190443743029574,-0.10345529483757537
2011-07-05 23:58:00,-0.16277968325015382,1.0149318848415154,-0.10428077566933046
2011-07-05 23:59:00,-0.15499678910922732,1.0112774005026508,-0.10516207009272804
2011-07-06 00:00:00,-0.14715943958403138,1.008158657427426,-0.1060902017714233
2011-07-06 00:01:00,-0.13932647402516718,1.005640249597235,-0.10705610302588513
2011-07-06 00:02:00,-0.131547055482594,1.0037731266192051,-0.10805065242590803
2011-07-06 00:03:00,-0.1238617060277428,1.002594209894024,-0.10906470283523242
2011-07-06 00:04:00,-0.11630350442747904,1.0021261251501075,-0.11008910108484322
2011-07-06 00:05:00,-0.10889941492124869,1.0023770496550797,-0.11111470036945953
2011-07-06 00:06:00,-0.1016717145907105,1.003340672852328,-0.11213236658220321
2011-07-06 00:07:00,-0.09463948604642565,1.0049962696760417,-0.11313298003086422
2011-07-06 00:08:00,-0.08782014184566862,1.007308886333741,-0.11410743420824297
2011-07-06 00:09:00,-0.08123094717971373,1.0102296388695884,-0.11504663346083159
2011-07-06 00:10:00,-0.07489050792512508,1.0136961252908698,-0.11594149149993753
2011-07-06 00:11:00,-0.06882019213935828,1.0176329524095697,-0.11678293272938162
2011-07-06 00:12:00,-0.06304545448856327,1.021952378778751,-0.11756189832741014
2011-07-06 00:13:00,-0.057597034905717145,1.0265550751523078,-0.11826935891531232
2011-07-06 00:14:00,-0.052512004953628635,1.0313310037362162,-0.11889633546218063
2011-07-06 00:15:00,-0.04783463786610597,1.0361604171048246,-0.11943392980546469
2011-07-06 00:16:00,-0.043617081033196996,1.0409149770047075,-0.11987336581633429
2011-07-06 00:17:00,-0.03991981276931266,1.0454589923416608,-0.12020604183299158
2011-07-06 00:18:00,-0.03681186853202909,1.0496507744307755,-0.1204235945595947
2011-07-06 00:19:00,-0.03437082530685754,1.0533441060814734,-0.12051797421517864
2011-07-06 00:20:00,-0.03268253661347818,1.0563898192934262,-0.12048153033286474
2011-07-06 00:21:00,-0.03184061451407765,1.0586374742674491,-0.12030710725385681
2011-07-06 00:22:00,-0.03194565910520863,1.0599371301088751,-0.11998814802327906
2011-07-06 00:23:00,-0.033104240231919914,1.060141195050669,-0.11951880506681774
2011-07-06 00:24:00,-0.035427640560255866,1.0591063412900306,-0.11889405569946274
2011-07-06 00:25:00,-0.03903037366983727,1.056695466663955,-0.11810982017984002
2011-07-06 00:26:00,-0.0440284954497414,1.0527796824435103,-0.11716307967380755
2011-07-06 00:27:00,-0.05053773172179956,1.0472403035714948,-0.11605199114487016
2011-07-06 00:28:00,-0.058671449566097024,1.0399708147821898,-0.1147759958712718
2011-07-06 00:29:00,-0.0685385041700594,1.0308787833126165,-0.11333591802037044
2011-07-06 00:30:00,-0.08024099706006761,1.0198876864372537,-0.1117340495031965
2011-07-06 00:31:00,-0.09387198520227934,1.0069386199348345,-0.10997421719670414
2011-07-06 00:32:00,-0.10951318357382162,0.9919918519348485,-0.10806182856878763
2011-07-06 00:33:00,-0.12723270629769493,0.9750281855058425,-0.10600389178300787
2011-07-06 00:34:00,-0.1470828931898097,0.9560500929549103,-0.10380900651119257
2011-07-06 00:35:00,-0.1690982694667608,0.9350825852287848,-0.10148732196301308
2011-07-06 00:36:00,-0.19329368629248317,0.9121737811649049,-0.0990504590711884
2011-07-06 00:37:00,-0.21966268868889027,0.8873951437600828,-0.0965113943567177
2011-07-06 00:38:00,-0.24817615498324663,0.8608413542293708,-0.09388430373909663
2011-07-06 00:39:00,-0.27878124827941453,0.8326297995418825,-0.09118436545196984
2011-07-06 00:40:00,-0.3114007152705589,0.8028996554649173,-0.08842752227930578
2011-07-06 00:41:00,-0.3459325609045481,0.7718105550399617,-0.08563020454573668
2011-07-06 00:42:00,-0.38225011882710647,0.7395408419653277,-0.08280901668223307
2011-07-06 00:43:00,-0.42020252702916266,0.706285419674266,-0.07998039174956735
2011-07-06 00:44:00,-0.4596156055881882,0.6722532200695265,-0.07716022003898368
2011-07-06 00:45:00,-0.5002931186997466,0.6376643309902044,-0.07436345978120265
2011-07-06 00:46:00,-0.5420183863100192,0.6027468385410729,-0.07160374006644425
2011-07-06 00:47:00,-0.5845561921515037,0.5677334587995347,-0.06889296820315464
2011-07-06 00:48:00,-0.627654917266909,0.5328580507079049,-0.06624095557088688
2011-07-06 00:49:00,-0.671048816067252,0.4983521133918833,-0.06365507694316505
2011-07-06 00:50:00,-0.7144603505936628,0.4644413720421633,-0.06113997775974466
2011-07-06 00:51:00,-0.7576025088126408,0.4313425463117948,-0.05869734196305773
2011-07-06 00:52:00,-0.8001810502987968,0.39926037814216087,-0.05632573035747981
2011-07-06 00:53:00,-0.8418966420151196,0.36838497726318686,-0.05402049661881966
2011-07-06 00:54:00,-0.882446864723739,0.338889525272127,-0.05177378539076216
2011-07-06 00:55:00,-0.9215280858136186,0.3109283639615754,-0.049574614422521486
2011-07-06 00:56:00,-0.9588372069122515,0.2846354804786918,-0.04740904041871919
2011-07-06 00:57:00,-0.994073304605435,0.26012339090907444,-0.045260406176867565
2011-07-06 00:58:00,-1.026939189995944,0.23748241489676852,-0.043109664667830075
2011-07-06 00:59:00,-1.0571429177896245,0.21678032677688266,-0.04093577395636962
2011-07-06 01:00:00,-1.0843992782376604,0.19806236317704953,-0.038716155257920985
2011-07-06 01:01:00,-1.1084313057572024,0.18135156278988138,-0.036427205001363754
2011-07-06 01:02:00,-1.1289718366012096,0.16664941061451802,-0.03404485054998947
2011-07-06 01:03:00,-1.1457651447475874,0.15393675614520586,-0.03154513824903644
2011-07-06 01:04:00,-1.1585686803887643,0.14317497277504732,-0.028904841712500184
2011-07-06 01:05:00,-1.1671549291750871,0.13430732425659653,-0.02610207770671685
2011-07-06 01:06:00,-1.171313402878181,0.1272605035003864,-0.023116916608819073
2011-07-06 01:07:00,-1.1708527636158228,0.12194630923124314,-0.01993197420592369
2011-07-06 01:08:00,-1.1656030744693529,0.1182634269256466,-0.016532971559859846
2011-07-06 01:09:00,-1.1554181594954724,0.11609928188467984,-0.012909249802330838
2011-07-06 01:10:00,-1.1401780460650666,0.1153319341335233,-0.009054227058508633
2011-07-06 01:11:00,-1.119791452441214,0.11583198697124317,-0.004965785235176839
2011-07-06 01:12:00,-1.094198273833484,0.11746448333548862,-0.0006465751642971768
2011-07-06 01:13:00,-1.0633720111368117,0.12009076664309709,0.0038957704229438364
2011-07-06 01:14:00,-1.0273220784833828,0.12357028541094787,0.008648525385854564
2011-07-06 01:15:00,-0.9860959189128194,0.12776232376023566,0.01359386792226067
2011-07-06 01:16:00,-0.9397808522193596,0.13252764283070245,0.01870899357712795
2011-07-06 01:17:00,-0.8885055756976218,0.13773002108182597,0.02396634741119577
2011-07-06 01:18:00,-0.8324412374191233,0.14323768430448355,0.02933397680421642
2011-07-06 01:19:00,-0.7718020031640941,0.1489246187891552,0.034776003613069824
2011-07-06 01:20:00,-0.7068450425321918,0.15467176340384076,0.04025321131839219
2011-07-06 01:21:00,-0.6378698673625294,0.16036807830250865,0.045723739391790474
2011-07-06 01:22:00,-0.5652169666436438,0.1659114897825509,0.05114387346012597
2011-07-06 01:23:00,-0.48926569674465753,0.1712097128422803,0.05646891600565882
2011-07-06 01:24:00,-0.41043140425098756,0.17618095550668444,0.06165411826580366
2011-07-06 01:25:00,-0.3291617813414826,0.1807545115698599,0.06665564942463617
2011-07-06 01:26:00,-0.24593248100181186,0.18487125020081316,0.0714315738499993
2011-07-06 01:27:00,-0.1612420516590102,0.1884840115085109,0.07594280098980223
2011-07-06 01:28:00,-0.07560628726775162,0.19155791730253863,0.08015396591990874
2011-07-06 01:29:00,0.010447873556978604,0.19407060702898077,0.0840341928641695
2011-07-06 01:30:00,0.09638873286507857,0.1960124098648588,0.08755769317937402
2011-07-06 01:31:00,0.18168631476558866,0.1973864621018055,0.09070415844638709
2011-07-06 01:32:00,0.2658187474340126,0.19820877137886286,0.093458929368186
2011-07-06 01:33:00,0.3482783588277304,0.19850821816781056,0.09581294546389343
2011-07-06 01:34:00,0.42857732206517046,0.19832647599711095,0.09776249961975765
2011-07-06 01:35:00,0.5062527198105948,0.19771782861322712,0.09930883102697377
2011-07-06 01:36:00,0.5808709349153182,0.196748863450897,0.10045759199519602
2011-07-06 01:37:00,0.6520313114354183,0.19549802381300863,0.10121822264592216
2011-07-06 01:38:00,0.7193690630298977,0.19405500559220235,0.10160326504377323
2011-07-06 01:39:00,0.7825574338929763,0.19251998784207916,0.10162764568276957
2011-07-06 01:40:00,0.8413091408659902,0.19100269001109768,0.10130795252153342
2011-07-06 01:41:00,0.895377144427766,0.18962125219599954,0.10066172996655556
2011-07-06 01:42:00,0.9445548111233669,0.18850093834319853,0.09970681234665917
2011-07-06 01:43:00,0.9886755409230159,0.1877726659150572,0.09846071352396116
2011-07-06 01:44:00,1.0276119402793733,0.18757136914658973,0.09694008737656226
2011-07-06 01:45:00,1.0612746255576635,0.1880342066544459,0.09516027099813351
2011-07-06 01:46:00,1.0896107423494472,0.1892986278213193,0.09313491961729914
2011-07-06 01:47:00,1.1126022842599883,0.19150031604884446,0.0908757394673187
2011-07-06 01:48:00,1.1302642904030407,0.1947710306220111,0.08839232215228643
2011-07-06 01:49:00,1.1426429943737304,0.1992363725176164,0.08569208147655272
2011-07-06 01:50:00,1.1498139892323471,0.20501350296729892,0.08278029124615997
2011-07-06 01:51:00,1.1518804633529014,0.21220884689337288,0.07966022023234899
2011-07-06 01:52:00,1.1489715512026333,0.22091581640758604,0.0763333583249252
2011-07-06 01:53:00,1.1412408315517921,0.23121259232547242,0.07279972591253384
2011-07-06 01:54:00,1.128864993592719,0.24316000401904211,0.0690582567199393
2011-07-06 01:55:00,1.1120426792935754,0.2567995498183556,0.06510724272066182
2011-07-06 01:56:00,1.090993498336782,0.2721516014848552,0.06094482833921577
2011-07-06 01:57:00,1.0659572004973559,0.28921383691847846,0.056569539973905465
2011-07-06 01:58:00,1.0371929795929287,0.30795994512268304,0.051980835922056705
2011-07-06 01:59:00,1.0049788734638494,0.3283386464294028,0.047179661088468945
2011-07-06 02:00:00,0.96961121608232,0.3502730689749287,0.0421689904185924
2011-07-06 02:01:00,0.9314040910920818,0.37366051931702005,0.03695434483382296
2011-07-06 02:02:00,0.8906887310768195,0.3983726807932254,0.031544263570662555
2011-07-06 02:03:00,0.8478128038614436,0.4242562676411444,0.02595071725198904
2011-07-06 02:04:00,0.8031395263623581,0.45113415593904627,0.02018944676077868
2011-07-06 02:05:00,0.7570465480971487,0.4788070039926583,0.014280214057057069
2011-07-06 02:06:00,0.7099245505970115,0.5070553648077083,0.008246952489916195
2011-07-06 02:07:00,0.6621755157739125,0.5356422816630046,0.0021178059202421684
2011-07-06 02:08:00,0.614210625898026,0.5643163444461801,-0.004074951902145379
2011-07-06 02:09:00,0.5664477703209523,0.5928151692847049,-0.010295123759406107
2011-07-06 02:10:00,0.5193086493558973,0.6208692473474056,-0.01650292433188963
2011-07-06 02:11:00,0.4732154832526807,0.6482060916433738,-0.022655444270515582
2011-07-06 02:12:00,0.4285873527936087,0.674554595550611,-0.028707238712050977
2011-07-06 02:13:00,0.38583621638196935,0.6996495061516729,-0.03461103115755315
2011-07-06 02:14:00,0.3453626661143058,0.7232359099250002,-0.04031851803882924
2011-07-06 02:15:00,0.30755150230816636,0.7450736265873174,-0.045781253274376106
2011-07-06 02:16:00,0.2727672211083765,0.7649414077191014,-0.05095158649519748
2011-07-06 02:17:00,0.2413495198003213,0.7826408408250879,-0.055783624620109704
2011-07-06 02:18:00,0.21360892619739408,0.7979998677970993,-0.060234185079712586
2011-07-06 02:19:00,0.18982265205776108,0.810875838938011,-0.06426371029539765
2011-07-06 02:20:00,0.17023075914861446,0.8211580378714441,-0.06783711616573061
2011-07-06 02:21:00,0.15503271389912043,0.8287696269965831,-0.0709245512513171
2011-07-06 02:22:00,0.14438439459737648,0.8336689768257105,-0.07350204741304132
2011-07-06 02:23:00,0.1383956043660673,0.8358503554522797,-0.07555204659265236
2011-07-06 02:24:00,0.1371281336114855,0.8353439666661145,-0.07706379218038663
2011-07-06 02:25:00,0.14059440702509682,0.8322153370243307,-0.0780335770050711
2011-07-06 02:26:00,0.14875674226511415,0.8265640636692104,-0.07846484343616233
2011-07-06 02:27:00,0.16152723993589554,0.8185219460230448,-0.07836813443167179
2011-07-06 02:28:00,0.17876831719055683,0.8082505358488069,-0.07776089760934272
2011-07-06 02:29:00,0.20029388988348049,0.7959381517097183,-0.07666714755219843
2011-07-06 02:30:00,0.2258712002589085,0.7817964157537576,-0.07511699461117272
2011-07-06 02:31:00,0.25522327823449087,0.7660563831420937,-0.07314605154923134
2011-07-06 02:32:00,0.2880320138187019,0.7489643473598792,-0.07079473261738652
2011-07-06 02:33:00,0.32394180434454556,0.7307774174928048,-0.06810746306143817
2011-07-06 02:34:00,0.362563719477133,0.7117589743976643,-0.06513182036684627
2011-07-06 02:35:00,0.4034800974184658,0.6921741186150706,-0.06191763122018488
2011-07-06 02:36:00,0.4462494535712143,0.6722852216782043,-0.05851604951989094
2011-07-06 02:37:00,0.4904115618980791,0.6523476840912162,-0.054978640321715976
2011-07-06 02:38:00,0.5354925690593872,0.6326059894711443,-0.05135649244706646
2011-07-06 02:39:00,0.5810100192645488,0.6132901277082143,-0.047699379284620175
2011-07-06 02:40:00,0.6264776935273914,0.594612442774505,-0.044054983842832164
2011-07-06 02:41:00,0.6714101930124866,0.5767649443851672,-0.040468200789377066
2011-07-06 02:42:00,0.7153272196687239,0.5599171075957509,-0.03698052513873297
2011-07-06 02:43:00,0.7577575279585855,0.5442141706571745,-0.033629534404825565
2011-07-06 02:44:00,0.7982425391843601,0.5297759290474097,-0.03044846840114396
2011-07-06 02:45:00,0.8363396245925688,0.516696012756197,-0.027465908419502423
2011-07-06 02:46:00,0.8716250749271512,0.5050416250467977,-0.024705555227529343
2011-07-06 02:47:00,0.9036967822785389,0.4948537144277485,-0.022186103218026686
2011-07-06 02:48:00,0.932176665047549,0.4861475473898524,-0.019921206208604488
2011-07-06 02:49:00,0.9567128689604977,0.4789136471087962,-0.017919528926982738
2011-07-06 02:50:00,0.9769817767884024,0.47311906213874283,-0.016184877166611628
2011-07-06 02:51:00,0.9926898571565437,0.4687089286070516,-0.01471639892422393
2011-07-06 02:52:00,1.0035753789032522,0.4656082892763733,-0.013508848459339527
2011-07-06 02:53:00,1.009410012098628,0.463724132977604,-0.012552905064547726
2011-07-06 02:54:00,1.0100003302831986,0.46294761832832554,-0.01183553833941264
2011-07-06 02:55:00,1.0051892209826956,0.4631564463112851,-0.011340411876375682
2011-07-06 02:56:00,0.9948572033882968,0.4642173471328551,-0.011048317466422474
2011-07-06 02:57:00,0.9789236435768777,0.46598864773693727,-0.01093763219587188
2011-07-06 02:58:00,0.9573478491113896,0.46832288734574373,-0.010984791117448219
2011-07-06 02:59:00,0.9301300166462322,0.4710694493719311,-0.011164768525213082
2011-07-06 03:00:00,0.89731199861441,0.4740771789374265,-0.011451561232302567
2011-07-06 03:01:00,0.8589778485454915,0.4771969559916943,-0.01181866763270762
2011-07-06 03:02:00,0.8152540994078161,0.48028419461114613,-0.012239556714441518
2011-07-06 03:03:00,0.7663097259318737,0.4832012394654968,-0.012688121572633071
2011-07-06 03:04:00,0.7123557404971969,0.4858196306507418,-0.013139112339655583
2011-07-06 03:05:00,0.6536443731916656,0.4880222081124397,-0.013568543799870757
2011-07-06 03:06:00,0.5904677904114746,0.489705026726905,-0.013954073285936133
2011-07-06 03:07:00,0.5231563131826219,0.49077905279275097,-0.014275344760269485
2011-07-06 03:08:00,0.452076106559931,0.49117161223618855,-0.01451429526788482
2011-07-06 03:09:00,0.37762632529189955,0.49082756027715285,-0.014655420204299675
2011-07-06 03:10:00,0.30023571865458154,0.489710141738456,-0.014685994067044975
2011-07-06 03:11:00,0.22035871892269826,0.487801511040949,-0.01459624350784797
2011-07-06 03:12:00,0.13847106289391978,0.4851028822360178,-0.01437946945668004
2011-07-06 03:13:00,0.0550650234346594,0.481634283440284,-0.014032114719750825
2011-07-06 03:14:00,-0.029355643139404627,0.477433897618906,-0.013553772913301017
2011-07-06 03:15:00,-0.11428090105742865,0.47255698357826637,-0.012947134620765554
2011-07-06 03:16:00,-0.19919963795825438,0.46707438818821206,-0.012217868260140605
2011-07-06 03:17:00,-0.28360470678673705,0.46107068233622733,-0.011374436571651879
2011-07-06 03:18:00,-0.3669976541257834,0.4546419742469412,-0.010427853794623444
2011-07-06 03:19:00,-0.4488930033318271,0.44789346859915546,-0.009391391892988848
2011-07-06 03:20:00,-0.528821992059446,0.4409368457765749,-0.008280245815771036
2011-07-06 03:21:00,-0.6063356997205096,0.4338875345413623,-0.007111168057798093
2011-07-06 03:22:00,-0.6810075357648578,0.4268619468566141,-0.005902082420071429
2011-07-06 03:23:00,-0.7524350913391921,0.4199747377114942,-0.004671686290543709
2011-07-06 03:24:00,-0.820241383986184,0.4133361463818032,-0.003439050073261389
2011-07-06 03:25:00,-0.8840755475422382,0.40704946885684595,-0.002223221589552315
2011-07-06 03:26:00,-0.9436130373533101,0.40120870449395285,-0.0010428424116390293
2011-07-06 03:27:00,-0.9985554344583897,0.39589641362037314,8.421775756844378e-05
2011-07-06 03:28:00,-1.0486299416625473,0.39118181693148085,0.0011412033396292424
2011-07-06 03:29:00,-1.0935886696633303,0.3871191621674625,0.0021127871991630715
2011-07-06 03:30:00,-1.1332078128686967,0.38374637867562883,0.0029853531607261187
2011-07-06 03:31:00,-1.1672868125469538,0.3810840360282351,0.003747243517857058
2011-07-06 03:32:00,-1.1956475997983484,0.37913461878821747,0.004388968929696373
2011-07-06 03:33:00,-1.2181340028632182,0.3778821257299853,0.004903378641778157
2011-07-06 03:34:00,-1.2346113928200915,0.3772919982755713,0.005285789455902155
2011-07-06 03:35:00,-1.2449666291282269,0.37731137954362864,0.005534072321900802
2011-07-06 03:36:00,-1.2491083520951454,0.37786970217247223,0.005648695842148473
2011-07-06 03:37:00,-1.2469676535733099,0.3788795999123764,0.005632726374538252
2011-07-06 03:38:00,-1.2384991403917596,0.38023813483348007,0.0054917847971632985
2011-07-06 03:39:00,-1.2236823875947878,0.381828328816513,0.0052339603651234065
2011-07-06 03:40:00,-1.2025237608830794,0.3835209847402538,0.0048696824551854884
2011-07-06 03:41:00,-1.1750585701332183,0.3851767794006699,0.0044115513668954685
2011-07-06 03:42:00,-1.1413534989119096,0.38664860664580747,0.0038741297376240656
2011-07-06 03:43:00,-1.1015092388933299,0.3877841454906928,0.003273696538415206
2011-07-06 03:44:00,-1.055663243410651,0.3884286241424885,0.0026279660483908536
2011-07-06 03:45:00,-1.0039925014085005,0.38842774696276533,0.0019557746598564112
2011-07-06 03:46:00,-0.9467162222046428,0.38763074742555936,0.0012767388495243152
2011-07-06 03:47:00,-0.8840983131054678,0.38589352610110755,0.000610888169766555
2011-07-06 03:48:00,-0.8164495264248969,0.3830818286404569,-2.1722327669802824e-05
2011-07-06 03:49:00,-0.744129150191506,0.3790744147030205,-0.0006014152206964397
2011-07-06 03:50:00,-0.6675461181445175,0.37376616480269187,-0.0011093037344178777
2011-07-06 03:51:00,-0.5871594198487113,0.3670710682046476,-0.0015277082853678615
2011-07-06 03:52:00,-0.5034777012118478,0.35892503135800924,-0.0018405694465751176
2011-07-06 03:53:00,-0.4170579596572135,0.3492884429646001,-0.002033849435413281
2011-07-06 03:54:00,-0.32850325696525196,0.3381484286673702,-0.002095913370397578
2011-07-06 03:55:00,-0.23845939661829543,0.3255207253736901,-0.002017880592721339
2011-07-06 03:56:00,-0.14761054160948509,0.3114511022089023,-0.0017939352998498637
2011-07-06 03:57:00,-0.05667378313077514,0.2960162521795617,-0.0014215847079633462
2011-07-06 03:58:00,0.033607290821819055,0.279324077224279,-0.0009018522626899482
2011-07-06 03:59:00,0.12246993890082612,0.2615132928495351,-0.00023939357199910213
2011-07-06 04:00:00,0.20914040053684602,0.24275229157972866,0.0005574756817144547
2011-07-06 04:01:00,0.2928426757498563,0.2232372299426485,0.001476847280944953
2011-07-06 04:02:00,0.37280779025288885,0.20318934055745597,0.002503386102206529
2011-07-06 04:03:00,0.44828337311146227,0.18285151445239034,0.0036185909131130492
2011-07-06 04:04:00,0.5185433622641059,0.16248424250223778,0.004801142008161222
2011-07-06 04:05:00,0.5828976449500916,0.1423610409702449,0.006027323061281188
2011-07-06 04:06:00,0.6407014415941812,0.12276350725373662,0.007271502091473942
2011-07-06 04:07:00,0.6913642552359364,0.1039761559162309,0.008506655782653479
2011-07-06 04:08:00,0.7343582302082325,0.0862811766579038,0.009704921942510212
2011-07-06 04:09:00,0.7692257872604551,0.06995324220323265,0.010838165904293755
2011-07-06 04:10:00,0.7955864238158327,0.05525447980828736,0.0118785477640195
2011-07-06 04:11:00,0.8131425865803511,0.0424297066990416,0.012799078385846967
2011-07-06 04:12:00,0.8216845395618891,0.03170201736685674,0.013574153090414398
2011-07-06 04:13:00,0.8210941641991247,0.02326879907744256,0.014180052887027799
2011-07-06 04:14:00,0.8113476402328674,0.017298240883434457,0.014595404072722012
2011-07-06 04:15:00,0.7925169666931176,0.013926390565935896,0.014801588060054733
2011-07-06 04:16:00,0.7647702924843559,0.013254803142977228,0.014783094435060005
2011-07-06 04:17:00,0.7283710361288462,0.015348813917699359,0.014527811459314123
2011-07-06 04:18:00,0.6836757848775835,0.02023645854741305,0.014027249471372683
2011-07-06 04:19:00,0.6311309752020445,0.02790805223122562,0.013276693891079522
2011-07-06 04:20:00,0.5712683701724859,0.03831642959059152,0.012275285794184588
2011-07-06 04:21:00,0.5046993648714211,0.05137783563463819,0.01102602933792451
2011-07-06 04:22:00,0.4321081691733188,0.06697344561409516,0.00953572672937865
2011-07-06 04:23:00,0.3542439383331429,0.08495147695854163,0.007814842976887526
2011-07-06 04:24:00,0.27191194633407567,0.10512983975367961,0.005877304356820951
2011-07-06 04:25:00,0.18596392534431566,0.12729925372934503,0.0037402363389524057
2011-07-06 04:26:00,0.0972877270572408,0.1512267404685682,0.0014236485686205105
2011-07-06 04:27:00,0.006796496609965914,0.1766593823418723,-0.001049923853125905
2011-07-06 04:28:00,-0.0845824182212016,0.20332823021414187,-0.003655812631560677
2011-07-06 04:29:00,-0.17591858041931988,0.23095224579579612,-0.006367632124672927
2011-07-06 04:30:00,-0.2662893595714851,0.2592421812518229,-0.009157709836727536
2011-07-06 04:31:00,-0.35479039413722213,0.28790432149555667,-0.01199752361410178
2011-07-06 04:32:00,-0.44054544223766495,0.31664403623489706,-0.014858138071309453
2011-07-06 04:33:00,-0.5227154850730139,0.34516910618921537,-0.017710633012833002
2011-07-06 04:34:00,-0.6005069868773171,0.373192800977377,-0.020526517152880643
2011-07-06 04:35:00,-0.6731792507766811,0.40043669590915687,-0.02327812144914466
2011-07-06 04:36:00,-0.740050840374446,0.426633222389568,-0.0259389676443387
2011-07-06 04:37:00,-0.8005050619770003,0.45152795293931053,-0.028484108846124807
2011-07-06 04:38:00,-0.8539945220085463,0.4748816276171567,-0.030890440005801798
2011-07-06 04:39:00,-0.9000447886482601,0.49647193395128736,-0.033136976981989814
2011-07-06 04:40:00,-0.938257196649413,0.5160950569625994,-0.03520510357627872
2011-07-06 04:41:00,-0.9683108403019535,0.5335670191150841,-0.03707878655529883
2011-07-06 04:42:00,-0.9899638021181288,0.5487248319318938,-0.03874475921839488
2011-07-06 04:43:00,-1.0030536645490384,0.5614274816002104,-0.040192674483668256
2011-07-06 04:44:00,-1.0074973494260366,0.5715567701504641,-0.041415228689871283
2011-07-06 04:45:00,-1.0032903254661418,0.5790180317001171,-0.04240825731095418
2011-07-06 04:46:00,-0.9905052186488289,0.5837407398874878,-0.04317080357257079
2011-07-06 04:47:00,-0.9692898540369251,0.5856790182669542,-0.04370516061636885
2011-07-06 04:48:00,-0.9398647511162201,0.5848120604410734,-0.04401688745210008
2011-07-06 04:49:00,-0.9025200884489502,0.581144461333864,-0.04411479850804043
2011-07-06 04:50:00,-0.85761214791121,0.5747064554253906,-0.044010926146940854
2011-07-06 04:51:00,-0.8055592445624605,0.5655540520972996,-0.043720455060104114
2011-07-06 04:52:00,-0.7468371458017558,0.5537690526298218,-0.04326162698944529
2011-07-06 04:53:00,-0.681973983389471,0.539458928023358,-0.04265561376259474
2011-07-06 04:54:00,-0.6115446646134691,0.522756531887656,-0.041926356170422965
2011-07-06 04:55:00,-0.5361647947895275,0.5038196183378546,-0.04110036578566036
2011-07-06 04:56:00,-0.4564841328207306,0.4828301313292427,-0.04020648643097596
2011-07-06 04:57:00,-0.37317961508927927,0.45999322929604297,-0.039275611662621515
2011-07-06 04:58:00,-0.28694800088412636,0.435536007443484,-0.038340354338988115
2011-07-06 04:59:00,-0.19849821503072573,0.4097058797667864,-0.03743466410573667
2011-07-06 05:00:00,-0.10854348933264595,0.38276858473168873,-0.036593388579125814
2011-07-06 05:01:00,-0.017793430173011604,0.3550057850652978,-0.03585177451641611
2011-07-06 05:02:00,0.07305384029383546,0.3267122469096599,-0.03524490685182024
2011-07-06 05:03:00,0.16331931061405425,0.2981926085803169,-0.03480708641948833
2011-07-06 05:04:00,0.2523503117620182,0.2697577815180533,-0.03457115113527585
2011-07-06 05:05:00,0.3395271946537472,0.2417210579649418,-0.034567749494007635
2011-07-06 05:06:00,0.42426930624439435,0.21439402219362555,-0.03482457852854275
2011-07-06 05:07:00,0.5060401414302795,0.18808236962206815,-0.035365600383329025
2011-07-06 05:08:00,0.5843515820775438,0.16308173287790884,-0.036210252515497726
2011-07-06 05:09:00,0.6587671717605501,0.13967360212112875,-0.03737266673239829
2011-07-06 05:10:00,0.7289044097763144,0.11812141395323174,-0.0388609122068325
2011-07-06 05:11:00,0.7944360784579088,0.09866687128515289,-0.0406762774463659
2011-07-06 05:12:00,0.8550906434144045,0.08152654605708143,-0.04281260595444456
2011-07-06 05:13:00,0.9106517872729816,0.06688880767506401,-0.045255699990519024
2011-07-06 05:14:00,0.9609571540562062,0.054911112349487125,-0.04798280639290861
2011-07-06 05:15:00,1.0058963937807015,0.04571768204994453,-0.05096219785752947
2011-07-06 05:16:00,1.045408605516177,0.03939759637161393,-0.05415286235752112
2011-07-06 05:17:00,1.0794792823133197,0.036003316080200375,-0.057504312530897404
2011-07-06 05:18:00,1.1081368634227409,0.035549653303463845,-0.06095652584135917
2011-07-06 05:19:00,1.131448998419318,0.038013200097151055,-0.064440025117509
2011-07-06 05:20:00,1.1495186245550566,0.04333222425338123,-0.06787610768621495
2011-07-06 05:21:00,1.1624799532282994,0.05140703855837347,-0.07117722972965454
2011-07-06 05:22:00,1.1704944542154148,0.062100847064253506,-0.07424755070899759
2011-07-06 05:23:00,1.173746917596822,0.07524106913879668,-0.07698364070583745
2011-07-06 05:24:00,1.1724416634499477,0.09062113891865947,-0.07927535133109032
2011-07-06 05:25:00,1.1667989586968948,0.10800277414135093,-0.08100684844663122
2011-07-06 05:26:00,1.1570516892937754,0.1271187040073198,-0.08205780235914792
2011-07-06 05:27:00,1.1434423245299261,0.1476758405784427,-0.08230472840784683
2011-07-06 05:28:00,1.1262201988539804,0.1693588721141251,-0.0816224680059255
2011-07-06 05:29:00,1.105639125631686,0.19183424955116624,-0.07988579724021919
2011-07-06 05:30:00,1.0819553468247964,0.21475452893388533,-0.07697114712669158
2011-07-06 05:31:00,1.0554258130040808,0.23776302290403947,-0.07275841661911163
2011-07-06 05:32:00,1.02630677959732,0.26049870332088076,-0.06713285653766536
2011-07-06 05:33:00,0.9948526980005699,0.28260128489437325,-0.0599869997757016
2011-07-06 05:34:00,0.9613153741585163,0.30371640737000494,-0.05122261046178243
2011-07-06 05:35:00,0.9259433621443217,0.3235008235929705,-0.04075262212450092
2011-07-06 05:36:00,0.888981555613552,0.34162749553555677,-0.028503032234829577
2011-07-06 05:37:00,0.8506709354590597,0.35779050142651175,-0.0144147178331117
2011-07-06 05:38:00,0.8112484278071709,0.3717096632359023,0.0015548654728598484
2011-07-06 05:39:00,0.7709468233169393,0.3831348124153198,0.01943014073343081
2011-07-06 05:40:00,0.7299947071907663,0.3918496210285771,0.03921606383429496
2011-07-06 05:41:00,0.6886163497661316,0.3976749343987925,0.06089701560422777
2011-07-06 05:42:00,0.647031510252092,0.4004715499382716,0.08443597208538423
2011-07-06 05:43:00,0.6054551112646743,0.40014239485930536,0.10977399134082548
2011-07-06 05:44:00,0.5640967495041428,0.39663406284424135,0.13683005210025834
2011-07-06 05:45:00,0.5231600184226506,0.38993767630658804,0.1655012751543018
2011-07-06 05:46:00,0.4828416321399973,0.38008904668532667,0.1956635525936947
2011-07-06 05:47:00,0.4433303560296652,0.36716811077122685,0.22717260262564812
2011-07-06 05:48:00,0.4048057678205781,0.3512976271997013,0.2598654585985723
2011-07-06 05:49:00,0.3674368923285767,0.3326411254534056,0.2935623896725438
2011-07-06 05:50:00,0.33138076994830157,0.31140011266260414,0.3280692366556112
2011-07-06 05:51:00,0.29678102960675823,0.2878105642375704,0.36318012914047976
2011-07-06 05:52:00,0.2637665381844607,0.26213875401269615,0.39868052899939976
2011-07-06 05:53:00,0.23245019099796677,0.2346765149984179,0.4343505221049734
2011-07-06 05:54:00,0.202927894942168,0.20573605505875467,0.4699682595653411
2011-07-06 05:55:00,0.1752777807552951,0.1756444726046152,0.5053134384724428
2011-07-06 05:56:00,0.14955966643391164,0.14473811974010395,0.5401707137283747
2011-07-06 05:57:00,0.12581478260945572,0.11335694799767147,0.5743329436573041
2011-07-06 05:58:00,0.10406576383018591,0.08183895521207436,0.6076041862597019
2011-07-06 05:59:00,0.08431690529077067,0.050514839020803025,0.6398023769278331
2011-07-06 06:00:00,0.06655467935989735,0.019702953590472097,0.6707616332551278
2011-07-06 06:01:00,0.0507484992852718,-0.010295342056444102,0.7003341491490912
2011-07-06 06:02:00,0.0368517103893123,-0.03919986636333032,0.7283916574540129
2011-07-06 06:03:00,0.024802783598964845,-0.06675526423208175,0.7548264557998445
2011-07-06 06:04:00,0.014526682543493047,-0.0927340743930286,0.7795520035696799
2011-07-06 06:05:00,0.005936373184342048,-0.11693918220576173,0.8025031089069612
2011-07-06 06:06:00,-0.0010655564709024044,-0.13920563800628327,0.8236357340998554
2011-07-06 06:07:00,-0.006585199773823136,-0.15940183161850455,0.8429264556608153
2011-07-06 06:08:00,-0.010735591249532628,-0.17743002334801194,0.8603716214592996
2011-07-06 06:09:00,-0.013634955449679806,-0.19322624302570712,0.8759862506058389
2011-07-06 06:10:00,-0.015404976022539077,-0.20675958237843972,0.8898027222115787
2011-07-06 06:11:00,-0.01616911397656379,-0.21803092102130894,0.901869297270536
2011-07-06 06:12:00,-0.01605100136223445,-0.22707114042472618,0.9122485147548814
2011-07-06 06:13:00,-0.015172933579064227,-0.233938891111116,0.921015499567568
2011-07-06 06:14:00,-0.01365448025375922,-0.23871798508459016,0.9282562169314896
2011-07-06 06:15:00,-0.011611230839787335,-0.24151448907268888,0.9340657051076114
2011-07-06 06:16:00,-0.009153686695353323,-0.2424535965089898,0.9385463154081328
2011-07-06 06:17:00,-0.0063863069176069995,-0.24167635803001947,0.9418059848101316
2011-07-06 06:18:00,-0.00340671126938955,-0.23933635043553253,0.9439565623191751
2011-07-06 06:19:00,-0.0003050402823487532,-0.23559636092023623,0.9451122063377699
2011-07-06 06:20:00,0.00283653023859404,-0.23062515644701928,0.9453878672187424
2011-07-06 06:21:00,0.005944125880579882,-0.22459439855616092,0.944897866873594
2011-07-06 06:22:00,0.008952369785122195,-0.21767575346456292,0.9437545853487068
2011-07-06 06:23:00,0.011804448994386575,-0.21003823698451984,0.9420672623958719
2011-07-06 06:24:00,0.014452063203414784,-0.2018458237001861,0.9399409202170309
2011-07-06 06:25:00,0.016855268767010875,-0.19325534019991994,0.937475411786597
2011-07-06 06:26:00,0.01898223081930272,-0.18441465355072725,0.9347645974314676
2011-07-06 06:27:00,0.02080889609251042,-0.17546115898354062,0.9318956506634306
2011-07-06 06:28:00,0.022318598634486222,-0.16652056484636316,0.9289484926369976
2011-07-06 06:29:00,0.023501610152244265,-0.15770596799510408,0.9259953530920875
2011-07-06 06:30:00,0.024354646140212304,-0.14911720870117548,0.9231004542674733
2011-07-06 06:31:00,0.024880338279335595,-0.14084049074228977,0.9203198130531695
2011-07-06 06:32:00,0.02508668282163946,-0.13294824955343362,0.9177011555999689
2011-07-06 06:33:00,0.024986473821612683,-0.12549924911634464,0.9152839377333157
2011-07-06 06:34:00,0.024596729157870867,-0.11853888665476094,0.9130994638263088
2011-07-06 06:35:00,0.0239381163039117,-0.11209968318803658,0.9111710962593084
2011-07-06 06:36:00,0.023034383744120715,-0.10620193754314478,0.9095145472178237
2011-07-06 06:37:00,0.021911802812955884,-0.10085452145685844,0.9081382443504405
2011-07-06 06:38:00,0.02059862363907947,-0.09605579382899,0.9070437617142256
2011-07-06 06:39:00,0.019124547923195217,-0.09179461277934792,0.9062263074585033
2011-07-06 06:40:00,0.01752022059953907,-0.08805142431804774,0.9056752598456725
2011-07-06 06:41:00,0.01581674208850669,-0.08479940552982465,0.9053747435129509
2011-07-06 06:42:00,0.014045202756053586,-0.08200563839147333,0.9053042383291209
2011-07-06 06:43:00,0.012236241154115977,-0.07963228887063178,0.905439213703729
2011-07-06 06:44:00,0.010419627457551792,-0.07763776594366927,0.9057517816737675
2011-07-06 06:45:00,0.00862387321889395,-0.07597783684634608,0.9062113625051147
2011-07-06 06:46:00,0.006875868243316525,-0.0746066777479518,0.9067853569076342
2011-07-06 06:47:00,0.005200545189192486,-0.07347784251948136,0.9074398192487987
2011-07-06 06:48:00,0.0036205725671720214,-0.07254513594555007,0.9081401263151282
2011-07-06 06:49:00,0.0021560772668248063,-0.07176338163041435,0.9088516361600707
2011-07-06 06:50:00,0.0008243985807913788,-0.07108907935559347,0.9095403313546657
2011-07-06 06:51:00,-0.00036012334739252193,-0.07048095179817376,0.9101734405832731
2011-07-06 06:52:00,-0.0013863211009300265,-0.06990038552946373,0.9107200321809873
2011-07-06 06:53:00,-0.0022463320229641317,-0.06931177497440649,0.9111515730766925
2011-07-06 06:54:00,-0.002935685599537993,-0.06868277981692182,0.9114424467597606
2011-07-06 06:55:00,-0.0034533437054725734,-0.06798450616975078,0.9115704242907025
2011-07-06 06:56:00,-0.0038016917985332576,-0.06719162030883931,0.91151708292923
2011-07-06 06:57:00,-0.003986479673261319,-0.06628240177109355,0.9112681675538238
2011-07-06 06:58:00,-0.004016710922007728,-0.06523874077930686,0.910813890628587
2011-07-06 06:59:00,-0.0039044808022479804,-0.06404608355983077,0.910149167018095
2011-07-06 07:00:00,-0.00366476274366344,-0.06269332812837719,0.9092737804699579
2011-07-06 07:01:00,-0.003315144231790978,-0.06117267241282175,0.9081924790849958
2011-07-06 07:02:00,-0.002875513326735866,-0.059479416191662124,0.9069149975667126
2011-07-06 07:03:00,-0.002367697727438511,-0.057611718421065744,0.9054560044863561
2011-07-06 07:04:00,-0.0018150591665790628,-0.05557031217517895,0.9038349732546311
2011-07-06 07:05:00,-0.001242046998647485,-0.05335818061025936,0.9020759760037879
2011-07-06 07:06:00,-0.0006737160137164214,-0.05098019910861353,0.9002074001728337
2011-07-06 07:07:00,-0.00013521468197779247,-0.04844275103257749,0.8982615882545621
2011-07-06 07:08:00,0.00034874879702357465,-0.045753327048422485,0.8962744019299805
2011-07-06 07:09:00,0.0007544540596341782,-0.04292012041997144,0.8942847127271097
2011-07-06 07:10:00,0.001059719910182265,-0.03995163291601506,0.8923338224072921
2011-07-06 07:11:00,0.001244448271178942,-0.036856308058983676,0.8904648174380638
2011-07-06 07:12:00,0.0012911483409358672,-0.033642210190586906,0.8887218630262336
2011-07-06 07:13:00,0.0011854274688883229,-0.03031676879881149,0.8871494431510151
2011-07-06 07:14:00,0.0009164346045772581,-0.026886607202656614,0.8857915538719744
2011-07-06 07:15:00,0.0004772422104255282,-0.02335747257452767,0.8846908579872679
2011-07-06 07:16:00,-0.00013484664003274093,-0.019734280354049435,0.8838878099423819
2011-07-06 07:17:00,-0.0009180777007871101,-0.01602128095207671,0.8834197607565365
2011-07-06 07:18:00,-0.0018661210319727505,-0.012222351013548322,0.8833200536623707
2011-07-06 07:19:00,-0.002968049121368853,-0.0083414058538536,0.8836171221171542
2011-07-06 07:20:00,-0.00420842074447704,-0.004382924470532593,0.8843336027351979
2011-07-06 07:21:00,-0.005567469776200936,-0.0003525743822804929,0.8854854763919319
2011-07-06 07:22:00,-0.007021394157544158,0.0037420797346468084,0.8870812511761373
2011-07-06 07:23:00,-0.008542736341032081,0.007890803632801488,0.8891212009449061
2011-07-06 07:24:00,-0.010100843230369244,0.012079883218807558,0.8915966729192003
2011-07-06 07:25:00,-0.011662391410296999,0.016291308621114876,0.8944894771506201
2011-07-06 07:26:00,-0.013191962458814568,0.020501988273423373,0.8977713701221788
2011-07-06 07:27:00,-0.014652652986866133,0.024683027973244325,0.901403644593542
2011-07-06 07:28:00,-0.016006704471416704,0.028799106393855772,0.9053368381333006
2011-07-06 07:29:00,-0.01721613907507598,0.03280797417538325,0.9095105732324739
2011-07-06 07:30:00,-0.018243389559410544,0.036660099266609375,0.9138535420323889
2011-07-06 07:31:00,-0.019051913557701878,0.04029847632899902,0.9182836484605092
2011-07-06 07:32:00,-0.01960678407822651,0.0436586114537548,0.9227083200536902
2011-07-06 07:33:00,-0.019875248905344752,0.0466686832924928,0.9270250006900854
2011-07-06 07:34:00,-0.019827251930525012,0.04924986744861662,0.9311218333106288
2011-07-06 07:35:00,-0.01943590986574558,0.05131679587250993,0.9348785383730425
2011-07-06 07:36:00,-0.018677938503860195,0.052778113296475346,0.9381674897426957
2011-07-06 07:37:00,-0.01753402371669389,0.05353709301300728,0.9408549855391648
2011-07-06 07:38:00,-0.01598913377558202,0.053492284012897885,0.9428027072764094
2011-07-06 07:39:00,-0.014032771508465845,0.0525381767684172,0.9438693563094309
2011-07-06 07:40:00,-0.011659167229184055,0.05056589221166821,0.9439124520095371
2011-07-06 07:41:00,-0.008867415745807888,0.04746391529609689,0.9427902713415337
2011-07-06 07:42:00,-0.0056615623237587604,0.04311890810320796,0.9403639049613407
2011-07-06 07:43:00,-0.0020506428494824576,0.037416644424086355,0.9364994010070387
2011-07-06 07:44:00,0.0019513172669573136,0.03024310658588708,0.9310699646227112
2011-07-06 07:45:00,0.006325342350356881,0.02148577773384788,0.9239581788172527
2011-07-06 07:46:00,0.011047582616600386,0.011035151989205136,0.9150582102194349
2011-07-06 07:47:00,0.016089427843812967,-0.0012135271654369409,0.9042779613067468
2011-07-06 07:48:00,0.021417660720287227,-0.01535830294260395,0.8915411284950882
2011-07-06 07:49:00,0.026994653049527945,-0.03148833224893131,0.8767891231300603
2011-07-06 07:50:00,0.032778608623052985,-0.0496815339026422,0.8599828104155037
2011-07-06 07:51:00,0.03872385707744243,-0.07000210104804888,0.8411040202652348
2011-07-06 07:52:00,0.04478120348415545,-0.09249793189870503,0.8201567842823092
2011-07-06 07:53:00,0.0508983385143599,-0.11719804220029573,0.797168254624775
2011-07-06 07:54:00,0.057020313398163984,-0.14411002943751258,0.7721892635031271
2011-07-06 07:55:00,0.06309008232243907,-0.17321766216048656,0.7452944865986416
2011-07-06 07:56:00,0.06904911237213067,-0.2044786679817404,0.7165821798286882
2011-07-06 07:57:00,0.07483805775234656,-0.2378227915628057,0.6861734665866952
2011-07-06 07:58:00,0.08039749101951636,-0.2731501900285966,0.6542111618594562
2011-07-06 07:59:00,0.08566867957829087,-0.31033022798031346,0.6208581305506033
2011-07-06 08:00:00,0.09059439092994727,-0.3492007274853005,0.5862951900240904
2011-07-06 08:01:00,0.09511970527445683,-0.3895677199270722,0.5507185814046858
2011-07-06 08:02:00,0.09919280923695546,-0.43120573636432713,0.5143370505233933
2011-07-06 08:03:00,0.10276573967979015,-0.47385866120411857,0.47736859744381227
2011-07-06 08:04:00,0.10579504156029618,-0.5172411607755868,0.44003697303335415
2011-07-06 08:05:00,0.10824229869647276,-0.5610406840125205,0.4025680213813029
2011-07-06 08:06:00,0.11007449231336004,-0.604920017606886,0.3651859854250194
2011-07-06 08:07:00,0.11126414229767059,-0.6485203647161399,0.3281099042559956
2011-07-06 08:08:00,0.1117891944293056,-0.6914649065577205,0.2915502280431539
2011-07-06 08:09:00,0.11163263669034505,-0.7333627982924752,0.2557057591032053
2011-07-06 08:10:00,0.11078185758252537,-0.7738135397328831,0.22076100091533318
2011-07-06 08:11:00,0.1092277912672733,-0.8124116467527434,0.1868839686232522
2011-07-06 08:12:00,0.10696391768928841,-0.8487515370998002,0.15422448976633202
2011-07-06 08:13:00,0.10398519493031412,-0.8824325412409476,0.12291300388674245
2011-07-06 08:14:00,0.10028699822912968,-0.9130639547254843,0.09305985353925197
2011-07-06 08:15:00,0.09586413149366925,-0.94027005825337,0.06475504599722627
2011-07-06 08:16:00,0.09070996703746076,-0.9636950409703506,0.03806845392554061
2011-07-06 08:17:00,0.08481575917447855,-0.9830077700181069,0.013050414229626986
2011-07-06 08:18:00,0.07817016744056003,-0.9979063549792345,-0.010267322905799584
2011-07-06 08:19:00,0.07075901562043477,-1.0081224597832066,-0.03187034819556494
2011-07-06 08:20:00,0.0625653034942014,-1.0134253171173218,-0.051760107803065655
2011-07-06 08:21:00,0.053569479323130005,-1.0136254016722261,-0.06995223758429127
2011-07-06 08:22:00,0.043749972619234474,-1.0085777189193355,-0.08647477705396427
2011-07-06 08:23:00,0.033083978733564084,-0.9981846658590878,-0.10136632243713654
2011-07-06 08:24:00,0.021548479303393847,-0.982398419600865,-0.11467417624177322
2011-07-06 08:25:00,0.009121475669470313,-0.9612228090551563,-0.12645254769598036
2011-07-06 08:26:00,-0.004216593935946987,-0.9347146247622679,-0.1367608542371857
2011-07-06 08:27:00,-0.018481288267372397,-0.9029843222827533,-0.14566216912107566
2011-07-06 08:28:00,-0.033682487758555785,-0.8661960759699248,-0.15322185423767745
2011-07-06 08:29:00,-0.04982265390538338,-0.8245671426709128,-0.1595064104806753
2011-07-06 08:30:00,-0.06689507050538789,-0.7783664992915692,-0.16458257060954645
2011-07-06 08:31:00,-0.0848821163137616,-0.7279127245359996,-0.1685166515637301
2011-07-06 08:32:00,-0.10375362011478538,-0.6735711038074415,-0.1713741747209237
2011-07-06 08:33:00,-0.12346534963353356,-0.6157499475345304,-0.17321975372013285
2011-07-06 08:34:00,-0.14395768506771645,-0.5548961273500027,-0.17411724027178285
2011-07-06 08:35:00,-0.16515452624649554,-0.4914898518612596,-0.17413010892510306
2011-07-06 08:36:00,-0.18696247946686878,-0.4260387244546706,-0.17332205212594276
2011-07-06 08:37:00,-0.20927036586676304,-0.3590711498841175,-0.17175774714056374
2011-07-06 08:38:00,-0.23194908771921519,-0.29112918449803077,-0.16950374660272927
2011-07-06 08:39:00,-0.25485188222776367,-0.22276095695792794,-0.16662943470089822
2011-07-06 08:40:00,-0.2778149842563655,-0.1545128216483681,-0.16320798206039672
2011-07-06 08:41:00,-0.30065871015078754,-0.08692144282953182,-0.1593172264167584
2011-07-06 08:42:00,-0.32318896514843726,-0.02050603738340012,-0.1550404070646764
2011-07-06 08:43:00,-0.34519916801177564,0.04423898057377078,-0.15046669164835488
2011-07-06 08:44:00,-0.366472579263667,0.10685071440968666,-0.14569145224068894
2011-07-06 08:45:00,-0.3867850133631727,0.16690364490582027,-0.14081626742140746
2011-07-06 08:46:00,-0.4059079088972734,0.2240144621721911,-0.13594864248228483
2011-07-06 08:47:00,-0.4236117229473523,0.2778457467632877,-0.1312014500017037
2011-07-06 08:48:00,-0.43966960571595487,0.3281084303297311,-0.1266921001991543
2011-07-06 08:49:00,-0.4538612996443353,0.3745630175106026,-0.1225414568657013
2011-07-06 08:50:00,-0.46597719419841044,0.41701959886100914,-0.11887252106839179
2011-07-06 08:51:00,-0.47582245354140035,0.45533672932015956,-0.11580891139507435
2011-07-06 08:52:00,-0.4832211194467001,0.48941928822909,-0.11347317631787651
2011-07-06 08:53:00,-0.48802007649491824,0.5192154749852064,-0.11198498130314848
2011-07-06 08:54:00,-0.4900927531724318,0.5447131275114471,-0.11145922021119711
2011-07-06 08:55:00,-0.48934242559503305,0.5659355752041147,-0.11200410636229487
2011-07-06 08:56:00,-0.48570499484952434,0.5829372491594352,-0.11371930208768892
2011-07-06 08:57:00,-0.4791511254282806,0.5957992669558374,-0.11669414558946677
2011-07-06 08:58:00,-0.46968765778231697,0.6046251874828604,-0.12100603030721194
2011-07-06 08:59:00,-0.45735823829397626,0.6095370975001949,-0.12671898550386415
2011-07-06 09:00:00,-0.442243142200805,0.6106721516595169,-0.1338824986660526
2011-07-06 09:01:00,-0.4244582981840991,0.608179646039477,-0.14253061146179608
2011-07-06 09:02:00,-0.40415355721411333,0.6022186631439028,-0.15268131158175188
2011-07-06 09:03:00,-0.3815102825893255,0.5929562831644274,-0.16433623260029653
2011-07-06 09:04:00,-0.3567383718081722,0.5805663127077616,-0.17748066323661849
2011-07-06 09:05:00,-0.33007285020795457,0.5652284427857737,-0.19208385724143284
2011-07-06 09:06:00,-0.3017701939332275,0.547127720394643,-0.2080996272511966
2011-07-06 09:07:00,-0.27210453800242324,0.5264542075968525,-0.22546720115976254
2011-07-06 09:08:00,-0.24136390169519562,0.5034027067852807,-0.24411231706320002
2011-07-06 09:09:00,-0.2098465244154145,0.4781724447634111,-0.2639485310921176
2011-07-06 09:10:00,-0.17785736182982967,0.45096662735742155,-0.28487871051318026
2011-07-06 09:11:00,-0.1457047534455746,0.4219917996788825,-0.30679668220747597
2011-07-06 09:12:00,-0.11369724181040232,0.3914569747010312,-0.3295890039416266
2011-07-06 09:13:00,-0.0821404996606431,0.35957252341693235,-0.3531368222911033
2011-07-06 09:14:00,-0.051334305713286024,0.32654885117478577,-0.3773177758825623
2011-07-06 09:15:00,-0.021569507158326395,0.2925949125174883,-0.4020078949463836
2011-07-06 09:16:00,0.006875078040350865,0.25791663605871284,-0.4270834378959455
2011-07-06 09:17:00,0.03373583511339752,0.22271533981115854,-0.4524225950507719
2011-07-06 09:18:00,0.0587675824209114,0.18718621763382726,-0.4779069842783902
2011-07-06 09:19:00,0.08174680645679656,0.15151697021654917,-0.5034228695424684
2011-07-06 09:20:00,0.10247483039974649,0.11588663862343437,-0.5288620530359991
2011-07-06 09:21:00,0.12078083058139509,0.08046467549280722,-0.5541224205636602
2011-07-06 09:22:00,0.13652460254573548,0.04541026180611862,-0.5791081518563524
2011-07-06 09:23:00,0.1495989653482197,0.010871850237401528,-0.6037296385109903
2011-07-06 09:24:00,0.1599316822960917,-0.023013105812583406,-0.6279031797886859
2011-07-06 09:25:00,0.16748677481908367,-0.056118291308086495,-0.6515505465808923
2011-07-06 09:26:00,0.1722651197818337,-0.08832859268273044,-0.6745985112790136
2011-07-06 09:27:00,0.17430425059188306,-0.1195401332274952,-0.6969784339426357
2011-07-06 09:28:00,0.17367732425108018,-0.14966031494621557,-0.7186259761892129
2011-07-06 09:29:00,0.17049126352308225,-0.17860788367924446,-0.7394809890552781
2011-07-06 09:30:00,0.1648841308430369,-0.20631301545949013,-0.7594875939172736
2011-07-06 09:31:00,0.15702183423042498,-0.23271740350122433,-0.7785944493799115
2011-07-06 09:32:00,0.14709429916437672,-0.2577743107248167,-0.7967551750299817
2011-07-06 09:33:00,0.13531125801884653,-0.2814485471167796,-0.8139288882595376
2011-07-06 09:34:00,0.12189780916948219,-0.3037163359905991,-0.8300808043200565
2011-07-06 09:35:00,0.10708988652721892,-0.32456504476713316,-0.8451828509570851
2011-07-06 09:36:00,0.09112976391588613,-0.34399276903002796,-0.8592142544077844
2011-07-06 09:37:00,0.07426170146655349,-0.3620077700259696,-0.8721620607430175
2011-07-06 09:38:00,0.0567278242890273,-0.37862777440769185,-0.8840215642612494
2011-07-06 09:39:00,0.03876430735691887,-0.39387915123720074,-0.8947966220708189
2011-07-06 09:40:00,0.020597924937651956,-0.4077959863160288,-0.9044998400604494
2011-07-06 09:41:00,0.002443008113599139,-0.4204190788902351,-0.9131526194176399
2011-07-06 09:42:00,-0.01550115987490982,-0.4317948905948235,-0.9207850552375695
2011-07-06 09:43:00,-0.03305249333671166,-0.4419744799285085,-0.9274356810467603
2011-07-06 09:44:00,-0.050047792873166276,-0.4510124562737389,-0.9331510563336451
2011-07-06 09:45:00,-0.0663439765608972,-0.45896598485969764,-0.9379851985532597
2011-07-06 09:46:00,-0.08181886468753975,-0.46589386823111845,-0.9419988662057428
2011-07-06 09:47:00,-0.09637153545194947,-0.4718557215501302,-0.9452587050419928
2011-07-06 09:48:00,-0.10992227445932864,-0.4769112498190991,-0.947836274658838
2011-07-06 09:49:00,-0.12241214588407917,-0.4811196264703585,-0.9498069770873742
2011-07-06 09:50:00,-0.133802217971583,-0.48453896595282214,-0.951248912017212
2011-07-06 09:51:00,-0.1440724797613452,-0.48722587852787974,-0.9522416848323135
2011-07-06 09:52:00,-0.1532204890639416,-0.4892350936225026,-0.9528651935501705
2011-07-06 09:53:00,-0.16125979368201598,-0.4906191386589343,-0.953198419128454
2011-07-06 09:54:00,-0.16821816884583107,-0.49142806262930383,-0.9533182409217121
2011-07-06 09:55:00,-0.17413571402289393,-0.4917091966445254,-0.953298296107171
2011-07-06 09:56:00,-0.17906285169476532,-0.49150694618077445,-0.9532078992764595
2011-07-06 09:57:00,-0.1830582694386132,-0.4908626111861625,-0.9531110363878175
2011-07-06 09:58:00,-0.18618684486020304,-0.4898142304716415,-0.9530654459123671
2011-07-06 09:59:00,-0.1885175907334268,-0.48839644625609396,-0.953121799081268
2011-07-06 10:00:00,-0.19012165518559304,-0.4866403841575152,-0.9533229902337915
2011-07-06 10:01:00,-0.19107040898202848,-0.4845735439941896,-0.9537035470020513
2011-07-06 10:02:00,-0.19143364896543533,-0.4822196975998993,-0.9542891682967289
2011-07-06 10:03:00,-0.19127794355426525,-0.47959879126338156,-0.955096395771002
2011-07-06 10:04:00,-0.19066514290964875,-0.4767268520881123,-0.9561324217856082
2011-07-06 10:05:00,-0.18965107288341296,-0.4736158990769215,-0.9573950343172547
2011-07-06 10:06:00,-0.18828442816189447,-0.4702738607217484,-0.9588726972004398
2011-07-06 10:07:00,-0.18660587625683478,-0.4667045015136606,-0.9605447625843091
2011-07-06 10:08:00,-0.18464738027109473,-0.4629073605771671,-0.9623818111881957
2011-07-06 10:09:00,-0.18243174462522174,-0.4588777067654071,-0.9643461146212192
2011-07-06 10:10:00,-0.17997238405834523,-0.45460651579009614,-0.9663922127238033
2011-07-06 10:11:00,-0.17727331219813147,-0.4500804759781047,-0.9684675977034554
2011-07-06 10:12:00,-0.17432934194480873,-0.4452820299513793,-0.9705134957733146
2011-07-06 10:13:00,-0.17112648605422728,-0.4401894600262808,-0.9724657359543222
2011-07-06 10:14:00,-0.16764254286559807,-0.4347770254812895,-0.9742556946007032
2011-07-06 10:15:00,-0.1638478491713118,-0.4290151600069287,-0.9758113030616982
2011-07-06 10:16:00,-0.15970617970321443,-0.4228707375558449,-0.9770581047380916
2011-07-06 10:17:00,-0.15517577066769542,-0.41630741428831985,-0.9779203467131331
2011-07-06 10:18:00,-0.15021044329951,-0.4092860533206628,-0.9783220902081632
2011-07-06 10:19:00,-0.14476080224336574,-0.40176523804969777,-0.9781883232561752
2011-07-06 10:20:00,-0.13877548223067226,-0.39370187965485,-0.9774460580543672
2011-07-06 10:21:00,-0.13220241505352986,-0.3850519246868408,-0.9760253945424819
2011-07-06 10:22:00,-0.12499008796557048,-0.37577116748651357,-0.9738605313624612
2011-07-06 10:23:00,-0.1170887650080575,-0.365816166942249,-0.9708907061624756
2011-07-06 10:24:00,-0.10845164431979308,-0.3551452571047828,-0.9670610494454779
2011-07-06 10:25:00,-0.09903592655337429,-0.343719629280618,-0.9623233392141805
2011-07-06 10:26:00,-0.0888037713678296,-0.33150445395396533,-0.9566366465110099
2011-07-06 10:27:00,-0.0777231204356311,-0.3184700067825939,-0.9499678640427525
2011-07-06 10:28:00,-0.06576836696059661,-0.3045927631346116,-0.9422921116558646
2011-07-06 10:29:00,-0.05292085410769693,-0.2898564277254913,-0.9335930141148816
2011-07-06 10:30:00,-0.039169188632147973,-0.27425286808329785,-0.9238628489021331
2011-07-06 10:31:00,-0.02450936156755221,-0.25778292264680575,-0.9131025646320252
2011-07-06 10:32:00,-0.008944674812077988,-0.24045705746447146,-0.9013216737758005
2011-07-06 10:33:00,0.00751451961360148,-0.22229585107982114,-0.8885380263064264
2011-07-06 10:34:00,0.024851252253628053,-0.20333029550535142,-0.8747774736514898
2011-07-06 10:35:00,0.043042516224841364,-0.18360191099659087,-0.8600734355897002
2011-07-06 10:36:00,0.06205995992466218,-0.16316268172144832,-0.8444663871565449
2011-07-06 10:37:00,0.08187064689591961,-0.1420748268334591,-0.8280032886007924
2011-07-06 10:38:00,0.10243782549765397,-0.12041042684332663,-0.8107369888191652
2011-07-06 10:39:00,0.12372163910509462,-0.0982509298199033,-0.7927256408402497
2011-07-06 10:40:00,0.14567969805676062,-0.07568656598589926,-0.7740321751667673
2011-07-06 10:41:00,0.1682674328323771,-0.05281570004801084,-0.7547238794296561
2011-07-06 10:42:00,0.19143816042742337,-0.02974414507395768,-0.7348721259336584
2011-07-06 10:43:00,0.21514282504167911,-0.006584449901423264,-0.7145522699153543
2011-07-06 10:44:00,0.23932941570562757,0.016544843114849595,-0.6938437134088626
2011-07-06 10:45:00,0.2639421093720353,0.03951998824198353,-0.6728300982697376
2011-07-06 10:46:00,0.2889202303018438,0.06221290442749315,-0.6515995631155107
2011-07-06 10:47:00,0.31419714735335896,0.0844921566788241,-0.6302449784953599
2011-07-06 10:48:00,0.3396992433778323,0.10622408248464084,-0.6088640672120385
2011-07-06 10:49:00,0.3653450841139025,0.12727408286735464,-0.5875593234167218
2011-07-06 10:50:00,0.39104489302359763,0.14750808171139207,-0.5664376616697622
2011-07-06 10:51:00,0.41670041044519723,0.16679414301604809,-0.5456097508931836
2011-07-06 10:52:00,0.4422051845046451,0.18500422639078432,-0.5251890145256676
2011-07-06 10:53:00,0.46744530878431206,0.2020160537956958,-0.5052903054920418
2011-07-06 10:54:00,0.4923005882188065,0.21771504921597135,-0.4860282921602817
2011-07-06 10:55:00,0.5166460813611033,0.2319962948845565,-0.46751561832695365
2011-07-06 10:56:00,0.5403539377387604,0.24476642834231527,-0.4498609233286681
2011-07-06 10:57:00,0.5632954290680258,0.2559453941558442,-0.4331668223882653
2011-07-06 10:58:00,0.5853430661581986,0.2654679681753352,-0.4175279487466012
2011-07-06 10:59:00,0.6063726978566214,0.27328498800160456,-0.40302914979076365
2011-07-06 11:00:00,0.6262654995850474,0.2793642436761292,-0.38974391465945873
2011-07-06 11:01:00,0.644909772902025,0.28369100183151663,-0.3777330951632506
2011-07-06 11:02:00,0.6622024921244264,0.2862681526069925,-0.36704396716548027
2011-07-06 11:03:00,0.6780505483786677,0.2871159822175096,-0.3577096662232825
2011-07-06 11:04:00,0.6923716550195073,0.2862715864325867,-0.3497490191119265
2011-07-06 11:05:00,0.7050948913110295,0.28378795147086716,-0.34316678125503886
2011-07-06 11:06:00,0.7161608741006544,0.27973273810779303,-0.3379542784408894
2011-07-06 11:07:00,0.725521560049544,0.2741868118177789,-0.3340904394017565
2011-07-06 11:08:00,0.7331396934598469,0.2672425672148892,-0.3315431941668886
2011-07-06 11:09:00,0.7389879265916571,0.2590020995052772,-0.33027120169549934
2011-07-06 11:10:00,0.7430476509530353,0.24957527829231976,-0.33022585885176325
2011-07-06 11:11:00,0.7453075902212863,0.23907777823740983,-0.33135353096102593
2011-07-06 11:12:00,0.7457622186809734,0.2276291167588991,-0.3335979320252767
2011-07-06 11:13:00,0.7444100829631473,0.21535074350592845,-0.3369025705123899
2011-07-06 11:14:00,0.7412521187452031,0.20236422230884815,-0.34121316477756963
2011-07-06 11:15:00,0.7362900673767103,0.18878954447466798,-0.346479920909765
2011-07-06 11:16:00,0.7295251087869915,0.17474361171134684,-0.35265955631076296
2011-07-06 11:17:00,0.7209568326142158,0.16033892553221427,-0.3597169482151692
2011-07-06 11:18:00,0.7105826634697832,0.1456825153969765,-0.3676262930805916
2011-07-06 11:19:00,0.6983978351654591,0.1308751289385464,-0.3763716835456206
2011-07-06 11:20:00,0.6843959746696451,0.11601069491556225,-0.3859470423321717
2011-07-06 11:21:00,0.6685703149766375,0.10117605465626894,-0.3963553915646881
2011-07-06 11:22:00,0.6509155115056087,0.08645094316741185,-0.40760747687124665
2011-07-06 11:23:00,0.6314299914117049,0.07190818916455298,-0.4197198061046038
2011-07-06 11:24:00,0.6101187213204093,0.057614094486313876,-0.432712201274226
2011-07-06 11:25:00,0.5869962407494829,0.04362894632492967,-0.4466049965016294
2011-07-06 11:26:00,0.5620897824177163,0.03000761023489855,-0.4614160392517594
2011-07-06 11:27:00,0.5354422917857712,0.01680014996174585,-0.47715766181895747
2011-07-06 11:28:00,0.5071151659289473,0.004052423222155111,-0.4938337846803919
2011-07-06 11:29:00,0.47719055080738115,-0.008193390366450386,-0.5114372973349244
2011-07-06 11:30:00,0.4457730606086796,-0.019898364106402285,-0.5299478408943108
2011-07-06 11:31:00,0.41299081020399425,-0.031026527275441602,-0.5493300929514356
2011-07-06 11:32:00,0.37899568113200316,-0.041544712426095184,-0.5695326300322925
2011-07-06 11:33:00,0.3439627728881441,-0.05142255378637577,-0.5904874164938199
2011-07-06 11:34:00,0.30808902469811544,-0.06063263509444606,-0.6121099412067181
2011-07-06 11:35:00,0.2715910284097437,-0.0691507769683901,-0.6342999947949343
2011-07-06 11:36:00,0.23470209058008837,-0.07695644510669326,-0.6569430506294874
2011-07-06 11:37:00,0.1976686404173123,-0.08403325060652543,-0.6799121829091249
2011-07-06 11:38:00,0.160746116572492,-0.09036950319021556,-0.7030704276227575
2011-07-06 11:39:00,0.12419449307811481,-0.09595877004990089,-0.7262734718413981
2011-07-06 11:40:00,0.0882736161142384,-0.10080039123709864,-0.749372548245223
2011-07-06 11:41:00,0.05323851749501214,-0.10489990856062924,-0.7722174156276028
2011-07-06 11:42:00,0.019334853250162085,-0.10826937632249878,-0.7946593183387738
2011-07-06 11:43:00,-0.01320540659362945,-0.1109275347376271,-0.8165538331298116
2011-07-06 11:44:00,-0.044167933878799304,-0.11289983787300098,-0.8377635274695181
2011-07-06 11:45:00,-0.07335956280509803,-0.1142183367679116,-0.8581603680713197
2011-07-06 11:46:00,-0.10061131450489713,-0.11492142509153765,-0.8776278320012091
2011-07-06 11:47:00,-0.12578088346407332,-0.11505345917033892,-0.8960626854705376
2011-07-06 11:48:00,-0.14875455949988373,-0.11466426660223913,-0.9133764072841927
2011-07-06 11:49:00,-0.16944857264930985,-0.11380855860363097,-0.9294962448387293
2011-07-06 11:50:00,-0.18780985966123084,-0.11254526138911018,-0.9443659004850635
2011-07-06 11:51:00,-0.2038162600160645,-0.11093678148372282,-0.9579458549747123
2011-07-06 11:52:00,-0.2174761569530968,-0.10904821910157346,-0.9702133425453613
2011-07-06 11:53:00,-0.22882758522828095,-0.10694654334050452,-0.9811619988769407
2011-07-06 11:54:00,-0.23793683247437972,-0.10469974352633007,-0.9908012086793649
2011-07-06 11:55:00,-0.24489656561479817,-0.10237597185357732,-0.9991551842203835
2011-07-06 11:56:00,-0.24982351882647938,-0.10004269202666768,-1.006261809756792
2011-07-06 11:57:00,-0.2528557860088353,-0.09776584641905135,-1.0121712894843096
2011-07-06 11:58:00,-0.25414976867790323,-0.09560905117133142,-1.016944638181783
2011-07-06 11:59:00,-0.2538768388981175,-0.09363282554963523,-1.0206520543435431
2011-07-06 12:00:00,-0.25221978542733947,-0.09189385933442873,-1.0233712155038075
2011-07-06 12:01:00,-0.2493691192464386,-0.09044432107094046,-1.0251855347261583
2011-07-06 12:02:00,-0.2455193219275624,-0.08933121214097119,-1.02618241584353
2011-07-06 12:03:00,-0.24086512665517543,-0.08859577702064583,-1.0264515431430474
2011-07-06 12:04:00,-0.23559792637936736,-0.08827298693305284,-1.0260832390605312
2011-07-06 12:05:00,-0.22990240472508294,-0.08839111954658188,-1.0251669211539924
2011-07-06 12:06:00,-0.22395348059464293,-0.08897145909216618,-1.0237896869540553
2011-07-06 12:07:00,-0.21791364549784387,-0.09002813831463925,-1.022035051823564
2011-07-06 12:08:00,-0.21193075339480216,-0.09156813623756298,-1.0199818600391548
2011-07-06 12:09:00,-0.2061362975881815,-0.09359143493602505,-1.0177033824668944
2011-07-06 12:10:00,-0.20064418261970846,-0.09609132700862401,-1.0152666062604356
2011-07-06 12:11:00,-0.19554997868826474,-0.09905485690156708,-1.0127317151033248
2011-07-06 12:12:00,-0.19093063636299817,-0.10246337586296617,-1.0101517542233973
2011-07-06 12:13:00,-0.1868446375000882,-0.10629319104818002,-1.007572472293458
2011-07-06 12:14:00,-0.18333255721054054,-0.11051629116653978,-1.0050323308772595
2011-07-06 12:15:00,-0.18041800686489645,-0.11510113198042833,-1.0025626704415733
2011-07-06 12:16:00,-0.17810891982829385,-0.12001346491038947,-1.000188020325658
2011-07-06 12:17:00,-0.1763991319454862,-0.12521719115964638,-0.9979265386221758
2011-07-06 12:18:00,-0.17527019867819102,-0.1306752213973276,-0.9957905662665202
2011-07-06 12:19:00,-0.17469338184007166,-0.13635031745789636,-0.9937872775352644
2011-07-06 12:20:00,-0.17463173449428415,-0.14220589005230352,-0.9919194072487488
2011-07-06 12:21:00,-0.17504221479510226,-0.14820672688737618,-0.9901860340101529
2011-07-06 12:22:00,-0.17587776671402072,-0.15431962858927448,-0.9885833987933096
2011-07-06 12:23:00,-0.1770893144845529,-0.16051393464925137,-0.9871057385997132
2011-07-06 12:24:00,-0.17862762621018596,-0.16676192770007806,-0.9857461154054178
2011-07-06 12:25:00,-0.18044500995438117,-0.17303911075641074,-0.9844972212317856
2011-07-06 12:26:00,-0.18249681297435333,-0.17932435734505833,-0.983352141017022
2011-07-06 12:27:00,-0.18474270173285212,-0.18559993830398763,-0.9823050560545049
2011-07-06 12:28:00,-0.18714770680403514,-0.19185143226253762,-0.9813518720306252
2011-07-06 12:29:00,-0.1896830224454742,-0.19806753074568584,-0.9804907570393775
2011-07-06 12:30:00,-0.19232655524017722,-0.20423975387500024,-0.9797225762960936
2011-07-06 12:31:00,-0.19506322007509425,-0.2103620973545082,-0.9790512116788178
2011-07-06 12:32:00,-0.19788498539467422,-0.21643063366243975,-0.9784837559090228
2011-07-06 12:33:00,-0.20079067373749912,-0.22244308936837456,-0.9780305733167415
2011-07-06 12:34:00,-0.20378552836531139,-0.2283984174537314,-0.9777052216817437
2011-07-06 12:35:00,-0.20688056203808072,-0.23429638009266646,-0.9775242324522224
2011-07-06 12:36:00,-0.2100917087219651,-0.24013715450549328,-0.9775067496274341
2011-07-06 12:37:00,-0.21343880238114435,-0.2459209724038959,-0.9776740307332022
2011-07-06 12:38:00,-0.21694440901714843,-0.25164780162923095,-0.9780488166016673
2011-07-06 12:39:00,-0.22063253944719755,-0.2573170758061461,-0.9786545800516162
2011-07-06 12:40:00,-0.2245272713811211,-0.2629274738643189,-0.9795146669604888
2011-07-06 12:41:00,-0.22865130998445127,-0.26847674722625053,-0.9806513464528857
2011-07-06 12:42:00,-0.23302451603181876,-0.27396158966475354,-0.9820847898868478
2011-07-06 12:43:00,-0.23766243007015914,-0.2793775430638263,-0.9838320011014
2011-07-06 12:44:00,-0.24257482002757916,-0.2847189297876482,-0.9859057232099248
2011-07-06 12:45:00,-0.24776427863871828,-0.28997879785059155,-0.9883133500215918
2011-07-06 12:46:00,-0.25322489609534216,-0.29514885989571266,-0.9910558723268416
2011-07-06 12:47:00,-0.2589410325918548,-0.3002194044067172,-0.9941268898858808
2011-07-06 12:48:00,-0.2648862148101457,-0.3051791598038028,-0.9975117186305975
2011-07-06 12:49:00,-0.2710221796458054,-0.31001509818592077,-1.0011866199507116
2011-07-06 12:50:00,-0.27729808751156093,-0.3147121729139433,-1.0051181759891425
2011-07-06 12:51:00,-0.28364992637514364,-0.3192529914841883,-1.0092628320285049
2011-07-06 12:52:00,-0.29000012632340416,-0.323617432393711,-1.0135666239847405
2011-07-06 12:53:00,-0.2962574029823422,-0.3277822225161984,-1.0179651052769567
2011-07-06 12:54:00,-0.30231684668694053,-0.3317204996519893,-1.022383482823766
2011-07-06 12:55:00,-0.308060272757378,-0.3354013921181449,-1.0267369669581676
2011-07-06 12:56:00,-0.3133568460887137,-0.33878965210455075,-1.0309313351232678
2011-07-06 12:57:00,-0.318063989990494,-0.34184538165684825,-1.0348637046376703
2011-07-06 12:58:00,-0.3220285848215566,-0.3445238898156878,-1.0384235058949423
2011-07-06 12:59:00,-0.32508845694543503,-0.346775716218875,-1.0414936445006413
2011-07-06 13:00:00,-0.3270741534062887,-0.3485468497384635,-1.0439518392395615
2011-07-06 13:01:00,-0.3278109927789902,-0.3497791614265031,-1.0456721219704224
2011-07-06 13:02:00,-0.32712137800423013,-0.35041106137857014,-1.046526484824771
2011-07-06 13:03:00,-0.3248273527052034,-0.35037838050575504,-1.0463866590021285
2011-07-06 13:04:00,-0.3207533783242764,-0.3496154707499804,-1.0451260079378275
2011-07-06 13:05:00,-0.3147293049504147,-0.3480565109276449,-1.0426215156598841
2011-07-06 13:06:00,-0.3065935032987336,-0.34563700011906967,-1.0387558487649633
2011-07-06 13:07:00,-0.2961961186702055,-0.3422954153645751,-1.0334194679792317
2011-07-06 13:08:00,-0.2834024004494928,-0.33797500366697,-1.0265127633427855
2011-07-06 13:09:00,-0.2680960540122797,-0.33262566926360165,-1.0179481859975992
2011-07-06 13:10:00,-0.25018255682227314,-0.3262059069061165,-1.0076523491488556
2011-07-06 13:11:00,-0.22959237728194212,-0.31868472217557,-0.9955680705280051
2011-07-06 13:12:00,-0.20628403317673621,-0.310043472291676,-0.9816563280835257
2011-07-06 13:13:00,-0.18024692563594522,-0.3002775571968165,-0.9658980991208531
2011-07-06 13:14:00,-0.15150388392721295,-0.28939789197319615,-0.9482960505648479
2011-07-06 13:15:00,-0.12011335608106531,-0.27743209711756217,-0.9288760450572766
2011-07-06 13:16:00,-0.0861711805361037,-0.264425351067149,-0.907688425095578
2011-07-06 13:17:00,-0.04981187487012576,-0.25044085864241367,-0.8848090356089928
2011-07-06 13:18:00,-0.011209379428205067,-0.23555990000231472,-0.8603399437427252
2011-07-06 13:19:00,0.02942280325339032,-0.2198814382055407,-0.8344098124500912
2011-07-06 13:20:00,0.07183212721228316,-0.20352127996660316,-0.8071738817642085
2011-07-06 13:21:00,0.11572822632847263,-0.18661080206397926,-0.7788135099200936
2011-07-06 13:22:00,0.16078487809827807,-0.16929527153923693,-0.7495352284244626
2011-07-06 13:23:00,0.20664273116648313,-0.1517317986382031,-0.7195692723462924
2011-07-06 13:24:00,0.2529128048134839,-0.13408696772656256,-0.6891675591635946
2011-07-06 13:25:00,0.2991807511589727,-0.11653419548180724,-0.6586011050745333
2011-07-06 13:26:00,0.345011850845872,-0.09925086963015775,-0.6281568856709094
2011-07-06 13:27:00,0.3899566901274687,-0.0824153263833547,-0.5981341678149238
2011-07-06 13:28:00,0.43355744121955075,-0.0662037307015261,-0.5688403613650731
2011-07-06 13:29:00,0.47535463835985486,-0.05078693016306252,-0.5405864629637258
2011-07-06 13:30:00,0.5148943105821001,-0.03632735948892024,-0.5136821885022856
2011-07-06 13:31:00,0.5517353034746958,-0.022976076572184742,-0.4884309131137061
2011-07-06 13:32:00,0.5854566037630656,-0.010870009601988266,-0.465124552633746
2011-07-06 13:33:00,0.6156644779354399,-0.00012948718246104314,-0.44403852451340026
2011-07-06 13:34:00,0.641999247996069,0.009143889622294031,-0.4254269195497803
2011-07-06 13:35:00,0.6641415473034379,0.016868989934443784,-0.40951800258221127
2011-07-06 13:36:00,0.6818179213163087,0.02298648274908438,-0.3965101447093778
2011-07-06 13:37:00,0.6948056591836695,0.0274597404293903,-0.386568273938284
2011-07-06 13:38:00,0.70293676204527,0.030275314807916502,-0.3798209161664931
2011-07-06 13:39:00,0.7061009729304882,0.031442993622133666,-0.37635788403308773
2011-07-06 13:40:00,0.7042478115134679,0.03099545095766256,-0.3762286573309073
2011-07-06 13:41:00,0.6973875748434959,0.028987509270172837,-0.37944148526829463
2011-07-06 13:42:00,0.6855912826505455,0.02549503354891769,-0.3859632278162089
2011-07-06 13:43:00,0.6689895631315803,0.020613481075638183,-0.39571994053540893
2011-07-06 13:44:00,0.6477704925319645,0.014456133389017026,-0.4085981944597864
2011-07-06 13:45:00,0.6221764196581809,0.007152040579328524,-0.42444710960568893
2011-07-06 13:46:00,0.5924998250050293,-0.0011562880929808655,-0.4430810672707493
2011-07-06 13:47:00,0.5590782837554125,-0.01031540904245002,-0.4642830522741464
2011-07-06 13:48:00,0.5222886228038259,-0.020163641870608,-0.48780856147702584
2011-07-06 13:49:00,0.4825403844394582,-0.030533891749861614,-0.5133899991197923
2011-07-06 13:50:00,0.44026873353932255,-0.041256543394476736,-0.5407414626443647
2011-07-06 13:51:00,0.3959269703239907,-0.05216236740479211,-0.5695638053423261
2011-07-06 13:52:00,0.34997883365537835,-0.06308537418765123,-0.5995498468178672
2011-07-06 13:53:00,0.3028907941162086,-0.07386554752048527,-0.6303895933562561
2011-07-06 13:54:00,0.2551245354941873,-0.08435139151028455,-0.6617753319165787
2011-07-06 13:55:00,0.20712980700037642,-0.09440223141891375,-0.693406473895482
2011-07-06 13:56:00,0.1593378020235651,-0.10389021849659928,-0.7249940441420648
2011-07-06 13:57:00,0.11215518950209852,-0.1127020001305864,-0.7562647318584583
2011-07-06 13:58:00,0.06595889535633899,-0.12074002956921431,-0.7869644396545937
2011-07-06 13:59:00,0.021091704860251397,-0.1279235038468352,-0.8168612843029852
2011-07-06 14:00:00,-0.022141268109465668,-0.1341889321571477,-0.8457480183206434
2011-07-06 14:01:00,-0.06347522230422042,-0.13949034799046386,-0.8734438561049453
2011-07-06 14:02:00,-0.10268741887368207,-0.1437991868077527,-0.8997957020944063
2011-07-06 14:03:00,-0.1395980551513394,-0.14710385745245622,-0.9246787910851763
2011-07-06 14:04:00,-0.17407029261100135,-0.14940903994904184,-0.9479967621384519
2011-07-06 14:05:00,-0.20600948221755352,-0.15073474457816796,-0.9696811972611824
2011-07-06 14:06:00,-0.23536164236226953,-0.15111516732219937,-0.9896906641733071
2011-07-06 14:07:00,-0.2621112551428432,-0.15059737558474964,-1.008009309069302
2011-07-06 14:08:00,-0.2862784554357469,-0.14923985620208885,-1.024645050467036
2011-07-06 14:09:00,-0.30791569380488765,-0.14711095565271182,-1.0396274291198417
2011-07-06 14:10:00,-0.3271039588898204,-0.14428724034007973,-1.053005171622712
2011-07-06 14:11:00,-0.34394864778319084,-0.14085180310616557,-1.0648435268217844
2011-07-06 14:12:00,-0.35857517437055714,-0.13689254087343364,-1.0752214344820301
2011-07-06 14:13:00,-0.3711244059750641,-0.13250042752545435,-1.084228584940699
2011-07-06 14:14:00,-0.381748018123171,-0.12776780562508197,-1.0919624267857666
2011-07-06 14:15:00,-0.3906038558230715,-0.12278671991487473,-1.0985251771468452
2011-07-06 14:16:00,-0.3978513871936389,-0.11764731442683492,-1.1040208862151308
2011-07-06 14:17:00,-0.40364733134234476,-0.11243631358514683,-1.1085526042913894
2011-07-06 14:18:00,-0.40814153710883966,-0.10723560620074048,-1.112219696028453
2011-07-06 14:19:00,-0.41147318293318613,-0.1021209494828891,-1.115115342579065
2011-07-06 14:20:00,-0.4137673606856099,-0.09716080757658638,-1.1173242681847964
2011-07-06 14:21:00,-0.41513209755337216,-0.09241533583831646,-1.1189207235268581
2011-07-06 14:22:00,-0.4156558601529995,-0.0879355191351711,-1.1199667539620395
2011-07-06 14:23:00,-0.41540557470009887,-0.08376247083120976,-1.1205107764532976
2011-07-06 14:24:00,-0.4144251870977606,-0.07992689885119937,-1.1205864844331448
2011-07-06 14:25:00,-0.4127347773600357,-0.07644874552028808,-1.1202120950385317
2011-07-06 14:26:00,-0.4103302336843892,-0.07333700777862621,-1.11938994825483
2011-07-06 14:27:00,-0.4071834827713411,-0.07058974309980767,-1.1181064625405337
2011-07-06 14:28:00,-0.4032432649027665,-0.06819426348174175,-1.116332446418447
2011-07-06 14:29:00,-0.3984364348730396,-0.06612751511918319,-1.1140237603151437
2011-07-06 14:30:00,-0.3926697629496379,-0.06435663566160749,-1.1111223177112968
2011-07-06 14:31:00,-0.38583220350507824,-0.0628396759012099,-1.1075574095398222
2011-07-06 14:32:00,-0.3777975928130121,-0.061526469453487345,-1.1032473307741524
2011-07-06 14:33:00,-0.36842773174047044,-0.060359632545739526,-1.098101283279772
2011-07-06 14:34:00,-0.3575758035352169,-0.059275675896436154,-1.092021524301871
2011-07-06 14:35:00,-0.34509007126278435,-0.05820621123418767,-1.0849057255629266
2011-07-06 14:36:00,-0.33081779349985857,-0.057079235638466584,-1.0766495039841426
2011-07-06 14:37:00,-0.3146092909502001,-0.05582047714741468,-1.0671490815568887
2011-07-06 14:38:00,-0.29632209140789667,-0.05435478495805503,-1.0563040288155063
2011-07-06 14:39:00,-0.2758250765350255,-0.05260754724870339,-1.0440200436678573
2011-07-06 14:40:00,-0.25300255144397654,-0.05050611928750569,-1.0302117150843455
2011-07-06 14:41:00,-0.2277581570355588,-0.04798124410804796,-1.014805219436974
2011-07-06 14:42:00,-0.2000185453743853,-0.04496844780601333,-0.9977408962192681
2011-07-06 14:43:00,-0.16973673999549918,-0.041409391643615366,-0.9789756495770984
2011-07-06 14:44:00,-0.13689510583581924,-0.03725316354759609,-0.9584851226810314
2011-07-06 14:45:00,-0.1015078574958639,-0.03245749159302409,-0.9362655936212277
2011-07-06 14:46:00,-0.06362303992026266,-0.026989860830423887,-0.9123355443324959
2011-07-06 14:47:00,-0.023323922540973263,-0.020828512242260983,-0.8867368581581687
2011-07-06 14:48:00,0.019270243323590074,-0.013963299526890054,-0.8595356071244232
2011-07-06 14:49:00,0.06400414322723387,-0.006396376564884221,-0.8308223969100188
2011-07-06 14:50:00,0.11068702086162246,0.0018573138698331204,-0.8007122459104915
2011-07-06 14:51:00,0.15909401280745136,0.010769780650174268,-0.7693439846855818
2011-07-06 14:52:00,0.20896819038609393,0.02029998300142981,-0.7368791733991461
2011-07-06 14:53:00,0.26002328329995666,0.03039411074114807,-0.703500547568543
2011-07-06 14:54:00,0.31194703934343454,0.04098615919577582,-0.6694100163631304
2011-07-06 14:55:00,0.3644051522303129,0.051998797008134805,-0.6348262525949178
2011-07-06 14:56:00,0.4170456653534228,0.063344506992503,-0.5999819294286483
2011-07-06 14:57:00,0.4695037347500334,0.0749269627728334,-0.5651206752113445
2011-07-06 14:58:00,0.5214066150182297,0.08664259146387836,-0.5304938318364925
2011-07-06 14:59:00,0.572378724691798,0.09838226739213364,-0.49635710885342366
2011-07-06 15:00:00,0.6220466559209813,0.110033083121703,-0.46296722232006216
2011-07-06 15:01:00,0.6700440131643416,0.12148014933785307,-0.43057859635312995
2011-07-06 15:02:00,0.7160159895277678,0.132608381921723,-0.3994401912141509
2011-07-06 15:03:00,0.7596236122585583,0.14330424138380563,-0.36979250792404933
2011-07-06 15:04:00,0.8005476090384567,0.1534573962343052,-0.3418648068413339
2011-07-06 15:05:00,0.8384918639917394,0.16296228771474405,-0.31587256645350126
2011-07-06 15:06:00,0.8731864468372086,0.17171957848554806,-0.2920151989345581
2011-07-06 15:07:00,0.9043902104688577,0.17963747230149843,-0.2704740309696552
2011-07-06 15:08:00,0.9318929615889059,0.1866328954348495,-0.25141055194929013
2011-07-06 15:09:00,0.9555172160331924,0.19263253364079244,-0.23496492675151257
2011-07-06 15:10:00,0.9751195553594344,0.19757372074666166,-0.22125476677286177
2011-07-06 15:11:00,0.9905916043552722,0.20140517644407116,-0.21037415047837937
2011-07-06 15:12:00,1.00186065057539,0.20408759167496357,-0.20239288342242817
2011-07-06 15:13:00,1.0088899270163234,0.20559406037402836,-0.1973559873873881
2011-07-06 15:14:00,1.0116785777735464,0.20591035651965303,-0.19528340890849868
2011-07-06 15:15:00,1.0102613242273775,0.20503505560785992,-0.19616993883838849
2011-07-06 15:16:00,1.0047078462408174,0.20297949984039532,-0.1999853365387916
2011-07-06 15:17:00,0.9951218893113315,0.19976760650734282,-0.20667465455073322
2011-07-06 15:18:00,0.9816401048870717,0.19543551926006592,-0.21615876199124742
2011-07-06 15:19:00,0.9644306274129195,0.19003110225534242,-0.22833506727186204
2011-07-06 15:20:00,0.9436913883770782,0.18361327756832208,-0.2430784428503253
2011-07-06 15:21:00,0.9196481649376678,0.17625120688845494,-0.2602423564307667
2011-07-06 15:22:00,0.8925523588642614,0.16802331939569526,-0.2796602141416013
2011-07-06 15:23:00,0.8626785007644396,0.15901618892895986,-0.30114692157605993
2011-07-06 15:24:00,0.8303214751000251,0.14932326516907826,-0.32450066801743527
2011-07-06 15:25:00,0.795793463536804,0.13904346562579856,-0.3495049375393757
2011-07-06 15:26:00,0.7594206079053076,0.1282796377972976,-0.37593074782994074
2011-07-06 15:27:00,0.7215393996530641,0.11713690400587733,-0.4035391134063326
2011-07-06 15:28:00,0.6824928102970819,0.10572090514173102,-0.4320837242469883
2011-07-06 15:29:00,0.6426261871745861,0.09413596390066105,-0.4613138236650126
2011-07-06 15:30:00,0.6022829508529556,0.0824831931134194,-0.4909772603935412
2011-07-06 15:31:00,0.5618001449872823,0.07085858046332472,-0.5208236792772886
2011-07-06 15:32:00,0.5215039062762876,0.05935108729683719,-0.5506078026086009
2011-07-06 15:33:00,0.4817049414321959,0.04804080633585852,-0.580092740039179
2011-07-06 15:34:00,0.44269411902790445,0.03699723066549311,-0.6090532497306372
2011-07-06 15:35:00,0.4047383038499118,0.02627769341530832,-0.6372788592599727
2011-07-06 15:36:00,0.36807657409702155,0.015926041912210438,-0.6645767462746276
2011-07-06 15:37:00,0.3329169611778726,0.00597160917452536,-0.6907742805036847
2011-07-06 15:38:00,0.29943383639745885,-0.0035714617033360575,-0.7157211411700297
2011-07-06 15:39:00,0.26776604295249506,-0.012704497348212282,-0.7392909432168884
2011-07-06 15:40:00,0.2380158415841671,-0.02144415097503371,-0.7613823269909923
2011-07-06 15:41:00,0.2102487076296435,-0.029821826430515938,-0.7819194861897569
2011-07-06 15:42:00,0.18449398719669624,-0.03788267663653927,-0.800852127466021
2011-07-06 15:43:00,0.16074639128045126,-0.04568419931182261,-0.8181548725345846
2011-07-06 15:44:00,0.13896827945403045,-0.053294466440480776,-0.8338261302429797
2011-07-06 15:45:00,0.1190926596337338,-0.06079003581034272,-0.8478864818150131
2011-07-06 15:46:00,0.10102680739516792,-0.06825360367896803,-0.8603766372428122
2011-07-06 15:47:00,0.08465638748830873,-0.07577146756740365,-0.8713550346030967
2011-07-06 15:48:00,0.06984994164951697,-0.08343087708588469,-0.880895166965221
2011-07-06 15:49:00,0.05646359040142307,-0.09131735752060341,-0.8890827334981112
2011-07-06 15:50:00,0.044345782531041725,-0.09951209425802324,-0.896012721864219
2011-07-06 15:51:00,0.033341916782764124,-0.10808946519257154,-0.9017865360722054
2011-07-06 15:52:00,0.02329866165816454,-0.11711480281307488,-0.9065092835891716
2011-07-06 15:53:00,0.014067817227384939,-0.12664245729570342,-0.9102873232996007
2011-07-06 15:54:00,0.005509598837597968,-0.13671421658532892,-0.9132261508331597
2011-07-06 15:55:00,-0.002504729031122505,-0.1473581205086894,-0.9154286637943935
2011-07-06 15:56:00,-0.010090889421533425,-0.15858768614952834,-0.9169938135098277
2011-07-06 15:57:00,-0.01735027699353991,-0.17040154401722685,-0.9180156195709092
2011-07-06 15:58:00,-0.024369237051367586,-0.1827834710414981,-0.9185825040402488
2011-07-06 15:59:00,-0.031218871909100745,-0.19570279728892526,-0.918776893998761
2011-07-06 16:00:00,-0.03795530043488788,-0.209115156998371,-0.9186750399894839
2011-07-06 16:01:00,-0.04462029355066871,-0.22296354948696254,-0.9183469999516349
2011-07-06 16:02:00,-0.05124220835222548,-0.23717967090850076,-0.9178567424246777
2011-07-06 16:03:00,-0.05783714725064058,-0.25168547317858875,-0.9172623291503609
2011-07-06 16:04:00,-0.06441027533175057,-0.26639490127892684,-0.916616144817524
2011-07-06 16:05:00,-0.07095723719739877,-0.2812157557965373,-0.9159651491022742
2011-07-06 16:06:00,-0.07746562265584853,-0.29605162664196916,-0.9153511321254933
2011-07-06 16:07:00,-0.08391643826803308,-0.31080384803625294,-0.9148109585734104
2011-07-06 16:08:00,-0.0902855487562556,-0.32537343224120346,-0.914376788774172
2011-07-06 16:09:00,-0.09654505860741472,-0.33966294608938086,-0.9140762684161481
2011-07-06 16:10:00,-0.10266460992677513,-0.35357829724956324,-0.9139326832679174
2011-07-06 16:11:00,-0.10861257783316583,-0.3670303962873309,-0.9139650810692815
2011-07-06 16:12:00,-0.1143571495035449,-0.3799366580884386,-0.9141883686469673
2011-07-06 16:13:00,-0.11986727736801785,-0.3922223050954773,-0.914613396823621
2011-07-06 16:14:00,-0.1251135008433712,-0.4038214373821659,-0.915247047803556
2011-07-06 16:15:00,-0.13006863425875054,-0.4146778413178491,-0.9160923393477232
2011-07-06 16:16:00,-0.1347083212251705,-0.4247455183245101,-0.9171485578003256
2011-07-06 16:17:00,-0.1390114577481305,-0.43398892625003344,-0.9184114287944685
2011-07-06 16:18:00,-0.14296048810381623,-0.44238293648421856,-0.9198733311813256
2011-07-06 16:19:00,-0.14654157906477563,-0.4499125191807451,-0.9215235569058097
2011-07-06 16:20:00,-0.1497446795512465,-0.45657217678938083,-0.9233486171328563
2011-07-06 16:21:00,-0.15256347426002112,-0.46236515271913564,-0.9253325927577635
2011-07-06 16:22:00,-0.15499524129375453,-0.46730244742169247,-0.9274575253910813
2011-07-06 16:23:00,-0.1570406251635698,-0.4714016788787672,-0.9297038426226769
2011-07-06 16:24:00,-0.15870333762341055,-0.4746858288939703,-0.9320508084435596
2011-07-06 16:25:00,-0.1599897996887601,-0.47718192046842106,-0.9344769864565502
2011-07-06 16:26:00,-0.1609087392253639,-0.4789196736097005,-0.9369607011339132
2011-07-06 16:27:00,-0.16147075990798632,-0.47993018607090293,-0.9394804819361905
2011-07-06 16:28:00,-0.161687898945491,-0.48024468193012093,-0.9420154765305828
2011-07-06 16:29:00,-0.16157319215283011,-0.47989336564842217,-0.9445458218302973
2011-07-06 16:30:00,-0.16114026505444715,-0.47890441316638455,-0.9470529644514815
2011-07-06 16:31:00,-0.16040296730279127,-0.477303125280607,-0.9495199251124653
2011-07-06 16:32:00,-0.15937506482854397,-0.4751112624854657,-0.95193150421977
2011-07-06 16:33:00,-0.15807000029133067,-0.4723465750809741,-0.9542744281299722
2011-07-06 16:34:00,-0.1565007282186255,-0.46902253779924047,-0.9565374371760482
2011-07-06 16:35:00,-0.1546796272049605,-0.465148294225233,-0.9587113175850827
2011-07-06 16:36:00,-0.15261848794478525,-0.46072881225545687,-0.9607888801889064
2011-07-06 16:37:00,-0.15032857280898865,-0.4557652473476273,-0.9627648895332607
2011-07-06 16:38:00,-0.14782074027112418,-0.4502555053134534,-0.9646359476481836
2011-07-06 16:39:00,-0.1451056258319183,-0.4441949905100115,-0.9664003375106507
2011-07-06 16:40:00,-0.1421938700584195,-0.43757751808291606,-0.9680578323183788
2011-07-06 16:41:00,-0.13909638360908416,-0.4303963612900692,-0.9696094779326028
2011-07-06 16:42:00,-0.13582463835570663,-0.42264539875065377,-0.9710573567690283
2011-07-06 16:43:00,-0.1323909728738287,-0.4143203228488315,-0.9724043416391737
2011-07-06 16:44:00,-0.12880889972544993,-0.40541986937302954,-0.9736538474170681
2011-07-06 16:45:00,-0.12509340110827116,-0.3959470289892284,-0.9748095871534213
2011-07-06 16:46:00,-0.12126119858161656,-0.3859102021955097,-0.9758753380089357
2011-07-06 16:47:00,-0.11733098188874759,-0.3753242601838469,-0.9768547216345197
2011-07-06 16:48:00,-0.11332358179116214,-0.364211474788428,-0.9777510032807178
2011-07-06 16:49:00,-0.10926207260494418,-0.3526022823550335,-0.9785669134947634
2011-07-06 16:50:00,-0.10517179162809262,-0.3405358494810831,-0.9793044954822806
2011-07-06 16:51:00,-0.10108026444917481,-0.32806041289779897,-0.9799649801840734
2011-07-06 16:52:00,-0.09701702701018751,-0.3152333706865272,-0.9805486901149888
2011-07-06 16:53:00,-0.09301333738099822,-0.3021211072118028,-0.9810549721686189
2011-07-06 16:54:00,-0.0891017726827519,-0.2887985398144022,-0.9814821588066702
2011-07-06 16:55:00,-0.08531570947868838,-0.2753483820202969,-0.9818275560359635
2011-07-06 16:56:00,-0.08168868906005167,-0.26186012629521066,-0.9820874550666968
2011-07-06 16:57:00,-0.07825367223359647,-0.24842875911290846,-0.9822571626125759
2011-07-06 16:58:00,-0.07504219147965571,-0.2351532316110034,-0.9823310428551737
2011-07-06 16:59:00,-0.07208341184944807,-0.22213471965777712,-0.9823025625368624
2011-07-06 17:00:00,-0.06940311579987413,-0.20947471706717843,-0.9821643296354609
2011-07-06 17:01:00,-0.067022631167379,-0.19727301371699016,-0.9819081158279086
2011-07-06 17:02:00,-0.06495772528177139,-0.18562561498823932,-0.9815248537898619
2011-07-06 17:03:00,-0.06321749152692255,-0.17462266036577662,-0.9810046022820752
2011-07-06 17:04:00,-0.061803257572681666,-0.16434639928451414,-0.9803364744651715
2011-07-06 17:05:00,-0.06070754742242795,-0.154869282920863,-0.979508527598516
2011-07-06 17:06:00,-0.05991313263011677,-0.14625223057213824,-0.9785076153199952
2011-07-06 17:07:00,-0.05939221136555097,-0.13854312611396996,-0.9773192071868803
2011-07-06 17:08:00,-0.059105756212790996,-0.13177559230820315,-0.975927183611546
2011-07-06 17:09:00,-0.059003069898339436,-0.125968078334997,-0.9743136167081675
2011-07-06 17:10:00,-0.059021579903824485,-0.12112327968703578,-0.9724585480057052
2011-07-06 17:11:00,-0.05908688913381868,-0.1172278922183665,-0.9703397727364553
2011-07-06 17:12:00,-0.05911308571179423,-0.1142526882680779,-0.9679326389176597
2011-07-06 17:13:00,-0.05900330565988256,-0.11215289563383424,-0.9652098691518841
2011-07-06 17:14:00,-0.0586505390432463,-0.11086885918347326,-0.9621414145081538
2011-07-06 17:15:00,-0.057938671684641695,-0.11032696736107524,-0.95869435283745
2011-07-06 17:16:00,-0.056743758675413425,-0.11044082971078097,-0.9548328479691203
2011-07-06 17:17:00,-0.05493553006501179,-0.11111269555209946,-0.9505181906079406
2011-07-06 17:18:00,-0.052379129313804604,-0.11223510601747036,-0.9457089449286189
2011-07-06 17:19:00,-0.04893707632806924,-0.11369276855832307,-0.9403612248458705
2011-07-06 17:20:00,-0.04447142707070492,-0.11536463251799976,-0.9344291191540331
2011-07-06 17:21:00,-0.03884607671098273,-0.11712612760000793,-0.9278652751020655
2011-07-06 17:22:00,-0.03192913534689969,-0.118851508305989,-0.9206216371477208
2011-07-06 17:23:00,-0.023595303247025294,-0.12041623219465518,-0.9126503247019407
2011-07-06 17:24:00,-0.013728183753106301,-0.12169929278728094,-0.903904623257577
2011-07-06 17:25:00,-0.002222487062775417,-0.12258543067710781,-0.894340059585741
2011-07-06 17:26:00,0.011013909205368634,-0.12296715667604234,-0.8839155330349021
2011-07-06 17:27:00,0.026058066693594905,-0.12274653526312553,-0.8725944789051572
2011-07-06 17:28:00,0.04297027479559776,-0.12183669347917678,-0.8603460441426665
2011-07-06 17:29:00,0.061792525375230486,-0.12016303925085904,-0.8471462593732679
2011-07-06 17:30:00,0.0825471669593981,-0.1176641924968767,-0.8329791952650972
2011-07-06 17:31:00,0.10523571969232261,-0.11429264956928312,-0.8178380967057073
2011-07-06 17:32:00,0.1298378208976392,-0.110015214002977,-0.8017264955040259
2011-07-06 17:33:00,0.15631026378781776,-0.10481323248088058,-0.7846593087725727
2011-07-06 17:34:00,0.18458609478609944,-0.0986826735410257,-0.7666639308488025
2011-07-06 17:35:00,0.21457375326631578,-0.09163407810553574,-0.7477813172244853
2011-07-06 17:36:00,0.24615627077964816,-0.08369239706320052,-0.7280670393449444
2011-07-06 17:37:00,0.27919058792897583,-0.07489671476290559,-0.7075922639580677
2011-07-06 17:38:00,0.3135070852399671,-0.06529984202617994,-0.6864445870747835
2011-07-06 17:39:00,0.3489094489923537,-0.05496775191149355,-0.6647286375680368
2011-07-06 17:40:00,0.3851749975471208,-0.04397882835882275,-0.6425663631493111
2011-07-06 17:41:00,0.42205557909241803,-0.032422901959068315,-0.6200969212408921
2011-07-06 17:42:00,0.4592791241938365,-0.02040005667870853,-0.5974761149093194
2011-07-06 17:43:00,0.4965519022796958,-0.00801920449578231,-0.5748753354355656
2011-07-06 17:44:00,0.5335614934341377,0.004603560026673858,-0.5524799963009792
2011-07-06 17:45:00,0.5699804469396027,0.01734679767336387,-0.5304874679716373
2011-07-06 17:46:00,0.6054705577181891,0.03008571303794516,-0.5091045484241945
2011-07-06 17:47:00,0.6396876553119867,0.042694240124660554,-0.4885445287858068
2011-07-06 17:48:00,0.6722867736581777,0.05504716540593443,-0.4690239327097475
2011-07-06 17:49:00,0.7029275586233197,0.06702222860365821,-0.45075901841653054
2011-07-06 17:50:00,0.7312797734565565,0.07850214671323462,-0.43396213331810896
2011-07-06 17:51:00,0.7570287742932695,0.08937651490343274,-0.4188380060087487
2011-07-06 17:52:00,0.7798808424440771,0.09954354666703043,-0.4055800530829409
2011-07-06 17:53:00,0.7995682740981258,0.10891162383054535,-0.39436677110874746
2011-07-06 17:54:00,0.8158541403195222,0.11740063447851631,-0.3853582780007522
2011-07-06 17:55:00,0.8285366407718456,0.12494308359912469,-0.3786930632047406
2011-07-06 17:56:00,0.8374529836212257,0.1314849674419039,-0.3744850024345581
2011-07-06 17:57:00,0.8424827318556776,0.13698640809705873,-0.37282068975199073
2011-07-06 17:58:00,0.8435505632851447,0.1414220492346342,-0.3737571368099023
2011-07-06 17:59:00,0.8406283982171575,0.1447812168866646,-0.37731988537780486
2011-07-06 18:00:00,0.833736855482125,0.1470678508478894,-0.3835015745960209
2011-07-06 18:01:00,0.8229460041189004,0.14830021354525943,-0.3922609990399856
2011-07-06 18:02:00,0.8083753846259032,0.14851038475145947,-0.4035226879960332
2011-07-06 18:03:00,0.7901932804076698,0.14774355231717867,-0.41717703044216975
2011-07-06 18:04:00,0.7686152271918107,0.14605711087654205,-0.4330809639312415
2011-07-06 18:05:00,0.7439017560364455,0.1435195820680365,-0.4510592387146265
2011-07-06 18:06:00,0.7163553743222328,0.14020937121354227,-0.4709062609245068
2011-07-06 18:07:00,0.6863167990290677,0.1362133766892704,-0.4923885103699591
2011-07-06 18:08:00,0.6541604678305303,0.13162546951889773,-0.5152475193700151
2011-07-06 18:09:00,0.6202893662840421,0.12654486217694888,-0.5392033888797314
2011-07-06 18:10:00,0.585129223813514,0.121074387428357,-0.5639588067931426
2011-07-06 18:11:00,0.5491221474105228,0.11531871048784785,-0.5892035205834956
2011-07-06 18:12:00,0.5127197801445146,0.10938250098084741,-0.6146192022583724
2011-07-06 18:13:00,0.47637609179445356,0.10336859504692615,-0.6398846278979211
2011-07-06 18:14:00,0.44053993113997414,0.09737618221391277,-0.6646810768924092
2011-07-06 18:15:00,0.40564749251408116,0.09149905588035956,-0.6886978382890325
2011-07-06 18:16:00,0.37211486918348985,0.08582396911742242,-0.7116376962577813
2011-07-06 18:17:00,0.3403308763729179,0.08042913690989838,-0.7332222582947744
2011-07-06 18:18:00,0.31065032209489135,0.07538292022861773,-0.7531969919739004
2011-07-06 18:19:00,0.2833878852468737,0.07074271724301068,-0.7713358481124742
2011-07-06 18:20:00,0.25881273401584265,0.0665540759492802,-0.7874453657942552
2011-07-06 18:21:00,0.23714399031830924,0.06285003411199765,-0.8013681733823954
2011-07-06 18:22:00,0.21854712154502798,0.05965068797505974,-0.8129858171641106
2011-07-06 18:23:00,0.20313131998267384,0.05696298974474075,-0.8222208650837467
2011-07-06 18:24:00,0.19094791219719354,0.05478077384440047,-0.8290382473908593
2011-07-06 18:25:00,0.18198982412108294,0.0530850115739505,-0.8334458094862572
2011-07-06 18:26:00,0.17619211121109676,0.05184429097853103,-0.8354940653749717
2011-07-06 18:27:00,0.1734335460259851,0.051015512729111444,-0.835275153251529
2011-07-06 18:28:00,0.1735392381933957,0.050544785633978115,-0.8329210077541062
2011-07-06 18:29:00,0.1762842449198735,0.05036850062075652,-0.8286007760055646
2011-07-06 18:30:00,0.18139811458263802,0.050414562088201734,-0.8225175165145776
2011-07-06 18:31:00,0.18857029132456368,0.05060375936038235,-0.8149042315482861
2011-07-06 18:32:00,0.19745629416762672,0.05085126480014604,-0.8060192952519921
2011-07-06 18:33:00,0.20768456921250808,0.051068245858647575,-0.7961413520904361
2011-07-06 18:34:00,0.21886389754223232,0.05116357534434611,-0.7855637733792342
2011-07-06 18:35:00,0.2305912242627405,0.05104561842763596,-0.7745887738279272
2011-07-06 18:36:00,0.24245975575105125,0.050624067619307885,-0.7635213050551768
2011-07-06 18:37:00,0.2540671530864736,0.04981178945319838,-0.7526628587331567
2011-07-06 18:38:00,0.26502363079927677,0.048526640181709546,-0.7423053277412917
2011-07-06 18:39:00,0.27495975399379047,0.04669320348089654,-0.7327250874867423
2011-07-06 18:40:00,0.28353371883326434,0.044244401495391404,-0.7241774670662668
2011-07-06 18:41:00,0.2904379075594562,0.04112293197679567,-0.7168917759720967
2011-07-06 18:42:00,0.29540453189527915,0.03728248902661106,-0.7110670345194244
2011-07-06 18:43:00,0.2982102137458903,0.03268873235008782,-0.7068685282121125
2011-07-06 18:44:00,0.29867939296026025,0.027319978553065956,-0.7044252732462646
2011-07-06 18:45:00,0.29668649416415677,0.021167596872450196,-0.703828446026929
2011-07-06 18:46:00,0.29215682688961214,0.014236100704130415,-0.7051307952772451
2011-07-06 18:47:00,0.2850662352532141,0.006542935734945965,-0.7083470212264775
2011-07-06 18:48:00,0.275439555360294,-0.001882024322168483,-0.7134550724201328
2011-07-06 18:49:00,0.2633479802635927,-0.010997252595830561,-0.7203982771494402
2011-07-06 18:50:00,0.2489054719042336,-0.02075058219294484,-0.7290881950559438
2011-07-06 18:51:00,0.23226439187842304,-0.031080416808473264,-0.7394080495423772
2011-07-06 18:52:00,0.21361054108356084,-0.041917093817706724,-0.7512165888455142
2011-07-06 18:53:00,0.19315779907766376,-0.05318435550679463,-0.7643522253023994
2011-07-06 18:54:00,0.1711425413089483,-0.06480088724510026,-0.7786373150771122
2011-07-06 18:55:00,0.14781799358763056,-0.07668188364893438,-0.7938824584298999
2011-07-06 18:56:00,0.1234486632692829,-0.08874060375770511,-0.8098907192027105
2011-07-06 18:57:00,0.09830496702625909,-0.10088987505102735,-0.8264616798318457
2011-07-06 18:58:00,0.07265815566700018,-0.11304350571647007,-0.8433952642805198
2011-07-06 18:59:00,0.04677561706830598,-0.12511756704773472,-0.8604952752876375
2011-07-06 19:00:00,0.020916619206551888,-0.13703151526012367,-0.8775726038578693
2011-07-06 19:01:00,-0.004671462791707031,-0.14870913461163923,-0.8944480781768556
2011-07-06 19:02:00,-0.02975640797818346,-0.16007929873132476,-0.9109549269682627
2011-07-06 19:03:00,-0.05412388587846989,-0.17107656012741193,-0.9269408397439781
2011-07-06 19:04:00,-0.07757966645737907,-0.18164158588619958,-0.9422696141638095
2011-07-06 19:05:00,-0.09995131280292802,-0.19172146045741023,-0.9568223889336581
2011-07-06 19:06:00,-0.12108937446289689,-0.201269876324696,-0.9704984688534634
2011-07-06 19:07:00,-0.14086810693077534,-0.21024723245570934,-0.9832157561657152
2011-07-06 19:08:00,-0.15918574895437587,-0.21862065935645889,-0.9949108089682892
2011-07-06 19:09:00,-0.17596439394895352,-0.2263639877653228,-1.0055385532061758
2011-07-06 19:10:00,-0.1911494947837404,-0.233457674885446,-1.0150716797965014
2011-07-06 19:11:00,-0.20470904288671213,-0.23988869760023787,-1.0234997628112006
2011-07-06 19:12:00,-0.21663246353083634,-0.24565041701677967,-1.0308281382543918
2011-07-06 19:13:00,-0.2269292697749036,-0.2507424135875634,-1.0370765857248123
2011-07-06 19:14:00,-0.23562751800013154,-0.2551702870124555,-1.0422778571367686
2011-07-06 19:15:00,-0.24277210811999278,-0.25894541008114047,-1.0464760976551353
2011-07-06 19:16:00,-0.24842297080138787,-0.26208462185940135,-1.0497252037259204
2011-07-06 19:17:00,-0.252653181911931,-0.2646098456361085,-1.0520871609599391
2011-07-06 19:18:00,-0.25554704094417374,-0.2665476219056184,-1.0536304005954615
2011-07-06 19:19:00,-0.25719814600272717,-0.26792855440240654,-1.0544282081755374
2011-07-06 19:20:00,-0.2577074939286509,-0.2687866750821765,-1.0545572127029357
2011-07-06 19:21:00,-0.2571816308849595,-0.26915874115313454,-1.0540959786096609
2011-07-06 19:22:00,-0.2557308762538384,-0.2690834841264986,-1.0531237158537954
2011-07-06 19:23:00,-0.2534676404856054,-0.2686008365507782,-1.0517191159847612
2011-07-06 19:24:00,-0.250504855029522,-0.26775116481227734,-1.049959315794496
2011-07-06 19:25:00,-0.24695452944455437,-0.2665745353283111,-1.047918986315948
2011-07-06 19:26:00,-0.2429264473444242,-0.2651100376092477,-1.0456695431349998
2011-07-06 19:27:00,-0.23852700923466802,-0.26339518264992057,-1.0432784732476288
2011-07-06 19:28:00,-0.23385822679397247,-0.26146538996465407,-1.0408087733118059
2011-07-06 19:29:00,-0.22901686986895628,-0.25935357161777844,-1.0383184938862218
2011-07-06 19:30:00,-0.2240937644210692,-0.25708981692454785,-1.0358603840872926
2011-07-06 19:31:00,-0.2191732369130963,-0.25470117723949776,-1.0334816310141974
2011-07-06 19:32:00,-0.2143326982470904,-0.2522115465086794,-1.031223688256183
2011-07-06 19:33:00,-0.20964235849794255,-0.24964163015059843,-1.029122187752454
2011-07-06 19:34:00,-0.20516506237824877,-0.247008992623327,-1.0272069291359236
2011-07-06 19:35:00,-0.20095623452848602,-0.24432817298867276,-1.0255019404020747
2011-07-06 19:36:00,-0.19706392320420668,-0.2416108577227813,-1.0240256033696797
2011-07-06 19:37:00,-0.19352893063215845,-0.23886610038344683,-1.0227908370946246
2011-07-06 19:38:00,-0.19038501817613232,-0.2361005780824328,-1.0218053322716738
2011-07-06 19:39:00,-0.18765917446185226,-0.2333188749371838,-1.0210718297284882
2011-07-06 19:40:00,-0.18537193479754596,-0.2305237829015671,-1.0205884363386617
2011-07-06 19:41:00,-0.18353774066487305,-0.22771661072054675,-1.0203489719967789
2011-07-06 19:42:00,-0.18216532871484098,-0.22489749221294822,-1.020343341691112
2011-07-06 19:43:00,-0.18125813944208233,-0.2220656855252706,-1.0205579272209158
2011-07-06 19:44:00,-0.18081473642000107,-0.21921985533609106,-1.0209759937685459
2011-07-06 19:45:00,-0.18082922767398374,-0.2163583302969735,-1.0215781073212267
2011-07-06 19:46:00,-0.1812916815357146,-0.21347932845064369,-1.0223425597558573
2011-07-06 19:47:00,-0.18218853024694806,-0.21058114426949381,-1.0232457991069126
2011-07-06 19:48:00,-0.1835029557519881,-0.2076622926862742,-1.0242628629332082
2011-07-06 19:49:00,-0.18521525370981165,-0.2047216082626835,-1.0253678125923618
2011-07-06 19:50:00,-0.18730317409373798,-0.2017583013764559,-1.0265341655140452
2011-07-06 19:51:00,-0.18974223993021197,-0.19877197756291054,-1.0277353213402995
2011-07-06 19:52:00,-0.19250604901490329,-0.19576262985804188,-1.0289449765588559
2011-07-06 19:53:00,-0.19556656545495207,-0.19273061565343855,-1.0301375217074953
2011-07-06 19:54:00,-0.19889440778994966,-0.18967662843393168,-1.0312884157642035
2011-07-06 19:55:00,-0.20245913860486303,-0.18660167162464747,-1.0323745337198562
2011-07-06 19:56:00,-0.20622955789235492,-0.18350703819915998,-1.0333744849993922
2011-07-06 19:57:00,-0.21017399961206468,-0.18039429688617994,-1.0342689018725542
2011-07-06 19:58:00,-0.21426062816507704,-0.17726528433605948,-1.0350406979398477
2011-07-06 19:59:00,-0.21845772892999274,-0.1741221025527334,-1.035675297044461
2011-07-06 20:00:00,-0.2227339848676259,-0.17096712168055156,-1.036160832741147
2011-07-06 20:01:00,-0.22705873007745497,-0.16780298882371472,-1.0364883181669482
2011-07-06 20:02:00,-0.23140217153894424,-0.16463264331856195,-1.0366517860521967
2011-07-06 20:03:00,-0.23573557189072825,-0.16145933795229683,-1.036648398629747
2011-07-06 20:04:00,-0.24003138823329556,-0.158286664652348,-1.0364785272102437
2011-07-06 20:05:00,-0.2442633639135998,-0.15511858276548748,-1.0361458011109703
2011-07-06 20:06:00,-0.2484065718909128,-0.15195944848222198,-1.0356571254166766
2011-07-06 20:07:00,-0.2524374098156872,-0.14881404492089717,-1.0350226667359397
2011-07-06 20:08:00,-0.25633354864337776,-0.14568761319088164,-1.0342558057814588
2011-07-06 20:09:00,-0.2600738385192,-0.14258588500919483,-1.0333730553176528
2011-07-06 20:10:00,-0.2636381777114803,-0.139515117142052,-1.032393941809316
2011-07-06 20:11:00,-0.26700735242412266,-0.13648212718305655,-1.0313408489817724
2011-07-06 20:12:00,-0.27016285722473266,-0.13349432926299404,-1.0302388214625593
2011-07-06 20:13:00,-0.2730867073373106,-0.13055976767804237,-1.029115326703971
2011-07-06 20:14:00,-0.27576125498870957,-0.1276871462045807,-1.0279999735062717
2011-07-06 20:15:00,-0.27816902242975844,-0.12488585061507436,-1.0269241857225653
2011-07-06 20:16:00,-0.2802925644499961,-0.12216596131970316,-1.0259208301248588
2011-07-06 20:17:00,-0.2821143734700357,-0.11953825236200281,-1.0250237978592407
2011-07-06 20:18:00,-0.28361684069030063,-0.11701417268486997,-1.0242675393336045
2011-07-06 20:19:00,-0.284782286952012,-0.11460580589308227,-1.0236865528034182
2011-07-06 20:20:00,-0.2855930763168247,-0.11232580539225068,-1.0233148275169839
2011-07-06 20:21:00,-0.28603182339685806,-0.11018730228623298,-1.0231852432200301
2011-07-06 20:22:00,-0.28608170208272615,-0.10820378358082519,-1.0233289291400247
2011-07-06 20:23:00,-0.2857268589116247,-0.10638893826473521,-1.0237745871725934
2011-07-06 20:24:00,-0.2849529294893792,-0.1047564690095261,-1.0245477857151517
2011-07-06 20:25:00,-0.28374765152812287,-0.1033198678859999,-1.0256702322849094
2011-07-06 20:26:00,-0.282101563263227,-0.10209215603670643,-1.0271590346024988
2011-07-06 20:27:00,-0.2800087713367403,-0.10108558977606874,-1.029025961153701
2011-07-06 20:28:00,-0.27746776801199424,-0.10031133859731364,-1.0312767133640952
2011-07-06 20:29:00,-0.27448227424072813,-0.09977914329839757,-1.033910222475987
2011-07-06 20:30:00,-0.27106208281537747,-0.09949696456581122,-1.0369179850143522
2011-07-06 20:31:00,-0.26722387453292606,-0.09947063399927174,-1.0402834513198012
2011-07-06 20:32:00,-0.2629919799344427,-0.09970352076490674,-1.0439814819415891
2011-07-06 20:33:00,-0.2583990598093695,-0.10019622751376595,-1.0479778866963378
2011-07-06 20:34:00,-0.2534866791023165,-0.10094632867878152,-1.0522290609459393
2011-07-06 20:35:00,-0.24830575063889532,-0.1019481631641663,-1.056681733185903
2011-07-06 20:36:00,-0.2429168268087607,-0.10319269228549173,-1.0612728373849645
2011-07-06 20:37:00,-0.23739021928192636,-0.1046674323432221,-1.0659295226485281
2011-07-06 20:38:00,-0.23180592972887923,-0.10635646868849537,-1.070569311617733
2011-07-06 20:39:00,-0.2262533787305168,-0.10824055445978299,-1.0751004174985772
2011-07-06 20:40:00,-0.22083092519934283,-0.11029729293516541,-1.0794222277621166
2011-07-06 20:41:00,-0.21564517401966135,-0.11250139825493875,-1.083425960447359
2011-07-06 20:42:00,-0.21081007492919904,-0.11482502543960324,-1.0869954966733575
2011-07-06 20:43:00,-0.20644582093560535,-0.11723815722132472,-1.090008390421196
2011-07-06 20:44:00,-0.20267755978927074,-0.11970903198801601,-1.0923370539103665
2011-07-06 20:45:00,-0.19963393707011445,-0.12220459391314574,-1.0938501140229258
2011-07-06 20:46:00,-0.19744549413048504,-0.1246909434868803,-1.0944139322093431
2011-07-06 20:47:00,-0.19624294826155445,-0.12713376513850452,-1.0938942770110462
2011-07-06 20:48:00,-0.1961553856253747,-0.12949870961003804,-1.0921581345395173
2011-07-06 20:49:00,-0.1973083992672081,-0.13175171289143206,-1.0890756378511768
2011-07-06 20:50:00,-0.19982220464138517,-0.13385924017754552,-1.0845220914317462
2011-07-06 20:51:00,-0.2038097635728518,-0.13578845058284666,-1.0783800625462456
2011-07-06 20:52:00,-0.20937494470000848,-0.1375072847152011,-1.0705415074427607
2011-07-06 20:53:00,-0.2166107447623181,-0.13898448230282098,-1.0609098973311826
2011-07-06 20:54:00,-0.2255975913819851,-0.14018954108976045,-1.0494023065369995
2011-07-06 20:55:00,-0.23640174483176746,-0.1410926314252481,-1.0359514231633848
2011-07-06 20:56:00,-0.24907381392081338,-0.14166448365137732,-1.0205074409231374
2011-07-06 20:57:00,-0.26364739985775165,-0.141876267448147,-1.0030397894550782
2011-07-06 20:58:00,-0.28013788225015956,-0.14169948306692703,-0.9835386594461996
2011-07-06 20:59:00,-0.29854136336588116,-0.1411058834549384,-0.9620162784644825
2011-07-06 21:00:00,-0.31883378976870547,-0.14006744418829917,-0.938507893865271
2011-07-06 21:01:00,-0.3409702735403077,-0.13855639580431187,-0.9130724206600261
2011-07-06 21:02:00,-0.36488463783407515,-0.13654533075815034,-0.8857927149588639
2011-07-06 21:03:00,-0.39048921298619743,-0.1340073942864532,-0.8567754377147219
2011-07-06 21:04:00,-0.41767490939129964,-0.13091656451989647,-0.8261504792485815
2011-07-06 21:05:00,-0.44631159152280026,-0.12724802247105454,-0.7940699225864326
2011-07-06 21:06:00,-0.4762487737744726,-0.12297860779969957,-0.7607065330294354
2011-07-06 21:07:00,-0.5073166532778568,-0.11808735242043313,-0.7262517725886934
2011-07-06 21:08:00,-0.5393274874806802,-0.11255608148981373,-0.6909133509719321
2011-07-06 21:09:00,-0.5720773148959276,-0.10637006975231794,-0.6549123398247574
2011-07-06 21:10:00,-0.6053480059036285,-0.09951873998095376,-0.6184798940433092
2011-07-06 21:11:00,-0.6389096168175422,-0.09199638910881819,-0.5818536432385932
2011-07-06 21:12:00,-0.672523004842314,-0.08380292719636818,-0.5452738375082434
2011-07-06 21:13:00,-0.7059426449338506,-0.07494461537770074,-0.5089793528575932
2011-07-06 21:14:00,-0.7389195747008295,-0.06543479097663704,-0.47320367857840095
2011-07-06 21:15:00,-0.771204385062022,-0.05529456928380054,-0.4381710156976904
2011-07-06 21:16:00,-0.8025501759067573,-0.044553510777173636,-0.4040926090208991
2011-07-06 21:17:00,-0.832715406417414,-0.0332502406087956,-0.371163417793243
2011-07-06 21:18:00,-0.8614665844684558,-0.021433005439974586,-0.3395592073200719
2011-07-06 21:19:00,-0.8885807545608384,-0.009160151572034408,-0.30943412057537806
2011-07-06 21:20:00,-0.9138477573155008,0.0034994925699930535,-0.28091876698089296
2011-07-06 21:21:00,-0.9370722452987867,0.016466347051269592,-0.25411884596035966
2011-07-06 21:22:00,-0.9580754499129618,0.029649940907349695,-0.2291143058903603
2011-07-06 21:23:00,-0.9766967023233656,0.04294891667976125,-0.2059590246951718
2011-07-06 21:24:00,-0.9927947180193623,0.056251188721053134,-0.18468098646787243
2011-07-06 21:25:00,-1.0062486597733316,0.06943425917989365,-0.16528291905598247
2011-07-06 21:26:00,-1.016958997614718,0.08236568915448496,-0.14774335046512435
2011-07-06 21:27:00,-1.0248481869485848,0.09490371641610194,-0.1320180371797261
2011-07-06 21:28:00,-1.029861186603112,0.10689800718384362,-0.11804171488670895
2011-07-06 21:29:00,-1.0319658362176143,0.11819053054475596,-0.10573012101432167
2011-07-06 21:30:00,-1.0311531059505057,0.12861655242454406,-0.09498223819412656
2011-07-06 21:31:00,-1.0274372217808092,0.13800575984980215,-0.0856827078746601
2011-07-06 21:32:00,-1.0208556597573986,0.14618353963799918,-0.07770436408426208
2011-07-06 21:33:00,-1.0114689955286384,0.15297244273716912,-0.07091083903610487
2011-07-06 21:34:00,-0.9993605920845217,0.15819386471684466,-0.06515919469758771
2011-07-06 21:35:00,-0.9846361075832937,0.16166996646134218,-0.06030253707240942
2011-07-06 21:36:00,-0.9674228051398742,0.16322584932359332,-0.056192572488458305
2011-07-06 21:37:00,-0.9478686471146571,0.16269198720931258,-0.05268206781979792
2011-07-06 21:38:00,-0.9261411578292215,0.1599069049559956,-0.04962717945288596
2011-07-06 21:39:00,-0.9024260409117932,0.15472007840979735,-0.04688961880861136
2011-07-06 21:40:00,-0.8769255407990934,0.14699501720812783,-0.04433862527815447
2011-07-06 21:41:00,-0.8498565424215527,0.13661247678340643,-0.04185272076783398
2011-07-06 21:42:00,-0.8214484088768925,0.12347373182088195,-0.039321224066308176
2011-07-06 21:43:00,-0.7919405640789194,0.10750382986515028,-0.03664550813616132
2011-07-06 21:44:00,-0.7615798361254079,0.0886547314859605,-0.03373998885570246
2011-07-06 21:45:00,-0.7306175876237658,0.06690823228904606,-0.030532838909700957
2011-07-06 21:46:00,-0.6993066715533353,0.042278551651146495,-0.026966424965216517
2011-07-06 21:47:00,-0.6678982654268366,0.014814463446239035,-0.02299747033150012
2011-07-06 21:48:00,-0.6366386520198494,-0.015399163588311183,-0.018596949652372182
2011-07-06 21:49:00,-0.6057660296834159,-0.0482405506237611,-0.013749726949802043
2011-07-06 21:50:00,-0.5755074450018769,-0.08355104485876932,-0.008453953125757366
2011-07-06 21:51:00,-0.5460759408230516,-0.12113610761229546,-0.0027202434211893245
2011-07-06 21:52:00,-0.5176680023660596,-0.16076731093483126,0.0034293407767643142
2011-07-06 21:53:00,-0.4904613665195477,-0.20218534110723577,0.009962477806495751
2011-07-06 21:54:00,-0.4646132393443487,-0.24510394183828194,0.01683790776484898
2011-07-06 21:55:00,-0.44025894729296494,-0.28921466401740276,0.024006855632854696
2011-07-06 21:56:00,-0.4175110299372862,-0.3341922325936429,0.03141451739571846
2011-07-06 21:57:00,-0.3964587666410448,-0.3797003073967497,0.039001569654460284
2011-07-06 21:58:00,-0.37716811729914496,-0.42539741051215796,0.04670566443990624
2011-07-06 21:59:00,-0.35968204834883877,-0.47094281267567717,0.05446287475230142
2011-07-06 22:00:00,-0.3440212093064706,-0.5160022024797741,0.062209061720436346
2011-07-06 22:01:00,-0.3301849212145246,-0.5602529952623436,0.06988114001570067
2011-07-06 22:02:00,-0.318152435919208,-0.6033891695559433,0.07741822360677385
2011-07-06 22:03:00,-0.3078844237399304,-0.6451255471972951,0.08476263891506133
2011-07-06 22:04:00,-0.2993246467104525,-0.6852014586152974,0.09186079691749888
2011-07-06 22:05:00,-0.2924017750577428,-0.7233837574775176,0.09866391975084254
2011-07-06 22:06:00,-0.28703130582056774,-0.7594691688489666,0.10512862090882368
2011-07-06 22:07:00,-0.28311754437076897,-0.7932859723919585,0.11121734120222199
2011-07-06 22:08:00,-0.28055561196262907,-0.8246950370181007,0.1168986452869123
2011-07-06 22:09:00,-0.2792334451924267,-0.8535902359112664,0.12214738577428864
2011-07-06 22:10:00,-0.27903375631607213,-0.8798982811010934,0.12694474374327383
2011-07-06 22:11:00,-0.2798359266743896,-0.9035780249167854,0.13127815589737227
2011-07-06 22:12:00,-0.2815178089402531,-0.9246192818379845,0.13514113967989125
2011-07-06 22:13:00,-0.2839574174558074,-0.943041228639129,0.1385330284024596
2011-07-06 22:14:00,-0.2870344895018812,-0.9588904434562568,0.14145862888387917
2011-07-06 22:15:00,-0.2906319038727365,-0.9722386456522484,0.14392781426652893
2011-07-06 22:16:00,-0.29463694656226475,-0.9831801982809125,0.14595506460504312
2011-07-06 22:17:00,-0.29894241665491794,-0.9918294337162329,0.14755896753604086
2011-07-06 22:18:00,-0.3034475686157967,-0.9983178607833925,0.14876169086727675
2011-07-06 22:19:00,-0.3080588900564323,-1.0027913086609488,0.1495884382981074
2011-07-06 22:20:00,-0.312690716689942,-1.0054070590697315,0.15006689872813886
2011-07-06 22:21:00,-0.31726568856212095,-1.0063310139667179,0.15022669875371733
2011-07-06 22:22:00,-0.3217150537406521,-1.00573494125571,0.15009886701756797
2011-07-06 22:23:00,-0.3259788274557863,-1.0037938360361247,0.1497153180888488
2011-07-06 22:24:00,-0.33000581621070535,-1.000683429751907,0.14910836253093043
2011-07-06 22:25:00,-0.3337535176213101,-0.9965778743797976,0.14831024878227608
2011-07-06 22:26:00,-0.3371879077105824,-0.9916476236047499,0.1473527414499
2011-07-06 22:27:00,-0.3402831280828599,-0.9860575278542651,0.14626673961106915
2011-07-06 22:28:00,-0.3430210858523321,-0.9799651551764715,0.14508193775122633
2011-07-06 22:29:00,-0.34539097941426455,-0.9735193453121477,0.14382653104659346
2011-07-06 22:30:00,-0.3473887631452325,-0.9668589999809343,0.14252696583863483
2011-07-06 22:31:00,-0.3490165639197415,-0.9601121084180209,0.1412077353526678
2011-07-06 22:32:00,-0.35028206195582723,-0.95339500359083,0.13989121999070672
2011-07-06 22:33:00,-0.3511978479727865,-0.9468118413176868,0.13859757088366095
2011-07-06 22:34:00,-0.35178076798113006,-0.9404542917157186,0.13734463482317463
2011-07-06 22:35:00,-0.35205126624878574,-0.9344014300289593,0.13614791821006375
2011-07-06 22:36:00,-0.3520327361188497,-0.9287198119282323,0.13502058725444305
2011-07-06 22:37:00,-0.35175088741284816,-0.9234637168238197,0.13397350134094682
2011-07-06 22:38:00,-0.35123313815937224,-0.9186755415768194,0.1330152762285243
2011-07-06 22:39:00,-0.35050803736070024,-0.9143863262176094,0.13215237358474288
2011-07-06 22:40:00,-0.34960472446863256,-0.9106163928580152,0.1313892132551453
2011-07-06 22:41:00,-0.3485524302027584,-0.9073760788917813,0.13072830463407875
2011-07-06 22:42:00,-0.34738002232533854,-0.9046665457867032,0.1301703935290945
2011-07-06 22:43:00,-0.34611559900100497,-0.9024806452502648,0.12971462099064293
2011-07-06 22:44:00,-0.3447861314295017,-0.9008038252669219,0.12935869070621353
2011-07-06 22:45:00,-0.3434171565570645,-0.8996150594267324,0.12909904172697864
2011-07-06 22:46:00,-0.34203251985561267,-0.8988877840587677,0.12893102349902105
2011-07-06 22:47:00,-0.3406541674149986,-0.8985908289157105,0.1288490704040372
2011-07-06 22:48:00,-0.33930198592664856,-0.8986893284964133,0.12884687326981262
2011-07-06 22:49:00,-0.33799368855037604,-0.8991456025107074,0.12891754558278595
2011-07-06 22:50:00,-0.3367447441520081,-0.8999199954566776,0.12905378241795168
2011-07-06 22:51:00,-0.33556834697826754,-0.9009716667681057,0.12924801038984218
2011-07-06 22:52:00,-0.33447542349623893,-0.9022593244742859,0.12949252721740503
2011-07-06 22:53:00,-0.33347467286567045,-0.9037418967735874,0.129779629780706
2011-07-06 22:54:00,-0.3325726373301744,-0.9053791373358806,0.13010172982445115
2011-07-06 22:55:00,-0.33177379870397333,-0.9071321614994999,0.13045145672873454
2011-07-06 22:56:00,-0.33108069708926574,-0.908963911800738,0.13082174701810217
2011-07-06 22:57:00,-0.3304940679800126,-0.9108395524556114,0.1312059205134237
2011-07-06 22:58:00,-0.33001299398496603,-0.9127267934951366,0.13159774324509826
2011-07-06 22:59:00,-0.32963506752974947,-0.9145961462295084,0.13199147743910614
2011-07-06 23:00:00,-0.32935656106824424,-0.9164211125786864,0.1323819190580842
2011-07-06 23:01:00,-0.3291726015408664,-0.9181783115543432,0.1327644235271451
2011-07-06 23:02:00,-0.32907734605499744,-0.9198475468102275,0.13313492039819688
2011-07-06 23:03:00,-0.329064156024477,-0.9214118196958102,0.13348991780701389
2011-07-06 23:04:00,-0.3291257672845074,-0.9228572926540125,0.1338264976545902
2011-07-06 23:05:00,-0.3292544539896833,-0.9241732081014016,0.1341423024992017
2011-07-06 23:06:00,-0.32944218440062145,-0.9253517681231574,0.13443551517954078
2011-07-06 23:07:00,-0.3296807669637094,-0.9263879804112689,0.13470483220420162
2011-07-06 23:08:00,-0.32996198538414606,-0.927279475879821,0.13494943194062056
2011-07-06 23:09:00,-0.3302777216805156,-0.9280263033141706,0.13516893861854734
2011-07-06 23:10:00,-0.3306200664859171,-0.9286307062608549,0.13536338312974694
2011-07-06 23:11:00,-0.33098141612297505,-0.9290968871523811,0.13553316155773742
2011-07-06 23:12:00,-0.33135455622519516,-0.9294307633951939,0.1356789923110541
2011-07-06 23:13:00,-0.33173273190291735,-0.9296397198384977,0.13580187266400484
2011-07-06 23:14:00,-0.332109704656873,-0.9297323616938084,0.13590303543357057
2011-07-06 23:15:00,-0.33247979642484754,-0.9297182715977591,0.13598390644271707
2011-07-06 23:16:00,-0.3328379213064208,-0.929607774111997,0.13604606334047678
2011-07-06 23:17:00,-0.33317960564685223,-0.9294117105423374,0.13609119626854796
2011-07-06 23:18:00,-0.33350099727393906,-0.9291412265423453,0.13612107078382502
2011-07-06 23:19:00,-0.33379886477150006,-0.9288075745506058,0.13613749336773426
2011-07-06 23:20:00,-0.334070587740734,-0.9284219327014476,0.1361422797783079
2011-07-06 23:21:00,-0.3343141390470715,-0.9279952414506757,0.13613722643113108
2011-07-06 23:22:00,-0.3345280600765124,-0.9275380587761394,0.13612408493116704
2011-07-06 23:23:00,-0.3347114300332612,-0.9270604344531972,0.1361045398182705
2011-07-06 23:24:00,-0.3348638303013461,-0.9265718035718788,0.13608018953412324
2011-07-06 23:25:00,-0.33498530486856704,-0.9260808991580741,0.1360525305679957
2011-07-06 23:26:00,-0.33507631777339236,-0.9255956834859418,0.1360229446948633
2011-07-06 23:27:00,-0.3351377084862029,-0.9251232974235244,0.13599268918279095
2011-07-06 23:28:00,-0.3351706460774817,-0.9246700269397954,0.1359628898161908
2011-07-06 23:29:00,-0.33517658295908564,-0.9242412857203358,0.1359345365561718
2011-07-06 23:30:00,-0.33515720891250117,-0.9238416126903244,0.13590848163846958
2011-07-06 23:31:00,-0.3351144060418232,-0.9234746831260261,0.13588543989409974
2011-07-06 23:32:00,-0.3350502052108724,-0.9231433319476261,0.13586599106848177
2011-07-06 23:33:00,-0.33496674444506375,-0.9228495877254083,0.13585058391117696
2011-07-06 23:34:00,-0.3348662297009344,-0.9225947158967628,0.1358395418098177
2011-07-06 23:35:00,-0.3347508983310721,-0.9223792696825583,0.13583306974713555
2011-07-06 23:36:00,-0.33462298550080544,-0.9222031472068228,0.1358312623678582
2011-07-06 23:37:00,-0.33448469374645795,-0.9220656533615499,0.13583411295130413
2011-07-06 23:38:00,-0.3343381658039516,-0.9219655650169947,0.13584152309458425
2011-07-06 23:39:00,-0.3341854607811918,-0.921901198255283,0.13585331291948377
2011-07-06 23:40:00,-0.3340285336972566,-0.9218704763987401,0.13586923162284262
2011-07-06 23:41:00,-0.33386921836493294,-0.9218709977100769,0.1358889681959805
2011-07-06 23:42:00,-0.33370921355033767,-0.9219001017553934,0.13591216214493093
2011-07-06 23:43:00,-0.33355007230495587,-0.9219549335395871,0.13593841405168713
2011-07-06 23:44:00,-0.33339319433215414,-0.9220325046446229,0.1359672958280854
2011-07-06 23:45:00,-0.33323982122189316,-0.9221297507219475,0.1359983605280963
2011-07-06 23:46:00,-0.3330910343631921,-0.922243584808921,0.13603115160059973
2011-07-06 23:47:00,-0.33294775532327947,-0.9223709460537298,0.13606521148261858
2011-07-06 23:48:00,-0.3328107484651592,-0.922508843542549,0.13610008945180427
2011-07-06 23:49:00,-0.33268062556178474,-0.9226543950255416,0.13613534867594942
2011-07-06 23:50:00,-0.3325578521556725,-0.9228048604333561,0.13617057241584468
2011-07-06 23:51:00,-0.33244275540813695,-0.9229576701625486,0.13620536935555352
2011-07-06 23:52:00,-0.3323355331827839,-0.9231104481872393,0.1362393780509193
2011-07-06 23:53:00,-0.33223626411326745,-0.9232610301260574,0.1362722705025469
2011-07-06 23:54:00,-0.33214491841450033,-0.9234074764581194,0.136303754873356
2011-07-06 23:55:00,-0.3320613692081734,-0.923548081138957,0.13633357738297813
2011-07-06 23:56:00,-0.33198540414708605,-0.9236813759162109,0.13636152342177205
2011-07-06 23:57:00,-0.3319167371385995,-0.9238061306843445,0.13638741793607143
2011-07-06 23:58:00,-0.3318550199854023,-0.9239213502464849,0.1364111251434775
2011-07-06 23:59:00,-0.3317998537811963,-0.9240262678699784,0.13643254764258997
2011-07-07 00:00:00,-0.3317507999192686,-0.9241203360319848,0.13645162498554858
2011-07-07 00:01:00,-0.33170739059223436,-0.9242032147539043,0.13646833178419016
2011-07-07 00:02:00,-0.3316691386800158,-0.9242747579192877,0.13648267542163678
2011-07-07 00:03:00,-0.331635546939496,-0.9243349979602191,0.13649469344087597
2011-07-07 00:04:00,-0.33160611642417687,-0.9243841292839543,0.13650445068051278
2011-07-07 00:05:00,-0.33158035407740827,-0.9244224907960872,0.1365120362254925
2011-07-07 00:06:00,-0.331557779459412,-0.924450547858383,0.13651756023734332
2011-07-07 00:07:00,-0.3315379305862615,-0.9244688739983713,0.1365211507245087
2011-07-07 00:08:00,-0.3315203688773422,-0.9244781326645574,0.13652295030876205
2011-07-07 00:09:00,-0.33150468322528326,-0.9244790592962544,0.13652311303865466
2011-07-07 00:10:00,-0.33149049321746443,-0.9244724439502637,0.1365218012955677
2011-07-07 00:11:00,-0.33147745155016073,-0.924459114697904,0.13651918283234235
2011-07-07 00:12:00,-0.33146524568528746,-0.92443992197625,0.13651542797875524
2011-07-07 00:13:00,-0.3314535988060055,-0.9244157240478955,0.13651070704238977
2011-07-07 00:14:00,-0.3314422701315844,-0.9243873736943637,0.13650518792782182
2011-07-07 00:15:00,-0.3314310546543402,-0.9243557062393379,0.13649903399157437
2011-07-07 00:16:00,-0.3314197823624784,-0.924321528968814,0.13649240214506492
2011-07-07 00:17:00,-0.3314083170123412,-0.9242856119856547,0.13648544121283507
2011-07-07 00:18:00,-0.3313965545120318,-0.924248680506254,0.13647829054876037
2011-07-07 00:19:00,-0.33138442097625775,-0.92421140857884,0.13647107890872923
2011-07-07 00:20:00,-0.33137187051020445,-0.924174414178172,0.13646392357447631
2011-07-07 00:21:00,-0.3313588827784903,-0.9241382556108538,0.1364569297198787
2011-07-07 00:22:00,-0.3313454604134363,-0.9241034291495435,0.1364501900080846
2011-07-07 00:23:00,-0.3313316263146652,-0.9240703678032428,0.13644378440535515
2011-07-07 00:24:00,-0.331317420889379,-0.9240394411242473,0.13643778019545375
2011-07-07 00:25:00,-0.33130289927961826,-0.9240109559491438,0.13643223217680697
2011-07-07 00:26:00,-0.3312881286193934,-0.9239851579701939,0.13642718302346585
2011-07-07 00:27:00,-0.3312731853608858,-0.9239622340337093,0.13642266379009751
2011-07-07 00:28:00,-0.33125815270509257,-0.9239423150633724,0.1364186945408151
2011-07-07 00:29:00,-0.33124311816836466,-0.9239254795086946,0.13641528508157932
2011-07-07 00:30:00,-0.33122817131210186,-0.9239117572215032,0.13641243577615023
2011-07-07 00:31:00,-0.331213401658296,-0.9239011336661795,0.13641013842609465
2011-07-07 00:32:00,-0.3311988968087331,-0.9238935543723239,0.13640837719613202
2011-07-07 00:33:00,-0.3311847407806558,-0.9238889295416278,0.13640712956709178
2011-07-07 00:34:00,-0.33117101256670134,-0.9238871387241143,0.13640636729992595
2011-07-07 00:35:00,-0.3311577849221264,-0.9238880354833995,0.13640605739553655
2011-07-07 00:36:00,-0.3311451233779196,-0.9238914519775866,0.1364061630366052
2011-07-07 00:37:00,-0.33113308547456854,-0.9238972033922402,0.13640664449912
2011-07-07 00:38:00,-0.33112172020798725,-0.9239050921731434,0.13640746002285342
2011-07-07 00:39:00,-0.33111106767629384,-0.9239149120167677,0.1364085666316238
2011-07-07 00:40:00,-0.33110115891371106,-0.9239264515839009,0.13640992089574897
2011-07-07 00:41:00,-0.33109201589594284,-0.9239394979066994,0.13641147963064876
2011-07-07 00:42:00,-0.3310836517000399,-0.923953839463019,0.1364132005270518
2011-07-07 00:43:00,-0.3310760708010199,-0.9239692688964752,0.13641504270969515
2011-07-07 00:44:00,-0.33106926948728654,-0.9239855853680983,0.1364169672227549
2011-07-07 00:45:00,-0.33106323637707885,-0.9240025965355574,0.13641893744150094
2011-07-07 00:46:00,-0.33105795301862845,-0.9240201201666955,0.13642091941081713
2011-07-07 00:47:00,-0.3310533945572619,-0.9240379854034122,0.13642288211226064
2011-07-07 00:48:00,-0.3310495304532776,-0.9240560336989629,0.13642479766224477
2011-07-07 00:49:00,-0.33104632523504957,-0.9240741194567145,0.13642664144471692
2011-07-07 00:50:00,-0.3310437392725118,-0.9240921104015157,0.13642839218236938
2011-07-07 00:51:00,-0.33104172955699435,-0.9241098877163971,0.13643003195096876
2011-07-07 00:52:00,-0.33104025047437474,-0.9241273459781318,0.1364315461418215
2011-07-07 00:53:00,-0.3310392545597271,-0.9241443929260912,0.13643292337771062
2011-07-07 00:54:00,-0.33103869322305846,-0.9241609490993581,0.1364341553878477
2011-07-07 00:55:00,-0.3310385174371973,-0.9241769473759133,0.13643523684749181
2011-07-07 00:56:00,-0.3310386783803389,-0.9241923324439965,0.13643616518789867
2011-07-07 00:57:00,-0.3310391280271261,-0.9242070602296765,0.13643694038219029
2011-07-07 00:58:00,-0.3310398196834569,-0.9242210972972903,0.136437564712585
2011-07-07 00:59:00,-0.331040708461461,-0.9242344202323274,0.13643804252420882
2011-07-07 01:00:00,-0.33104175169228967,-0.9242470150111841,0.13643837997043273
2011-07-07 01:01:00,-0.3310429092755157,-0.9242588763599301,0.1364385847543546
2011-07-07 01:02:00,-0.3310441439650305,-0.9242700071046545,0.1364386658706799
2011-07-07 01:03:00,-0.33104542159234246,-0.9242804175181092,0.1364386333518591
2011-07-07 01:04:00,-0.33104671122910384,-0.9242901246697771,0.13643849802192323
2011-07-07 01:05:00,-0.33104798529150553,-0.9242991517880906,0.13643827126102817
2011-07-07 01:06:00,-0.33104921958986694,-0.9243075276441426,0.1364379647832816
2011-07-07 01:07:00,-0.3310503933273281,-0.9243152859657908,0.1364375904299921
2011-07-07 01:08:00,-0.3310514890520177,-0.9243224648887675,0.13643715998005243
2011-07-07 01:09:00,-0.33105249256741115,-0.9243291064468107,0.13643668497875416
2011-07-07 01:10:00,-0.3310533928058077,-0.9243352560973118,0.13643617658593288
2011-07-07 01:11:00,-0.33105418166996026,-0.9243409622747156,0.13643564544396355
2011-07-07 01:12:00,-0.3310548538479125,-0.924346275961882,0.13643510156577196
2011-07-07 01:13:00,-0.33105540660604066,-0.9243512502690567,0.13643455424270384
2011-07-07 01:14:00,-0.33105583956516577,-0.9243559400099906,0.1364340119718054
2011-07-07 01:15:00,-0.33105615446440795,-0.9243604012649471,0.1364334824018141
2011-07-07 01:16:00,-0.3310563549172068,-0.9243646909216043,0.13643297229693996
2011-07-07 01:17:00,-0.33105644616364727,-0.9243688661879268,0.13643248751733217
2011-07-07 01:18:00,-0.3310564348229115,-0.9243729840756986,0.13643203301497367
2011-07-07 01:19:00,-0.33105632864933277,-0.9243771008581726,0.13643161284362773
2011-07-07 01:20:00,-0.3310561362951631,-0.9243812715089857,0.13643123018137343
2011-07-07 01:21:00,-0.3310558670828009,-0.9243855491319332,0.1364308873642098
2011-07-07 01:22:00,-0.3310555307888594,-0.9243899843927688,0.1364305859291795
2011-07-07 01:23:00,-0.33105513744210274,-0.9243946249648309,0.13643032666546037
2011-07-07 01:24:00,-0.33105469713691155,-0.9243995149992402,0.1364301096718947
2011-07-07 01:25:00,-0.3310542198635742,-0.924404694627178,0.13642993441946882
2011-07-07 01:26:00,-0.33105371535633377,-0.9244101994972965,0.13642979981731704
2011-07-07 01:27:00,-0.33105319295978514,-0.9244160603480323,0.13642970428090234
2011-07-07 01:28:00,-0.3310526615139126,-0.9244223026145368,0.13642964580111772
2011-07-07 01:29:00,-0.3310521292577795,-0.9244289460727526,0.13642962201315448
2011-07-07 01:30:00,-0.33105160375161996,-0.9244360045264315,0.1364296302640954
2011-07-07 01:31:00,-0.33105109181683473,-0.9244434855446875,0.13642966767830825
2011-07-07 01:32:00,-0.33105059949316673,-0.9244513902582078,0.13642973121983568
2011-07-07 01:33:00,-0.33105013201213473,-0.9244597132226816,0.1364298177511012
2011-07-07 01:34:00,-0.3310496937856377,-0.9244684423584489,0.136429924087373
2011-07-07 01:35:00,-0.3310492884085077,-0.9244775589748414,0.13643004704654804
2011-07-07 01:36:00,-0.3310489186736872,-0.9244870378855642,0.1364301834939348
2011-07-07 01:37:00,-0.33104858659863406,-0.924496847618417,0.13643033038182553
2011-07-07 01:38:00,-0.33104829346151915,-0.9245069507199803,0.1364304847837527
2011-07-07 01:39:00,-0.3310480398457654,-0.9245173041545461,0.13643064392342197
2011-07-07 01:40:00,-0.33104782569149144,-0.9245278597964008,0.13643080519840345
2011-07-07 01:41:00,-0.3310476503524519,-0.9245385650143876,0.136430966198742
2011-07-07 01:42:00,-0.33104751265711746,-0.92454936334628,0.13643112472071878
2011-07-07 01:43:00,-0.33104741097260004,-0.924560195257766,0.13643127877605554
2011-07-07 01:44:00,-0.33104734327020174,-0.9245709989778069,0.13643142659690505
2011-07-07 01:45:00,-0.33104730719144804,-0.9245817113999417,0.13643156663701037
2011-07-07 01:46:00,-0.33104730011355604,-0.924592269037864,0.13643169756944734
2011-07-07 01:47:00,-0.3310473192133886,-0.9246026090223991,0.13643181828138556
2011-07-07 01:48:00,-0.33104736152905206,-0.9246126701251505,0.13643192786631467
2011-07-07 01:49:00,-0.3310474240184113,-0.9246223937918883,0.13643202561418655
2011-07-07 01:50:00,-0.33104750361391116,-0.9246317251669508,0.136432110999919
2011-07-07 01:51:00,-0.33104759727320787,-0.9246406140888044,0.1364321836706938
2011-07-07 01:52:00,-0.3310477020252207,-0.9246490160366225,0.1364322434324631
2011-07-07 01:53:00,-0.3310478150113156,-0.9246568930086813,0.13643229023605277
2011-07-07 01:54:00,-0.33104793352142275,-0.9246642143155219,0.13643232416321988
2011-07-07 01:55:00,-0.331048055024978,-0.9246709572731459,0.13643234541298713
2011-07-07 01:56:00,-0.3310481771966561,-0.9246771077825676,0.13643235428853762
2011-07-07 01:57:00,-0.3310482979369367,-0.9246826607814271,0.13643235118491115
2011-07-07 01:58:00,-0.33104841538761004,-0.924687620552034,0.1364323365776995
2011-07-07 01:59:00,-0.3310485279423849,-0.9246920008699154,0.13643231101289227
2011-07-07 02:00:00,-0.3310486342528135,-0.924695824979282,0.13643227509797948
2011-07-07 02:01:00,-0.3310487332297908,-0.9246991253874143,0.13643222949437037
2011-07-07 02:02:00,-0.3310488240409184,-0.9247019434779272,0.13643217491114343
2011-07-07 02:03:00,-0.331048906104056,-0.9247043289512001,0.13643211210009898
2011-07-07 02:04:00,-0.33104897907740083,-0.9247063391068294,0.13643204185204452
2011-07-07 02:05:00,-0.3310490428464539,-0.9247080379867002,0.1364319649942046
2011-07-07 02:06:00,-0.3310490975082412,-0.9247094953986226,0.136431882388612
2011-07-07 02:07:00,-0.331049143353162,-0.9247107858409396,0.13643179493130594
2011-07-07 02:08:00,-0.331049180844838,-0.9247119873494624,0.13643170355213585
2011-07-07 02:09:00,-0.33104921059833214,-0.9247131802898279,0.13643160921494796
2011-07-07 02:10:00,-0.33104923335709957,-0.9247144461202377,0.1364315129179145
2011-07-07 02:11:00,-0.3310492499690223,-0.9247158661507231,0.1364314156937542
2011-07-07 02:12:00,-0.33104926136186774,-0.9247175203249506,0.13643131860958707
2011-07-07 02:13:00,-0.33104926851849575,-0.9247194860486849,0.13643122276616634
2011-07-07 02:14:00,-0.3310492724521246,-0.9247218370857441,0.1364311292962366
2011-07-07 02:15:00,-0.3310492741819523,-0.9247246425390946,0.13643103936177983
2011-07-07 02:16:00,-0.3310492747094183,-0.9247279659328098,0.1364309541499284
2011-07-07 02:17:00,-0.331049274995381,-0.924731864409322,0.13643087486734895
2011-07-07 02:18:00,-0.3310492759384736,-0.924736388054085,0.1364308027329306
2011-07-07 02:19:00,-0.33104927835488607,-0.9247415793555966,0.13643073896864674
2011-07-07 02:20:00,-0.3310492829598026,-0.924747472803228,0.13643068478850026
2011-07-07 02:21:00,-0.3310492903507055,-0.9247540946195016,0.13643064138550784
2011-07-07 02:22:00,-0.33104930099273655,-0.9247614626181089,0.136430609916729
2011-07-07 02:23:00,-0.33104931520629,-0.9247695861746673,0.1364305914864002
2011-07-07 02:24:00,-0.33104933315699436,-0.9247784662949057,0.13643058712729075
2011-07-07 02:25:00,-0.33104935484822545,-0.9247880957652238,0.13643059778045868
2011-07-07 02:26:00,-0.33104938011628265,-0.9247984593728724,0.13643062427364525
2011-07-07 02:27:00,-0.3310494086283442,-0.9248095341859445,0.13643066729861103
2011-07-07 02:28:00,-0.3310494398832971,-0.9248212898859252,0.1364307273877792
2011-07-07 02:29:00,-0.3310494732155151,-0.9248336891475687,0.1364308048906145
2011-07-07 02:30:00,-0.3310495078016322,-0.9248466880626682,0.1364308999502271
2011-07-07 02:31:00,-0.33104954267033176,-0.9248602366063426,0.13643101248074896
2011-07-07 02:32:00,-0.3310495767151412,-0.9248742791471248,0.1364311421460838
2011-07-07 02:33:00,-0.3310496087101922,-0.924888755004955,0.13643128834068263
2011-07-07 02:34:00,-0.33104963732887144,-0.9249035990629708,0.1364314501730391
2011-07-07 02:35:00,-0.3310496611652521,-0.9249187424386696,0.13643162645263568
2011-07-07 02:36:00,-0.33104967875815794,-0.9249341132174509,0.13643181568110058
2011-07-07 02:37:00,-0.3310496886176729,-0.9249496372473288,0.13643201604835373
2011-07-07 02:38:00,-0.3310496892538667,-0.924965238988606,0.13643222543452968
2011-07-07 02:39:00,-0.33104967920746525,-0.9249808424073281,0.13643244141846322
2011-07-07 02:40:00,-0.3310496570821509,-0.9249963718970502,0.1364326612935102
2011-07-07 02:41:00,-0.3310496215781315,-0.9250117532103544,0.13643288209144927
2011-07-07 02:42:00,-0.33104957152657516,-0.9250269143798423,0.136433100615172
2011-07-07 02:43:00,-0.33104950592446253,-0.9250417866078156,0.13643331348081547
2011-07-07 02:44:00,-0.33104942396936754,-0.9250563051042041,0.1364335171699259
2011-07-07 02:45:00,-0.33104932509363655,-0.9250704098531691,0.13643370809216177
2011-07-07 02:46:00,-0.3310492089974001,-0.9250840462900262,0.1364338826589513
2011-07-07 02:47:00,-0.3310490756798186,-0.9250971658719401,0.1364340373684133
2011-07-07 02:48:00,-0.3310489254679366,-0.9251097265289376,0.13643416890173074
2011-07-07 02:49:00,-0.33104875904249853,-0.9251216929866987,0.13643427423103546
2011-07-07 02:50:00,-0.3310485774600666,-0.9251330369589764,0.1364343507387216
2011-07-07 02:51:00,-0.3310483821707737,-0.9251437372141382,0.13643439634795312
2011-07-07 02:52:00,-0.3310481750310509,-0.9251537795258619,0.1364344096639728
2011-07-07 02:53:00,-0.33104795831068173,-0.9251631565216839,0.1364343901256531
2011-07-07 02:54:00,-0.33104773469356263,-0.9251718674449666,0.13643433816655998
2011-07-07 02:55:00,-0.331047507271585,-0.9251799178464108,0.1364342553846275
2011-07-07 02:56:00,-0.3310472795311074,-0.9251873192205425,0.1364341447193687
2011-07-07 02:57:00,-0.33104705533154866,-0.9251940886002348,0.13643401063538252
2011-07-07 02:58:00,-0.33104683887571196,-0.9252002481183456,0.1364338593107612
2011-07-07 02:59:00,-0.3310466346715421,-0.9252058245409572,0.13643369882886106
2011-07-07 03:00:00,-0.3310464474851239,-0.9252108487727969,0.13643353937176728
2011-07-07 03:01:00,-0.3310462822848497,-0.9252153553330983,0.13643339341366048
2011-07-07 03:02:00,-0.33104614417681827,-0.9252193817999752,0.13643327591217377
2011-07-07 03:03:00,-0.3310460383316723,-0.9252229682234228,0.1364332044957218
2011-07-07 03:04:00,-0.3310459699032398,-0.9252261565106978,0.1364331996446895
2011-07-07 03:05:00,-0.3310459439395118,-0.9252289897917296,0.13643328486429376
2011-07-07 03:06:00,-0.3310459652866643,-0.9252315117750084,0.13643348684686868
2011-07-07 03:07:00,-0.33104603848701536,-0.9252337661053668,0.13643383562126934
2011-07-07 03:08:00,-0.3310461676719941,-0.9252357957342224,0.1364343646870391
2011-07-07 03:09:00,-0.3310463564513849,-0.9252376423107934,0.13643511113095066
2011-07-07 03:10:00,-0.3310466078002972,-0.9252393456005225,0.1364361157235168
2011-07-07 03:11:00,-0.3310469239454914,-0.9252409429354082,0.13643742299306513
2011-07-07 03:12:00,-0.3310473062528649,-0.9252424687004009,0.13643908127497162
2011-07-07 03:13:00,-0.33104775511806156,-0.925243953859965,0.1364411427336393
2011-07-07 03:14:00,-0.331048269862314,-0.9252454255288555,0.13644366335479868
2011-07-07 03:15:00,-0.3310488486357515,-0.9252469065911955,0.13644670290570496
2011-07-07 03:16:00,-0.331049488330508,-0.9252484153723883,0.13645032486081465
2011-07-07 03:17:00,-0.3310501845060369,-0.9252499653690883,0.13645459629052117
2011-07-07 03:18:00,-0.3310509313290788,-0.9252515650426835,0.13645958771051644
2011-07-07 03:19:00,-0.3310517215307339,-0.925253217680976,0.13646537288937097
2011-07-07 03:20:00,-0.3310525463830533,-0.925254921331303,0.1364720286120172
2011-07-07 03:21:00,-0.3310533956974858,-0.9252566688070613,0.13647963439693445
2011-07-07 03:22:00,-0.33105425784738995,-0.9252584477689083,0.13648827216489007
2011-07-07 03:23:00,-0.3310551198166466,-0.9252602408813373,0.13649802585710422
2011-07-07 03:24:00,-0.33105596727618164,-0.9252620260440391,0.13650898100075332
2011-07-07 03:25:00,-0.33105678468992955,-0.925263776695382,0.13652122421982854
2011-07-07 03:26:00,-0.33105755545143645,-0.9252654621833839,0.13653484268943414
2011-07-07 03:27:00,-0.3310582620519162,-0.9252670481988219,0.13654992353158374
2011-07-07 03:28:00,-0.3310588862801351,-0.9252684972658516,0.13656655315043426
2011-07-07 03:29:00,-0.3310594094540138,-0.9252697692871377,0.13658481650465146
2011-07-07 03:30:00,-0.3310598126832987,-0.9252708221423183,0.13660479631417613
2011-07-07 03:31:00,-0.33106007716207714,-0.9252716123400516,0.13662657219821442
2011-07-07 03:32:00,-0.3310601844892946,-0.9252720957244157,0.13665021974125185
2011-07-07 03:33:00,-0.3310601170147826,-0.925272228235843,0.13667580948468494
2011-07-07 03:34:00,-0.33105985820763534,-0.9252719667252741,0.1367034058432889
2011-07-07 03:35:00,-0.33105939304308313,-0.9252712698182984,0.13673306594784396
2011-07-07 03:36:00,-0.3310587084033193,-0.9252700988241701,0.13676483841746692
2011-07-07 03:37:00,-0.331057793487047,-0.9252684186830729,0.13679876206741404
2011-07-07 03:38:00,-0.33105664022184306,-0.9252661989439556,0.1368348645604719
2011-07-07 03:39:00,-0.33105524367279376,-0.9252634147642931,0.13687316101291278
2011-07-07 03:40:00,-0.3310536024402605,-0.9252600479214812,0.1369136525697972
2011-07-07 03:41:00,-0.33105171903909403,-0.9252560878228602,0.1369563249692659
2011-07-07 03:42:00,-0.33104960025114977,-0.925251532498097,0.13700114712081815
2011-07-07 03:43:00,-0.33104725744257685,-0.9252463895549917,0.1370480697273218
2011-07-07 03:44:00,-0.33104470683707865,-0.9252406770784899,0.1370970239836656
2011-07-07 03:45:00,-0.33104196973618527,-0.9252344244524462,0.13714792038641277
2011-07-07 03:46:00,-0.3310390726775517,-0.925227673083454,0.1372006476891876
2011-07-07 03:47:00,-0.3310360475224172,-0.9252204770053116,0.13725507203849888
2011-07-07 03:48:00,-0.33103293146364077,-0.925212903341809,0.1373110363246868
2011-07-07 03:49:00,-0.33102976694617786,-0.9252050326049575,0.1373683597829805
2011-07-07 03:50:00,-0.331026601492494,-0.9251969588055843,0.13742683788035812
2011-07-07 03:51:00,-0.33102348742622784,-0.9251887893532739,0.1374862425246381
2011-07-07 03:52:00,-0.3310204814884283,-0.9251806447231216,0.13754632263240602
2011-07-07 03:53:00,-0.33101764434189723,-0.9251726578677755,0.13760680509166442
2011-07-07 03:54:00,-0.33101503996057136,-0.9251649733545979,0.13766739615332926
2011-07-07 03:55:00,-0.3310127349024716,-0.9251577462095114,0.1377277832822196
2011-07-07 03:56:00,-0.33101079746652906,-0.9251511404521107,0.1377876374916057
2011-07-07 03:57:00,-0.33100929673555013,-0.9251453273118921,0.13784661617485205
2011-07-07 03:58:00,-0.3310083015096967,-0.9251404831227131,0.13790436643433526
2011-07-07 03:59:00,-0.33100787913711255,-0.9251367869004392,0.1379605288940571
2011-07-07 04:00:00,-0.3310080942506981,-0.9251344176162893,0.1380147419697582
2011-07-07 04:01:00,-0.33100900742249706,-0.9251335511859523,0.1380666465584898
2011-07-07 04:02:00,-0.33101067374967985,-0.9251343572027857,0.1381158910973259
2011-07-07 04:03:00,-0.33101314138864946,-0.9251369954523014,0.13816213692787077
2011-07-07 04:04:00,-0.33101645005632196,-0.9251416122540189,0.13820506389055268
2011-07-07 04:05:00,-0.3310206295200983,-0.9251483366848179,0.1382443760621245
2011-07-07 04:06:00,-0.3310256981003999,-0.9251572767445481,0.13827980754258673
2011-07-07 04:07:00,-0.3310316612118404,-0.9251685155294463,0.13831112819421396
2011-07-07 04:08:00,-0.33103850997109574,-0.9251821074815288,0.13833814923505025
2011-07-07 04:09:00,-0.331046219901259,-0.9251980747827326,0.1383607285910672
2011-07-07 04:10:00,-0.33105474976387517,-0.9252164039623408,0.13837877591347034
2011-07-07 04:11:00,-0.3310640405508822,-0.9252370427867052,0.13839225716875442
2011-07-07 04:12:00,-0.33107401466928915,-0.9252598975019561,0.13840119870864062
2011-07-07 04:13:00,-0.3310845753515446,-0.9252848305023972,0.13840569072590833
2011-07-07 04:14:00,-0.331095606324137,-0.9253116584985381,0.13840589000140235
2011-07-07 04:15:00,-0.3311069717659806,-0.9253401512588569,0.13840202184751446
2011-07-07 04:16:00,-0.33111851658653046,-0.9253700309985279,0.13839438115438188
2011-07-07 04:17:00,-0.3311300670513022,-0.9254009724865234,0.13838333244757414
2011-07-07 04:18:00,-0.3311414317795227,-0.9254326039393059,0.13836930887120724
2011-07-07 04:19:00,-0.3311524031349823,-0.9254645087642756,0.13835281001893746
2011-07-07 04:20:00,-0.3311627590267874,-0.9254962282090508,0.13833439854708768
2011-07-07 04:21:00,-0.33117226513162995,-0.9255272649635586,0.13831469551890577
2011-07-07 04:22:00,-0.3311806775434042,-0.9255570877507232,0.13829437444661546
2011-07-07 04:23:00,-0.33118774584953914,-0.925585136928118,0.13827415401861892
2011-07-07 04:24:00,-0.33119321662631585,-0.9256108311074214,0.1382547895228929
2011-07-07 04:25:00,-0.3311968373377523,-0.925633574781378,0.1382370630040559
2011-07-07 04:26:00,-0.33119836061443103,-0.9256527669298805,0.13822177222028767
2011-07-07 04:27:00,-0.3311975488799593,-0.9256678105581793,0.13820971849627914
2011-07-07 04:28:00,-0.3311941792835937,-0.9256781231011569,0.13820169359805531
2011-07-07 04:29:00,-0.3311880488879878,-0.9256831476078414,0.1381984657827977
2011-07-07 04:30:00,-0.3311789800512647,-0.9256823645994353,0.13820076520018307
2011-07-07 04:31:00,-0.3311668259330275,-0.9256753044716008,0.13820926884133294
2011-07-07 04:32:00,-0.3311514760447586,-0.9256615602872437,0.13822458524848852
2011-07-07 04:33:00,-0.33113286175643825,-0.925640800779971,0.1382472392140642
2011-07-07 04:34:00,-0.3311109616632193,-0.9256127833620671,0.13827765671211464
2011-07-07 04:35:00,-0.3310858067087832,-0.9255773669062672,0.13831615031835806
2011-07-07 04:36:00,-0.33105748495575904,-0.925534524049768,0.13836290538630752
2011-07-07 04:37:00,-0.33102614588851376,-0.9254843527529504,0.13841796725577304
2011-07-07 04:38:00,-0.33099200412991536,-0.9254270868346153,0.13848122977453264
2011-07-07 04:39:00,-0.3309553424515391,-0.9253631052001754,0.13855242541314747
2011-07-07 04:40:00,-0.33091651395642313,-0.9252929394789849,0.13863111724668278
2011-07-07 04:41:00,-0.3308759433150758,-0.9252172797911371,0.13871669306660078
2011-07-07 04:42:00,-0.33083412693915387,-0.9251369783719852,0.1388083618725185
2011-07-07 04:43:00,-0.3307916319832144,-0.9250530507943941,0.13890515297721626
2011-07-07 04:44:00,-0.33074909407332054,-0.9249666745448916,0.1390059179387792
2011-07-07 04:45:00,-0.33070721367215,-0.9248791847309457,0.13910933551049315
2011-07-07 04:46:00,-0.3306667510037009,-0.9247920667228209,0.13921391977171071
2011-07-07 04:47:00,-0.330628519476775,-0.9247069455652015,0.13931803157096814
2011-07-07 04:48:00,-0.3305933775651503,-0.9246255720314892,0.13941989337586627
2011-07-07 04:49:00,-0.33056221912369366,-0.9245498052373956,0.13951760758273365
2011-07-07 04:50:00,-0.3305359621435059,-0.9244815917794238,0.13960917829330752
2011-07-07 04:51:00,-0.3305155359753861,-0.9244229414168101,0.1396925365159524
2011-07-07 04:52:00,-0.33050186707923956,-0.9243758993714587,0.139765568695394
2011-07-07 04:53:00,-0.3304958633872553,-0.924342515379257,0.13982614841760152
2011-07-07 04:54:00,-0.3304983974004288,-0.9243248096886737,0.13987217107543012
2011-07-07 04:55:00,-0.33051028817096256,-0.9243247362694367,0.13990159121643095
2011-07-07 04:56:00,-0.33053228235685395,-0.9243441435651457,0.13991246222790424
2011-07-07 04:57:00,-0.33056503456912567,-0.9243847331973326,0.1399029779470888
2011-07-07 04:58:00,-0.33060908726611077,-0.9244480171024484,0.13987151571744344
2011-07-07 04:59:00,-0.33066485048237704,-0.9245352736552933,0.13981668034635478
2011-07-07 05:00:00,-0.33073258171162334,-0.9246475034011432,0.1397373483564888
2011-07-07 05:01:00,-0.3308123662925337,-0.9247853850838235,0.1396327118633214
2011-07-07 05:02:00,-0.3309040986734348,-0.9249492327178258,0.13950232135561758
2011-07-07 05:03:00,-0.33100746495494393,-0.9251389545080763,0.13934612660430437
2011-07-07 05:04:00,-0.33112192712887156,-0.9253540144694263,0.13916451487954268
2011-07-07 05:05:00,-0.33124670944571083,-0.925593397637549,0.13895834561780032
2011-07-07 05:06:00,-0.3313807873513625,-0.9258555797918652,0.1387289806524373
2011-07-07 05:07:00,-0.3315228794355961,-0.9261385026276576,0.13847830910449216
2011-07-07 05:08:00,-0.3316714428294592,-0.9264395553173754,0.13820876602645563
2011-07-07 05:09:00,-0.3318246724757862,-0.9267555633895986,0.1379233439020458
2011-07-07 05:10:00,-0.33198050467554713,-0.9270827858274096,0.13762559613041667
2011-07-07 05:11:00,-0.3321366252825158,-0.9274169212445937,0.13731963166492284
2011-07-07 05:12:00,-0.3322904828792242,-0.9277531239365007,0.13701010003570732
2011-07-07 05:13:00,-0.3324393072181366,-0.9280860305211113,0.13670216606303687
2011-07-07 05:14:00,-0.33258013315329515,-0.9284097977840494,0.13640147366519154
2011-07-07 05:15:00,-0.3327098302193744,-0.9287181522188437,0.13611409828117801
2011-07-07 05:16:00,-0.33282513793728946,-0.9290044516111731,0.13584648756466824
2011-07-07 05:17:00,-0.3329227068385543,-0.9292617588535853,0.1356053901611587
2011-07-07 05:18:00,-0.3329991451049882,-0.9294829279955187,0.13539777255482055
2011-07-07 05:19:00,-0.33305107061682876,-0.9296607023330767,0.13523072416391488
2011-07-07 05:20:00,-0.33307516809172316,-0.9297878241255287,0.13511135107266387
2011-07-07 05:21:00,-0.3330682508805522,-0.9298571552932369,0.13504665901139692
2011-07-07 05:22:00,-0.33302732686491615,-0.929861808206931,0.13504342643349818
2011-07-07 05:23:00,-0.332949667776906,-0.9297952854231156,0.13510806878461562
2011-07-07 05:24:00,-0.332832881136241,-0.9296516269573831,0.1352464953137688
2011-07-07 05:25:00,-0.3326749838749156,-0.9294255634198495,0.13546396003399067
2011-07-07 05:26:00,-0.3324744765972936,-0.9291126730691782,0.13576490869810956
2011-07-07 05:27:00,-0.3322304173064016,-0.9287095405789839,0.1361528239089543
2011-07-07 05:28:00,-0.33194249331743425,-0.9282139150586718,0.13663007072799935
2011-07-07 05:29:00,-0.3316110899797294,-0.9276248646354149,0.13719774537729276
2011-07-07 05:30:00,-0.3312373547413514,-0.9269429246896246,0.13785552984121993
2011-07-07 05:31:00,-0.33082325501864024,-0.9261702366474687,0.13860155536186847
2011-07-07 05:32:00,-0.3303716282793704,-0.9253106740761121,0.13943227797895175
2011-07-07 05:33:00,-0.3298862227152096,-0.9243699527065202,0.1403423693868258
2011-07-07 05:34:00,-0.3293717268695854,-0.9233557209312089,0.14132462646152164
2011-07-07 05:35:00,-0.3288337866033203,-0.9222776272962527,0.14236990284446568
2011-07-07 05:36:00,-0.32827900782475183,-0.9211473615337138,0.14346706595145817
2011-07-07 05:37:00,-0.3277149434855261,-0.919978665767374,0.1446029827006511
2011-07-07 05:38:00,-0.32715006344959646,-0.918787312675222,0.1457625371172945
2011-07-07 05:39:00,-0.32659370598255477,-0.9175910476092575,0.1469286827720597
2011-07-07 05:40:00,-0.3260560097822293,-0.916409491958532,0.14808253274066627
2011-07-07 05:41:00,-0.3255478256799237,-0.915264005396396,0.14920348943302114
2011-07-07 05:42:00,-0.32508060738462685,-0.9141775050793608,0.15026941622876538
2011-07-07 05:43:00,-0.324666280919349,-0.9131742403642179,0.15125685237271141
2011-07-07 05:44:00,-0.32431709270819986,-0.9122795221820719,0.1521412720290223
2011-07-07 05:45:00,-0.3240454366130588,-0.9115194068509569,0.15289738776929412
2011-07-07 05:46:00,-0.3238636605871618,-0.9109203348192465,0.15349949808049143
2011-07-07 05:47:00,-0.3237838540064143,-0.9105087256049323,0.1539218777289544
2011-07-07 05:48:00,-0.32381761715366103,-0.9103105310238196,0.15413920901296266
2011-07-07 05:49:00,-0.3239758147615683,-0.9103507496738973,0.15412705108669952
2011-07-07 05:50:00,-0.32426831596044475,-0.9106529065534185,0.1538623436525908
2011-07-07 05:51:00,-0.324703723421751,-0.9112385026249511,0.1533239404081606
2011-07-07 05:52:00,-0.3252890949289703,-0.9121264400834176,0.1524931667105829
2011-07-07 05:53:00,-0.32602966103706404,-0.9133324300280976,0.15135439500134373
2011-07-07 05:54:00,-0.3269285428916449,-0.9148683901609439,0.14989563063061695
2011-07-07 05:55:00,-0.32798647466072445,-0.9167418410194835,0.1481090998531383
2011-07-07 05:56:00,-0.3292015353764338,-0.9189553100835354,0.14599183095271992
2011-07-07 05:57:00,-0.33056889528186567,-0.9215057538508502,0.14354621871020698
2011-07-07 05:58:00,-0.3320805820191937,-0.9243840086364993,0.140780561779481
2011-07-07 05:59:00,-0.33372527216961473,-0.9275742813931299,0.13770956199836026
2011-07-07 06:00:00,-0.3354881137538936,-0.9310536922532026,0.13435477425638703
2011-07-07 06:01:00,-0.33735058531523865,-0.9347918807397666,0.1307449952897896
2011-07-07 06:02:00,-0.3392903971251659,-0.9387506876596712,0.12691657969507444
2011-07-07 06:03:00,-0.34128143986965814,-0.9428839245633661,0.12291367156549855
2011-07-07 06:04:00,-0.3432937858796087,-0.9471372423103946,0.11878834047647438
2011-07-07 06:05:00,-0.34529374755966546,-0.9514481097026334,0.11460061109231923
2011-07-07 06:06:00,-0.3472439971383304,-0.9557459123245153,0.11041837645093285
2011-07-07 06:07:00,-0.34910375120679726,-0.95995218065084,0.10631718601543848
2011-07-07 06:08:00,-0.35082902273380856,-0.9639809551419202,0.10237990086975225
2011-07-07 06:09:00,-0.3523729423399299,-0.9677392944396337,0.09869620998188162
2011-07-07 06:10:00,-0.353686149590397,-0.9711279309071287,0.09536200326367311
2011-07-07 06:11:00,-0.35471725392691517,-0.9740420756250351,0.09247859921318358
2011-07-07 06:12:00,-0.355413363614072,-0.9763723725793568,0.09015182722511156
2011-07-07 06:13:00,-0.35572067973692967,-0.9780059991683647,0.0884909671794729
2011-07-07 06:14:00,-0.3555851508677201,-0.9788279073422105,0.08760755164663762
2011-07-07 06:15:00,-0.35495318253945607,-0.9787221967006613,0.08761403894935361
2011-07-07 06:16:00,-0.3537723941438346,-0.9775736077481936,0.08862236836427223
2011-07-07 06:17:00,-0.35199241433433515,-0.975269120284534,0.09074241188477619
2011-07-07 06:18:00,-0.3495657044904946,-0.9716996386425424,0.09408034015467817
2011-07-07 06:19:00,-0.3464483983168094,-0.9667617422318296,0.09873692336272068
2011-07-07 06:20:00,-0.3426011442436016,-0.9603594766710638,0.10480579099793785
2011-07-07 06:21:00,-0.33798993600483435,-0.9524061577673322,0.1123716773362081
2011-07-07 06:22:00,-0.33258691562977777,-0.9428261578070128,0.12150868228253846
2011-07-07 06:23:00,-0.32637113214462843,-0.9315566411453228,0.13227857964937198
2011-07-07 06:24:00,-0.3193292385811504,-0.918549214012669,0.14472920702038747
2011-07-07 06:25:00,-0.3114561094773405,-0.9037714518922971,0.15889297293863294
2011-07-07 06:26:00,-0.302755360976254,-0.8872082668676585,0.17478551816955099
2011-07-07 06:27:00,-0.29323975593233037,-0.8688630770950218,0.19240456812158072
2011-07-07 06:28:00,-0.2829314771724569,-0.8487587411352218,0.2117290130545187
2011-07-07 06:29:00,-0.27186225328653446,-0.8269382213879967,0.2327182513618913
2011-07-07 06:30:00,-0.26007332309369324,-0.8034649434235661,0.2553118288708224
2011-07-07 06:31:00,-0.24761522729727156,-0.7784228217085051,0.2794294036541298
2011-07-07 06:32:00,-0.23454741885345323,-0.7519159271846203,0.3049710611887883
2011-07-07 06:33:00,-0.220937687282419,-0.7240677784867047,0.33181799871908313
2011-07-07 06:34:00,-0.20686139659215805,-0.6950202463810953,0.359833590292178
2011-07-07 06:35:00,-0.19240054170547635,-0.6649320703703551,0.3888648350338642
2011-07-07 06:36:00,-0.17764263431776295,-0.6339769974313747,0.41874418073463815
2011-07-07 06:37:00,-0.1626794360000421,-0.6023415656173324,0.44929170264003926
2011-07-07 06:38:00,-0.14760556412774217,-0.5702225698317162,0.48031760341196267
2011-07-07 06:39:00,-0.13251700477039846,-0.5378242633989023,0.511624984560249
2011-07-07 06:40:00,-0.11750957527199112,-0.5053553661286777,0.5430128228142324
2011-07-07 06:41:00,-0.10267738581997111,-0.4730259643089081,0.5742790691015399
2011-07-07 06:42:00,-0.08811135118628215,-0.4410443957868393,0.6052237770783025
2011-07-07 06:43:00,-0.07389780005135835,-0.4096142112506986,0.6356521661307631
2011-07-07 06:44:00,-0.06011722157068189,-0.37893129272494663,0.6653775306148311
2011-07-07 06:45:00,-0.046843179654519555,-0.3491811962566674,0.6942239197664936
2011-07-07 06:46:00,-0.03414141630184668,-0.3205367708023827,0.7220285278218064
2011-07-07 06:47:00,-0.022069156713036452,-0.2931560908182285,0.748643749316362
2011-07-07 06:48:00,-0.010674620960740915,-0.2671807267639805,0.7739388691243008
2011-07-07 06:49:00,3.260112221739585e-06,-0.24273436585200067,0.7978013699781585
2011-07-07 06:50:00,0.009934933172469941,-0.21992178465708526,0.8201378518945134
2011-07-07 06:51:00,0.019100128072972677,-0.19882816560990949,0.8408745681826237
2011-07-07 06:52:00,0.027487597614146046,-0.17951874129371315,0.8599575915291549
2011-07-07 06:53:00,0.03509471036920191,-0.16203874423229087,0.8773526309967722
2011-07-07 06:54:00,0.041926917013779375,-0.1464136355871063,0.8930445266682914
2011-07-07 06:55:00,0.04799711149824638,-0.13264958365993684,0.9070364532036728
2011-07-07 06:56:00,0.05332490883404462,-0.12073416190261907,0.9193488668969381
2011-07-07 06:57:00,0.05793586123335319,-0.11063723581289361,0.9300182330707617
2011-07-07 06:58:00,0.06186063386606739,-0.10231200833148761,0.9390955719334314
2011-07-07 06:59:00,0.06513416064508583,-0.09569619394727509,0.9466448614246539
2011-07-07 07:00:00,0.0677947992715197,-0.09071329258569776,0.9527413351922331
2011-07-07 07:01:00,0.06988350328412192,-0.08727393582918364,0.957469712765271
2011-07-07 07:02:00,0.07144302709542232,-0.08527728076873664,0.9609223972580533
2011-07-07 07:03:00,0.07251717802717998,-0.0846124310519092,0.9631976735991157
2011-07-07 07:04:00,0.07315012722713676,-0.08515986975306129,0.9643979375085042
2011-07-07 07:05:00,0.07338578904758311,-0.08679289342104864,0.9646279825034435
2011-07-07 07:06:00,0.07326727597361507,-0.08937904045623982,0.9639933692655904
2011-07-07 07:07:00,0.07283643356650008,-0.09278150993862219,0.9625988987531411
2011-07-07 07:08:00,0.07213345730224949,-0.09686056944074432,0.9605472074153372
2011-07-07 07:09:00,0.07119659077242493,-0.10147495220068764,0.9579374997409814
2011-07-07 07:10:00,0.07006190238850679,-0.10648324504041218,0.954864430224145
2011-07-07 07:11:00,0.06876313531763953,-0.11174526832057981,0.9514171437857606
2011-07-07 07:12:00,0.06733162308310142,-0.11712344791473467,0.9476784808045543
2011-07-07 07:13:00,0.06579626174574627,-0.12248417688743335,0.943724350130246
2011-07-07 07:14:00,0.06418352921931465,-0.1276991619416758,0.9396232707290612
2011-07-07 07:15:00,0.06251754262676024,-0.13264674761345036,0.9354360800129998
2011-07-07 07:16:00,0.0608201450587011,-0.13721321003542272,0.9312158045180086
2011-07-07 07:17:00,0.05911101372523141,-0.14129401133353095,0.9270076863727708
2011-07-07 07:18:00,0.05740778274790936,-0.14479500418769198,0.9228493568102635
2011-07-07 07:19:00,0.055726175564630644,-0.14763357312986888,0.9187711458373613
2011-07-07 07:20:00,0.05408014337988388,-0.14973969553569033,0.9147965153053552
2011-07-07 07:21:00,0.05248200688704335,-0.15105690253607423,0.9109426011790068
2011-07-07 07:22:00,0.050942598859608265,-0.15154311913787188,0.9072208497100056
2011-07-07 07:23:00,0.04947140549453278,-0.15117136349180224,0.9036377313084102
2011-07-07 07:24:00,0.04807670465143445,-0.1499302867144746,0.9001955151436513
2011-07-07 07:25:00,0.0467656992867446,-0.14782453622798256,0.8968930870242241
2011-07-07 07:26:00,0.04554464443431892,-0.14487492688314046,0.8937267929957785
2011-07-07 07:27:00,0.04441896611314179,-0.14111840539354795,0.8906912912812159
2011-07-07 07:28:00,0.04339337058548572,-0.13660779541410703,0.8877803954667031
2011-07-07 07:29:00,0.042471942425729756,-0.131411313329716,0.8849878920901777
2011-07-07 07:30:00,0.04165822989778188,-0.12561184822291258,0.8823083160951277
2011-07-07 07:31:00,0.040955316217710154,-0.11930600303762616,0.8797376681582358
2011-07-07 07:32:00,0.04036587540987046,-0.11260289751177799,0.877274058766496
2011-07-07 07:33:00,0.039892211639356495,-0.1056227372447071,0.8749182650491532
2011-07-07 07:34:00,0.039536281138933135,-0.09849515741048274,0.8726741876920892
2011-07-07 07:35:00,0.03929969619479454,-0.09135735396363898,0.8705491967718262
2011-07-07 07:36:00,0.03918371114934746,-0.08435201950738945,0.8685543570713052
2011-07-07 07:37:00,0.03918919099270727,-0.07762510529217848,0.866704525390446
2011-07-07 07:38:00,0.03931656375928599,-0.07132343523243954,0.8650183145251664
2011-07-07 07:39:00,0.039565758543636455,-0.06559220247939707,0.8635179209404823
2011-07-07 07:40:00,0.03993613148485967,-0.06057238394523196,0.8622288156971509
2011-07-07 07:41:00,0.04042638257126477,-0.05639811319462413,0.8611793008899025
2011-07-07 07:42:00,0.041034466608598115,-0.053194057288703904,0.8603999366680386
2011-07-07 07:43:00,0.041757502144479444,-0.05107284821361895,0.8599228467359904
2011-07-07 07:44:00,0.04259168246413033,-0.0501326235712473,0.8597809129338644
2011-07-07 07:45:00,0.04353219289032715,-0.05045473315912133,0.860006871949512
2011-07-07 07:46:00,0.044573138534697895,-0.052101667512129225,0.8606323293160275
2011-07-07 07:47:00,0.0457074864290902,-0.05511526143674757,0.8616867074472251
2011-07-07 07:48:00,0.046927025638416456,-0.05951521942576154,0.8631961453672174
2011-07-07 07:49:00,0.04822234842141088,-0.06529799997492769,0.8651823680607239
2011-07-07 07:50:00,0.0495828546756381,-0.07243608303532217,0.8676615434212899
2011-07-07 07:51:00,0.05099678091234153,-0.080877630695151,0.870643144911774
2011-07-07 07:52:00,0.052451254181481326,-0.0905465367583856,0.8741288381629274
2011-07-07 07:53:00,0.0539323709106768,-0.10134284754096669,0.8781114097245396
2011-07-07 07:54:00,0.05542530038811349,-0.11314352636692064,0.8825737563899021
2011-07-07 07:55:00,0.05691441230920643,-0.12580352971910785,0.88748795435815
2011-07-07 07:56:00,0.05838342735961938,-0.13915716321726132,0.8928144289237264
2011-07-07 07:57:00,0.059815589454858424,-0.15301968848216602,0.8985012468763018
2011-07-07 07:58:00,0.06119385814167291,-0.1671891558352411,0.9044835547865563
2011-07-07 07:59:00,0.06250111957735892,-0.18144844196424684,0.9106831865079732
2011-07-07 08:00:00,0.06372041413804778,-0.19556747571576671,0.9170084625474405
2011-07-07 08:01:00,0.064835178054637,-0.20930563842542102,0.9233542027036483
2011-07-07 08:02:00,0.06582949573996506,-0.22241432706580552,0.9296019718123649
2011-07-07 08:03:00,0.06668835879247888,-0.23463966860049168,0.9356205766591996
2011-07-07 08:04:00,0.06739792710991398,-0.24572537187606502,0.9412668299820882
2011-07-07 08:05:00,0.06794578720954189,-0.2554156988104788,0.9463865947523653
2011-07-07 08:06:00,0.06832120273344389,-0.2634585300456037,0.9508161185012876
2011-07-07 08:07:00,0.06851535210326364,-0.2696084932689474,0.9543836634618472
2011-07-07 08:08:00,0.06852154832444965,-0.27363011691685474,0.9569114338698804
2011-07-07 08:09:00,0.06833543608564167,-0.275300968944264,0.9582177969011161
2011-07-07 08:10:00,0.06795516156374502,-0.27441473997912136,0.9581197879948844
2011-07-07 08:11:00,0.06738151064482693,-0.27078423266048074,0.9564358837566496
2011-07-07 08:12:00,0.06661801159340225,-0.2642442244410472,0.9529890154929528
2011-07-07 08:13:00,0.06567099868163978,-0.254654178686387,0.9476097845099235
2011-07-07 08:14:00,0.06454963402889431,-0.24190078631195683,0.9401398287562172
2011-07-07 08:15:00,0.06326588577428237,-0.22590032506982444,0.9304352810461941
2011-07-07 08:16:00,0.06183446143113586,-0.20660082443460273,0.9183702525243714
2011-07-07 08:17:00,0.060272695701417904,-0.18398402087415566,0.9038402708718679
2011-07-07 08:18:00,0.05860039228918878,-0.15806708256710217,0.8867656003169035
2011-07-07 08:19:00,0.056839619649686535,-0.12890407614233768,0.8670943692064089
2011-07-07 08:20:00,0.055014461409177345,-0.09658714197247496,0.8448054305030346
2011-07-07 08:21:00,0.05315072344270454,-0.06124733944105386,0.8199108811785537
2011-07-07 08:22:00,0.0512756011044989,-0.023055119474058534,0.7924581682685504
2011-07-07 08:23:00,0.04941731154249824,0.017779621504891097,0.7625317124938625
2011-07-07 08:24:00,0.04760469712358959,0.06100795389199724,0.7302539849570123
2011-07-07 08:25:00,0.04586680662033426,0.1063428413319991,0.6957859786049322
2011-07-07 08:26:00,0.04423246096252029,0.15346062717391828,0.6593270240584015
2011-07-07 08:27:00,0.04272981015917964,0.20200312245609314,0.6211139091798318
2011-07-07 08:28:00,0.041385887629159804,0.2515803292612481,0.5814192734874347
2011-07-07 08:29:00,0.040226167780131425,0.30177382178343054,0.5405492623424583
2011-07-07 08:30:00,0.039274132358976525,0.35214079243521706,0.49884044190034016
2011-07-07 08:31:00,0.03855085095400067,0.40221875268101415,0.45665599428652687
2011-07-07 08:32:00,0.03807458103219808,0.4515308583258644,0.41438123342818184
2011-07-07 08:33:00,0.0378603929285396,0.4995918059461116,0.37241850544474325
2011-07-07 08:34:00,0.03791982529955074,0.5459142198006065,0.33118156321179204
2011-07-07 08:35:00,0.038260576969687,0.5900154171352927,0.2910895313385647
2011-07-07 08:36:00,0.03888624208913394,0.6314244085023812,0.25256060159467725
2011-07-07 08:37:00,0.039796096961819835,0.6696889667956769,0.21600561385325268
2011-07-07 08:38:00,0.04098494814728138,0.7043825913178868,0.18182167940891564
2011-07-07 08:39:00,0.04244305167912042,0.7351112015401458,0.1503859929400285
2011-07-07 08:40:00,0.044156112081663826,0.7615194130525863,0.12204996178960437
2011-07-07 08:41:00,0.04610536749392838,0.7832962687111218,0.09713376214532221
2011-07-07 08:42:00,0.0482677641446812,0.8001803175796097,0.07592141397255563
2011-07-07 08:43:00,0.05061622031898248,0.8119639520782662,0.05865645076472303
2011-07-07 08:44:00,0.053119977411124474,0.8184969298823779,0.04553824593994779
2011-07-07 08:45:00,0.05574503389004541,0.8196890218473314,0.03671904459497821
2011-07-07 08:46:00,0.05845465687378697,0.8155117408719302,0.03230173715150602
2011-07-07 08:47:00,0.06120996535703563,0.805999119469018,0.032338400159884734
2011-07-07 08:48:00,0.06397057875176564,0.791247516232457,0.03682961900419009
2011-07-07 08:49:00,0.06669532381982043,0.7714144437449383,0.04572459716819695
2011-07-07 08:50:00,0.0693429918095409,0.746716423133314,0.05892204682744647
2011-07-07 08:51:00,0.07187313551684595,0.7174258837895198,0.07627184580504798
2011-07-07 08:52:00,0.07424689320218045,0.6838671410540512,0.09757743640244275
2011-07-07 08:53:00,0.07642782292770246,0.6464115002077232,0.12259893205771825
2011-07-07 08:54:00,0.07838272703315466,0.6054715522167081,0.15105688759286093
2011-07-07 08:55:00,0.08008244232831606,0.5614947455852443,0.18263667728916186
2011-07-07 08:56:00,0.08150256734518468,0.5149563396427606,0.21699341177850712
2011-07-07 08:57:00,0.08262409387498104,0.46635186778238097,0.2537573097562284
2011-07-07 08:58:00,0.08343390691656924,0.41618926405559903,0.29253942392903093
2011-07-07 08:59:00,0.08392511776153785,0.3649808306794143,0.33293760275648093
2011-07-07 09:00:00,0.08409720276546301,0.3132352422658709,0.37454255230246536
2011-07-07 09:01:00,0.08395593561545948,0.2614497885767838,0.41694385065083783
2011-07-07 09:02:00,0.08351311806573089,0.21010304765672252,0.4597357668091341
2011-07-07 09:03:00,0.08278612639247261,0.15964815719676637,0.5025227490949858
2011-07-07 09:04:00,0.08179729642889548,0.11050682000069736,0.5449244708532288
2011-07-07 09:05:00,0.08057317188865892,0.06306414549999632,0.5865803475514948
2011-07-07 09:06:00,0.07914364172095154,0.01766439681760631,0.6271534644578561
2011-07-07 09:07:00,0.07754099338988885,-0.02539231687394015,0.6663338767320679
2011-07-07 09:08:00,0.07579891015267967,-0.06585238976009414,0.7038412636602066
2011-07-07 09:09:00,0.07395144143428897,-0.10351012138780734,0.7394269359501526
2011-07-07 09:10:00,0.07203197593703987,-0.1382082024767025,0.7728752096276598
2011-07-07 09:11:00,0.07007224668367168,-0.16983733225505318,0.8040041724425186
2011-07-07 09:12:00,0.06810139544153927,-0.19833502773427542,0.8326658791392008
2011-07-07 09:13:00,0.06614512106377864,-0.22368369509891364,0.858746020611957
2011-07-07 09:14:00,0.06422493270474876,-0.24590804125634558,0.8821631187971437
2011-07-07 09:15:00,0.062357525086779504,-0.2650719100622819,0.9028673040854155
2011-07-07 09:16:00,0.06055428925306798,-0.2812746327145938,0.9208387351493973
2011-07-07 09:17:00,0.05882096858600314,-0.29464698494524405,0.9360857226088086
2011-07-07 09:18:00,0.0571574662865732,-0.30534684481388624,0.9486426181252168
2011-07-07 09:19:00,0.05555780702103634,-0.31355464449374143,0.9585675294629593
2011-07-07 09:20:00,0.05401025207619736,-0.3194687080617911,0.9659399198372551
2011-07-07 09:21:00,0.052497564150370664,-0.3233005652979077,0.9708581465779518
2011-07-07 09:22:00,0.05099741499785992,-0.3252703287842086,0.9734369898623083
2011-07-07 09:23:00,0.049482926764489246,-0.3256022180028932,0.9738052170903929
2011-07-07 09:24:00,0.04792333595434186,-0.3245203097428077,0.9721032225514881
2011-07-07 09:25:00,0.04628476721003819,-0.3222445892755083,0.9684807757155087
2011-07-07 09:26:00,0.0445311022090195,-0.3189873713218987,0.9630949051953142
2011-07-07 09:27:00,0.04262492696392752,-0.31495015248195196,0.9561079393403499
2011-07-07 09:28:00,0.04052853875385792,-0.3103209456903714,0.9476857184350275
2011-07-07 09:29:00,0.038204991897701164,-0.30527213162024414,0.9379959875010687
2011-07-07 09:30:00,0.03561915978412216,-0.29995884275754947,0.9272069729326222
2011-07-07 09:31:00,0.03273878938372286,-0.2945178752667029,0.9154861410134696
2011-07-07 09:32:00,0.02953552435664096,-0.28906710451706913,0.9029991320341313
2011-07-07 09:33:00,0.02598587390508626,-0.28370536518334294,0.8899088601140329
2011-07-07 09:34:00,0.022072106264541255,-0.2785127483041518,0.8763747654896635
2011-07-07 09:35:00,0.017783047711267208,-0.273551265557451,0.8625522025901916
2011-07-07 09:36:00,0.013114769941511647,-0.26886583271225245,0.8485919439086504
2011-07-07 09:37:00,0.008071150409455167,-0.26448552594262315,0.8346397773378644
2011-07-07 09:38:00,0.0026642914647531215,-0.26042506373278496,0.8208361740640753
2011-07-07 09:39:00,-0.0030852150334564573,-0.2566864634355396,0.8073160053122851
2011-07-07 09:40:00,-0.009148190175298568,-0.253260817191162,0.794208288583355
2011-07-07 09:41:00,-0.015486948997715456,-0.250130128787993,0.7816359469089714
2011-07-07 09:42:00,-0.022055569800657,-0.24726915192839588,0.7697155677246638
2011-07-07 09:43:00,-0.028800358961415584,-0.24464717176789236,0.7585571507410411
2011-07-07 09:44:00,-0.03566051470507127,-0.24222967637742457,0.7482638359864332
2011-07-07 09:45:00,-0.04256898856519658,-0.23997987333964282,0.7389316036924682
2011-07-07 09:46:00,-0.049453537854270604,-0.2378600183410058,0.7306489373224663
2011-07-07 09:47:00,-0.056237956553866764,-0.23583253604985233,0.723496440516479
2011-07-07 09:48:00,-0.06284346570698561,-0.23386092744055473,0.7175463985983382
2011-07-07 09:49:00,-0.06919023780707312,-0.2319104707053556,0.7128622761065948
2011-07-07 09:50:00,-0.07519902314004945,-0.22994873348575004,0.7094981444249153
2011-07-07 09:51:00,-0.08079283986576231,-0.2279459210597855,0.7074980388673888
2011-07-07 09:52:00,-0.08589868390100354,-0.225875088308471,0.7068952526190841
2011-07-07 09:53:00,-0.09044920912517211,-0.22371224441971063,0.7077115847768807
2011-07-07 09:54:00,-0.09438432270152795,-0.2214363805430284,0.7099565700644368
2011-07-07 09:55:00,-0.09765263436639872,-0.21902945295293663,0.7136267277796237
2011-07-07 09:56:00,-0.10021269347993096,-0.2164763568892457,0.7187048764478906
2011-07-07 09:57:00,-0.1020339468556492,-0.21376492700738217,0.7251595661645835
2011-07-07 09:58:00,-0.10309735953692083,-0.21088599677753564,0.7329446780383049
2011-07-07 09:59:00,-0.10339566374737957,-0.20783353974718155,0.7419992257263676
2011-07-07 10:00:00,-0.10293323477429478,-0.20460490169158,0.7522473703156347
2011-07-07 10:01:00,-0.10172562554963333,-0.20120111851390957,0.763598636062612
2011-07-07 10:02:00,-0.09979881357445305,-0.19762730439862997,0.7759482999538055
2011-07-07 10:03:00,-0.0971882219594976,-0.19389308924834184,0.7891779249664448
2011-07-07 10:04:00,-0.09393757512842232,-0.19001308244853793,0.8031560111731593
2011-07-07 10:05:00,-0.09009764445793511,-0.18600734016215395,0.8177387450481053
2011-07-07 10:06:00,-0.08572493258242231,-0.18190181521825197,0.8327708324692257
2011-07-07 10:07:00,-0.0808803382048427,-0.17772877158382303,0.8480864047228691
2011-07-07 10:08:00,-0.07562783652831533,-0.1735271482011639,0.8635099903340981
2011-07-07 10:09:00,-0.0700332042165872,-0.169342858943522,0.8788575493303019
2011-07-07 10:10:00,-0.06416281223224829,-0.1652290167932446,0.8939375702417555
2011-07-07 10:11:00,-0.05808250497241486,-0.16124607136967864,0.9085522332409811
2011-07-07 10:12:00,-0.05185657980981466,-0.15746184953156772,0.9224986451732096
2011-07-07 10:13:00,-0.04554687746910962,-0.1539514888479239,0.9355701538574284
2011-07-07 10:14:00,-0.039211990605095955,-0.15079725349219292,0.947557749902052
2011-07-07 10:15:00,-0.03290659541630621,-0.1480882219596431,0.9582515642963935
2011-07-07 10:16:00,-0.02668090902460482,-0.14591983625715976,0.9674424691639089
2011-07-07 10:17:00,-0.0205802735957515,-0.14439330306569753,0.9749237872958939
2011-07-07 10:18:00,-0.014644866657461598,-0.14361483893603333,0.980493113444359
2011-07-07 10:19:00,-0.008909535629291905,-0.14369475378795385,0.9839542469051816
2011-07-07 10:20:00,-0.0034037530792253704,-0.14474636955106124,0.9851192308196821
2011-07-07 10:21:00,0.0018483123264184096,-0.14688477340186998,0.9838104890598737
2011-07-07 10:22:00,0.0068276156587101944,-0.15022540769099735,0.9798630466793581
2011-07-07 10:23:00,0.01151995406186256,-0.15488250159984532,0.9731268147565209
2011-07-07 10:24:00,0.015915592461316064,-0.16096735321831143,0.9634689150237913
2011-07-07 10:25:00,0.020008806882394453,-0.16858647539771654,0.9507760139758743
2011-07-07 10:26:00,0.023797357344590216,-0.17783962444502668,0.9349566302812353
2011-07-07 10:27:00,0.027281904342468206,-0.18881773733110752,0.915943373446746
2011-07-07 10:28:00,0.030465385221021376,-0.20160081045614692,0.8936950659269817
2011-07-07 10:29:00,0.03335236914961323,-0.21625576080012243,0.8681986954450586
2011-07-07 10:30:00,0.03594841142985573,-0.23283431744803892,0.8394711397969333
2011-07-07 10:31:00,0.03825942893830931,-0.2513709966847167,0.8075606036437838
2011-07-07 10:32:00,0.040291118324646484,-0.27188121642772906,0.77254770622165
2011-07-07 10:33:00,0.042048437250664684,-0.2943596058188717,0.734546160537477
2011-07-07 10:34:00,0.04353516666437373,-0.31877856361398055,0.6937029884186957
2011-07-07 10:35:00,0.04475356909615398,-0.34508711480282556,0.6501982218097977
2011-07-07 10:36:00,0.045704154543150424,-0.3732101088465448,0.6042440490953996
2011-07-07 10:37:00,0.04638556192599791,-0.40304779519226364,0.5560833760933348
2011-07-07 10:38:00,0.04679456047234869,-0.4344758024117506,0.5059877848061822
2011-07-07 10:39:00,0.04692617172705145,-0.46734553652821526,0.4542548891463648
2011-07-07 10:40:00,0.04677390924831863,-0.5014850019646963,0.40120510576150015
2011-07-07 10:41:00,0.04633012955939044,-0.5367000351375986,0.34717787987007
2011-07-07 10:42:00,0.04558648477782362,-0.5727759260795452,0.2925274306942397
2011-07-07 10:43:00,0.044534464662207576,-0.609479387831872,0.23761810830091296
2011-07-07 10:44:00,0.043166013699429455,-0.6465608177162695,0.1828194814715048
2011-07-07 10:45:00,0.04147420755007625,-0.6837567817068699,0.12850129924746137
2011-07-07 10:46:00,0.039453972869144247,-0.7207926469890432,0.07502847931389668
2011-07-07 10:47:00,0.03710283491957284,-0.7573852908775839,0.022756269862199866
2011-07-07 10:48:00,0.034421677816098305,-0.7932458250876322,-0.027974289010331676
2011-07-07 10:49:00,0.03141550227100658,-0.8280822887152535,-0.07684050529186705
2011-07-07 10:50:00,0.0280941654646157,-0.8616022775255225,-0.12354170444164471
2011-07-07 10:51:00,0.024473087394801064,-0.8935154895795137,-0.16780238065125494
2011-07-07 10:52:00,0.020573907918642418,-0.9235361774802839,-0.20937480382509524
2011-07-07 10:53:00,0.01642507873061465,-0.951385505601727,-0.24804107443350076
2011-07-07 10:54:00,0.012062374737440911,-0.9767938166653191,-0.2836146337868689
2011-07-07 10:55:00,0.007529309691569525,-0.9995028160497154,-0.3159412499117462
2011-07-07 10:56:00,0.0028774415407992232,-1.0192676843767057,-0.34489950924769575
2011-07-07 10:57:00,-0.0018334462362942562,-1.0358591293511772,-0.3704008520061931
2011-07-07 10:58:00,-0.006535299982146894,-1.0490653866957704,-0.39238919442965464
2011-07-07 10:59:00,-0.011151899250268231,-1.0586941774816492,-0.41084018456042304
2011-07-07 11:00:00,-0.015599117992153484,-1.0645746253987571,-0.425760139685744
2011-07-07 11:01:00,-0.0197853514397763,-1.0665591327296682,-0.43718471358104016
2011-07-07 11:02:00,-0.023612114461624794,-1.0645252082018386,-0.44517734024981837
2011-07-07 11:03:00,-0.026974814794708334,-1.0583772337172026,-0.44982749827654706
2011-07-07 11:04:00,-0.029763701930488138,-1.0480481504293535,-0.45124883638980917
2011-07-07 11:05:00,-0.03186498956771333,-1.0335010379992788,-0.44957719659335216
2011-07-07 11:06:00,-0.03316214645462372,-1.014730554360544,-0.44496856647333005
2011-07-07 11:07:00,-0.03353734715117374,-0.9917641972200006,-0.4375969872368448
2011-07-07 11:08:00,-0.03287307078292597,-0.9646633430709683,-0.42765243887966653
2011-07-07 11:09:00,-0.03105383227487414,-0.9335240149652679,-0.41533871881234363
2011-07-07 11:10:00,-0.02796802689623143,-0.8984773269419349,-0.40087132547810167
2011-07-07 11:11:00,-0.02350986527408618,-0.8596895511058871,-0.384475354147525
2011-07-07 11:12:00,-0.017581372409922497,-0.8173617531471499,-0.36638340833629285
2011-07-07 11:13:00,-0.010094420730490395,-0.7717289438418158,-0.34683352731120254
2011-07-07 11:14:00,-0.0009727639025356909,-0.7230586980226631,-0.3260671280599022
2011-07-07 11:15:00,0.009845964874206413,-0.6716491988832549,-0.30432695902084167
2011-07-07 11:16:00,0.022408329015302056,-0.6178266745051538,-0.2818550629078691
2011-07-07 11:17:00,0.036743280209888464,-0.5619422053794734,-0.2588907472114011
2011-07-07 11:18:00,0.05286050820902243,-0.5043678966195035,-0.23566856349598111
2011-07-07 11:19:00,0.07074899220049352,-0.44549242669968736,-0.21241630051004867
2011-07-07 11:20:00,0.09037579723409339,-0.3857160060574764,-0.1893530014275619
2011-07-07 11:21:00,0.11168515823512135,-0.32544480388796637,-0.16668702228079146
2011-07-07 11:22:00,0.1345978921843817,-0.26508493005343065,-0.14461415682841566
2011-07-07 11:23:00,0.1590111759092268,-0.20503609126436478,-0.1233158626813867
2011-07-07 11:24:00,0.18479872227614352,-0.14568507621665905,-0.10295763387369121
2011-07-07 11:25:00,0.21181138082773737,-0.08739926126348961,-0.08368757358796412
2011-07-07 11:26:00,0.23987817997993205,-0.03052036094445156,-0.06563522204638565
2011-07-07 11:27:00,0.2688078181029768,0.02464133327437206,-0.048910684170421666
2011-07-07 11:28:00,0.29839060216225927,0.07781198673817594,-0.033604081732934145
2011-07-07 11:29:00,0.3284008256353657,0.1287583178952317,-0.019785333591569643
2011-07-07 11:30:00,0.35859957036444856,0.1772905951069497,-0.00750425167367167
2011-07-07 11:31:00,0.3887379072428174,0.22326442789581805,0.0032090698296659494
2011-07-07 11:32:00,0.41856045673668446,0.2665813031043129,0.012343601501290376
2011-07-07 11:33:00,0.4478092525894659,0.3071878706602033,0.01990649658187073
2011-07-07 11:34:00,0.4762278321296783,0.3450740349425811,0.025922018198961526
2011-07-07 11:35:00,0.5035654565919435,0.3802699551384544,0.03043031710799881
2011-07-07 11:36:00,0.529581348604229,0.412842098252746,0.03348610240110373
2011-07-07 11:37:00,0.5540488264295123,0.4428885170967811,0.03515724713678031
2011-07-07 11:38:00,0.5767592173620542,0.4705335412764411,0.03552336839228299
2011-07-07 11:39:00,0.5975254416780139,0.4959220757312296,0.03467441736262579
2011-07-07 11:40:00,0.6161851685375529,0.5192137025518969,0.03270931045683223
2011-07-07 11:41:00,0.6326034560997432,0.5405767763331586,0.029734626833275074
2011-07-07 11:42:00,0.6466748029445123,0.5601826881227312,0.02586339117199659
2011-07-07 11:43:00,0.6583245573455594,0.5782004493619948,0.021213953154088083
2011-07-07 11:44:00,0.6675096524775185,0.5947917203084886,0.015908968311462757
2011-07-07 11:45:00,0.6742186567942506,0.6101063817160561,0.010074479593164749
2011-07-07 11:46:00,0.6784711487522271,0.6242787251599057,0.003839095247696304
2011-07-07 11:47:00,0.6803164439384101,0.6374243151758313,-0.0026667441038324825
2011-07-07 11:48:00,0.6798317208407948,0.6496375539675497,-0.00931141868189588
2011-07-07 11:49:00,0.6771196090432743,0.660989956670155,-0.01596271497522874
2011-07-07 11:50:00,0.6723053197110167,0.6715291235809157,-0.022488357889950246
2011-07-07 11:51:00,0.665533410401043,0.6812783785093346,-0.028756506316753007
2011-07-07 11:52:00,0.6569642811006424,0.6902370329428063,-0.03463622982810189
2011-07-07 11:53:00,0.6467704950244169,0.6983812345494247,-0.03999798379764019
2011-07-07 11:54:00,0.6351330106666184,0.705665360086245,-0.04471409896179425
2011-07-07 11:55:00,0.6222374086327297,0.7120239081154388,-0.04865930023522077
2011-07-07 11:56:00,0.6082702016102562,0.7173738318375305,-0.0517112688141543
2011-07-07 11:57:00,0.5934153240297753,0.7216172323175299,-0.053751260770446445
2011-07-07 11:58:00,0.5778509006987086,0.72464431806945,-0.05466479366981101
2011-07-07 11:59:00,0.561746385527864,0.7263365349680752,-0.054342409926585254
2011-07-07 12:00:00,0.5452601437650509,0.7265697793938634,-0.05268052201530259
2011-07-07 12:01:00,0.5285375289267282,0.7252176220219343,-0.049582340948566776
2011-07-07 12:02:00,0.5117094830322144,0.7221544856601599,-0.04495888603459256
2011-07-07 12:03:00,0.4948916672901576,0.717258736446678,-0.03873007081740618
2011-07-07 12:04:00,0.47818410929840227,0.7104156626825152,-0.030825856372648338
2011-07-07 12:05:00,0.4616713304185114,0.7015203279478212,-0.021187456883597387
2011-07-07 12:06:00,0.44542289329376017,0.6904802927590087,-0.00976857258065071
2011-07-07 12:07:00,0.42949428875203294,0.6772182001484408,0.0034633860977392795
2011-07-07 12:08:00,0.41392807025401956,0.6616742144280562,0.018526127580023546
2011-07-07 12:09:00,0.3987551454152386,0.6438082904382186,0.03542140915810558
2011-07-07 12:10:00,0.383996144505775,0.6236022367220903,0.054134114954429186
2011-07-07 12:11:00,0.3696628004930116,0.6010615238565802,0.07463152642218696
2011-07-07 12:12:00,0.3557592910485575,0.5762167802649231,0.09686282654700357
2011-07-07 12:13:00,0.34228350626419607,0.5491249142459745,0.12075887488660013
2011-07-07 12:14:00,0.3292282133768615,0.5198698046425057,0.14623228603823793
2011-07-07 12:15:00,0.31658209262894094,0.48856251241225573,0.17317783891778848
2011-07-07 12:16:00,0.3043306206918548,0.45534097769306275,0.20147323793653174
2011-07-07 12:17:00,0.2924567842287041,0.4203691777615826,0.23098023923250174
2011-07-07 12:18:00,0.2809416193706622,0.3838357276808366,0.26154614510331287
2011-07-07 12:19:00,0.26976459199256175,0.34595190896538525,0.2930056576368112
2011-07-07 12:20:00,0.25890385161725155,0.30694911949293935,0.32518306864921626
2011-07-07 12:21:00,0.24833640147208608,0.26707575706834413,0.3578947478274728
2011-07-07 12:22:00,0.23803822800824107,0.2265935799662483,0.3909518744688594
2011-07-07 12:23:00,0.2279844291766054,0.18577362565370711,0.4241633405773633
2011-07-07 12:24:00,0.21814937543088636,0.14489180710298522,0.457338736006265
2011-07-07 12:25:00,0.20850693177294108,0.10422433659567763,0.4902913141446334
2011-07-07 12:26:00,0.1990307627387643,0.0640431419647635,0.5228408346261344
2011-07-07 12:27:00,0.18969473463147404,0.024611437444510036,0.5548161895595646
2011-07-07 12:28:00,0.18047342099540745,-0.013820405043552699,0.5860577380386259
2011-07-07 12:29:00,0.171342709487673,-0.051018562065339716,0.6164192940123756
2011-07-07 12:30:00,0.1622805019121071,-0.08676894691804843,0.6457697311462492
2011-07-07 12:31:00,0.15326749436913784,-0.1208798115197643,0.6739941843041543
2011-07-07 12:32:00,0.14428802083674966,-0.1531837193003982,0.7009948408201836
2011-07-07 12:33:00,0.13533094067773646,-0.1835388708020319,0.7266913256449635
2011-07-07 12:34:00,0.1263905485058827,-0.2118297864697087,0.7510206930203844
2011-07-07 12:35:00,0.11746748359872491,-0.23796737157344358,0.7739370444585827
2011-07-07 12:36:00,0.10856961551949379,-0.2618884058536489,0.7954107990648628
2011-07-07 12:37:00,0.09971288247126844,-0.28355451562903206,0.8154276474476674
2011-07-07 12:38:00,0.09092205870864688,-0.30295069900710037,0.8339872242758107
2011-07-07 12:39:00,0.08223142674438506,-0.32008348463561553,0.8511015372847256
2011-07-07 12:40:00,0.07368532912437412,-0.3349788094977369,0.8667931930460011
2011-07-07 12:41:00,0.06533857359552551,-0.3476797008613371,0.8810934626723177
2011-07-07 12:42:00,0.05725666503884263,-0.35824384298083656,0.8940402335400573
2011-07-07 12:43:00,0.049515837845792554,-0.3667411031921364,0.9056758951557238
2011-07-07 12:44:00,0.042202863536925254,-0.3732510866390899,0.9160452077270853
2011-07-07 12:45:00,0.0354146104631209,-0.37786078380533233,0.9251932009077543
2011-07-07 12:46:00,0.029257335628513854,-0.380662368477849,0.9331631483545378
2011-07-07 12:47:00,0.02384569313715311,-0.3817511945524888,0.9399946618752547
2011-07-07 12:48:00,0.01930144924433527,-0.38122402859939875,0.9457219471632315
2011-07-07 12:49:00,0.01575190006921807,-0.37917754209284643,0.950372261208542
2011-07-07 12:50:00,0.01332799446132622,-0.37570707290159233,0.9539646093160103
2011-07-07 12:51:00,0.012162171290914382,-0.37090565051960683,0.956508717129868
2011-07-07 12:52:00,0.012385927475202318,-0.36486326532768454,0.9580043097895221
2011-07-07 12:53:00,0.014127140097352282,-0.35766635157930476,0.9584407256482578
2011-07-07 12:54:00,0.01750717278022426,-0.34939744886553337,0.9577968852724326
2011-07-07 12:55:00,0.022637803011999635,-0.3401350076264987,0.9560416276629391
2011-07-07 12:56:00,0.029618013488099202,-0.3299533091688998,0.9531344153937482
2011-07-07 12:57:00,0.038530696785195176,-0.31892247764922266,0.9490263994010387
2011-07-07 12:58:00,0.04943932871813384,-0.3071085691457555,0.9436618230645414
2011-07-07 12:59:00,0.06238467130145981,-0.2945737298461085,0.9369797346276517
2011-07-07 13:00:00,0.0773815710902753,-0.28137641984427453,0.9289159677804347
2011-07-07 13:01:00,0.09441592271146039,-0.2675717001545115,0.9194053430635247
2011-07-07 13:02:00,0.11344187060445582,-0.25321157895911717,0.9083840375976526
2011-07-07 13:03:00,0.13437932424852564,-0.2383454102032878,0.8957920669539826
2011-07-07 13:04:00,0.15711186321163464,-0.22302033436885954,0.8815758203117192
2011-07-07 13:05:00,0.18148510798819664,-0.20728174805525407,0.8656905882559108
2011-07-07 13:06:00,0.20730563070764896,-0.1911737862932565,0.8481030216270637
2011-07-07 13:07:00,0.23434047642577416,-0.17473979971835535,0.8287934597304181
2011-07-07 13:08:00,0.262317360832479,-0.15802280813615624,0.8077580669502359
2011-07-07 13:09:00,0.2909256035609183,-0.14106591285318326,0.7850107184561813
2011-07-07 13:10:00,0.3198178475233232,-0.12391265247646109,0.7605845783744029
2011-07-07 13:11:00,0.3486126038024987,-0.1066072905029384,0.7345333176941368
2011-07-07 13:12:00,0.37689764891809846,-0.089195027539628,0.7069319244145681
2011-07-07 13:13:00,0.40423428696609814,-0.07172213570948834,0.6778770650602745
2011-07-07 13:14:00,0.430162472926195,-0.05423601655500678,0.6474869647245977
2011-07-07 13:15:00,0.45420677491973216,-0.03678518548101304,0.6159007822529098
2011-07-07 13:16:00,0.47588313235701163,-0.01941918483519265,0.5832774680500369
2011-07-07 13:17:00,0.49470634409110764,-0.0021884235920392003,0.5497941042675337
2011-07-07 13:18:00,0.5101981963232145,0.014856064990063434,0.5156437408884157
2011-07-07 13:19:00,0.521896114657061,0.03166296163690228,0.4810327568158977
2011-07-07 13:20:00,0.5293621990321626,0.0481811081309105,0.44617779284991615
2011-07-07 13:21:00,0.5321924745349584,0.06436006687675176,0.41130232326412935
2011-07-07 13:22:00,0.5300261654297101,0.0801507811574026,0.37663295351514
2011-07-07 13:23:00,0.5225547758280109,0.09550630621729281,0.34239555098247737
2011-07-07 13:24:00,0.5095307426829462,0.11038256588475316,0.3088113293513198
2011-07-07 13:25:00,0.49077542074141295,0.1247390821125962,0.2760930107354933
2011-07-07 13:26:00,0.4661861670427953,0.13853962735223377,0.24444118143613988
2011-07-07 13:27:00,0.4357423117929674,0.1517527588337085,0.2140409406743541
2011-07-07 13:28:00,0.39950982798701395,0.16435220513188295,0.18505892203951668
2011-07-07 13:29:00,0.35764454046032235,0.17631708675654728,0.15764074830813668
2011-07-07 13:30:00,0.3103937448984566,0.1876319638338357,0.13190896281516498
2011-07-07 13:31:00,0.2580961387722673,0.1982867153828388,0.10796146478708053
2011-07-07 13:32:00,0.2011799996440888,0.20827626571023353,0.08587046199499664
2011-07-07 13:33:00,0.14015958250973928,0.2176001827005813,0.06568194169980876
2011-07-07 13:34:00,0.07562974761916764,0.22626217860571238,0.047415649867795666
2011-07-07 13:35:00,0.008258874138453304,0.23426954560561147,0.031065558756246548
2011-07-07 13:36:00,-0.061219836801373134,0.24163255666387717,0.016600794119290992
2011-07-07 13:37:00,-0.13201851396262368,0.24836385813313278,0.003966985442529024
2011-07-07 13:38:00,-0.20330601249617522,0.25447787463554195,-0.006912004237318711
2011-07-07 13:39:00,-0.27422029337991616,0.2599902394398125,-0.016132017965858902
2011-07-07 13:40:00,-0.3438814865773736,0.2649172565160109,-0.023806266692062112
2011-07-07 13:41:00,-0.41140532575580274,0.26927539581703525,-0.030062767360608252
2011-07-07 13:42:00,-0.475916655786607,0.2730808218774795,-0.03504161067997656
2011-07-07 13:43:00,-0.5365627446545603,0.27634895684099137,-0.03889211010548067
2011-07-07 13:44:00,-0.5925261661100295,0.27909408223296006,-0.04176988117603483
2011-07-07 13:45:00,-0.6430370506059448,0.28132898928018124,-0.04383389763749548
2011-07-07 13:46:00,-0.6873845286838408,0.2830646936469006,-0.0452435678932491
2011-07-07 13:47:00,-0.7249272151628617,0.28431023390743654,-0.046155872442178066
2011-07-07 13:48:00,-0.7551026056678256,0.28507257232069755,-0.04672260023845203
2011-07-07 13:49:00,-0.7774352788744783,0.2853566126145004,-0.04708771931071373
2011-07-07 13:50:00,-0.7915438176114183,0.285165344353614,-0.047384914400430855
2011-07-07 13:51:00,-0.7971463795047213,0.28450011804236247,-0.04773532175212623
2011-07-07 13:52:00,-0.7940648635239843,0.28336104967872733,-0.04824548850450954
2011-07-07 13:53:00,-0.7822276330658308,0.28174754809796637,-0.0490055814042265
2011-07-07 13:54:00,-0.7616707696044286,0.2796589531471676,-0.050087866802407274
2011-07-07 13:55:00,-0.7325378439793324,0.277095267534364,-0.05154548110063477
2011-07-07 13:56:00,-0.6950782056215024,0.2740579601102338,-0.05341150798203888
2011-07-07 13:57:00,-0.6496438039855575,0.2705508133811062,-0.055698375882319635
2011-07-07 13:58:00,-0.5966845717032654,0.26658078324025897,-0.05839758620475557
2011-07-07 13:59:00,-0.5367424160299049,0.2621588342772078,-0.06147977973139585
2011-07-07 14:00:00,-0.47044388452685915,0.25730070965256363,-0.06489514548020882
2011-07-07 14:01:00,-0.3984915930815951,0.25202759053410795,-0.06857417284305123
2011-07-07 14:02:00,-0.32165452974971187,0.2463665966277821,-0.07242874416294887
2011-07-07 14:03:00,-0.24075737678975667,0.2403510766497002,-0.07635356094839908
2011-07-07 14:04:00,-0.15666902497743,0.2340206367945561,-0.08022789263000296
2011-07-07 14:05:00,-0.0702904858678055,0.22742085969422265,-0.0839176319662
2011-07-07 14:06:00,0.017457565894290816,0.22060268101692607,-0.08727763558019337
2011-07-07 14:07:00,0.10564737085045868,0.21362141833814763,-0.0901543214248584
2011-07-07 14:08:00,0.1933565272249922,0.20653548324320084,-0.0923884875136784
2011-07-07 14:09:00,0.2796800453337442,0.19940484267956102,-0.09381830908595548
2011-07-07 14:10:00,0.36374177920025075,0.19228931873774543,-0.09428246589464975
2011-07-07 14:11:00,0.44470503231119163,0.18524682288674355,-0.09362334825940229
2011-07-07 14:12:00,0.5217821751415662,0.1783316148714283,-0.09169028950223024
2011-07-07 14:13:00,0.5942431544161266,0.17159266502793952,-0.08834277239930755
2011-07-07 14:14:00,0.6614228131436397,0.16507218659062184,-0.0834535576383163
2011-07-07 14:15:00,0.7227269747394987,0.15880439321124623,-0.07691168274373156
2011-07-07 14:16:00,0.7776372740319384,0.15281452620379896,-0.06862528052922283
2011-07-07 14:17:00,0.8257147429031565,0.1471181853532239,-0.05852416691201563
2011-07-07 14:18:00,0.8666021790727747,0.1417209860775172,-0.046562148948162026
2011-07-07 14:19:00,0.9000253434613243,0.13661855443353582,-0.032719005315218375
2011-07-07 14:20:00,0.9257930450889715,0.13179686039908173,-0.017002093300452197
2011-07-07 14:21:00,0.9437961830023726,0.1272328794255586,0.0005524612190183168
2011-07-07 14:22:00,0.9540058227233995,0.12289556248054398,0.019879031161969873
2011-07-07 14:23:00,0.9564703906337564,0.1187470855574546,0.040882249348167386
2011-07-07 14:24:00,0.951312074020893,0.11474434081046203,0.06343729471251229
2011-07-07 14:25:00,0.9387225176950715,0.11084062303033139,0.08739072898530269
2011-07-07 14:26:00,0.9189579106294705,0.10698745709356784,0.11256190197827592
2011-07-07 14:27:00,0.8923335584559273,0.10313650427617778,0.13874493509719182
2011-07-07 14:28:00,0.8592180403421559,0.09924147790086127,0.1657112827758557
2011-07-07 14:29:00,0.8200270522437072,0.09525999166642403,0.1932128601081332
2011-07-07 14:30:00,0.7752170431951754,0.09115525722457936,0.2209857119979213
2011-07-07 14:31:00,0.7252787573959327,0.08689754141337236,0.24875418471738045
2011-07-07 14:32:00,0.6707308015751332,0.08246528935660431,0.27623554514929904
2011-07-07 14:33:00,0.6121133613935188,0.07784582102318352,0.30314497672846186
2011-07-07 14:34:00,0.5499821871451567,0.07303552155185382,0.3292008647845919
2011-07-07 14:35:00,0.4849029535853293,0.06803947413063545,0.3541302679270511
2011-07-07 14:36:00,0.4174460721695414,0.06287052762731318,0.37767445616133294
2011-07-07 14:37:00,0.3481820016894216,0.05754784299710287,0.3995943806802251
2011-07-07 14:38:00,0.27767707086179616,0.05209501286680008,0.4196759265755381
2011-07-07 14:39:00,0.20648979717044214,0.046537886620854736,0.43773479229944456
2011-07-07 14:40:00,0.13516766186314508,0.040902250711738,0.45362084281528936
2011-07-07 14:41:00,0.06424428262834683,0.0352115106296664,0.467221797600735
2011-07-07 14:42:00,-0.005763086458187381,0.029484504325297,0.4784661364156829
2011-07-07 14:43:00,-0.074355804281998,0.023733555295092343,0.48732513053702886
2011-07-07 14:44:00,-0.14105591953633698,0.01796285172145985,0.49381393242824007
2011-07-07 14:45:00,-0.2054081512753907,0.012167217228430163,0.49799168182751363
2011-07-07 14:46:00,-0.26698184378066125,0.006331318782913716,0.4999606108545642
2011-07-07 14:47:00,-0.32537295669704863,0.0004293379759077236,0.4998641548877164
2011-07-07 14:48:00,-0.38020613761851674,-0.005574886064443271,0.49788409981342346
2011-07-07 14:49:00,-0.4311369070026807,-0.01172724989567356,0.49423682018410275
2011-07-07 14:50:00,-0.47785396525684815,-0.018082337085524595,0.4891686871352192
2011-07-07 14:51:00,-0.5200816093719826,-0.024701962918070884,0.48295074960049417
2011-07-07 14:52:00,-0.5575822213940455,-0.031653361096714544,0.47587281722957386
2011-07-07 14:53:00,-0.5901587634095998,-0.039007074490275,0.4682370980778424
2011-07-07 14:54:00,-0.6176571855703105,-0.04683462437907008,0.4603515670564418
2011-07-07 14:55:00,-0.6399686303913065,-0.055206041930197375,0.4525232581681928
2011-07-07 14:56:00,-0.6570313052724444,-0.06418734977875201,0.44505167905685417
2011-07-07 14:57:00,-0.6688318993210502,-0.07383808030865442,0.4382225375530995
2011-07-07 14:58:00,-0.6754064366991347,-0.08420891204342498,0.432301949503793
2011-07-07 14:59:00,-0.6768404802797376,-0.09533949830025339,0.4275312709668117
2011-07-07 15:00:00,-0.6732686218227636,-0.1072565538298976,0.42412267020860894
2011-07-07 15:01:00,-0.6648732167630478,-0.11997225571892031,0.42225552763733654
2011-07-07 15:02:00,-0.6518823430847503,-0.13348300439585545,0.42207372527260534
2011-07-07 15:03:00,-0.6345669849329083,-0.14776857925520476,0.4236838616990538
2011-07-07 15:04:00,-0.6132374629032793,-0.16279171130656134,0.42715440361896984
2011-07-07 15:05:00,-0.5882391547013944,-0.17849808243922716,0.43251576080417636
2011-07-07 15:06:00,-0.5599475724181019,-0.19481674738598243,0.43976124700020375
2011-07-07 15:07:00,-0.5287628863379078,-0.21166096028277406,0.4488488648102106
2011-07-07 15:08:00,-0.4951040100376934,-0.22892937290647578,0.45970382779450386
2011-07-07 15:09:00,-0.4594023863588481,-0.24650755672681193,0.472221708998204
2011-07-07 15:10:00,-0.4220956345591192,-0.2642697876714938,0.4862720849571651
2011-07-07 15:11:00,-0.3836212290494983,-0.2820810243102277,0.5017025325397086
2011-07-07 15:12:00,-0.34441037512245354,-0.2997990098273311,0.5183428355990931
2011-07-07 15:13:00,-0.3048822287011206,-0.3172764352608482,0.5360092678093028
2011-07-07 15:14:00,-0.2654385816446616,-0.3343631123036936,0.5545088330411979
2011-07-07 15:15:00,-0.22645910727426383,-0.35090811432006863,0.5736433618352157
2011-07-07 15:16:00,-0.18829723530812445,-0.36676185217961443,0.5932133803498773
2011-07-07 15:17:00,-0.1512767020181288,-0.3817780574204559,0.6130216857223808
2011-07-07 15:18:00,-0.11568880019331287,-0.39581565028329035,0.6328765782804966
2011-07-07 15:19:00,-0.0817903344241049,-0.4087404750623325,0.652594715982509
2011-07-07 15:20:00,-0.049802270387936866,-0.42042689008982514,0.6720035696983272
2011-07-07 15:21:00,-0.019909052289856094,-0.4307592043042778,0.6909434695309554
2011-07-07 15:22:00,0.007741449637843473,-0.4396329565070031,0.709269242408457
2011-07-07 15:23:00,0.03303740973224133,-0.44695603665204603,0.7268514498933456
2011-07-07 15:24:00,0.05590199168027207,-0.4526496502716777,0.7435772429585465
2011-07-07 15:25:00,0.07629182943124346,-0.45664912734561475,0.7593508575842564
2011-07-07 15:26:00,0.09419511006709905,-0.45890457642706295,0.7740937811014386
2011-07-07 15:27:00,0.1096293264381803,-0.45938138498970954,0.7877446234084761
2011-07-07 15:28:00,0.12263876755387387,-0.458060568668401,0.8002587288523915
2011-07-07 15:29:00,0.13329181332118814,-0.45493897513775633,0.8116075640057935
2011-07-07 15:30:00,0.14167809765622819,-0.45002935183033194,0.8217779149337354
2011-07-07 15:31:00,0.14790560071961878,-0.4433602898126603,0.8307709257226894
2011-07-07 15:32:00,0.15209772735182345,-0.4349760589004318,0.838601008085362
2011-07-07 15:33:00,0.15439042469428402,-0.4249363516301219,0.8452946495197668
2011-07-07 15:34:00,0.15492938719293167,-0.4133159553579525,0.8508891449630123
2011-07-07 15:35:00,0.15386739138748315,-0.4002043704859723,0.8554312748416227
2011-07-07 15:36:00,0.15136179604828123,-0.3857053859026354,0.8589759517312886
2011-07-07 15:37:00,0.1475722356609695,-0.3699366095659638,0.8615848587265514
2011-07-07 15:38:00,0.14265852756361438,-0.35302893663974066,0.8633251040450625
2011-07-07 15:39:00,0.1367788058026361,-0.33512592613114756,0.8642679165684063
2011-07-07 15:40:00,0.13008788833021795,-0.31638305349436585,0.8644874048719038
2011-07-07 15:41:00,0.12273587846710898,-0.29696681038555034,0.8640593980991598
2011-07-07 15:42:00,0.11486699635751373,-0.27705363047838666,0.863060381778266
2011-07-07 15:43:00,0.10661863138428564,-0.2568286289210208,0.8615665363900168
2011-07-07 15:44:00,0.09812060233836842,-0.23648415031693862,0.8596528821708909
2011-07-07 15:45:00,0.08949460857068944,-0.21621812499608908,0.8573925308731483
2011-07-07 15:46:00,0.08085385222595542,-0.19623223689502584,0.8548560437381624
2011-07-07 15:47:00,0.07230280896453094,-0.1767299108513521,0.8521108938941973
2011-07-07 15:48:00,0.06393712286187404,-0.15791413361012366,0.8492210301713058
2011-07-07 15:49:00,0.05584360137866088,-0.13998513050271297,0.8462465379781454
2011-07-07 15:50:00,0.048100288866685804,-0.12313792749316883,0.8432433916851763
2011-07-07 15:51:00,0.04077660108942364,-0.10755983588985478,0.840263291974114
2011-07-07 15:52:00,0.03393350692293916,-0.09342790424140814,0.8373535807213153
2011-07-07 15:53:00,0.027623745763230054,-0.08090638814922405,0.8345572250147375
2011-07-07 15:54:00,0.021892070647106077,-0.07014429445646399,0.8319128606537352
2011-07-07 15:55:00,0.016775508658758417,-0.06127306252401125,0.8294548839591955
2011-07-07 15:56:00,0.012303632123593353,-0.05440445013811881,0.8272135794669236
2011-07-07 15:57:00,0.008498835744722833,-0.049628689945159205,0.8252152706865225
2011-07-07 15:58:00,0.005376615435904502,-0.047012970739238304,0.8234824815094572
2011-07-07 15:59:00,0.0029458442336374982,-0.04660027871475231,0.8220340965428836
2011-07-07 16:00:00,0.0012090404936671716,-0.04840861397502643,0.8208855094468094
2011-07-07 16:01:00,0.00016262491169919988,-0.05243058397330924,0.8200487494877001
2011-07-07 16:02:00,-0.00020283394390243817,-0.0586333703436991,0.819532578210834
2011-07-07 16:03:00,9.761804417473424e-05,-0.06695906614330774,0.8193425503143387
2011-07-07 16:04:00,0.0010435569583750514,-0.07732538181205934,0.8194810350947069
2011-07-07 16:05:00,0.0026094230345486153,-0.08962671503744832,0.8199471967378369
2011-07-07 16:06:00,0.0047647734362394655,-0.10373557022216576,0.8207369331501508
2011-07-07 16:07:00,0.0074745471494114726,-0.11950430036030683,0.821842774441033
2011-07-07 16:08:00,0.010699341058689079,-0.13676713208879196,0.8232537441211706
2011-07-07 16:09:00,0.014395695240306905,-0.15534242454808878,0.8249551885906784
2011-07-07 16:10:00,0.018516385524541813,-0.17503510379565518,0.8269285831262486
2011-07-07 16:11:00,0.023010721948351236,-0.1956392083676952,0.8291513248871188
2011-07-07 16:12:00,0.027824852531507287,-0.21694048099552868,0.8315965251918784
2011-07-07 16:13:00,0.03290207253236953,-0.23871894692652293,0.8342328143565653
2011-07-07 16:14:00,0.038183139709250226,-0.26075142862129047,0.8370241726493474
2011-07-07 16:15:00,0.04360659623720964,-0.2828139574402594,0.8399298004799632
2011-07-07 16:16:00,0.04910909814221218,-0.30468405365369416,0.842904040209163
2011-07-07 16:17:00,0.05462575353820521,-0.32614285545856897,0.845896361441769
2011-07-07 16:18:00,0.06009047143607399,-0.3469770850701675,0.8488514214933873
2011-07-07 16:19:00,0.0654363233039767,-0.36698084564260797,0.8517092126013784
2011-07-07 16:20:00,0.0705959199363907,-0.3859572474043549,0.8544053069845207
2011-07-07 16:21:00,0.07550180662900516,-0.40371986551152783,0.8568712097849026
2011-07-07 16:22:00,0.08008688013346214,-0.4200940359819234,0.8590348281997543
2011-07-07 16:23:00,0.0842848312023403,-0.4349179995635239,0.8608210628678781
2011-07-07 16:24:00,0.08803061653328102,-0.4480439060431356,0.8621525250750278
2011-07-07 16:25:00,0.0912609634796339,-0.45933869274359984,0.8629503808466543
2011-07-07 16:26:00,0.09391490998863088,-0.46868485056892745,0.8631353205580643
2011-07-07 16:27:00,0.09593438092377425,-0.4759810894269638,0.8626286499667878
2011-07-07 16:28:00,0.09726480044899673,-0.48114291318345853,0.8613534950388787
2011-07-07 16:29:00,0.09785573873576645,-0.48410311311236043,0.8592361085379264
2011-07-07 16:30:00,0.09766158991293229,-0.4848121878359997,0.8562072616846481
2011-07-07 16:31:00,0.09664227674520875,-0.4832386963037156,0.8522036999752913
2011-07-07 16:32:00,0.09476397589061843,-0.4793695480111759,0.847169638732749
2011-07-07 16:33:00,0.09199985575960186,-0.47321023136560153,0.8410582711055177
2011-07-07 16:34:00,0.08833081700041001,-0.4647849770344415,0.8338332589407944
2011-07-07 16:35:00,0.08374622349146242,-0.45413684860013587,0.8254701751712213
2011-07-07 16:36:00,0.07824460955798414,-0.44132774829782523,0.8159578649882924
2011-07-07 16:37:00,0.07183434715478686,-0.42643832151863753,0.8052996920412989
2011-07-07 16:38:00,0.06453425510219823,-0.4095677405154664,0.7935146351780117
2011-07-07 16:39:00,0.05637413112001556,-0.39083334546971643,0.7806382009349115
2011-07-07 16:40:00,0.04739518631575993,-0.3703701197434095,0.7667231172299266
2011-07-07 16:41:00,0.037650360936561114,-0.348329975813599,0.7518397746004164
2011-07-07 16:42:00,0.027204499651832862,-0.32488082905933663,0.7360763829990107
2011-07-07 16:43:00,0.016134364514968188,-0.300205437995577,0.7195388148499212
2011-07-07 16:44:00,0.004528464177877435,-0.2744999914797491,0.7023501089812538
2011-07-07 16:45:00,-0.007513321011006977,-0.24797242596550734,0.6846496152090171
2011-07-07 16:46:00,-0.019880336618396582,-0.22084045955290915,0.6665917656195591
2011-07-07 16:47:00,-0.03245199042891254,-0.1933293350252081,0.6483444658029203
2011-07-07 16:48:00,-0.04509883989924968,-0.16566927161544376,0.6300871073703588
2011-07-07 16:49:00,-0.05768393881536506,-0.13809263473230352,0.6120082121767041
2011-07-07 16:50:00,-0.07006444598365336,-0.11083084385614995,0.5943027289664634
2011-07-07 16:51:00,-0.08209349283728753,-0.08411105106937367,0.5771690147588353
2011-07-07 16:52:00,-0.09362230021468587,-0.05815263635565282,0.5608055461115076
2011-07-07 16:53:00,-0.10450252722769904,-0.03316358123248379,0.5454074193159705
2011-07-07 16:54:00,-0.11458882695369238,-0.00933679984019854,0.5311627134104714
2011-07-07 16:55:00,-0.12374157458676095,0.013153473451862708,0.5182488054533966
2011-07-07 16:56:00,-0.13182972368104284,0.034155118912833175,0.506828743323528
2011-07-07 16:57:00,-0.13873373491214797,0.05354124646439656,0.4970477956267296
2011-07-07 16:58:00,-0.14434850837939825,0.07121283495428579,0.4890303067154602
2011-07-07 16:59:00,-0.1485862339219738,0.08710074386556688,0.48287698176881044
2011-07-07 17:00:00,-0.1513790551596228,0.101166972192109,0.4786627101935367
2011-07-07 17:01:00,-0.15268142610559712,0.11340508266442961,0.4764350093569444
2011-07-07 17:02:00,-0.1524720307077711,0.12383975840172276,0.4762131417193344
2011-07-07 17:03:00,-0.15075514127736814,0.13252550452234066,0.4779879309354231
2011-07-07 17:04:00,-0.14756131300221723,0.13954454563997887,0.4817222765018022
2011-07-07 17:05:00,-0.14294734550062005,0.14500400084938567,0.4873523406626478
2011-07-07 17:06:00,-0.13699548380515794,0.149032441334387,0.4947893549148554
2011-07-07 17:07:00,-0.12981187613363449,0.15177595362925123,0.5039219669784761
2011-07-07 17:08:00,-0.12152435000096878,0.1533938455952042,0.5146190244779467
2011-07-07 17:09:00,-0.11227960533321917,0.1540541424906521,0.5267326732782756
2011-07-07 17:10:00,-0.10223994661076324,0.15392902451572696,0.5401016416408371
2011-07-07 17:11:00,-0.09157968346630666,0.15319035170101777,0.5545545875601743
2011-07-07 17:12:00,-0.0804813245566182,0.15200540690267253,0.5699134019250136
2011-07-07 17:13:00,-0.06913167930944833,0.15053296669289656,0.5859963789924787
2011-07-07 17:14:00,-0.05771797092153751,0.14891978799081487,0.602621184761449
2011-07-07 17:15:00,-0.04642405388142427,0.147297578530994,0.619607572137265
2011-07-07 17:16:00,-0.03542682097405027,0.14578050176332974,0.6367798091262196
2011-07-07 17:17:00,-0.024892877900706576,0.1444632492293314,0.6539688028916735
2011-07-07 17:18:00,-0.014975557560370481,0.14341969386111852,0.6710139186584768
2011-07-07 17:19:00,-0.005812339751726645,0.14270211624707985,0.6877645078270908
2011-07-07 17:20:00,0.0024772666195376726,0.14234097518641095,0.7040811722789989
2011-07-07 17:21:00,0.00979333710602137,0.1423451776744205,0.7198367979470509
2011-07-07 17:22:00,0.016056624560225132,0.14270279523024645,0.7349173871666008
2011-07-07 17:23:00,0.021209145853359937,0.14338217332384032,0.7492227077882084
2011-07-07 17:24:00,0.025214302981411953,0.1443333846158934,0.7626667643723078
2011-07-07 17:25:00,0.028056591314429273,0.14548997944180714,0.7751780896096451
2011-07-07 17:26:00,0.029740948035805733,0.14677098538782812,0.7866998539093897
2011-07-07 17:27:00,0.030291789663413046,0.14808310341015152,0.7971897951032223
2011-07-07 17:28:00,0.02975178361295327,0.14932304599398494,0.8066199750076224
2011-07-07 17:29:00,0.028180395177348837,0.15037996782481863,0.8149763731579708
2011-07-07 17:30:00,0.025652247201442612,0.15113795036442088,0.8222583300729027
2011-07-07 17:31:00,0.022255325463166747,0.151478512496672,0.8284778537830764
2011-07-07 17:32:00,0.018089059533034448,0.1512831242148581,0.83365880500668
2011-07-07 17:33:00,0.013262307897763342,0.15043569859539063,0.8378359783709447
2011-07-07 17:34:00,0.007891277813018335,0.14882503299285335,0.841054098792828
2011-07-07 17:35:00,0.002097413602064188,0.14634716656119623,0.8433667530217518
2011-07-07 17:36:00,-0.003994710136649701,0.14290761732554796,0.8448352765764233
2011-07-07 17:37:00,-0.010259453066271915,0.13842345714721238,0.8455276162528926
2011-07-07 17:38:00,-0.01657209489287748,0.13282517852345993,0.845517188034424
2011-07-07 17:39:00,-0.022810707900836263,0.1260583051805272,0.8448817493244862
2011-07-07 17:40:00,-0.028857884919999074,0.11808469909448621,0.8437023028217826
2011-07-07 17:41:00,-0.034602295960227666,0.10888352031588241,0.8420620470839337
2011-07-07 17:42:00,-0.039940052429985946,0.09845180500860788,0.8400453858838371
2011-07-07 17:43:00,-0.04477586386168216,0.08680464289515283,0.8377370049128946
2011-07-07 17:44:00,-0.04902397767676993,0.07397495546447072,0.835221020553961
2011-07-07 17:45:00,-0.05260889769514113,0.06001289574727244,0.8325802018448978
2011-07-07 17:46:00,-0.05546588247441458,0.0449849051421094,0.8298952637437794
2011-07-07 17:47:00,-0.05754123080562377,0.028972471953969164,0.8272442274036468
2011-07-07 17:48:00,-0.05879236881460271,0.012070641672955571,0.8247018411720147
2011-07-07 17:49:00,-0.0591877606997736,-0.005613667396577385,0.8223390542750512
2011-07-07 17:50:00,-0.05870667237809673,-0.023963486935146633,0.8202225336857063
2011-07-07 17:51:00,-0.05733882245511434,-0.04285370343157574,0.8184142139584295
2011-07-07 17:52:00,-0.05508395586567747,-0.062152993507170774,0.8169708703961662
2011-07-07 17:53:00,-0.05195137173477566,-0.08172574873120761,0.8159437078644156
2011-07-07 17:54:00,-0.047959430196370285,-0.10143396215534128,0.8153779604047326
2011-07-07 17:55:00,-0.043135055784626015,-0.12113905985618056,0.815312499902928
2011-07-07 17:56:00,-0.03751325000845501,-0.140703664904222,0.8157794547879696
2011-07-07 17:57:00,-0.03113662397793632,-0.15999327661498164,0.8168038415012191
2011-07-07 17:58:00,-0.02405496239292479,-0.17887783862400392,0.8184032122044094
2011-07-07 17:59:00,-0.016324830189161452,-0.19723316288462023,0.8205873223572511
2011-07-07 18:00:00,-0.008009230754125999,-0.21494217808584218,0.823357821827112
2011-07-07 18:01:00,0.0008226800282083967,-0.23189597931694686,0.8267079732218636
2011-07-07 18:02:00,0.010095825327855855,-0.24799466706898315,0.8306224012788802
2011-07-07 18:03:00,0.019729391471083404,-0.26314797449995414,0.8350768776320524
2011-07-07 18:04:00,0.029636976151300683,-0.277275690547679,0.8400381462898374
2011-07-07 18:05:00,0.03972671562972248,-0.2903078924023302,0.8454637967027301
2011-07-07 18:06:00,0.04990140800009376,-0.3021850044359303,0.8513021932004375
2011-07-07 18:07:00,0.06005865106500631,-0.31285770285356,0.85749247148808
2011-07-07 18:08:00,0.0700910143811737,-0.3222866868245076,0.8639646144662996
2011-07-07 18:09:00,0.0798862655384899,-0.3304423377903479,0.8706396207503047
2011-07-07 18:10:00,0.08932767066042475,-0.33730428883671376,0.8774297799006922
2011-07-07 18:11:00,0.09829438847504741,-0.3428609255785113,0.8842390683943909
2011-07-07 18:12:00,0.10666197607029486,-0.34710883933695946,0.8909636795271626
2011-07-07 18:13:00,0.1143030224774884,-0.3500522524378717,0.8974926988685308
2011-07-07 18:14:00,0.1210879234970982,-0.3517024337065772,0.9037089350637247
2011-07-07 18:15:00,0.12688580783545245,-0.3520771196260829,0.909489913825591
2011-07-07 18:16:00,0.13156562083489018,-0.3511999541097068,0.9147090402318434
2011-07-07 18:17:00,0.13499736797644332,-0.34909995847289216,0.9192369302386535
2011-07-07 18:18:00,0.13705351601244142,-0.34581104285591674,0.9229429069885791
2011-07-07 18:19:00,0.13761054515836316,-0.34137156980757133,0.9256966522683981
2011-07-07 18:20:00,0.13655064135483394,-0.33582397898224753,0.9273699991986685
2011-07-07 18:21:00,0.13376351324997446,-0.32921447898798106,0.9278388487557666
2011-07-07 18:22:00,0.12914831420138417,-0.32159280898406684,0.9269851895053203
2011-07-07 18:23:00,0.12261564524345256,-0.31301206927485153,0.9246991966268134
2011-07-07 18:24:00,0.11408961077887302,-0.3035286174456001,0.9208813827796507
2011-07-07 18:25:00,0.10350989498728368,-0.2932020249604764,0.9154447695597683
2011-07-07 18:26:00,0.09083382366851275,-0.2820950885325899,0.9083170443562688
2011-07-07 18:27:00,0.07603837326600912,-0.27027389033319354,0.8994426636291528
2011-07-07 18:28:00,0.05912208596669499,-0.25780790021998273,0.8887848603420709
2011-07-07 18:29:00,0.04010684711331712,-0.244770110801988,0.8763275108135823
2011-07-07 18:30:00,0.0190394788502984,-0.2312371924191303,0.8620768147513255
2011-07-07 18:31:00,-0.004006898095795972,-0.21728965105829903,0.8460627416618457
2011-07-07 18:32:00,-0.028931784436835476,-0.20301196889067794,0.8283401970892929
2011-07-07 18:33:00,-0.055606555482349676,-0.18849270489237432,0.808989863195157
2011-07-07 18:34:00,-0.08387409914520018,-0.173824531959939,0.7881186700655775
2011-07-07 18:35:00,-0.11354888935911774,-0.159104186944113,0.7658598569272823
2011-07-07 18:36:00,-0.14441754263634587,-0.14443231071536114,0.7423725863868152
2011-07-07 18:37:00,-0.17623990087013994,-0.12991315632525618,0.7178410800935257
2011-07-07 18:38:00,-0.2087506769803308,-0.11565414446431016,0.6924732509316198
2011-07-07 18:39:00,-0.24166169156691478,-0.10176524717690211,0.6664988148407068
2011-07-07 18:40:00,-0.27466471834216327,-0.08835818405714249,0.6401668743941955
2011-07-07 18:41:00,-0.30743494367667046,-0.07554542072836493,0.6137429762264841
2011-07-07 18:42:00,-0.33963503104643333,-0.06343896732237318,0.5875056555970894
2011-07-07 18:43:00,-0.37091976447953545,-0.05214898407644185,0.5617424943500702
2011-07-07 18:44:00,-0.40094122626993,-0.041782211015981806,0.5367457336010164
2011-07-07 18:45:00,-0.429354443246104,-0.03244024830752866,0.5128074996544587
2011-07-07 18:46:00,-0.45582341270970544,-0.024217723098574354,0.49021472075202766
2011-07-07 18:47:00,-0.4800273937888285,-0.01720038783021055,0.4692438329232761
2011-07-07 18:48:00,-0.5016673232377988,-0.01146320419877849,0.45015539428392576
2011-07-07 18:49:00,-0.5204721901987414,-0.00706847472743764,0.43318874548088077
2011-07-07 18:50:00,-0.5362051887766038,-0.004064087301903253,0.4185568645509011
2011-07-07 18:51:00,-0.5486694662930086,-0.0024819347851638453,0.40644156316339114
2011-07-07 18:52:00,-0.5577132982445796,-0.002336562860825878,0.39698915894714304
2011-07-07 18:53:00,-0.5632345413610791,-0.00362408815032763,0.39030674115663455
2011-07-07 18:54:00,-0.5651842368541257,-0.006321418940779508,0.38645912974344315
2011-07-07 18:55:00,-0.563569255609579,-0.010385803850049568,0.38546661153420464
2011-07-07 18:56:00,-0.558453898338721,-0.015754728400457267,0.3873035192420291
2011-07-07 18:57:00,-0.5499603881743197,-0.0223461739632236,0.3918976986379559
2011-07-07 18:58:00,-0.5382682199318268,-0.030059246932645244,0.39913088780822176
2011-07-07 18:59:00,-0.5236123578689948,-0.038775178450913925,0.4088400110924963
2011-07-07 19:00:00,-0.506280301839814,-0.04835868694817894,0.42081936883263865
2011-07-07 19:01:00,-0.48660807037487336,-0.05865968725087125,0.43482368203589195
2011-07-07 19:02:00,-0.4649751785469547,-0.06951532083153736,0.4505719284331142
2011-07-07 19:03:00,-0.44179871812884475,-0.08075227183295092,0.46775188360703
2011-07-07 19:04:00,-0.4175266753062028,-0.09218932340082997,0.48602525967898286
2011-07-07 19:05:00,-0.39263064166539563,-0.10364010050467072,0.5050333187777225
2011-07-07 19:06:00,-0.36759808073639144,-0.11491594153950924,0.5244028343314024
2011-07-07 19:07:00,-0.3429243028166266,-0.12582884300552077,0.5437522817017253
2011-07-07 19:08:00,-0.3191042808233109,-0.1361944277285807,0.5626981562239143
2011-07-07 19:09:00,-0.29662442091196584,-0.1458348930660777,0.5808613325295306
2011-07-07 19:10:00,-0.27595439472298283,-0.15458189697258296,0.5978733856785537
2011-07-07 19:11:00,-0.2575391492218555,-0.16227933544186587,0.6133827891451293
2011-07-07 19:12:00,-0.2417912276948414,-0.16878595815627367,0.6270608923509642
2011-07-07 19:13:00,-0.2290835478991039,-0.1739777660473315,0.6386075709377922
2011-07-07 19:14:00,-0.21974278212111986,-0.17775013840870477,0.6477564424411053
2011-07-07 19:15:00,-0.2140434706010851,-0.1800196469642728,0.6542795475385719
2011-07-07 19:16:00,-0.21220298085456357,-0.1807255259987857,0.6579914084653757
2011-07-07 19:17:00,-0.21437740536124947,-0.17983077808152867,0.6587523888072859
2011-07-07 19:18:00,-0.22065847042230627,-0.17732290279414128,0.6564712920174472
2011-07-07 19:19:00,-0.23107151023107497,-0.17321424147253628,0.6511071495726689
2011-07-07 19:20:00,-0.24557454267056503,-0.16754193528759767,0.6426701635562524
2011-07-07 19:21:00,-0.264058466867833,-0.16036749810617665,0.6312217825329234
2011-07-07 19:22:00,-0.28634838641166455,-0.15177601012348052,0.6168739038907819
2011-07-07 19:23:00,-0.312206045518608,-0.14187494324978753,0.5997872104963491
2011-07-07 19:24:00,-0.3413333476213267,-0.1307926344177796,0.5801686647565939
2011-07-07 19:25:00,-0.37337690648205396,-0.1186764282789058,0.5582681992373769
2011-07-07 19:26:00,-0.4079335588388764,-0.10569051638209118,0.5343746600117533
2011-07-07 19:27:00,-0.44455674460433076,-0.09201350617215684,0.5088110769621482
2011-07-07 19:28:00,-0.48276363570336284,-0.07783576012100406,0.48192935422640043
2011-07-07 19:29:00,-0.5220428686734604,-0.06335655259615515,0.45410449311595213
2011-07-07 19:30:00,-0.561862712505629,-0.04878109833563929,0.42572847681651305
2011-07-07 19:31:00,-0.6016794879475984,-0.034317509615841936,0.39720395681938986
2011-07-07 19:32:00,-0.6409460530939424,-0.020173738270121467,0.36893788135762007
2011-07-07 19:33:00,-0.6791201827101127,-0.006554554779554953,0.34133519578892535
2011-07-07 19:34:00,-0.7156726898679958,0.006341388244031347,0.31479272800083197
2011-07-07 19:35:00,-0.750095161507432,0.018324366259887495,0.2896933540756421
2011-07-07 19:36:00,-0.7819072006881219,0.029216231734731625,0.26640052411545306
2011-07-07 19:37:00,-0.8106630867043876,0.038852875815021684,0.24525321576310602
2011-07-07 19:38:00,-0.8359577803383798,0.04708648627981914,0.22656137236134746
2011-07-07 19:39:00,-0.8574322158920589,0.05378759310574798,0.2106018726188921
2011-07-07 19:40:00,-0.8747778345973333,0.058846897016079265,0.19761506859213238
2011-07-07 19:41:00,-0.8877403256715847,0.062176876055930363,0.18780191892858975
2011-07-07 19:42:00,-0.8961225516728489,0.06371316156114487,0.1813217350841156
2011-07-07 19:43:00,-0.8997866439466408,0.06341566991255414,0.17829054990146362
2011-07-07 19:44:00,-0.8986552619697173,0.061269472344496916,0.17878011058257137
2011-07-07 19:45:00,-0.892712017486523,0.057285383332100384,0.18281749166357433
2011-07-07 19:46:00,-0.8820010707456419,0.051500249086463286,0.19038531798671968
2011-07-07 19:47:00,-0.8666259121668011,0.0439769207508804,0.20142258261292445
2011-07-07 19:48:00,-0.846747348745708,0.03480390094817709,0.21582603985218407
2011-07-07 19:49:00,-0.8225807207915419,0.024094656570408,0.2334521488793752
2011-07-07 19:50:00,-0.7943923815026124,0.011986594883566598,0.25411953859074193
2011-07-07 19:51:00,-0.7624954796672493,-0.0013602955713396979,0.27761195931424093
2011-07-07 19:52:00,-0.7272450946581057,-0.015765132759709918,0.30368168156224157
2011-07-07 19:53:00,-0.6890327831196317,-0.03102814536130839,0.3320532960326169
2011-07-07 19:54:00,-0.6482806085921037,-0.046932974905285224,0.36242786233708946
2011-07-07 19:55:00,-0.605434739025385,-0.06324925046992666,0.3944873461581791
2011-07-07 19:56:00,-0.5609587129480467,-0.07973540259966846,0.4278992752878333
2011-07-07 19:57:00,-0.5153264929362397,-0.09614167377780818,0.4623215342305032
2011-07-07 19:58:00,-0.4690154435555029,-0.11221327291658047,0.4974072060685147
2011-07-07 19:59:00,-0.42249938576701807,-0.12769361283384423,0.5328093624429628
2011-07-07 20:00:00,-0.3762418843896024,-0.14232756534999677,0.5681857019098271
2011-07-07 20:01:00,-0.33068991554477684,-0.15586467043784963,0.6032029453083352
2011-07-07 20:02:00,-0.28626803930568817,-0.1680622429621404,0.6375409119420691
2011-07-07 20:03:00,-0.24337317548650714,-0.1786883299072207,0.6708962182033753
2011-07-07 20:04:00,-0.2023700532713793,-0.18752448045494094,0.7029855572594543
2011-07-07 20:05:00,-0.16358738069680961,-0.1943683008746279,0.7335485324959578
2011-07-07 20:06:00,-0.12731475833357941,-0.1990357760456567,0.7623500281981288
2011-07-07 20:07:00,-0.09380034273740606,-0.20136334801617597,0.7891821097561473
2011-07-07 20:08:00,-0.06324924917552871,-0.20120974743293532,0.8138654542277453
2011-07-07 20:09:00,-0.03582266966325881,-0.19845757579904433,0.836250320871732
2011-07-07 20:10:00,-0.011637671360960349,-0.19301463679243608,0.8562170795528434
2011-07-07 20:11:00,0.009232368286761355,-0.18481501483657656,0.8736763219092386
2011-07-07 20:12:00,0.026756739926947395,-0.17381989947797424,0.8885685855895928
2011-07-07 20:13:00,0.04094584937372509,-0.16001815504226788,0.900863725760199
2011-07-07 20:14:00,0.051849192078589096,-0.14342663659151372,0.9105599705716101
2011-07-07 20:15:00,0.05955291608640295,-0.12409025560415508,0.9176826984736144
2011-07-07 20:16:00,0.06417703612488049,-0.10208180219650778,0.9222829753055394
2011-07-07 20:17:00,0.06587236220076745,-0.07750153451311317,0.924435888106555
2011-07-07 20:18:00,0.06481720542391808,-0.050476548023123596,0.9242387107179908
2011-07-07 20:19:00,0.06121392088891408,-0.021159934814492812,0.921808933641228
2011-07-07 20:20:00,0.055285342081926564,0.0102702656030971,0.9172821875564209
2011-07-07 20:21:00,0.04727115454849596,0.043612333829429535,0.9108100868750414
2011-07-07 20:22:00,0.03742425026079007,0.07864237455180625,0.9025580172273798
2011-07-07 20:23:00,0.026007099429641575,0.11511607626386224,0.8927028891878276
2011-07-07 20:24:00,0.013288173460242343,0.15277074014394654,0.8814308797697247
2011-07-07 20:25:00,-0.00046154916287701944,0.19132758075385378,0.8689351830599755
2011-07-07 20:26:00,-0.014971963492521351,0.23049428726680496,0.8554137916959109
2011-07-07 20:27:00,-0.02997707533990855,0.269967817427036,0.8410673316997916
2011-07-07 20:28:00,-0.045218065387059254,0.3094373784016452,0.8260969742276061
2011-07-07 20:29:00,-0.06044615065333096,0.34858753248162294,0.8107024482344117
2011-07-07 20:30:00,-0.07542521501681473,0.38710135657873024,0.7950801768026594
2011-07-07 20:31:00,-0.08993418362105006,0.42466358594193837,0.7794215564431347
2011-07-07 20:32:00,-0.1037691207122596,0.4609636825343632,0.7639113936818869
2011-07-07 20:33:00,-0.11674503565369872,0.49569878202580553,0.7487265078266224
2011-07-07 20:34:00,-0.12869738670191225,0.5285764864952438,0.7340345037598724
2011-07-07 20:35:00,-0.1394832764230191,0.5593174813403632,0.7199927141476916
2011-07-07 20:36:00,-0.14898233656273682,0.5876579645037553,0.7067473064819743
2011-07-07 20:37:00,-0.1570973039399552,0.6133518840595295,0.6944325468232919
2011-07-07 20:38:00,-0.16375429254059135,0.6361729863978487,0.6831702090915018
2011-07-07 20:39:00,-0.1689027703797569,0.6559166815784441,0.6730691164494691
2011-07-07 20:40:00,-0.17251525279067542,0.672401734912807,0.664224799834535
2011-07-07 20:41:00,-0.17458672650652735,0.6854717946629426,0.6567192579822746
2011-07-07 20:42:00,-0.17513382117265347,0.6949967651646708,0.6506208032729317
2011-07-07 20:43:00,-0.17419374679632998,0.7008740329205879,0.6459839783298329
2011-07-07 20:44:00,-0.17182301724914595,0.7030295504423326,0.6428495294385707
2011-07-07 20:45:00,-0.16809598144222151,0.7014187790270312,0.6412444244662897
2011-07-07 20:46:00,-0.1631031852900509,0.6960274874243204,0.6411819049750348
2011-07-07 20:47:00,-0.156949589109067,0.6868723987082074,0.6426615645690237
2011-07-07 20:48:00,-0.14975266668947873,0.6740016728566695,0.6456694480993039
2011-07-07 20:49:00,-0.14164041385310422,0.6574952078232138,0.6501781690751093
2011-07-07 20:50:00,-0.13274929554111484,0.6374647375050219,0.6561470454574704
2011-07-07 20:51:00,-0.12322216079693199,0.6140537011985246,0.6635222569547153
2011-07-07 20:52:00,-0.11320615384929876,0.5874368561762833,0.6722370299671077
2011-07-07 20:53:00,-0.10285064669077004,0.5578196033469051,0.6822118592236304
2011-07-07 20:54:00,-0.0923052145570032,0.5254369960547154,0.6933547775493698
2011-07-07 20:55:00,-0.08171767137380667,0.49055240428398883,0.7055616867716713
2011-07-07 20:56:00,-0.07123217823095956,0.45345581094505777,0.7187167634129341
2011-07-07 20:57:00,-0.06098743460351188,0.4144617234323357,0.7326929526333473
2011-07-07 20:58:00,-0.051114959542138017,0.37390669212946026,0.7473525630321136
2011-07-07 20:59:00,-0.04173746852665345,0.33214643796480275,0.7625479734666176
2011-07-07 21:00:00,-0.03296735116521597,0.2895526035671575,0.778122460993465
2011-07-07 21:01:00,-0.024905255333359452,0.24650915718195432,0.7939111563051383
2011-07-07 21:02:00,-0.017638784524409683,0.2034084954014374,0.8097421295413455
2011-07-07 21:03:00,-0.011241316947047903,0.16064730949544773,0.8254376050978359
2011-07-07 21:04:00,-0.005770956903229528,0.1186222983590827,0.840815299381617
2011-07-07 21:05:00,-0.0012696305415653844,0.07772582375874934,0.8556898712307692
2011-07-07 21:06:00,0.002237661469058162,0.03834160531217534,0.8698744719882627
2011-07-07 21:07:00,0.004743422555182662,0.0008405424377794503,0.8831823814725468
2011-07-07 21:08:00,0.006258059762583832,-0.034423267364404174,0.8954287167755528
2011-07-07 21:09:00,0.006810095316861727,-0.06711626436928744,0.9064322017728086
2011-07-07 21:10:00,0.006446182835713438,-0.09692888487266704,0.9160169854458721
2011-07-07 21:11:00,0.005230922363744491,-0.12357872327962466,0.9240144962373906
2011-07-07 21:12:00,0.003246470038865511,-0.14681338690924936,0.9302653179973932
2011-07-07 21:13:00,0.0005919398436340837,-0.16641303523936862,0.9346210712367168
2011-07-07 21:14:00,-0.002617403543869345,-0.18219259647541994,0.9369462817289584
2011-07-07 21:15:00,-0.006251160350502937,-0.19400365577028822,0.937120216904462
2011-07-07 21:16:00,-0.010165017929098262,-0.2017360112707522,0.9350386686859317
2011-07-07 21:17:00,-0.014202176279633178,-0.20531889600934666,0.9306156592376086
2011-07-07 21:18:00,-0.018194971801676608,-0.20472186543971702,0.9237850435117
2011-07-07 21:19:00,-0.021966692070670816,-0.19995535190404015,0.9145019796722765
2011-07-07 21:20:00,-0.025333571829489334,-0.19107088771644945,0.9027442358843254
2011-07-07 21:21:00,-0.02810695748394863,-0.17816099709969216,0.8885133000187253
2011-07-07 21:22:00,-0.030095624577929213,-0.16135875398552132,0.8718352577632917
2011-07-07 21:23:00,-0.031108230264530315,-0.14083699840389544,0.8527614044604145
2011-07-07 21:24:00,-0.03095588055418991,-0.11680719977636275,0.8313685566797538
2011-07-07 21:25:00,-0.029454789764805225,-0.0895179520511285,0.80775903104586
2011-07-07 21:26:00,-0.026429006889605578,-0.05925308445829052,0.7820602601607899
2011-07-07 21:27:00,-0.02171318053512581,-0.026329373135910026,0.754424018727342
2011-07-07 21:28:00,-0.015155330850273126,0.008906157691652919,0.725025237538033
2011-07-07 21:29:00,-0.006619593749149018,0.046079351825691756,0.6940603892298017
2011-07-07 21:30:00,0.00401109998997413,0.08479245607405551,0.6617454378211639
2011-07-07 21:31:00,0.01683245026780178,0.12462806924084201,0.6283133540859266
2011-07-07 21:32:00,0.03191635874823569,0.16515349205004365,0.5940112107690269
2011-07-07 21:33:00,0.04930868706810736,0.20592545430058226,0.5590968854929672
2011-07-07 21:34:00,0.06902724376581536,0.2464951817680388,0.5238354147886971
2011-07-07 21:35:00,0.09106004071080404,0.286413747509303,0.4884950596341654
2011-07-07 21:36:00,0.11536385798044674,0.3252376293883199,0.4533431607426493
2011-07-07 21:37:00,0.1418631534083981,0.36253436785104853,0.418641880220209
2011-07-07 21:38:00,0.1704493502003104,0.39788818814823584,0.3846439438722005
2011-07-07 21:39:00,0.2009805341889639,0.430905426783372,0.35158851167642374
2011-07-07 21:40:00,0.2332815918830672,0.4612195924546973,0.3196973073296108
2011-07-07 21:41:00,0.2671448203714532,0.4884959018090535,0.2891711284549123
2011-07-07 21:42:00,0.3023310385678085,0.5124351558935456,0.2601868396781322
2011-07-07 21:43:00,0.3385712252834867,0.5327768558864674,0.23289492696104344
2011-07-07 21:44:00,0.37556870351782506,0.5493014902835814,0.2074176674318633
2011-07-07 21:45:00,0.41300188260999904,0.5618319579134138,0.18384794577720456
2011-07-07 21:46:00,0.45052756016662693,0.5702341218041189,0.16224872604934576
2011-07-07 21:47:00,0.4877847731918262,0.5744165184097717,0.14265316655201268
2011-07-07 21:48:00,0.5243991722530611,0.5743292753567816,0.12506534567074346
2011-07-07 21:49:00,0.5599878740446868,0.5699623188901393,0.10946154849548366
2011-07-07 21:50:00,0.5941647266796696,0.5613429795031403,0.09579204812480141
2011-07-07 21:51:00,0.6265458988351413,0.5485331292699588,0.08398330265202336
2011-07-07 21:52:00,0.6567556801673939,0.5316260024533884,0.07394048167593578
2011-07-07 21:53:00,0.6844323606282764,0.5107428556309711,0.06555023718851226
2011-07-07 21:54:00,0.7092340463674919,0.4860296123864257,0.05868364130210256
2011-07-07 21:55:00,0.7308442725477138,0.45765361501596014,0.05319922238410577
2011-07-07 21:56:00,0.7489772856020412,0.4258005790092678,0.04894603819544461
2011-07-07 21:57:00,0.7633828835318588,0.3906718199837532,0.04576672979959896
2011-07-07 21:58:00,0.77385071890284,0.3524817986614303,0.04350050481078048
2011-07-07 21:59:00,0.7802139840852537,0.31145600743518964,0.041986003592723475
2011-07-07 22:00:00,0.7823524120626039,0.2678292018093108,0.04106400727348309
2011-07-07 22:01:00,0.7801945390665297,0.2218439609360564,0.04057995182391107
2011-07-07 22:02:00,0.7737191876679098,0.17374954301594084,0.04038621782527014
2011-07-07 22:03:00,0.7629561410411342,0.12380098377825917,0.04034417070938487
2011-07-07 22:04:00,0.7479859911353877,0.07225837125421955,0.0403259310815271
2011-07-07 22:05:00,0.7289391555674564,0.01938621974515621,0.04021585933909157
2011-07-07 22:06:00,0.7059940703139297,-0.034547138422828874,0.03991174335740698
2011-07-07 22:07:00,0.6793745779320738,-0.08927022312928602,0.03932568259917492
2011-07-07 22:08:00,0.6493465444219174,-0.14450921191669963,0.03838466662014217
2011-07-07 22:09:00,0.6162137523805781,-0.199988943889449,0.03703085066232258
2011-07-07 22:10:00,0.5803131341446848,-0.25543417263169693,0.03522153594808465
2011-07-07 22:11:00,0.5420094263555022,-0.31057110333514876,0.03292886740416841
2011-07-07 22:12:00,0.5016893469039974,-0.3651292305050079,0.030139266736294353
2011-07-07 22:13:00,0.4597554163338837,-0.41884346976526887,0.02685262393207444
2011-07-07 22:14:00,0.4166195669151165,-0.47145654974657064,0.02308127541734391
2011-07-07 22:15:00,0.3726966993738653,-0.5227215981257304,0.018848802377089687
2011-07-07 22:16:00,0.3283983535530672,-0.5724048246851471,0.014188687882842898
2011-07-07 22:17:00,0.2841266514431126,-0.620288184172271,0.009142875091149118
2011-07-07 22:18:00,0.24026865104368564,-0.6661719005545039,0.0037602693017144183
2011-07-07 22:19:00,0.19719122315039414,-0.7098767496458855,-0.0019047760661468022
2011-07-07 22:20:00,0.15523653568128085,-0.7512460199839343,-0.0077939541388084834
2011-07-07 22:21:00,0.11471820432406525,-0.7901470949902517,-0.013846449550620468
2011-07-07 22:22:00,0.0759181449656041,-0.8264726201878045,-0.020000308321378706
2011-07-07 22:23:00,0.039084142703214364,-0.860141237262274,-0.026193712004276483
2011-07-07 22:24:00,0.0044281342071830565,-0.8910978821856556,-0.03236613996372971
2011-07-07 22:25:00,-0.02787481526862478,-0.9193136576239949,-0.038459407868274204
2011-07-07 22:26:00,-0.05768687195500514,-0.9447853005868722,-0.04441857437400118
2011-07-07 22:27:00,-0.08490717314535957,-0.9675342749060014,-0.050192711494293864
2011-07-07 22:28:00,-0.10947099723434223,-0.9876055248198853,-0.055735537293226424
2011-07-07 22:29:00,-0.13134842164825272,-1.0050659308596273,-0.06100591230590991
2011-07-07 22:30:00,-0.1505425306901933,-1.0200025125478607,-0.0659682034859985
2011-07-07 22:31:00,-0.16708723818626883,-1.0325204243080754,-0.07059252151820772
2011-07-07 22:32:00,-0.18104479111932648,-1.0427407916030402,-0.07485483902533317
2011-07-07 22:33:00,-0.1925030203438136,-1.0507984338420435,-0.07873699856122998
2011-07-07 22:34:00,-0.20157240316008104,-1.0568395191749331,-0.0822266203320098
2011-07-07 22:35:00,-0.2083830001575808,-1.0610191940772036,-0.08531692034757182
2011-07-07 22:36:00,-0.21308132547841455,-1.0634992277680009,-0.08800645019640627
2011-07-07 22:37:00,-0.21582720566403546,-1.0644457081271308,-0.09029876988163062
2011-07-07 22:38:00,-0.21679067767934104,-1.0640268220144535,-0.09220206517956454
2011-07-07 22:39:00,-0.21614897170181868,-1.06241074886276,-0.09372872080848534
2011-07-07 22:40:00,-0.21408361895119174,-1.0597636922209088,-0.0948948603492626
2011-07-07 22:41:00,-0.21077771933944497,-1.0562480696645435,-0.09571986336552318
2011-07-07 22:42:00,-0.20641339815385054,-1.052020877252717,-0.09622586955237158
2011-07-07 22:43:00,-0.20116947544731706,-1.0472322405647825,-0.0964372790226781
2011-07-07 22:44:00,-0.19521936639042078,-1.0420241603671805,-0.09638025704124983
2011-07-07 22:45:00,-0.18872922561587258,-1.0365294571886063,-0.09608225066135002
2011-07-07 22:46:00,-0.18185634362564393,-1.030870915569289,-0.09557152382493823
2011-07-07 22:47:00,-0.1747477986891321,-1.0251606255313113,-0.09487671657603268
2011-07-07 22:48:00,-0.16753936338241834,-1.019499515918861,-0.09402643312292981
2011-07-07 22:49:00,-0.1603546610383534,-1.0139770716987784,-0.09304886258586616
2011-07-07 22:50:00,-0.15330456391957742,-1.008671225103959,-0.0919714353967031
2011-07-07 22:51:00,-0.14648682190716347,-1.0036484086492063,-0.09082051748824839
2011-07-07 22:52:00,-0.13998590792339882,-0.9989637565487226,-0.08962114363166641
2011-07-07 22:53:00,-0.13387306417759007,-0.9946614399083781,-0.08839679055750514
2011-07-07 22:54:00,-0.1282065316310603,-0.9907751202408118,-0.08716918983392133
2011-07-07 22:55:00,-0.12303194380792294,-0.9873285053395628,-0.08595817987761462
2011-07-07 22:56:00,-0.11838286521268726,-0.9843359913290334,-0.08478159593999085
2011-07-07 22:57:00,-0.11428145413069915,-0.9818033747569322,-0.08365519644379782
2011-07-07 22:58:00,-0.1107392294555902,-0.9797286188898989,-0.08259262364504237
2011-07-07 22:59:00,-0.1077579213791369,-0.9781026588851646,-0.08160539626297769
2011-07-07 23:00:00,-0.10533038626091092,-0.9769102312144681,-0.08070293145835399
2011-07-07 23:01:00,-0.10344156673407705,-0.9761307135835632,-0.07989259334627993
2011-07-07 23:02:00,-0.10206947906513593,-0.9757389625939722,-0.07917976510205153
2011-07-07 23:03:00,-0.10118621093461642,-0.9757061375060017,-0.07856794165145914
2011-07-07 23:04:00,-0.10075891410838428,-0.9760004996564885,-0.07805883992584094
2011-07-07 23:05:00,-0.10075077789191621,-0.9765881783348034,-0.0776525237006573
2011-07-07 23:06:00,-0.1011219707704575,-0.9774338952010304,-0.07734754011815329
2011-07-07 23:07:00,-0.10183053920595136,-0.9785016406176765,-0.07714106511247495
2011-07-07 23:08:00,-0.10283325415845115,-0.9797552965398175,-0.07702905510178408
2011-07-07 23:09:00,-0.10408639749908025,-0.9811592018501185,-0.0770064024794368
2011-07-07 23:10:00,-0.10554648205967275,-0.9826786572191025,-0.07706709261971087
2011-07-07 23:11:00,-0.10717090059984531,-0.984280367703948,-0.07720436030924155
2011-07-07 23:12:00,-0.108918500446865,-0.9859328223597679,-0.07741084371995992
2011-07-07 23:13:00,-0.11075008196122575,-0.9876066111168886,-0.07767873424784509
2011-07-07 23:14:00,-0.11262882028766082,-0.9892746800688981,-0.07799992074666946
2011-07-07 23:15:00,-0.11452061105612188,-0.9909125271131934,-0.07836612687884516
2011-07-07 23:16:00,-0.11639434179127388,-0.9924983405839506,-0.07876904048032753
2011-07-07 23:17:00,-0.11822209176619244,-0.9940130841145851,-0.07920043399069024
2011-07-07 23:18:00,-0.11997926389260415,-0.9954405314627476,-0.0796522751321998
2011-07-07 23:19:00,-0.12164465297403425,-0.9967672554273243,-0.08011682713232586
2011-07-07 23:20:00,-0.12320045525640914,-0.9979825752868574,-0.08058673787635404
2011-07-07 23:21:00,-0.12463222468602511,-0.9990784673966832,-0.08105511746800508
2011-07-07 23:22:00,-0.1259287816190729,-1.0000494437035894,-0.08151560379579807
2011-07-07 23:23:00,-0.12708207991984133,-1.0008924029783028,-0.08196241587147246
2011-07-07 23:24:00,-0.12808703845008387,-1.0016064595339904,-0.08239039491526509
2011-07-07 23:25:00,-0.128941342911571,-1.0021927540994968,-0.08279503338188943
2011-07-07 23:26:00,-0.12964522387684935,-1.0026542513557586,-0.08317249232456059
2011-07-07 23:27:00,-0.1302012166430361,-1.0029955284298586,-0.0835196076701039
2011-07-07 23:28:00,-0.13061390828019642,-1.0032225583815506,-0.08383388612345005
2011-07-07 23:29:00,-0.13088967692887254,-1.0033424924204426,-0.08411349153605578
2011-07-07 23:30:00,-0.1310364280399665,-1.003363444266491,-0.08435722266271396
2011-07-07 23:31:00,-0.13106333185359123,-1.0032942797191067,-0.08456448329712903
2011-07-07 23:32:00,-0.1309805659905914,-1.003144414137814,-0.0847352458197795
2011-07-07 23:33:00,-0.1307990665897045,-1.0029236201670109,-0.08487000921306431
2011-07-07 23:34:00,-0.1305302909728048,-1.002641847665831,-0.08496975260060055
2011-07-07 23:35:00,-0.13018599436782072,-1.0023090574376945,-0.085035885352595
2011-07-07 23:36:00,-0.1297780227705781,-1.0019350699982574,-0.08507019476956469
2011-07-07 23:37:00,-0.12931812358917646,-1.001529430279572,-0.08507479231326881
2011-07-07 23:38:00,-0.12881777529301658,-1.0011012888459514,-0.08505205929729755
2011-07-07 23:39:00,-0.12828803688800736,-1.0006592998963042,-0.08500459288182531
2011-07-07 23:40:00,-0.12773941766379904,-1.0002115360509343,-0.08493515314003014
2011-07-07 23:41:00,-0.12718176731139502,-0.9997654196699443,-0.08484661188101192
2011-07-07 23:42:00,-0.12662418619275317,-0.9993276702269455,-0.08474190382911796
2011-07-07 23:43:00,-0.12607495525987708,-0.9989042670662449,-0.08462398067435453
2011-07-07 23:44:00,-0.12554148487064318,-0.9985004267036351,-0.08449576842352145
2011-07-07 23:45:00,-0.12503028153282453,-0.9981205936898414,-0.08436012839724133
2011-07-07 23:46:00,-0.12454693142650632,-0.997768443941399,-0.08421982213498078
2011-07-07 23:47:00,-0.12409609940787054,-0.9974468993559296,-0.08407748038938305
2011-07-07 23:48:00,-0.12368154208322826,-0.9971581524666933,-0.08393557631396321
2011-07-07 23:49:00,-0.12330613345985426,-0.9969036998536587,-0.08379640287632673
2011-07-07 23:50:00,-0.12297190162794057,-0.9966843830134001,-0.08366205446437948
2011-07-07 23:51:00,-0.1226800749038438,-0.9965004353956749,-0.08353441259628021
2011-07-07 23:52:00,-0.12243113586652843,-0.9963515343383522,-0.08341513559593734
2011-07-07 23:53:00,-0.12222488174429567,-0.9962368566725309,-0.08330565205436355
2011-07-07 23:54:00,-0.12206048965500159,-0.9961551368244959,-0.08320715786315823
2011-07-07 23:55:00,-0.12193658526739103,-0.9961047263089078,-0.08312061657933147
2011-07-07 23:56:00,-0.12185131353125435,-0.9960836535861758,-0.08304676285909475
2011-07-07 23:57:00,-0.12180241021720398,-0.9960896833439843,-0.08298610868059572
2011-07-07 23:58:00,-0.12178727311037023,-0.9961203743563324,-0.08293895206168307
2011-07-07 23:59:00,-0.12180303181371746,-0.9961731351714391,-0.08290538796928068
2011-07-08 00:00:00,-0.12184661523358162,-0.9962452769806234,-0.08288532111182641
2011-07-08 00:01:00,-0.1219148159401652,-0.996334063121805,-0.08287848030470914
2011-07-08 00:02:00,-0.12200435071699092,-0.9964367547718865,-0.08288443410000725
2011-07-08 00:03:00,-0.12211191673378227,-0.9965506524807015,-0.0829026073759251
2011-07-08 00:04:00,-0.12223424289517058,-0.996673133294401,-0.08293229858844008
2011-07-08 00:05:00,-0.12236813603148163,-0.996801683306888,-0.08297269739850574
2011-07-08 00:06:00,-0.12251052170629266,-0.9969339255629608,-0.08302290240379215
2011-07-08 00:07:00,-0.12265847951733529,-0.997067643315355,-0.08308193872528309
2011-07-08 00:08:00,-0.12280927286171368,-0.9972007987095771,-0.08314877522567873
2011-07-08 00:09:00,-0.12296037322257723,-0.9973315470350579,-0.08322234116629541
2011-07-08 00:10:00,-0.12310947911178644,-0.9974582467381086,-0.08330154213915025
2011-07-08 00:11:00,-0.12325452987138166,-0.9975794654405408,-0.08338527513931072
2011-07-08 00:12:00,-0.1233937145956163,-0.9976939822472104,-0.08347244266927432
2011-07-08 00:13:00,-0.1235254764849169,-0.9978007866565552,-0.08356196579266302
2011-07-08 00:14:00,-0.12364851298349376,-0.9978990744110906,-0.08365279607812799
2011-07-08 00:15:00,-0.12376177208368634,-0.9979882406401062,-0.0837439263939404
2011-07-08 00:16:00,-0.12386444520284538,-0.998067870654478,-0.08383440052817953
2011-07-08 00:17:00,-0.12395595705307519,-0.9981377287539055,-0.0839233216203237
2011-07-08 00:18:00,-0.12403595293101814,-0.9981977454009575,-0.08400985940025145
2011-07-08 00:19:00,-0.12410428385465365,-0.9982480031054202,-0.08409325624149425
2011-07-08 00:20:00,-0.12416098996745507,-0.998288721347867,-0.0841728320460665
2011-07-08 00:21:00,-0.12420628261789066,-0.9983202408539026,-0.08424798798656064
2011-07-08 00:22:00,-0.12424052550488354,-0.9983430075104229,-0.08431820913681792
2011-07-08 00:23:00,-0.1242642152581847,-0.99835755619264,-0.08438306602668387
2011-07-08 00:24:00,-0.12427796179737902,-0.9983644947460012,-0.0844422151613241
2011-07-08 00:25:00,-0.12428246878513878,-0.9983644883412216,-0.08449539855246209
2011-07-08 00:26:00,-0.12427851446004516,-0.9983582443942628,-0.08454244231732148
2011-07-08 00:27:00,-0.12426693310248028,-0.998346498217104,-0.08458325441018213
2011-07-08 00:28:00,-0.12424859735437323,-0.9983299995402213,-0.08461782156043135
2011-07-08 00:29:00,-0.1242244015805423,-0.998309500023953,-0.08464620549849894
2011-07-08 00:30:00,-0.12419524642653443,-0.9982857418530107,-0.08466853855574095
2011-07-08 00:31:00,-0.12416202469569425,-0.9982594474857862,-0.08468501872559005
2011-07-08 00:32:00,-0.12412560863712474,-0.9982313106075386,-0.0846959042714851
2011-07-08 00:33:00,-0.12408683870659613,-0.9982019883143652,-0.08470150796347757
2011-07-08 00:34:00,-0.12404651383463107,-0.9981720945340259,-0.08470219102185232
2011-07-08 00:35:00,-0.12400538321019508,-0.998142194671164,-0.08469835684388353
2011-07-08 00:36:00,-0.12396413956485754,-0.9981128014486386,-0.08469044458828653
2011-07-08 00:37:00,-0.12392341392110952,-0.9980843719031667,-0.0846789226886607
2011-07-08 00:38:00,-0.12388377174982694,-0.9980573054815989,-0.08466428236038716
2011-07-08 00:39:00,-0.12384571046570039,-0.9980319431733289,-0.08464703115568627
2011-07-08 00:40:00,-0.12380965817583234,-0.9980085676045403,-0.08462768661189664
2011-07-08 00:41:00,-0.12377597358560431,-0.9979874040117055,-0.08460677003189018
2011-07-08 00:42:00,-0.12374494695727972,-0.9979686220055289,-0.08458480043424689
2011-07-08 00:43:00,-0.12371680201053357,-0.997952338032419,-0.08456228871303498
2011-07-08 00:44:00,-0.12369169865006638,-0.9979386184382095,-0.08453973205031173
2011-07-08 00:45:00,-0.1236697364035213,-0.9979274830379112,-0.08451760862715339
2011-07-08 00:46:00,-0.12365095845292039,-0.9979189090955809,-0.0844963726804396
2011-07-08 00:47:00,-0.12363535614459109,-0.9979128356196241,-0.0844764499519192
2011-07-08 00:48:00,-0.12362287386588088,-0.9979091678806921,-0.0844582335723672
2011-07-08 00:49:00,-0.12361341418166148,-0.9979077820619344,-0.0844420804171975
2011-07-08 00:50:00,-0.12360684312950868,-0.9979085299552463,-0.08442830796272086
2011-07-08 00:51:00,-0.12360299557931148,-0.9979112436227514,-0.0844171916668188
2011-07-08 00:52:00,-0.12360168057072367,-0.9979157399499681,-0.08440896289512011
2011-07-08 00:53:00,-0.12360268655013147,-0.9979218250253039,-0.08440380741251889
2011-07-08 00:54:00,-0.12360578643749627,-0.9979292982892218,-0.08440186445777356
2011-07-08 00:55:00,-0.12361074246236906,-0.9979379564054568,-0.08440322641434005
2011-07-08 00:56:00,-0.1236173107174077,-0.9979475968160038,-0.08440793908300394
2011-07-08 00:57:00,-0.1236252453867142,-0.9979580209509965,-0.08441600255182635
2011-07-08 00:58:00,-0.12363430261511815,-0.9979690370737183,-0.08442737264794659
2011-07-08 00:59:00,-0.1236442439930514,-0.9979804627495056,-0.08444196294564135
2011-07-08 01:00:00,-0.123654839639785,-0.9979921269348707,-0.08445964729653883
2011-07-08 01:01:00,-0.12366587087544297,-0.9980038716894413,-0.08448026284073076
2011-07-08 01:02:00,-0.12367713247929463,-0.9980155535182337,-0.08450361345084666
2011-07-08 01:03:00,-0.12368843453830107,-0.9980270443557492,-0.08452947355401456
2011-07-08 01:04:00,-0.1236996038957116,-0.9980382322069128,-0.08455759226870704
2011-07-08 01:05:00,-0.12371048521464353,-0.9980490214632217,-0.08458769778557548
2011-07-08 01:06:00,-0.12372094167601741,-0.9980593329156175,-0.08461950191505284
2011-07-08 01:07:00,-0.12373085533395542,-0.998069103488685,-0.08465270472090583
2011-07-08 01:08:00,-0.12374012715479525,-0.9980782857239453,-0.08468699915805722
2011-07-08 01:09:00,-0.12374867676823899,-0.9980868470429444,-0.0847220756341262
2011-07-08 01:10:00,-0.12375644196087601,-0.9980947688227936,-0.08475762641676378
2011-07-08 01:11:00,-0.12376337794342009,-0.9981020453173449,-0.08479334981328226
2011-07-08 01:12:00,-0.12376945642352624,-0.9981086824565158,-0.08482895405590922
2011-07-08 01:13:00,-0.12377466451604827,-0.9981146965550443,-0.08486416083536712
2011-07-08 01:14:00,-0.12377900352211417,-0.9981201129605999,-0.08489870843670516
2011-07-08 01:15:00,-0.12378248760748917,-0.9981249646696373,-0.0849323544432689
2011-07-08 01:16:00,-0.12378514240941779,-0.9981292909372393,-0.08496487798645866
2011-07-08 01:17:00,-0.12378700359954034,-0.998133135904349,-0.08499608153002045
2011-07-08 01:18:00,-0.12378811542861413,-0.9981365472626526,-0.08502579218779867
2011-07-08 01:19:00,-0.12378852927668914,-0.9981395749746416,-0.08505386258300421
2011-07-08 01:20:00,-0.12378830223013883,-0.9981422700644969,-0.08508017126509959
2011-07-08 01:21:00,-0.12378749570458038,-0.9981446834944235,-0.08510462270747082
2011-07-08 01:22:00,-0.1237861741302734,-0.9981468651405748,-0.08512714691517612
2011-07-08 01:23:00,-0.12378440371410768,-0.9981488628821108,-0.08514769867718743
2011-07-08 01:24:00,-0.12378225128981853,-0.9981507218156319,-0.08516625650161982
2011-07-08 01:25:00,-0.12377978326564475,-0.9981524836048551,-0.08518282127542019
2011-07-08 01:26:00,-0.12377706467630419,-0.9981541859719818,-0.08519741469179493
2011-07-08 01:27:00,-0.12377415834393282,-0.9981558623329749,-0.08521007748927883
2011-07-08 01:28:00,-0.12377112415053595,-0.9981575415742883,-0.08522086754588509
2011-07-08 01:29:00,-0.12376801842255265,-0.9981592479640349,-0.0852298578704672
2011-07-08 01:30:00,-0.12376489342635581,-0.9981610011866914,-0.08523713453154788
2011-07-08 01:31:00,-0.12376179697191461,-0.9981628164874806,-0.08524279456159436
2011-07-08 01:32:00,-0.12375877212044192,-0.9981647049103952,-0.08524694387207775
2011-07-08 01:33:00,-0.12375585699064034,-0.9981666736121577,-0.08524969521165085
2011-07-08 01:34:00,-0.12375308465715382,-0.9981687262333042,-0.08525116619645402
2011-07-08 01:35:00,-0.12375048313402606,-0.9981708633073031,-0.08525147743795931
2011-07-08 01:36:00,-0.12374807543535735,-0.9981730826893893,-0.08525075078996475
2011-07-08 01:37:00,-0.12374587970491982,-0.998175379988662,-0.08524910773247511
2011-07-08 01:38:00,-0.12374390940621495,-0.9981777489898178,-0.08524666790638478
2011-07-08 01:39:00,-0.12374217356431486,-0.9981801820542983,-0.08524354780917658
2011-07-08 01:40:00,-0.12374067705081605,-0.9981826704940734,-0.08523985965828196
2011-07-08 01:41:00,-0.12373942090335434,-0.9981852049141857,-0.08523571042532646
2011-07-08 01:42:00,-0.12373840267138654,-0.9981877755221745,-0.08523120104126176
2011-07-08 01:43:00,-0.12373761678032438,-0.9981903724035608,-0.08522642576943003
2011-07-08 01:44:00,-0.12373705490658031,-0.9981929857629676,-0.08522147174096188
2011-07-08 01:45:00,-0.12373670635662642,-0.9981956061305628,-0.08521641864458027
2011-07-08 01:46:00,-0.12373655844376012,-0.9981982245336787,-0.08521133856084658
2011-07-08 01:47:00,-0.12373659685690395,-0.9982008326338522,-0.08520629592913737
2011-07-08 01:48:00,-0.12373680601643298,-0.9982034228300105,-0.08520134763420414
2011-07-08 01:49:00,-0.12373716941270806,-0.9982059883288966,-0.08519654319809081
2011-07-08 01:50:00,-0.12373766992368686,-0.998208523184181,-0.08519192506250145
2011-07-08 01:51:00,-0.12373829010867846,-0.9982110223063715,-0.0851875289464385
2011-07-08 01:52:00,-0.12373901247599192,-0.9982134814465663,-0.08518338426403617
2011-07-08 01:53:00,-0.12373981972289498,-0.9982158971578314,-0.08517951458792723
2011-07-08 01:54:00,-0.12374069494693472,-0.9982182667382876,-0.0851759381441091
2011-07-08 01:55:00,-0.12374162182827013,-0.9982205881600902,-0.08517266832502286
2011-07-08 01:56:00,-0.12374258478321958,-0.9982228599885093,-0.0851697142083453
2011-07-08 01:57:00,-0.12374356908972689,-0.9982250812951935,-0.08516708106980979
2011-07-08 01:58:00,-0.12374456098589336,-0.9982272515695807,-0.08516477087929392
2011-07-08 01:59:00,-0.12374554774310675,-0.998229370632649,-0.08516278277054304
2011-07-08 02:00:00,-0.12374651771562196,-0.9982314385575456,-0.08516111347627923
2011-07-08 02:01:00,-0.12374746036871039,-0.9982334556014388,-0.08515975772204912
2011-07-08 02:02:00,-0.12374836628769594,-0.9982354221520254,-0.08515870857394497
2011-07-08 02:03:00,-0.12374922717033505,-0.9982373386911012,-0.08515795773726313
2011-07-08 02:04:00,-0.1237500358050775,-0.9982392057770496,-0.08515749580518873
2011-07-08 02:05:00,-0.12375078603776542,-0.9982410240476685,-0.08515731245858835
2011-07-08 02:06:00,-0.12375147272929331,-0.9982427942436937,-0.08515739661973687
2011-07-08 02:07:00,-0.12375209170666648,-0.9982445172514601,-0.08515773656408954
2011-07-08 02:08:00,-0.12375263970976541,-0.998246194160938,-0.0851583199949603
2011-07-08 02:09:00,-0.1237531143359514,-0.998247826333679,-0.0851591340863292
2011-07-08 02:10:00,-0.1237535139844342,-0.9982494154743026,-0.08516016549921496
2011-07-08 02:11:00,-0.12375383780206337,-0.9982509636988165,-0.08516140037726291
2011-07-08 02:12:00,-0.12375408563190744,-0.9982524735929913,-0.08516282432742796
2011-07-08 02:13:00,-0.12375425796565322,-0.9982539482540406,-0.08516442239183715
2011-07-08 02:14:00,-0.12375435590050039,-0.9982553913090539,-0.08516617901706214
2011-07-08 02:15:00,-0.12375438110084935,-0.9982568069043122,-0.08516807802713505
2011-07-08 02:16:00,-0.12375433576468631,-0.9982581996613296,-0.08517010260675423
2011-07-08 02:17:00,-0.12375422259416591,-0.9982595745984396,-0.08517223530119972
2011-07-08 02:18:00,-0.12375404476948107,-0.9982609370205124,-0.08517445803928574
2011-07-08 02:19:00,-0.1237538059247088,-0.9982622923831213,-0.08517675218489629
2011-07-08 02:20:00,-0.12375351012400734,-0.9982636461403581,-0.08517909862099461
2011-07-08 02:21:00,-0.1237531618365073,-0.9982650035870453,-0.08518147786731754
2011-07-08 02:22:00,-0.12375276590867627,-0.9982663697063461,-0.08518387022951086
2011-07-08 02:23:00,-0.12375232753374968,-0.998267749033279,-0.08518625597411462
2011-07-08 02:24:00,-0.12375185221859984,-0.9982691455438281,-0.08518861552167334
2011-07-08 02:25:00,-0.12375134574880259,-0.9982705625781485,-0.08519092964977908
2011-07-08 02:26:00,-0.12375081415264334,-0.9982720028045193,-0.0851931796986094
2011-07-08 02:27:00,-0.1237502636645906,-0.9982734682281664,-0.08519534777275757
2011-07-08 02:28:00,-0.12374970068851969,-0.9982749602460991,-0.08519741693440928
2011-07-08 02:29:00,-0.12374913176075185,-0.9982764797460032,-0.08519937138405458
2011-07-08 02:30:00,-0.12374856351279068,-0.9982780272444065,-0.08520119662591569
2011-07-08 02:31:00,-0.12374800263348755,-0.9982796030571495,-0.0852028796161229
2011-07-08 02:32:00,-0.12374745583024865,-0.9982812074937819,-0.085204408892382
2011-07-08 02:33:00,-0.12374692978881047,-0.9982828410666879,-0.08520577468445681
2011-07-08 02:34:00,-0.12374643113105945,-0.9982845047052816,-0.08520696900525333
2011-07-08 02:35:00,-0.12374596637035479,-0.9982861999655437,-0.08520798572265754
2011-07-08 02:36:00,-0.12374554186383055,-0.9982879292256954,-0.08520882061255962
2011-07-08 02:37:00,-0.1237451637612033,-0.9982896958601039,-0.08520947139369854
2011-07-08 02:38:00,-0.12374483794969267,-0.9982915043854691,-0.08520993774508365
2011-07-08 02:39:00,-0.12374456999477144,-0.9982933605755748,-0.08521022130679394
2011-07-08 02:40:00,-0.12374436507659815,-0.9982952715427184,-0.08521032566492837
2011-07-08 02:41:00,-0.12374422792214451,-0.9982972457847944,-0.08521025632140013
2011-07-08 02:42:00,-0.1237441627332093,-0.998299293196862,-0.08521002064916172
2011-07-08 02:43:00,-0.12374417311070651,-0.9983014250453933,-0.08520962783333152
2011-07-08 02:44:00,-0.12374426197582425,-0.9983036539029385,-0.08520908879857013
2011-07-08 02:45:00,-0.1237444314888678,-0.9983059935409027,-0.0852084161229256
2011-07-08 02:46:00,-0.12374468296682088,-0.9983084587784147,-0.08520762393823883
2011-07-08 02:47:00,-0.1237450168008795,-0.9983110652857496,-0.085206727817087
2011-07-08 02:48:00,-0.12374543237542698,-0.9983138293415781,-0.08520574464615868
2011-07-08 02:49:00,-0.1237459279901221,-0.9983167675445404,-0.08520469248591031
2011-07-08 02:50:00,-0.12374650078696026,-0.9983198964812972,-0.08520359041635124
2011-07-08 02:51:00,-0.12374714668433415,-0.9983232323552479,-0.08520245836883601
2011-07-08 02:52:00,-0.12374786032026157,-0.9983267905822611,-0.08520131694380312
2011-07-08 02:53:00,-0.12374863500705728,-0.9983305853615425,-0.0852001872144878
2011-07-08 02:54:00,-0.12374946269980047,-0.9983346292308474,-0.08519909051676341
2011-07-08 02:55:00,-0.12375033398098277,-0.9983389326157384,-0.08519804822544455
2011-07-08 02:56:00,-0.12375123806371151,-0.9983435033827329,-0.08519708151761873
2011-07-08 02:57:00,-0.12375216281578387,-0.9983483464061973,-0.08519621112385249
2011-07-08 02:58:00,-0.1237530948068375,-0.9983534631590253,-0.08519545706842796
2011-07-08 02:59:00,-0.12375401938061885,-0.9983588513375554,-0.08519483840009542
2011-07-08 03:00:00,-0.12375492075419037,-0.9983645045313656,-0.08519437291515881
2011-07-08 03:01:00,-0.12375578214561975,-0.9983704119480301,-0.08519407687504565
2011-07-08 03:02:00,-0.12375658593135945,-0.9983765582018587,-0.08519396472088278
2011-07-08 03:03:00,-0.12375731383413219,-0.9983829231747983,-0.08519404878803881
2011-07-08 03:04:00,-0.12375794714169022,-0.9983894819574399,-0.08519433902409
2011-07-08 03:05:00,-0.12375846695631532,-0.9983962048782279,-0.08519484271416168
2011-07-08 03:06:00,-0.12375885447437578,-0.9984030576293046,-0.08519556421804686
2011-07-08 03:07:00,-0.12375909129466219,-0.9984100014979224,-0.08519650472388636
2011-07-08 03:08:00,-0.12375915975358973,-0.99841699371266,-0.08519766202348864
2011-07-08 03:09:00,-0.12375904328469013,-0.9984239879127939,-0.08519903031453917
2011-07-08 03:10:00,-0.12375872679912808,-0.9984309347461534,-0.08520060003498656
2011-07-08 03:11:00,-0.12375819708327576,-0.9984377825956198,-0.08520235773483673
2011-07-08 03:12:00,-0.12375744320867733,-0.9984444784282,-0.08520428599051155
2011-07-08 03:13:00,-0.1237564569490445,-0.9984509687549334,-0.0852063633668761
2011-07-08 03:14:00,-0.12375523319825628,-0.9984572006859714,-0.08520856443199029
2011-07-08 03:15:00,-0.12375377038270015,-0.998463123063318,-0.08521085982953465
2011-07-08 03:16:00,-0.12375207086070064,-0.9984686876534045,-0.0852132164136364
2011-07-08 03:17:00,-0.1237501413012514,-0.9984738503822495,-0.08521559745043607
2011-07-08 03:18:00,-0.12374799303381441,-0.9984785725969141,-0.0852179628901753
2011-07-08 03:19:00,-0.12374564236059359,-0.9984828223378626,-0.08522026971286947
2011-07-08 03:20:00,-0.12374311082244108,-0.9984865756071782,-0.08522247234977016
2011-07-08 03:21:00,-0.12374042540942425,-0.9984898176171481,-0.08522452318180221
2011-07-08 03:22:00,-0.1237376187070824,-0.9984925440026571,-0.0852263731149566
2011-07-08 03:23:00,-0.12373472896954708,-0.9984947619791568,-0.08522797223124626
2011-07-08 03:24:00,-0.12373180011100089,-0.9984964914253782,-0.08522927051231902
2011-07-08 03:25:00,-0.12372888160741775,-0.9984977658664768,-0.08523021863120431
2011-07-08 03:26:00,-0.12372602830116965,-0.9984986333297542,-0.08523076880599567
2011-07-08 03:27:00,-0.1237233001019053,-0.9984991570423802,-0.08523087570761287
2011-07-08 03:28:00,-0.12372076157810964,-0.9984994159386544,-0.08523049741220122
2011-07-08 03:29:00,-0.12371848143493713,-0.9984995049428902,-0.08522959638721453
2011-07-08 03:30:00,-0.12371653187527745,-0.9984995349931547,-0.08522814049876404
2011-07-08 03:31:00,-0.12371498784255149,-0.9984996327717143,-0.0852261040263895
2011-07-08 03:32:00,-0.12371392614544376,-0.9984999401108033,-0.0852234686700356
2011-07-08 03:33:00,-0.12371342446665005,-0.998500613047283,-0.08522022453272089
2011-07-08 03:34:00,-0.12371356025974957,-0.9985018205064751,-0.0852163710611929
2011-07-08 03:35:00,-0.1237144095404835,-0.9985037426034674,-0.08521191792580007
2011-07-08 03:36:00,-0.12371604558102171,-0.9985065685589416,-0.08520688581991714
2011-07-08 03:37:00,-0.1237185375182017,-0.9985104942354875,-0.08520130715857374
2011-07-08 03:38:00,-0.12372194888917283,-0.9985157193088613,-0.08519522665549789
2011-07-08 03:39:00,-0.12372633611027883,-0.9985224440961127,-0.085188701757628
2011-07-08 03:40:00,-0.12373174691727354,-0.9985308660685239,-0.08518180291630158
2011-07-08 03:41:00,-0.12373821878705096,-0.9985411760819766,-0.0851746136748311
2011-07-08 03:42:00,-0.12374577736298006,-0.9985535543613264,-0.08516723055306162
2011-07-08 03:43:00,-0.12375443490767779,-0.9985681662791764,-0.08515976271080122
2011-07-08 03:44:00,-0.12376418880863119,-0.9985851579733804,-0.08515233137374514
2011-07-08 03:45:00,-0.12377502016349878,-0.9986046518522091,-0.08514506900769066
2011-07-08 03:46:00,-0.12378689247319444,-0.9986267420422017,-0.08513811822947415
2011-07-08 03:47:00,-0.12379975047192579,-0.9986514898414395,-0.08513163044615753
2011-07-08 03:48:00,-0.12381351912408353,-0.998678919249151,-0.08512576421754559
2011-07-08 03:49:00,-0.12382810281810075,-0.9987090126495201,-0.0851206833411179
2011-07-08 03:50:00,-0.123843384787064,-0.9987417067326432,-0.08511655466288809
2011-07-08 03:51:00,-0.123859226785095,-0.99877688873942,-0.08511354562253026
2011-07-08 03:52:00,-0.12387546904757073,-0.9988143931209016,-0.08511182154629789
2011-07-08 03:53:00,-0.12389193056214805,-0.9988539987065956,-0.08511154270675267
2011-07-08 03:54:00,-0.12390840967605211,-0.9988954264795857,-0.08511286117405806
2011-07-08 03:55:00,-0.12392468506293132,-0.998938338057883,-0.08511591748950123
2011-07-08 03:56:00,-0.12394051706979499,-0.9989823349809421,-0.08512083719791191
2011-07-08 03:57:00,-0.12395564946133693,-0.9990269588982453,-0.08512772728166218
2011-07-08 03:58:00,-0.12396981157548997,-0.9990716927534846,-0.08513667254486176
2011-07-08 03:59:00,-0.12398272090033649,-0.9991159630525439,-0.08514773200209866
2011-07-08 04:00:00,-0.12399408607829109,-0.9991591432953466,-0.08516093533149573
2011-07-08 04:01:00,-0.12400361033848029,-0.9992005586401624,-0.08517627945683721
2011-07-08 04:02:00,-0.12401099535224351,-0.9992394918541465,-0.08519372532793605
2011-07-08 04:03:00,-0.12401594549960532,-0.999275190586092,-0.0852131949721332
2011-07-08 04:04:00,-0.12401817252661813,-0.9993068759770879,-0.08523456889271154
2011-07-08 04:05:00,-0.12401740056505504,-0.9993337526023806,-0.08525768389193582
2011-07-08 04:06:00,-0.12401337147732777,-0.9993550197135456,-0.08528233139726797
2011-07-08 04:07:00,-0.1240058504806214,-0.9993698837243837,-0.08530825636892912
2011-07-08 04:08:00,-0.12399463199477637,-0.9993775718571432,-0.08533515686526838
2011-07-08 04:09:00,-0.12397954564832446,-0.9993773468380116,-0.0853626843392482
2011-07-08 04:10:00,-0.12396046236654681,-0.9993685225022597,-0.08539044473467253
2011-07-08 04:11:00,-0.12393730045482315,-0.999350480139774,-0.0854180004444904
2011-07-08 04:12:00,-0.12391003158019523,-0.9993226853815407,-0.08544487318554533
2011-07-08 04:13:00,-0.12387868654427242,-0.9992847053980717,-0.08547054783447366
2011-07-08 04:14:00,-0.12384336073171263,-0.999236226152719,-0.08549447725807001
2011-07-08 04:15:00,-0.12380421911088971,-0.9991770694267736,-0.08551608815835217
2011-07-08 04:16:00,-0.12376150065729932,-0.999107209309883,-0.08553478793781488
2011-07-08 04:17:00,-0.12371552206587695,-0.9990267878295048,-0.08554997257403979
2011-07-08 04:18:00,-0.12366668061571494,-0.9989361293770541,-0.08556103547503803
2011-07-08 04:19:00,-0.12361545604977739,-0.9988357535757525,-0.08556737726758797
2011-07-08 04:20:00,-0.12356241133344532,-0.9987263862260861,-0.08556841645057567
2011-07-08 04:21:00,-0.1235081921595123,-0.9986089679600519,-0.08556360082417318
2011-07-08 04:22:00,-0.12345352507394398,-0.998484660235923,-0.0855524195838606
2011-07-08 04:23:00,-0.12339921410649209,-0.9983548483117985,-0.08553441594611025
2011-07-08 04:24:00,-0.12334613580316128,-0.9982211408494442,-0.08550920015033438
2011-07-08 04:25:00,-0.12329523257357743,-0.9980853658204366,-0.08547646265981695
2011-07-08 04:26:00,-0.12324750428550747,-0.9979495624143848,-0.08543598736319935
2011-07-08 04:27:00,-0.1232039980611428,-0.9978159686836434,-0.08538766455809449
2011-07-08 04:28:00,-0.12316579625524074,-0.9976870047005674,-0.08533150348001006
2011-07-08 04:29:00,-0.12313400262373095,-0.9975652510529254,-0.08526764412343482
2011-07-08 04:30:00,-0.12310972672276965,-0.9974534225619506,-0.08519636808816379
2011-07-08 04:31:00,-0.123094066612227,-0.9973543371764417,-0.0851181081731979
2011-07-08 04:32:00,-0.12308808997390137,-0.9972708800744453,-0.08503345643333596
2011-07-08 04:33:00,-0.12309281379297003,-0.9972059630890051,-0.08494317041035555
2011-07-08 04:34:00,-0.12310918279083341,-0.9971624796642286,-0.0848481772519037
2011-07-08 04:35:00,-0.12313804683805343,-0.9971432556415695,-0.08474957543731056
2011-07-08 04:36:00,-0.12318013761692191,-0.9971509962732916,-0.08464863384088624
2011-07-08 04:37:00,-0.12323604484366221,-0.997188229960093,-0.08454678788020567
2011-07-08 04:38:00,-0.12330619239964301,-0.9972572493125635,-0.08444563251971808
2011-07-08 04:39:00,-0.12339081475849055,-0.9973600502407755,-0.08434691192895788
2011-07-08 04:40:00,-0.12348993413080607,-0.9974982698806262,-0.08425250562982156
2011-07-08 04:41:00,-0.12360333877947283,-0.9976731242661779,-0.08416441100885452
2011-07-08 04:42:00,-0.12373056298539037,-0.9978853467510437,-0.08408472211820203
2011-07-08 04:43:00,-0.12387086916500564,-0.9981351282668363,-0.08401560474265928
2011-07-08 04:44:00,-0.12402323265632434,-0.9984220605814984,-0.08395926776983674
2011-07-08 04:45:00,-0.12418632969829983,-0.998745083783612,-0.08391793096544571
2011-07-08 04:46:00,-0.1243585291287634,-0.9991024392689482,-0.08389378932557226
2011-07-08 04:47:00,-0.12453788831757469,-0.9994916295407599,-0.08388897425187376
2011-07-08 04:48:00,-0.12472215383369883,-0.9999093861533227,-0.08390551187308531
2011-07-08 04:49:00,-0.12490876731679969,-1.0003516471263412,-0.08394527891611293
2011-07-08 04:50:00,-0.12509487698512314,-1.0008135451340827,-0.08400995661124554
2011-07-08 04:51:00,-0.12527735516150076,-1.001289407726741,-0.08410098319745057
2011-07-08 04:52:00,-0.12545282213794554,-1.0017727707721182,-0.0842195056740134
2011-07-08 04:53:00,-0.12561767662641185,-1.0022564062120007,-0.08436633152248503
2011-07-08 04:54:00,-0.12576813295889577,-1.00273236510775,-0.08454188119645063
2011-07-08 04:55:00,-0.12590026510439925,-1.0031920368020746,-0.08474614224437113
2011-07-08 04:56:00,-0.1260100574638252,-1.0036262248477574,-0.08497862599097565
2011-07-08 04:57:00,-0.1260934622872892,-1.0040252401491805,-0.08523832775365361
2011-07-08 04:58:00,-0.12614646343254254,-1.0043790115292774,-0.08552369161024807
2011-07-08 04:59:00,-0.1261651460493601,-1.0046772136737945,-0.08583258076180993
2011-07-08 05:00:00,-0.12614577163425447,-1.0049094121173396,-0.08616225454647719
2011-07-08 05:01:00,-0.12608485775439035,-1.0050652246228566,-0.08650935315699995
2011-07-08 05:02:00,-0.12597926159099423,-1.0051344979698364,-0.08686989109294192
2011-07-08 05:03:00,-0.12582626630303465,-1.0051074988098103,-0.0872392603377934
2011-07-08 05:04:00,-0.12562366906386735,-1.0049751168746501,-0.08761224418985694
2011-07-08 05:05:00,-0.12536986947948853,-1.0047290784390828,-0.0879830425927807
2011-07-08 05:06:00,-0.12506395695979503,-1.0043621675496728,-0.08834530970624417
2011-07-08 05:07:00,-0.12470579548675778,-1.0038684521452799,-0.08869220432904916
2011-07-08 05:08:00,-0.12429610410874982,-1.003243511816103,-0.08901645363552818
2011-07-08 05:09:00,-0.12383653139160482,-1.0024846635872386,-0.08931043051189541
2011-07-08 05:10:00,-0.1233297219775419,-1.0015911817754435,-0.08956624458249345
2011-07-08 05:11:00,-0.12277937334610693,-1.0005645076619478,-0.0897758467978446
2011-07-08 05:12:00,-0.12219028083993266,-0.9994084444579103,-0.08993114721844767
2011-07-08 05:13:00,-0.12156836901548498,-0.9981293328214594,-0.09002414537227213
2011-07-08 05:14:00,-0.12092070740794285,-0.9967362020253786,-0.09004707229228134
2011-07-08 05:15:00,-0.1202555088626235,-0.9952408917806098,-0.08999254305597092
2011-07-08 05:16:00,-0.11958210868527568,-0.9936581397002698,-0.0898537183552548
2011-07-08 05:17:00,-0.11891092300211355,-0.9920056294489202,-0.08962447332596277
2011-07-08 05:18:00,-0.11825338489919883,-0.9903039947690585,-0.08929957156608598
2011-07-08 05:19:00,-0.11762185713073105,-0.9885767748168788,-0.08887484197555212
2011-07-08 05:20:00,-0.11702952044742294,-0.9868503165772439,-0.08834735576301346
2011-07-08 05:21:00,-0.11649023689921913,-0.9851536205681775,-0.08771560069257027
2011-07-08 05:22:00,-0.11601838781024704,-0.9835181265922255,-0.08697964939154373
2011-07-08 05:23:00,-0.11562868650639267,-0.9819774369485079,-0.0861413183156102
2011-07-08 05:24:00,-0.11533596629476932,-0.9805669752853913,-0.08520431377620157
2011-07-08 05:25:00,-0.11515494464622375,-0.9793235801464744,-0.08417436128349118
2011-07-08 05:26:00,-0.1150999650126319,-0.9782850332362072,-0.08305931435290642
2011-07-08 05:27:00,-0.1151847182148943,-0.9774895234981247,-0.08186923887018337
2011-07-08 05:28:00,-0.11542194585916654,-0.9769750492487307,-0.08061646911550444
2011-07-08 05:29:00,-0.11582312877095752,-0.976778761832285,-0.07931563161688278
2011-07-08 05:30:00,-0.11639816397142433,-0.9769362555437925,-0.07798363314186711
2011-07-08 05:31:00,-0.11715503424876599,-0.9774808098957072,-0.07663960934944365
2011-07-08 05:32:00,-0.11809947489057163,-0.9784425916623076,-0.07530483091456168
2011-07-08 05:33:00,-0.11923464263011505,-0.9798478255056036,-0.07400256430891464
2011-07-08 05:34:00,-0.1205607923101038,-0.9817179433465097,-0.07275788487527168
2011-07-08 05:35:00,-0.12207496717000056,-0.9840687239709193,-0.07159744036934775
2011-07-08 05:36:00,-0.12377070900609784,-0.9869094356259231,-0.07054916376216644
2011-07-08 05:37:00,-0.12563779472523448,-0.9902419955383276,-0.06964193479493212
2011-07-08 05:38:00,-0.12766200600159655,-0.9940601613458382,-0.06890519055390884
2011-07-08 05:39:00,-0.12982493883985693,-0.9983487703402499,-0.06836848617942506
2011-07-08 05:40:00,-0.13210385983580789,-1.0030830431515576,-0.06806100773384831
2011-07-08 05:41:00,-0.13447161579710798,-1.008227969022692,-0.06801104021928878
2011-07-08 05:42:00,-0.13689660313218685,-1.0137377901075728,-0.0682453947460712
2011-07-08 05:43:00,-0.13934280302628183,-1.0195556022414278,-0.06878879989499362
2011-07-08 05:44:00,-0.14176988789301373,-1.0256130893540185,-0.06966326337567272
2011-07-08 05:45:00,-0.14413340391254792,-1.0318304080979892,-0.07088741114377733
2011-07-08 05:46:00,-0.1463850336399122,-1.038116238323286,-0.0724758121839009
2011-07-08 05:47:00,-0.14847294168838301,-1.0443680137248457,-0.07443829817287635
2011-07-08 05:48:00,-0.15034220536445161,-1.0504723453096403,-0.07677928818989405
2011-07-08 05:49:00,-0.15193533085697816,-1.0563056482620679,-0.07949712951331445
2011-07-08 05:50:00,-0.15319285417100306,-1.061734980331595,-0.08258346631724638
2011-07-08 05:51:00,-0.15405402445682412,-1.0666190970276,-0.08602264873073659
2011-07-08 05:52:00,-0.15445756573129438,-1.0708097256935272,-0.0897911952252789
2011-07-08 05:53:00,-0.1543425112383404,-1.0741530569626963,-0.09385732162885661
2011-07-08 05:54:00,-0.1536491028706251,-1.0764914481973409,-0.09818055020410171
2011-07-08 05:55:00,-0.1523197461990343,-1.077665329316471,-0.10271141215273288
2011-07-08 05:56:00,-0.15030000975996802,-1.077515296971663,-0.10739125659804465
2011-07-08 05:57:00,-0.14753965536470665,-1.0758843783859169,-0.11215217853358166
2011-07-08 05:58:00,-0.14399368435651153,-1.072620441391666,-0.11691707739341843
2011-07-08 05:59:00,-0.13962338298932941,-1.0675787223625335,-0.1215998567849273
2011-07-08 06:00:00,-0.1343973484801207,-1.0606244389119996,-0.12610577451953003
2011-07-08 06:01:00,-0.1282924758411625,-1.0516354495224784,-0.13033195037597328
2011-07-08 06:02:00,-0.12129488437819495,-1.040504917771545,-0.1341680370343049
2011-07-08 06:03:00,-0.11340076179634768,-1.0271439346491873,-0.13749705733265963
2011-07-08 06:04:00,-0.10461710324167099,-1.0114840487311758,-0.14019640843503806
2011-07-08 06:05:00,-0.09496232237646289,-0.9934796508169979,-0.142139030674831
2011-07-08 06:06:00,-0.08446671179689881,-0.9731101571904224,-0.14319473578098868
2011-07-08 06:07:00,-0.07317273080740272,-0.9503819340558354,-0.14323168593374233
2011-07-08 06:08:00,-0.061135099822931464,-0.9253299050871759,-0.14211801167454
2011-07-08 06:09:00,-0.048420682531890656,-0.8980187845443044,-0.13972355315811816
2011-07-08 06:10:00,-0.03510813947086104,-0.8685438802102546,-0.13592170563926473
2011-07-08 06:11:00,-0.021287339887109204,-0.837031413627444,-0.13059134649693097
2011-07-08 06:12:00,-0.0070585227419509055,-0.8036383099048049,-0.12361881758611647
2011-07-08 06:13:00,0.007468797520798635,-0.7685514158707815,-0.11489993335349122
2011-07-08 06:14:00,0.02217717921494235,-0.7319861136934371,-0.10434198204384053
2011-07-08 06:15:00,0.036942847969891196,-0.6941843074045563,-0.09186568455635837
2011-07-08 06:16:00,0.05163752256416695,-0.6554117721656663,-0.07740707318490063
2011-07-08 06:17:00,0.06613044873480677,-0.6159548707052879,-0.06091925070350907
2011-07-08 06:18:00,0.08029060848922638,-0.5761166582306014,-0.04237398915266669
2011-07-08 06:19:00,0.09398906235236225,-0.5362124163500238,-0.021763127362591957
2011-07-08 06:20:00,0.10710137097287904,-0.49656467819551897,0.0009002731588260934
2011-07-08 06:21:00,0.11951003060056625,-0.45749783104589514,0.02558105271745088
2011-07-08 06:22:00,0.13110684428223499,-0.4193324092425939,0.05222139420957608
2011-07-08 06:23:00,0.14179513825491466,-0.3823792182044985,0.08074061169334079
2011-07-08 06:24:00,0.15149172437347463,-0.3469334568594517,0.11103531195872574
2011-07-08 06:25:00,0.16012851042449738,-0.31326902509826654,0.14297994670382178
2011-07-08 06:26:00,0.16765367580796406,-0.28163320944856685,0.1764277661407139
2011-07-08 06:27:00,0.17403236005127842,-0.2522419335276747,0.2112121804758178
2011-07-08 06:28:00,0.1792468504537492,-0.22527574445854912,0.24714853210957402
2011-07-08 06:29:00,0.1832962950471187,-0.20087668563681843,0.28403627452808317
2011-07-08 06:30:00,0.18619599962894184,-0.17914617730679772,0.3216615408679625
2011-07-08 06:31:00,0.18797638593594546,-0.16014398375324587,0.3598000660777405
2011-07-08 06:32:00,0.18868169058291073,-0.14388828850191557,0.39822040325270397
2011-07-08 06:33:00,0.1883684763780726,-0.13035683388701977,0.43668734999281206
2011-07-08 06:34:00,0.18710401629001325,-0.11948902152616094,0.47496547969276126
2011-07-08 06:35:00,0.18496459989518058,-0.11118882795118018,0.5128226622431531
2011-07-08 06:36:00,0.1820338033259645,-0.10532836995536488,0.5500334624686887
2011-07-08 06:37:00,0.178400756290973,-0.10175195293154164,0.5863823201620226
2011-07-08 06:38:00,0.17415843374421747,-0.10028044417465515,0.6216664363680429
2011-07-08 06:39:00,0.1694019955807059,-0.10071582565795101,0.655698311371291
2011-07-08 06:40:00,0.16422719550067225,-0.10284579495543575,0.6883078983402068
2011-07-08 06:41:00,0.15872887950238976,-0.10644829856085278,0.719344352274428
2011-07-08 06:42:00,0.1529995942865004,-0.11129589882612409,0.7486773668425905
2011-07-08 06:43:00,0.14712832500153547,-0.11715989350087988,0.77619810220803
2011-07-08 06:44:00,0.14119937935853696,-0.12381412415006993,0.8018197156211224
2011-07-08 06:45:00,0.13529143084103706,-0.13103842557549966,0.8254775139139211
2011-07-08 06:46:00,0.12947672803277654,-0.13862168297480718,0.8471287529331382
2011-07-08 06:47:00,0.12382047129601026,-0.14636447757942514,0.866752112994301
2011-07-08 06:48:00,0.11838035343035948,-0.15408131445961573,0.8843468819357395
2011-07-08 06:49:00,0.11320625787535601,-0.16160243672763977,0.8999318792374426
2011-07-08 06:50:00,0.10834010599199985,-0.1687752379122308,0.9135441564989396
2011-07-08 06:51:00,0.10381584336088161,-0.17546528948797036,0.9252375111291047
2011-07-08 06:52:00,0.09965955361877525,-0.18155700444582235,0.9350808509654835
2011-07-08 06:53:00,0.09588968716945354,-0.1869539609776242,0.9431564475311129
2011-07-08 06:54:00,0.09251739125416888,-0.19157891295214294,0.9495581147954532
2011-07-08 06:55:00,0.08954692738558123,-0.1953735158403276,0.9543893487543593
2011-07-08 06:56:00,0.08697616197561497,-0.1982977980751143,0.9577614610140582
2011-07-08 06:57:00,0.0847971160525141,-0.2003294085584109,0.959791736970054
2011-07-08 06:58:00,0.08299656028793156,-0.2014626712501016,0.9606016461984169
2011-07-08 06:59:00,0.08155664220129664,-0.2017074775123007,0.9603151294112787
2011-07-08 07:00:00,0.08045553331316727,-0.20108804602489788,0.9590569829012647
2011-07-08 07:01:00,0.079668085003609,-0.19964157852412104,0.9569513579571618
2011-07-08 07:02:00,0.07916648277794595,-0.19741683742090102,0.9541203893660821
2011-07-08 07:03:00,0.07892088956079105,-0.19447266879758687,0.950682963846788
2011-07-08 07:04:00,0.07890006957673902,-0.19087649165175805,0.9467536360860289
2011-07-08 07:05:00,0.07907198535161793,-0.18670277175619499,0.9424416969925729
2011-07-08 07:06:00,0.07940436138967945,-0.182031496280365,0.93785039586734
2011-07-08 07:07:00,0.0798652091581254,-0.17694666353133168,0.9330763154274883
2011-07-08 07:08:00,0.08042330913964597,-0.17153480098054424,0.9282088960255849
2011-07-08 07:09:00,0.08104864688228623,-0.16588352421737876,0.9233301029911872
2011-07-08 07:10:00,0.08171280116006206,-0.16008014953119004,0.9185142288308898
2011-07-08 07:11:00,0.08238928351978432,-0.15421037326886317,0.9138278201039128
2011-07-08 07:12:00,0.083053829548013,-0.1483570315769323,0.9093297171879364
2011-07-08 07:13:00,0.0836846429652241,-0.14259895389618646,0.9050711939140264
2011-07-08 07:14:00,0.08426259390918045,-0.13700992176386126,0.9010961832480244
2011-07-08 07:15:00,0.08477137245551777,-0.13165774097347485,0.897441574862413
2011-07-08 07:16:00,0.08519759781810667,-0.12660343103376165,0.8941375705045893
2011-07-08 07:17:00,0.08553088318627919,-0.12190053257640568,0.8912080833706425
2011-07-08 07:18:00,0.08576385605142708,-0.11759453161459288,0.8886711681107418
2011-07-08 07:19:00,0.08589213420896724,-0.11372239941121183,0.8865394685926148
2011-07-08 07:20:00,0.08591425834905704,-0.11031224795207703,0.8848206711817493
2011-07-08 07:21:00,0.08583158321183092,-0.10738310319265451,0.8835179521128975
2011-07-08 07:22:00,0.08564813064753202,-0.10494480086968845,0.8826304085137477
2011-07-08 07:23:00,0.08537040953038187,-0.10299801242142972,0.8821534637370428
2011-07-08 07:24:00,0.08500720906605513,-0.10153441092053382,0.8820792388520796
2011-07-08 07:25:00,0.08456937302043224,-0.10053698760061928,0.8823968835165643
2011-07-08 07:26:00,0.08406956211086401,-0.09998052683112868,0.8830928610537997
2011-07-08 07:27:00,0.0835220100479307,-0.099832240496831,0.8841511843573862
2011-07-08 07:28:00,0.08294227610279026,-0.10005255286503487,0.8855536011435658
2011-07-08 07:29:00,0.08234699465040288,-0.10059601681616072,0.8872797289590632
2011-07-08 07:30:00,0.08175362068100293,-0.10141233447344522,0.8893071420751076
2011-07-08 07:31:00,0.08118016990259107,-0.10244745148381007,0.89161141382734
2011-07-08 07:32:00,0.08064495240350879,-0.1036446945535724,0.8941661191103815
2011-07-08 07:33:00,0.08016629945398616,-0.10494592489614894,0.8969428027341046
2011-07-08 07:34:00,0.0797622836389617,-0.1062926841697639,0.8999109203038872
2011-07-08 07:35:00,0.079450433081159,-0.10762731322837649,0.9030377592072621
2011-07-08 07:36:00,0.07924744108752783,-0.10889402746738214,0.906288348105619
2011-07-08 07:37:00,0.07916887319727203,-0.11003993596237548,0.9096253639598506
2011-07-08 07:38:00,0.07922887434978154,-0.11101599514642872,0.9130090460133822
2011-07-08 07:39:00,0.07943987969763884,-0.11177789143650181,0.9163971263102847
2011-07-08 07:40:00,0.07981233340160789,-0.112286850861215,0.9197447862657783
2011-07-08 07:41:00,0.0803544205073577,-0.11251037723084646,0.9230046485560947
2011-07-08 07:42:00,0.08107181769314865,-0.11242292365789801,0.9261268131600454
2011-07-08 07:43:00,0.08196746925221564,-0.11200650499701102,0.9290589457711792
2011-07-08 07:44:00,0.08304139498634457,-0.11125126009147963,0.9317464260507986
2011-07-08 07:45:00,0.08429053646812158,-0.11015597118817125,0.9341325623960808
2011-07-08 07:46:00,0.08570864710589395,-0.10872854271002745,0.9361588791289354
2011-07-08 07:47:00,0.0872862295252663,-0.10698643339530077,0.9377654812551579
2011-07-08 07:48:00,0.08901052120793503,-0.10495702639457595,0.9388915010761298
2011-07-08 07:49:00,0.09086552673684274,-0.10267791329879186,0.939475629796034
2011-07-08 07:50:00,0.09283209315550188,-0.10019706190923601,0.9394567357776009
2011-07-08 07:51:00,0.09488802423329516,-0.09757283463394933,0.9387745693159557
2011-07-08 07:52:00,0.09700822960127573,-0.09487382441115642,0.9373705518415325
2011-07-08 07:53:00,0.09916490534240585,-0.09217847707426044,0.9351886454030456
2011-07-08 07:54:00,0.10132774346935111,-0.08957447231225878,0.9321762961103623
2011-07-08 07:55:00,0.10346416874884203,-0.08715783989278768,0.9282854428327147
2011-07-08 07:56:00,0.10553960239963667,-0.08503179432327232,0.9234735796978526
2011-07-08 07:57:00,0.1075177530940419,-0.08330528006811515,0.9177048577709589
2011-07-08 07:58:00,0.10936093633695294,-0.08209123031621571,0.9109512078674894
2011-07-08 07:59:00,0.11103042374726688,-0.08150455401024331,0.9031934630685734
2011-07-08 08:00:00,0.11248682409741431,-0.08165987730454019,0.8944224564788726
2011-07-08 08:01:00,0.11369049811936059,-0.08266907588634069,0.8846400673939853
2011-07-08 08:02:00,0.11460200887875831,-0.08463864313692072,0.8738601875496215
2011-07-08 08:03:00,0.11518260878170584,-0.08766694629917204,0.8621095785048885
2011-07-08 08:04:00,0.11539476299098997,-0.09184143015295591,0.8494285911415299
2011-07-08 08:05:00,0.11520270725933934,-0.09723583671229741,0.8358717182848464
2011-07-08 08:06:00,0.11457303588572076,-0.1039075197920967,0.8215079514408671
2011-07-08 08:07:00,0.11347531257711847,-0.1118949425667043,0.80642091300993
2011-07-08 08:08:00,0.1118826936688373,-0.12121545256115486,0.7907087366583903
2011-07-08 08:09:00,0.10977254997931865,-0.13186343172991333,0.7744836710628482
2011-07-08 08:10:00,0.10712707111129219,-0.1438089187070673,0.7578713859199282
2011-07-08 08:11:00,0.1039338345774672,-0.15699679337101885,0.7410099638423374
2011-07-08 08:12:00,0.10018632175105098,-0.17134659877383884,0.7240485674993697
2011-07-08 08:13:00,0.09588436312956053,-0.18675305365150655,0.7071457780710314
2011-07-08 08:14:00,0.09103449660315495,-0.20308728318053923,0.6904676087361181
2011-07-08 08:15:00,0.08565022434443784,-0.22019876838560257,0.674185205487788
2011-07-08 08:16:00,0.07975215655254496,-0.23791798615784016,0.6584722570569745
2011-07-08 08:17:00,0.07336803342414128,-0.2560596824093851,0.6435021461396828
2011-07-08 08:18:00,0.06653262019644914,-0.2744266916658927,0.6294448855561113
2011-07-08 08:19:00,0.059287473617357624,-0.2928141901344489,0.6164638956119229
2011-07-08 08:20:00,0.051680581307522885,-0.3110142489614797,0.6047126929812858
2011-07-08 08:21:00,0.043765877956621714,-0.3288205408592121,0.5943315768451755
2011-07-08 08:22:00,0.03560264430569049,-0.3460330448414179,0.5854444142710923
2011-07-08 08:23:00,0.027254796614617896,-0.3624625888423236,0.5781556423478107
2011-07-08 08:24:00,0.018790075736101565,-0.3779350696441525,0.5725476157379537
2011-07-08 08:25:00,0.010279145904813223,-0.39229519746149155,0.5686784295513118
2011-07-08 08:26:00,0.0017946140756432676,-0.40540963160443105,0.5665803346663204
2011-07-08 08:27:00,-0.006590018496228849,-0.41716940294966537,0.5662588367249869
2011-07-08 08:28:00,-0.01480145943092742,-0.4274915543624967,0.567692536022707
2011-07-08 08:29:00,-0.022767768284428162,-0.4363199676144229,0.5708337283900637
2011-07-08 08:30:00,-0.030419522186661965,-0.4436253825941904,0.5756097494251159
2011-07-08 08:31:00,-0.037690983696298946,-0.4494046509136709,0.5819250069745165
2011-07-08 08:32:00,-0.044521246842618246,-0.4536793000200992,0.5896636112284794
2011-07-08 08:33:00,-0.05085533350486827,-0.45649351235878466,0.5986924824819714
2011-07-08 08:34:00,-0.05664520949041226,-0.45791164269963286,0.6088647992627518
2011-07-08 08:35:00,-0.061850689223377824,-0.4580154033860432,0.6200236467640755
2011-07-08 08:36:00,-0.0664402002831373,-0.45690084388409563,0.6320057342714749
2011-07-08 08:37:00,-0.0703913834857453,-0.45467524143725346,0.6446450647820445
2011-07-08 08:38:00,-0.07369150969995805,-0.45145400690102144,0.6577764561514952
2011-07-08 08:39:00,-0.0763377002969263,-0.44735769559400906,0.6712388292278307
2011-07-08 08:40:00,-0.07833694370078426,-0.4425091980997918,0.6848781940649478
2011-07-08 08:41:00,-0.07970590594378058,-0.4370311708031865,0.6985502802704437
2011-07-08 08:42:00,-0.08047053852294513,-0.4310437507812085,0.7121227717311689
2011-07-08 08:43:00,-0.08066549222537389,-0.4246625847180636,0.7254771193084356
2011-07-08 08:44:00,-0.08033335089025465,-0.4179971869674363,0.7385099175539573
2011-07-08 08:45:00,-0.07952370420776818,-0.41114962787662,0.7511338430355606
2011-07-08 08:46:00,-0.07829208340458596,-0.40421354033797163,0.7632781623756641
2011-07-08 08:47:00,-0.07669878758788562,-0.39727342119402637,0.7748888272994378
2011-07-08 08:48:00,-0.07480763100717137,-0.39040419602022153,0.785928181437834
2011-07-08 08:49:00,-0.07268464219334497,-0.3836710117390569,0.7963743091084182
2011-07-08 08:50:00,-0.07039674505057794,-0.3771292208276553,0.8062200600506982
2011-07-08 08:51:00,-0.06801045005801448,-0.3708245221045416,0.8154717866862785
2011-07-08 08:52:00,-0.06559058133183719,-0.36479322511980433,0.8241478323714835
2011-07-08 08:53:00,-0.06319906280578186,-0.35906260754419805,0.8322768104987788
2011-07-08 08:54:00,-0.06089378439690408,-0.353651337415068,0.839895715252622
2011-07-08 08:55:00,-0.05872756664913895,-0.34856993457677893,0.8470479054008705
2011-07-08 08:56:00,-0.056747239758732824,-0.34382124832395417,0.8537810027184465
2011-07-08 08:57:00,-0.05499285002021384,-0.33940093119352405,0.8601447465023783
2011-07-08 08:58:00,-0.05349700389575424,-0.3352978916277279,0.866188845287618
2011-07-08 08:59:00,-0.05228435756752603,-0.33149471016772847,0.8719608665287015
2011-07-08 09:00:00,-0.05137125814863182,-0.3279680047583627,0.8775042047096142
2011-07-08 09:01:00,-0.05076554140935941,-0.3246887312444592,0.8828561678605292
2011-07-08 09:02:00,-0.0504664894869574,-0.32162240599260317,0.888046221555171
2011-07-08 09:03:00,-0.050464950379997604,-0.31872923913061507,0.8930944280564316
2011-07-08 09:04:00,-0.05074361907087806,-0.31596416934837884,0.8980101162400804
2011-07-08 09:05:00,-0.05127747778502943,-0.3132767951954791,0.9027908147058158
2011-07-08 09:06:00,-0.05203438993875091,-0.31061120426844996,0.9074214752123718
2011-07-08 09:07:00,-0.05297583863805,-0.3079057106401465,0.9118740060102799
2011-07-08 09:08:00,-0.05405779651243053,-0.30509252082090244,0.9161071259855859
2011-07-08 09:09:00,-0.05523170977618237,-0.3020973576304798,0.9200665424913178
2011-07-08 09:10:00,-0.05644557597597706,-0.29883907924622993,0.9236854488732748
2011-07-08 09:11:00,-0.05764509190929849,-0.2952293380078595,0.9268853313587071
2011-07-08 09:12:00,-0.058774845919441376,-0.29117232989626596,0.9295770687961232
2011-07-08 09:13:00,-0.05977952769771553,-0.2865646892179734,0.9316623031133252
2011-07-08 09:14:00,-0.06060512911053101,-0.28129558261359106,0.933035053774366
2011-07-08 09:15:00,-0.06120011101197996,-0.27524705231173285,0.9335835460239805
2011-07-08 09:16:00,-0.06151651257069782,-0.26829465158354054,0.933192220117067
2011-07-08 09:17:00,-0.06151098055913025,-0.2603084063228597,0.9317438868244505
2011-07-08 09:18:00,-0.06114569633448946,-0.25115412585010843,0.9291219930682671
2011-07-08 09:19:00,-0.06038917855180006,-0.24069507357573566,0.9252129603638369
2011-07-08 09:20:00,-0.05921694062550292,-0.22879399436452907,0.9199085577005996
2011-07-08 09:21:00,-0.05761198376003486,-0.21531548098242284,0.913108269553868
2011-07-08 09:22:00,-0.05556510883080137,-0.20012864790028856,0.904721618910147
2011-07-08 09:23:00,-0.0530750333451718,-0.18311006787854361,0.8946704045583387
2011-07-08 09:24:00,-0.05014830306351654,-0.1641469155709395,0.8828908115074471
2011-07-08 09:25:00,-0.04679899149620665,-0.14314025287538168,0.8693353533242383
2011-07-08 09:26:00,-0.043048184289391604,-0.12000838271776193,0.8539746055675532
2011-07-08 09:27:00,-0.03892324949808414,-0.09469019104191828,0.8367986904885589
2011-07-08 09:28:00,-0.03445689909846666,-0.06714839074897426,0.8178184749203207
2011-07-08 09:29:00,-0.02968605195236134,-0.03737257615396444,0.797066445916799
2011-07-08 09:30:00,-0.024650513765473902,-0.005381992226949697,0.7745972323253391
2011-07-08 09:31:00,-0.01939149514719384,0.028772080260499044,0.7504877451386072
2011-07-08 09:32:00,-0.01394999433209398,0.06500442329998989,0.7248369150600695
2011-07-08 09:33:00,-0.008365076167032045,0.10319455974920903,0.6977650120104419
2011-07-08 09:34:00,-0.002672083598442711,0.14318609706637997,0.6694125382985313
2011-07-08 09:35:00,0.0030991775578905045,0.18478680761942246,0.6399386952899212
2011-07-08 09:36:00,0.008926234879487804,0.22776949759931417,0.6095194331565609
2011-07-08 09:37:00,0.01479567537863954,0.2718736949639636,0.5783451049098265
2011-07-08 09:38:00,0.02070474371435417,0.31680816265656575,0.5466177593619949
2011-07-08 09:39:00,0.026662747897701938,0.36225421645503825,0.5145481228466244
2011-07-08 09:40:00,0.032692200419455836,0.40786979718154326,0.4823523361716323
2011-07-08 09:41:00,0.03882961630487375,0.4532942152585352,0.450248529991351
2011-07-08 09:42:00,0.04512588740925713,0.49815345501453934,0.4184533351892127
2011-07-08 09:43:00,0.051646159399228696,0.5420659029174061,0.3871784305902115
2011-07-08 09:44:00,0.05846915822977317,0.5846483525476349,0.3566272262322526
2011-07-08 09:45:00,0.06568594561309804,0.6255221381525705,0.3269917686226798
2011-07-08 09:46:00,0.07339812184926285,0.6643192532236255,0.2984499391914223
2011-07-08 09:47:00,0.08171553083420711,0.7006883181015537,0.2711630015403232
2011-07-08 09:48:00,0.09075354855553423,0.7343002717057078,0.24527353791215278
2011-07-08 09:49:00,0.10063004995777386,0.7648536776732558,0.22090380065994802
2011-07-08 09:50:00,0.11146215238376493,0.7920795530330321,0.19815449087219136
2011-07-08 09:51:00,0.12336283197830875,0.8157456456039285,0.17710396436895673
2011-07-08 09:52:00,0.13643750586953562,0.8356601029947349,0.15780785529893293
2011-07-08 09:53:00,0.15078066855544947,0.8516744909631501,0.14029909937170365
2011-07-08 09:54:00,0.16647266572143787,0.8636861320828809,0.1245883320874818
2011-07-08 09:55:00,0.1835766827166471,0.8716397473835777,0.11066463199503651
2011-07-08 09:56:00,0.20213601814904686,0.8755283940990841,0.09849657488137625
2011-07-08 09:57:00,0.22217170541753567,0.875393702136567,0.08803356172723138
2011-07-08 09:58:00,0.2436805363004421,0.8713254206231402,0.07920738110632347
2011-07-08 09:59:00,0.2666335308317822,0.8634602941511644,0.07193396535148662
2011-07-08 10:00:00,0.2909748865765258,0.8519802963732505,0.06611529915903373
2011-07-08 10:01:00,0.31662142801341586,0.8371102566409243,0.06164143921249971
2011-07-08 10:02:00,0.34346256305285294,0.8191149236050804,0.058392603700714356
2011-07-08 10:03:00,0.3713607397291488,0.7982955176956686,0.05624129130136482
2011-07-08 10:04:00,0.4001523851510488,0.7749858304584787,0.05505439078879905
2011-07-08 10:05:00,0.4296493053734017,0.7495479304801941,0.05469524552115265
2011-07-08 10:06:00,0.45964052945653894,0.722367532963634,0.055025641443181145
2011-07-08 10:07:00,0.48989458707893635,0.693849086933302,0.05590769157162481
2011-07-08 10:08:00,0.5201622082022969,0.6644106358852989,0.057205592873262906
2011-07-08 10:09:00,0.550179422790868,0.634478516361693,0.058787232788869666
2011-07-08 10:10:00,0.5796710225919199,0.6044819718680617,0.060525623241607616
2011-07-08 10:11:00,0.6083543311064648,0.5748477722043069,0.06230014132265075
2011-07-08 10:12:00,0.6359432147541871,0.5459949358176147,0.06399756040838919
2011-07-08 10:13:00,0.6621522578297838,0.5183296506145083,0.06551286572523536
2011-07-08 10:14:00,0.6867010167360859,0.49224047465112997,0.06674986366625536
2011-07-08 10:15:00,0.7093182675593674,0.4680938755001342,0.06762160910987516
2011-07-08 10:16:00,0.7297461662678595,0.44623014353361456,0.0680506837381728
2011-07-08 10:17:00,0.7477442494878324,0.42695969707302284,0.06796935973081868
2011-07-08 10:18:00,0.7630932117921058,0.41055978867717535,0.06731968017596952
2011-07-08 10:19:00,0.7755984020417903,0.3972716187415023,0.06605348315890647
2011-07-08 10:20:00,0.7850929880681239,0.38729786082052364,0.06413239210543599
2011-07-08 10:21:00,0.7914407453359422,0.38080060206089683,0.06152779077535109
2011-07-08 10:22:00,0.7945384287708077,0.377899704270639,0.05822079715938417
2011-07-08 10:23:00,0.7943176874419445,0.3786715966623282,0.05420224629522422
2011-07-08 10:24:00,0.7907464824727547,0.3831485163010347,0.04947268774629507
2011-07-08 10:25:00,0.7838299725160224,0.39131821287792473,0.04404239937175459
2011-07-08 10:26:00,0.7736108385511269,0.4031241305007624,0.03793141523366392
2011-07-08 10:27:00,0.7601690289244399,0.41846607325529395,0.031169562116693944
2011-07-08 10:28:00,0.7436209151870653,0.4372013553021725,0.023796496109795326
2011-07-08 10:29:00,0.7241178592514335,0.45914643029456825,0.015861727860410645
2011-07-08 10:30:00,0.7018442030839123,0.4840789879822633,0.007424622397931839
2011-07-08 10:31:00,0.6770147037758556,0.5117404975922332,-0.0014456429858494125
2011-07-08 10:32:00,0.6498714491048212,0.5418391688032059,-0.01067018097934478
2011-07-08 10:33:00,0.6206803011220873,0.57405329332095,-0.02016057519168595
2011-07-08 10:34:00,0.5897269278343904,0.608034923727504,-0.029819157204569877
2011-07-08 10:35:00,0.557312496384298,0.64341384010339,-0.039539394621547666
2011-07-08 10:36:00,0.5237491159670006,0.6798017468130123,-0.049206401626712824
2011-07-08 10:37:00,0.48935513393933144,0.7167966315815261,-0.058697579927940474
2011-07-08 10:38:00,0.4544504000272304,0.7539872100158778,-0.06788339457862028
2011-07-08 10:39:00,0.4193516159987089,0.7909573761952802,-0.07662828639067897
2011-07-08 10:40:00,0.3843678798981066,0.8272905861524203,-0.08479172053236221
2011-07-08 10:41:00,0.3497965184738524,0.8625741134273276,-0.09222936928081425
2011-07-08 10:42:00,0.31591928412008563,0.8964031299189246,-0.09879442552703184
2011-07-08 10:43:00,0.28299897648353417,0.9283845780953442,-0.10433904221060278
2011-07-08 10:44:00,0.25127653406236117,0.9581408114497203,-0.10871589105022142
2011-07-08 10:45:00,0.22096862699265876,0.9853129889420033,-0.11177983153982946
2011-07-08 10:46:00,0.192265768553095,1.0095642161442697,-0.11338967831600014
2011-07-08 10:47:00,0.16533094990450445,1.0305824309570455,-0.11341005192117487
2011-07-08 10:48:00,0.1402987905049416,1.048083035155233,-0.11171329478355986
2011-07-08 10:49:00,0.1172751858627263,1.0618112747650277,-0.10818143084399329
2011-07-08 10:50:00,0.0963374251926522,1.071544372523695,-0.10270814367988217
2011-07-08 10:51:00,0.07753474424237397,1.077093414634608,-0.09520074434335982
2011-07-08 10:52:00,0.06088927287761433,1.078304991931426,-0.08558209662231046
2011-07-08 10:53:00,0.046397332823776796,1.075062592635492,-0.07379246419647285
2011-07-08 10:54:00,0.03403103828596963,1.0672877403526455,-0.059791241339921336
2011-07-08 10:55:00,0.023740150886486563,1.0549408670597633,-0.04355852660276141
2011-07-08 10:56:00,0.015454140044833004,1.0380219068641743,-0.025096497506242627
2011-07-08 10:57:00,0.009084400234714235,1.0165705925697723,-0.004430543857203557
2011-07-08 10:58:00,0.0045265776089911496,0.9906664338151294,0.018389882155303804
2011-07-08 10:59:00,0.001662960618180462,0.9604283530202773,0.04329073942164438
2011-07-08 11:00:00,0.00036489241628074925,0.9260139538809458,0.07017323278867917
2011-07-08 11:01:00,0.0004951665935297421,0.8876183969949291,0.0989140435414314
2011-07-08 11:02:00,0.0019103716691072949,0.8454728586932343,0.1293659845780882
2011-07-08 11:03:00,0.004463153602494213,0.7998425525517824,0.1613591026668566
2011-07-08 11:04:00,0.008004369244805565,0.7510242986348109,0.1947022417770061
2011-07-08 11:05:00,0.012385107192659268,0.6993436335058242,0.22918507128089113
2011-07-08 11:06:00,0.017458556107990627,0.6451514646473413,0.26458057071258667
2011-07-08 11:07:00,0.0230817043181568,0.5888202863487006,0.30064794865151995
2011-07-08 11:08:00,0.029116858243437217,0.530739990501379,0.33713595718847084
2011-07-08 11:09:00,0.035432970649272186,0.4713133251569941,0.37378654556667845
2011-07-08 11:10:00,0.04190677287075154,0.41095107608985254,0.41033877745167946
2011-07-08 11:11:00,0.04842370838882273,0.3500670710259219,0.44653291679776297
2011-07-08 11:12:00,0.054878668905421445,0.2890731288799952,0.4821145698605518
2011-07-08 11:13:00,0.06117653840539077,0.22837408983072707,0.5168387600338596
2011-07-08 11:14:00,0.067232555215674,0.16836305928096987,0.5504738121057191
2011-07-08 11:15:00,0.07297250626796345,0.10941697945656596,0.5828049335552643
2011-07-08 11:16:00,0.07833277107938841,0.05189261393279693,0.613637398746129
2011-07-08 11:17:00,0.08326023482404908,-0.003876998570492103,0.6427992626506959
2011-07-08 11:18:00,0.08771209009800768,-0.05758558952136074,0.6701435513379564
2011-07-08 11:19:00,0.0916555459798275,-0.10895619307154938,0.6955498958993198
2011-07-08 11:20:00,0.09506746131786296,-0.15774316873135105,0.7189255944429621
2011-07-08 11:21:00,0.09793391713202143,-0.20373372802855336,0.7402061031269727
2011-07-08 11:22:00,0.1002497406874519,-0.2467489859354433,0.7593549719238677
2011-07-08 11:23:00,0.10201799126918455,-0.2866445614377464,0.7763632539590799
2011-07-08 11:24:00,0.10324941516156026,-0.3233107523971391,0.7912484288214321
2011-07-08 11:25:00,0.1039618751666377,-0.3566723087458737,0.8040528900060991
2011-07-08 11:26:00,0.10417975857227578,-0.38668782647445665,0.8148420542490729
2011-07-08 11:27:00,0.1039333669563518,-0.41334878434531314,0.8237021556545246
2011-07-08 11:28:00,0.10325829134723216,-0.4366782464566788,0.8307377902629777
2011-07-08 11:29:00,0.10219477659462245,-0.45672925632464584,0.8360692773554883
2011-07-08 11:30:00,0.10078707898084706,-0.4735829513892255,0.8398299026113752
2011-07-08 11:31:00,0.09908282096443341,-0.48734643008029027,0.842163105639685
2011-07-08 11:32:00,0.09713234646350001,-0.4981504058124642,0.8432196710905707
2011-07-08 11:33:00,0.09498807935193104,-0.5061466827917009,0.8431549790782746
2011-07-08 11:34:00,0.09270388708712443,-0.5115054874882566,0.8421263670402834
2011-07-08 11:35:00,0.09033445081008207,-0.5144126876653629,0.8402906512379603
2011-07-08 11:36:00,0.08793464294180404,-0.5150669286612478,0.8378018515836233
2011-07-08 11:37:00,0.08555891339971278,-0.5136767155992764,0.8348091574512132
2011-07-08 11:38:00,0.08326068631384954,-0.5104574721472754,0.8314551632524342
2011-07-08 11:39:00,0.0810917705423833,-0.5056286120924086,0.8278743902026573
2011-07-08 11:40:00,0.07910178895097221,-0.4994106679592815,0.8241920958621425
2011-07-08 11:41:00,0.07733763257726371,-0.49202252760072285,0.8205233585749546
2011-07-08 11:42:00,0.07584294558557977,-0.4836788307258554,0.8169724135032178
2011-07-08 11:43:00,0.07465764484800785,-0.47458757058258977,0.8136322125397315
2011-07-08 11:44:00,0.07381747459171575,-0.46494793369081094,0.8105841807629842
2011-07-08 11:45:00,0.07335359326844243,-0.45494839731845643,0.8078981443844042
2011-07-08 11:46:00,0.07329218792549573,-0.44476509384620194,0.8056324072371547
2011-07-08 11:47:00,0.07365411113320884,-0.4345604440783807,0.8038339542297727
2011-07-08 11:48:00,0.0744545364143781,-0.4244820569929729,0.8025387611150904
2011-07-08 11:49:00,0.07570262960653054,-0.4146618902151662,0.8017721907817805
2011-07-08 11:50:00,0.07740123539547773,-0.40521566281177507,0.8015494573458541
2011-07-08 11:51:00,0.07954658015164733,-0.39624250930080684,0.8018761407967989
2011-07-08 11:52:00,0.08212799394995822,-0.38782486090449925,0.8027487368709695
2011-07-08 11:53:00,0.0851276561646837,-0.3800285374029587,0.804155228997493
2011-07-08 11:54:00,0.08852037033875298,-0.37290303104542155,0.8060756713034205
2011-07-08 11:55:00,0.09227337520466698,-0.36648196311573134,0.8084827736074547
2011-07-08 11:56:00,0.09634619985167986,-0.36078369371512403,0.8113424811054111
2011-07-08 11:57:00,0.10069057213314558,-0.3558120657310424,0.8146145431633317
2011-07-08 11:58:00,0.10525039043353812,-0.35155726454422725,0.818253067339863
2011-07-08 11:59:00,0.10996176971398473,-0.3479967756215104,0.8222070564615789
2011-07-08 12:00:00,0.11475317319016813,-0.345096422529547,0.8264209282874577
2011-07-08 12:01:00,0.11954564101517208,-0.3428114679677923,0.8308350189855576
2011-07-08 12:02:00,0.1242531269306958,-0.34108776049831296,0.8353860730814286
2011-07-08 12:03:00,0.128782952986024,-0.3398629103441955,0.8400077234379932
2011-07-08 12:04:00,0.13303639107535092,-0.33906747904594114,0.8446309651961571
2011-07-08 12:05:00,0.1369093782029535,-0.33862616940585394,0.8491846277449571
2011-07-08 12:06:00,0.14029337009325907,-0.3384590035583087,0.8535958489288815
2011-07-08 12:07:00,0.1430763351620762,-0.33848247805766823,0.85779055585392
2011-07-08 12:08:00,0.14514388814983037,-0.3386106855774573,0.8616939567615778
2011-07-08 12:09:00,0.14638055996318158,-0.3387563932444816,0.8652310484241326
2011-07-08 12:10:00,0.14667119742008738,-0.3388320679891083,0.8683271432736273
2011-07-08 12:11:00,0.14590248360700764,-0.338750839789546,0.8709084199014244
2011-07-08 12:12:00,0.1439645664544371,-0.3384273945293876,0.872902499512489
2011-07-08 12:13:00,0.14075277991420249,-0.33777878957444224,0.8742390492637203
2011-07-08 12:14:00,0.13616943875757764,-0.336725187077921,0.8748504112255815
2011-07-08 12:15:00,0.13012568454142387,-0.3351905021052011,0.8746722532346273
2011-07-08 12:16:00,0.1225433567975878,-0.3331029645861662,0.873644235365586
2011-07-08 12:17:00,0.11335686007246264,-0.33039559561991144,0.8717106832940792
2011-07-08 12:18:00,0.10251499417775964,-0.32700659944458205,0.8688212576866366
2011-07-08 12:19:00,0.08998271207748623,-0.322879672130817,0.8649316071991302
2011-07-08 12:20:00,0.07574276739556965,-0.3179642269074041,0.8600039917139244
2011-07-08 12:21:00,0.05979721161081267,-0.31221553462745144,0.8540078618949503
2011-07-08 12:22:00,0.04216869952672123,-0.3055947768357948,0.8469203808014643
2011-07-08 12:23:00,0.022901560598348067,-0.29806900839904815,0.838726873149862
2011-07-08 12:24:00,0.0020625934961109598,-0.2896110267561555,0.8294211878771286
2011-07-08 12:25:00,-0.020258457595120728,-0.28019914575719007,0.8190059599098517
2011-07-08 12:26:00,-0.043948783578040405,-0.2698168740398082,0.8074927574527884
2011-07-08 12:27:00,-0.06887278184610895,-0.25845250097705225,0.7949021017474648
2011-07-08 12:28:00,-0.09487274595341237,-0.24609859716904753,0.7812633472750716
2011-07-08 12:29:00,-0.12176999309837654,-0.23275144086558788,0.7666144120098579
2011-07-08 12:30:00,-0.14936643959892174,-0.21841038632263798,0.7510013497976586
2011-07-08 12:31:00,-0.17744662371390252,-0.20307719480296113,0.7344777604103715
2011-07-08 12:32:00,-0.20578016313217548,-0.18675535354708717,0.7171040374187466
2011-07-08 12:33:00,-0.23412462160902398,-0.1694494121897459,0.6989464598043549
2011-07-08 12:34:00,-0.2622287459021915,-0.1511643692014463,0.6800761402049945
2011-07-08 12:35:00,-0.2898360206206192,-0.13190514193578348,0.6605678507555676
2011-07-08 12:36:00,-0.3166884749533493,-0.11167615174273753,0.6404987564947346
2011-07-08 12:37:00,-0.34253066086960615,-0.09048105138731488,0.6199470962117137
2011-07-08 12:38:00,-0.3671137062467743,-0.06832261896804336,0.5989908613737409
2011-07-08 12:39:00,-0.3901993294209975,-0.045202842340875786,0.577706534338207
2011-07-08 12:40:00,-0.41156368898097945,-0.021123217647955637,0.5561679539076001
2011-07-08 12:41:00,-0.4310009415412084,0.003914720165396502,0.5344453744354731
2011-07-08 12:42:00,-0.4483263943718069,0.029908629726091106,0.5126047716935173
2011-07-08 12:43:00,-0.4633791659837946,0.05685437042878409,0.4907074271906262
2011-07-08 12:44:00,-0.47602429955081665,0.08474481396276189,0.46880979783484084
2011-07-08 12:45:00,-0.48615430657201625,0.11356850597343023,0.44696365362385604
2011-07-08 12:46:00,-0.49369014960430346,0.1433082383666803,0.42521644383699914
2011-07-08 12:47:00,-0.4985817023420567,0.17393960536430242,0.4036118323842157
2011-07-08 12:48:00,-0.5008077502001897,0.20542962506716053,0.3821903270866354
2011-07-08 12:49:00,-0.5003756093902727,0.23773551022407644,0.36098991946746073
2011-07-08 12:50:00,-0.4973204416379758,0.27080366564298186,0.34004665523127875
2011-07-08 12:51:00,-0.491704324304594,0.3045689767112109,0.31939507186945065
2011-07-08 12:52:00,-0.48361510696038257,0.3389544370602093,0.2990684653106583
2011-07-08 12:53:00,-0.4731650536469512,0.3738711461789347,0.2790989766408729
2011-07-08 12:54:00,-0.4604892440889523,0.4092186913889817,0.2595175165135186
2011-07-08 12:55:00,-0.44574369528501345,0.44488591395052174,0.2403535631666957
2011-07-08 12:56:00,-0.42910317119809527,0.4807520458344509,0.2216348771610604
2011-07-08 12:57:00,-0.4107586696163181,0.5166881903863182,0.2033871742496749
2011-07-08 12:58:00,-0.3909146047799809,0.5525591052549172,0.18563379211771522
2011-07-08 12:59:00,-0.36978573606195464,0.588225228984768,0.16839538094258308
2011-07-08 13:00:00,-0.34759392178204584,0.6235448746529626,0.15168964332963097
2011-07-08 13:01:00,-0.3245647971964959,0.6583764988017365,0.13553114576657235
2011-07-08 13:02:00,-0.30092448201011135,0.6925809475404869,0.11993121980160423
2011-07-08 13:03:00,-0.2768964156580055,0.7260235872702364,0.10489796578776883
2011-07-08 13:04:00,-0.2526984032056484,0.7585762424265148,0.09043636611514601
2011-07-08 13:05:00,-0.22853993669818495,0.7901188812919064,0.0765485097790354
2011-07-08 13:06:00,-0.20461983955339583,0.8205410090038269,0.06323392626866871
2011-07-08 13:07:00,-0.18112426648364804,0.8497427424926184,0.05049002371453081
2011-07-08 13:08:00,-0.158225078515952,0.8776355549212537,0.038312623648694415
2011-07-08 13:09:00,-0.13607860130331823,0.9041426880409491,0.02669658225518284
2011-07-08 13:10:00,-0.11482476454875588,0.9291992407901486,0.015636485266465428
2011-07-08 13:11:00,-0.09458661099747741,0.9527519517792621,0.00512740073544108
2011-07-08 13:12:00,-0.0754701553184113,0.9747587016176334,-0.004834328824467516
2011-07-08 13:13:00,-0.0575645664037767,0.995187767927935,-0.014250275641189048
2011-07-08 13:14:00,-0.04094264115042099,1.0140168712421957,-0.023119119488903783
2011-07-08 13:15:00,-0.02566153359114447,1.0312320538455872,-0.03143586726272255
2011-07-08 13:16:00,-0.011763700247715699,1.0468264361253754,-0.03919112278050195
2011-07-08 13:17:00,0.0007219792994865862,1.0607988961911758,-0.04637042997268791
2011-07-08 13:18:00,0.011778948470304485,1.0731527185582432,-0.05295371176690162
2011-07-08 13:19:00,0.021401628103771896,1.0838942566287864,-0.05891482559904821
2011-07-08 13:20:00,0.029594019986042178,1.0930316516688232,-0.06422125463047422
2011-07-08 13:21:00,0.03636829847025508,1.1005736480616777,-0.06883395146544279
2011-07-08 13:22:00,0.04174342671109452,1.1065285409256091,-0.07270734848729409
2011-07-08 13:23:00,0.04574383097162598,1.1109032878137224,-0.07578954590575357
2011-07-08 13:24:00,0.048398162879271546,1.1137028112702285,-0.07802268527189303
2011-07-08 13:25:00,0.049738175500162074,1.1149295135986588,-0.07934351261201798
2011-07-08 13:26:00,0.049797734754120436,1.11458301940467,-0.07968413150049464
2011-07-08 13:27:00,0.04861198309204031,1.1126601554081126,-0.0789729423811236
2011-07-08 13:28:00,0.0462166675873427,1.1091551707752798,-0.07713576030847699
2011-07-08 13:29:00,0.042647639735746055,1.1040601949016904,-0.07409709907048236
2011-07-08 13:30:00,0.037940529393722035,1.0973659232770727,-0.06978160543079176
2011-07-08 13:31:00,0.032130590494905485,1.0890625158862792,-0.06411562305714186
2011-07-08 13:32:00,0.02525271154178123,1.0791406866419766,-0.05702886164870814
2011-07-08 13:33:00,0.017341579450601805,1.0675929567070959,-0.04845614291675165
2011-07-08 13:34:00,0.008431981201766364,1.0544150393479306,-0.03833919148946936
2011-07-08 13:35:00,-0.0014407760150936485,1.039607319263953,-0.026628435588943768
2011-07-08 13:36:00,-0.012240348805296928,1.0231763852698337,-0.013284779554475623
2011-07-08 13:37:00,-0.023928771205149045,1.0051365718609593,0.0017186919446735033
2011-07-08 13:38:00,-0.03646582571371868,0.9855114626783977,0.018395119756509634
2011-07-08 13:39:00,-0.04980840114767157,0.9643353073050457,0.03674242875694039
2011-07-08 13:40:00,-0.06390986773386863,0.9416543022727615,0.05674208164109727
2011-07-08 13:41:00,-0.07871950011027057,0.9175276877400624,0.07835806968282535
2011-07-08 13:42:00,-0.09418197837724013,0.8920286131090399,0.10153618017218324
2011-07-08 13:43:00,-0.11023699597855369,0.8652447279842223,0.12620357711135247
2011-07-08 13:44:00,-0.12681900094704204,0.8372784594285723,0.15226872736535935
2011-07-08 13:45:00,-0.14385709387963952,0.8082469425328382,0.17962169872502384
2011-07-08 13:46:00,-0.16127510187019653,0.7782815789699525,0.20813484914856478
2011-07-08 13:47:00,-0.17899184248895667,0.7475272075364717,0.23766391771288334
2011-07-08 13:48:00,-0.19692158572233426,0.716140881762275,0.2680495174390248
2011-07-08 13:49:00,-0.21497471454726202,0.684290262564492,0.29911901807885816
2011-07-08 13:50:00,-0.23305857648736897,0.6521516486897694,0.33068879308991006
2011-07-08 13:51:00,-0.25107850906319823,0.6199076843789053,0.36256678932009867
2011-07-08 13:52:00,-0.26893901157803707,0.5877448021617604,0.3945553604633332
2011-07-08 13:53:00,-0.2865450248224018,0.5558504777208882,0.42645428713773037
2011-07-08 13:54:00,-0.3038032709977354,0.5244103897002914,0.45806389066343867
2011-07-08 13:55:00,-0.32062360138432705,0.49360558486220546,0.4891881392745223
2011-07-08 13:56:00,-0.33692030076766216,0.463609745106557,0.519637647992954
2011-07-08 13:57:00,-0.35261330431418775,0.4345866397671825,0.549232485418069
2011-07-08 13:58:00,-0.3676292916322692,0.40668782947990273,0.5778047175412349
2011-07-08 13:59:00,-0.3819026318848718,0.38005067080825045,0.6052006361475073
2011-07-08 14:00:00,-0.3953761621010747,0.35479665527638465,0.631282635456566
2011-07-08 14:01:00,-0.4080017880989535,0.3310301027401873,0.6559307149461803
2011-07-08 14:02:00,-0.41974090371845557,0.30883721707194983,0.6790435988066104
2011-07-08 14:03:00,-0.43056462943216073,0.28828550186001484,0.7005394732668935
2011-07-08 14:04:00,-0.4404538759179364,0.2694235251434552,0.7203563521959712
2011-07-08 14:05:00,-0.44939924190011254,0.25228101501764977,0.7384520890028696
2011-07-08 14:06:00,-0.4574007585521011,0.23686926215859413,0.7548040590368211
2011-07-08 14:07:00,-0.46446749506064894,0.22318180081850542,0.7694085415219408
2011-07-08 14:08:00,-0.4706170416382998,0.21119533653805764,0.7822798336581351
2011-07-08 14:09:00,-0.47587488739486294,0.20087088659520502,0.7934491319899751
2011-07-08 14:10:00,-0.4802737110994379,0.1921550979591382,0.802963217599517
2011-07-08 14:11:00,-0.4838526030399432,0.18498170713250114,0.8108829822283248
2011-07-08 14:12:00,-0.48665623597409735,0.17927310663947268,0.8172818321872057
2011-07-08 14:13:00,-0.48873400261962896,0.17494198394826874,0.822244005975393
2011-07-08 14:14:00,-0.4901391363049973,0.17189300020355916,0.8258628400062181
2011-07-08 14:15:00,-0.49092783034500226,0.1700244781903278,0.8282390148213642
2011-07-08 14:16:00,-0.49115837046511174,0.1692300713633524,0.8294788117634962
2011-07-08 14:17:00,-0.4908902932175911,0.16940038846864225,0.8296924073555956
2011-07-08 14:18:00,-0.49018358185122113,0.1704245511746005,0.8289922296879244
2011-07-08 14:19:00,-0.4890979095497711,0.1721916651488906,0.8274913980178658
2011-07-08 14:20:00,-0.48769193837381764,0.1745921880963808,0.8253022636149292
2011-07-08 14:21:00,-0.4860226806549,0.17751918135409558,0.8225350666964921
2011-07-08 14:22:00,-0.4841449280272399,0.18086943466675445,0.8192967211553907
2011-07-08 14:23:00,-0.4821107517642263,0.18454445669453112,0.815689735727418
2011-07-08 14:24:00,-0.4799690766356102,0.18845132659374927,0.8118112773275289
2011-07-08 14:25:00,-0.4777653291359794,0.19250340462789037,0.8077523795336651
2011-07-08 14:26:00,-0.4755411596726122,0.1966209021822358,0.8035972966456616
2011-07-08 14:27:00,-0.47333423715503936,0.2007313137484682,0.7994230014167375
2011-07-08 14:28:00,-0.47117811340925686,0.20476971540046487,0.7952988224639519
2011-07-08 14:29:00,-0.46910215395219396,0.20867893599048679,0.7912862155234731
2011-07-08 14:30:00,-0.46713153090929616,0.2124096087515239,0.7874386611329388
2011-07-08 14:31:00,-0.4652872732400845,0.2159201121959008,0.7838016799980598
2011-07-08 14:32:00,-0.4635863689511366,0.2191764101559481,0.7804129562311297
2011-07-08 14:33:00,-0.4620419136186727,0.22215180152748626,0.7773025578287378
2011-07-08 14:34:00,-0.4606632993076713,0.22482659076227599,0.7744932431748632
2011-07-08 14:35:00,-0.4594564378537183,0.2271876904255046,0.7720008420008097
2011-07-08 14:36:00,-0.45842401245900394,0.22922816720494824,0.7698346990898972
2011-07-08 14:37:00,-0.4575657516354509,0.2309467426465703,0.7679981690653862
2011-07-08 14:38:00,-0.45687871969570826,0.23234725961437017,0.7664891508262862
2011-07-08 14:39:00,-0.4563576182361204,0.23343812504933847,0.7653006505779982
2011-07-08 14:40:00,-0.45599509336401034,0.23423173905439568,0.7644213629229932
2011-07-08 14:41:00,-0.45578204378393156,0.23474391968021965,0.7638362601105758
2011-07-08 14:42:00,-0.45570792526332105,0.2349933320498261,0.7635271802738901
2011-07-08 14:43:00,-0.45576104743695667,0.2350009296544897,0.7634734062867772
2011-07-08 14:44:00,-0.455928859371948,0.23478941479691834,0.7636522277336515
2011-07-08 14:45:00,-0.4561982207913663,0.2343827242675254,0.7640394793839828
2011-07-08 14:46:00,-0.4565556563363718,0.2338055454342749,0.7646100504821596
2011-07-08 14:47:00,-0.4569875907258705,0.23308286702254422,0.7653383600875944
2011-07-08 14:48:00,-0.457480563142164,0.23223956797373355,0.7661987946143424
2011-07-08 14:49:00,-0.4580214196243862,0.231300046913063,0.7671661046111838
2011-07-08 14:50:00,-0.45859748268322054,0.2302878939384292,0.7682157586805421
2011-07-08 14:51:00,-0.4591966977557888,0.22922560567058478,0.7693242532478789
2011-07-08 14:52:00,-0.45980775649483746,0.2281343437858047,0.7704693776539983
2011-07-08 14:53:00,-0.4604201972283898,0.2270337365908849,0.771630434744234
2011-07-08 14:54:00,-0.46102448323261885,0.22594172260207207,0.7727884177655501
2011-07-08 14:55:00,-0.46161205973031766,0.22487443455921832,0.7739261449513841
2011-07-08 14:56:00,-0.4621753907591847,0.22384612184794414,0.7750283536721991
2011-07-08 14:57:00,-0.4627079772480253,0.22286910891781256,0.776081756456089
2011-07-08 14:58:00,-0.4632043577953274,0.22195378697258009,0.7770750615384836
2011-07-08 14:59:00,-0.46366009376450507,0.22110863596587094,0.7779989608841689
2011-07-08 15:00:00,-0.464071740394906,0.22034027375759907,0.7788460888405949
2011-07-08 15:01:00,-0.46443680567933815,0.21965352916966313,0.7796109547317112
2011-07-08 15:02:00,-0.4647536987795842,0.21905153562127824,0.7802898527899963
2011-07-08 15:03:00,-0.4650216697435532,0.21853584202127657,0.7808807528551905
2011-07-08 15:04:00,-0.4652407422539641,0.21810653764146135,0.781383175246229
2011-07-08 15:05:00,-0.4654116410816132,0.2177623877854002,0.7817980531430808
2011-07-08 15:06:00,-0.46553571583942693,0.21750097719506611,0.7821275857028831
2011-07-08 15:07:00,-0.4656148625398628,0.21731885829849604,0.7823750849853162
2011-07-08 15:08:00,-0.46565144435091765,0.21721170159060016,0.7825448195810525
2011-07-08 15:09:00,-0.46564821282785185,0.21717444565176655,0.7826418576297958
2011-07-08 15:10:00,-0.46560823077108204,0.21720144454013882,0.7826719116863816
2011-07-08 15:11:00,-0.4655347977275858,0.21728661053859993,0.7826411876500379
2011-07-08 15:12:00,-0.4654313790159766,0.21742355049162077,0.7825562397181898
2011-07-08 15:13:00,-0.4653015390174006,0.2176056942249008,0.7824238330663296
2011-07-08 15:14:00,-0.46514887933900767,0.2178264137971199,0.7822508156930654
2011-07-08 15:15:00,-0.46497698232640605,0.2180791325844312,0.7820440006081062
2011-07-08 15:16:00,-0.46478936027749396,0.21835742344213832,0.7818100592843082
2011-07-08 15:17:00,-0.46458941059309544,0.21865509542195752,0.781555427046404
2011-07-08 15:18:00,-0.4643803769903693,0.2189662687442351,0.7812862208316625
2011-07-08 15:19:00,-0.4641653168030831,0.21928543792918376,0.7810081695341908
2011-07-08 15:20:00,-0.4639470742985358,0.21960752317737312,0.7807265569370954
2011-07-08 15:21:00,-0.4637282598545969,0.21992791025641495,0.7804461770469169
2011-07-08 15:22:00,-0.4635112347630346,0.22024247929784763,0.7801713014738095
2011-07-08 15:23:00,-0.4632981013583536,0.22054762303584358,0.7799056583495976
2011-07-08 15:24:00,-0.4630906981157463,0.22084025512779842,0.7796524221443096
2011-07-08 15:25:00,-0.4628905993178332,0.22111780928639216,0.7794142136298725
2011-07-08 15:26:00,-0.4626991188573781,0.22137823002415385,0.7791931091470866
2011-07-08 15:27:00,-0.46251731772108257,0.22161995586656638,0.7789906582585846
2011-07-08 15:28:00,-0.4623460146859242,0.22184189593019885,0.7788079088159211
2011-07-08 15:29:00,-0.4621857997523224,0.22204340078944695,0.7786454384326915
2011-07-08 15:30:00,-0.4620370498370496,0.22222422856945315,0.7785033913365202
2011-07-08 15:31:00,-0.4618999462539122,0.22238450720354563,0.7783815195692991
2011-07-08 15:32:00,-0.46177449352252853,0.22252469378130887,0.7782792275154997
2011-07-08 15:33:00,-0.46166053906507853,0.2226455318890079,0.7781956187611896
2011-07-08 15:34:00,-0.4615577933772323,0.22274800780871354,0.7781295443202331
2011-07-08 15:35:00,-0.46146585029164333,0.2228333063974646,0.7780796513078475
2011-07-08 15:36:00,-0.46138420698855503,0.22290276741488974,0.778044431194111
2011-07-08 15:37:00,-0.46131228344559294,0.22295784300907812,0.778022266830203
2011-07-08 15:38:00,-0.4612494410558323,0.2230000570079736,0.7780114775071099
2011-07-08 15:39:00,-0.46119500017990583,0.2230309665976395,0.7780103613789765
2011-07-08 15:40:00,-0.4611482564354209,0.22305212689880366,0.7780172346597214
2011-07-08 15:41:00,-0.4611084955653411,0.2230650588790604,0.7780304670806846
2011-07-08 15:42:00,-0.4610750067648102,0.2230712209612798,0.7780485131782491
2011-07-08 15:43:00,-0.4610470943817614,0.22307198461107522,0.778069939063346
2011-07-08 15:44:00,-0.46102408794037153,0.22306861410885734,0.7780934444093516
2011-07-08 15:45:00,-0.4610053504686663,0.22306225063524324,0.7781178794806195
2011-07-08 15:46:00,-0.4609902851430804,0.22305390072198233,0.7781422571100711
2011-07-08 15:47:00,-0.46097834029393375,0.2230444290438215,0.7781657596205538
2011-07-08 15:48:00,-0.4609690128460388,0.223034555450344,0.7781877407714322
2011-07-08 15:49:00,-0.460961850295826,0.2230248560621043,0.7782077228998949
