timestamp,x,y,z
1970-01-01 12:00:00,0.2721252161895962,-0.7950064402841672,0.10774953969628427
1970-01-01 12:01:00,0.2433336795808313,-0.7459780984091435,0.18433255297217613
1970-01-01 12:02:00,0.21477474375945063,-0.6969965016323334,0.2604896859025438
1970-01-01 12:03:00,0.18664273446326596,-0.6483457105481132,0.33573515023800105
1970-01-01 12:04:00,0.15912767517096035,-0.6002970769977052,0.40959686682484364
1970-01-01 12:05:00,0.13241266675447733,-0.5531046413502433,0.481623281606778
1970-01-01 12:06:00,0.10667145009814391,-0.5070010206300533,0.5513896099476046
1970-01-01 12:07:00,0.08206620173803567,-0.4621938892187319,0.6185033717110018
1970-01-01 12:08:00,0.05874560024007688,-0.41886312234435386,0.6826091169877262
1970-01-01 12:09:00,0.03684318927709008,-0.3771586423659764,0.7433922782561028
1970-01-01 12:10:00,0.016476053054146327,-0.3371989815944749,0.8005821165954191
1970-01-01 12:11:00,-0.0022561891727241046,-0.2990705536562599,0.8539537569212502
1970-01-01 12:12:00,-0.019272070626671522,-0.26282760744764505,0.903329330492116
1970-01-01 12:13:00,-0.03450865475740735,-0.22849282286270742,0.9485782625194952
1970-01-01 12:14:00,-0.04792161736830066,-0.196058495800978,0.9896167587091522
1970-01-01 12:15:00,-0.059485052045258946,-0.16548825171487289,1.0264065570539405
1970-01-01 12:16:00,-0.0691910213467879,-0.13671922187535415,1.0589530204269881
1970-01-01 12:17:00,-0.07704887871977782,-0.10966461402174532,1.0873026518316335
1970-01-01 12:18:00,-0.08308438778237365,-0.08421660852194844,1.111540117901803
1970-01-01 12:19:00,-0.0873386666140806,-0.06024951179747109,1.1317848677845028
1970-01-01 12:20:00,-0.08986698513804361,-0.037623099203402045,1.1481874342829237
1970-01-01 12:21:00,-0.09073744364988309,-0.016186078420538957,1.1609255024648057
1970-01-01 12:22:00,-0.0900295600103687,0.004220398181461483,1.1701998280716086
1970-01-01 12:23:00,-0.08783279189252731,0.02375924560792606,1.1762300840648017
1970-01-01 12:24:00,-0.0842450188182952,0.042594054629985466,1.1792507085361263
1970-01-01 12:25:00,-0.07937100680418174,0.06088586272985318,1.1795068211092057
1970-01-01 12:26:00,-0.0733208765438587,0.07879014500437603,1.17725026812713
1970-01-01 12:27:00,-0.06620859431794178,0.09645407179412356,1.1727358496631417
1970-01-01 12:28:00,-0.058150503264908275,0.11401406809828395,1.166217773969092
1970-01-01 12:29:00,-0.04926391127347076,0.13159369748903438,1.1579463775523853
1970-01-01 12:30:00,-0.039665750489480484,0.1493018812538715,1.1481651417106105
1970-01-01 12:31:00,-0.029471322147783238,0.16723145372247927,1.137108029065255
1970-01-01 12:32:00,-0.018793139226332745,0.18545804823712733,1.1249971565195385
1970-01-01 12:33:00,-0.007739878689096457,0.20403930335760193,1.1120408144506508
1970-01-01 12:34:00,0.003584544740121265,0.2230143725189244,1.0984318363013963
1970-01-01 12:35:00,0.015081770220953385,0.24240371095145624,1.0843463183248345
1970-01-01 12:36:00,0.026659633250040986,0.26220910226810884,1.0699426858755727
1970-01-01 12:37:00,0.038232643362985305,0.28241387646386806,1.0553610997358907
1970-01-01 12:38:00,0.049722282665251506,0.30298326473715526,1.0407231927392528
1970-01-01 12:39:00,0.06105711515912686,0.3238648372956996,1.0261321228488878
1970-01-01 12:40:00,0.07217270419134658,0.3449889781384998,1.01167292386411
1970-01-01 12:41:00,0.08301134405499094,0.3662693630856509,0.997413129595146
1970-01-01 12:42:00,0.0935216201172138,0.3876034209593388,0.9834036423683682
1970-01-01 12:43:00,0.10365781887665453,0.4088727709102771,0.9696798125742774
1970-01-01 12:44:00,0.11337921484110484,0.4299436408914355,0.9562626927674165
1970-01-01 12:45:00,0.12264926514988657,0.45066728327793243,0.9431604274828629
1970-01-01 12:46:00,0.13143474566850977,0.47088041370156836,0.9303697383542114
1970-01-01 12:47:00,0.13970486404874835,0.49040570829339913,0.9178774632582507
1970-01-01 12:48:00,0.14743038608388095,0.5090524026387924,0.9056621080754839
1970-01-01 12:49:00,0.1545828117075825,0.5266170427217379,0.8936953702961244
1970-01-01 12:50:00,0.16113363635051922,0.5428844438885214,0.8819435951493767
1970-01-01 12:51:00,0.1670537322682033,0.5576289184602363,0.87036912713605
1970-01-01 12:52:00,0.17231288297818156,0.5706158359670194,0.8589315227720279
1970-01-01 12:53:00,0.17687950176385525,0.5816035808277529,0.8475885942389283
1970-01-01 12:54:00,0.18072056132487563,0.5903459674178205,0.836297259124874
1970-01-01 12:55:00,0.18380175492392348,0.5965951578806427,0.8250141793222193
1970-01-01 12:56:00,0.1860878994652129,0.6001051024993447,0.8136961828132526
1970-01-01 12:57:00,0.18754357857479795,0.6006354889240864,0.8023004751409699
1970-01-01 12:58:00,0.18813400996854826,0.5979561493957072,0.7907846620174993
1970-01-01 12:59:00,0.18782610698900443,0.5918518368800239,0.7791066200140178
1970-01-01 13:00:00,0.1865896900614072,0.5821272432175352,0.7672242676537971
1970-01-01 13:01:00,0.18439879147489316,0.5686120985400374,0.7550953023353194
1970-01-01 13:02:00,0.18123298842013982,0.5511661677373806,0.742676975762226
1970-01-01 13:03:00,0.17707869629635895,0.5296839522127017,0.7299259789521476
1970-01-01 13:04:00,0.1719303570047007,0.5040989135862031,0.716798497567653
1970-01-01 13:05:00,0.1657914637073462,0.47438705530868736,0.7032504823725045
1970-01-01 13:06:00,0.15867537248067426,0.4405697227330696,0.6892381615586497
1970-01-01 13:07:00,0.1506058613367637,0.40271550911539783,0.6747188035229841
1970-01-01 13:08:00,0.1416174078957224,0.3609411836081172,0.6596517210350052
1970-01-01 13:09:00,0.13175516848385826,0.3154115877505864,0.6439994907088017
1970-01-01 13:10:00,0.12107465356181309,0.26633847954856865,0.627729345315784
1970-01-01 13:11:00,0.10964110718279903,0.21397833918703923,0.6108146808928817
1970-01-01 13:12:00,0.09752861167786575,0.15862918768515138,0.593236606117581
1970-01-01 13:13:00,0.08481895247932213,0.10062650799376756,0.5749854490848765
1970-01-01 13:14:00,0.07160029019916032,0.0403383928657587,0.5560621293092946
1970-01-01 13:15:00,0.05796569506451254,-0.02183993082044226,0.5364793047689842
1970-01-01 13:16:00,0.0440116007036041,-0.08549203876116103,0.516262217707294
1970-01-01 13:17:00,0.02983623060859442,-0.15018654098550388,0.49544918711194547
1970-01-01 13:18:00,0.015538043809379863,-0.2154834429491849,0.47409172586062287
1970-01-01 13:19:00,0.0012142391475364765,-0.2809404713574992,0.4522542920146866
1970-01-01 13:20:00,-0.01304064799391179,-0.3461192034402203,0.4300137126806517
1970-01-01 13:21:00,-0.02713602631086113,-0.41059084728030776,0.40745834072309306
1970-01-01 13:22:00,-0.040986379717934056,-0.47394153802500294,0.38468701534375604
1970-01-01 13:23:00,-0.05451222704845342,-0.5357770404396566,0.36180789648403705
1970-01-01 13:24:00,-0.06764089497318918,-0.5957267789360452,0.3389372337967829
1970-01-01 13:25:00,-0.08030709603779422,-0.6534471472964162,0.3161981185952549
1970-01-01 13:26:00,-0.0924533105166991,-0.7086240787462771,0.29371925496116896
1970-01-01 13:27:00,-0.10402997673517804,-0.7609748817948127,0.27163377515890125
1970-01-01 13:28:00,-0.11499549959089442,-0.8102493683220416,0.25007811480071157
1970-01-01 13:29:00,-0.12531609124686877,-0.8562303178901189,0.22919095482102303
1970-01-01 13:30:00,-0.13496546140075427,-0.898733336352366,0.2091122302230889
1970-01-01 13:31:00,-0.14392437719554235,-0.9376061777010554,0.18998219973430439
1970-01-01 13:32:00,-0.1521801147725414,-0.9727276059217638,0.1719405659258147
1970-01-01 13:33:00,-0.15972582573583224,-1.0040058786105788,0.15512563199356516
1970-01-01 13:34:00,-0.16655984245314406,-1.031376936474129,0.13967347922090856
1970-01-01 13:35:00,-0.17268494620889566,-1.0548023827934054,0.12571714808779025
1970-01-01 13:36:00,-0.1781076217935965,-1.0742673347210947,0.11338580598960633
1970-01-01 13:37:00,-0.18283732119940344,-1.089778224136667,0.1028038855113718
1970-01-01 13:38:00,-0.18688575773170749,-1.1013606199466432,0.09409017909911126
1970-01-01 13:39:00,-0.19026625007798564,-1.1090571364348505,0.08735687869542301
1970-01-01 13:40:00,-0.1929931337364239,-1.1129254837864915,0.08270855235553176
1970-01-01 13:41:00,-0.1950812547399519,-1.113036707478529,0.0802410539215769
1970-01-01 13:42:00,-0.19654555786194422,-1.109473653092811,0.08004036639796598
1970-01-01 13:43:00,-0.19740077850658264,-1.1023296825085545,0.08218138462935617
1970-01-01 13:44:00,-0.19766124431919746,-1.0917076566039385,0.08672664810953366
1970-01-01 13:45:00,-0.19734078924686446,-1.0777191887764364,0.09372504009818373
1970-01-01 13:46:00,-0.1964527793799958,-1.0604841630089774,0.10321047453785401
1970-01-01 13:47:00,-0.19501024645089307,-1.0401305000904162,0.11520059739623817
1970-01-01 13:48:00,-0.1930261213918685,-1.0167941461635794,0.12969553387103672
1970-01-01 13:49:00,-0.19051355689741253,-0.9906192492327179,0.14667671724905618
1970-01-01 13:50:00,-0.18748632452212532,-0.9617584818143016,0.16610583896130915
1970-01-01 13:51:00,-0.1839592685053305,-0.9303734617511316,0.18792396236260667
1970-01-01 13:52:00,-0.17994879526983687,-0.8966352185131998,0.21205084481938005
1970-01-01 13:53:00,-0.17547337445051492,-0.8607246492425609,0.238384513644407
1970-01-01 13:54:00,-0.17055402459012473,-0.8228329074399445,0.26680114109359804
1970-01-01 13:55:00,-0.16521475488968765,-0.7831616674649549,0.2971552617672224
1970-01-01 13:56:00,-0.1594829344793523,-0.7419232098373428,0.3292803718544745
1970-01-01 13:57:00,-0.1533895631043227,-0.6993402758508455,0.36298994312461474
1970-01-01 13:58:00,-0.1469694216180108,-0.6556456456889715,0.3980788750499029
1970-01-01 13:59:00,-0.14026108647098748,-0.6110814024666252,0.43432539607238074
1970-01-01 14:00:00,-0.13330679885929048,-0.5658978555677467,0.471493410161594
1970-01-01 14:01:00,-0.12615218609844706,-0.5203521103246268,0.5093352676854824
1970-01-01 14:02:00,-0.1188458400726584,-0.47470628751260097,0.547594920252613
1970-01-01 14:03:00,-0.11143876521624195,-0.42922541521804336,0.5860113976236349
1970-01-01 14:04:00,-0.10398371603322011,-0.3841750363744113,0.6243225218614179
1970-01-01 14:05:00,-0.09653445054163871,-0.3398185944605908,0.662268752630319
1970-01-01 14:06:00,-0.08914492968348861,-0.2964146724341963,0.6995970435758897
1970-01-01 14:07:00,-0.08186849290476829,-0.25421416229465976,0.7360645881699261
1970-01-01 14:08:00,-0.0747570375987788,-0.21345743575693524,0.7714423446240636
1970-01-01 14:09:00,-0.067860226492712,-0.17437157506067485,0.8055182486387443
1970-01-01 14:10:00,-0.06122474339669764,-0.13716771187191518,0.8381000439470965
1970-01-01 14:11:00,-0.05489361428379441,-0.10203851472488709,0.8690176801424867
1970-01-01 14:12:00,-0.048905607349042514,-0.06915586214567439,0.8981252439521168
1970-01-01 14:13:00,-0.043294722439042976,-0.038668737260373315,0.9253024043325462
1970-01-01 14:14:00,-0.038089777082601174,-0.010701377061752055,0.9504553644916701
1970-01-01 14:15:00,-0.03331409342498208,0.014648295437283491,0.9735173257375486
1970-01-01 14:16:00,-0.028985287869382252,0.03730993352924608,0.9944484787855131
1970-01-01 14:17:00,-0.025115163245893767,0.05724170542300701,1.013235547528336
1970-01-01 14:18:00,-0.02170970167322313,0.07443089395203753,1.0298909182175866
1970-01-01 14:19:00,-0.018769154592547715,0.08889414419279046,1.044451393587074
1970-01-01 14:20:00,-0.016288224556799312,0.10067734653008803,1.0569766167202954
1970-01-01 14:21:00,-0.014256331428706656,0.10985514121198833,1.0675472134247925
1970-01-01 14:22:00,-0.012657953944785848,0.11653002703355955,1.0762627044914157
1970-01-01 14:23:00,-0.011473036202354223,0.12083105472463382,1.0832392402847046
1970-01-01 14:24:00,-0.010677447523172085,0.12291208958569697,1.088607209169415
1970-01-01 14:25:00,-0.010243483564260235,0.12294964021124173,1.0925087679457854
1970-01-01 14:26:00,-0.01014039679115138,0.12114026889397665,1.0950953369804013
1970-01-01 14:27:00,-0.010334945503819614,0.11769762037474384,1.0965250959895994
1970-01-01 14:28:00,-0.01079195215455117,0.1128491248347971,1.0969605096733188
1970-01-01 14:29:00,-0.011474863262983767,0.10683244508254403,1.0965659067642222
1970-01-01 14:30:00,-0.012346304417815045,0.09989174522262444,1.0955051321929845
1970-01-01 14:31:00,-0.013368624394614956,0.09227385976277083,1.0939392897796498
1970-01-01 14:32:00,-0.01450442231273975,0.08422444051557726,1.0920245914313151
1970-01-01 14:33:00,-0.01571705123378289,0.07598415541064275,1.0899103276627562
1970-01-01 14:34:00,-0.016971090963515487,0.06778500865611019,1.087736973091603
1970-01-01 14:35:00,-0.01823278232618455,0.05984684514573933,1.0856344392885267
1970-01-01 14:36:00,-0.01947041499492652,0.05237409346026546,1.0837204859277156
1970-01-01 14:37:00,-0.020654661063814538,0.04555279196815275,1.0820992996130432
1970-01-01 14:38:00,-0.021758846909779892,0.0395479328164681,1.0808602482027687
1970-01-01 14:39:00,-0.022759156683346944,0.03450115022027034,1.0800768170973696
1970-01-01 14:40:00,-0.023634762152167303,0.03052877251911467,1.0798057328525863
1970-01-01 14:41:00,-0.024367875504928492,0.0277202513561141,1.0800862785777705
1970-01-01 14:42:00,-0.024943723854527616,0.026136975811373128,1.0809398048208287
1970-01-01 14:43:00,-0.025350446371410526,0.025811474808380225,1.0823694390204253
1970-01-01 14:44:00,-0.025578917139928017,0.026747007982722438,1.0843599961206856
1970-01-01 14:45:00,-0.025622498936832362,0.028917543295623984,1.0868780925423012
1970-01-01 14:46:00,-0.025476735229121222,0.032268118544884,1.0898724652984417
1970-01-01 14:47:00,-0.02513898988370798,0.036715583207346476,1.0932744975429671
1970-01-01 14:48:00,-0.024608046420582747,0.04214971636287945,1.0969989511655243
1970-01-01 14:49:00,-0.02388368091754129,0.04843471509557477,1.1009449061311916
1970-01-01 14:50:00,-0.022966224426955853,0.05541104471417354,1.1049969049683483
1970-01-01 14:51:00,-0.02185613162593834,0.0628976365120885,1.1090262989024622
1970-01-01 14:52:00,-0.020553572406899957,0.07069441064458193,1.112892789475425
1970-01-01 14:53:00,-0.019058062461356183,0.07858509250768403,1.116446156335549
1970-01-01 14:54:00,-0.017368147724527154,0.08634028316150781,1.1195281587700505
1970-01-01 14:55:00,-0.015481155753879098,0.09372073967485793,1.1219745958081107
1970-01-01 14:56:00,-0.013393024667864168,0.10048081984000322,1.1236175072698555
1970-01-01 14:57:00,-0.011098217331439349,0.10637204613146013,1.124287495746995
1970-01-01 14:58:00,-0.008589725325276295,0.11114674462906385,1.1238161470355403
1970-01-01 14:59:00,-0.005859164069927435,0.11456171538867384,1.1220385239624397
1970-01-01 15:00:00,-0.002896957325152308,0.1163818914871719,1.1187957058780484
1970-01-01 15:01:00,0.0003073938430184131,0.11638394446240054,1.113937343398073
1970-01-01 15:02:00,0.003764965523473553,0.11435979361192436,1.1073241953712025
1970-01-01 15:03:00,0.007486999425992544,0.11011997554923864,1.0988306126065708
1970-01-01 15:04:00,0.011484438174749442,0.10349682908228768,1.0883469306831215
1970-01-01 15:05:00,0.01576742198885043,0.09434744943134336,1.075781732254791
1970-01-01 15:06:00,0.02034476251379351,0.0825563652250123,1.0610639377638793
1970-01-01 15:07:00,0.02522341029387827,0.06803789164210679,1.0441446825033853
1970-01-01 15:08:00,0.030407932711866013,0.05073811369580736,1.0249989376519306
1970-01-01 15:09:00,0.03590001921130612,0.030636455230064506,1.003626833361059
1970-01-01 15:10:00,0.041698030255371346,0.007746791707892363,0.9800546433335802
1970-01-01 15:11:00,0.047796605762133966,-0.01788193196272878,0.9543353927489476
1970-01-01 15:12:00,0.05418634769203337,-0.0461656136344853,0.9265490550326834
1970-01-01 15:13:00,0.06085359003949852,-0.07698546663999131,0.8968023079730151
1970-01-01 15:14:00,0.06778026768852066,-0.11018907727248523,0.8652278261696746
1970-01-01 15:15:00,0.07494389340902817,-0.14559206268514752,0.8319830948404228
1970-01-01 15:16:00,0.08231764962214824,-0.1829803332415231,0.7972487396213546
1970-01-01 15:17:00,0.08987059836617001,-0.2221129479382242,0.7612263780972162
1970-01-01 15:18:00,0.09756800918098937,-0.2627255321749581,0.7241360114097601
1970-01-01 15:19:00,0.10537180051715996,-0.30453420512655655,0.6862129887872888
1970-01-01 15:20:00,0.11324108577633715,-0.3472399412032767,0.6477045947690295
1970-01-01 15:21:00,0.12113281007400246,-0.39053326775811154,0.6088663283892329
1970-01-01 15:22:00,0.12900245842848276,-0.4340991803258178,0.569957964495508
1970-01-01 15:23:00,0.1368048112228244,-0.4776221400906046,0.5312395063084653
1970-01-01 15:24:00,0.144494719883889,-0.5207910106925899,0.4929671498668703
1970-01-01 15:25:00,0.15202787570040485,-0.5633037964068925,0.4553893807247355
1970-01-01 15:26:00,0.15936154725257168,-0.6048720602281585,0.4187433112954874
1970-01-01 15:27:00,0.16645526592395912,-0.645224923531443,0.3832513480270213
1970-01-01 15:28:00,0.1732714433585122,-0.6841125734774723,0.3491182563066389
1970-01-01 15:29:00,0.1797759089330823,-0.7213092272337592,0.31652867075765406
1970-01-01 15:30:00,0.18593835912849843,-0.7566155225394017,0.2856450804543002
1970-01-01 15:31:00,0.19173271405804082,-0.7898603221049354,0.25660630266960766
1970-01-01 15:32:00,0.19713737936163658,-0.8209019348970992,0.22952644499732958
1970-01-01 15:33:00,0.20213541421669726,-0.8496287706137773,0.20449434395338706
1970-01-01 15:34:00,0.20671460837344924,-0.8759594547224947,0.18157345835860078
1970-01-01 15:35:00,0.2108674729165764,-0.8998424404454929,0.16080218781791147
1970-01-01 15:36:00,0.2145911509098869,-0.9212551611645108,0.14219458031950416
1970-01-01 15:37:00,0.2178872552212674,-0.9402027720342694,0.12574138825130407
1970-01-01 15:38:00,0.2207616416764668,-0.9567165332841752,0.11141142883747829
1970-01-01 15:39:00,0.2232241262768801,-0.9708518899028653,0.09915320299447591
1970-01-01 15:40:00,0.22528815556203904,-0.9826863032893806,0.08889672575316131
1970-01-01 15:41:00,0.22697043932455985,-0.9923168901669959,0.08055552155071354
1970-01-01 15:42:00,0.22829055481626162,-0.9998579227394192,0.07402873872860696
1970-01-01 15:43:00,0.22927053134199638,-1.0054382418702534,0.06920333935423638
1970-01-01 15:44:00,0.22993442374612047,-1.0091986321275215,0.06595632289427841
1970-01-01 15:45:00,0.23030788277952907,-1.011289203993782,0.06415694519458805
1970-01-01 15:46:00,0.23041772971643226,-1.0118668245321685,0.06366889755647624
1970-01-01 15:47:00,0.23029154189229564,-1.011092633445877,0.06435241434022665
1970-01-01 15:48:00,0.22995725507929843,-1.0091296768901805,0.06606628137753968
1970-01-01 15:49:00,0.22944278782404495,-1.006140686697416,0.068669721446053
1970-01-01 15:50:00,0.2287756920637218,-1.0022860279493446,0.0720241370696331
1970-01-01 15:51:00,0.22798283352910387,-0.9977218331591451,0.07599469488446677
1970-01-01 15:52:00,0.22709010465077525,-0.9925983367789802,0.08045173968840923
1970-01-01 15:53:00,0.22612217192094525,-0.9870584193913869,0.08527203001353813
1970-01-01 15:54:00,0.22510225893745228,-0.981236366827354,0.09033979058195576
1970-01-01 15:55:00,0.2240519656774241,-0.9752568456260277,0.09554758028351405
1970-01-01 15:56:00,0.22299112392247658,-0.9692340927470378,0.10079697732035038
1970-01-01 15:57:00,0.22193768819054935,-0.9632713142930098,0.10599908587364987
1970-01-01 15:58:00,0.2209076610251334,-0.9574602852131643,0.11107487104683257
1970-01-01 15:59:00,0.21991505105289466,-0.9518811395472069,0.11595533091704509
1970-01-01 16:00:00,0.21897186184638356,-0.9466023387349625,0.12058151628020868
1970-01-01 16:01:00,0.21808810931934602,-0.9416808038600976,0.12490441010630139
1970-01-01 16:02:00,0.2172718651367889,-0.9371621964094138,0.12888467983834256
1970-01-01 16:03:00,0.2165293234381432,-0.9330813312004337,0.13249231648235382
1970-01-01 16:04:00,0.21586488804650703,-0.929462704541469,0.1357061749617461
1970-01-01 16:05:00,0.2152812772663205,-0.9263211204166343,0.13851343046657708
1970-01-01 16:06:00,0.21477964335188804,-0.9236623975055643,0.14090896553687987
1970-01-01 16:07:00,0.214359703755645,-0.9214841401253276,0.14289470240264227
1970-01-01 16:08:00,0.21401988133331568,-0.9197765566937107,0.1444788946852407
1970-01-01 16:09:00,0.21375745078808658,-0.9185233100321047,0.14567539197128035
1970-01-01 16:10:00,0.2135686887724484,-0.9177023847219961,0.14650289002529426
1970-01-01 16:11:00,0.21344902522935086,-0.9172869577680266,0.1469841785379663
1970-01-01 16:12:00,0.2133931937387904,-0.9172462599721262,0.14714539733634668
1970-01-01 16:13:00,0.21339537883707682,-0.9175464166611346,0.1470153109359839
1970-01-01 16:14:00,0.21344935848920688,-0.918151257708508,0.14662461021494128
1970-01-01 16:15:00,0.21354864011568975,-0.9190230881209505,0.146005248857851
1970-01-01 16:16:00,0.21368658879976057,-0.9201234117966165,0.14518982107444806
1970-01-01 16:17:00,0.21385654652535804,-0.9214136023814544,0.14421098595963222
1970-01-01 16:18:00,0.214051941516928,-0.9228555164368675,0.14310094274735247
1970-01-01 16:19:00,0.2142663869657907,-0.9244120453696366,0.14189096013281083
1970-01-01 16:20:00,0.21449376863174394,-0.9260476037502621,0.1406109618089249
1970-01-01 16:21:00,0.21472832100058561,-0.9277285527469163,0.139289169393967
1970-01-01 16:22:00,0.21496469185660788,-0.929423558419189,0.13795180302612828
1970-01-01 16:23:00,0.21519799529264008,-0.9311038855404504,0.1366228390738094
1970-01-01 16:24:00,0.21542385332839828,-0.9327436284438066,0.13532382366225923
1970-01-01 16:25:00,0.21563842644077247,-0.9343198811107791,0.13407374005062966
1970-01-01 16:26:00,0.21583843342739015,-0.9358128493431556,0.1328889273099034
1970-01-01 16:27:00,0.21602116112744998,-0.9372059083783664,0.13178304725145942
1970-01-01 16:28:00,0.21618446461171856,-0.9384856097307495,0.1307670961371625
1970-01-01 16:29:00,0.21632675852722377,-0.9396416413697102,0.12984945736303127
1970-01-01 16:30:00,0.21644700034190065,-0.9406667455849657,0.12903599104773167
1970-01-01 16:31:00,0.2165446662804749,-0.9415565990421934,0.12833015627208785
1970-01-01 16:32:00,0.21661972077582306,-0.942309659604464,0.12773316160351436
1970-01-01 16:33:00,0.21667258028108427,-0.9429269844934626,0.1272441394957735
1970-01-01 16:34:00,0.21670407229810545,-0.9434120242988874,0.126860340175026
1970-01-01 16:35:00,0.21671539047817753,-0.9437703972241855,0.12657734070251578
1970-01-01 16:36:00,0.21670804664195809,-0.9440096477917101,0.1263892650364527
1970-01-01 16:37:00,0.21668382054732147,-0.9441389940295727,0.126289011094223
1970-01-01 16:38:00,0.21664470820689133,-0.9441690669335734,0.12626848103464516
1970-01-01 16:39:00,0.21659286952179782,-0.9441116457472409,0.12631881123250602
1970-01-01 16:40:00,0.21653057595635614,-0.9439793923379108,0.12643059869711257
1970-01-01 16:41:00,0.21646015893229656,-0.9437855876740175,0.12659412098486528
1970-01-01 16:42:00,0.21638395957303835,-0.9435438731355341,0.1267995469644847
1970-01-01 16:43:00,0.2163042803795249,-0.9432679991226404,0.1270371361051772
1970-01-01 16:44:00,0.21622333937004248,-0.9429715831729718,0.12729742426684393
1970-01-01 16:45:00,0.2161432271679955,-0.9426678795589898,0.12757139427281816
1970-01-01 16:46:00,0.216065867474634,-0.942369562116208,0.12785062983599135
1970-01-01 16:47:00,0.21599298131871544,-0.9420885218516581,0.12812745168588474
1970-01-01 16:48:00,0.2159260554318042,-0.9418356807008513,0.12839503500536623
1970-01-01 16:49:00,0.21586631505555284,-0.9416208226396239,0.12864750753023244
1970-01-01 16:50:00,0.2158147014449809,-0.9414524432124908,0.1288800278924626
1970-01-01 16:51:00,0.2157718542888258,-0.9413376184098579,0.12908884399881312
1970-01-01 16:52:00,0.21573809922427323,-0.9412818937118522,0.12927133143107752
1970-01-01 16:53:00,0.21571344057933475,-0.9412891940160633,0.1294260120335734
1970-01-01 16:54:00,0.21569755943308808,-0.9413617550791987,0.12955255301833696
1970-01-01 16:55:00,0.21568981704286858,-0.9415000770258113,0.12965174707049174
1970-01-01 16:56:00,0.2156892636477464,-0.9417029004056324,0.12972547407687784
1970-01-01 16:57:00,0.21569465261734333,-0.9419672052088135,0.12977664523195567
1970-01-01 16:58:00,0.21570445987233938,-0.9422882331711625,0.12980913039792882
1970-01-01 16:59:00,0.21571690845705604,-0.9426595336161132,0.12982766971261678
1970-01-01 17:00:00,0.21572999809533167,-0.943073032983584,0.12983777055038406
1970-01-01 17:01:00,0.21574153950862796,-0.9435191280855891,0.12984559104975915
1970-01-01 17:02:00,0.21574919321977887,-0.9439868030035012,0.12985781152737805
1970-01-01 17:03:00,0.21575051250716656,-0.9444637694014938,0.12988149520240252
1970-01-01 17:04:00,0.2157429901133954,-0.9449366298713765,0.12992393975908703
1970-01-01 17:05:00,0.2157241082514865,-0.9453910637390862,0.12999252137781964
1970-01-01 17:06:00,0.2156913913919005,-0.9458120345464586,0.13009453296645931
1970-01-01 17:07:00,0.2156424612559925,-0.9461840181717492,0.13023701842348423
1970-01-01 17:08:00,0.2155750933853786,-0.9464912502700072,0.13042660486137939
1970-01-01 17:09:00,0.21548727460109438,-0.9467179914016925,0.13066933481153598
1970-01-01 17:10:00,0.21537726061025256,-0.9468488078781145,0.13097050051905462
1970-01-01 17:11:00,0.2152436329610521,-0.9468688659911014,0.13133448251524876
1970-01-01 17:12:00,0.21508535449147595,-0.9467642369177375,0.13176459472520033
1970-01-01 17:13:00,0.21490182236634509,-0.9465222092032138,0.13226293842541292
1970-01-01 17:14:00,0.21469291775446372,-0.9461316053295984,0.1328302674107413
1970-01-01 17:15:00,0.21445905116386932,-0.9455830984807031,0.13346586675901911
1970-01-01 17:16:00,0.21420120242957005,-0.9448695252201784,0.13416744759492158
1970-01-01 17:17:00,0.21392095433549707,-0.9439861894209522,0.13493106024977244
1970-01-01 17:18:00,0.21362051885174768,-0.9429311524301054,0.13575102818834217
1970-01-01 17:19:00,0.21330275498117,-0.9417055041338944,0.13661990502356539
1970-01-01 17:20:00,0.2129711772381963,-0.9403136093113729,0.13752845686175014
1970-01-01 17:21:00,0.2126299538296355,-0.9387633234425927,0.1384656721101935
1970-01-01 17:22:00,0.212283893673151,-0.9370661719822099,0.13941880073159188
1970-01-01 17:23:00,0.2119384214750629,-0.9352374870344893,0.14037342474069284
1970-01-01 17:24:00,0.21159954019537067,-0.9332964953818951,0.14131356150414787
1970-01-01 17:25:00,0.21127378035480415,-0.9312663519357706,0.14222180112082916
1970-01-01 17:26:00,0.21096813578650317,-0.92917411290218,0.14307947882406585
1970-01-01 17:27:00,0.21068998560362026,-0.9270506432960135,0.14386688295751743
1970-01-01 17:28:00,0.21044700234314148,-0.9249304538981726,0.1445634986320966
1970-01-01 17:29:00,0.21024704645417375,-0.9228514633384484,0.14514828667329557
1970-01-01 17:30:00,0.21009804752397707,-0.9208546817030231,0.1455999969189601
1970-01-01 17:31:00,0.21000787287488598,-0.91898381291192,0.14589751433106282
1970-01-01 17:32:00,0.2099841844175349,-0.9172847740884614,0.1460202357467704
1970-01-01 17:33:00,0.21003428490814752,-0.9158051312469573,0.14594847442082792
1970-01-01 17:34:00,0.21016495502802715,-0.914593451850032,0.14566388881112816
1970-01-01 17:35:00,0.21038228297946557,-0.9136985761252102,0.1451499313418455
1970-01-01 17:36:00,0.21069148857032016,-0.9131688104724955,0.14439231215459974
1970-01-01 17:37:00,0.211096744033804,-0.913051047828787,0.1433794721399121
1970-01-01 17:38:00,0.2116009940939757,-0.9133898214646888,0.1421030588419726
1970-01-01 17:39:00,0.21220577803477805,-0.9142263003537008,0.14055839816370358
1970-01-01 17:40:00,0.21291105675580807,-0.9155972359490104,0.13874495418140995
1970-01-01 17:41:00,0.21371504799649696,-0.9175338719034928,0.1366667688247884
1970-01-01 17:42:00,0.2146140730773678,-0.9200608299461148,0.1343328727050561
1970-01-01 17:43:00,0.21560241863704832,-0.9231949867513273,0.13175765799805397
1970-01-01 17:44:00,0.2166722169301609,-0.9269443581723094,0.12896120402698258
1970-01-01 17:45:00,0.21781334828730795,-0.9313070086173609,0.12596954605728383
1970-01-01 17:46:00,0.21901336931786441,-0.9362700045950701,0.12281487782985122
1970-01-01 17:47:00,0.22025747035347806,-0.941808432503573,0.11953567853308188
1970-01-01 17:48:00,0.2215284654802208,-0.9478845015576078,0.11617675526288503
1970-01-01 17:49:00,0.22280681828651522,-0.954446753297023,0.11278919255475364
1970-01-01 17:50:00,0.22407070615924607,-0.9614293993626234,0.10943020130371303
1970-01-01 17:51:00,0.2252961255891373,-0.9687518091215314,0.1061628603242375
1970-01-01 17:52:00,0.2264570404964317,-0.9763181682401728,0.10305574494764326
1970-01-01 17:53:00,0.22752557505796164,-0.9840173284084356,0.10018243841005993
1970-01-01 17:54:00,0.22847225190705206,-0.991722867087683,0.09762092334764289
1970-01-01 17:55:00,0.22926627589098797,-0.9992933743677553,0.09545285248172523
1970-01-01 17:56:00,0.2298758628125179,-1.0065729817597853,0.093762699535954
1970-01-01 17:57:00,0.23026861175934427,-1.0133921450154508,0.09263679356687092
1970-01-01 17:58:00,0.23041191874667488,-1.0195686898509233,0.09216224219083599
1970-01-01 17:59:00,0.2302734284715491,-1.0249091257777991,0.09242575162993846
1970-01-01 18:00:00,0.22982152001473485,-1.0292102291258143,0.093512354048237
1970-01-01 18:01:00,0.2290258213397479,-1.0322608918116924,0.09550405527290227
1970-01-01 18:02:00,0.2278577464442538,-1.033844227501305,0.09847841865303911
1970-01-01 18:03:00,0.22629104803433914,-1.033739921577951,0.10250710345695292
1970-01-01 18:04:00,0.2243023776370766,-1.0317268058344402,0.10765437879577543
1970-01-01 18:05:00,0.22187184416398706,-1.027585633132357,0.11397563653212024
1970-01-01 18:06:00,0.2189835611115457,-1.0211020215119175,0.12151592892635071
1970-01-01 18:07:00,0.2156261718598841,-1.012069531495315,0.13030855882445955
1970-01-01 18:08:00,0.2117933419331945,-1.0002928347242217,0.14037375192944596
1970-01-01 18:09:00,0.20748420664192604,-0.9855909267421508,0.15171744204664903
1970-01-01 18:10:00,0.20270376226555342,-0.9678003318230279,0.16433020107437932
1970-01-01 18:11:00,0.19746318888392342,-0.9467782434190604,0.17818634584728738
1970-01-01 18:12:00,0.19178009315318373,-0.9224055402239211,0.19324325365944817
1970-01-01 18:13:00,0.18567865977683204,-0.8945896152005679,0.20944091732959452
1970-01-01 18:14:00,0.17918970117155505,-0.8632669533970189,0.22670176895055943
1970-01-01 18:15:00,0.1723505959003676,-0.8284053941709648,0.24493079890688602
1970-01-01 18:16:00,0.16520510787142312,-0.7900060147773231,0.26401599326267555
1970-01-01 18:17:00,0.15780308010733946,-0.7481045753584391,0.28382910813632806
1970-01-01 18:18:00,0.1501999991016828,-0.7027724704343365,0.3042267941200728
1970-01-01 18:19:00,0.14245642841811107,-0.6541171392414562,0.32505207710865386
1970-01-01 18:20:00,0.13463731327244347,-0.6022818969315098,0.34613619401966067
1970-01-01 18:21:00,0.1268111613843846,-0.547445160931573,0.3673007727728644
1970-01-01 18:22:00,0.11904910940616005,-0.4898190618936623,0.38836033551187216
1970-01-01 18:23:00,0.11142388873845947,-0.42964744683589606,0.4091250923726454
1970-01-01 18:24:00,0.10400870953429234,-0.36720330350043473,0.42940398011457986
1970-01-01 18:25:00,0.09687608711243983,-0.30278565965866117,0.4490078856620585
1970-01-01 18:26:00,0.09009664047146096,-0.23671603785879658,0.46775297939218197
1970-01-01 18:27:00,0.08373789709176561,-0.1693345698548309,0.48546406811212717
1970-01-01 18:28:00,0.07786314045063493,-0.10099588566562659,0.5019778656310893
1970-01-01 18:29:00,0.07253033612559139,-0.032064881208958076,0.5171460724618124
1970-01-01 18:30:00,0.06779116950255637,0.0370875609255447,0.5308381571319143
1970-01-01 18:31:00,0.06369022355455577,0.10608885469314688,0.5429437404174193
1970-01-01 18:32:00,0.06026431922095386,0.17456897353193254,0.5533745007493219
1970-01-01 18:33:00,0.05754203389896562,0.24216467043950982,0.5620655431786764
1970-01-01 18:34:00,0.05554340575827884,0.30852362194482175,0.568976202885682
1970-01-01 18:35:00,0.05427982312318949,0.3733084447321359,0.5740902840997175
1970-01-01 18:36:00,0.05375408940004527,0.4362005122534843,0.5774157639236501
1970-01-01 18:37:00,0.05396064614470971,0.4969034798826975,0.5789840149623274
1970-01-01 18:38:00,0.05488593147833465,0.5551464194624134,0.5788486170232253
1970-01-01 18:39:00,0.056508848967555966,0.6106864727234043,0.5770838342559872
1970-01-01 18:40:00,0.05880132263992876,0.663310955318316,0.5737828314680468
1970-01-01 18:41:00,0.06172891568136263,0.7128388713893393,0.5690556959005263
1970-01-01 18:42:00,0.06525149263295221,0.7591218263800764,0.563027321733036
1970-01-01 18:43:00,0.06932390728032993,0.8020443506728453,0.5558352054851142
1970-01-01 18:44:00,0.07389670090932274,0.8415236682153535,0.54762719166174
1970-01-01 18:45:00,0.07891679820272242,0.8775089627789572,0.538559199461612
1970-01-01 18:46:00,0.0843281907216299,0.9099802100897463,0.5287929531125569
1970-01-01 18:47:00,0.0900726005000815,0.9389466566581516,0.5184937306726465
1970-01-01 18:48:00,0.09609011845321928,0.9644450339842748,0.5078281401830552
1970-01-01 18:49:00,0.10231981352398846,0.9865375958042024,0.4969619305650968
1970-01-01 18:50:00,0.10870030848184747,1.0053100528257786,0.4860578497798586
1970-01-01 18:51:00,0.11517031768192222,1.020869457341064,0.4752735725263212
1970-01-01 18:52:00,0.12166914220187766,1.0333420688908908,0.4647597282204497
1970-01-01 18:53:00,0.12813711930050173,1.042871219240358,0.45465806266751935
1970-01-01 18:54:00,0.13451602563392234,1.049615189997157,0.44509976412249097
1970-01-01 18:55:00,0.14074943627433567,1.0537451148552641,0.4362039793624921
1970-01-01 18:56:00,0.14678304380817153,1.05544291754141,0.4280765401476345
1970-01-01 18:57:00,0.1525649434858467,1.054899295226112,0.42080891564322803
1970-01-01 18:58:00,0.1580458914786199,1.052311755521313,0.41447740194492727
1970-01-01 18:59:00,0.163179543745679,1.0478827134248656,0.4091425556215446
1970-01-01 19:00:00,0.16792268290347137,1.0418176528330492,0.40484887411083936
1970-01-01 19:01:00,0.1722354399485145,1.034323355617417,0.4016247219358433
1970-01-01 19:02:00,0.1760815168024781,1.0256061998301016,0.3994824981379627
1970-01-01 19:03:00,0.1794284144542962,1.015870527449974,0.3984190370792888
1970-01-01 19:04:00,0.18224766998856728,1.0053170812997778,0.39841623182963193
1970-01-01 19:05:00,0.18451510405087398,0.9941415104340214,0.39944186666679304
1970-01-01 19:06:00,0.18621107835550652,0.9825329434963646,0.4014506426960031
1970-01-01 19:07:00,0.18732076073490997,0.9706726303463545,0.40438537813310926
1970-01-01 19:08:00,0.1878343929921793,0.9587326537261893,0.40817836228059484
1970-01-01 19:09:00,0.18774755440047727,0.9468747149420266,0.4127528395420472
1970-01-01 19:10:00,0.18706141094467882,0.9352490004559927,0.4180245969402974
1970-01-01 19:11:00,0.18578293721802738,0.9239931394621889,0.42390362584383534
1970-01-01 19:12:00,0.183925094524561,0.9132312645814963,0.43029582691810897
1970-01-01 19:13:00,0.18150694602745768,0.9030731871092681,0.4371047278581982
1970-01-01 19:14:00,0.1785536888960449,0.8936136948858342,0.4442331862296497
1970-01-01 19:15:00,0.17509658508927647,0.884931977471568,0.4515850530219618
1970-01-01 19:16:00,0.17117277642513856,0.8770911827830016,0.45906677432602366
1970-01-01 19:17:00,0.1668249750191244,0.870138112308813,0.46658890831205235
1970-01-01 19:18:00,0.16210102623036832,0.8641030672625131,0.4740675330145661
1970-01-01 19:19:00,0.15705334752719663,0.8589998643699996,0.48142551793414506
1970-01-01 19:20:00,0.15173825299041516,0.8548260468830844,0.48859362941759343
1970-01-01 19:21:00,0.14621517927674957,0.851563322839708,0.4955114368025665
1970-01-01 19:22:00,0.14054583411488475,0.8491782653357876,0.502127985395907
1970-01-01 19:23:00,0.13479329158614406,0.8476233033435985,0.5084022067670317
1970-01-01 19:24:00,0.12902105853705323,0.8468380137944426,0.5143030484534464
1970-01-01 19:25:00,0.12329213383141255,0.846750701664035,0.5198093213524284
1970-01-01 19:26:00,0.11766807836942288,0.8472802353354449,0.5249092779355242
1970-01-01 19:27:00,0.11220811032489607,0.8483380956164557,0.5295999440888203
1970-01-01 19:28:00,0.10696823744795884,0.8498305947057859,0.5338862328557555
1970-01-01 19:29:00,0.10200043674270574,0.8516612177843882,0.5377798731756865
1970-01-01 19:30:00,0.0973518914575751,0.8537330309119407,0.5412981927001226
1970-01-01 19:31:00,0.09306429575453172,0.8559510886675945,0.5444627994082436
1970-01-01 19:32:00,0.08917323787585865,0.8582247701637712,0.5472982094122062
1970-01-01 19:33:00,0.08570767259188694,0.8604699747268534,0.549830467362232
1970-01-01 19:34:00,0.08268949318575824,0.8626111158093488,0.5520858026444966
1970-01-01 19:35:00,0.08013321231942744,0.8645828603163412,0.5540893606736957
1970-01-01 19:36:00,0.07804575978894086,0.866331569159236,0.5558640446599755
1970-01-01 19:37:00,0.07642640337606207,0.8678164033409724,0.5574294992622352
1970-01-01 19:38:00,0.07526679683717837,0.8690100683161343,0.558801263332759
1970-01-01 19:39:00,0.0745511567258888,0.8698991778118688,0.5599901143899977
1970-01-01 19:40:00,0.07425656739738767,0.8704842267475461,0.561001622531342
1970-01-01 19:41:00,0.07435341130279202,0.8707791713434613,0.5618359262735364
1970-01-01 19:42:00,0.07480591958516376,0.870810622961697,0.5624877373353752
1970-01-01 19:43:00,0.07557283600972854,0.8706166706795117,0.5629465757043196
1970-01-01 19:44:00,0.07660818534121565,0.8702453560576314,0.5631972305119145
1970-01-01 19:45:00,0.07786213535456003,0.869752832034933,0.5632204363286258
1970-01-01 19:46:00,0.07928193967277243,0.8692012463672176,0.5629937484995976
1970-01-01 19:47:00,0.08081294653935674,0.8686563985448458,0.5624925950864171
1970-01-01 19:48:00,0.08239965646973531,0.8681852276801111,0.5616914768703392
1970-01-01 19:49:00,0.08398680954460701,0.8678531974469097,0.5605652807456608
1970-01-01 19:50:00,0.08552048097636414,0.8677216527709073,0.5590906657390246
1970-01-01 19:51:00,0.08694916154154914,0.8678452315756359,0.5572474748812447
1970-01-01 19:52:00,0.08822479756971188,0.8682694230721556,0.5550201204412647
1970-01-01 19:53:00,0.08930376362185477,0.8690283698609452,0.5523988855601383
1970-01-01 19:54:00,0.09014774046091777,0.8701430104073485,0.5493810841156616
1970-01-01 19:55:00,0.09072447261328696,0.871619647878072,0.545972024459296
1970-01-01 19:56:00,0.0910083847750249,0.873449012144693,0.5421857310467528
1970-01-01 19:57:00,0.09098104434280573,0.8756058589735868,0.5380453887089125
1970-01-01 19:58:00,0.09063146672337184,0.8780491282668673,0.5335834856080105
1970-01-01 19:59:00,0.08995626835203265,0.8807226627806595,0.5288416423545834
1970-01-01 20:00:00,0.08895967772469979,0.8835564681698366,0.5238701266437865
1970-01-01 20:01:00,0.08765341696551139,0.8864684721512427,0.5187270653789909
1970-01-01 20:02:00,0.08605646655372379,0.889366716833766,0.5134773787544914
1970-01-01 20:03:00,0.08419472508866792,0.8921519001542167,0.508191471156321
1970-01-01 20:04:00,0.08210057511009099,0.8947201742397927,0.5029437206580674
1970-01-01 20:05:00,0.07981236521564126,0.8969661086053438,0.4978108129607025
1970-01-01 20:06:00,0.07737381809479212,0.8987857298345382,0.49286996836796587
1970-01-01 20:07:00,0.07483337377699985,0.9000795539102266,0.48819711251299375
1970-01-01 20:08:00,0.07224347744100032,0.900755532058335,0.4838650426136873
1970-01-01 20:09:00,0.06965982130396231,0.9007318362962681,0.4799416402025786
1970-01-01 20:10:00,0.06714054996765026,0.8999394173010701,0.47648817822213957
1970-01-01 20:11:00,0.06474543794676986,0.8983242747147627,0.47355776556209833
1970-01-01 20:12:00,0.06253504715569372,0.8958493881683672,0.47119396637429256
1970-01-01 20:13:00,0.06056987125491848,0.8924962657437168,0.4694296254943085
1970-01-01 20:14:00,0.05890947321619398,0.8882660751378714,0.46828592536649155
1970-01-01 20:15:00,0.05761162236547295,0.8831803314323562,0.4677716941260877
1970-01-01 20:16:00,0.05673143752244708,0.8772811241454086,0.4678829789151278
1970-01-01 20:17:00,0.056320543610603485,0.870630875236854,0.4686028929934279
1970-01-01 20:18:00,0.05642625012976034,0.8633116290227149,0.4699017396494993
1970-01-01 20:19:00,0.057090761018345614,0.8554238846043133,0.4717374102641251
1970-01-01 20:20:00,0.0583504265972214,0.8470849914692421,0.47405604811772084
1970-01-01 20:21:00,0.06023504947607969,0.8384271394132256,0.47679296365337365
1970-01-01 20:22:00,0.06276725755776562,0.8295949848945819,0.4798737808864288
1970-01-01 20:23:00,0.06596195865524104,0.8207429671864108,0.48321578854582453
1970-01-01 20:24:00,0.06982589286340138,0.8120323778554883,0.4867294639338674
1970-01-01 20:25:00,0.0743573007654349,0.8036282525961786,0.4903201339872412
1970-01-01 20:26:00,0.0795457272693615,0.7956961517271808,0.49388973826144916
1970-01-01 20:27:00,0.08537198092861434,0.7883988864365887,0.49733866196252646
1970-01-01 20:28:00,0.0918082655195049,0.7818932399056605,0.5005676104685435
1970-01-01 20:29:00,0.0988184942382885,0.7763267326510893,0.5034794969880043
1970-01-01 20:30:00,0.10635878828021737,0.7718344901847946,0.5059813117198926
1970-01-01 20:31:00,0.11437815202210551,0.768536284568027,0.5079859355447457
1970-01-01 20:32:00,0.12281930719805881,0.7665338359144069,0.5094138553705683
1970-01-01 20:33:00,0.13161965888703783,0.7659084713842318,0.5101947334448451
1970-01-01 20:34:00,0.14071235804990354,0.7667192413306825,0.5102687818921959
1970-01-01 20:35:00,0.15002742058490665,0.7690015793710261,0.5095878988060395
1970-01-01 20:36:00,0.1594928626318837,0.7727665663452461,0.5081165329809633
1970-01-01 20:37:00,0.1690358155128881,0.7780008234700045,0.5058322582420771
1970-01-01 20:38:00,0.17858358910497898,0.7846670215734174,0.5027260535512779
1970-01-01 20:39:00,0.1880646578357263,0.7927049545539566,0.4988023004855247
1970-01-01 20:40:00,0.1974095486765884,0.8020330944060529,0.4940785225250657
1970-01-01 20:41:00,0.20655161601398692,0.8125505303350204,0.4885848979827241
1970-01-01 20:42:00,0.21542769411757212,0.8241391948868494,0.482363580449255
1970-01-01 20:43:00,0.22397862359865162,0.8366662883528522,0.47546785977971046
1970-01-01 20:44:00,0.23214965333912418,0.8499868230296572,0.4679611949336671
1970-01-01 20:45:00,0.23989072368952127,0.8639462191243473,0.45991614802244957
1970-01-01 20:46:00,0.24715664018518754,0.8783828939546012,0.4514132465879622
1970-01-01 20:47:00,0.2539071495524737,0.8931307956344765,0.4425397982806651
1970-01-01 20:48:00,0.26010693140213054,0.908021841582894,0.43338867879973486
1970-01-01 20:49:00,0.26572551985096016,0.9228882307788921,0.42405711050865114
1970-01-01 20:50:00,0.2707371695036724,0.9375646065493699,0.41464544588098234
1970-01-01 20:51:00,0.27512067985226635,0.9518900537091378,0.4052559670820126
1970-01-01 20:52:00,0.27885919130122944,0.9657099200373802,0.3959917106145743
1970-01-01 20:53:00,0.281939964914481,0.9788774573469963,0.38695532398182764
1970-01-01 20:54:00,0.2843541569448801,0.9912552817609165,0.37824795960283664
1970-01-01 20:55:00,0.28609659849907376,1.0027166562526004,0.36996820965195043
1970-01-01 20:56:00,0.2871655902472566,1.01314660108904,0.3622110840993618
1970-01-01 20:57:00,0.2875627216107673,1.0224428396228173,0.3550670331335043
1970-01-01 20:58:00,0.2872927230580315,1.030516588005205,0.34862101447964694
1970-01-01 20:59:00,0.2863633588419848,1.037293197920114,0.3429516059471681
1970-01-01 21:00:00,0.2847853656825276,1.0427126614570665,0.3381301637824104
1970-01-01 21:01:00,0.28257244063268355,1.0467299868297353,0.3342200279469959
1970-01-01 21:02:00,0.2797412788451099,1.0493154528614304,0.3312757761822611
1970-01-01 21:03:00,0.2763116593371467,1.0504547490433056,0.32934252963554383
1970-01-01 21:04:00,0.2723065742419988,1.0501490065754124,0.32845531392405447
1970-01-01 21:05:00,0.26775239451445615,1.048414724188179,0.3286384807852217
1970-01-01 21:06:00,0.2626790627350821,1.0452835907799756,0.32990519686582964
1970-01-01 21:07:00,0.25712030164773997,1.0408022050666905,0.33225700766377125
1970-01-01 21:08:00,0.2511138254661092,1.0350316906101058,0.335683486042066
1970-01-01 21:09:00,0.24470153982151016,1.0280472028815328,0.340161975952131
1970-01-01 21:10:00,0.23792971546189964,1.0199373235335534,0.3456574429475222
1970-01-01 21:11:00,0.2308491204070774,1.0108033358842223,0.3521224437283528
1970-01-01 21:12:00,0.2235150952098441,1.0007583748372375,0.3594972273333102
1970-01-01 21:13:00,0.21598755629359162,0.9899264441362521,0.3677099806571931
1970-01-01 21:14:00,0.2083309130738171,0.9784412940441073,0.3766772306612268
1970-01-01 21:15:00,0.20061388576234124,0.9664451533023125,0.38630441490917167
1970-01-01 21:16:00,0.19290921242021544,0.9540873106150312,0.3964866308502766
1970-01-01 21:17:00,0.18529323596832406,0.9415225429710729,0.4071095725114847
1970-01-01 21:18:00,0.17784536447549804,0.9289093909190543,0.4180506608809288
1970-01-01 21:19:00,0.17064740111798404,0.9164082844857065,0.42918037119289065
1970-01-01 21:20:00,0.16378274371450613,0.9041795278151821,0.44036375647499165
1970-01-01 21:21:00,0.1573354575843366,0.8923811558673831,0.45146216195499084
1970-01-01 21:22:00,0.15138922947535005,0.8811666827122071,0.4623351191082378
1970-01-01 21:23:00,0.14602621433287238,0.8706827681110393,0.4728424012526974
1970-01-01 21:24:00,0.14132579073975668,0.8610668371237324,0.4828462148360582
1970-01-01 21:25:00,0.13736324504982617,0.8524446963237284,0.4922134920996289
1970-01-01 21:26:00,0.13420840862882996,0.8449281995762304,0.500818241827566
1970-01-01 21:27:00,0.13192427719131217,0.8386130247595723,0.5085439061831616
1970-01-01 21:28:00,0.1305656457178108,0.8335766262598929,0.5152856654735242
1970-01-01 21:29:00,0.1301777960631365,0.8298764218475703,0.5209526319982176
1970-01-01 21:30:00,0.13079527585089293,0.8275482573591155,0.5254698793136531
1970-01-01 21:31:00,0.13244080559712795,0.8266051769248608,0.5287802605414322
1970-01-01 21:32:00,0.13512434633272175,0.8270365192110792,0.5308459741522265
1970-01-01 21:33:00,0.1388423534422802,0.8288073619580076,0.5316498368980029
1970-01-01 21:34:00,0.1435772353607937,0.831858340276878,0.5311962243229259
1970-01-01 21:35:00,0.14929702919531707,0.8361058593596489,0.5295116438642026
1970-01-01 21:36:00,0.15595529992384186,0.8414427064680943,0.5266449157171625
1970-01-01 21:37:00,0.16349126581377604,0.8477390471435764,0.5226669498456951
1970-01-01 21:38:00,0.1718301498472897,0.8548437768125587,0.517670119437303
1970-01-01 21:39:00,0.1808837546548901,0.8625861952969415,0.5117672396651735
1970-01-01 21:40:00,0.19055125617251778,0.8707779747405204,0.5050901667011666
1970-01-01 21:41:00,0.20072020860535744,0.8792153966126108,0.4977880370573658
1970-01-01 21:42:00,0.21126775016240215,0.88768183861589,0.4900251722963639
1970-01-01 21:43:00,0.22206199548721553,0.895950496430976,0.48197867927079535
1970-01-01 21:44:00,0.23296359722982207,0.9037873266319957,0.473835781656512
1970-01-01 21:45:00,0.24382745670685704,0.9109541942889366,0.4657909246818775
1970-01-01 21:46:00,0.25450456277052735,0.9172122018822076,0.45804270108686507
1970-01-01 21:47:00,0.26484393839136294,0.9223251668985001,0.45079065166210325
1970-01-01 21:48:00,0.27469467468436654,0.9260632061133488,0.4442319974217058
1970-01-01 21:49:00,0.2839080312620464,0.9282063772014411,0.4385583618130104
1970-01-01 21:50:00,0.29233958017412703,0.9285483234373266,0.4339525404156179
1970-01-01 21:51:00,0.29985136912487825,0.9268998633535268,0.4305853735099936
1970-01-01 21:52:00,0.3063140785101558,0.9230924636581466,0.428612774531393
1970-01-01 21:53:00,0.3116091456821069,0.9169815322291032,0.4281729642073429
1970-01-01 21:54:00,0.315630828023575,0.9084494701220854,0.4293839553511391
1970-01-01 21:55:00,0.31828817353929867,0.8974084265770221,0.4323413271010476
1970-01-01 21:56:00,0.3195068639159948,0.8838027073775295,0.43711632066952255
1970-01-01 21:57:00,0.3192308908797411,0.8676107932264937,0.4437542821411628
1970-01-01 21:58:00,0.3174240231210202,0.8488469294878458,0.4522734723548278
1970-01-01 21:59:00,0.3140710195993861,0.8275622504120516,0.462664260248375
1970-01-01 22:00:00,0.3091785472014091,0.803845400433804,0.4748887142722862
1970-01-01 22:01:00,0.3027757667987842,0.7778226148113088,0.48888060556799173
1970-01-01 22:02:00,0.29491456052194687,0.7496572238727763,0.5045458353363744
1970-01-01 22:03:00,0.2856693829322025,0.7195485498279325,0.5217632965829558
1970-01-01 22:04:00,0.2751367288233386,0.6877301720472034,0.5403861771019409
1970-01-01 22:05:00,0.2634342202862049,0.6544675457532704,0.5602437060271684
1970-01-01 22:06:00,0.2506993250605205,0.6200549705272758,0.5811433401521789
1970-01-01 22:07:00,0.23708772645182358,0.5848119194363275,0.6028733779663819
1970-01-01 22:08:00,0.22277137174102096,0.5490787573155718,0.6252059786273932
1970-01-01 22:09:00,0.20793623124132493,0.5132118977402006,0.6479005499896225
1970-01-01 22:10:00,0.19277980472659387,0.4775784721310889,0.6707074547160902
1970-01-01 22:11:00,0.17750841668566147,0.4425506107372876,0.6933719668242759
1970-01-01 22:12:00,0.16233434712477313,0.40849946261137093,0.7156383935638521
1970-01-01 22:13:00,0.14747285002673635,0.3757891063782076,0.7372542615934151
1970-01-01 22:14:00,0.13313911576070872,0.344770519225753,0.7579744561506222
1970-01-01 22:15:00,0.11954523509690687,0.3157757729807565,0.7775652011158931
1970-01-01 22:16:00,0.10689722026301872,0.28911261394295285,0.7958077769040852
1970-01-01 22:17:00,0.09539213335346088,0.26505956260579194,0.8125018885637035
1970-01-01 22:18:00,0.08521536579831873,0.2438616454254096,0.8274686141005504
1970-01-01 22:19:00,0.0765381057823305,0.22572684576451865,0.8405528803984246
1970-01-01 22:20:00,0.06951502425715128,0.21082333615835688,0.8516254304954393
1970-01-01 22:21:00,0.06428220481184188,0.19927752989416858,0.860584261392346
1970-01-01 22:22:00,0.060955337971494224,0.19117296662507413,0.8673555260682109
1970-01-01 22:23:00,0.0596281960137457,0.18655002393568457,0.8718939070046952
1970-01-01 22:24:00,0.06037139979511586,0.1854064242320744,0.8741824813980119
1970-01-01 22:25:00,0.06323148445068416,0.18769848436025627,0.8742321104596239
1970-01-01 22:26:00,0.06823026683504078,0.1933430355198802,0.872080396277275
1970-01-01 22:27:00,0.07536451557850436,0.2022199272004469,0.8677902577990467
1970-01-01 22:28:00,0.08460592598435651,0.2141750251872086,0.861448180227145
1970-01-01 22:29:00,0.09590140608194961,0.229023618545703,0.8531621896271808
1970-01-01 22:30:00,0.10917368372690335,0.24655415463055233,0.8430596011479456
1970-01-01 22:31:00,0.12432224435593313,0.26653221650699954,0.831284589417638
1970-01-01 22:32:00,0.1412246042805621,0.2887046467975819,0.8179956329824168
1970-01-01 22:33:00,0.15973791698697518,0.3128037174827171,0.803362886203847
1970-01-01 22:34:00,0.1797009016581518,0.3385512548541937,0.7875655279250293
1970-01-01 22:35:00,0.20093607519016735,0.36566265091101957,0.7707891268860881
1970-01-01 22:36:00,0.22325226189732003,0.39385071842453706,0.7532230528716374
1970-01-01 22:37:00,0.24644734848979205,0.42282936657738157,0.7350579542033829
1970-01-01 22:38:00,0.27031124439602444,0.45231708000652837,0.7164833197679733
1970-01-01 22:39:00,0.29462899810145854,0.48204017696252793,0.6976851472339137
1970-01-01 22:40:00,0.3191840094504957,0.5117358124349263,0.678843744139721
1970-01-01 22:41:00,0.3437612675517546,0.541154689942354,0.6601316904230684
1970-01-01 22:42:00,0.3681505362633914,0.5700634517222744,0.641711989101911
1970-01-01 22:43:00,0.39214940679837873,0.5982467246603408,0.6237364285692698
1970-01-01 22:44:00,0.41556614169214223,0.6255088048540448,0.606344176437961
1970-01-01 22:45:00,0.4382222455717036,0.6516749691193472,0.5896606202327325
1970-01-01 22:46:00,0.4599547127325101,0.6765924091518662,0.5737964640898668
1970-01-01 22:47:00,0.4806179163083884,0.700130792750015,0.5588470839315159
1970-01-01 22:48:00,0.5000851173218045,0.722182464755237,0.5448921374256287
1970-01-01 22:49:00,0.5182495838844916,0.7426623072552212,0.5319954198742933
1970-01-01 22:50:00,0.535025321318301,0.7615072840487325,0.5202049529876774
1970-01-01 22:51:00,0.5503474229464572,0.7786756986087708,0.5095532901398252
1970-01-01 22:52:00,0.5641720587326458,0.7941461980403548,0.5000580190107897
1970-01-01 22:53:00,0.5764761248992324,0.8079165579091321,0.4917224404363734
1970-01-01 22:54:00,0.5872565823308001,0.8200022842759729,0.48453640083939603
1970-01-01 22:55:00,0.5965295151872227,0.830435069750299,0.47847725482835757
1970-01-01 22:56:00,0.6043289438800956,0.8392611398922967,0.47351093438127606
1970-01-01 22:57:00,0.6107054284768257,0.846539524989136,0.4695931013827827
1970-01-01 22:58:00,0.615724499637287,0.8523402903664055,0.46667036099358994
1970-01-01 22:59:00,0.6194649542448378,0.8567427562981179,0.46468151422203363
1970-01-01 23:00:00,0.6220170519505422,0.85983373645337,0.4635588290343148
1970-01-01 23:01:00,0.6234806470992373,0.8617058216229097,0.46322931043431576
1970-01-01 23:02:00,0.623963288255955,0.8624557330209018,0.46361595129732014
1970-01-01 23:03:00,0.6235783150399969,0.8621827666539431,0.4646389474151507
1970-01-01 23:04:00,0.6224429793149192,0.8609873471468656,0.46621686213909647
1970-01-01 23:05:00,0.6206766150303965,0.8589697061394337,0.4682677280737614
1970-01-01 23:06:00,0.6183988782176815,0.8562286970294758,0.4707100753822827
1970-01-01 23:07:00,0.6157280758512046,0.8528607545192473,0.47346387834333825
1970-01-01 23:08:00,0.6127795995348685,0.8489590041985607,0.4764514137943836
1970-01-01 23:09:00,0.6096644772813018,0.8446125243312421,0.47959802695635545
1970-01-01 23:10:00,0.6064880540826536,0.839905759114075,0.48283280185445454
1970-01-01 23:11:00,0.6033488095977613,0.8349180799211469,0.4860891351648219
1970-01-01 23:12:00,0.6003373191456765,0.8297234884245426,0.4893052138627704
1970-01-01 23:13:00,0.5975353622947581,0.8243904530458448,0.4924243985044419
1970-01-01 23:14:00,0.5950151816575748,0.8189818680100356,0.495395515274448
1970-01-01 23:15:00,0.5928388930465792,0.8135551223839963,0.4981730610194661
1970-01-01 23:16:00,0.5910580468984585,0.8081622649130878,0.500717326343771
1970-01-01 23:17:00,0.5897133397748459,0.802850249270468,0.502994442475834
1970-01-01 23:18:00,0.5888344737157929,0.7976612435621424,0.5049763580352691
1970-01-01 23:19:00,0.5884401602322793,0.7926329875934786,0.506640752047179
1970-01-01 23:20:00,0.5885382648175386,0.7877991814325486,0.5079708895973075
1970-01-01 23:21:00,0.5891260870838904,0.7831898891156519,0.5089554264489475
1970-01-01 23:22:00,0.5901907709855045,0.7788319418939346,0.5095881688001594
1970-01-01 23:23:00,0.591709839013146,0.7747493262320244,0.5098677941725799
1970-01-01 23:24:00,0.5936518436788727,0.770963542865432,0.5097975391973838
1970-01-01 23:25:00,0.5959771289872499,0.767493924614263,0.5093848598053978
1970-01-01 23:26:00,0.5986386938610934,0.7643579023384116,0.5086410690494154
1970-01-01 23:27:00,0.6015831485962476,0.761571210416653,0.5075809574969771
1970-01-01 23:28:00,0.6047517543021748,0.7591480254608576,0.506222400834026
1970-01-01 23:29:00,0.6080815339209037,0.7571010346220343,0.5045859590318933
1970-01-01 23:30:00,0.611506441845502,0.7554414327268111,0.5026944711993844
1970-01-01 23:31:00,0.6149585774383186,0.7541788505017789,0.5005726501199285
1970-01-01 23:32:00,0.6183694258958349,0.7533212192414481,0.49824668048848764
1970-01-01 23:33:00,0.6216711078947444,0.7528745804411666,0.4957438250223957
1970-01-01 23:34:00,0.624797617258096,0.7528428521197859,0.4930920429328565
1970-01-01 23:35:00,0.6276860235795331,0.7532275665824933,0.4903196257269395
1970-01-01 23:36:00,0.6302776147224646,0.7540275966369674,0.4874548559202808
1970-01-01 23:37:00,0.63251895316883,0.7552388880470206,0.4845256946957047
1970-01-01 23:38:00,0.6343628211660768,0.756854215082409,0.4815595043134222
1970-01-01 23:39:00,0.6357690326762877,0.758862973981847,0.47858280981109813
1970-01-01 23:40:00,0.6367050945523699,0.7612510267895539,0.47562110245727873
1970-01-01 23:41:00,0.6371467041544653,0.7640006057841473,0.4726986851545197
1970-01-01 23:42:00,0.6370780751662062,0.7670902866377766,0.4698385580080219
1970-01-01 23:43:00,0.6364920875659168,0.7704950364152856,0.4670623407267447
1970-01-01 23:44:00,0.6353902616742209,0.7741863404208772,0.4643902273698989
1970-01-01 23:45:00,0.6337825600652579,0.7781324096299227,0.46184096812967707
1970-01-01 23:46:00,0.6316870249695349,0.7822984679622332,0.4594318722977727
1970-01-01 23:47:00,0.6291292626306928,0.7866471159749434,0.4571788262444205
1970-01-01 23:48:00,0.6261417898352741,0.7911387647826361,0.4550963200918286
1970-01-01 23:49:00,0.6227632613452581,0.7957321313381953,0.45319747676176986
1970-01-01 23:50:00,0.619037600024846,0.8003847838165021,0.4514940772521729
1970-01-01 23:51:00,0.6150130538632169,0.8050537238618758,0.4499965764553346
1970-01-01 23:52:00,0.6107412055818776,0.8096959910339971,0.4487141046962896
1970-01-01 23:53:00,0.6062759607503057,0.8142692741333718,0.44765445147837385
1970-01-01 23:54:00,0.6016725391617437,0.8187325143565931,0.44682402955285533
1970-01-01 23:55:00,0.5969864918371764,0.8230464863436676,0.4462278191689548
1970-01-01 23:56:00,0.5922727628547263,0.8271743448622577,0.44586929404419107
1970-01-01 23:57:00,0.5875848116688,0.8310821268142377,0.44575033218126153
1970-01-01 23:58:00,0.582973807999629,0.8347392001974601,0.44587111619460956
1970-01-01 23:59:00,0.5784879079325211,0.8381186534609091,0.4462300293315886
1970-01-02 00:00:00,0.5741716167219794,0.84119762030035,0.4468235547643327
1970-01-02 00:01:00,0.5700652411925388,0.8439575363470254,0.44764618662159056
1970-01-02 00:02:00,0.5662044328650851,0.8463843254030661,0.44869036116018424
1970-01-02 00:03:00,0.5626198220791944,0.8484685138935062,0.44994641532591967
1970-01-02 00:04:00,0.5593367430481625,0.850205273126381,0.4514025781636719
1970-01-02 00:05:00,0.5563750493616622,0.8515943899448939,0.45304499872256043
1970-01-02 00:06:00,0.5537490185282995,0.852640167568648,0.4548578125699371
1970-01-02 00:07:00,0.5514673427104866,0.8533512598819624,0.45682324772150584
1970-01-02 00:08:00,0.549533201089868,0.8537404440408629,0.4589217695402665
1970-01-02 00:09:00,0.5479444075826213,0.8538243379064717,0.4611322628314959
1970-01-02 00:10:00,0.5466936260809196,0.853623070376118,0.4634322479139371
1970-01-02 00:11:00,0.5457686441252112,0.8531599141136245,0.46579812587811287
1970-01-02 00:12:00,0.5451526949872265,0.8524608913654976,0.46820544663292246
1970-01-02 00:13:00,0.5448248177206079,0.8515543642053345,0.4706291919422368
1970-01-02 00:14:00,0.5447602450410324,0.8504706202835848,0.47304406487521866
1970-01-02 00:15:00,0.5449308100097708,0.8492414638227409,0.47542477727466936
1970-01-02 00:16:00,0.5453053641724694,0.8478998194953041,0.4777463279700582
1970-01-02 00:17:00,0.545850201628551,0.846479354487848,0.47998426615542855
1970-01-02 00:18:00,0.5465294851401076,0.8450141219064461,0.4821149361574916
1970-01-02 00:19:00,0.5473056716653981,0.8435382269322848,0.48411570140717564
1970-01-02 00:20:00,0.5481399355707234,0.8420855158761158,0.4859651466412024
1970-01-02 00:21:00,0.5489925882682017,0.8406892874884352,0.48764325817946963
1970-01-02 00:22:00,0.5498234932503369,0.8393820254459687,0.48913158262807915
1970-01-02 00:23:00,0.5505924755777196,0.838195150702907,0.4904133646596991
1970-01-02 00:24:00,0.5512597249157817,0.8371587922564852,0.4914736647071225
1970-01-02 00:25:00,0.5517861912311156,0.8363015747891243,0.4922994575190988
1970-01-02 00:26:00,0.5521339722290706,0.8356504216090718,0.492879712601739
1970-01-02 00:27:00,0.55226669152735,0.8352303713193341,0.4932054576255143
1970-01-02 00:28:00,0.5521498664176995,0.835064406701857,0.49326982591714635
1970-01-02 00:29:00,0.5517512638870783,0.8351732944119848,0.4930680891580271
1970-01-02 00:30:00,0.5510412433671881,0.8355754342464808,0.49259767634559815
1970-01-02 00:31:00,0.5499930844333479,0.8362867170156192,0.49185817990467856
1970-01-02 00:32:00,0.5485832973052639,0.8373203904807328,0.4908513495371481
1970-01-02 00:33:00,0.5467919134522883,0.8386869334460652,0.48958107398582257
1970-01-02 00:34:00,0.5446027529132448,0.8403939388639343,0.48805335042133424
1970-01-02 00:35:00,0.542003664237972,0.8424460076052965,0.4862762407135622
1970-01-02 00:36:00,0.5389867323689266,0.8448446552596655,0.4842598134749088
1970-01-02 00:37:00,0.5355484493455668,0.8475882349270872,0.48201607047750544
1970-01-02 00:38:00,0.5316898424088239,0.850671879470157,0.47955885584029084
1970-01-02 00:39:00,0.5274165539020028,0.8540874671108415,0.47690374625165316
1970-01-02 00:40:00,0.5227388673589641,0.8578236145400495,0.4740679204647454
1970-01-02 00:41:00,0.5176716744102025,0.8618657017976593,0.4710700064114172
1970-01-02 00:42:00,0.5122343776527819,0.8661959330564194,0.46792990453972244
1970-01-02 00:43:00,0.5064507254122067,0.8707934371185501,0.46466858638350267
1970-01-02 00:44:00,0.5003485753754624,0.8756344109060441,0.46130786792869216
1970-01-02 00:45:00,0.49395958543389434,0.8806923084529114,0.45787015808414105
1970-01-02 00:46:00,0.4873188317930553,0.8859380768381142,0.45437818353854204
1970-01-02 00:47:00,0.48046435651400105,0.8913404391040068,0.45085469251648047
1970-01-02 00:48:00,0.47343664915169104,0.8968662224901217,0.4473221414286501
1970-01-02 00:49:00,0.466278070037763,0.9024807283022152,0.4438023701040754
1970-01-02 00:50:00,0.4590322259886367,0.9081481374686762,0.4403162731453093
1970-01-02 00:51:00,0.45174331275043245,0.9138319433594551,0.43688347690475615
1970-01-02 00:52:00,0.4444554420776453,0.9194954009325658,0.4335220334577573
1970-01-02 00:53:00,0.43721197422017244,0.9251019792787218,0.43024814419825574
1970-01-02 00:54:00,0.4300548775253418,0.9306158040347577,0.4270759254565267
1970-01-02 00:55:00,0.4230241350597577,0.9360020774476877,0.42401722636437067
1970-01-02 00:56:00,0.41615721422338237,0.9412274665759871,0.4210815056208065
1970-01-02 00:57:00,0.40948861083791643,0.9462604530411335,0.41827577007597394
1970-01-02 00:58:00,0.4030494752999447,0.9510716401207729,0.41560457508735027
1970-01-02 00:59:00,0.39686732522960627,0.9556340148158445,0.4130700845676213
1970-01-02 01:00:00,0.3909658463027322,0.9599231641011786,0.4106721872420076
1970-01-02 01:01:00,0.3853647804786821,0.9639174459659293,0.4084086645856054
1970-01-02 01:02:00,0.3800798986704719,0.9675981170010443,0.40627540511299637
1970-01-02 01:03:00,0.3751230531059245,0.9709494191429711,0.40426665913780147
1970-01-02 01:04:00,0.3705023032080766,0.9739586287352355,0.40237532780273566
1970-01-02 01:05:00,0.3662221077577748,0.9766160713555259,0.4005932800519954
1970-01-02 01:06:00,0.3622835753673011,0.9789151059227035,0.39891169119383024
1970-01-02 01:07:00,0.35868476487113704,0.9808520814953589,0.39732139668747396
1970-01-02 01:08:00,0.35542102707060585,0.9824262699556614,0.3958132547165653
1970-01-02 01:09:00,0.3524853792250073,0.9836397774998346,0.394378510973972
1970-01-02 01:10:00,0.3498689036282004,0.9844974375771277,0.39300915892457633
1970-01-02 01:11:00,0.34756116151696403,0.9850066876400478,0.3916982886812893
1970-01-02 01:12:00,0.3455506135172145,0.9851774317569219,0.39044041756087944
1970-01-02 01:13:00,0.34382503795851954,0.9850218907529696,0.3892317954205406
1970-01-02 01:14:00,0.34237193872913974,0.9845544410676361,0.38807067806453016
1970-01-02 01:15:00,0.34117893490138396,0.9837914429465423,0.3869575623949476
1970-01-02 01:16:00,0.34023412509540735,0.9827510579507928,0.3858953775685012
1970-01-02 01:17:00,0.3395264204056326,0.9814530551127015,0.3848896271734403
1970-01-02 01:18:00,0.3390458406257667,0.9799186044506837,0.3839484782919916
1970-01-02 01:19:00,0.33878376944064476,0.9781700560226666,0.3830827941941717
1970-01-02 01:20:00,0.3387331651639738,0.9762307022893258,0.3823061082645643
1970-01-02 01:21:00,0.3388887244115036,0.9741245213175205,0.38163453758444366
1970-01-02 01:22:00,0.3392469967437249,0.9718758982997212,0.3810866354167112
1970-01-02 01:23:00,0.3398064488062436,0.9695093229828788,0.3806831827096414
1970-01-02 01:24:00,0.34056747691945755,0.9670490608598094,0.3804469196546308
1970-01-02 01:25:00,0.3415323674912719,0.9645187963508145,0.380402219312483
1970-01-02 01:26:00,0.34270520506734614,0.9619412466783939,0.3805747063925431
1970-01-02 01:27:00,0.344091728290915,0.9593377457132767,0.3809908254387256
1970-01-02 01:28:00,0.3456991345261554,0.9567277977535342,0.3816773639101691
1970-01-02 01:29:00,0.34753583439543617,0.9541286020043794,0.3826609368940579
1970-01-02 01:30:00,0.3496111579170401,0.951554549483449,0.3839674414270891
1970-01-02 01:31:00,0.3519350141982599,0.9490166952236292,0.3856214896115285
1970-01-02 01:32:00,0.3545175067011747,0.9465222099923366,0.38764583085399573
1970-01-02 01:33:00,0.3573685060831399,0.9440738172042528,0.39006077455208316
1970-01-02 01:34:00,0.3604971828717311,0.941669222053878,0.3928836252628037
1970-01-02 01:35:00,0.3639115032201138,0.9393005409287372,0.39612814262531204
1970-01-02 01:36:00,0.36761769289578694,0.9369537399485143,0.39980403797982583
1970-01-02 01:37:00,0.3716196771791425,0.9346080923374716,0.4039165188021449
1970-01-02 01:38:00,0.3759185069417619,0.9322356655430335,0.40846589093783314
1970-01-02 01:39:00,0.3805117834536397,0.9298008505796032,0.413447227317619
1970-01-02 01:40:00,0.38539309630747554,0.9272599479027588,0.4188501104217909
1970-01-02 01:41:00,0.390551490238866,0.9245608261453183,0.4246584542146479
1970-01-02 01:42:00,0.39597097756986294,0.921642672269632,0.43085040952498344
1970-01-02 01:43:00,0.40163011351746714,0.918435854119203,0.4373983548348738
1970-01-02 01:44:00,0.40750165169724256,0.9148619189899917,0.44426897211116856
1970-01-02 01:45:00,0.413552296805906,0.9108337546886619,0.45142340465994435
1970-01-02 01:46:00,0.41974257064549103,0.9062559426152299,0.45881749100027924
1970-01-02 01:47:00,0.4260268063018083,0.9010253357345274,0.4664020654085487
1970-01-02 01:48:00,0.4323532833782165,0.8950318979266532,0.47412331202032265
1970-01-02 01:49:00,0.43866451472521156,0.8881598451631559,0.4819231551392161
1970-01-02 01:50:00,0.44489769211778246,0.8802891329641256,0.4897396637901767
1970-01-02 01:51:00,0.4509852946359947,0.8712973365630879,0.4975074445211534
1970-01-02 01:52:00,0.45685585842553184,0.8610619641629356,0.5051579957775436
1970-01-02 01:53:00,0.46243489915975955,0.8494632217939566,0.5126200035187731
1970-01-02 01:54:00,0.46764596907309897,0.8363872092894684,0.5198195718765687
1970-01-02 01:55:00,0.4724118211225444,0.8217294814322089,0.5266803999244513
1970-01-02 01:56:00,0.4766556466993976,0.8053988718342231,0.5331239291582432
1970-01-02 01:57:00,0.4803023516688084,0.7873214573356038,0.5390694925524383
1970-01-02 01:58:00,0.4832798372172165,0.7674445346325491,0.5444344963166875
1970-01-02 01:59:00,0.48552025506675883,0.7457404816834412,0.5491346627288965
1970-01-02 02:00:00,0.4869612098494913,0.7222103798813515,0.5530843586165464
1970-01-02 02:01:00,0.4875468844806011,0.6968872777393268,0.5561970298262047
1970-01-02 02:02:00,0.4872290672373483,0.6698389828369476,0.5583857574744175
1970-01-02 02:03:00,0.48596806197871156,0.6411702761485796,0.5595639469457149
1970-01-02 02:04:00,0.4837334655275987,0.6110244517783459,0.559646155507338
1970-01-02 02:05:00,0.4805047986608056,0.5795840957438565,0.5585490590443561
1970-01-02 02:06:00,0.47627197943305366,0.5470710299100232,0.556192552827074
1970-01-02 02:07:00,0.4710356297997069,0.5137453615212365,0.5525009755231033
1970-01-02 02:08:00,0.46480720882743054,0.4799035950279346,0.5474044399960097
1970-01-02 02:09:00,0.4576089682898706,0.4458757810985461,0.5408402488824864
1970-01-02 02:10:00,0.4494737291973247,0.41202169792764276,0.5327543675637219
1970-01-02 02:11:00,0.44044448085309695,0.3787260822697476,0.5231029220002614
1970-01-02 02:12:00,0.43057380740737644,0.3463929520969424,0.5118536840589915
1970-01-02 02:13:00,0.4199231506416312,0.3154390894138622,0.4989875025192747
1970-01-02 02:14:00,0.40856192193415847,0.28628678053974216,0.4844996340083743
1970-01-02 02:15:00,0.3965664811109446,0.2593559420311083,0.4684009247847132
1970-01-02 02:16:00,0.3840190052339547,0.2350557933143402,0.4507187916421916
1970-01-02 02:17:00,0.3710062762662755,0.21377627172296437,0.4314979484465781
1970-01-02 02:18:00,0.35761842238733227,0.1958794202048428,0.4108008248672992
1970-01-02 02:19:00,0.3439476516706793,0.18169100739735608,0.38870762829035294
1970-01-02 02:20:00,0.3300870160369495,0.17149265662757054,0.36531601231901023
1970-01-02 02:21:00,0.3161292362374694,0.16551475992009307,0.3407403370423321
1970-01-02 02:22:00,0.3021656070679247,0.16393043629579682,0.31511053292790625
1970-01-02 02:23:00,0.28828499082113973,0.16685076379890734,0.2885706029190026
1970-01-02 02:24:00,0.2745729000103045,0.17432147321049776,0.26127680954525145
1970-01-02 02:25:00,0.2611106679030836,0.1863212390892397,0.2333955964208794
1970-01-02 02:26:00,0.24797470523793258,0.2027616434028748,0.2051012922245338
1970-01-02 02:27:00,0.2352358418830986,0.22348882237301848,0.17657364491945765
1970-01-02 02:28:00,0.22295875285131825,0.24828674074611937,0.14799523598118886
1970-01-02 02:29:00,0.21120146930680253,0.276881970531972,0.11954882842246319
1970-01-02 02:30:00,0.20001497701274326,0.3089497851875947,0.09141470773321295
1970-01-02 02:31:00,0.18944290652654402,0.34412132150170277,0.06376807993099626
1970-01-02 02:32:00,0.17952132040726865,0.38199152116650126,0.036776592978688044
1970-01-02 02:33:00,0.1702786020056766,0.4221275516896838,0.010598044347912358
1970-01-02 02:34:00,0.16173544814337965,0.4640774213810529,-0.014621671656328892
1970-01-02 02:35:00,0.15390496495066588,0.5073785354359768,-0.03875033568500134
1970-01-02 02:36:00,0.14679286313558806,0.5515659782804312,-0.06167086614553922
1970-01-02 02:37:00,0.14039774640242653,0.5961803450033223,-0.08328245688148415
1970-01-02 02:38:00,0.13471148470487337,0.6407749799588189,-0.1035013840916919
1970-01-02 02:39:00,0.1297196624782163,0.6849225131687279,-0.12226148587705069
1970-01-02 02:40:00,0.12540209090072685,0.7282206149373698,-0.1395143254380987
1970-01-02 02:41:00,0.12173337254274871,0.7702969160805635,-0.1552290552582683
1970-01-02 02:42:00,0.11868350642849503,0.8108130653644879,-0.16939200466979756
1970-01-02 02:43:00,0.11621852151702929,0.8494679171744621,-0.18200601710450195
1970-01-02 02:44:00,0.11430112686328181,0.8859998611397262,-0.19308956618503076
1970-01-02 02:45:00,0.1128913672067496,0.9201883215039346,-0.20267568171995165
1970-01-02 02:46:00,0.11194727341608764,0.9518544675486413,-0.21081071772309842
1970-01-02 02:47:00,0.11142549805554583,0.9808611874635125,-0.21755299486792012
1970-01-02 02:48:00,0.1112819272998019,1.0071123868448155,-0.22297134939218105
1970-01-02 02:49:00,0.1114722614751541,1.0305516796402319,-0.22714361947236522
1970-01-02 02:50:00,0.11195255761742855,1.051160544001437,-0.23015509858031716
1970-01-02 02:51:00,0.11267972858237921,1.0689560183218143,-0.23209698341006169
1970-01-02 02:52:00,0.11361199439645836,1.0839880138957636,-0.2330648417147936
1970-01-02 02:53:00,0.11470928266988727,1.0963363203119025,-0.23315712291294602
1970-01-02 02:54:00,0.11593357598747527,1.106107378059422,-0.23247373168572438
1970-01-02 02:55:00,0.1172492052262787,1.1134308900587,-0.23111468205748073
1970-01-02 02:56:00,0.11862308870738691,1.1184563400954566,-0.2291788466732019
1970-01-02 02:57:00,0.12002491795997766,1.1213494816090193,-0.22676281320767386
1970-01-02 02:58:00,0.12142729165073585,1.1222888551193735,-0.22395985710098043
1970-01-02 02:59:00,0.12280579990572309,1.1214623869263438,-0.22085903715567415
1970-01-02 03:00:00,0.12413906182367293,1.1190641157211119,-0.21754441799012003
1970-01-02 03:01:00,0.1254087194517777,1.1152910875498492,-0.21409442095549364
1970-01-02 03:02:00,0.12659939187173266,1.1103404532856667,-0.21058130292377347
1970-01-02 03:03:00,0.12769859333021663,1.1044067965110946,-0.20707076036950525
1970-01-02 03:04:00,0.12869661954924133,1.0976797135892264,-0.2036216544193972
1970-01-02 03:05:00,0.12958640647304823,1.090341661794738,-0.20028585103985772
1970-01-02 03:06:00,0.13036336575489424,1.0825660857607664,-0.19710816927166608
1970-01-02 03:07:00,0.13102520126499254,1.0745158272362922,-0.19412642939435748
1970-01-02 03:08:00,0.13157171081636465,1.0663418182909712,-0.1913715920990774
1970-01-02 03:09:00,0.1320045771651258,1.0581820536882498,-0.18886797915565376
1970-01-02 03:10:00,0.132327152152762,1.0501608342008129,-0.18663356566534678
1970-01-02 03:11:00,0.132544237627398,1.0423882691838153,-0.1846803337822817
1970-01-02 03:12:00,0.13266186651604128,1.0349600237606762,-0.18301467774980684
1970-01-02 03:13:00,0.13268708712735722,1.0279572935135814,-0.1816378502174866
1970-01-02 03:14:00,0.13262775345152947,1.0214469875975076,-0.18054644006358656
1970-01-02 03:15:00,0.13249232389673782,1.0154820996966871,-0.17973287232941615
1970-01-02 03:16:00,0.13228967056693375,1.010102245195015,-0.1791859213580387
1970-01-02 03:17:00,0.13202890084866828,1.0053343423118548,-0.1788912288028632
1970-01-02 03:18:00,0.13171919274100208,1.0011934147328247,-0.1788318188140492
1970-01-02 03:19:00,0.13136964503676113,0.9976834934079042,-0.1789886034057922
1970-01-02 03:20:00,0.13098914314980126,0.994798595659598,-0.17934087174002722
1970-01-02 03:21:00,0.13058624108515884,0.9925237605035068,-0.17986675781832517
1970-01-02 03:22:00,0.1301690597700738,0.9908361200945075,-0.18054368184204062
1970-01-02 03:23:00,0.1297452017063898,0.9897059884368747,-0.1813487612707434
1970-01-02 03:24:00,0.12932168167073382,0.9890979498991976,-0.1822591883710761
1970-01-02 03:25:00,0.12890487297958267,0.9889719316175379,-0.18325257179333665
1970-01-02 03:26:00,0.12850046865277387,0.9892842455159178,-0.18430724043266403
1970-01-02 03:27:00,0.1281134566516612,0.9899885873870262,-0.18540250851797013
1970-01-02 03:28:00,0.12774810823697708,0.9910369822259757,-0.18651890151836453
1970-01-02 03:29:00,0.12740797838615928,0.9923806667666785,-0.18763834305862348
1970-01-02 03:30:00,0.12709591712969764,0.9939709019071177,-0.18874430358758618
1970-01-02 03:31:00,0.12681409060990553,0.9957597094022257,-0.18982191204162482
1970-01-02 03:32:00,0.12656401063210648,0.9977005288296051,-0.19085803218536537
1970-01-02 03:33:00,0.12634657146600725,0.9997487923747075,-0.19184130569051172
1970-01-02 03:34:00,0.126162092662283,1.001862416422129,-0.19276216432916818
1970-01-02 03:35:00,0.1260103666742698,1.0040022102656596,-0.19361281391008972
1970-01-02 03:36:00,0.12589071011518754,1.0061322034517584,-0.1943871927758516
1970-01-02 03:37:00,0.12580201753548823,1.0082198943416834,-0.19508090780834686
1970-01-02 03:38:00,0.12574281667069984,1.0102364234120547,-0.19569115096263376
1970-01-02 03:39:00,0.1257113241854899,1.0121566756110303,-0.19621659936901953
1970-01-02 03:40:00,0.1257055010226127,1.013959316748527,-0.19665730201494758
1970-01-02 03:41:00,0.12572310655400978,1.0156267694263568,-0.19701455594665176
1970-01-02 03:42:00,0.12576175082376864,1.0171451344123543,-0.19729077482075788
1970-01-02 03:43:00,0.12581894426718174,1.0185040636382505,-0.1974893524932522
1970-01-02 03:44:00,0.1258921443851833,1.01969659116152,-0.19761452416273045
1970-01-02 03:45:00,0.12597879894751055,1.0207189284843394,-0.19767122739175821
1970-01-02 03:46:00,0.126076385389729,1.0215702305762782,-0.1976649651195462
1970-01-02 03:47:00,0.1261824461576255,1.0222523388097022,-0.19760167255579703
1970-01-02 03:48:00,0.1262946198363978,1.0227695067973837,-0.19748758961407362
1970-01-02 03:49:00,0.12641066798071532,1.0231281148321323,-0.19732914030764154
1970-01-02 03:50:00,0.12652849763439047,1.023336378281273,-0.19713282029537574
1970-01-02 03:51:00,0.12664617959455146,1.0234040548953294,-0.19690509353356764
1970-01-02 03:52:00,0.12676196253444236,1.0233421555584228,-0.19665229876450246
1970-01-02 03:53:00,0.12687428315103733,1.0231626625450208,-0.19638056635727966
1970-01-02 03:54:00,0.12698177254841275,1.0228782588622798,-0.19609574581289807
1970-01-02 03:55:00,0.12708325910527643,1.0225020717591955,-0.19580334405609057
1970-01-02 03:56:00,0.12717776810532577,1.0220474329838436,-0.19550847446234795
1970-01-02 03:57:00,0.12726451843241404,1.0215276578787855,-0.19521581641122565
1970-01-02 03:58:00,0.1273429166491365,1.0209558449306186,-0.19492958501722757
1970-01-02 03:59:00,0.12741254878776498,1.0203446969373584,-0.19465351056782038
1970-01-02 04:00:00,0.12747317018687232,1.0197063645289106,-0.19439082709463523
1970-01-02 04:01:00,0.1275246937059571,1.0190523123731934,-0.19414426941855192
1970-01-02 04:02:00,0.12756717664440925,1.0183932080265292,-0.1939160779417561
1970-01-02 04:03:00,0.1276008066807901,1.0177388330457995,-0.1937080104094118
1970-01-02 04:04:00,0.12762588713420786,1.0170980156754459,-0.19352135982949123
1970-01-02 04:05:00,0.1276428218321236,1.0164785841567383,-0.19335697772057064
1970-01-02 04:06:00,0.12765209984877576,1.0158873394794181,-0.1932153018529018
1970-01-02 04:07:00,0.12765428035610396,1.0153300462059038,-0.19309638765657267
1970-01-02 04:08:00,0.1276499778051191,1.0148114398459769,-0.1929999424907632
1970-01-02 04:09:00,0.12763984763064307,1.0143352491459192,-0.19292536199860208
1970-01-02 04:10:00,0.12762457264673444,1.0139042315795315,-0.1928717678115194
1970-01-02 04:11:00,0.12760485027437052,1.0135202202867954,-0.1928380459138601
1970-01-02 04:12:00,0.1275813807174561,1.0131841806963133,-0.19282288503149111
1970-01-02 04:13:00,0.12755485617833712,1.0128962750866988,-0.19282481446585092
1970-01-02 04:14:00,0.12752595118003873,1.0126559333850467,-0.1928422408560401
1970-01-02 04:15:00,0.1274953140396927,1.0124619285624257,-0.19287348341489605
1970-01-02 04:16:00,0.12746355951628358,1.0123124550641545,-0.19291680724938948
1970-01-02 04:17:00,0.12743126263610205,1.0122052088059637,-0.19297045444006614
1970-01-02 04:18:00,0.12739895368129922,1.0121374673758248,-0.19303267261766927
1970-01-02 04:19:00,0.12736711431080727,1.012106169203377,-0.19310174083663686
1970-01-02 04:20:00,0.12733617476870351,1.0121079905907546,-0.19317599260410942
1970-01-02 04:21:00,0.1273065121228806,1.012139419635582,-0.1932538359787593
1970-01-02 04:22:00,0.12727844946662117,1.012196826214652,-0.19333377070562746
1970-01-02 04:23:00,0.1272522560073074,1.012276527332187,-0.1934144024007977
1970-01-02 04:24:00,0.12722814795997645,1.0123748472682739,-0.1934944538428284
1970-01-02 04:25:00,0.12720629015873383,1.0124881720911083,-0.19357277346616197
1970-01-02 04:26:00,0.1271867982961111,1.0126129982209993,-0.19364834118510885
1970-01-02 04:27:00,0.12716974169919107,1.012745974853572,-0.19372027170539458
1970-01-02 04:28:00,0.12715514655156582,1.0128839401629033,-0.193787815503696
1970-01-02 04:29:00,0.1271429994717691,1.013023951310939,-0.1938503576741635
1970-01-02 04:30:00,0.12713325136158937,1.0131633083855045,-0.19390741485479143
1970-01-02 04:31:00,0.1271258214414905,1.0132995724732934,-0.19395863045587827
1970-01-02 04:32:00,0.12712060139512293,1.0134305781451312,-0.19400376841798753
1970-01-02 04:33:00,0.12711745955042517,1.0135544406885133,-0.19404270572809204
1970-01-02 04:34:00,0.12711624503087857,1.0136695584674074,-0.19407542392030203
1970-01-02 04:35:00,0.12711679181689922,1.0137746108224566,-0.19410199978210074
1970-01-02 04:36:00,0.1271189226640441,1.0138685519483148,-0.1941225954787048
1970-01-02 04:37:00,0.12712245283162563,1.0139506012021415,-0.19413744829741036
1970-01-02 04:38:00,0.1271271935823787,1.0140202303100736,-0.19414686020097924
1970-01-02 04:39:00,0.12713295542087436,1.0140771479461046,-0.19415118736464354
1970-01-02 04:40:00,0.12713955104529032,1.0141212821588617,-0.19415082985553206
1970-01-02 04:41:00,0.12714679799380443,1.01415276111558,-0.19414622159661188
1970-01-02 04:42:00,0.12715452097316718,1.0141718926186551,-0.19413782073994723
1970-01-02 04:43:00,0.12716255386288122,1.0141791428278313,-0.1941261005565234
1970-01-02 04:44:00,0.12717074139385434,1.0141751145905717,-0.19411154093234026
1970-01-02 04:45:00,0.12717894050539788,1.0141605257466004,-0.19409462054319002
1970-01-02 04:46:00,0.127187021389017,1.0141361877334638,-0.1940758097637255
1970-01-02 04:47:00,0.12719486823155673,1.014102984781002,-0.19405556435030316
1970-01-02 04:48:00,0.1272023796738712,1.0140618539449144,-0.19403431992183015
1970-01-02 04:49:00,0.12720946900422722,1.0140137661935136,-0.1940124872486124
1970-01-02 04:50:00,0.1272160641081448,1.0139597087278374,-0.1939904483461197
1970-01-02 04:51:00,0.1272221071983123,1.0139006686836736,-0.19396855335874766
1970-01-02 04:52:00,0.12722755434953323,1.0138376183336282,-0.19394711820813157
1970-01-02 04:53:00,0.12723237486430722,1.013771501876813,-0.1939264229713955
1970-01-02 04:54:00,0.12723655049467444,1.0137032238728543,-0.19390671094691964
1970-01-02 04:55:00,0.12724007454552314,1.013633639346937,-0.1938881883587702
1970-01-02 04:56:00,0.12724295088386878,1.0135635455651009,-0.19387102464581776
1970-01-02 04:57:00,0.12724519287778324,1.0134936754550465,-0.19385535327771464
1970-01-02 04:58:00,0.12724682228769707,1.013424692627564,-0.19384127303725912
1970-01-02 04:59:00,0.12724786813163724,1.0133571879366996,-0.1938288497071838
1970-01-02 05:00:00,0.12724836554451718,1.0132916775010372,-0.19381811809898927
1970-01-02 05:01:00,0.1272483546498786,1.0132286020919012,-0.19380908436200772
1970-01-02 05:02:00,0.12724787946058475,1.0131683277768264,-0.19380172851232502
1970-01-02 05:03:00,0.12724698682296234,1.013111147690813,-0.19379600712341707
1970-01-02 05:04:00,0.1272457254168283,1.0130572847966528,-0.19379185612327054
1970-01-02 05:05:00,0.12724414482175259,1.0130068954902347,-0.1937891936462508
1970-01-02 05:06:00,0.1272422946578566,1.0129600739064661,-0.1937879228919295
1970-01-02 05:07:00,0.12724022380748434,1.0129168567845976,-0.1937879349473666
1970-01-02 05:08:00,0.12723797972225573,1.0128772287567378,-0.19378911153384995
1970-01-02 05:09:00,0.12723560781831145,1.012841127929489,-0.19379132764375562
1970-01-02 05:10:00,0.12723315096093044,1.0128084516358857,-0.19379445403794177
1970-01-02 05:11:00,0.12723064903812184,1.0127790622432973,-0.1937983595788626
1970-01-02 05:12:00,0.12722813862132795,1.0127527929129883,-0.19380291337930938
1970-01-02 05:13:00,0.12722565271011174,1.012729453219006,-0.1938079867512777
1970-01-02 05:14:00,0.12722322055668212,1.0127088345475816,-0.1938134549438703
1970-01-02 05:15:00,0.12722086756533,1.012690715211587,-0.19381919866332997
1970-01-02 05:16:00,0.12721861526129544,1.012674865226369,-0.1938251053722032
1970-01-02 05:17:00,0.1272164813232066,1.012661050703738,-0.19383107036821937
1970-01-02 05:18:00,0.12721447967292437,1.0126490378312403,-0.1938369976467015
1970-01-02 05:19:00,0.12721262061631586,1.012638596414746,-0.19384280055320943
1970-01-02 05:20:00,0.1272109110281705,1.0126295029732257,-0.1938484022356563
1970-01-02 05:21:00,0.12720935457422206,1.0126215433840364,-0.19385373590733143
1970-01-02 05:22:00,0.12720795196307758,1.0126145150835202,-0.19385874493409663
1970-01-02 05:23:00,0.12720670122079814,1.0126082288309148,-0.19386338276049847
1970-01-02 05:24:00,0.12720559798098305,1.0126025100452734,-0.19386761269065447
1970-01-02 05:25:00,0.12720463578355187,1.0125971997283236,-0.1938714075405359
1970-01-02 05:26:00,0.12720380637598233,1.0125921549924848,-0.1938747491787013
1970-01-02 05:27:00,0.12720310001144994,1.0125872492208683,-0.1938776279726558
1970-01-02 05:28:00,0.12720250573904823,1.0125823718917002,-0.19388004215784949
1970-01-02 05:29:00,0.12720201168202802,1.0125774281017936,-0.19388199714591997
1970-01-02 05:30:00,0.12720160530076277,1.0125723378242348,-0.1938835047881668
1970-01-02 05:31:00,0.1272012736378667,1.012567034936759,-0.1938845826094465
1970-01-02 05:32:00,0.127201003543505,1.0125614660600621,-0.1938852530267226
1970-01-02 05:33:00,0.12720078187943576,1.012555589248929,-0.19388554256541385
1970-01-02 05:34:00,0.12720059570073802,1.0125493725828458,-0.1938854810854929
1970-01-02 05:35:00,0.12720043241453396,1.0125427927056179,-0.19388510102802894
1970-01-02 05:36:00,0.12720027991532487,1.0125358333639178,-0.1938844366915742
1970-01-02 05:37:00,0.1272001266968622,1.0125284839915558,-0.19388352354649088
1970-01-02 05:38:00,0.12719996194082442,1.012520738379711,-0.1938823975940209
1970-01-02 05:39:00,0.1271997755830269,1.0125125934647001,-0.19388109477562643
1970-01-02 05:40:00,0.12719955835847446,1.012504048255882,-0.19387965043688296
1970-01-02 05:41:00,0.12719930182724176,1.0124951029186122,-0.19387809884899593
1970-01-02 05:42:00,0.1271989983838763,1.012485758021645,-0.1938764727898549
1970-01-02 05:43:00,0.1271986412536714,1.0124760139549627,-0.19387480318546016
1970-01-02 05:44:00,0.12719822447960094,1.0124658705216611,-0.1938731188115649
1970-01-02 05:45:00,0.12719774290378064,1.0124553267049579,-0.19387144605447565
1970-01-02 05:46:00,0.1271971921469872,1.0124443806077634,-0.19386980872914877
1970-01-02 05:47:00,0.12719656858920098,1.012433029557364,-0.19386822795202105
1970-01-02 05:48:00,0.12719586935354701,1.0124212703621283,-0.19386672206542171
1970-01-02 05:49:00,0.12719509229545697,1.012409099701969,-0.1938653066099381
1970-01-02 05:50:00,0.12719423599828864,1.01239651463047,-0.19386399434073792
1970-01-02 05:51:00,0.12719329977593385,1.012383513164005,-0.19386279528358658
1970-01-02 05:52:00,0.1271922836821005,1.012370094931068,-0.19386171682612519
1970-01-02 05:53:00,0.12719118852505057,1.012356261853058,-0.1938607638398847
1970-01-02 05:54:00,0.12719001588576678,1.0123420188263423,-0.1938599388284905
1970-01-02 05:55:00,0.12718876813693175,1.0123273743752088,-0.19385924209755803
1970-01-02 05:56:00,0.12718744845976498,1.012312341246508,-0.19385867194188489
1970-01-02 05:57:00,0.12718606085564838,1.012296936919049,-0.1938582248456959
1970-01-02 05:58:00,0.1271846101495311,1.0122811840034902,-0.19385789569188372
1970-01-02 05:59:00,0.1271831019822822,1.0122651105112408,-0.19385767797640696
1970-01-02 06:00:00,0.12718154278942562,1.012248749974006,-0.19385756402426785
1970-01-02 06:01:00,0.1271799397640984,1.0122321413995996,-0.19385754520378895
1970-01-02 06:02:00,0.12717830080265316,1.0122153290548563,-0.19385761213623592
1970-01-02 06:03:00,0.12717663443203,1.0121983620728647,-0.19385775489817636
1970-01-02 06:04:00,0.12717494971876972,1.0121812938890935,-0.1938579632143152
1970-01-02 06:05:00,0.12717325616034694,1.012164181519016,-0.19385822663888855
1970-01-02 06:06:00,0.12717156356037204,1.0121470846979241,-0.19385853472402365
1970-01-02 06:07:00,0.12716988189005538,1.0121300649110154,-0.1938588771737846
1970-01-02 06:08:00,0.1271682211390307,1.0121131843479314,-0.19385924398292578
1970-01-02 06:09:00,0.12716659115915133,1.0120965048201687,-0.1938596255596674
1970-01-02 06:10:00,0.12716500150519328,1.0120800866817807,-0.19386001283209128
1970-01-02 06:11:00,0.12716346127652475,1.0120639877937052,-0.19386039733802266
1970-01-02 06:12:00,0.12716197896378154,1.0120482625698923,-0.19386077129852175
1970-01-02 06:13:00,0.12716056230445513,1.0120329611379963,-0.19386112767535077
1970-01-02 06:14:00,0.12715921815097803,1.0120181286377017,-0.19386146021300535
1970-01-02 06:15:00,0.12715795235432745,1.0120038046672701,-0.19386176346609482
1970-01-02 06:16:00,0.1271567696655035,1.0119900228771288,-0.19386203281301853
1970-01-02 06:17:00,0.12715567365665412,1.0119768107009444,-0.19386226445701824
1970-01-02 06:18:00,0.12715466666313072,1.0119641892101867,-0.19386245541579672
1970-01-02 06:19:00,0.12715374974726756,1.0119521730769248,-0.1938626035009841
1970-01-02 06:20:00,0.12715292268419734,1.0119407706305839,-0.1938627072887964
1970-01-02 06:21:00,0.12715218396964187,1.0119299839968154,-0.19386276608325217
1970-01-02 06:22:00,0.12715153084935882,1.0119198093095296,-0.1938627798732798
1970-01-02 06:23:00,0.1271509593696578,1.0119102369892201,-0.19386274928496441
1970-01-02 06:24:00,0.1271504644480259,1.0119012520809352,-0.19386267553007916
1970-01-02 06:25:00,0.1271500399623966,1.01189283464396,-0.19386256035194283
1970-01-02 06:26:00,0.1271496788569458,1.0118849601838655,-0.19386240596955012
1970-01-02 06:27:00,0.12714937326155795,1.011877600117141,-0.19386221502081435
1970-01-02 06:28:00,0.12714911462152056,1.0118707222594432,-0.19386199050563868
1970-01-02 06:29:00,0.12714889383386235,1.0118642913302698,-0.19386173572940263
1970-01-02 06:30:00,0.12714870138704462,1.0118582694688814,-0.19386145424733683
1970-01-02 06:31:00,0.1271485275011722,1.011852616757912,-0.19386114981016958
1970-01-02 06:32:00,0.1271483622662913,1.0118472917520709,-0.1938608263113606
1970-01-02 06:33:00,0.1271481957766604,1.0118422520092865,-0.19386048773617987
1970-01-02 06:34:00,0.12714801825907207,1.01183745461979,-0.1938601381128397
1970-01-02 06:35:00,0.127147820193228,1.0118328567249506,-0.19385978146584765
1970-01-02 06:36:00,0.1271475924218553,1.0118284160137598,-0.1938594217717234
1970-01-02 06:37:00,0.12714732624807124,1.011824091182623,-0.19385906291720653
1970-01-02 06:38:00,0.12714701351780192,1.011819842344205,-0.19385870866007257
1970-01-02 06:39:00,0.12714664668577746,1.0118156313730493,-0.1938583625926684
1970-01-02 06:40:00,0.12714621886444805,1.0118114221792434,-0.19385802810827207
1970-01-02 06:41:00,0.1271457238559479,1.0118071809063427,-0.19385770837036975
1970-01-02 06:42:00,0.12714515616805463,1.0118028760554827,-0.19385740628490714
1970-01-02 06:43:00,0.127144511015935,1.0117984785430452,-0.19385712447551542
1970-01-02 06:44:00,0.127143784312116,1.0117939617032197,-0.1938568652616513
1970-01-02 06:45:00,0.1271429726473736,1.0117893012483257,-0.19385663063955735
1970-01-02 06:46:00,0.127142073265143,1.0117844751986251,-0.19385642226595318
1970-01-02 06:47:00,0.12714108403175348,1.011779463790616,-0.19385624144438998
1970-01-02 06:48:00,0.12714000340423892,1.0117742493702087,-0.19385608911421803
1970-01-02 06:49:00,0.1271388303966285,1.0117688162758842,-0.19385596584212145
1970-01-02 06:50:00,0.1271375645446599,1.0117631507167,-0.19385587181617167
1970-01-02 06:51:00,0.12713620586811517,1.0117572406500894,-0.19385580684234555
1970-01-02 06:52:00,0.1271347548296473,1.0117510756644879,-0.19385577034345414
1970-01-02 06:53:00,0.12713321228906227,1.0117446468720253,-0.19385576136044372
1970-01-02 06:54:00,0.1271315794524839,1.0117379468166212,-0.1938557785560585
1970-01-02 06:55:00,0.12712985781658054,1.011730969402345,-0.19385582022088232
1970-01-02 06:56:00,0.12712804910893924,1.0117237098459155,-0.19385588428179112
1970-01-02 06:57:00,0.12712615522662254,1.0117161646563517,-0.19385596831286198
1970-01-02 06:58:00,0.12712417817587773,1.011708331644705,-0.19385606954881465
1970-01-02 06:59:00,0.12712212001678072,1.01170020996758,-0.19385618490111345
1970-01-02 07:00:00,0.12711998281695694,1.0116918002091422,-0.19385631097691974
1970-01-02 07:01:00,0.12711776861801882,1.0116831045062,-0.1938564441011632
1970-01-02 07:02:00,0.12711547941686221,1.011674126718099,-0.19385658034208764
1970-01-02 07:03:00,0.12711311716180437,1.0116648726367405,-0.1938567155407155
1970-01-02 07:04:00,0.12711068376131368,1.0116553502232617,-0.1938568453447496
1970-01-02 07:05:00,0.12710818110128547,1.0116455698500264,-0.1938569652474847
1970-01-02 07:06:00,0.12710561106583837,1.0116355445227863,-0.1938570706323238
1970-01-02 07:07:00,0.12710297555670952,1.0116252900592617,-0.1938571568234573
1970-01-02 07:08:00,0.12710027650745667,1.011614825205527,-0.1938572191431565
1970-01-02 07:09:00,0.12709751589030926,1.0116041716780142,-0.1938572529759551
1970-01-02 07:10:00,0.12709469571502252,1.0115933541248658,-0.19385725383976946
1970-01-02 07:11:00,0.12709181802021377,1.0115824000054408,-0.19385721746375673
1970-01-02 07:12:00,0.12708888485855432,1.0115713393914811,-0.19385713987242864
1970-01-02 07:13:00,0.12708589827817848,1.0115602046978251,-0.1938570174752229
1970-01-02 07:14:00,0.12708286030391153,1.0115490303539818,-0.19385684716041154
1970-01-02 07:15:00,0.12707977292317568,1.0115378524297334,-0.19385662639194287
1970-01-02 07:16:00,0.12707663808219868,1.0115267082278643,-0.19385635330759757
1970-01-02 07:17:00,0.12707345769805958,1.0115156358553359,-0.19385602681668299
1970-01-02 07:18:00,0.12707023369116072,1.0115046737817455,-0.19385564669538635
1970-01-02 07:19:00,0.12706696804111697,1.0114938603918693,-0.1938552136778431
1970-01-02 07:20:00,0.12706366286703427,1.0114832335379507,-0.193854729540924
1970-01-02 07:21:00,0.12706032053094327,1.0114728300968152,-0.1938541971806747
1970-01-02 07:22:00,0.127056943760963,1.0114626855363777,-0.19385362067825243
1970-01-02 07:23:00,0.12705353578879167,1.0114528334955304,-0.19385300535311126
1970-01-02 07:24:00,0.127050100494701,1.0114433053810936,-0.19385235780110768
1970-01-02 07:25:00,0.1270466425526046,1.0114341299859082,-0.19385168591514537
1970-01-02 07:26:00,0.12704316756774478,1.0114253331329899,-0.1938509988859832
1970-01-02 07:27:00,0.1270396821995104,1.0114169373506805,-0.1938503071809301
1970-01-02 07:28:00,0.12703619426160023,1.0114089615818667,-0.19384962249834947
1970-01-02 07:29:00,0.1270327127915359,1.0114014209273563,-0.19384895769616942
1970-01-02 07:30:00,0.12702924808192118,1.0113943264212713,-0.19384832669291938
1970-01-02 07:31:00,0.12702581166700266,1.0113876848356966,-0.19384774434017923
1970-01-02 07:32:00,0.1270224162598224,1.0113814985123164,-0.19384722626572423
1970-01-02 07:33:00,0.12701907563733453,1.0113757652197077,-0.19384678868707253
1970-01-02 07:34:00,0.1270158044730486,1.0113704780359927,-0.19384644819559474
1970-01-02 07:35:00,0.12701261811875833,1.0113656252572167,-0.1938462215118491
1970-01-02 07:36:00,0.12700953233855483,1.0113611903320296,-0.19384612521339215
1970-01-02 07:37:00,0.12700656299974913,1.0113571518237752,-0.19384617543699048
1970-01-02 07:38:00,0.1270037257267542,1.0113534834029403,-0.19384638755789105
1970-01-02 07:39:00,0.1270010355254491,1.0113501538758711,-0.19384677584955212
1970-01-02 07:40:00,0.12699850638692767,1.011347127258245,-0.19384735312795895
1970-01-02 07:41:00,0.12699615088066202,1.011344362902566,-0.19384813038530693
1970-01-02 07:42:00,0.12699397974792415,1.0113418156877743,-0.19384911641838987
1970-01-02 07:43:00,0.12699200150679857,1.0113394362770474,-0.19385031745746278
1970-01-02 07:44:00,0.1269902220801295,1.011337171447979,-0.1938517368017131
1970-01-02 07:45:00,0.12698864445700803,1.0113349644973204,-0.19385337446784945
1970-01-02 07:46:00,0.12698726839704008,1.0113327557198837,-0.19385522685872694
1970-01-02 07:47:00,0.12698609018530763,1.0113304829582939,-0.1938572864593237
1970-01-02 07:48:00,0.12698510244520334,1.0113280822176078,-0.19385954156770577
1970-01-02 07:49:00,0.1269842940159955,1.011325488336546,-0.193861976068841
1970-01-02 07:50:00,0.1269836499013464,1.0113226357050207,-0.19386456925924636
1970-01-02 07:51:00,0.12698315129361415,1.011319459015831,-0.19386729573047445
1970-01-02 07:52:00,0.12698277567685454,1.0113158940372755,-0.1938701253193406
1970-01-02 07:53:00,0.1269824970095291,1.0113118783937014,-0.19387302313251786
1970-01-02 07:54:00,0.12698228598626277,1.0113073523429366,-0.19387594965265936
1970-01-02 07:55:00,0.1269821103764489,1.0113022595426029,-0.19387886093254186
1970-01-02 07:56:00,0.12698193543594352,1.0112965478003286,-0.19388170888286305
1970-01-02 07:57:00,0.12698172438659414,1.0112901698049472,-0.19388444165827826
1970-01-02 07:58:00,0.126981438956945,1.0112830838365559,-0.19388700414503052
1970-01-02 07:59:00,0.12698103997586827,1.0112752544529524,-0.19388933855211163
1970-01-02 08:00:00,0.1269804880087306,1.0112666531488028,-0.19389138510629741
1970-01-02 08:01:00,0.12697974402311452,1.0112572589823303,-0.19389308284964912
1970-01-02 08:02:00,0.12697877006872174,1.0112470591628102,-0.19389437053619152
1970-01-02 08:03:00,0.1269775299545818,1.0112360495913215,-0.19389518762247843
1970-01-02 08:04:00,0.12697598990637013,1.0112242353477108,-0.19389547534467735
1970-01-02 08:05:00,0.12697411918738857,1.011211631118459,-0.19389517787270316
1970-01-02 08:06:00,0.12697189066831224,1.0111982615622035,-0.19389424352983764
1970-01-02 08:07:00,0.12696928133296576,1.0111841616112474,-0.1938926260641706
1970-01-02 08:08:00,0.12696627271007233,1.0111693767082535,-0.19389028595607294
1970-01-02 08:09:00,0.12696285122398174,1.0111539629773436,-0.19388719174378435
1970-01-02 08:10:00,0.12695900846046945,1.011137987327733,-0.19388332134712175
1970-01-02 08:11:00,0.12695474134634765,1.0111215274862853,-0.19387866336735074
1970-01-02 08:12:00,0.12695005224364006,1.0111046719540033,-0.1938732183394668
1970-01-02 08:13:00,0.12694494896066405,1.0110875198808946,-0.19386699991155634
1970-01-02 08:14:00,0.12693944468378296,1.0110701808531461,-0.19386003592460307
1970-01-02 08:15:00,0.12693355783462973,1.0110527745853417,-0.1938523693651143
1970-01-02 08:16:00,0.12692731185779302,1.0110354305082978,-0.19384405916230457
1970-01-02 08:17:00,0.12692073494329248,1.0110182872403988,-0.19383518080132334
1970-01-02 08:18:00,0.12691385968736185,1.011001491927941,-0.19382582672419071
1970-01-02 08:19:00,0.1269067226948782,1.010985199438676,-0.1938161064907558
1970-01-02 08:20:00,0.1268993641273241,1.0109695713923321,-0.19380614667315726
1970-01-02 08:21:00,0.12689182720089032,1.0109547750116183,-0.19379609045897703
1970-01-02 08:22:00,0.12688415763952482,1.0109409817766766,-0.1937860969405639
1970-01-02 08:23:00,0.1268764030871235,1.0109283658659869,-0.19377634007087377
1970-01-02 08:24:00,0.12686861248212947,1.010917102368961,-0.19376700726965077
1970-01-02 08:25:00,0.12686083539750675,1.0109073652605658,-0.19375829766787353
1970-01-02 08:26:00,0.12685312134978127,1.0108993251348661,-0.19375041998312137
1970-01-02 08:27:00,0.1268455190821082,1.0108931467001094,-0.19374359002385938
1970-01-02 08:28:00,0.12683807582755424,1.0108889860422388,-0.193738027826568
1970-01-02 08:29:00,0.12683083655992122,1.0108869876677795,-0.19373395443610478
1970-01-02 08:30:00,0.12682384324068505,1.010887281342836,-0.1937315883466262
1970-01-02 08:31:00,0.12681713407212508,1.0108899787535937,-0.19373114162774294
1970-01-02 08:32:00,0.12681074276854706,1.010895170024984,-0.19373281576824927
1970-01-02 08:33:00,0.12680469785951093,1.0109029201465107,-0.1937367972776685
1970-01-02 08:34:00,0.12679902204072144,1.0109132653659911,-0.19374325309389437
1970-01-02 08:35:00,0.12679373158934973,1.010926209622144,-0.1937523258532704
1970-01-02 08:36:00,0.12678883586099987,1.0109417210947578,-0.19376412908739538
1970-01-02 08:37:00,0.12678433688519003,1.0109597289553862,-0.19377874241863144
1970-01-02 08:38:00,0.1267802290743687,1.010980120401424,-0.19379620683357013
1970-01-02 08:39:00,0.12677649905741503,1.0110027380532314,-0.1938165201204262
1970-01-02 08:40:00,0.12677312564264853,1.0110273777903778,-0.19383963256230555
1970-01-02 08:41:00,0.1267700799090506,1.0110537871004468,-0.19386544298335587
1970-01-02 08:42:00,0.12676732541915,1.0110816640112594,-0.19389379524877565
1970-01-02 08:43:00,0.1267648185436563,1.011110656673598,-0.1939244753223551
1970-01-02 08:44:00,0.12676250888652868,1.011140363657105,-0.19395720898646304
1970-01-02 08:45:00,0.126760339799124,1.0111703350182384,-0.19399166032900353
1970-01-02 08:46:00,0.1267582489724405,1.0112000741959493,-0.19402743109968262
1970-01-02 08:47:00,0.12675616909697474,1.011229040786984,-0.19406406103381466
1970-01-02 08:48:00,0.12675402858083581,1.011256654247597,-0.1941010292357388
1970-01-02 08:49:00,0.12675175231874214,1.011282298561809,-0.1941377567056178
1970-01-02 08:50:00,0.12674926250661486,1.01130532790771,-0.1941736100828812
1970-01-02 08:51:00,0.12674647949765444,1.0113250733422203,-0.19420790666681637
1970-01-02 08:52:00,0.12674332269566319,1.0113408505114607,-0.19423992075978092
1970-01-02 08:53:00,0.12673971148040894,1.0113519683793788,-0.19426889136120987
1970-01-02 08:54:00,0.12673556615878426,1.0113577389520805,-0.1942940312210676
1970-01-02 08:55:00,0.12673080893489247,1.0113574879585279,-0.19431453723975592
1970-01-02 08:56:00,0.12672536489202504,1.0113505664284246,-0.19432960217790352
1970-01-02 08:57:00,0.12671916297968977,1.011336363085041,-0.1943384276141238
1970-01-02 08:58:00,0.12671213699939227,1.01131431744595,-0.19434023806194675
1970-01-02 08:59:00,0.1267042265837947,1.0112839334996344,-0.19433429612895747
1970-01-02 09:00:00,0.12669537816522036,1.0112447938009428,-0.19431991857206213
1970-01-02 09:01:00,0.12668554593105313,1.0111965738027238,-0.19429649307319924
1970-01-02 09:02:00,0.1266746927646575,1.0111390562140739,-0.1942634955301918
1970-01-02 09:03:00,0.12666279117009974,1.0110721451483353,-0.19422050762825896
1970-01-02 09:04:00,0.1266498241769817,1.010995879798855,-0.1941672344294415
1970-01-02 09:05:00,0.12663578621895397,1.010910447359958,-0.19410352169037642
1970-01-02 09:06:00,0.12662068397728657,1.010816194895332,-0.1940293725941041
1970-01-02 09:07:00,0.12660453717999928,1.0107136398459404,-0.19394496355958254
1970-01-02 09:08:00,0.12658737934697714,1.010603478864598,-0.19385065877398835
1970-01-02 09:09:00,0.12656925847100545,1.0104865946636983,-0.19374702307833655
1970-01-02 09:10:00,0.1265502376231301,1.010364060565161,-0.1936348328270658
1970-01-02 09:11:00,0.12653039546870712,1.0102371424473413,-0.19351508433763695
1970-01-02 09:12:00,0.12650982667906197,1.0101072977937484,-0.1933889995474911
1970-01-02 09:13:00,0.1264886422236376,1.0099761715648734,-0.19325802850348964
1970-01-02 09:14:00,0.1264669695287145,1.0098455886389393,-0.19312384832373064
1970-01-02 09:15:00,0.1264449524901173,1.0097175426005491,-0.1929883582938626
1970-01-02 09:16:00,0.12642275132729153,1.009594180696988,-0.19285367079006685
1970-01-02 09:17:00,0.12640054226374176,1.009477784827658,-0.19272209775903837
1970-01-02 09:18:00,0.12637851701422076,1.0093707484802843,-0.19259613253172628
1970-01-02 09:19:00,0.1263568820536836,1.0092755495784278,-0.19247842680236318
1970-01-02 09:20:00,0.12633585763901606,1.0091947192617896,-0.192371762667375
1970-01-02 09:21:00,0.12631567655363976,1.0091308066867348,-0.19227901968996444
1970-01-02 09:22:00,0.12629658254772907,1.0090863400095458,-0.192203137035168
1970-01-02 09:23:00,0.1262788284520968,1.0090637837972676,-0.19214707080645557
1970-01-02 09:24:00,0.12626267395025118,1.009065493198284,-0.19211374680774343
1970-01-02 09:25:00,0.1262483829990798,1.0090936652951783,-0.1921060090531345
1970-01-02 09:26:00,0.12623622089312475,1.009150288154938,-0.19212656444972637
1970-01-02 09:27:00,0.12622645097072835,1.0092370881846415,-0.19217792418520022
1970-01-02 09:28:00,0.12621933096365331,1.0093554764910289,-0.19226234246018342
1970-01-02 09:29:00,0.12621510899642274,1.0095064950259434,-0.1923817533139482
1970-01-02 09:30:00,0.12621401924810458,1.0096907633749468,-0.19253770639909196
1970-01-02 09:31:00,0.1262162772970303,1.0099084271144874,-0.19273130266454627
1970-01-02 09:32:00,0.1262220751772654,1.0101591087250108,-0.19296313100455412
1970-01-02 09:33:00,0.12623157618476366,1.0104418621026445,-0.19323320702198138
1970-01-02 09:34:00,0.12624490948203043,1.01075513175832,-0.19354091513521132
1970-01-02 09:35:00,0.12626216456340433,1.0110967178277492,-0.19388495532656708
1970-01-02 09:36:00,0.1262833856582728,1.0114637480359456,-0.1942632958843432
1970-01-02 09:37:00,0.12630856616535832,1.011852657764275,-0.1946731335277128
1970-01-02 09:38:00,0.12633764322634305,1.012259179356048,-0.1951108623216478
1970-01-02 09:39:00,0.1263704925608831,1.0126783417681038,-0.1955720527852868
1970-01-02 09:40:00,0.12640692369718784,1.0131044816282087,-0.19605144256981652
1970-01-02 09:41:00,0.12644667574238064,1.0135312666869873,-0.19654294002902395
1970-01-02 09:42:00,0.12648941384460444,1.013951732554252,-0.19703964192557535
1970-01-02 09:43:00,0.12653472650437586,1.0143583334809918,-0.19753386640737838
1970-01-02 09:44:00,0.1265821238955388,1.0147430077908954,-0.198017202249982
1970-01-02 09:45:00,0.1266310373548737,1.015097258381366,-0.19848057519213305
1970-01-02 09:46:00,0.12668082019242405,1.0154122485047652,-0.19891433199204278
1970-01-02 09:47:00,0.1267307499613546,1.0156789128062331,-0.19930834260181393
1970-01-02 09:48:00,0.1267800323075572,1.0158880833359252,-0.19965212059755746
1970-01-02 09:49:00,0.12682780649717387,1.016030629973577,-0.19993496171428243
1970-01-02 09:50:00,0.1268731526963477,1.0160976144057,-0.20014610001957392
1970-01-02 09:51:00,0.12691510105232684,1.0160804564845507,-0.20027488092092532
1970-01-02 09:52:00,0.12695264259835143,1.0159711114770777,-0.20031094984154044
1970-01-02 09:53:00,0.12698474197664228,1.0157622563841961,-0.2002444550222829
1970-01-02 09:54:00,0.12701035194465388,1.015447483178888,-0.20006626251769674
1970-01-02 09:55:00,0.1270284295993739,1.0150214964801052,-0.19976818105678518
1970-01-02 09:56:00,0.12703795422191513,1.0144803128540452,-0.1993431940403175
1970-01-02 09:57:00,0.12703794660911644,1.013821458620883,-0.19878569555224376
1970-01-02 09:58:00,0.12702748972052139,1.0130441627490359,-0.19809172688029297
1970-01-02 09:59:00,0.1270057504290277,1.012149541146862,-0.1972592096774781
1970-01-02 10:00:00,0.12697200212286008,1.0111407684208416,-0.19628817155994474
1970-01-02 10:01:00,0.12692564786602795,1.0100232329676608,-0.19518095963561788
1970-01-02 10:02:00,0.1268662437845452,1.0088046711130663,-0.19394243720085755
1970-01-02 10:03:00,0.12679352230693822,1.0074952759112865,-0.19258015863737413
1970-01-02 10:04:00,0.12670741485076337,1.0061077761840949,-0.19110451739752254
1970-01-02 10:05:00,0.12660807351338407,1.0046574814166953,-0.18952886189122536
1970-01-02 10:06:00,0.12649589129700683,1.0031622882459734,-0.1878695740902806
1970-01-02 10:07:00,0.12637152037646254,1.0016426444808442,-0.18614610575326307
1970-01-02 10:08:00,0.12623588790392812,1.0001214668875922,-0.18438096735349363
1970-01-02 10:09:00,0.1260902088377667,0.9986240093570754,-0.18259966506969294
1970-01-02 10:10:00,0.125935995283524,0.9971776785478706,-0.18083058157908682
1970-01-02 10:11:00,0.12577506184482706,0.9958117946722298,-0.17910479687984188
1970-01-02 10:12:00,0.12560952650076332,0.9945572957600892,-0.1774558459662587
1970-01-02 10:13:00,0.12544180655347342,0.9934463844975737,-0.1759194108869352
1970-01-02 10:14:00,0.1252746092242396,0.9925121175867038,-0.17453294553213533
1970-01-02 10:15:00,0.12511091651838635,0.9917879385083206,-0.17333523241894927
1970-01-02 10:16:00,0.12495396403007356,0.9913071555846973,-0.1723658717665122
1970-01-02 10:17:00,0.12480721341905288,0.9911023683225539,-0.17166470427133382
1970-01-02 10:18:00,0.12467431836348854,0.9912048461586096,-0.17127117019512583
1970-01-02 10:19:00,0.12455908387592239,0.9916438649139824,-0.17122360865254155
1970-01-02 10:20:00,0.12446541896259057,0.9924460074753485,-0.17155850231971811
1970-01-02 10:21:00,0.12439728270810378,0.9936344364427128,-0.17230967415968812
1970-01-02 10:22:00,0.12435862397602172,0.995228147696061,-0.17350744415832695
1970-01-02 10:23:00,0.12435331502938915,0.9972412150143947,-0.1751777554628544
1970-01-02 10:24:00,0.12438507949292466,0.9996820370089394,-0.17734128069011912
1970-01-02 10:25:00,0.12445741519967456,1.0025525986856951,-0.18001252049848798
1970-01-02 10:26:00,0.12457351258931516,1.0058477609057543,-0.1831989077709087
1970-01-02 10:27:00,0.12473616945443404,1.0095545918339515,-0.18689993191906293
1970-01-02 10:28:00,0.12494770296851283,1.013651755122694,-0.19110629887543765
1970-01-02 10:29:00,0.12520986007662666,1.018108970036764,-0.1957991432708431
1970-01-02 10:30:00,0.12552372748303797,1.0228865589623295,-0.20094931006249286
1970-01-02 10:31:00,0.12588964262058286,1.0279350977401553,-0.20651672343482386
1970-01-02 10:32:00,0.1263071071270162,1.0331951840006133,-0.21244986109710326
1970-01-02 10:33:00,0.12677470447783434,1.038597338137669,-0.2186853521125009
1970-01-02 10:34:00,0.1272900235297608,1.0440620507216996,-0.22514771608324796
1970-01-02 10:35:00,0.127849589810795,1.0494999889991399,-0.23174926086025036
1970-01-02 10:36:00,0.1284488064483017,1.0548123736467865,-0.23839015492096902
1970-01-02 10:37:00,0.1290819066529685,1.0598915351321443,-0.24495868914834185
1970-01-02 10:38:00,0.12974191967064633,1.0646216568766138,-0.25133174093246746
1970-01-02 10:39:00,0.1304206520733992,1.0688797099286027,-0.257375451297446
1970-01-02 10:40:00,0.13110868618310922,1.0725365810361775,-0.2629461231260272
1970-01-02 10:41:00,0.13179539730365375,1.0754583928774113,-0.26789134551962085
1970-01-02 10:42:00,0.13246899127938166,1.0775080117839106,-0.2720513459039342
1970-01-02 10:43:00,0.133116563697263,1.0785467346108255,-0.2752605676926381
1970-01-02 10:44:00,0.133724181807163,1.0784361425037825,-0.2773494671834351
1970-01-02 10:45:00,0.1342769899493528,1.0770401052359269,-0.2781465189224522
1970-01-02 10:46:00,0.13475933895150838,1.0742269155918138,-0.2774804140835462
1970-01-02 10:47:00,0.13515493959076816,1.0698715290232859,-0.2751824315286694
1970-01-02 10:48:00,0.1354470398124826,1.063857879567077,-0.27108895621447276
1970-01-02 10:49:00,0.13561862495959198,1.0560812388728966,-0.26504411457034216
1970-01-02 10:50:00,0.13565263979957687,1.0464505812305323,-0.2569024914860071
1970-01-02 10:51:00,0.1355322306451169,1.0348909138013223,-0.2465318887146775
1970-01-02 10:52:00,0.13524100535649233,1.0213455279589452,-0.2338160799323538
1970-01-02 10:53:00,0.13476330849594462,1.0057781248398965,-0.2186575135172445
1970-01-02 10:54:00,0.1340845083853145,0.988174766013505,-0.20097991045561486
1970-01-02 10:55:00,0.13319129230796997,0.9685455987264706,-0.18073070178047318
1970-01-02 10:56:00,0.13207196560501036,0.9469263045800663,-0.15788324775353063
1970-01-02 10:57:00,0.13071674995563834,0.9233792208812589,-0.13243877976158874
1970-01-02 10:58:00,0.12911807571498324,0.8979940853950312,-0.10442800577327675
1970-01-02 10:59:00,0.12727086282290426,0.8708883579392427,-0.07391232135115226
1970-01-02 11:00:00,0.1251727845084848,0.8422070763299067,-0.04098457079931089
1970-01-02 11:01:00,0.12282450781173007,0.8121222097234403,-0.005769307209365745
1970-01-02 11:02:00,0.1202299048415471,0.7808314795267289,0.031577493892628185
1970-01-02 11:03:00,0.117396228702877,0.7485566268632363,0.07086930474384258
1970-01-02 11:04:00,0.11433424817145377,0.7155411161935145,0.11189052691942347
1970-01-02 11:05:00,0.11105833548760755,0.6820472771796194,0.15439859970144731
1970-01-02 11:06:00,0.10758650209608013,0.6483529013296173,0.19812673620997412
1970-01-02 11:07:00,0.1039403777917725,0.6147473264203035,0.24278727136073341
1970-01-02 11:08:00,0.10014512955581428,0.5815270602182289,0.2880755862494575
1970-01-02 11:09:00,0.09622931739553672,0.548991015630597,0.33367455144513486
1970-01-02 11:10:00,0.09222468576222842,0.517435452113615,0.3792594068372298
1970-01-02 11:11:00,0.08816589070392676,0.48714874259229524,0.42450296833816287
1970-01-02 11:12:00,0.0840901650034113,0.45840610930656817,0.46908102355578696
1970-01-02 11:13:00,0.08003692628622713,0.4314644906170916,0.5126777544292007
1970-01-02 11:14:00,0.07604733618673017,0.4065577068697948,0.5549910123068721
1970-01-02 11:15:00,0.07216382120495579,0.38389208403183767,0.595737275305113
1970-01-02 11:16:00,0.06842956672798327,0.36364267344206497,0.6346561374865508
1970-01-02 11:17:00,0.06488799459687203,0.3459501816785903,0.6715142077042283
1970-01-02 11:18:00,0.061582232740425125,0.3309186994418568,0.7061083262934965
1970-01-02 11:19:00,0.05855458417351761,0.31861429212450704,0.7382680367085372
1970-01-02 11:20:00,0.05584600234919075,0.3090644872920296,0.7678572757356829
1970-01-02 11:21:00,0.053495579771071965,0.30225866690757985,0.7947752701328472
1970-01-02 11:22:00,0.051540056300835434,0.29814934608658406,0.8189566497442639
1970-01-02 11:23:00,0.05001335264803968,0.29665429572635416,0.840370807554866
1970-01-02 11:24:00,0.04894613329046746,0.2976594427842221,0.8590205558045393
1970-01-02 11:25:00,0.04836540175679045,0.30102245838144626,0.8749401441562358
1970-01-02 11:26:00,0.048294130090307384,0.3065769201551228,0.8881927212354787
1970-01-02 11:27:00,0.04875092368549798,0.3141369119659031,0.8988673350104408
1970-01-02 11:28:00,0.04974972256157941,0.32350190230590076,0.9070755803392984
1970-01-02 11:29:00,0.05129954020265557,0.3344617249406194,0.912948012359867
1970-01-02 11:30:00,0.0534042410720198,0.346801475564323,0.9166304501557805
1970-01-02 11:31:00,0.05606235784580766,0.36030614052749765,0.918280294492696
1970-01-02 11:32:00,0.059266949548344626,0.3747647891342894,0.9180629759399949
1970-01-02 11:33:00,0.06300550219474978,0.38997418706275244,0.916148636497879
1970-01-02 11:34:00,0.06725987409860758,0.4057417206269406,0.9127091309319535
1970-01-02 11:35:00,0.07200628847531186,0.4218875559162719,0.9079154152746799
1970-01-02 11:36:00,0.0772153762641583,0.4382459911703788,0.9019353705547009
1970-01-02 11:37:00,0.08285227220434778,0.4546659943706879,0.8949320902504704
1970-01-02 11:38:00,0.08887676715378799,0.47101095079667005,0.8870626404328459
1970-01-02 11:39:00,0.09524351942303287,0.4871576771389234,0.8784772822107356
1970-01-02 11:40:00,0.1019023274576129,0.5029947896328082,0.8693191270562024
1970-01-02 11:41:00,0.10879846547599328,0.5184205435090481,0.8597241769788009
1970-01-02 11:42:00,0.115873082635092,0.5333402893763152,0.8498216836481651
1970-01-02 11:43:00,0.12306366504098733,0.5476637168609074,0.839734744562786
1970-01-02 11:44:00,0.13030455863170434,0.5613020721337684,0.8295810427874059
1970-01-02 11:45:00,0.13752754973295367,0.5741655381663286,0.819473632682939
1970-01-02 11:46:00,0.14466249887218635,0.586160952750308,0.8095216785429572
1970-01-02 11:47:00,0.15163802221626257,0.5971900134476285,0.7998310642032403
1970-01-02 11:48:00,0.1583822139188986,0.6071480870274769,0.790504806353158
1970-01-02 11:49:00,0.1648234018737695,0.6159237077785756,0.7816432203346727
1970-01-02 11:50:00,0.1708909288834769,0.6233988157061942,0.7733438039341638
1970-01-02 11:51:00,0.1765159510002359,0.6294497522934495,0.7657008219111721
1970-01-02 11:52:00,0.18163224464778827,0.6339489982427948,0.7588045917270497
1970-01-02 11:53:00,0.1861770138919959,0.6367676039735468,0.7527404891351785
1970-01-02 11:54:00,0.19009168868304738,0.6377782291404109,0.747587710931862
1970-01-02 11:55:00,0.19332270407340432,0.6368586729529269,0.743417850720395
1970-01-02 11:56:00,0.19582224965162345,0.6338957461663502,0.7402933602178305
1970-01-02 11:57:00,0.19754897806342153,0.6287893139191345,0.7382659802764002
1970-01-02 11:58:00,0.1984686615904513,0.6214563306280235,0.7373752296225066
1970-01-02 11:59:00,0.1985547861578494,0.6118346938024531,0.7376470352363598
1970-01-02 12:00:00,0.19778907262497444,0.5998867584516762,0.7390925788923977
1970-01-02 12:01:00,0.19616191564655427,0.5856023727614839,0.7417074226545299
1970-01-02 12:02:00,0.1936727307623228,0.5690013161918673,0.7454709637633685
1970-01-02 12:03:00,0.1903302007473761,0.550135042369236,0.750346256853845
1970-01-02 12:04:00,0.1861524127091055,0.5290876511388758,0.7562802288195347
1970-01-02 12:05:00,0.18116687802278017,0.5059760370589036,0.7632042987954681
1970-01-02 12:06:00,0.17541042806670945,0.4809491856332458,0.7710354024996946
1970-01-02 12:07:00,0.16892898000130888,0.45418661387234643,0.7796774063734421
1970-01-02 12:08:00,0.16177716864830236,0.4258959784752468,0.7890228824900112
1970-01-02 12:09:00,0.15401784287602163,0.39630990313141795,0.7989552000939883
1970-01-02 12:10:00,0.14572142770806476,0.3656821059703299,0.8093508741385976
1970-01-02 12:11:00,0.13696515646444757,0.33428293762373595,0.8200820963918335
1970-01-02 12:12:00,0.1278321802281503,0.30239446571766554,0.8310193633428679
1970-01-02 12:13:00,0.11841056433279766,0.270305257279674,0.8420341109226192
1970-01-02 12:14:00,0.10879218333956252,0.2383050135018708,0.853001270579338
1970-01-02 12:15:00,0.09907152782580203,0.2066792037514604,0.8638016723694405
1970-01-02 12:16:00,0.08934443929788237,0.17570383257013372,0.8743242345145414
1970-01-02 12:17:00,0.07970679417296733,0.14564045844040951,0.8844678926699687
1970-01-02 12:18:00,0.07025316342132314,0.11673156867065891,0.8941432351588939
1970-01-02 12:19:00,0.06107547944599516,0.08919640311412677,0.9032738224853176
1970-01-02 12:20:00,0.05226174414555901,0.06322731195415854,0.9117971800501513
1970-01-02 12:21:00,0.043894810775127864,0.03898672753053905,0.9196654615350304
1970-01-02 12:22:00,0.036051267606689356,0.01660482198228157,0.9268457868124096
1970-01-02 12:23:00,0.028800444877899144,-0.0038220930186783266,0.9333202629324361
1970-01-02 12:24:00,0.022203559514578666,-0.022232390800081936,0.9390857001371511
1970-01-02 12:25:00,0.01631300563509352,-0.0385991706889737,0.9441530373614416
1970-01-02 12:26:00,0.011171793617639795,-0.05292953236782715,0.9485464940862379
1970-01-02 12:27:00,0.00681313717544126,-0.0652631211971829,0.952302468617755
1970-01-02 12:28:00,0.0032601869962955833,-0.0756699980404049,0.9554682071668574
1970-01-02 12:29:00,0.0005259109955152675,-0.08424789952061505,0.9581002729055053
1970-01-02 12:30:00,-0.0013868761921413872,-0.09111896603730849,0.9602628485227457
1970-01-02 12:31:00,-0.0024853304143728715,-0.09642602668983846,0.9620259092779302
1970-01-02 12:32:00,-0.002786239317639479,-0.10032854125033555,0.9634633067206286
1970-01-02 12:33:00,-0.002315529714317845,-0.10299830726059452,0.9646508070403745
1970-01-02 12:34:00,-0.0011076289997454698,-0.10461504476557633,0.9656641327681567
1970-01-02 12:35:00,0.0007953053744960614,-0.10536197412703505,0.9665770617276621
1970-01-02 12:36:00,0.0033442690075025706,-0.1054215065733211,0.9674596415448486
1970-01-02 12:37:00,0.006484382188992198,-0.1049711734468947,0.968376580165264
1970-01-02 12:38:00,0.010155922586682018,-0.10417992420262659,0.9693858708862667
1970-01-02 12:39:00,0.014295390544214508,-0.1032049156666086,0.9705377021815085
1970-01-02 12:40:00,0.01883658088856912,-0.10218888774263928,0.9718736864225207
1970-01-02 12:41:00,0.023711640107767655,-0.10125817533249969,0.9734264185760629
1970-01-02 12:42:00,0.02885209339783929,-0.10052135602137217,0.9752193510468908
1970-01-02 12:43:00,0.03418983033209281,-0.10006849459742939,0.9772669506712154
1970-01-02 12:44:00,0.039658039847139386,-0.0999709265413923,0.9795750925490854
1970-01-02 12:45:00,0.04519208539395672,-0.10028151856444852,0.9821416424841086
1970-01-02 12:46:00,0.05073031063371133,-0.10103534545745457,0.9849571820947698
1970-01-02 12:47:00,0.056214765825989534,-0.1022507229591047,0.988005835221305
1970-01-02 12:48:00,0.06159184542987559,-0.10393053511231821,0.9912661595102026
1970-01-02 12:49:00,0.06681282852498614,-0.10606379303084966,0.9947120723667785
1970-01-02 12:50:00,0.07183431538180589,-0.1086273617542545,0.9983137854939255
1970-01-02 12:51:00,0.07661855561715734,-0.1115877938251112,1.0020387267601636
1970-01-02 12:52:00,0.08113366560387111,-0.11490321241518488,1.0058524320340487
1970-01-02 12:53:00,0.08535373504762445,-0.11852519276789134,1.009719392876623
1970-01-02 12:54:00,0.08925882487056248,-0.12240059766988225,1.013603848710228
1970-01-02 12:55:00,0.09283486072045119,-0.1264733298773679,1.017470514431564
1970-01-02 12:56:00,0.09607342855842213,-0.13068597137574764,1.0212852365237106
1970-01-02 12:57:00,0.09897148090718177,-0.1349812856976086,1.0250155726315235
1970-01-02 12:58:00,0.10153096441536721,-0.13930356505495634,1.0286312913695506
1970-01-02 12:59:00,0.10375838121445667,-0.14359980869901615,1.032104790870114
1970-01-02 13:00:00,0.1056642978634061,-0.14782072273379085,1.0354114362582492
1970-01-02 13:01:00,0.10726281628750582,-0.15192153470547504,1.0385298178393487
1970-01-02 13:02:00,0.10857102088702342,-0.15586261900757667,1.0414419332365246
1970-01-02 13:03:00,0.10960841492012263,-0.15960993190690312,1.0441332979220126
1970-01-02 13:04:00,0.11039635756684028,-0.16313525802664686,1.0465929894898576
1970-01-02 13:05:00,0.11095751111360816,-0.1664162734269334,1.048813631594905
1970-01-02 13:06:00,0.11131530578218302,-0.1694364339618138,1.0507913237273372
1970-01-02 13:07:00,0.1114934280215762,-0.17218470114927475,1.0525255229570434
1970-01-02 13:08:00,0.11151533657447171,-0.17465512084904594,1.0540188836259947
1970-01-02 13:09:00,0.11140380924602762,-0.17684627212654846,1.0552770608513
1970-01-02 13:10:00,0.11118052208241895,-0.17876060476835573,1.0563084836631516
1970-01-02 13:11:00,0.11086566183087711,-0.18040368444317412,1.0571241035371222
1970-01-02 13:12:00,0.11047757235031325,-0.1817833650843408,1.057737123832006
1970-01-02 13:13:00,0.11003243612857994,-0.1829089090568101,1.0581627151348105
1970-01-02 13:14:00,0.10954399304080822,-0.18379007685670032,1.0584177208339909
1970-01-02 13:15:00,0.10902329959053729,-0.18443620898634752,1.0585203565703636
1970-01-02 13:16:00,0.10847853274403921,-0.18485532304905586,1.0584899066505051
1970-01-02 13:17:00,0.10791484287869436,-0.18505324923053335,1.058346420011686
1970-01-02 13:18:00,0.10733426028562205,-0.1850328275370805,1.058110407797921
1970-01-02 13:19:00,0.10673565919239447,-0.18479319062337096,1.0578025439608651
1970-01-02 13:20:00,0.10611478258033404,-0.18432915638582617,1.057443369570487
1970-01-02 13:21:00,0.10546433031218698,-0.1836307537300404,1.057053000917411
1970-01-02 13:22:00,0.10477411224129349,-0.1826829022584274,1.0566508412626174
1970-01-02 13:23:00,0.10403126691423423,-0.1814652623227479,1.0562552963002612
1970-01-02 13:24:00,0.10322054514661191,-0.17995226667782815,1.0558834938942925
1970-01-02 13:25:00,0.10232465612446896,-0.17811333883220742,1.0555510092776843
1970-01-02 13:26:00,0.10132467166779532,-0.1759132956659095,1.0552715976177087
1970-01-02 13:27:00,0.10020048187286794,-0.17331292375636892,1.0550569365932576
1970-01-02 13:28:00,0.09893129278196762,-0.17026971214238426,1.0549163822652023
1970-01-02 13:29:00,0.09749615445059549,-0.1667387200823373,1.0548567419728083
1970-01-02 13:30:00,0.09587450621595174,-0.1626735558691051,1.0548820683485018
1970-01-02 13:31:00,0.09404672538145277,-0.1580274404862074,1.0549934789514481
1970-01-02 13:32:00,0.09199466592814921,-0.1527543273455166,1.055189006495186
1970-01-02 13:33:00,0.08970217498408939,-0.14681004712308088,1.055463485053798
1970-01-02 13:34:00,0.08715557613799255,-0.14015344569311855,1.0558084777666858
1970-01-02 13:35:00,0.08434410962562927,-0.13274748396422703,1.0562122512100436
1970-01-02 13:36:00,0.08126031950131828,-0.1245602709845666,1.056659800710239
1970-01-02 13:37:00,0.07790037745272375,-0.11556600502198414,1.0571329297356107
1970-01-02 13:38:00,0.07426433294396131,-0.10574580030528763,1.0576103855537928
1970-01-02 13:39:00,0.07035628074884082,-0.09508837985303727,1.0580680526484396
1970-01-02 13:40:00,0.0661844398238232,-0.08359061872776806,1.0584792045639948
1970-01-02 13:41:00,0.061761141522209566,-0.07125792831538559,1.0588148135106719
1970-01-02 13:42:00,0.057102729738541705,-0.0581044807059953,1.0590439152329338
1970-01-02 13:43:00,0.05222937983611569,-0.04415328172914264,1.059134024711705
1970-01-02 13:44:00,0.04716484641534361,-0.02943611009048262,1.0590515967107894
1970-01-02 13:45:00,0.041936151901447186,-0.013993346868562507,1.0587625242794574
1970-01-02 13:46:00,0.03657322869760972,0.0021262768004527066,1.0582326680832286
1970-01-02 13:47:00,0.031108527416348522,0.018865986069401524,1.0574284096609174
1970-01-02 13:48:00,0.025576602659539815,0.036161297959623445,1.0563172221717807
1970-01-02 13:49:00,0.02001368626700398,0.053940366423359455,1.054868252707996
1970-01-02 13:50:00,0.014457256134774738,0.07212432447168651,1.0530529106126554
1970-01-02 13:51:00,0.008945606716896986,0.0906276214528965,1.0508454562663234
1970-01-02 13:52:00,0.00351742524637373,0.10935836691405927,1.0482235843481036
1970-01-02 13:53:00,-0.0017886243715119707,0.12821870615697786,1.0451689945910312
1970-01-02 13:54:00,-0.006934310027604937,0.14710526266026674,1.0416679416219035
1970-01-02 13:55:00,-0.011882233869726942,0.16590968558484973,1.0377117539705458
1970-01-02 13:56:00,-0.01659623104173367,0.1845193358181314,1.0332973113415704
1970-01-02 13:57:00,-0.02104176633280615,0.20281813309275953,1.0284274690956114
1970-01-02 13:58:00,-0.025186328745052954,0.22068757197470876,1.0231114193688866
1970-01-02 13:59:00,-0.028999822287665303,0.2380078991546835,1.017364978936842
1970-01-02 14:00:00,-0.032454950236051605,0.2546594332170079,1.0112107945430122
1970-01-02 14:01:00,-0.03552758963555822,0.2705240038603715,1.0046784568728038
1970-01-02 14:02:00,-0.03819715233496826,0.2854864874731286,0.9978045147050173
1970-01-02 14:03:00,-0.040446927590263984,0.29943641333736504,0.9906323813792266
1970-01-02 14:04:00,-0.04226439910914562,0.31226960606785753,0.9832121271098289
1970-01-02 14:05:00,-0.04364152685657935,0.32388981786617294,0.9756001530749058
1970-01-02 14:06:00,-0.04457498194592753,0.3342102939801184,0.9678587462068939
1970-01-02 14:07:00,-0.045066322311471965,0.34315520994816406,0.9600555164419937
1970-01-02 14:08:00,-0.04512209782451093,0.350660920781454,0.9522627202370864
1970-01-02 14:09:00,-0.044753875590410476,0.3566769692813878,0.94455647528788
1970-01-02 14:10:00,-0.04397817858548176,0.3611668112764577,0.9370158718096888
1970-01-02 14:11:00,-0.04281633309505571,0.36410822786818836,0.9297219858447552
1970-01-02 14:12:00,-0.04129422256055354,0.36549340769613575,0.922756800178191
1970-01-02 14:13:00,-0.03944194759922945,0.3653286952298469,0.9162020388162597
1970-01-02 14:14:00,-0.037293394272727286,0.36363401394135025,0.9101379217373743
1970-01-02 14:15:00,-0.03488571519443356,0.3604419858585311,0.9046418478216495
1970-01-02 14:16:00,-0.03225873075790735,0.3557967815082343,0.8997870155048452
1970-01-02 14:17:00,-0.029454260631016287,0.3497527467376639,0.8956409927590213
1970-01-02 14:18:00,-0.026515398734873033,0.34237286538254885,0.8922642504353135
1970-01-02 14:19:00,-0.02348574821287926,0.3337271285471682,0.8897086758616586
1970-01-02 14:20:00,-0.020408636116650496,0.3238908897269836,0.8880160871437672
1970-01-02 14:21:00,-0.017326330040611248,0.3129432852330198,0.8872167732529571
1970-01-02 14:22:00,-0.014279280096271567,0.30096578681716873,0.887328090725702
1970-01-02 14:23:00,-0.011305409382466537,0.28804092776779155,0.888353154151072
1970-01-02 14:24:00,-0.008439474974141494,0.2742512098780602,0.8902796641354861
1970-01-02 14:25:00,-0.0057125199092375074,0.2596781634673439,0.893078923020195
1970-01-02 14:26:00,-0.0031514347703292113,0.24440150237958677,0.8967050945326563
1970-01-02 14:27:00,-0.0007786447532522742,0.22849829695920973,0.9010947662163952
1970-01-02 14:28:00,0.0013880661923935695,0.21204208683117864,0.9061668695805329
1970-01-02 14:29:00,0.0033355888269091943,0.195101874386602,0.9118230010776615
1970-01-02 14:30:00,0.005055382039663715,0.17774097483885734,0.9179481689551503
1970-01-02 14:31:00,0.006543236642331405,0.16001574122119921,0.9244119699633601
1970-01-02 14:32:00,0.007798927452081731,0.14197422442712945,0.9310701790982144
1970-01-02 14:33:00,0.008825777634622035,0.12365486172857101,0.9377667179907161
1970-01-02 14:34:00,0.009630163038062942,0.10508530572307485,0.9443359552313022
1970-01-02 14:35:00,0.01022098510931685,0.08628150649382377,0.950605284671662
1970-01-02 14:36:00,0.010609138899798665,0.06724714483150186,0.9563979237307413
1970-01-02 14:37:00,0.010806998325373737,0.04797348905825173,0.9615358713321495
1970-01-02 14:38:00,0.010827935486336121,0.028439718761854502,0.9658429638876591
1970-01-02 14:39:00,0.010685885736276626,0.0086137307016509,0.969147967814187
1970-01-02 14:40:00,0.010394966081210058,-0.011546582394699165,0.9712876482362656
1970-01-02 14:41:00,0.00996915150467328,-0.03209161053637164,0.9721097552468911
1970-01-02 14:42:00,0.009422011627272341,-0.05307791151068788,0.9714758709985055
1970-01-02 14:43:00,0.008766508329912182,-0.07456576710019806,0.9692640630396445
1970-01-02 14:44:00,0.0080148533440109,-0.09661648871804998,0.9653712918972079
1970-01-02 14:45:00,0.007178423205700187,-0.11928956129476331,0.95971552398853
1970-01-02 14:46:00,0.006267727354666924,-0.14263972161242852,0.9522375046975567
1970-01-02 14:47:00,0.0052924236476489354,-0.16671407090155912,0.9429021512174757
1970-01-02 14:48:00,0.004261374350931125,-0.19154932128273036,0.9316995307125439
1970-01-02 14:49:00,0.003182734884896891,-0.2171692719313707,0.9186453963131532
1970-01-02 14:50:00,0.0020640671416300364,-0.24358260422545872,0.9037812611935109
1970-01-02 14:51:00,0.0009124688840150438,-0.27078107613179075,0.8871739993997149
1970-01-02 14:52:00,-0.00026528962770953836,-0.2987381851141425,0.8689149712341537
1970-01-02 14:53:00,-0.0014626311223109674,-0.32740835616865116,0.8491186809331991
1970-01-02 14:54:00,-0.0026730487980531435,-0.3567266973859035,0.8279209851150674
1970-01-02 14:55:00,-0.0038900059572878187,-0.38660934959742516,0.80547688189239
1970-01-02 14:56:00,-0.005106867172022493,-0.41695443791082243,0.7819579223494085
1970-01-02 14:57:00,-0.006316867503959109,-0.4476436088234184,0.7575492980605749
1970-01-02 14:58:00,-0.00751312135092964,-0.4785441063103232,0.7324466706622891
1970-01-02 14:59:00,-0.008688667093771455,-0.5095113075178416,0.7068528222625838
1970-01-02 15:00:00,-0.009836539964903197,-0.5403916104537813,0.6809742170054944
1970-01-02 15:01:00,-0.010949864213804686,-0.5710255488216127,0.6550175704688314
1970-01-02 15:02:00,-0.01202195604943418,-0.6012510060261729,0.6291865213489113
1970-01-02 15:03:00,-0.01304643003889279,-0.6309064099015655,0.6036784894274861
1970-01-02 15:04:00,-0.01401730303462782,-0.6598338067565109,0.5786817887661646
1970-01-02 15:05:00,-0.014929091019688177,-0.687881732539621,0.5543730491324569
1970-01-02 15:06:00,-0.015776895415035783,-0.7149078173024607,0.5309149837092768
1970-01-02 15:07:00,-0.01655647638332623,-0.7407810758104657,0.5084545276718386
1970-01-02 15:08:00,-0.017264311510393444,-0.7653838520482771,0.4871213602734612
1970-01-02 15:09:00,-0.017897638966023522,-0.788613398540506,0.4670268126377504
1970-01-02 15:10:00,-0.0184544848504564,-0.8103830829270185,0.4482631544617992
1970-01-02 15:11:00,-0.01893367493246351,-0.8306232241664745,0.4309032452242937
1970-01-02 15:12:00,-0.019334831394380483,-0.8492815691702499,0.4150005291811311
1970-01-02 15:13:00,-0.01965835553569392,-0.866323427672746,0.4005893483358821
1970-01-02 15:14:00,-0.019905397655654602,-0.8817314888116282,0.3876855436161259
1970-01-02 15:15:00,-0.020077815532976023,-0.8955053473181274,0.3762873115957077
1970-01-02 15:16:00,-0.020178123047920604,-0.9076607705039456,0.36637628219922147
1970-01-02 15:17:00,-0.02020943056346204,-0.9182287394796392,0.3579187818216517
1970-01-02 15:18:00,-0.020175378717237447,-0.9272542993496861,0.35086724609766495
1970-01-02 15:19:00,-0.020080067284647812,-0.9347952535996952,0.3451617470591021
1970-01-02 15:20:00,-0.019927980750954723,-0.9409207376185991,0.3407316005203793
1970-01-02 15:21:00,-0.019723912165555774,-0.9457097053803437,0.3374970211293177
1970-01-02 15:22:00,-0.019472886742350735,-0.9492493618423885,0.3353707945276288
1970-01-02 15:23:00,-0.01918008652896861,-0.9516335716974388,0.3342599384065484
1970-01-02 15:24:00,-0.01885077731489338,-0.9529612728307337,0.33406732685209134
1970-01-02 15:25:00,-0.018490238800437302,-0.9533349202703827,0.3346932551858639
1970-01-02 15:26:00,-0.018103698912701662,-0.952858983647113,0.3360369254562435
1970-01-02 15:27:00,-0.01769627303083404,-0.951638518271361,0.33799783575758774
1970-01-02 15:28:00,-0.017272908763451427,-0.9497778269547075,0.34047705959107527
1970-01-02 15:29:00,-0.016838336794039843,-0.9473792267085062,0.34337840447123974
1970-01-02 15:30:00,-0.01639702816711337,-0.9445419314981334,0.3466094418716859
1970-01-02 15:31:00,-0.015953158231675132,-0.9413610593638257,0.35008240334303087
1970-01-02 15:32:00,-0.015510577301546018,-0.9379267694804841,0.3537149401893319
1970-01-02 15:33:00,-0.015072787948356734,-0.9343235321543244,0.3574307464347616
1970-01-02 15:34:00,-0.014642928721606996,-0.9306295323710012,0.36116004694017273
1970-01-02 15:35:00,-0.014223763995076208,-0.9269162053370744,0.3648399544343494
1970-01-02 15:36:00,-0.013817679570750144,-0.9232479005074702,0.36841470090292716
1970-01-02 15:37:00,-0.013426683629082364,-0.9196816688746012,0.3718357502260329
1970-01-02 15:38:00,-0.013052412594132654,-0.916267166815035,0.37506180017308605
1970-01-02 15:39:00,-0.012696141476509371,-0.9130466685480811,0.3780586828527513
1970-01-02 15:40:00,-0.012358798255212845,-0.9100551782548861,0.3807991734839151
1970-01-02 15:41:00,-0.012040981850631946,-0.9073206321314472,0.3832627179088399
1970-01-02 15:42:00,-0.011742983219926265,-0.9048641800967449,0.3854350896236043
1970-01-02 15:43:00,-0.011464809076156242,-0.9027005365367181,0.3873079872663117
1970-01-02 15:44:00,-0.011206207702625808,-0.9008383893209407,0.38887858349408183
1970-01-02 15:45:00,-0.010966696312482087,-0.8992808563636604,0.3901490360098718
1970-01-02 15:46:00,-0.010745589395607722,-0.8980259791958627,0.39112597118368175
1970-01-02 15:47:00,-0.010542027502061877,-0.897067243352695,0.3918199502620231
1970-01-02 15:48:00,-0.010355005933983093,-0.8963941158442579,0.3922449275861906
1970-01-02 15:49:00,-0.010183402855377745,-0.895992590550542,0.39241770955825966
1970-01-02 15:50:00,-0.010026006380575023,-0.8958457330453159,0.3923574223238103
1970-01-02 15:51:00,-0.00988154026612728,-0.8959342170907105,0.39208499530568264
1970-01-02 15:52:00,-0.00974868790606885,-0.8962368458368574,0.3916226668461703
1970-01-02 15:53:00,-0.009626114414250288,-0.8967310515931332,0.3909935173157465
1970-01-02 15:54:00,-0.009512486665328973,-0.8973933688927884,0.3902210341425176
1970-01-02 15:55:00,-0.009406491250273052,-0.8981998764333105,0.38932871232444627
1970-01-02 15:56:00,-0.009306850373252474,-0.8991266043244536,0.38833969312012834
1970-01-02 15:57:00,-0.009212335766498278,-0.9001499039017817,0.3872764427851588
1970-01-02 15:58:00,-0.009121780725572785,-0.9012467781562062,0.3861604724392629
1970-01-02 15:59:00,-0.00903409037298681,-0.902395171581129,0.38501209942203024
1970-01-02 16:00:00,-0.008948250249706496,-0.9035742189413395,0.3838502498284325
1970-01-02 16:01:00,-0.008863333318209312,-0.9047644531163253,0.3826923013140754
1970-01-02 16:02:00,-0.008778505442520724,-0.9059479727605726,0.38155396472774533
1970-01-02 16:03:00,-0.008693029393826981,-0.9071085710499619,0.3804492026673671
1970-01-02 16:04:00,-0.008606267417113038,-0.9082318272418901,0.3793901826659031
1970-01-02 16:05:00,-0.008517682385916629,-0.9093051631642955,0.37838726239581333
1970-01-02 16:06:00,-0.008426837569127505,-0.910317867065253,0.3774490040332322
1970-01-02 16:07:00,-0.008333395035946618,-0.9112610875034574,0.37658221474381753
1970-01-02 16:08:00,-0.008237112732753528,-0.912127800145978,0.3757920101381976
1970-01-02 16:09:00,-0.008137840278794049,-0.9129127504680151,0.37508189749217397
1970-01-02 16:10:00,-0.008035513546319317,-0.9136123754226488,0.37445387553066284
1970-01-02 16:11:00,-0.007930148114955226,-0.9142247071682555,0.37390854762940007
1970-01-02 16:12:00,-0.00782183171914736,-0.9147492619112996,0.3734452453887308
1970-01-02 16:13:00,-0.007710715840194351,-0.9151869168501748,0.37306215967306994
1970-01-02 16:14:00,-0.0075970066282039376,-0.9155397780991935,0.37275647638163756
1970-01-02 16:15:00,-0.007480955371017045,-0.9158110423347707,0.372524514414852
1970-01-02 16:16:00,-0.007362848753416823,-0.9160048547406787,0.37236186352031675
1970-01-02 16:17:00,-0.007242999167449701,-0.9161261656401847,0.37226351993637563
1970-01-02 16:18:00,-0.007121735339559704,-0.9161805879960937,0.37222401799354954
1970-01-02 16:19:00,-0.006999393528815323,-0.9161742577403137,0.37223755607986175
1970-01-02 16:20:00,-0.006876309521863764,-0.9161136986656779,0.3722981156216721
1970-01-02 16:21:00,-0.006752811607520666,-0.9160056933781277,0.37239957197398643
1970-01-02 16:22:00,-0.006629214662565306,-0.9158571615725476,0.3725357963493726
1970-01-02 16:23:00,-0.006505815425565894,-0.9156750466657406,0.3727007481383791
1970-01-02 16:24:00,-0.006382888981366911,-0.9154662115983606,0.37288855718311
1970-01-02 16:25:00,-0.006260686428137518,-0.9152373444064126,0.3730935957570655
1970-01-02 16:26:00,-0.006139433653580841,-0.9149948739647675,0.3733105401778442
1970-01-02 16:27:00,-0.006019331108137565,-0.9147448961225935,0.37353442213523114
1970-01-02 16:28:00,-0.005900554431309116,-0.9144931102851876,0.3737606699560627
1970-01-02 16:29:00,-0.005783255762844915,-0.9142447663486533,0.37398514014928236
1970-01-02 16:30:00,-0.00566756555361751,-0.9140046217631962,0.37420413967988664
1970-01-02 16:31:00,-0.005553594681573072,-0.9137769083884455,0.37441443950908937
1970-01-02 16:32:00,-0.005441436676145129,-0.9135653087113874,0.37461328001026506
1970-01-02 16:33:00,-0.005331169859868098,-0.9133729409239223,0.37479836892681273
1970-01-02 16:34:00,-0.005222859228495425,-0.9132023523003793,0.3749678725800728
1970-01-02 16:35:00,-0.005116557910492063,-0.9130555202729047,0.3751204010638582
1970-01-02 16:36:00,-0.005012308072916735,-0.9129338605729244,0.3752549881779208
1970-01-02 16:37:00,-0.004910141172801804,-0.9128382417890485,0.37537106685670296
1970-01-02 16:38:00,-0.004810077490437163,-0.9127690056849567,0.37546844084301034
1970-01-02 16:39:00,-0.004712124922605611,-0.9127259926240598,0.3755472533398074
1970-01-02 16:40:00,-0.004616277058550238,-0.9127085714602643,0.37560795334823616
1970-01-02 16:41:00,-0.004522510607635955,-0.9127156732748418,0.3756512603673707
1970-01-02 16:42:00,-0.004430782293688072,-0.9127458283666483,0.37567812809235956
1970-01-02 16:43:00,-0.004341025375404415,-0.9127972059353686,0.3756897077036993
1970-01-02 16:44:00,-0.004253145993195473,-0.9128676559344019,0.37568731129257305
1970-01-02 16:45:00,-0.004167019577326622,-0.9129547526105632,0.37567237591658276
1970-01-02 16:46:00,-0.004082487575946114,-0.9130558392899758,0.37564642872781523
1970-01-02 16:47:00,-0.003999354769543675,-0.9131680740109391,0.3756110535619756
1970-01-02 16:48:00,-0.003917387427310721,-0.9132884756438795,0.37556785932417963
1970-01-02 16:49:00,-0.0038363125314542813,-0.9134139701756737,0.3755184504547159
1970-01-02 16:50:00,-0.0037558182524018648,-0.9135414368701348,0.3754643997073551
1970-01-02 16:51:00,-0.0036755558070140186,-0.913667754045968,0.3754072234241596
1970-01-02 16:52:00,-0.003595142778157385,-0.9137898442353803,0.37534835944471423
1970-01-02 16:53:00,-0.003514167920188598,-0.9139047184999014,0.3752891477446597
1970-01-02 16:54:00,-0.003432197422773686,-0.9140095196857162,0.3752308138586586
1970-01-02 16:55:00,-0.0033487825562294182,-0.9141015644000315,0.3751744551066769
1970-01-02 16:56:00,-0.0032634685761758976,-0.91417838348314,0.3751210296098304
1970-01-02 16:57:00,-0.003175804724413859,-0.9142377607378933,0.37507134805305337
1970-01-02 16:58:00,-0.00308535512699395,-0.914277769659564,0.37502606812645545
1970-01-02 16:59:00,-0.002991710359665255,-0.9142968078862214,0.374985691555312
1970-01-02 17:00:00,-0.0028944994254502202,-0.9142936290654617,0.37495056361001505
1970-01-02 17:01:00,-0.0027934018691592967,-0.9142673718095491,0.3749208749717697
1970-01-02 17:02:00,-0.0026881597394133538,-0.9142175853880233,0.37489666581709
1970-01-02 17:03:00,-0.002578589100395916,-0.9141442517843257,0.3748778319739399
1970-01-02 17:04:00,-0.0024645907933453334,-0.9140478037219262,0.3748641329943509
1970-01-02 17:05:00,-0.0023461601519627552,-0.9139291382479924,0.37485520198221023
1970-01-02 17:06:00,-0.0022233953866945743,-0.9137896254506199,0.3748505570102964
1970-01-02 17:07:00,-0.0020965043704678625,-0.9136311118801062,0.37484961395722
1970-01-02 17:08:00,-0.001965809583082911,-0.9134559182470476,0.37485170059238865
1970-01-02 17:09:00,-0.0018317510031658631,-0.9132668309820777,0.3748560717351667
1970-01-02 17:10:00,-0.0016948867752380249,-0.913067087265367,0.37486192531278073
1970-01-02 17:11:00,-0.0015558915245824,-0.9128603531695761,0.3748684191400014
1970-01-02 17:12:00,-0.0014155522431163426,-0.9126506946087234,0.3748746882420177
1970-01-02 17:13:00,-0.001274761723855374,-0.9124425408479473,0.3748798625400539
1970-01-02 17:14:00,-0.0011345095781961673,-0.9122406404046732,0.37488308471707144
1970-01-02 17:15:00,-0.0009958709274808938,-0.9120500092581838,0.3748835280783166
1970-01-02 17:16:00,-0.0008599929152083429,-0.9118758713800147,0.3748804142185634
1970-01-02 17:17:00,-0.0007280792342696757,-0.9117235917015307,0.3748730303047344
1970-01-02 17:18:00,-0.0006013729007023922,-0.9115986017491985,0.37486074577928263
1970-01-02 17:19:00,-0.00048113753076311816,-0.9115063183045226,0.3748430282864464
1970-01-02 17:20:00,-0.0003686373933999721,-0.9114520555844753,0.3748194586204665
1970-01-02 17:21:00,-0.0002651165176946272,-0.9114409315873364,0.3747897444923416
1970-01-02 17:22:00,-0.0001717771361513061,-0.9114777694050888,0.37475373290999126
1970-01-02 17:23:00,-8.975774113087564e-05,-0.9115669944639443,0.37471142096613547
1970-01-02 17:24:00,-2.011102482223911e-05,-0.9117125288165567,0.3746629648291363
1970-01-02 17:25:00,3.621803495778896e-05,-0.9119176837709104,0.37460868673486303
1970-01-02 17:26:00,7.841368782568093e-05,-0.9121850522995991,0.37454907978271307
1970-01-02 17:27:00,0.00010581027169091543,-0.9125164028258036,0.37448481034663894
1970-01-02 17:28:00,0.00011791217135750716,-0.91291257612415,0.37441671792276815
1970-01-02 17:29:00,0.00011441262284205578,-0.9133733872018729,0.3743458122493152
1970-01-02 17:30:00,9.521110706279726e-05,-0.9138975341357027,0.3742732675523024
1970-01-02 17:31:00,6.0429070677658665e-05,-0.9144825159304097,0.37420041379241564
1970-01-02 17:32:00,1.0423705313559005e-05,-0.9151245615337323,0.3741287248143552
1970-01-02 17:33:00,-5.4200489827177764e-05,-0.9158185721875929,0.37405980333046507
1970-01-02 17:34:00,-0.00013258264202786418,-0.9165580793144565,0.3739953627053188
1970-01-02 17:35:00,-0.0002235992186889843,-0.9173352201260667,0.3739372055473121
1970-01-02 17:36:00,-0.00032586080318570694,-0.9181407330942627,0.3738871991570803
1970-01-02 17:37:00,-0.00043771221135215863,-0.9189639753355745,0.3738472479305468
1970-01-02 17:38:00,-0.0005572362178827634,-0.9197929638288004,0.3738192628663281
1970-01-02 17:39:00,-0.0006822611471954911,-0.9206144422038175,0.37380512838267954
1970-01-02 17:40:00,-0.0008103725622297133,-0.9214139746073683,0.37380666670764445
1970-01-02 17:41:00,-0.0009389292566657992,-0.9221760678662575,0.37382560016694116
1970-01-02 17:42:00,-0.0010650837206889142,-0.9228843228301162,0.3738635117566396
1970-01-02 17:43:00,-0.0011858072073474982,-0.9235216153851286,0.3739218044509828
1970-01-02 17:44:00,-0.0012979194756011765,-0.9240703071890097,0.37400165975881994
1970-01-02 17:45:00,-0.0013981232272999042,-0.9245124856902378,0.37410399610394923
1970-01-02 17:46:00,-0.001483043188747028,-0.9248302324662822,0.3742294276640264
1970-01-02 17:47:00,-0.0015492697135214718,-0.925005918351764,0.3743782243583094
1970-01-02 17:48:00,-0.001593406702412826,-0.9250225232336718,0.37455027372502864
1970-01-02 17:49:00,-0.0016121235494072903,-0.9248639777723004,0.37474504547320536
1970-01-02 17:50:00,-0.0016022107306130722,-0.9245155236685381,0.3749615595298737
1970-01-02 17:51:00,-0.0015606385570021153,-0.9239640884468652,0.37519835843046
1970-01-02 17:52:00,-0.0014846185132423597,-0.9231986700690364,0.37545348491611324
1970-01-02 17:53:00,-0.001371666505261016,-0.9222107260490435,0.375724465605651
1970-01-02 17:54:00,-0.0012196672402597208,-0.9209945611183011,0.37600830160015053
1970-01-02 17:55:00,-0.0010269388666286432,-0.9195477069020325,0.3763014668538205
1970-01-02 17:56:00,-0.000792296909660019,-0.9178712865260271,0.37659991510451885
1970-01-02 17:57:00,-0.0005151164542671007,-0.9159703565936258,0.3768990961001762
1970-01-02 17:58:00,-0.00019539145013610322,-0.9138542185729436,0.3771939817826613
1970-01-02 17:59:00,0.00016621005010707983,-0.9115366913275181,0.3774791029977342
1970-01-02 18:00:00,0.0005682959609805937,-0.9090363363210572,0.3777485971883614
1970-01-02 18:01:00,0.0010087068205004422,-0.90637662694166,0.3779962673987917
1970-01-02 18:02:00,0.0014844803305342897,-0.903586053437545,0.37821565276869457
1970-01-02 18:03:00,0.0019918250797443635,-0.900698155148763,0.37840011053097694
1970-01-02 18:04:00,0.0025261047278541003,-0.8977514720690105,0.3785429093446453
1970-01-02 18:05:00,0.003081833887690347,-0.8947894082874266,0.3786373335966892
1970-01-02 18:06:00,0.003652686875951417,-0.8918600005492142,0.37867679809624427
1970-01-02 18:07:00,0.004231520415394646,-0.8890155860417961,0.37865497236242635
1970-01-02 18:08:00,0.004810411260925077,-0.8863123645643154,0.3785659134768225
1970-01-02 18:09:00,0.005380709589713565,-0.8838098514740673,0.3784042062356924
1970-01-02 18:10:00,0.005933108839642827,-0.8815702192206406,0.3781651090989188
1970-01-02 18:11:00,0.006457732499790319,-0.8796575268696589,0.37784470419646965
1970-01-02 18:12:00,0.006944238151169455,-0.8781368387737408,0.3774400494227848
1970-01-02 18:13:00,0.007381938826560662,-0.8770732354582778,0.37694933042960016
1970-01-02 18:14:00,0.007759941506702612,-0.8765307218393256,0.37637201012307736
1970-01-02 18:15:00,0.008067302298654593,-0.8765710400583087,0.3757089730867844
1970-01-02 18:16:00,0.008293197553010601,-0.8772523964747545,0.3749626621932941
1970-01-02 18:17:00,0.008427109871296943,-0.8786281146724081,0.37413720453926674
1970-01-02 18:18:00,0.008459027634375704,-0.8807452286738431,0.37323852374720656
1970-01-02 18:19:00,0.008379656348871419,-0.8836430328913423,0.37227443562690526
1970-01-02 18:20:00,0.008180639764836531,-0.8873516076318357,0.37125472418603744
1970-01-02 18:21:00,0.00785478836868783,-0.8918903411794865,0.3701911950273056
1970-01-02 18:22:00,0.007396312506559428,-0.8972664715518667,0.36909770327343944
1970-01-02 18:23:00,0.006801057051133825,-0.9034736729108621,0.36799015332523366
1970-01-02 18:24:00,0.006066734196845928,-0.9104907132543558,0.3668864679850299
1970-01-02 18:25:00,0.0051931506616989705,-0.9182802113688534,0.3658065247712506
1970-01-02 18:26:00,0.00418242529676075,-0.9267875220378072,0.36477205761051795
1970-01-02 18:27:00,0.0030391928649841074,-0.9359397791280132,0.3638065225232942
1970-01-02 18:28:00,0.001770789557786122,-0.9456451263707192,0.36293492641648556
1970-01-02 18:29:00,0.00038741567939154454,-0.9557921653687164,0.3621836186604591
1970-01-02 18:30:00,-0.0010977291462308666,-0.9662496495487942,0.3615800457554763
1970-01-02 18:31:00,-0.0026683428947728836,-0.9768664513960533,0.36115247007922413
1970-01-02 18:32:00,-0.00430495476094232,-0.9874718283161962,0.36092965444693476
1970-01-02 18:33:00,-0.005984899889946754,-0.997876009848487,0.3609405150008877
1970-01-02 18:34:00,-0.007682339379542588,-1.0078711256799833,0.36121374576754856
1970-01-02 18:35:00,-0.00936832935986565,-1.0172324899847351,0.36177741906713007
1970-01-02 18:36:00,-0.011010942505611071,-1.0257202530343328,0.3626585668190937
1970-01-02 18:37:00,-0.012575444778531453,-1.0330814258132697,0.363882748643378
1970-01-02 18:38:00,-0.014024529536770088,-1.0390522775487834,0.36547361349448404
1970-01-02 18:39:00,-0.015318610382147074,-1.0433610996677212,0.3674524623657723
1970-01-02 18:40:00,-0.01641617325006971,-1.0457313227775376,0.3698378203445704
1970-01-02 18:41:00,-0.017274187284310422,-1.0458849659070897,0.372645026963529
1970-01-02 18:42:00,-0.017848572987878807,-1.043546389522039,0.37588585435720395
1970-01-02 18:43:00,-0.018094725011469213,-1.0384463158510397,0.37956816317088343
1970-01-02 18:44:00,-0.01796808574493276,-1.030326071943668,0.3836956064558635
1970-01-02 18:45:00,-0.017424764630017072,-1.0189420027711826,0.3882673918954141
1970-01-02 18:46:00,-0.016422196832089692,-1.0040699937362558,0.3932781126115558
1970-01-02 18:47:00,-0.014919833615324249,-0.9855100343527369,0.39871765647699614
1970-01-02 18:48:00,-0.01287985548323672,-0.9630907477819118,0.4045712032714586
1970-01-02 18:49:00,-0.010267897900564508,-0.9366738045721033,0.4108193181495417
1970-01-02 18:50:00,-0.0070537782319661105,-0.906158133559144,0.41743814870089174
1970-01-02 18:51:00,-0.003212211449074993,-0.8714838386719104,0.4243997313562269
1970-01-02 18:52:00,0.0012764987964180845,-0.8326357275872178,0.43167241099888126
1970-01-02 18:53:00,0.006425807924133858,-0.7896463570412149,0.43922137535652406
1970-01-02 18:54:00,0.01224233177627468,-0.7425985003881947,0.447009303048491
1970-01-02 18:55:00,0.0187253166870146,-0.6916269459650558,0.4549971210294139
1970-01-02 18:56:00,0.02586619344859392,-0.6369195402323067,0.46314486358017526
1970-01-02 18:57:00,0.03364823008967276,-0.5787173977779287,0.47141262093544023
1970-01-02 18:58:00,0.04204629775379602,-0.5173142113393142,0.4797615610882252
1970-01-02 18:59:00,0.05102676293252439,-0.45305460926175883,0.4881550032636522
1970-01-02 19:00:00,0.060547517828873174,-0.3863315254972369,0.4965595159961699
1970-01-02 19:01:00,0.07055815866343314,-0.31758256856761685,0.5049460066694852
1970-01-02 19:02:00,0.08100031925100587,-0.24728540106969402,0.5132907627809669
1970-01-02 19:03:00,0.09180816413550186,-0.1759521703708226,0.5215763981058696
1970-01-02 19:04:00,0.10290904195235875,-0.10412306355924647,0.5297926497429937
1970-01-02 19:05:00,0.11422429552583878,-0.0323590932006276,0.5379369663328487
1970-01-02 19:06:00,0.12567022067738953,0.03876574900809051,0.5460148270644594
1970-01-02 19:07:00,0.13715916111827664,0.10867280940297634,0.5540397394026331
1970-01-02 19:08:00,0.14860072233135382,0.1767873815187727,0.5620328820020891
1970-01-02 19:09:00,0.1599030829285653,0.24254741609182237,0.5700223850717006
1970-01-02 19:10:00,0.1709743773395885,0.3054121339478191,0.5780422680201432
1970-01-02 19:11:00,0.18172411881571945,0.3648703453315842,0.5861310778833763
1970-01-02 19:12:00,0.19206462730430604,0.4204482905018339,0.5943302879758218
1970-01-02 19:13:00,0.2019124241790543,0.4717168353034211,0.6026825240148292
1970-01-02 19:14:00,0.21118955633396846,0.5182978786623613,0.6112296870037991
1970-01-02 19:15:00,0.21982481567386192,0.5598698548481522,0.6200110410012123
1970-01-02 19:16:00,0.22775482522739782,0.5961722408848904,0.6290613309738448
1970-01-02 19:17:00,0.2349249685561153,0.6270090068678936,0.6384089918978841
1970-01-02 19:18:00,0.24129014410911154,0.6522509724998682,0.6480745054927172
1970-01-02 19:19:00,0.24681533051734605,0.6718370563542375,0.6580689555820236
1970-01-02 19:20:00,0.25147595262581673,0.6857744253573149,0.6683928270857779
1970-01-02 19:21:00,0.25525804159546234,0.6941375710305568,0.6790350870056371
1970-01-02 19:22:00,0.258158186125137,0.6970663564247706,0.6899725783058183
1970-01-02 19:23:00,0.2601832762586193,0.694763093723853,0.7011697490243851
1970-01-02 19:24:00,0.26135004663280936,0.6874887275621849,0.7125787290496484
1970-01-02 19:25:00,0.2616844322469242,0.6755582135833279,0.7241397557880562
1970-01-02 19:26:00,0.26122075646396037,0.6593351960577191,0.7357819376717994
1970-01-02 19:27:00,0.2600007776229328,0.6392261028302841,0.747424331349266
1970-01-02 19:28:00,0.2580726271741353,0.6156737906693007,0.7589772946452581
1970-01-02 19:29:00,0.25548967846610954,0.5891508884597977,0.7703440634762876
1970-01-02 19:30:00,0.25230939050503726,0.5601529963570347,0.781422488582797
1970-01-02 19:31:00,0.2485921736545487,0.5291919000775401,0.7921068604613924
1970-01-02 19:32:00,0.24440032272225792,0.49678894599823026,0.8022897513791816
1970-01-02 19:33:00,0.2397970568432998,0.4634686951390876,0.8118638121833702
1970-01-02 19:34:00,0.23484569629650934,0.4297529382633376,0.8207234759123898
1970-01-02 19:35:00,0.2296089954316222,0.39615511770642,0.8287665361280127
1970-01-02 19:36:00,0.2241486387160287,0.36317517087784856,0.8358955826901732
1970-01-02 19:37:00,0.21852489314950083,0.3312947901171473,0.842019290181771
1970-01-02 19:38:00,0.21279639510966725,0.3009730825711563,0.8470535643784087
1970-01-02 19:39:00,0.20702003472965566,0.2726426050864292,0.8509225607081755
1970-01-02 19:40:00,0.20125088916536107,0.24670573756657987,0.8535595956930724
1970-01-02 19:41:00,0.1955421511440264,0.22353134712672207,0.8549079765609001
1970-01-02 19:42:00,0.18994500368150155,0.20345169292478898,0.8549217733616642
1970-01-02 19:43:00,0.18450840573757732,0.18675953234283357,0.8535665508650563
1970-01-02 19:44:00,0.17927877359916702,0.17370541141101162,0.850820065343905
1970-01-02 19:45:00,0.17429956422678997,0.16449515114637953,0.8466729167314029
1970-01-02 19:46:00,0.16961078513060335,0.1592875724883751,0.841129132344701
1970-01-02 19:47:00,0.16524846701371526,0.1581925328326579,0.8342066464846306
1970-01-02 19:48:00,0.1612441391994478,0.16126937320535342,0.8259376324959062
1970-01-02 19:49:00,0.15762434548494847,0.16852589104546173,0.8163686419932212
1970-01-02 19:50:00,0.15441023249403082,0.17991795463130472,0.8055605105680549
1970-01-02 19:51:00,0.1516172358516707,0.1953498622883616,0.7935879989687749
1970-01-02 19:52:00,0.14925488243533128,0.21467552776816973,0.7805391509568052
1970-01-02 19:53:00,0.14732672005459224,0.23770054664250537,0.7665143618348333
1970-01-02 19:54:00,0.14583037949967437,0.26418516793901087,0.7516251639923609
1970-01-02 19:55:00,0.1447577680426526,0.29384815970068745,0.7359927472172171
1970-01-02 19:56:00,0.14409538801438598,0.3263715166431603,0.7197462420344641
1970-01-02 19:57:00,0.14382476888069962,0.3614059144910865,0.7030208044644396
1970-01-02 19:58:00,0.14392299647748905,0.39857677287125814,0.6859555505324059
1970-01-02 19:59:00,0.1443633193081678,0.43749075274204213,0.66869139767831
1970-01-02 20:00:00,0.14511580975102767,0.4777424920206985,0.6513688758299546
1970-01-02 20:01:00,0.14614805800409994,0.5189213790751268,0.6341259713201934
1970-01-02 20:02:00,0.1474258782952803,0.5606181774461195,0.6170960618405568
1970-01-02 20:03:00,0.148914009494596,0.6024313404295213,0.6004059921032976
1970-01-02 20:04:00,0.15057679497074125,0.6439728835134911,0.5841743302120153
1970-01-02 20:05:00,0.15237882892725738,0.6848737114383004,0.5685098353427275
1970-01-02 20:06:00,0.15428555854473594,0.7247883232141391,0.5535101586609922
1970-01-02 20:07:00,0.15626383320799944,0.7633988425199977,0.5392607915213192
1970-01-02 20:08:00,0.15828239400430455,0.8004183424952225,0.5258342679178536
1970-01-02 20:09:00,0.16031229852060908,0.8355934530540585,0.5132896218686668
1970-01-02 20:10:00,0.162327277678689,0.8687062555589024,0.5016720949109379
1970-01-02 20:11:00,0.16430402287728418,0.8995754840510048,0.4910130841549956
1970-01-02 20:12:00,0.16622240304433591,0.9280570643457774,0.48133031737340354
1970-01-02 20:13:00,0.16806561233389863,0.9540440322636599,0.4726282383465845
1970-01-02 20:14:00,0.16982025011930463,0.9774658802165391,0.4648985830903739
1970-01-02 20:15:00,0.17147633563686493,0.9982873874403635,0.45812112559697793
1970-01-02 20:16:00,0.17302726016271552,1.0165069934852402,0.45226457029866735
1970-01-02 20:17:00,0.1744696800366819,1.0321547772644208,0.44728756760812266
1970-01-02 20:18:00,0.17580335426187546,1.0452901051505838,0.44313982858774714
1970-01-02 20:19:00,0.17703093085063795,1.0559990114451145,0.43976331499858423
1970-01-02 20:20:00,0.17815768655035297,1.0643913732111028,0.4370934815880861
1970-01-02 20:21:00,0.17919122503689175,1.070597939134963,0.43506054840241315
1970-01-02 20:22:00,0.18014113908380192,1.0747672689354502,0.4335907820787854
1970-01-02 20:23:00,0.18101864258375527,1.0770626360298283,0.4326077664332882
1970-01-02 20:24:00,0.18183617860146292,1.0776589418393683,0.43203364417623114
1970-01-02 20:25:00,0.18260700986906905,1.0767396854021691,0.4317903132357871
1970-01-02 20:26:00,0.1833447982996178,1.0744940269839878,0.43180056291705
1970-01-02 20:27:00,0.18406318020011822,1.071113979252926,0.43198913692802315
1970-01-02 20:28:00,0.1847753439242701,1.0667917544154448,0.4322837121408532
1970-01-02 20:29:00,0.1854936167275938,1.0617172905904633,0.432615783818839
1970-01-02 20:30:00,0.18622906758500146,1.0560759757063156,0.4329214499234042
1970-01-02 20:31:00,0.18699113271064607,1.0500465824148653,0.4331420890067676
1970-01-02 20:32:00,0.18778727048052196,1.043799422992057,0.43322492807422797
1970-01-02 20:33:00,0.18862265238214332,1.0374947289871468,0.433123498647158
1970-01-02 20:34:00,0.18949989646815113,1.031281256531783,0.43279798107494705
1970-01-02 20:35:00,0.19041884952024046,1.0252951147487441,0.4322154389586224
1970-01-02 20:36:00,0.19137642367940652,1.019658811624509,0.4313499473952019
1970-01-02 20:37:00,0.19236649263880218,1.0144805090444309,0.43018262063590523
1970-01-02 20:38:00,0.19337985164508545,1.0098534764430183,0.4287015466429479
1970-01-02 20:39:00,0.19440424456079886,1.0058557306974698,0.42690163786966007
1970-01-02 20:40:00,0.19542446015656262,1.0025498485152493,0.42478440922737737
1970-01-02 20:41:00,0.19642249868623027,0.9999829367186013,0.4223576953115992
1970-01-02 20:42:00,0.19737780871380486,0.9981867456135172,0.4196353191424642
1970-01-02 20:43:00,0.1982675931422383,0.9971779110628287,0.41663672378660016
1970-01-02 20:44:00,0.19906718241818494,0.9969583118401653,0.4133865765272716
1970-01-02 20:45:00,0.1997504719007265,0.997515530138157,0.4099143531729058
1970-01-02 20:46:00,0.20029041936701622,0.9988234045840229,0.40625390797311733
1970-01-02 20:47:00,0.20065959762215338,1.0008426666670682,0.402443032629521
1970-01-02 20:48:00,0.20083079623753383,1.0035216530203184,0.3985230061540112
1970-01-02 20:49:00,0.2007776655759679,1.0067970874590193,0.39453813590246395
1970-01-02 20:50:00,0.20047539544623,1.0105949280200592,0.3905352890137554
1970-01-02 20:51:00,0.1999014199325034,1.0148312754388071,0.3865634126985618
1970-01-02 20:52:00,0.19903613915432103,1.0194133405157324,0.3826730413256288
1970-01-02 20:53:00,0.1978636479399944,1.0242404686330788,0.37891578802831266
1970-01-02 20:54:00,0.19637246065956981,1.0292052202445132,0.37534381860930655
1970-01-02 20:55:00,0.19455622077537715,1.0341945064393263,0.37200930588738473
1970-01-02 20:56:00,0.19241438303464506,1.0390907786496884,0.36896386332319453
1970-01-02 20:57:00,0.18995285565709333,1.0437732712173582,0.36625795775102504
1970-01-02 20:58:00,0.1871845893785027,1.0481192948758482,0.3639403022636689
1970-01-02 20:59:00,0.1841300998219538,1.0520055782540798,0.36205723168201465
1970-01-02 21:00:00,0.18081790939986772,1.055309653284167,0.36065206455360194
1970-01-02 21:01:00,0.17728489481331258,1.057911278912061,0.3597644572513061
1970-01-02 21:02:00,0.173576526232039,1.0596938957947735,0.35942975741920585
1970-01-02 21:03:00,0.16974698446536107,1.0605461027885363,0.35967836554927823
1970-01-02 21:04:00,0.1658591429496522,1.0603631440746941,0.36053511463420557
1970-01-02 21:05:00,0.16198440224217608,1.0590483937901165,0.3620186785340627
1970-01-02 21:06:00,0.15820236594942255,1.0565148230199994,0.364141020061627
1970-01-02 21:07:00,0.15460034866900804,1.0526864319136757,0.3669068901264401
1970-01-02 21:08:00,0.15127270866538509,1.0474996274422796,0.37031338982193795
1970-01-02 21:09:00,0.14832000067020676,1.040904524976569,0.3743496080832512
1970-01-02 21:10:00,0.14584794728778416,1.032866149619186,0.3789963482181731
1970-01-02 21:11:00,0.14396623078541898,1.02336551131836,0.3842259569345751
1970-01-02 21:12:00,0.1427871104332136,1.0124005263544467,0.3900022693746105
1970-01-02 21:13:00,0.14242387405077306,0.9999867568523206,0.3962806831960397
1970-01-02 21:14:00,0.14298913607274638,0.9861579395578479,0.4030083739555158
1970-01-02 21:15:00,0.1445929982447463,0.9709662753085562,0.41012466289297317
1970-01-02 21:16:00,0.14734109293157252,0.9544824515353164,0.4175615466181402
1970-01-02 21:17:00,0.15133253288914714,0.9367953718474038,0.42524439612948345
1970-01-02 21:18:00,0.1566577951732335,0.918011569354455,0.43309283004738963
1970-01-02 21:19:00,0.1633965705811064,0.8982542839393439,0.4410217639099822
1970-01-02 21:20:00,0.17161561357171465,0.8776621882905593,0.4489426338594365
1970-01-02 21:21:00,0.1813666309106443,0.856387753200546,0.4567647890446567
1970-01-02 21:22:00,0.1926842502859716,0.8345952495005416,0.4643970425748721
1970-01-02 21:23:00,0.20558411278457006,0.8124583920935334,0.4717493658526802
1970-01-02 21:24:00,0.22006113531221638,0.7901576409234435,0.4787347055749331
1970-01-02 21:25:00,0.23608799065451713,0.7678771844341655,0.4852708966078205
1970-01-02 21:26:00,0.25361385375751067,0.7458016431768677,0.491282637302845
1970-01-02 21:27:00,0.2725634627956768,0.7241125447590899,0.4967034866088314
1970-01-02 21:28:00,0.29283654255364705,0.7029846363074848,0.5014778345852109
1970-01-02 21:29:00,0.3143076354981759,0.6825821170132002,0.5055627897274433
1970-01-02 21:30:00,0.3368263826271649,0.6630548911004372,0.5089299179805427
1970-01-02 21:31:00,0.36021829169386255,0.6445349604059694,0.511566759648909
1970-01-02 21:32:00,0.3842860244225963,0.6271330938378601,0.513478042666509
1970-01-02 21:33:00,0.4088112259559549,0.6109359230276351,0.5146865069569968
1970-01-02 21:34:00,0.43355690748454273,0.5960036119111524,0.5152332595194015
1970-01-02 21:35:00,0.4582703756612406,0.5823682284546673,0.5151775962887689
1970-01-02 21:36:00,0.4826866803936777,0.5700329122651938,0.5145962531723897
1970-01-02 21:37:00,0.5065325276674163,0.5589718896400095,0.5135820805290079
1970-01-02 21:38:00,0.52953057809842,0.549131343557315,0.5122421687637942
1970-01-02 21:39:00,0.5514040272729417,0.540431103392742,0.5106954845433693
1970-01-02 21:40:00,0.5718813446520516,0.532767081340115,0.5090701034292215
1970-01-02 21:41:00,0.5907010387166336,0.5260143547514367,0.507500141115022
1970-01-02 21:42:00,0.607616318901576,0.52003077899161,0.5061224903776435
1970-01-02 21:43:00,0.6223995366036988,0.5146610117504983,0.5050734671106739
1970-01-02 21:44:00,0.6348463029929435,0.509740831882959,0.5044854609567921
1970-01-02 21:45:00,0.6447791970402725,0.5051016399251,0.5044836771378143
1970-01-02 21:46:00,0.6520509919743349,0.5005750321067227,0.505183047117167
1970-01-02 21:47:00,0.6565473422488953,0.49599734471203805,0.5066853768541555
1970-01-02 21:48:00,0.658188886212625,0.4912140709597318,0.5090767926023587
1970-01-02 21:49:00,0.6569327322314229,0.4860840580939055,0.5124255353756002
1970-01-02 21:50:00,0.6527733082967756,0.4804833979843397,0.5167801461429455
1970-01-02 21:51:00,0.6457425674453645,0.47430893013492975,0.5221680742817275
1970-01-02 21:52:00,0.6359095536737588,0.4674812817466111,0.5285947318151912
1970-01-02 21:53:00,0.6233793450527809,0.4599473760084049,0.5360430058763843
1970-01-02 21:54:00,0.6082914016258618,0.4516823481387509,0.5444732322524873
1970-01-02 21:55:00,0.5908173546988948,0.44269081981781166,0.553823624182966
1970-01-02 21:56:00,0.5711582812676054,0.43300749677027545,0.5640111428086046
1970-01-02 21:57:00,0.5495415133585965,0.42269707076678686,0.5749327884067525
1970-01-02 21:58:00,0.5262170380395115,0.41185342531357544,0.5864672842802032
1970-01-02 21:59:00,0.5014535505534851,0.4005981632032763,0.598477117503942
1970-01-02 22:00:00,0.4755342308278034,0.3890784937160038,0.6108108924840874
1970-01-02 22:01:00,0.4487523226172174,0.3774645375240122,0.6233059444210044
1970-01-02 22:02:00,0.42140660446534217,0.36594612765475704,0.6357911506549153
1970-01-02 22:03:00,0.3937968508954584,0.35472920265593844,0.6480898699807255
1970-01-02 22:04:00,0.36621938712105623,0.3440318980246469,0.6600229364385108
1970-01-02 22:05:00,0.33896283693124957,0.33408043824852507,0.6714116382179524
1970-01-02 22:06:00,0.3123041501498908,0.3251049132142035,0.6820806250141374
1970-01-02 22:07:00,0.28650497662120705,0.3173349948534961,0.6918607052363822
1970-01-02 22:08:00,0.26180843340503,0.310995623035754,0.7005915119949429
1970-01-02 22:09:00,0.23843629467997704,0.30630267510478304,0.708124027878281
1970-01-02 22:10:00,0.21658662102716608,0.30345863835734177,0.7143229599282934
1970-01-02 22:11:00,0.19643183566017405,0.30264832744588127,0.7190689489566239
1970-01-02 22:12:00,0.17811724874365184,0.3040347189347015,0.7222605858636925
1970-01-02 22:13:00,0.16176002693350797,0.3077550023454699,0.7238161963875412
1970-01-02 22:14:00,0.14744860375887253,0.31391696686394527,0.7236753468162198
1970-01-02 22:15:00,0.13524252642862428,0.3225958553169084,0.7218000177259419
1970-01-02 22:16:00,0.1251727336902519,0.33383181983727556,0.7181753929512179
1970-01-02 22:17:00,0.11724225546450744,0.347628103953311,0.7128102186736543
1970-01-02 22:18:00,0.11142731803860068,0.36395005490208165,0.7057367017028465
1970-01-02 22:19:00,0.10767882998807936,0.38272504126170565,0.6970099333531913
1970-01-02 22:20:00,0.10592421505702644,0.40384331597565865,0.6867068428998776
1970-01-02 22:21:00,0.10606954970100156,0.42715982362592325,0.6749247013631653
1970-01-02 22:22:00,0.10800195528839822,0.4524969048288784,0.661779212655211
1970-01-02 22:23:00,0.11159218838494078,0.47964780313001604,0.6474022456359472
1970-01-02 22:24:00,0.11669736765270582,0.5083808360609147,0.6319392770230904
1970-01-02 22:25:00,0.12316377376097047,0.5384440599012493,0.6155466286466077
1970-01-02 22:26:00,0.13082966043898092,0.5695702446080267,0.5983885889204585
1970-01-02 22:27:00,0.13952802027184322,0.6014819827239092,0.5806345052874737
1970-01-02 22:28:00,0.1490892564489908,0.6338967776225608,0.5624559237352184
1970-01-02 22:29:00,0.15934371964488867,0.6665319833287208,0.5440238376498086
1970-01-02 22:30:00,0.17012407664069576,0.6991094937899704,0.525506095007828
1970-01-02 22:31:00,0.18126748398219564,0.7313601002600018,0.5070650024178144
1970-01-02 22:32:00,0.19261754596244154,0.7630274505619988,0.4888551573865118
1970-01-02 22:33:00,0.20402604169604047,0.7938715558590765,0.4710215349692864
1970-01-02 22:34:00,0.21535441121354354,0.8236718028234886,0.45369784937056895
1970-01-02 22:35:00,0.226474995398396,0.8522294431830485,0.4370052040977682
1970-01-02 22:36:00,0.23727202912798676,0.8793695472714708,0.4210510366447236
1970-01-02 22:37:00,0.24764239105070987,0.9049424217925898,0.4059283564142357
1970-01-02 22:38:00,0.2574961169272524,0.928824503867898,0.39171526817289276
1970-01-02 22:39:00,0.26675668629944854,0.950918753536019,0.3784747678747771
1970-01-02 22:40:00,0.2753610943989795,0.971154575295243,0.36625479319964177
1970-01-02 22:41:00,0.2832597227801755,0.9894873060842018,0.35508850761969496
1970-01-02 22:42:00,0.29041602348030093,1.0058973122754946,0.3449947942519108
1970-01-02 22:43:00,0.2968060330253724,1.0203887417789894,0.33597893417435765
1970-01-02 22:44:00,0.3024177345085897,1.0329879792985823,0.328033443183287
1970-01-02 22:45:00,0.3072502879568447,1.0437418534442167,0.32113904090089107
1970-01-02 22:46:00,0.31131315070864096,1.052715644134022,0.3152657264396683
1970-01-02 22:47:00,0.3146251102372787,1.0599909377790868,0.3103739353270636
1970-01-02 22:48:00,0.31721325181834203,1.0656633762188008,0.30641575308101765
1970-01-02 22:49:00,0.3191118828533864,1.0698403432968142,0.30333616177606554
1970-01-02 22:50:00,0.320361434655044,1.0726386303855893,0.3010742972153777
1970-01-02 22:51:00,0.3210073611316679,1.0741821191684071,0.2995646959188506
1970-01-02 22:52:00,0.321099052147015,1.0745995166711737,0.2987385129712351
1970-01-02 22:53:00,0.3206887774803493,1.0740221739878888,0.2985246937500974
1970-01-02 22:54:00,0.3198306753841634,1.0725820164319007,0.2988510846079661
1970-01-02 22:55:00,0.3185797977936256,1.0704096090341058,0.2996454696917904
1970-01-02 22:56:00,0.3169912223075821,1.0676323774643475,0.30083652323127297
1970-01-02 22:57:00,0.3151192391543676,1.0643730006356702,0.302354668793406
1970-01-02 22:58:00,0.313016619509598,1.0607479875150145,0.30413283916036205
1970-01-02 22:59:00,0.3107339697899286,1.0568664470493994,0.30610713262260475
1970-01-02 23:00:00,0.3083191749366311,1.052829056661967,0.3082173635579571
1970-01-02 23:01:00,0.30581693221963363,1.0487272315232536,0.31040750713458465
1970-01-02 23:02:00,0.30326837569485476,1.0446424938098287,0.3126260397686875
1970-01-02 23:03:00,0.3007107900904843,1.0406460384635838,0.314826178550834
1970-01-02 23:04:00,0.2981774115724899,1.036798489573956,0.31696602423033654
1970-01-02 23:05:00,0.29569731158672424,1.0331498394110321,0.319008613534278
1970-01-02 23:06:00,0.29329535885743724,1.0297395603175103,0.32092188761093465
1970-01-02 23:07:00,0.2909922536814249,1.0265968781037182,0.32267858422908485
1970-01-02 23:08:00,0.28880462789897104,1.0237411942717438,0.3242560620382152
1970-01-02 23:09:00,0.2867452033383507,1.0211826433086857,0.32563606572445697
1970-01-02 23:10:00,0.28482300112201353,1.018922770409487,0.32680444133390013
1970-01-02 23:11:00,0.2830435939971434,1.0169553142879884,0.3277508114209799
1970-01-02 23:12:00,0.2814093937957851,1.015267079198967,0.3284682200010686
1970-01-02 23:13:00,0.2799199661987025,1.0138388799317668,0.32895275747679886
1970-01-02 23:14:00,0.2785723651391749,1.012646543356249,0.32920317569385954
1970-01-02 23:15:00,0.2773614794342417,1.0116619501037118,0.3292205029991263
1970-01-02 23:16:00,0.2762803845793171,1.010854100143072,0.3290076685681441
1970-01-02 23:17:00,0.2753206930818223,1.0101901863491414,0.328569144354443
1970-01-02 23:18:00,0.2744728972193705,1.0096366606208107,0.32791061190946197
1970-01-02 23:19:00,0.2737266986685784,1.0091602776537754,0.3270386601723085
1970-01-02 23:20:00,0.27307132005633955,1.0087291020818832,0.32596051919333613
1970-01-02 23:21:00,0.2724957941394655,1.0083134653668333,0.3246838336154546
1970-01-02 23:22:00,0.2719892270174068,1.0078868595365706,0.32321647857280517
1970-01-02 23:23:00,0.27154103250506184,1.0074267556452798,0.3215664195045346
1970-01-02 23:24:00,0.2711411355012678,1.0069153356487894,0.3197416162799956
1970-01-02 23:25:00,0.2707801428502297,1.0063401272566304,0.3177499710399177
1970-01-02 23:26:00,0.2704494808028974,1.0056945322355781,0.3155993182887413
1970-01-02 23:27:00,0.2701414987593144,1.0049782396021767,0.3132974550035265
1970-01-02 23:28:00,0.26984953951245577,1.004197516164896,0.3108522078157902
1970-01-02 23:29:00,0.2695679766971183,1.0033653679757373,0.3082715336493295
1970-01-02 23:30:00,0.26929222056455904,1.0025015674309523,0.3055636495734133
1970-01-02 23:31:00,0.26901869357967595,1.0016325420100998,0.30273718710434616
1970-01-02 23:32:00,0.268744777711471,1.000791121946604,0.29980136581147393
1970-01-02 23:33:00,0.26846873568658197,1.0000161454715264,0.29676618089266865
1970-01-02 23:34:00,0.26818960891501936,0.999351921661348,0.2936425993929039
1970-01-02 23:35:00,0.2679070952862106,0.9988475523535837,0.29044275991348784
1970-01-02 23:36:00,0.26762141055231287,0.9985561160959692,0.2871801708738107
1970-01-02 23:37:00,0.2673331374751943,0.9985337187222071,0.28386990244707894
1970-01-02 23:38:00,0.2670430671741917,0.9988384169601106,0.2805287670706505
1970-01-02 23:39:00,0.2667520370875955,0.9995290234867064,0.2771754829943723
1970-01-02 23:40:00,0.26646076968637544,1.000663803996601,0.27383081486205785
1970-01-02 23:41:00,0.2661697156533405,1.0022990790739272,0.27051768495968376
1970-01-02 23:42:00,0.2658789047450098,1.0044877459038133,0.2672612485410694
1970-01-02 23:43:00,0.265587807036014,1.0072777370887356,0.2640889265500708
1970-01-02 23:44:00,0.26529520674266177,1.0107104360054682,0.26103038911440224
1970-01-02 23:45:00,0.2649990903519086,1.0148190702024944,0.2581174834340573
1970-01-02 23:46:00,0.26469655034199663,1.0196271062526734,0.25538410016547053
1970-01-02 23:47:00,0.2643837053674576,1.0251466712022723,0.2528659731219623
1970-01-02 23:48:00,0.26405563740918897,1.0313770272524219,0.2506004080616621
1970-01-02 23:49:00,0.2637063460873598,1.0383031275253092,0.2486259375000003
1970-01-02 23:50:00,0.2633287201158747,1.0458942816584318,0.2469818998509216
1970-01-02 23:51:00,0.26291452574263663,1.0541029604903907,0.24570794276338387
1970-01-02 23:52:00,0.26245441197537805,1.0628637692041625,0.24484345227086032
1970-01-02 23:53:00,0.2619379324421837,1.0720926179396395,0.24442691126735253
1970-01-02 23:54:00,0.2613535838534786,1.081686118057487,0.24449519276245307
1970-01-02 23:55:00,0.26068886116859147,1.0915212309237148,0.24508279523837112
1970-01-02 23:56:00,0.2599303296889518,1.1014551942708566,0.24622102918297187
1970-01-02 23:57:00,0.2590637143998242,1.1113257488420292,0.24793716552538533
1970-01-02 23:58:00,0.2580740069860549,1.120951685099783,0.25025355829106066
1970-01-02 23:59:00,0.25694559107791565,1.130133726256484,0.2531867553270354
1970-01-03 00:00:00,0.2556623864323541,1.1386557597524287,0.25674661240013713
1970-01-03 00:01:00,0.25420801284688754,1.1462864245957038,0.2609354273060907
1970-01-03 00:02:00,0.25256597449194856,1.1527810567359449,0.26574711182093347
1970-01-03 00:03:00,0.2507198648994379,1.1578839889329375,0.27116642036653466
1970-01-03 00:04:00,0.24865359206434381,1.1613311954404293,0.2771682551375851
1970-01-03 00:05:00,0.24635162216214193,1.162853265274988,0.2837170681102017
1970-01-03 00:06:00,0.24379923945313445,1.1621786809125885,0.2907663807390042
1970-01-03 00:07:00,0.24098281915418554,1.1590373720273133,0.2982584421339762
1970-01-03 00:08:00,0.23789010943322939,1.1531645064697864,0.30612404599697035
1970-01-03 00:09:00,0.2345105181868673,1.1443044732088021,0.3142825255749409
1970-01-03 00:10:00,0.23083539983033838,1.1322150045706119,0.3226419444068182
1970-01-03 00:11:00,0.22685833690000473,1.1166713779649096,0.3310994987553418
1970-01-03 00:12:00,0.22257541082361154,1.0974706305622106,0.33954214530581456
1970-01-03 00:13:00,0.21798545578673423,1.0744357142816454,0.34784746488240703
1970-01-03 00:14:00,0.2130902892636734,1.0474195131746384,0.3558847694687943
1970-01-03 00:15:00,0.20789491252551862,1.0163086410644957,0.36351645569542285
1970-01-03 00:16:00,0.20240767431209375,0.9810269343403484,0.37059960322718033
1970-01-03 00:17:00,0.1966403908576031,0.9415385533419908,0.37698781118726366
1970-01-03 00:18:00,0.19060841557367952,0.8978506060730019,0.3825332598484011
1970-01-03 00:19:00,0.18433065193554293,0.8500152103067088,0.38708897828710803
1970-01-03 00:20:00,0.1778295035688707,0.7981309147456984,0.39051129159338005
1970-01-03 00:21:00,0.17113075630180588,0.7423434069927308,0.3926624136785235
1970-01-03 00:22:00,0.1642633881063921,0.6828454459270198,0.39341314385163134
1970-01-03 00:23:00,0.1572593044492554,0.6198759689018427,0.3926456172405146
1970-01-03 00:24:00,0.15015299862194523,0.5537183402387736,0.3902560508837733
1970-01-03 00:25:00,0.1429811391295733,0.48469772703934555,0.38615741896719746
1970-01-03 00:26:00,0.135782089171742,0.41317761160349137,0.3802819822830554
1970-01-03 00:27:00,0.1285953666296842,0.33955547695454014,0.3725835886484372
1970-01-03 00:28:00,0.12146105671698151,0.26425773311299156,0.3630396529926278
1970-01-03 00:29:00,0.11441919336570269,0.1877339854912592,0.351652719300939
1970-01-03 00:30:00,0.10750912898021915,0.11045077865577055,0.33845150492054055
1970-01-03 00:31:00,0.10076891438222493,0.03288497169009374,0.32349133599967417
1970-01-03 00:32:00,0.09423471048963826,-0.044483089573564755,0.30685390449949584
1970-01-03 00:33:00,0.08794025031924702,-0.12117644198598561,0.2886463109263761
1970-01-03 00:34:00,0.0819163653522939,-0.19672826503828952,0.2689993978885746
1970-01-03 00:35:00,0.076190585564358,-0.2706883901482985,0.24806542324012681
1970-01-03 00:36:00,0.07078681828990468,-0.34262942443623035,0.2260151638161146
1970-01-03 00:37:00,0.06572510780305904,-0.4121523597683983,0.20303457515065526
1970-01-03 00:38:00,0.061021475047278326,-0.4788915493046122,0.17932115142598035
1970-01-03 00:39:00,0.056687835135997615,-0.5425189548937484,0.15508013033444984
1970-01-03 00:40:00,0.05273198880557204,-0.6027475968467896,0.13052067432125944
1970-01-03 00:41:00,0.049157682804854004,-0.6593341672103251,0.10585214066624098
1970-01-03 00:42:00,0.04596473325043268,-0.7120807947389053,0.08128053330360775
1970-01-03 00:43:00,0.04314920526407237,-0.7608359731079565,0.05700521094882476
1970-01-03 00:44:00,0.04070364171479811,-0.8054946835311689,0.033215909268693236
1970-01-03 00:45:00,0.038617333584853815,-0.8459977590696263,0.010090119497986345
1970-01-03 00:46:00,0.036876624345367336,-0.8823305507793665,-0.012209147939560884
1970-01-03 00:47:00,0.03546524074772037,-0.914520965685702,-0.03353519862240809
1970-01-03 00:48:00,0.034364642595424155,-0.942636953651481,-0.0537590828700465
1970-01-03 00:49:00,0.03355438434297806,-0.966783524781654,-0.07277062225511764
1970-01-03 00:50:00,0.033012481755570894,-0.9870993813358583,-0.09047904622157811
1970-01-03 00:51:00,0.03271577733851181,-1.0037532484581717,-0.10681325793216034
1970-01-03 00:52:00,0.032640298789818285,-1.0169399866293034,-0.12172175402225331
1970-01-03 00:53:00,0.03276160532589968,-1.0268765658490777,-0.135172227339197
1970-01-03 00:54:00,0.033055117362204345,-1.0337979774074424,-0.14715088507706847
1970-01-03 00:55:00,0.03349642568275598,-1.037953153929558,-0.15766151705351616
1970-01-03 00:56:00,0.034061576890830135,-1.0396009623989984,-0.166724350292952
1970-01-03 00:57:00,0.03472733258525753,-1.0390063282726232,-0.1743747266602729
1970-01-03 00:58:00,0.03547140034215743,-1.036436541787339,-0.18066164011796362
1970-01-03 00:59:00,0.03627263519098854,-1.0321577902947454,-0.18564616934683537
1970-01-03 01:00:00,0.03711121084883254,-1.0264319531016666,-0.1893998400670537
1970-01-03 01:01:00,0.037968760511415935,-1.0195136879835092,-0.19200294951079755
1970-01-03 01:02:00,0.03882848748853661,-1.0116478313959405,-0.19354288321904334
1970-01-03 01:03:00,0.039675246411614455,-1.0030671275429968,-0.19411245174959804
1970-01-03 01:04:00,0.04049559612959049,-0.9939902949540155,-0.19380827207617024
1970-01-03 01:05:00,0.04127782574506242,-0.984620433150007,-0.19272921550803787
1970-01-03 01:06:00,0.042011955525127445,-0.9751437664009317,-0.1909749409368066
1970-01-03 01:07:00,0.04268971465160984,-0.9657287165350569,-0.18864452918001898
1970-01-03 01:08:00,0.04330449795471708,-0.9565252922945042,-0.1858352311899931
1970-01-03 01:09:00,0.043851303904948936,-0.9476647788599466,-0.18264133997168144
1970-01-03 01:10:00,0.044326656223128875,-0.9392597079025737,-0.17915319324177917
1970-01-03 01:11:00,0.04472851151105497,-0.9314040858606102,-0.17545631119479713
1970-01-03 01:12:00,0.045056155309124525,-0.9241738560671852,-0.17163067124814282
1970-01-03 01:13:00,0.04531008895620383,-0.917627568853498,-0.16775011934059156
1970-01-03 01:14:00,0.04549190956483201,-0.9118072327856843,-0.16388191527512716
1970-01-03 01:15:00,0.045604185335234027,-0.9067393197292158,-0.16008640774121263
1970-01-03 01:16:00,0.04565032831804842,-0.9024358964310318,-0.15641683303148193
1970-01-03 01:17:00,0.04563446660167653,-0.8988958557249713,-0.15291923008744115
1970-01-03 01:18:00,0.04556131774943774,-0.8961062212573073,-0.149632463367676
1970-01-03 01:19:00,0.04543606514777892,-0.8940435007516115,-0.1465883441261639
1970-01-03 01:20:00,0.04526423875250235,-0.8926750642389932,-0.14381184001012762
1970-01-03 01:21:00,0.04505160153775432,-0.8919605253225467,-0.14132136242608584
1970-01-03 01:22:00,0.044804042764906044,-0.8918531053768117,-0.13912912086653736
1970-01-03 01:23:00,0.04452747899846179,-0.8923009625619897,-0.13724153332322267
1970-01-03 01:24:00,0.04422776360698657,-0.8932484696198087,-0.13565968201971912
1970-01-03 01:25:00,0.04391060530190368,-0.8946374265739109,-0.13437980395866106
1970-01-03 01:26:00,0.04358149608885015,-0.8964081966408557,-0.13339380617876548
1970-01-03 01:27:00,0.043245648837757736,-0.8985007558280305,-0.13268979613528364
1970-01-03 01:28:00,0.04290794452088568,-0.9008556488170716,-0.1322526182355782
1970-01-03 01:29:00,0.04257288902404936,-0.903414845776638,-0.13206438826052824
1970-01-03 01:30:00,0.042244579306704354,-0.9061224966909571,-0.13210501816415873
1970-01-03 01:31:00,0.04192667857255143,-0.9089255816085392,-0.13235272455076064
1970-01-03 01:32:00,0.04162240001399725,-0.9117744568917964,-0.13278451496421997
1970-01-03 01:33:00,0.04133449861028599,-0.9146232990710743,-0.13337664697280113
1970-01-03 01:34:00,0.041065270389588834,-0.9174304492679302,-0.13410505587995716
1970-01-03 01:35:00,0.04081655850927659,-0.9201586623474006,-0.1349457477249353
1970-01-03 01:36:00,0.04058976546561211,-0.9227752659843191,-0.135875155044487
1970-01-03 01:37:00,0.04038587071406581,-0.9252522356833603,-0.13687045363881664
1970-01-03 01:38:00,0.04020545296450773,-0.9275661924787147,-0.1379098393124404
1970-01-03 01:39:00,0.04004871641141929,-0.9296983305628117,-0.13897276423679739
1970-01-03 01:40:00,0.03991552016686642,-0.9316342824617329,-0.14004013320065253
1970-01-03 01:41:00,0.03980541018156229,-0.9333639295961101,-0.14109446057235533
1970-01-03 01:42:00,0.03971765296537096,-0.9348811661502132,-0.14211998929201583
1970-01-03 01:43:00,0.03965127045203281,-0.936183624130501,-0.14310277364005017
1970-01-03 01:44:00,0.03960507539295589,-0.9372723673412506,-0.144030727890939
1970-01-03 01:45:00,0.039577706710739124,-0.9381515617527494,-0.14489364325814175
1970-01-03 01:46:00,0.039567664293574466,-0.9388281294006422,-0.1456831757696161
1970-01-03 01:47:00,0.0395733427655663,-0.9393113925453976,-0.14639280788586564
1970-01-03 01:48:00,0.039593063824072204,-0.9396127143487734,-0.1470177867872037
1970-01-03 01:49:00,0.03962510679232713,-0.9397451418002912,-0.1475550423179441
1970-01-03 01:50:00,0.03966773709297655,-0.9397230560634209,-0.14800308758699807
1970-01-03 01:51:00,0.03971923240493569,-0.9395618348211505,-0.14836190519169692
1970-01-03 01:52:00,0.03977790632144951,-0.9392775305956077,-0.14863282195961072
1970-01-03 01:53:00,0.039842129380598355,-0.9388865684072977,-0.14881837499689113
1970-01-03 01:54:00,0.03991034739009821,-0.9384054655369589,-0.14892217169657918
1970-01-03 01:55:00,0.03998109701553014,-0.9378505755662844,-0.14894874620173681
1970-01-03 01:56:00,0.040053018644687625,-0.937237858309365,-0.148903414641331
1970-01-03 01:57:00,0.040124866580264394,-0.9365826767090998,-0.14879213126633242
1970-01-03 01:58:00,0.04019551664840515,-0.9358996212666895,-0.14862134741388355
1970-01-03 01:59:00,0.04026397134152621,-0.935202362103728,-0.14839787502249396
1970-01-03 02:00:00,0.040329362640144244,-0.9345035283310865,-0.14812875621437044
1970-01-03 02:01:00,0.040390952680180524,-0.9338146140200522,-0.14782114025512624
1970-01-03 02:02:00,0.04044813244940589,-0.9331459097392395,-0.1474821689985424
1970-01-03 02:03:00,0.04050041870953896,-0.9325064583343049,-0.14711887172594462
1970-01-03 02:04:00,0.04054744934926478,-0.9319040333858347,-0.14673807009633485
1970-01-03 02:05:00,0.04058897737838739,-0.931345138584382,-0.1463462937348762
1970-01-03 02:06:00,0.040624863774740734,-0.9308350261102203,-0.1459497068044603
1970-01-03 02:07:00,0.04065506939362506,-0.9303777319967301,-0.1455540457292273
1970-01-03 02:08:00,0.04067964614469609,-0.9299761263875779,-0.14516456807185146
1970-01-03 02:09:00,0.040698727633739405,-0.9296319765671403,-0.14478601241043598
1970-01-03 02:10:00,0.04071251945695961,-0.9293460206493592,-0.14442256891826014
1970-01-03 02:11:00,0.04072128932365647,-0.9291180498487831,-0.14407786022174388
1970-01-03 02:12:00,0.04072535716979955,-0.9289469973232121,-0.14375493199914455
1970-01-03 02:13:00,0.04072508541039845,-0.9288310316648547,-0.14345625268484186
1970-01-03 02:14:00,0.04072086946303435,-0.9287676532235006,-0.14318372156242867
1970-01-03 02:15:00,0.04071312865878823,-0.9287537915696706,-0.14293868446530003
1970-01-03 02:16:00,0.04070229764037498,-0.9287859025458417,-0.14272195625649953
1970-01-03 02:17:00,0.04068881833086075,-0.92886006350598,-0.14253384922979276
1970-01-03 02:18:00,0.040673132540168744,-0.9289720655036618,-0.1423742065602335
1970-01-03 02:19:00,0.040655675260896744,-0.9291175013531229,-0.1422424399335093
1970-01-03 02:20:00,0.04063686868997257,-0.9292918486517575,-0.1421375704975693
1970-01-03 02:21:00,0.04061711699851645,-0.9294905470133731,-0.1420582723058238
1970-01-03 02:22:00,0.040596801859076395,-0.9297090689168294,-0.14200291745691437
1970-01-03 02:23:00,0.04057627872724822,-0.9299429837243849,-0.14196962218003834
1970-01-03 02:24:00,0.040555873863670905,-0.9301880145680058,-0.1419562931654369
1970-01-03 02:25:00,0.04053588207257363,-0.9304400879374037,-0.14196067349535021
1970-01-03 02:26:00,0.04051656512449047,-0.9306953759258163,-0.14198038759001577
1970-01-03 02:27:00,0.040498150823478275,-0.9309503311950178,-0.14201298464477244
1970-01-03 02:28:00,0.04048083267318807,-0.9312017148097891,-0.14205598009679077
1970-01-03 02:29:00,0.04046477009143606,-0.9314466171669736,-0.14210689472227528
1970-01-03 02:30:00,0.040450089119424486,-0.9316824723097296,-0.14216329102621394
1970-01-03 02:31:00,0.040436883569370585,-0.931907065977985,-0.14222280664607181
1970-01-03 02:32:00,0.04042521655293301,-0.9321185378029296,-0.14228318454758995
1970-01-03 02:33:00,0.04041512233242918,-0.9323153781041629,-0.14234229984455668
1970-01-03 02:34:00,0.04040660843734885,-0.9324964197890665,-0.14239818312471425
1970-01-03 02:35:00,0.04039965798999372,-0.932660825883159,-0.14244904021064417
1970-01-03 02:36:00,0.04039423218610553,-0.9328080732380452,-0.14249326832748
1970-01-03 02:37:00,0.04039027287898847,-0.932937932971996,-0.14252946868869887
1970-01-03 02:38:00,0.0403877052187889,-0.9330504482000288,-0.14255645554722615
1970-01-03 02:39:00,0.04038644030217233,-0.9331459096080225,-0.14257326179193971
1970-01-03 02:40:00,0.04038637779155216,-0.9332248294184182,-0.1425791411997633
1970-01-03 02:41:00,0.04038740846720283,-0.9332879142799998,-0.14257356748134703
1970-01-03 02:42:00,0.040389416679951474,-0.9333360375887336,-0.14255623028433842
1970-01-03 02:43:00,0.040392282676600666,-0.9333702117123034,-0.14252702834292633
1970-01-03 02:44:00,0.04039588477471237,-0.9333915605513879,-0.14248605998607863
1970-01-03 02:45:00,0.04040010136780646,-0.9334012928276624,-0.1424336112399473
1970-01-03 02:46:00,0.040404812746326436,-0.9334006764420288,-0.1423701417823941
1970-01-03 02:47:00,0.040409902723835246,-0.9333910141977487,-0.14229626902938816
1970-01-03 02:48:00,0.04041526006178035,-0.9333736211344307,-0.14221275065362896
1970-01-03 02:49:00,0.040420779689781965,-0.9333498036723522,-0.14212046585418206
1970-01-03 02:50:00,0.04042636372173112,-0.9333208407230701,-0.14202039571094735
1970-01-03 02:51:00,0.04043192227101508,-0.9332879668815524,-0.1419136029682929
1970-01-03 02:52:00,0.04043737407090043,-0.933252357776919,-0.14180121159739847
1970-01-03 02:53:00,0.040442646908489456,-0.933215117622807,-0.1416843864859913
1970-01-03 02:54:00,0.04044767788271517,-0.9331772689736383,-0.14156431359598645
1970-01-03 02:55:00,0.04045241349854683,-0.933139744659213,-0.14144218091245173
1970-01-03 02:56:00,0.040456809610939046,-0.9331033818371595,-0.1413191604802073
1970-01-03 02:57:00,0.04046083123308348,-0.9330689180717049,-0.14119639178783736
1970-01-03 02:58:00,0.04046445222423248,-0.9330369893198676,-0.1410749667153914
1970-01-03 02:59:00,0.04046765487278234,-0.9330081296843505,-0.14095591621461356
1970-01-03 03:00:00,0.04047042939044852,-0.9329827727765744,-0.14084019884154134
1970-01-03 03:01:00,0.04047277333325604,-0.9329612545226531,-0.14072869121268422
1970-01-03 03:02:00,0.04047469096472881,-0.9329438172386398,-0.14062218040966112
1970-01-03 03:03:00,0.04047619257611832,-0.9329306147980329,-0.14052135831474213
1970-01-03 03:04:00,0.04047729377779339,-0.9329217187135176,-0.14042681782199884
1970-01-03 03:05:00,0.04047801477505636,-0.932917124955809,-0.14033905083591416
1970-01-03 03:06:00,0.040478379640695825,-0.9329167613351829,-0.14025844794141842
1970-01-03 03:07:00,0.04047841559556193,-0.9329204952758617,-0.14018529960654974
1970-01-03 03:08:00,0.04047815230736145,-0.9329281418199439,-0.14011979876139055
1970-01-03 03:09:00,0.04047762121670693,-0.9329394717066759,-0.14006204458453983
1970-01-03 03:10:00,0.04047685489822242,-0.9329542193856062,-0.14001204732088726
1970-01-03 03:11:00,0.040475886463242385,-0.9329720908384831,-0.1399697339514639
1970-01-03 03:12:00,0.04047474900938198,-0.9329927711028172,-0.13993495453719587
1970-01-03 03:13:00,0.04047347512103631,-0.933015931407264,-0.1399074890630008
1970-01-03 03:14:00,0.04047209642369729,-0.9330412358440697,-0.1398870546163621
1970-01-03 03:15:00,0.04047064319387373,-0.9330683475170899,-0.13987331274482956
1970-01-03 03:16:00,0.040469144025377234,-0.9330969341163993,-0.13986587684937862
1970-01-03 03:17:00,0.04046762555180685,-0.9331266728831459,-0.13986431948478176
1970-01-03 03:18:00,0.04046611222423467,-0.933157254941402,-0.13986817945367308
1970-01-03 03:19:00,0.04046462614236534,-0.9331883889867184,-0.1398769685974085
1970-01-03 03:20:00,0.0404631869368142,-0.9332198043325037,-0.13989017820373767
1970-01-03 03:21:00,0.04046181169961784,-0.9332512533241497,-0.13990728496833596
1970-01-03 03:22:00,0.040460514959647254,-0.9332825131371301,-0.1399277564640517
1970-01-03 03:23:00,0.04045930869922725,-0.9333133869802759,-0.13995105608799444
1970-01-03 03:24:00,0.040458202407973765,-0.9333437047307284,-0.13997664747205152
1970-01-03 03:25:00,0.040457203169650555,-0.9333733230341648,-0.14000399835683397
1970-01-03 03:26:00,0.040456315777721866,-0.933402124912914,-0.14003258394221346
1970-01-03 03:27:00,0.040455542875228005,-0.9334300189335943,-0.14006188973934397
1970-01-03 03:28:00,0.04045488511462423,-0.9334569379922605,-0.1400914139592213
1970-01-03 03:29:00,0.04045434133329496,-0.9334828377776977,-0.14012066948131172
1970-01-03 03:30:00,0.04045390874058871,-0.9335076949734324,-0.14014918545250202
1970-01-03 03:31:00,0.040453583112413635,-0.9335315052577787,-0.14017650857153888
1970-01-03 03:32:00,0.040453358989681665,-0.933554281159859,-0.1402022041172083
1970-01-03 03:33:00,0.04045322987718117,-0.9335760498283289,-0.1402258567797644
1970-01-03 03:34:00,0.04045318843978128,-0.933596850768038,-0.14024707135458395
1970-01-03 03:35:00,0.040453226693208354,-0.9336167335972595,-0.14026547335477602
1970-01-03 03:36:00,0.04045333618697348,-0.9336357558741285,-0.14028070959562222
1970-01-03 03:37:00,0.040453508177371325,-0.933653981036156,-0.14029244879840294
1970-01-03 03:38:00,0.040453733788815116,-0.9336714764918563,-0.1403003822545421
1970-01-03 03:39:00,0.0404540041621155,-0.9336883118981141,-0.1403042245832508
1970-01-03 03:40:00,0.04045431058864532,-0.9337045576492568,-0.14030371460714863
1970-01-03 03:41:00,0.040454644629653015,-0.933720283593053,-0.14029861636088503
1970-01-03 03:42:00,0.04045499822028767,-0.9337355579764188,-0.14028872023779623
1970-01-03 03:43:00,0.04045536375817255,-0.9337504466119811,-0.14027384426938283
1970-01-03 03:44:00,0.04045573417661233,-0.9337650122472549,-0.14025383552214057
1970-01-03 03:45:00,0.04045610300274666,-0.9337793141107554,-0.14022857158628918
1970-01-03 03:46:00,0.04045646440117354,-0.933793407603678,-0.14019796212149496
1970-01-03 03:47:00,0.04045681320375737,-0.9338073441032105,-0.14016195041610813
1970-01-03 03:48:00,0.040457144926495374,-0.9338211708455282,-0.14012051490909794
1970-01-03 03:49:00,0.04045745577443298,-0.9338349308618339,-0.14007367061808826
1970-01-03 03:50:00,0.04045774263569616,-0.9338486629464802,-0.14002147041287857
1970-01-03 03:51:00,0.04045800306576095,-0.9338624016409269,-0.1399640060716657
1970-01-03 03:52:00,0.04045823526311318,-0.9338761772220509,-0.139901409056859
1970-01-03 03:53:00,0.0404584380374608,-0.9338900156889993,-0.1398338509488885
1970-01-03 03:54:00,0.040458610771645184,-0.9339039387487801,-0.13976154347977102
1970-01-03 03:55:00,0.0404587533783653,-0.933917963805697,-0.1396847381135543
1970-01-03 03:56:00,0.04045886625279183,-0.9339321039624556,-0.13960372512845196
1970-01-03 03:57:00,0.040458950222113405,-0.9339463680413114,-0.1395188321660589
1970-01-03 03:58:00,0.04045900649301745,-0.9339607606335014,-0.1394304222267187
1970-01-03 03:59:00,0.0404590365980564,-0.9339752821855819,-0.13933889110600342
1970-01-03 04:00:00,0.040459042341782964,-0.9339899291315918,-0.1392446642834334
1970-01-03 04:01:00,0.04045902574746541,-0.934004694078984,-0.13914819328915928
1970-01-03 04:02:00,0.040458989005122285,-0.9340195660541469,-0.1390499515866922
1970-01-03 04:03:00,0.04045893442154871,-0.9340345308113437,-0.1389504300205327
1970-01-03 04:04:00,0.04045886437293933,-0.9340495712079014,-0.13885013188782866
1970-01-03 04:05:00,0.04045878126063814,-0.9340646676479463,-0.13874956770361932
1970-01-03 04:06:00,0.04045868747045809,-0.9340797985949361,-0.13864924973980264
1970-01-03 04:07:00,0.040458585335918534,-0.9340949411484966,-0.138549686428718
1970-01-03 04:08:00,0.040458477105655734,-0.9341100716750994,-0.13845137673298938
1970-01-03 04:09:00,0.04045836491517411,-0.9341251664775174,-0.1383548045922087
1970-01-03 04:10:00,0.040458250763021245,-0.9341402024853592,-0.13826043356064843
1970-01-03 04:11:00,0.04045813649138517,-0.9341551579467444,-0.13816870174583312
1970-01-03 04:12:00,0.04045802377103312,-0.9341700130979795,-0.13808001714609774
1970-01-03 04:13:00,0.04045791409044324,-0.9341847507843852,-0.13799475346960766
1970-01-03 04:14:00,0.04045780874892561,-0.9341993570029897,-0.13791324650132478
1970-01-03 04:15:00,0.04045770885348653,-0.9342138213384438,-0.13783579106980018
1970-01-03 04:16:00,0.04045761531915627,-0.9342281372681465,-0.13776263865215735
1970-01-03 04:17:00,0.04045752887247311,-0.9342423023208152,-0.13769399564230214
1970-01-03 04:18:00,0.040457450057791076,-0.9342563180829412,-0.1376300222938792
1970-01-03 04:19:00,0.04045737924605319,-0.9342701900572242,-0.13757083233597456
1970-01-03 04:20:00,0.04045731664565062,-0.9342839273838572,-0.1375164932464833
1970-01-03 04:21:00,0.040457262314980105,-0.9342975424386016,-0.13746702715593212
1970-01-03 04:22:00,0.040457216176320934,-0.9343110503220597,-0.13742241234373012
1970-01-03 04:23:00,0.040457178030672294,-0.934324468254447,-0.13738258527943484
1970-01-03 04:24:00,0.040457147573211484,-0.9343378148908653,-0.13734744315370653
1970-01-03 04:25:00,0.04045712440905266,-0.9343511095735235,-0.1373168468372633
1970-01-03 04:26:00,0.040457108069008325,-0.9343643715390472,-0.13729062420144586
1970-01-03 04:27:00,0.04045709802508074,-0.9343776191011486,-0.13726857373102624
1970-01-03 04:28:00,0.040457093705433315,-0.9343908688318593,-0.13725046835863305
1970-01-03 04:29:00,0.04045709450861411,-0.9344041347682526,-0.1372360594504923
1970-01-03 04:30:00,0.04045709981682801,-0.9344174276760591,-0.13722508087490332
1970-01-03 04:31:00,0.04045710900808574,-0.9344307544059289,-0.13721725308779015
1970-01-03 04:32:00,0.04045712146709671,-0.9344441173798761,-0.13721228717360853
1970-01-03 04:33:00,0.04045713659481544,-0.9344575142427166,-0.1372098887846726
1970-01-03 04:34:00,0.040457153816590846,-0.9344709377068375,-0.137209761927416
1970-01-03 04:35:00,0.04045717258890387,-0.9344843756103569,-0.1372116125500365
1970-01-03 04:36:00,0.040457192404714716,-0.9344978111995457,-0.13721515189221561
1970-01-03 04:37:00,0.040457212797478576,-0.9345112236366613,-0.1372200995639924
1970-01-03 04:38:00,0.04045723334392139,-0.9345245887250268,-0.13722618632727093
1970-01-03 04:39:00,0.04045725366568778,-0.9345378798348527,-0.13723315655973137
1970-01-03 04:40:00,0.04045727342997939,-0.9345510690055668,-0.1372407703869965
1970-01-03 04:41:00,0.040457292349299435,-0.9345641281929997,-0.13724880547468718
1970-01-03 04:42:00,0.040457310180415935,-0.9345770306228799,-0.13725705847740788
1970-01-03 04:43:00,0.04045732672265379,-0.9345897522055943,-0.13726534614668295
1970-01-03 04:44:00,0.04045734181562555,-0.9346022729607428,-0.13727350610437578
1970-01-03 04:45:00,0.04045735533651012,-0.9346145783944667,-0.13728139729214198
1970-01-03 04:46:00,0.0404573671969891,-0.934626660770218,-0.13728890011097125
1970-01-03 04:47:00,0.04045737733995023,-0.9346385202166801,-0.13729591626785617
1970-01-03 04:48:00,0.04045738573606534,-0.9346501656246339,-0.13730236834910325
1970-01-03 04:49:00,0.04045739238034322,-0.9346616152950266,-0.13730819914179357
1970-01-03 04:50:00,0.04045739728874801,-0.934672897310493,-0.13731337072642955
1970-01-03 04:51:00,0.04045740049496174,-0.9346840496109264,-0.13731786336489885
1970-01-03 04:52:00,0.040457402047354436,-0.9346951197605381,-0.13732167420857933
1970-01-03 04:53:00,0.04045740200620746,-0.934706164399539,-0.1373248158517386
1970-01-03 04:54:00,0.040457400441218386,-0.934717248379162,-0.1373273147553839
1970-01-03 04:55:00,0.04045739742930265,-0.9347284435866743,-0.13732920956642525
1970-01-03 04:56:00,0.04045739305269968,-0.934739827479668,-0.1373305493564677
1970-01-03 04:57:00,0.04045738739738464,-0.9347514813656245,-0.137331391803791
1970-01-03 04:58:00,0.040457380551780775,-0.9347634884794618,-0.13733180134115772
1970-01-03 04:59:00,0.04045737260576186,-0.9347759319239209,-0.1373318472910504
1970-01-03 05:00:00,0.040457363649929586,-0.9347888925430509,-0.13733160200880315
1970-01-03 05:01:00,0.04045735377514169,-0.934802446798158,-0.13733113905288952
1970-01-03 05:02:00,0.040457343072252225,-0.9348166647097773,-0.13733053140038562
1970-01-03 05:03:00,0.0404573316320079,-0.9348316079198178,-0.1373298497243739
1970-01-03 05:04:00,0.0404573195450319,-0.9348473279167389,-0.13732916074881413
1970-01-03 05:05:00,0.04045730690182437,-0.9348638644560398,-0.13732852569519025
1970-01-03 05:06:00,0.04045729379271755,-0.9348812442013507,-0.13732799883404997
1970-01-03 05:07:00,0.040457280307741636,-0.9348994796092733,-0.13732762615339347
1970-01-03 05:08:00,0.04045726653638032,-0.9349185680821508,-0.1373274441547426
1970-01-03 05:09:00,0.04045725256721931,-0.9349384914131705,-0.137327478786625
1970-01-03 05:10:00,0.040457238487508866,-0.9349592155443807,-0.1373277445241108
1970-01-03 05:11:00,0.040457224382666884,-0.9349806906503401,-0.13732824360192714
1970-01-03 05:12:00,0.04045721033574432,-0.935002851550776,-0.13732896540755207
1970-01-03 05:13:00,0.04045719642686733,-0.9350256184471107,-0.13732988603957538
1970-01-03 05:14:00,0.04045718273266804,-0.935048897970647,-0.13733096803550499
1970-01-03 05:15:00,0.04045716932571881,-0.9350725845239883,-0.13733216027207257
1970-01-03 05:16:00,0.04045715627398855,-0.935096561891265,-0.1373333980399125
1970-01-03 05:17:00,0.040457143640339595,-0.9351207050869131,-0.13733460329322938
1970-01-03 05:18:00,0.04045713148207856,-0.9351448824074047,-0.13733568507370938
1970-01-03 05:19:00,0.040457119850568456,-0.93516895764501,-0.13733654010645718
1970-01-03 05:20:00,0.040457108790905166,-0.9351927924163307,-0.1373370535641547
1970-01-03 05:21:00,0.040457098341661044,-0.935216248551423,-0.1373370999939653
1970-01-03 05:22:00,0.040457088534700814,-0.9352391904845756,-0.13733654439997722
1970-01-03 05:23:00,0.0404570793950761,-0.9352614875880474,-0.13733524347221937
1970-01-03 05:24:00,0.04045707094100367,-0.9352830163956235,-0.13733304695148257
1970-01-03 05:25:00,0.0404570631839296,-0.9353036626713719,-0.13732979911732368
1970-01-03 05:26:00,0.04045705612867823,-0.935323323287524,-0.13732534038470737
1970-01-03 05:27:00,0.04045704977368223,-0.9353419078822942,-0.13731950899278053
1970-01-03 05:28:00,0.04045704411128782,-0.9353593402732485,-0.13731214276733614
1970-01-03 05:29:00,0.04045703912812756,-0.9353755596046847,-0.13730308093670743
1970-01-03 05:30:00,0.040457034805551864,-0.9353905212096959,-0.13729216597927021
1970-01-03 05:31:00,0.04045703112010948,-0.9354041971712933,-0.13727924547953035
1970-01-03 05:32:00,0.040457028044066735,-0.9354165765730016,-0.1372641739689782
1970-01-03 05:33:00,0.04045702554595517,-0.9354276654368199,-0.13724681472749825
1970-01-03 05:34:00,0.040457023591137356,-0.9354374863546191,-0.13722704152115514
1970-01-03 05:35:00,0.040457022142380804,-0.9354460778279593,-0.13720474025270882
1970-01-03 05:36:00,0.04045702116043064,-0.935453493340304,-0.13717981050230743
1970-01-03 05:37:00,0.040457020604572215,-0.9354598001929734,-0.13715216693748886
1970-01-03 05:38:00,0.040457020433175804,-0.9354650781406394,-0.1371217405739263
1970-01-03 05:39:00,0.040457020604216236,-0.9354694178637105,-0.1370884798712989
1970-01-03 05:40:00,0.04045702107576148,-0.9354729193142276,-0.13705235165210675
1970-01-03 05:41:00,0.0404570218064251,-0.9354756899696364,-0.13701334183472097
1970-01-03 05:42:00,0.04045702275577847,-0.9354778430257868,-0.13697145597487687
1970-01-03 05:43:00,0.04045702388471977,-0.9354794955574899,-0.1369267196118453
1970-01-03 05:44:00,0.04045702515579771,-0.935480766672493,-0.13687917841667877
1970-01-03 05:45:00,0.04045702653348875,-0.935481775683091,-0.13682889814034907
1970-01-03 05:46:00,0.04045702798442774,-0.9354826403189237,-0.13677596435942796
1970-01-03 05:47:00,0.040457029477592374,-0.9354834750046715,-0.13672048201661155
1970-01-03 05:48:00,0.04045703098444291,-0.935484389226588,-0.13666257475368243
1970-01-03 05:49:00,0.040457032479019,-0.9354854860115707,-0.13660238403649422
1970-01-03 05:50:00,0.040457033937996253,-0.9354868605418223,-0.13654006807583588
1970-01-03 05:51:00,0.0404570353407054,-0.93548859892704,-0.13647580055404218
1970-01-03 05:52:00,0.04045703666911755,-0.9354907771540023,-0.13640976917353734
1970-01-03 05:53:00,0.0404570379077991,-0.9354934602300558,-0.1363421740490002
1970-01-03 05:54:00,0.04045703904384016,-0.9354967015329415,-0.1362732259695292
1970-01-03 05:55:00,0.04045704006676039,-0.9355005423761649,-0.13620314456161975
1970-01-03 05:56:00,0.04045704096839633,-0.9355050117971508,-0.13613215638782047
1970-01-03 05:57:00,0.04045704174277408,-0.9355101265730312,-0.13606049301861126
1970-01-03 05:58:00,0.04045704238597105,-0.9355158914640038,-0.13598838911520733
1970-01-03 05:59:00,0.04045704289597053,-0.9355222996767604,-0.135916080557937
1970-01-03 06:00:00,0.0404570432725123,-0.9355293335322726,-0.13584380264870083
1970-01-03 06:01:00,0.040457043516942466,-0.9355369653154477,-0.13577178840796425
1970-01-03 06:02:00,0.04045704363206517,-0.9355451582803315,-0.13570026697842863
1970-01-03 06:03:00,0.04045704362199862,-0.9355538677837758,-0.1356294621402692
1970-01-03 06:04:00,0.04045704349203735,-0.9355630425217599,-0.1355595909372941
1970-01-03 06:05:00,0.04045704324852235,-0.9355726258446654,-0.13549086240973168
1970-01-03 06:06:00,0.04045704289872011,-0.9355825571292358,-0.13542347642713506
1970-01-03 06:07:00,0.0404570424507116,-0.9355927731836874,-0.13535762261338274
1970-01-03 06:08:00,0.040457041913291206,-0.9356032096579898,-0.13529347935508038
1970-01-03 06:09:00,0.04045704129587586,-0.9356138024263808,-0.13523121288598094
1970-01-03 06:10:00,0.04045704060842377,-0.9356244889075266,-0.1351709764439325
1970-01-03 06:11:00,0.04045703986136213,-0.9356352092906745,-0.1351129095021144
1970-01-03 06:12:00,0.04045703906552268,-0.9356459076414918,-0.13505713708056727
1970-01-03 06:13:00,0.04045703823208391,-0.9356565328659848,-0.13500376914563786
1970-01-03 06:14:00,0.040457037372518205,-0.9356670395140819,-0.13495290010433914
1970-01-03 06:15:00,0.04045703649854237,-0.9356773884080567,-0.1349046083995239
1970-01-03 06:16:00,0.04045703562206956,-0.9356875470873077,-0.13485895621157323
1970-01-03 06:17:00,0.04045703475516072,-0.935697490070302,-0.13481598927310648
1970-01-03 06:18:00,0.04045703390997364,-0.9357071989442802,-0.13477573680429208
1970-01-03 06:19:00,0.040457033098707594,-0.9357166623004508,-0.13473821157688673
1970-01-03 06:20:00,0.04045703233354182,-0.9357258755353907,-0.13470341011469272
1970-01-03 06:21:00,0.04045703162656608,-0.9357348405390189,-0.13467131303665847
1970-01-03 06:22:00,0.04045703098970177,-0.9357435652875227,-0.13464188554657977
1970-01-03 06:23:00,0.04045703043461238,-0.9357520633572877,-0.13461507807048936
1970-01-03 06:24:00,0.04045702997260224,-0.9357603533741493,-0.1345908270393816
1970-01-03 06:25:00,0.04045702961450291,-0.9357684584118812,-0.1345690558109808
1970-01-03 06:26:00,0.04045702937054691,-0.9357764053544438,-0.13454967572014356
1970-01-03 06:27:00,0.040457029250228954,-0.9357842242362742,-0.13453258724361833
1970-01-03 06:28:00,0.04045702926215523,-0.9357919475721833,-0.13451768126158262
1970-01-03 06:29:00,0.04045702941388166,-0.9357996096836362,-0.13450484039582403
1970-01-03 06:30:00,0.04045702971174269,-0.9358072460231994,-0.13449394040273013
1970-01-03 06:31:00,0.04045703016067256,-0.9358148924958349,-0.13448485159841495
1970-01-03 06:32:00,0.04045703076402134,-0.9358225847757761,-0.13447744029328473
1970-01-03 06:33:00,0.04045703152336883,-0.9358303576210593,-0.1344715702140889
1970-01-03 06:34:00,0.04045703243833949,-0.9358382441935869,-0.13446710389293887
1970-01-03 06:35:00,0.04045703350642216,-0.9358462753992223,-0.13446390400471905
1970-01-03 06:36:00,0.04045703472279887,-0.935854479267174,-0.13446183463647615
1970-01-03 06:37:00,0.040457036080187005,-0.9358628803884937,-0.1344607624745528
1970-01-03 06:38:00,0.04045703756869965,-0.9358714994300804,-0.1344605578974043
1970-01-03 06:39:00,0.0404570391757291,-0.9358803527356423,-0.13446109596426628
1970-01-03 06:40:00,0.04045704088585848,-0.935889452020762,-0.13446225729213623
1970-01-03 06:41:00,0.04045704268080677,-0.9358988041657693,-0.13446392881582095
1970-01-03 06:42:00,0.04045704453941213,-0.9359084111069589,-0.13446600442799517
1970-01-03 06:43:00,0.040457046437658614,-0.9359182698237617,-0.1344683854982652
1970-01-03 06:44:00,0.04045704834875088,-0.935928372417096,-0.13447098127210907
1970-01-03 06:45:00,0.0404570502432412,-0.9359387062723051,-0.13447370915225795
1970-01-03 06:46:00,0.04045705208921265,-0.9359492542987532,-0.13447649486659438
1970-01-03 06:47:00,0.040457053852521706,-0.9359599952372349,-0.13447927252798433
1970-01-03 06:48:00,0.04045705549710276,-0.9359709040259795,-0.1344819845926431
1970-01-03 06:49:00,0.040457056985336255,-0.9359819522169233,-0.13448458172466
1970-01-03 06:50:00,0.040457058278481194,-0.9359931084368277,-0.13448702257515713
1970-01-03 06:51:00,0.04045705933717173,-0.9360043388915078,-0.13448927348519973
1970-01-03 06:52:00,0.04045706012197635,-0.9360156079129475,-0.13449130812198118
1970-01-03 06:53:00,0.04045706059401696,-0.9360268785471091,-0.13449310705798906
1970-01-03 06:54:00,0.04045706071564385,-0.9360381131770087,-0.13449465730286345
1970-01-03 06:55:00,0.04045706045116117,-0.9360492741737616,-0.13449595179753226
1970-01-03 06:56:00,0.04045705976759584,-0.9360603245676615,-0.13449698887996703
1970-01-03 06:57:00,0.04045705863550191,-0.9360712287300633,-0.13449777173155097
1970-01-03 06:58:00,0.04045705702979034,-0.9360819530542125,-0.13449830781259958
1970-01-03 06:59:00,0.04045705493057299,-0.9360924666199114,-0.13449860829504298
1970-01-03 07:00:00,0.04045705232400828,-0.9361027418236921,-0.1344986874996881
1970-01-03 07:01:00,0.04045704920313443,-0.9361127549532378,-0.13449856234483215
1970-01-03 07:02:00,0.04045704556867515,-0.9361224866829544,-0.13449825181229602
1970-01-03 07:03:00,0.040457041429801464,-0.9361319224681263,-0.1344977764362006
1970-01-03 07:04:00,0.04045703680483237,-0.9361410528185226,-0.13449715781904098
1970-01-03 07:05:00,0.04045703172185646,-0.9361498734375374,-0.13449641817884853
1970-01-03 07:06:00,0.04045702621925595,-0.9361583852181796,-0.13449557993048064
1970-01-03 07:07:00,0.04045702034611437,-0.9361665940917093,-0.13449466530335602
1970-01-03 07:08:00,0.0404570141624893,-0.9361745107288186,-0.13449369599726205
1970-01-03 07:09:00,0.040457007739531696,-0.9361821500975933,-0.13449269287720766
1970-01-03 07:10:00,0.04045700115943424,-0.9361895308874648,-0.13449167570768303
1970-01-03 07:11:00,0.04045699451519213,-0.936196674814109,-0.13449066292612438
1970-01-03 07:12:00,0.040456987910161134,-0.9362036058262845,-0.1344896714548785
1970-01-03 07:13:00,0.040456981457399725,-0.9362103492407547,-0.1344887165505222
1970-01-03 07:14:00,0.04045697527878411,-0.9362169308348887,-0.13448781168902088
1970-01-03 07:15:00,0.040456969503887906,-0.9362233759286068,-0.13448696848490468
1970-01-03 07:16:00,0.040456964268621075,-0.9362297084888259,-0.1344861966424015
1970-01-03 07:17:00,0.04045695971362639,-0.9362359502906633,-0.13448550393629546
1970-01-03 07:18:00,0.04045695598243537,-0.9362421201695602,-0.13448489622017024
1970-01-03 07:19:00,0.04045695321939,-0.9362482333956819,-0.13448437745963357
1970-01-03 07:20:00,0.0404569515673409,-0.9362543011954527,-0.13448394978808917
1970-01-03 07:21:00,0.040456951165137554,-0.9362603304356806,-0.13448361358261787
1970-01-03 07:22:00,0.04045695214493117,-0.9362663234758377,-0.1344833675575545
1970-01-03 07:23:00,0.04045695462931595,-0.9362722781860807,-0.13448320887340443
1970-01-03 07:24:00,0.040456958728339855,-0.9362781881235341,-0.13448313325883066
1970-01-03 07:25:00,0.04045696453642122,-0.9362840428568056,-0.13448313514355356
1970-01-03 07:26:00,0.04045697212921279,-0.9362898284270996,-0.13448320780013562
1970-01-03 07:27:00,0.04045698156045992,-0.9362955279321614,-0.1344833434927676
1970-01-03 07:28:00,0.040456992858904396,-0.9363011222161759,-0.13448353363132262
1970-01-03 07:29:00,0.0404570060252898,-0.9363065906449821,-0.13448376892909267
1970-01-03 07:30:00,0.04045702102952833,-0.9363119119421194,-0.1344840395627625
1970-01-03 07:31:00,0.040457037808092296,-0.9363170650585171,-0.1344843353333041
1970-01-03 07:32:00,0.04045705626169627,-0.9363220300484224,-0.13448464582659533
1970-01-03 07:33:00,0.04045707625333748,-0.9363267889263519,-0.1344849605726755
1970-01-03 07:34:00,0.04045709760676326,-0.9363313264828247,-0.13448526920264103
1970-01-03 07:35:00,0.04045712010543388,-0.9363356310388105,-0.13448556160225295
1970-01-03 07:36:00,0.04045714349204795,-0.9363396951197309,-0.1344858280613714
1970-01-03 07:37:00,0.04045716746869506,-0.9363435160299782,-0.13448605941835948
1970-01-03 07:38:00,0.04045719169769633,-0.9363470963093171,-0.1344862471986104
1970-01-03 07:39:00,0.040457215803188354,-0.9363504440543605,-0.1344863837463516
1970-01-03 07:40:00,0.04045723937349918,-0.9363535730923457,-0.13448646234886755
1970-01-03 07:41:00,0.040457261964356894,-0.9363565030005887,-0.13448647735226113
1970-01-03 07:42:00,0.040457283102961546,-0.9363592589721228,-0.13448642426783564
1970-01-03 07:43:00,0.040457302292940006,-0.9363618715345279,-0.13448629986812788
1970-01-03 07:44:00,0.04045731902019065,-0.9363643761340333,-0.13448610227156255
1970-01-03 07:45:00,0.04045733275961082,-0.9363668126010354,-0.1344858310146371
1970-01-03 07:46:00,0.040457342982684455,-0.9363692245168559,-0.1344854871104905
1970-01-03 07:47:00,0.04045734916589107,-0.9363716585045766,-0.1344850730926616
1970-01-03 07:48:00,0.04045735079987937,-0.9363741634679781,-0.13448459304280866
1970-01-03 07:49:00,0.040457347399330726,-0.9363767898012337,-0.13448405260114274
1970-01-03 07:50:00,0.04045733851341858,-0.9363795885885402,-0.1344834589583327
1970-01-03 07:51:00,0.040457323736750574,-0.9363826108086891,-0.1344828208276665
1970-01-03 07:52:00,0.04045730272066077,-0.9363859065560097,-0.1344821483963096
1970-01-03 07:53:00,0.04045727518470021,-0.9363895242865269,-0.1344814532545845
1970-01-03 07:54:00,0.04045724092815542,-0.936393510095834,-0.1344807483023143
1970-01-03 07:55:00,0.04045719984140686,-0.9363979070322296,-0.13448004763143137
1970-01-03 07:56:00,0.04045715191692306,-0.9364027544455568,-0.13447936638425628
1970-01-03 07:57:00,0.04045709725967158,-0.9364080873703104,-0.13447872058709853
1970-01-03 07:58:00,0.04045703609671553,-0.9364139359417432,-0.13447812695912137
1970-01-03 07:59:00,0.0404569687857547,-0.9364203248456141,-0.13447760269674877
1970-01-03 08:00:00,0.040456895822363316,-0.9364272728051615,-0.1344771652342696
1970-01-03 08:01:00,0.04045681784567329,-0.936434792112301,-0.13447683198170565
1970-01-03 08:02:00,0.04045673564225214,-0.9364428882136409,-0.1344766200414546
1970-01-03 08:03:00,0.04045665014792947,-0.9364515593652194,-0.1344765459056945
1970-01-03 08:04:00,0.04045656244733494,-0.9364607963720039,-0.13447662513703815
1970-01-03 08:05:00,0.0404564737709249,-0.9364705824282819,-0.13447687203545297
1970-01-03 08:06:00,0.04045638548929379,-0.9364808930729502,-0.1344772992950052
1970-01-03 08:07:00,0.04045629910459095,-0.9364916962697207,-0.13447791765453743
1970-01-03 08:08:00,0.040456216238893415,-0.9365029526171297,-0.13447873554693213
1970-01-03 08:09:00,0.040456138619420524,-0.9365146156880335,-0.13447975875214294
1970-01-03 08:10:00,0.040456068060517075,-0.9365266324936545,-0.134480990059677
1970-01-03 08:11:00,0.04045600644237784,-0.9365389440630633,-0.13448242894667511
1970-01-03 08:12:00,0.04045595568653756,-0.9365514861252894,-0.13448407127813883
1970-01-03 08:13:00,0.0404559177282065,-0.9365641898785348,-0.13448590903618307
1970-01-03 08:14:00,0.04045589448559199,-0.9365769828291582,-0.13448793008543095
1970-01-03 08:15:00,0.040455887826410415,-0.9365897896819231,-0.13449011798180902
1970-01-03 08:16:00,0.04045589953186142,-0.9366025332627982,-0.13449245183204106
1970-01-03 08:17:00,0.04045593125840521,-0.9366151354566726,-0.13449490621107
1970-01-03 08:18:00,0.04045598449775489,-0.9366275181441053,-0.13449745114445263
1970-01-03 08:19:00,0.04045606053556674,-0.9366396041233388,-0.1345000521624587
1970-01-03 08:20:00,0.04045616040938136,-0.936651318006916,-0.13450267043215325
1970-01-03 08:21:00,0.040456284866437174,-0.9366625870868986,-0.13450526297313994
1970-01-03 08:22:00,0.04045643432204202,-0.9366733421684005,-0.13450778296187596
1970-01-03 08:23:00,0.0404566088192488,-0.9366835183762681,-0.13451018012852758
1970-01-03 08:24:00,0.040456807990634516,-0.9366930559420519,-0.1345124012492089
1970-01-03 08:25:00,0.0404570310230277,-0.9367019009767428,-0.13451439073514404
1970-01-03 08:26:00,0.04045727662606573,-0.9367100062303946,-0.1345160913188351
1970-01-03 08:27:00,0.04045754300548868,-0.9367173318349521,-0.13451744483572378
1970-01-03 08:28:00,0.04045782784208948,-0.9367238460220242,-0.13451839309811572
1970-01-03 08:29:00,0.04045812827723885,-0.936729525802401,-0.13451887885629654
1970-01-03 08:30:00,0.04045844090588732,-0.9367343575891572,-0.13451884683981716
1970-01-03 08:31:00,0.04045876177791369,-0.9367383377430071,-0.13451824486989028
1970-01-03 08:32:00,0.04045908640863852,-0.936741473018861,-0.13451702503175034
1970-01-03 08:33:00,0.04045940979925201,-0.9367437808961987,-0.13451514489371488
1970-01-03 08:34:00,0.04045972646781674,-0.9367452897810629,-0.13451256875757744
1970-01-03 08:35:00,0.04046003049139739,-0.9367460390721896,-0.13450926892289702
1970-01-03 08:36:00,0.04046031555974053,-0.9367460790872914,-0.1345052269457689
1970-01-03 08:37:00,0.04046057504077911,-0.936745470848094,-0.13450043487079955
1970-01-03 08:38:00,0.040460802058068075,-0.9367442857246628,-0.13449489641329526
1970-01-03 08:39:00,0.04046098958007045,-0.9367426049407708,-0.13448862806715658
1970-01-03 08:40:00,0.04046113052100892,-0.9367405189427193,-0.1344816601127034
1970-01-03 08:41:00,0.04046121785277765,-0.9367381266347364,-0.13447403749770126
1970-01-03 08:42:00,0.04046124472717492,-0.9367355344852604,-0.13446582056426806
1970-01-03 08:43:00,0.04046120460747168,-0.9367328555096976,-0.1344570855941533
1970-01-03 08:44:00,0.04046109140807727,-0.9367302081359039,-0.1344479251451312
1970-01-03 08:45:00,0.04046089964080462,-0.9367277149586664,-0.1344384481519657
1970-01-03 08:46:00,0.040460624565976926,-0.9367255013897741,-0.13442877976662246
1970-01-03 08:47:00,0.04046026234636058,-0.9367236942112052,-0.13441906091415226
1970-01-03 08:48:00,0.04045981020165918,-0.9367224200395532,-0.13440944754298598
1970-01-03 08:49:00,0.04045926656106597,-0.9367218037093549,-0.13440010955128462
1970-01-03 08:50:00,0.040458631211152056,-0.9367219665825832,-0.13439122937449224
1970-01-03 08:51:00,0.040457905436170574,-0.9367230247931848,-0.13438300022334398
1970-01-03 08:52:00,0.04045709214768863,-0.936725087439435,-0.13437562396628389
1970-01-03 08:53:00,0.04045619600032419,-0.9367282547409179,-0.13436930865553048
1970-01-03 08:54:00,0.04045522349027075,-0.9367326161788795,-0.1343642657018572
1970-01-03 08:55:00,0.04045418303324349,-0.9367382486389311,-0.13436070670948383
1970-01-03 08:56:00,0.040453085018482125,-0.9367452145759698,-0.134358839989248
1970-01-03 08:57:00,0.04045194183550355,-0.9367535602239162,-0.13435886677537573
1970-01-03 08:58:00,0.0404507678704153,-0.9367633138763468,-0.13436097717862042
1970-01-03 08:59:00,0.04044957946878386,-0.9367744842667016,-0.13436534591619573
1970-01-03 09:00:00,0.040448394862303116,-0.9367870590777926,-0.13437212786668423
1970-01-03 09:01:00,0.04044723405683017,-0.9368010036100612,-0.13438145350584252
1970-01-03 09:02:00,0.04044611867975057,-0.9368162596370522,-0.13439342428682477
1970-01-03 09:03:00,0.04044507178510354,-0.9368327444752432,-0.13440810803567788
1970-01-03 09:04:00,0.040444117615439125,-0.9368503502934303,-0.13442553443987088
1970-01-03 09:05:00,0.04044328131999257,-0.9368689436839338,-0.13444569071394488
1970-01-03 09:06:00,0.040442588629442784,-0.9368883655145891,-0.13446851753193204
1970-01-03 09:07:00,0.040442065488268016,-0.9369084310784244,-0.13449390532081734
1970-01-03 09:08:00,0.04044173764651628,-0.9369289305587446,-0.13452169101282918
1970-01-03 09:09:00,0.04044163021366346,-0.9369496298313138,-0.1345516553565748
1970-01-03 09:10:00,0.04044176717812935,-0.9369702716308698,-0.13458352088783093
1970-01-03 09:11:00,0.04044217089695049,-0.9369905771138657,-0.13461695066001086
1970-01-03 09:12:00,0.040442861561056316,-0.937010247851316,-0.1346515478318144
1970-01-03 09:13:00,0.04044385664254789,-0.9370289682844956,-0.13468685620519333
1970-01-03 09:14:00,0.04044517033132164,-0.9370464086726269,-0.13472236180041575
1970-01-03 09:15:00,0.040446812969296385,-0.9370622285565475,-0.13475749554659666
1970-01-03 09:16:00,0.04044879049137408,-0.9370760807559518,-0.13479163715550774
1970-01-03 09:17:00,0.04045110388307284,-0.9370876159093995,-0.13482412023374257
1970-01-03 09:18:00,0.04045374866549605,-0.9370964875547674,-0.13485423867337465
1970-01-03 09:19:00,0.04045671441892294,-0.9371023577328534,-0.13488125434411224
1970-01-03 09:20:00,0.0404599843568032,-0.9371049030789145,-0.13490440609067778
1970-01-03 09:21:00,0.04046353496229047,-0.9371038213471778,-0.13492292001783204
1970-01-03 09:22:00,0.04046733569963608,-0.9370988382941066,-0.13493602102229565
1970-01-03 09:23:00,0.04047134881276575,-0.9370897148306326,-0.13494294550600514
1970-01-03 09:24:00,0.040475529223159314,-0.9370762543436448,-0.13494295517894134
1970-01-03 09:25:00,0.04047982453872957,-0.9370583100809633,-0.1349353518324871
1970-01-03 09:26:00,0.040484175184735995,-0.9370357924873547,-0.1349194929362482
1970-01-03 09:27:00,0.0404885146668593,-0.9370086763687749,-0.13489480788287267
1970-01-03 09:28:00,0.04049276997539378,-0.9369770077490528,-0.1348608146770317
1970-01-03 09:29:00,0.04049686213807884,-0.9369409102709179,-0.13481713683684043
1970-01-03 09:30:00,0.04050070692738674,-0.9369005909834704,-0.13476352024912006
1970-01-03 09:31:00,0.040504215726110605,-0.9368563453503286,-0.13469984969460166
1970-01-03 09:32:00,0.04050729655286186,-0.9368085613060829,-0.13462616473603572
1970-01-03 09:33:00,0.04050985524659897,-0.936757722184807,-0.13454267464179398
1970-01-03 09:34:00,0.04051179680658624,-0.9367044083464212,-0.13444977200054287
1970-01-03 09:35:00,0.04051302688124363,-0.9366492973368772,-0.13434804466954853
1970-01-03 09:36:00,0.04051345339622282,-0.936593162435232,-0.13423828569075505
1970-01-03 09:37:00,0.04051298830876438,-0.9365368694605495,-0.13412150080554833
1970-01-03 09:38:00,0.04051154947199415,-0.936481371730364,-0.1339989132016578
1970-01-03 09:39:00,0.04050906258934896,-0.9364277030795031,-0.13387196513452448
1970-01-03 09:40:00,0.040505463235832116,-0.9363769688654746,-0.13374231608119647
1970-01-03 09:41:00,0.04050069891934426,-0.9363303349066168,-0.13361183710782729
1970-01-03 09:42:00,0.040494731151974786,-0.936289014322631,-0.13348260116247662
1970-01-03 09:43:00,0.04048753749793947,-0.9362542522742198,-0.13335686904338453
1970-01-03 09:44:00,0.04047911356187945,-0.9362273086298566,-0.13323707083936545
1970-01-03 09:45:00,0.040469474878568105,-0.9362094386240967,-0.13312578269349581
1970-01-03 09:46:00,0.04045865866278034,-0.9362018716135098,-0.13302569880377443
1970-01-03 09:47:00,0.04044672537623866,-0.9362057880821619,-0.13293959864469862
1970-01-03 09:48:00,0.0404337600672391,-0.9362222950966316,-0.13287030947133724
1970-01-03 09:49:00,0.04041987343785174,-0.9362524004590326,-0.13282066425193328
1970-01-03 09:50:00,0.04040520259355842,-0.9362969858542513,-0.1327934552655936
1970-01-03 09:51:00,0.04038991143090231,-0.9363567793344468,-0.13279138369732385
1970-01-03 09:52:00,0.04037419062024425,-0.9364323275309604,-0.1328170056625055
1970-01-03 09:53:00,0.040358257143104745,-0.936523968032434,-0.132872675195698
1970-01-03 09:54:00,0.040342353346866304,-0.9366318024174539,-0.13296048484299416
1970-01-03 09:55:00,0.04032674548385565,-0.9367556704769945,-0.13308220460147904
1970-01-03 09:56:00,0.040311721707044224,-0.9368951262021652,-0.13323922005187716
1970-01-03 09:57:00,0.04029758950081074,-0.9370494161433257,-0.13343247062931005
1970-01-03 09:58:00,0.040284672532397287,-0.9372174607659735,-0.13366238907017716
1970-01-03 09:59:00,0.040273306917841346,-0.9373978394359239,-0.1339288431583832
1970-01-03 10:00:00,0.04026383690524143,-0.9375887796612271,-0.1342310809692878
1970-01-03 10:01:00,0.04025660998815553,-0.9377881512026062,-0.13456768087262913
1970-01-03 10:02:00,0.040251971472659354,-0.9379934656396267,-0.13493650760395748
1970-01-03 10:03:00,0.040250258533005026,-0.9382018819460602,-0.13533467574544825
1970-01-03 10:04:00,0.040251793802804914,-0.938410218583269,-0.1357585219690849
1970-01-03 10:05:00,0.040256878561085126,-0.9386149725633609,-0.13620358738607719
1970-01-03 10:06:00,0.04026578558524995,-0.9388123458636368,-0.1366646113141934
1970-01-03 10:07:00,0.04027875175578764,-0.9389982794904989,-0.13713553771771117
1970-01-03 10:08:00,0.04029597051022333,-0.9391684953945432,-0.1376095354912414
1970-01-03 10:09:00,0.040317584256163996,-0.9393185463282071,-0.13807903364723
1970-01-03 10:10:00,0.040343676865045135,-0.9394438736118066,-0.13853577232641964
1970-01-03 10:11:00,0.04037426637912665,-0.9395398726333423,-0.13897087038048037
1970-01-03 10:12:00,0.04040929807413254,-0.939601965754715,-0.13937491007638333
1970-01-03 10:13:00,0.04044863802841258,-0.9396256821356417,-0.1397380392432606
1970-01-03 10:14:00,0.0404920673563474,-0.9396067438197494,-0.1400500909253149
1970-01-03 10:15:00,0.04053927726864217,-0.9395411572575245,-0.1403007203203487
1970-01-03 10:16:00,0.040589865124885785,-0.9394253092705842,-0.14047955847484836
1970-01-03 10:17:00,0.040643331644025296,-0.9392560662935459,-0.1405763818759416
1970-01-03 10:18:00,0.04069907943596841,-0.9390308755651091,-0.14058129673103695
1970-01-03 10:19:00,0.040756413012148794,-0.9387478667803518,-0.14048493636122902
1970-01-03 10:20:00,0.040814540424362965,-0.9384059525645589,-0.1402786697589637
1970-01-03 10:21:00,0.04087257666933936,-0.9380049259884988,-0.1399548189790373
1970-01-03 10:22:00,0.040929548981191985,-0.9375455532178832,-0.1395068826504986
1970-01-03 10:23:00,0.04098440411504979,-0.9370296592768594,-0.1389297625217606
1970-01-03 10:24:00,0.04103601770269432,-0.9364602048093172,-0.13821998958895132
1970-01-03 10:25:00,0.04108320573499311,-0.9358413516480381,-0.13737594601541306
1970-01-03 10:26:00,0.04112473819635718,-0.9351785149578814,-0.13639807873607626
1970-01-03 10:27:00,0.04115935484351482,-0.9344783997123521,-0.1352891003624488
1970-01-03 10:28:00,0.041185783084788354,-0.9337490192970375,-0.1340541727704379
1970-01-03 10:29:00,0.04120275787706638,-0.9329996941094857,-0.13270106857190142
1970-01-03 10:30:00,0.04120904351613897,-0.932241028142802,-0.13124030554883118
1970-01-03 10:31:00,0.04120345715244183,-0.9314848616999943,-0.12968524907353107
1970-01-03 10:32:00,0.041184893819052465,-0.930744198590524,-0.12805217755679674
1970-01-03 10:33:00,0.04115235271258895,-0.9300331064133167,-0.12636030606690607
1970-01-03 10:34:00,0.04110496442114758,-0.929366588832744,-0.12463176345228806
1970-01-03 10:35:00,0.041042018747322016,-0.9287604291020394,-0.12289151858564619
1970-01-03 10:36:00,0.04096299272948098,-0.9282310044764446,-0.12116725173140407
1970-01-03 10:37:00,0.04086757842171561,-0.9277950715828781,-0.11948916752515604
1970-01-03 10:38:00,0.04075570995312295,-0.9274695232742624,-0.11788974664618068
1970-01-03 10:39:00,0.04062758935133599,-0.9272711179951917,-0.1164034339635747
1970-01-03 10:40:00,0.040483710584438906,-0.927216183219069,-0.11506626174272014
1970-01-03 10:41:00,0.04032488125063461,-0.9273202950808116,-0.11391540740882002
1970-01-03 10:42:00,0.04015224132727641,-0.9275979369180601,-0.11298868637316636
1970-01-03 10:43:00,0.03996727838114084,-0.9280621400387584,-0.1123239815284059
1970-01-03 10:44:00,0.039771838641073906,-0.92872411064127,-0.11195861220157313
1970-01-03 10:45:00,0.03956813334330794,-0.9295928474110969,-0.11192864660580042
1970-01-03 10:46:00,0.03935873977966638,-0.9306747548941043,-0.11226816313879268
1970-01-03 10:47:00,0.03914659651030125,-0.9319732582897035,-0.11300846722141747
1970-01-03 10:48:00,0.038934992246179,-0.9334884258079681,-0.11417727173382816
1970-01-03 10:49:00,0.038727547962740076,-0.9352166051802152,-0.11579785046806662
1970-01-03 10:50:00,0.038528191875342524,-0.9371500812900235,-0.11788817535201392
1970-01-03 10:51:00,0.0383411269894098,-0.9392767621868945,-0.12046004948524283
1970-01-03 10:52:00,0.03817079103358379,-0.9415799009439916,-0.1235182492365086
1970-01-03 10:53:00,0.038021808692355184,-0.9440378609123657,-0.12705968975725868
1970-01-03 10:54:00,0.037898936175079403,-0.9466239318950141,-0.13107262923606627
1970-01-03 10:55:00,0.03780699829020021,-0.9493062046025108,-0.13553592802500583
1970-01-03 10:56:00,0.037750818335832055,-0.952047510445676,-0.14041837938062
1970-01-03 10:57:00,0.0377351412692463,-0.9548054332602852,-0.14567812894980975
1970-01-03 10:58:00,0.03776455077662068,-0.9575323989375136,-0.15126220026574635
1970-01-03 10:59:00,0.03784338102870169,-0.9601758481466075,-0.1571061433724439
1970-01-03 11:00:00,0.03797562407555441,-0.9626784963790054,-0.163133823242284
1970-01-03 11:01:00,0.03816483400179821,-0.9649786844139235,-0.16925736386492493
1970-01-03 11:02:00,0.038414029129832335,-0.9670108210070323,-0.17537726274892684
1970-01-03 11:03:00,0.038725593719458516,-0.9687059181441192,-0.18138268907370847
1970-01-03 11:04:00,0.03910118076467907,-0.9699922175916696,-0.18715197684902313
1970-01-03 11:05:00,0.039541617628742746,-0.97079590572908,-0.1925533221783716
1970-01-03 11:06:00,0.04004681638299656,-0.9710419117784088,-0.1974456910848065
1970-01-03 11:07:00,0.04061569081990643,-0.9706547825770427,-0.20167994135179906
1970-01-03 11:08:00,0.04124608219176168,-0.969559624991359,-0.20510015847392693
1970-01-03 11:09:00,0.041934695780059233,-0.9676831049756911,-0.20754520212536062
1970-01-03 11:10:00,0.0426770504223668,-0.9649544901768192,-0.208850455570247
1970-01-03 11:11:00,0.04346744310965462,-0.9613067209112317,-0.20884976619825915
1970-01-03 11:12:00,0.044298930713868694,-0.9566774923449161,-0.20737756091949386
1970-01-03 11:13:00,0.04516333080930992,-0.9510103288296012,-0.20427111555452462
1970-01-03 11:14:00,0.04605124340888187,-0.9442556296454386,-0.19937295267916086
1970-01-03 11:15:00,0.04695209524453456,-0.93637166392539,-0.19253333771359535
1970-01-03 11:16:00,0.0478542079777565,-0.9273254913553668,-0.18361283847767076
1970-01-03 11:17:00,0.048744891428760956,-0.9170937844246522,-0.172484909072456
1970-01-03 11:18:00,0.049610562560669744,-0.9056635276129671,-0.15903845490522006
1970-01-03 11:19:00,0.050436890546775054,-0.8930325690135993,-0.14318033206986747
1970-01-03 11:20:00,0.051208967784840485,-0.8792100005760649,-0.12483773125605568
1970-01-03 11:21:00,0.0519115062031601,-0.8642163444774968,-0.10396039402428003
1970-01-03 11:22:00,0.052529057630347674,-0.8480835251722997,-0.0805226077954904
1970-01-03 11:23:00,0.05304625637708483,-0.830854609499317,-0.054524925412603197
1970-01-03 11:24:00,0.05344808150674959,-0.8125833009195922,-0.025995555792742788
1970-01-03 11:25:00,0.053720135557354984,-0.7933331785900016,0.005008625837867714
1970-01-03 11:26:00,0.05384893572488493,-0.7731766776220619,0.038401496188989186
1970-01-03 11:27:00,0.053822212734203664,-0.7521938136016361,0.07406757361660012
1970-01-03 11:28:00,0.0536292118162492,-0.7304706623196496,0.11186241542244324
1970-01-03 11:29:00,0.05326098939341408,-0.7080976147513047,0.15161355010211183
1970-01-03 11:30:00,0.05271069827744837,-0.6851674376956225,0.19312196117642616
1970-01-03 11:31:00,0.0519738534487079,-0.6617731822295166,0.2361641265503897
1970-01-03 11:32:00,0.05104856984947106,-0.6380059953072897,0.28049460263528686
1970-01-03 11:33:00,0.049935763096509427,-0.6139529044799686,0.32584912557156326
1970-01-03 11:34:00,0.048639303601184625,-0.5896946616608781,0.3719481825844041
1970-01-03 11:35:00,0.04716611441735214,-0.5653037476508055,0.4185009847684464
1970-01-03 11:36:00,0.04552620374712783,-0.5408426494881026,0.4652097491503997
1970-01-03 11:37:00,0.04373262528215652,-0.5163625184889186,0.5117741751880048
1970-01-03 11:38:00,0.04180136379298465,-0.49190229244874606,0.5578959838268148
1970-01-03 11:39:00,0.03975114857556577,-0.4674883271734839,0.603283381495238
1970-01-03 11:40:00,0.03760320169179275,-0.44313454473196945,0.6476553193927355
1970-01-03 11:41:00,0.035380930340616006,-0.418843078084259,0.690745437253927
1970-01-03 11:42:00,0.033109573450248564,-0.3946053733779886,0.7323056048686444
1970-01-03 11:43:00,0.030815812521645513,-0.37040369762633896,0.7721089994620315
1970-01-03 11:44:00,0.028527356455599777,-0.34621298840384135,0.8099526801334676
1970-01-03 11:45:00,0.02627250970128309,-0.32200297392203836,0.8456596407194463
1970-01-03 11:46:00,0.02407973244992341,-0.29774048707520595,0.8790803391469248
1970-01-03 11:47:00,0.02197720069386492,-0.2733918958930509,0.9100937144232929
1970-01-03 11:48:00,0.01999237297723457,-0.24892557512660848,0.9386077118718282
1970-01-03 11:49:00,0.018151569886101605,-0.22431434895583557,0.9645593434138359
1970-01-03 11:50:00,0.016479571825214062,-0.19953784174888353,0.9879143136040518
1970-01-03 11:51:00,0.014999240164789764,-0.1745846805481268,1.0086662450787685
1970-01-03 11:52:00,0.01373116620109604,-0.1494544982174316,1.0268355400020157
1970-01-03 11:53:00,0.012693351675221768,-0.12415968981612874,1.042467917096722
1970-01-03 11:54:00,0.011900924186571635,-0.09872687710778369,1.0556326665520888
1970-01-03 11:55:00,0.011365890888855259,-0.07319803753482941,1.0664206671802732
1970-01-03 11:56:00,0.01109693409229012,-0.04763125552094623,1.0749422113961293
1970-01-03 11:57:00,0.011099252354548141,-0.02210105747800405,1.0813246835603263
1970-01-03 11:58:00,0.01137445012885753,0.00330170112454899,1.085710135736671
1970-01-03 11:59:00,0.011920478212989492,0.028470417791585774,1.0882528021812627
1970-01-03 12:00:00,0.01273162634545375,0.0532838024257423,1.0891165904644615
1970-01-03 12:01:00,0.013798568381719443,0.07760740851919698,1.0884725836302938
1970-01-03 12:02:00,0.015108459456500892,0.10129561640166876,1.08649658463431
1970-01-03 12:03:00,0.016645083405242365,0.12419403457264605,1.0833667315894633
1970-01-03 12:04:00,0.018389047767225497,0.146142270186865,1.0792612099941588
1970-01-03 12:05:00,0.020318023298554443,0.16697700373380595,1.0743560859772048
1970-01-03 12:06:00,0.022407025026918267,0.18653528627889973,1.0688232825340003
1970-01-03 12:07:00,0.02462873163186906,0.2046579622190503,1.0628287185503291
1970-01-03 12:08:00,0.026953838297198603,0.221193109657829,1.0565306279311766
1970-01-03 12:09:00,0.02935143537014802,0.23599938705572074,1.0500780734034967
1970-01-03 12:10:00,0.03178940295006645,0.24894917898419544,1.0436096667564039
1970-01-03 12:11:00,0.03423481142878828,0.2599314435814074,1.037252504474181
1970-01-03 12:12:00,0.03665431969369339,0.2688541775368321,1.0311213246574333
1970-01-03 12:13:00,0.03901456479269828,0.2756464299059586,1.0253178875680955
1970-01-03 12:14:00,0.041282538507294006,0.280259812977817,1.0199305781229036
1970-01-03 12:15:00,0.04342594757419899,0.28266947609678983,1.0150342244219002
1970-01-03 12:16:00,0.045413555588139594,0.28287452642950256,1.0106901220677504
1970-01-03 12:17:00,0.04721550596983214,0.2808978991339881,1.0069462496314139
1970-01-03 12:18:00,0.048803626653961575,0.2767856980379217,1.0038376562724063
1970-01-03 12:19:00,0.05015171833770704,0.2706060459779913,1.001386998638278
1970-01-03 12:20:00,0.05123582932133323,0.26244750014368756,0.999605201371267
1970-01-03 12:21:00,0.05203452094372701,0.25241710116974525,0.9984922143030358
1970-01-03 12:22:00,0.052529127697212706,0.2406381352949497,0.9980378396947287
1970-01-03 12:23:00,0.05270401471689115,0.22724769683609455,0.998222604238759
1970-01-03 12:24:00,0.05254683270711442,0.2123941423257855,0.9990186525080379
1970-01-03 12:25:00,0.05204876749294833,0.19623452508336817,1.0003906408952317
1970-01-03 12:26:00,0.05120477915224923,0.17893208758406312,1.0022966138098386
1970-01-03 12:27:00,0.05001382420677748,0.16065386988913338,1.004688846960749
1970-01-03 12:28:00,0.04847905328797431,0.1415684697923731,1.0075146458040847
1970-01-03 12:29:00,0.04660797589207521,0.1218439695687073,1.010717090509776
1970-01-03 12:30:00,0.044412583454852356,0.10164603025023149,1.0142357219689213
1970-01-03 12:31:00,0.04190942218245812,0.08113615007659371,1.01800716631748
1970-01-03 12:32:00,0.03911960788445534,0.060470087863607865,1.021965698069051
1970-01-03 12:33:00,0.03606877632875315,0.03979645889524865,1.0260437441708177
1970-01-03 12:34:00,0.03278696412235531,0.019255513965174456,1.0301723332277988
1970-01-03 12:35:00,0.0293084165609053,-0.001021891690722617,1.034281496000084
1970-01-03 12:36:00,0.02567132020464598,-0.020915141810847224,1.0383006251881495
1970-01-03 12:37:00,0.02191745925035585,-0.04031452750685668,1.0421588044238248
1970-01-03 12:38:00,0.018091796249111225,-0.0591217627961229,1.04578511816199
1970-01-03 12:39:00,0.014241979487093197,-0.07725037723134776,1.049108955671098
1970-01-03 12:40:00,0.01041778150294709,-0.09462602016908371,1.052060323218177
1970-01-03 12:41:00,0.006670475796652797,-0.11118670928088015,1.054570178343341
1970-01-03 12:42:00,0.003052161466768562,-0.1268830446918123,1.0565707985035464
1970-01-03 12:43:00,-0.00038495248690877343,-0.14167839131200075,1.0579961935433062
1970-01-03 12:44:00,-0.0035892907820737952,-0.1555490124710296,1.0587825680962486
1970-01-03 12:45:00,-0.006510671452608201,-0.16848412564999046,1.0588688367929704
1970-01-03 12:46:00,-0.009101070293364306,-0.18048584878417911,1.0581971922975195
1970-01-03 12:47:00,-0.011315379375679713,-0.19156901016634276,1.0567137236829494
1970-01-03 12:48:00,-0.013112148290911563,-0.20176080131270993,1.0543690804869756
1970-01-03 12:49:00,-0.014454295240991975,-0.21110025723382242,1.0511191759855785
1970-01-03 12:50:00,-0.015309773228855258,-0.21963755229767007,1.0469259216082019
1970-01-03 12:51:00,-0.0156521754708368,-0.2274331035846833,1.0417579826695416
1970-01-03 12:52:00,-0.015461264382303023,-0.23455647823906792,1.035591543518647
1970-01-03 12:53:00,-0.014723409885204949,-0.24108510689302964,1.0284110678280285
1970-01-03 12:54:00,-0.013431924801256432,-0.24710281143978927,1.0202100372045544
1970-01-03 12:55:00,-0.011587287318295923,-0.25269816179971544,1.0109916488284303
1970-01-03 12:56:00,-0.009197242780271361,-0.257962682422542,1.0007694506732914
1970-01-03 12:57:00,-0.006276779343984724,-0.26298893495247516,0.989567891162432
1970-01-03 12:58:00,-0.0028479744354259926,-0.26786850896245695,0.9774227588481021
1970-01-03 12:59:00,0.001060288527556191,-0.27268995816408353,0.9643814868371995
1970-01-03 13:00:00,0.005412731025141583,-0.27753672494923065,0.9505032963410746
1970-01-03 13:01:00,0.010168213096893744,-0.28248510120607534,0.9358591541183078
1970-01-03 13:02:00,0.015280382171579142,-0.2876022777808729,0.9205315199070778
1970-01-03 13:03:00,0.020698426625864443,-0.29294453862252073,0.9046138623079266
1970-01-03 13:04:00,0.026367920628413005,-0.2985556586485525,0.8882099249726539
1970-01-03 13:05:00,0.03223174353698302,-0.3044655669305765,0.871432729311948
1970-01-03 13:06:00,0.03823105351904212,-0.31068933903558715,0.8544033052031142
1970-01-03 13:07:00,0.044306291452828814,-0.3172265836762225,0.8372491474423902
1970-01-03 13:08:00,0.05039818844979618,-0.32406128696482206,0.8201024031924833
1970-01-03 13:09:00,0.05644875008566778,-0.33116216862439535,0.8030978046711363
1970-01-03 13:10:00,0.062402193856910045,-0.3384835852033082,0.7863703718714707
1970-01-03 13:11:00,0.06820582275073563,-0.34596698624716576,0.7700529221962443
1970-01-03 13:12:00,0.07381082430826388,-0.35354289551241125,0.7542734376212653
1970-01-03 13:13:00,0.07917298844156598,-0.36113335707792754,0.7391523551901265
1970-01-03 13:14:00,0.08425333799910653,-0.36865475982434043,0.7247998622129336
1970-01-03 13:15:00,0.08901866521107828,-0.3760209335813933,0.7113132917591105
1970-01-03 13:16:00,0.09344196654645938,-0.38314639370653314,0.6987747254137622
1970-01-03 13:17:00,0.09750276866116674,-0.38994959568388216,0.6872489175293491
1970-01-03 13:18:00,0.10118733816508764,-0.39635604954145015,0.676781655794693
1970-01-03 13:19:00,0.10448876741330493,-0.4023011418087972,0.6673986629975991
1970-01-03 13:20:00,0.1074069281639002,-0.4077325252077261,0.6591051225123008
1970-01-03 13:21:00,0.10994828550060513,-0.4126119615158067,0.6518858780233742
1970-01-03 13:22:00,0.11212556574971776,-0.4169165349075338,0.6457063214783123
