timestamp,x,y,z
2012-01-08 10:30:00,-0.2032030055068606,0.27604708346427886,0.8604883136314239
2012-01-08 10:31:00,-0.17498789126419267,0.24963754499463786,0.8781001138131732
2012-01-08 10:32:00,-0.15596718374348423,-0.15256029344786703,0.9943260550124651
2012-01-08 10:33:00,-0.18159753907471443,-0.015278104173969327,1.0115806319725886
2012-01-08 10:34:00,-0.16489121668525694,-0.08255230729781532,1.0094931241846061
2012-01-08 10:35:00,-0.1469462334258889,-0.15866971632754204,1.0052954007513601
2012-01-08 10:36:00,-0.1641301846009558,-0.054767480079385686,1.015674719375758
2012-01-08 10:37:00,-0.16014880257161998,-0.045397436251340226,1.016708217016493
2012-01-08 10:38:00,-0.1712834654015548,-0.07782868499034921,1.0042976186629837
2012-01-08 10:39:00,0.1419947158284256,0.3193290030292337,0.881094756012236
2012-01-08 10:40:00,0.2066944355612283,0.4946565614699116,0.8493885621226936
2012-01-08 10:41:00,0.1596704073437456,0.4348659698999852,0.8929950465304497
2012-01-08 10:42:00,0.10343984458258078,0.4811083367394086,0.8751265063626565
2012-01-08 10:43:00,0.06382911646116665,0.4867452164871897,0.874925240085881
2012-01-08 10:44:00,0.08505400673804342,0.5086939526809731,0.8599506557874445
2012-01-08 10:45:00,-0.02271432805023778,0.5011448989147369,0.8678585607028143
2012-01-08 10:46:00,-0.19162524887808033,0.0774051807370161,0.9466515372762899
2012-01-08 10:47:00,-0.12276488979561113,-0.01368377836042289,1.01923408896417
2012-01-08 10:48:00,-0.1500958452583484,-0.013358180741504414,1.012251616273328
2012-01-08 10:49:00,-0.15793893912572285,-0.050149660496949924,1.0131390408832417
2012-01-08 10:50:00,-0.13309970249476474,-0.029647962358323964,1.0180641507567758
2012-01-08 10:51:00,-0.1541737088433954,-0.0031398083173399607,1.013766804820187
2012-01-08 10:52:00,-0.1476461454966266,-0.043719529218551934,1.0122410553788856
2012-01-08 10:53:00,-0.1823419348533813,-0.1013720647969917,1.0004191591924934
2012-01-08 10:54:00,-0.15158193172533505,-0.11676054311687417,1.00480006385434
2012-01-08 10:55:00,-0.17340799827528247,-0.16954994248956962,0.9845664926138419
2012-01-08 10:56:00,-0.12954072032311953,-0.028868302859850592,1.017151561817797
2012-01-08 10:57:00,-0.174963966242901,-0.1401220439322445,0.9746914663702126
2012-01-08 10:58:00,-0.1909146817570312,-0.21801839573009926,0.9707246319423838
2012-01-08 10:59:00,-0.14042956558190678,-0.2156149284203007,0.9784224795067583
2012-01-08 11:00:00,-0.09165169203791942,-0.3629886637464919,0.9406288293880616
2012-01-08 11:01:00,-0.10182891819607816,-0.03326195169632326,0.990679761139028
2012-01-08 11:02:00,-0.05469392116124792,-0.16957160173503563,0.9970327677707436
2012-01-08 11:03:00,-0.05371174794107608,-0.11002571563589339,1.0008013629913577
2012-01-08 11:04:00,-0.06898622092500516,-0.24075043389140163,1.0055223729415308
2012-01-08 11:05:00,-0.0917835050792189,-0.45948732497532874,0.9269498985597074
2012-01-08 11:06:00,-0.06518405113116088,-0.416193353482592,0.9502485469756631
2012-01-08 11:07:00,-0.13587099241391076,-0.224955881388183,0.9896216987804511
2012-01-08 11:08:00,-0.09367821047140594,-0.26718512739894845,0.977885218179878
2012-01-08 11:09:00,-0.04263476364865207,-0.13767772718771262,1.0209259887411117
2012-01-08 11:10:00,-0.05984651714117467,-0.05132664247460957,1.0181089185043706
2012-01-08 11:11:00,-0.06067156969702248,-0.19533786550355636,1.008480226090723
2012-01-08 11:12:00,-0.04833112787317339,-0.34815058939011645,0.9732113647510426
2012-01-08 11:13:00,-0.042482482090393306,-0.14756771513744718,0.9910700500182529
2012-01-08 11:14:00,0.04754828975501914,0.06944809709936549,1.0188208020932017
2012-01-08 11:15:00,0.029020660091457658,-0.07211369994994514,1.0257214665367111
2012-01-08 11:16:00,-0.017723015568113544,-0.13075388245397432,1.0253788564208566
2012-01-08 11:17:00,-0.009906446614419829,-0.15512126698626327,1.0229813786440733
2012-01-08 11:18:00,-0.03301433525359281,-0.1495699730380041,1.0225064672132274
2012-01-08 11:19:00,-0.03385892457305814,-0.167432494561207,1.0203931374580644
2012-01-08 11:20:00,-0.029414130510714624,-0.1716581986839647,1.0198903731187992
2012-01-08 11:21:00,0.009035708088266424,-0.10277561323851023,1.026159182729439
2012-01-08 11:22:00,0.021512561607004963,-0.002275956447100295,1.0272213940108323
2012-01-08 11:23:00,-0.038980697551308334,-0.29531936273864856,0.9877337261336164
2012-01-08 11:24:00,-0.0794160574367385,-0.3140273282180552,0.9797728813499526
2012-01-08 11:25:00,-0.0525967848414239,-0.23300749809831336,0.9979733160007779
2012-01-08 11:26:00,-0.07185931241087816,-0.03900744547074718,1.0253996010349398
2012-01-08 11:27:00,-0.08646689045458314,-0.05784504862363709,1.0234472765642781
2012-01-08 11:28:00,-0.01384641070488649,-0.0850508210482142,1.0179699924524808
2012-01-08 11:29:00,-0.06808079712929078,-0.3299354817525159,0.9710218843705695
2012-01-08 11:30:00,-0.06093760030437436,-0.32580123049351484,0.9827114695708213
2012-01-08 11:31:00,-0.07582169869466586,-0.5215589577813586,0.9006985807302934
2012-01-08 11:32:00,-0.0018215326982995489,-0.3059459850491362,0.9718520074240999
2012-01-08 11:33:00,0.03100434792778267,-0.17630281119307173,1.0205543941924333
2012-01-08 11:34:00,-0.0274187206162191,-0.015914998442734477,1.0225269410351452
2012-01-08 11:35:00,0.017880436798031682,-0.20749933626391237,1.0054838334137353
2012-01-08 11:36:00,-0.025224125902503048,-0.27410691866020465,1.0004412480962537
2012-01-08 11:37:00,0.004991177227606885,-0.25705850119175233,1.0035813153591706
2012-01-08 11:38:00,0.007665624912328773,-0.28759446816808165,0.9974177568604499
2012-01-08 11:39:00,-0.010429024984629226,-0.2882111455113385,0.9963800522700058
2012-01-08 11:40:00,0.011073497731532274,-0.09808682662493698,0.9939493734395408
2012-01-08 11:41:00,0.10331417810768098,0.12292580089118163,1.0036023404365677
2012-01-08 11:42:00,0.12933384102468967,0.07858529181560087,1.0129192736988946
2012-01-08 11:43:00,0.12191105808412674,0.11600689426984077,1.0091286572725615
2012-01-08 11:44:00,0.1392806085135601,0.07067331123425362,1.0114848875998974
2012-01-08 11:45:00,0.12809447382563297,0.11813431620740217,1.0080161173330382
2012-01-08 11:46:00,0.09870629715397024,0.0990356531421742,1.0076231205321613
2012-01-08 11:47:00,0.06264189739268905,0.0554773215134675,1.0231724708723569
2012-01-08 11:48:00,-0.018303107164756995,-0.3421632747848237,0.9368567622250438
2012-01-08 11:49:00,0.03490116582721401,-0.39444243513791816,0.9643960159478326
2012-01-08 11:50:00,0.015516022523640219,-0.31105602687475264,0.9709976388006364
2012-01-08 11:51:00,0.08123936347204333,-0.01678667306528692,1.0164012354126581
2012-01-08 11:52:00,0.046558948045427644,0.04518292171526322,1.020797430160689
2012-01-08 11:53:00,0.03152978167113616,-0.14945554083932872,1.006996304367794
2012-01-08 11:54:00,0.03639565310255618,-0.2398705209328198,1.009214053516083
2012-01-08 11:55:00,0.02181192493874428,-0.374547611456057,0.9710901239961967
2012-01-08 11:56:00,0.008401830278555957,-0.26410127620674584,1.000472041033895
2012-01-08 11:57:00,0.002020477065044781,-0.28443045821077406,0.9968078748775554
2012-01-08 11:58:00,0.021089740957482596,-0.3081827788424707,0.9926304415144009
2012-01-08 11:59:00,0.04130944971795796,-0.29756784176825024,0.9955524727285984
2012-01-08 12:00:00,0.023940936239824268,-0.29160147747149523,0.99709082367673
2012-01-08 12:01:00,-0.018530860743698224,-0.3061323865690892,0.986010143673348
2012-01-08 12:02:00,0.049273731632879875,-0.1835934207797745,1.0187670014926682
2012-01-08 12:03:00,0.013106613579809624,-0.2092045984836944,1.0118584550629222
2012-01-08 12:04:00,0.07421180925946294,-0.27893825048857734,0.9975257739209132
2012-01-08 12:05:00,0.03549222806804269,-0.2802157548334562,0.9967330491996249
2012-01-08 12:06:00,0.09214610741196017,-0.02859352868486421,0.956746340375415
2012-01-08 12:07:00,0.15056343515311432,0.4196418427169741,0.9011270319625122
2012-01-08 12:08:00,0.15534360030537223,0.38498250299657866,0.9204582753528622
2012-01-08 12:09:00,0.10937269381655239,0.11745674362661057,0.9752047335770277
2012-01-08 12:10:00,-0.008707219950457293,-0.34286585572691525,0.9680509461571094
2012-01-08 12:11:00,-0.0015948310989377236,-0.3310157060625069,0.9832968545339149
2012-01-08 12:12:00,-2.1234959224279705e-05,-0.2450098736335082,0.9722831955914168
2012-01-08 12:13:00,-0.07666439445088827,0.5940793186210636,0.7901921569057078
2012-01-08 12:14:00,-0.08024177123689336,0.6520614120867801,0.7416338218981051
2012-01-08 12:15:00,-0.013331722181522634,-0.09210826372379419,0.9762172061403654
2012-01-08 12:16:00,-0.04255802925247431,-0.3391367741455142,0.9786227303129145
2012-01-08 12:17:00,-0.0033264345714778313,-0.3279838517270833,0.9863205875484378
2012-01-08 12:18:00,-0.003414966167224633,-0.2848163154686019,0.9611868289847515
2012-01-08 12:19:00,0.0644203440130721,0.16879487576867955,1.0045836428874626
2012-01-08 12:20:00,0.05091247536511792,0.15427589636836256,1.008337402565884
2012-01-08 12:21:00,0.024202353165306462,0.15333235020893643,1.009156819657741
2012-01-08 12:22:00,0.017898125083245398,0.1478551279466389,1.0099942540997315
2012-01-08 12:23:00,-0.009181106694419931,0.11105313636777309,1.0130710043517384
2012-01-08 12:24:00,0.031362036013060146,0.13341606285041713,1.0128511501270525
2012-01-08 12:25:00,0.03308899574717117,0.13196200876427924,1.0130966135536459
2012-01-08 12:26:00,0.02914880623250892,0.13280197679386394,1.013284427262501
2012-01-08 12:27:00,0.03813634868431829,0.12668360664123118,1.0139254213309457
2012-01-08 12:28:00,0.040449847147066544,0.12155188112404776,1.0146499160977556
2012-01-08 12:29:00,0.05092799957805399,0.12224419470372876,1.0141285444682824
2012-01-08 12:30:00,0.04724835534865101,0.12209165103362957,1.0142930990643773
2012-01-08 12:31:00,0.05888508294699683,0.11709486799384158,1.0146924111253923
2012-01-08 12:32:00,0.042009872750205665,0.12029877398794438,1.014632362962762
2012-01-08 12:33:00,0.04165018590372731,0.11970620050025133,1.0147113665769554
2012-01-08 12:34:00,0.04897158806939499,0.11429627835394467,1.015976604284198
2012-01-08 12:35:00,0.04157094178483869,0.10539481738943471,1.0160869617626607
2012-01-08 12:36:00,-0.009049999982266629,0.13142373006685706,1.0110958269565646
2012-01-08 12:37:00,0.04566610291982703,0.10424453055404241,1.0171130996591917
2012-01-08 12:38:00,0.038332753271793245,0.10627893507738467,1.0170364654764439
2012-01-08 12:39:00,0.00736904181233503,0.1158847615493575,1.014466096573337
2012-01-08 12:40:00,-0.05299247944607732,0.1488881712817434,1.0069777551044787
2012-01-08 12:41:00,-0.037213597282103154,0.12213064256468857,1.012593713818298
2012-01-08 12:42:00,-0.002645623444246185,0.13609535551754415,1.0117284167967397
2012-01-08 12:43:00,-0.008222152166393545,0.13012659550289332,1.0128298542574903
2012-01-08 12:44:00,-0.008754153267978472,0.11706174352701715,1.0143397623571284
2012-01-08 12:45:00,0.003290772463735994,0.1275475318497738,1.0134388368235503
2012-01-08 12:46:00,0.02913996960404192,0.11858363554336745,1.015278357015114
2012-01-08 12:47:00,0.011662756578796256,-0.08912576606624403,1.0020040670507397
2012-01-08 12:48:00,-0.0064549767557898355,-0.2951676013437807,0.9933818510882008
2012-01-08 12:49:00,0.011042840040932466,-0.32724110584108584,0.9849378743972477
2012-01-08 12:50:00,0.022754648924688415,-0.3001714737528521,0.9949852985386136
2012-01-08 12:51:00,0.12797865087394045,-0.20105580852217872,0.9721707878294178
2012-01-08 12:52:00,0.0760473933992874,-0.16087695478479477,1.0086395776087869
2012-01-08 12:53:00,0.06215655909959059,0.2860559528030667,0.7929882504207955
2012-01-08 12:54:00,-0.05358818542533509,0.8781425475029544,0.4165082145654371
2012-01-08 12:55:00,-0.8463892865822547,0.4454213807183256,0.30466470606949536
2012-01-08 12:56:00,-0.8323168806071526,0.4822214410552142,0.30390527911337634
2012-01-08 12:57:00,-0.7979697924244114,0.5290820986805589,0.3068011305278894
2012-01-08 12:58:00,-0.772546256278492,0.5600860862601011,0.3094613540740944
2012-01-08 12:59:00,-0.7532154402060548,0.5818763628273488,0.31124234447338256
2012-01-08 13:00:00,-0.7397834343140555,0.5958487763020123,0.31343165077317814
2012-01-08 13:01:00,-0.732593800104848,0.6036886408854761,0.31349595424126137
2012-01-08 13:02:00,-0.7258696217746885,0.6105589975502758,0.31378415447421076
2012-01-08 13:03:00,-0.7207580680266381,0.6153650765563388,0.31403136837872925
2012-01-08 13:04:00,-0.7181747668583319,0.6179339461853507,0.31405363136316716
2012-01-08 13:05:00,-0.7155339224070322,0.6207168169823191,0.3139883220956132
2012-01-08 13:06:00,-0.7125945562076565,0.6238292945587663,0.31383216205663894
2012-01-08 13:07:00,-0.7099238956494205,0.626394179473319,0.3138413496479578
2012-01-08 13:08:00,-0.7086186895569728,0.6279992126790935,0.313885382388247
2012-01-08 13:09:00,-0.7015525276938281,0.6348031737336385,0.31383959917003285
2012-01-08 13:10:00,-0.7001008409590882,0.636313918327943,0.31371076012629623
2012-01-08 13:11:00,-0.6979865874286793,0.6385028222094626,0.3137151218143855
2012-01-08 13:12:00,-0.6958143998800045,0.6404990908152801,0.31363226908298697
2012-01-08 13:13:00,-0.6946314488429632,0.6413424812990016,0.31358982241109384
2012-01-08 13:14:00,-0.6942122950936891,0.6420108376997248,0.3135631880674179
2012-01-08 13:15:00,-0.6931112331527649,0.6431182460740026,0.31354520940187924
2012-01-08 13:16:00,-0.6918832423614455,0.6438882982547919,0.31353124426307455
2012-01-08 13:17:00,-0.6914768476216415,0.644370375366067,0.3135199290190292
2012-01-08 13:18:00,-0.6912806684583621,0.6448231171561691,0.3135093487822894
2012-01-08 13:19:00,-0.6910002257307724,0.6452250110562382,0.31349092524390787
2012-01-08 13:20:00,-0.6896364093474721,0.6461036039253671,0.3135088748960003
2012-01-08 13:21:00,-0.6889536445438786,0.6465817696604858,0.313488932987264
2012-01-08 13:22:00,-0.6886453694422737,0.6470530904873308,0.31349181498959355
2012-01-08 13:23:00,-0.6885023753608733,0.6473112413136525,0.3134912830764119
2012-01-08 13:24:00,-0.6883403705056449,0.6475781927363261,0.3134816892968453
2012-01-08 13:25:00,-0.6880526991755167,0.6478539447553516,0.3134767473398306
2012-01-08 13:26:00,-0.6875804505140419,0.6482211251920327,0.3134743779083852
2012-01-08 13:27:00,-0.6868241974226873,0.6486494208811574,0.3134803353360193
2012-01-08 13:28:00,-0.6856997214219812,0.6498634142556968,0.3134573857000197
2012-01-08 13:29:00,-0.6851467258136473,0.6506848032485388,0.31346907811886654
2012-01-08 13:30:00,-0.6846362452086011,0.6509497989831342,0.3134773856356486
2012-01-08 13:31:00,-0.6847023696393066,0.6506970262990275,0.313489929115586
2012-01-08 13:32:00,-0.6843852278526753,0.651038782790692,0.31348030632257307
2012-01-08 13:33:00,-0.6841590822996626,0.6501055773319794,0.3155090135261151
2012-01-08 13:34:00,-0.6776277769112471,0.6553412965627208,0.3164644166406397
2012-01-08 13:35:00,-0.6767210757117578,0.6567239680340047,0.31637361422496313
2012-01-08 13:36:00,-0.676735006927045,0.6566599192494437,0.31642224076091174
2012-01-08 13:37:00,-0.6787607739465462,0.6522561986193683,0.32165723358290776
2012-01-08 13:38:00,-0.6725897565357972,0.6579863646884794,0.3216392162327741
2012-01-08 13:39:00,-0.6730997412076132,0.6579003144130389,0.32087888018867183
2012-01-08 13:40:00,-0.6712175092875821,0.6600031680191178,0.31960231756623514
2012-01-08 13:41:00,-0.6705233229914123,0.6611208437558063,0.3194504805307551
2012-01-08 13:42:00,-0.6716316586197142,0.6597049255871932,0.3195293680911634
2012-01-08 13:43:00,-0.6721052898829218,0.6593514349670594,0.31979479276879075
2012-01-08 13:44:00,-0.6716185539598107,0.6595587379033481,0.31958985145548774
2012-01-08 13:45:00,-0.670530130802119,0.6611208437558063,0.3195215828164143
2012-01-08 13:46:00,-0.669907569287027,0.660972700383883,0.3203591139698923
2012-01-08 13:47:00,-0.704326793212356,0.619918480662699,0.3229536704160395
2012-01-08 13:48:00,-0.7132096486677348,0.6127638158435317,0.33322156773561173
2012-01-08 13:49:00,-0.7050839780570524,0.6212721590582236,0.3318171718689091
2012-01-08 13:50:00,-0.7036149937723709,0.6229937268273575,0.3318968814769617
2012-01-08 13:51:00,-0.6987389932804293,0.6279929544772432,0.33172935783819835
2012-01-08 13:52:00,-0.6952232474694976,0.6314623451279611,0.33164298480865234
2012-01-08 13:53:00,-0.6948354276834101,0.6316164777946237,0.3332194884386291
2012-01-08 13:54:00,-0.6923516437833155,0.6338966878632941,0.3326164246156082
2012-01-08 13:55:00,-0.6913737085380206,0.6350705896322306,0.3321222482564389
2012-01-08 13:56:00,-0.6906711514900546,0.6357467687852665,0.3321813002907472
2012-01-08 13:57:00,-0.6905529540701687,0.6352871820868907,0.33293581430329783
2012-01-08 13:58:00,-0.6889195453772263,0.6369382717469068,0.3335840133775662
2012-01-08 13:59:00,-0.6922595054004393,0.6323911502884977,0.336066771344086
2012-01-08 14:00:00,-0.8140035692404753,0.4875979698275857,0.324689332141105
2012-01-08 14:01:00,-0.7401623423302774,0.5859353934336423,0.32858467743732445
2012-01-08 14:02:00,-0.7297364883126661,0.5974436399297802,0.3288110887008673
2012-01-08 14:03:00,-0.7249362002938821,0.6029283671450779,0.3282823960117853
2012-01-08 14:04:00,-0.7226948075171623,0.6057567810281672,0.32811452421166676
2012-01-08 14:05:00,-0.7213919608646283,0.606757066587962,0.3280121841155234
2012-01-08 14:06:00,-0.8589705265318297,0.4265351542705916,0.31277678827741645
2012-01-08 14:07:00,-0.8139800048978967,0.5026991086765793,0.3125586555172093
2012-01-08 14:08:00,-0.7990487778224479,0.522224942910287,0.3141875767734473
2012-01-08 14:09:00,-0.7955913868216138,0.5268066311554781,0.3143558547618137
2012-01-08 14:10:00,-0.7939492917830013,0.5290859856106143,0.31429637719696
2012-01-08 14:11:00,-0.7934141647992375,0.5302349523565538,0.31410730623876676
2012-01-08 14:12:00,-0.792173204602532,0.5312695113499188,0.31404153275607255
2012-01-08 14:13:00,-0.7978410451521718,0.5222465043713491,0.3168180615372255
2012-01-08 14:14:00,-0.7865363223090862,0.5362164243437129,0.31916576191135815
2012-01-08 14:15:00,-0.7846776246750743,0.5389475427449121,0.3192581117108358
2012-01-08 14:16:00,-0.7956468562020078,0.5280708612675262,0.31252713724341125
2012-01-08 14:17:00,-0.8322604945016965,0.47732251575763895,0.3072805777275023
2012-01-08 14:18:00,-0.8193848806092445,0.4983112046738364,0.3074353451210555
2012-01-08 14:19:00,-0.8265796244335518,0.4859978502881076,0.30394067551782583
2012-01-08 14:20:00,-0.8728225878698855,0.4227139597807075,0.28872154655192755
2012-01-08 14:21:00,-0.8579443054238401,0.4486363119039692,0.29256080885650687
2012-01-08 14:22:00,-0.8551547260882922,0.45245234826654707,0.29276794552057767
2012-01-08 14:23:00,-0.8525728676348376,0.45671965965316835,0.29298854442371774
2012-01-08 14:24:00,-0.8516826374299059,0.4585736519512971,0.2929254498492291
2012-01-08 14:25:00,-0.8504570060785003,0.4599015641563914,0.292946320188246
2012-01-08 14:26:00,-0.8529854840824399,0.45481552840193484,0.29321512976793823
2012-01-08 14:27:00,-0.8282314577974136,0.48905207280592555,0.3016879748379301
2012-01-08 14:28:00,-0.8219769582928991,0.49731629725625665,0.3023974309684233
2012-01-08 14:29:00,-0.8200994602809751,0.5001737042151052,0.30266827148935443
2012-01-08 14:30:00,-0.8183732970456884,0.5021100065352251,0.30302755466566544
2012-01-08 14:31:00,-0.9245366265896711,0.32593700413834353,0.2596111857001683
2012-01-08 14:32:00,-0.9024817394529233,0.3797568555594399,0.27408922420799015
2012-01-08 14:33:00,-0.8947732388585938,0.39314891859689904,0.2762875246761295
2012-01-08 14:34:00,-0.892963007426633,0.3965745751729682,0.27750212424848214
2012-01-08 14:35:00,-0.891206321755264,0.39900038621906014,0.27777002474019113
2012-01-08 14:36:00,-0.887616426412264,0.40621352611176537,0.2780906523349217
2012-01-08 14:37:00,-0.8871026546139622,0.40716056806363127,0.278322015226628
2012-01-08 14:38:00,-0.8863356863591773,0.40807925253836336,0.278345506446958
2012-01-08 14:39:00,-0.8852203325242528,0.40945556802339295,0.2784227692543752
2012-01-08 14:40:00,-0.8960529269321013,0.39055504060658713,0.27456041224656486
2012-01-08 14:41:00,-0.8881812342484466,0.40524546051305893,0.27676145932095103
2012-01-08 14:42:00,-0.8870861084780062,0.4074959685690417,0.27737237611676235
2012-01-08 14:43:00,-0.8860500438468093,0.4088013903612368,0.2776276847727902
2012-01-08 14:44:00,-0.8849376806395463,0.4109990948391083,0.2779593761616984
2012-01-08 14:45:00,-0.8835005412795615,0.4133773337726982,0.27795512085624546
2012-01-08 14:46:00,-0.8818398262023935,0.41626967420984357,0.27832335951630516
2012-01-08 14:47:00,-0.8799585560922635,0.4184605337794414,0.2793056677666709
2012-01-08 14:48:00,-0.8787065350816944,0.42097310403790233,0.27981291951895926
2012-01-08 14:49:00,-0.8818435532157605,0.41573005097686766,0.27895996288321423
2012-01-08 14:50:00,-0.8825583583116866,0.41497403085803947,0.27827211209904346
2012-01-08 14:51:00,-0.88078520164576,0.41784791448894687,0.27863323279361824
2012-01-08 14:52:00,-0.8796755585571238,0.41902523871202024,0.27890534023503644
2012-01-08 14:53:00,-0.8792032948673693,0.41991556570961847,0.278757216920679
2012-01-08 14:54:00,-0.879633043553836,0.4193327706623164,0.27901445980645817
2012-01-08 14:55:00,-0.8789727009435637,0.4206729059178994,0.27888991475276953
2012-01-08 14:56:00,-0.8790573101583072,0.4205897891745762,0.2788129614221126
2012-01-08 14:57:00,-0.8795177015070942,0.4195557191032306,0.2784647226976817
2012-01-08 14:58:00,-0.8795652960689223,0.4195146496535885,0.27845674399995746
2012-01-08 14:59:00,-0.8790891550830038,0.42065774933529343,0.27856165662167
2012-01-08 15:00:00,-0.8795216689729364,0.41992976889428635,0.2784278756209187
2012-01-08 15:01:00,-0.8789478441689302,0.4213852653003819,0.27830496499137
2012-01-08 15:02:00,-0.8788772262825928,0.4214331796582977,0.27834209253144687
2012-01-08 15:03:00,-0.8788752275213919,0.4215402535805789,0.27835121242472444
2012-01-08 15:04:00,-0.878974669648205,0.4212214764238331,0.27842478085331657
2012-01-08 15:05:00,-0.8837817654776957,0.41172091486266915,0.2790082896135514
2012-01-08 15:06:00,-0.9209153972834846,0.343617988915688,0.26168910937973305
2012-01-08 15:07:00,-0.9073384436337228,0.3780452617995047,0.2615586455830053
2012-01-08 15:08:00,-0.9035306232067092,0.3848442114033493,0.263301415602407
2012-01-08 15:09:00,-0.9005779419515143,0.3889014329981705,0.26546462914285707
2012-01-08 15:10:00,-0.913384561011837,0.36395257350803223,0.25997551721613027
2012-01-08 15:11:00,-0.9216733786270053,0.35258660331958297,0.2545705829681817
2012-01-08 15:12:00,-0.925576508403913,0.34201496029019357,0.25547485471922965
2012-01-08 15:13:00,-0.5587723437982999,0.6566204632424661,0.30950218566414517
2012-01-08 15:14:00,-0.24335137033474932,0.8841176879499605,0.33282145296925003
2012-01-08 15:15:00,-0.2402923489723563,0.8853942633430021,0.33125903053186306
2012-01-08 15:16:00,-0.24014096911087987,0.8855912989168804,0.33090606261569017
2012-01-08 15:17:00,-0.23884613253142914,0.8857849120366217,0.33067300727295146
2012-01-08 15:18:00,-0.2378120666614332,0.886019594606005,0.33034511664550464
2012-01-08 15:19:00,-0.23732549604939887,0.8862474322671148,0.3303010258783229
2012-01-08 15:20:00,-0.23634990521573818,0.8865583866715477,0.329693948528568
2012-01-08 15:21:00,-0.23561442120693687,0.8865437190109613,0.33001288367226606
2012-01-08 15:22:00,-0.2349722327585491,0.8864444678409928,0.33027325033909366
2012-01-08 15:23:00,-0.2346954118463685,0.8865393187127854,0.3299434351530443
2012-01-08 15:24:00,-0.23426232688180706,0.8869138329797596,0.32897086574947654
2012-01-08 15:25:00,-0.23695590556659443,0.8860010155692621,0.32937932671721537
2012-01-08 15:26:00,-0.23613996014824834,0.8864146435978003,0.32940127055374424
2012-01-08 15:27:00,-0.10891320416454789,0.7534103264261461,0.37819212899090393
2012-01-08 15:28:00,0.10848310982764792,-0.16534088616157755,0.9871664745744415
2012-01-08 15:29:00,0.03808259252781068,-0.2905036275226995,0.9846541809196189
2012-01-08 15:30:00,0.022088971275120495,-0.42228277945166753,0.9519446633734625
2012-01-08 15:31:00,-0.0054341207436553055,-0.21255562111347942,0.987367943945341
2012-01-08 15:32:00,-0.047797533773939645,-0.2926116148099838,0.9860947468826715
2012-01-08 15:33:00,-0.05291986279853895,-0.11150600038838009,1.0078412532923684
2012-01-08 15:34:00,-0.05129052676939674,-0.09403202519411256,1.0105636719962279
2012-01-08 15:35:00,-0.007642361135344212,-0.40632962064530725,0.9206659149166684
2012-01-08 15:36:00,-0.02451872850967273,-0.33170613729241266,0.9760011720194386
2012-01-08 15:37:00,0.002572165213044289,-0.3071852556920864,0.9900429933625899
2012-01-08 15:38:00,-0.010565030915966615,-0.3317500913819701,0.9821687247025959
2012-01-08 15:39:00,-0.011328001648349809,-0.3093837179990882,0.9867346481113066
2012-01-08 15:40:00,-0.023196269952122723,-0.1862857187726215,0.998607375855564
2012-01-08 15:41:00,0.01671544455523893,-0.052021938478609815,1.02583348745276
2012-01-08 15:42:00,0.04475400656792329,-0.12456153839978384,1.0159161015775764
2012-01-08 15:43:00,0.01811916102115814,-0.13528636069789787,1.0220325132261083
2012-01-08 15:44:00,-0.03167800559387436,-0.12302353640288943,1.0223440015852636
2012-01-08 15:45:00,-0.04674355543333356,-0.025145723941309525,1.0223769995448215
2012-01-08 15:46:00,-0.03685802818426419,0.06638764082579829,1.0180531933452346
2012-01-08 15:47:00,0.0061046675558478975,-0.22981043701248424,0.9956535652465521
2012-01-08 15:48:00,-0.013185406850307075,-0.30493027399962475,0.9898260501536799
2012-01-08 15:49:00,-0.015041414422251704,-0.3155264120221935,0.9869646086864432
2012-01-08 15:50:00,-0.07678954996427807,-0.505591180206614,0.8753153935690234
2012-01-08 15:51:00,0.019920856390246048,-0.5979044733793059,0.8323817116379726
2012-01-08 15:52:00,-0.06012052776505033,-0.6317300543797649,0.8108796144996546
2012-01-08 15:53:00,-0.026227864704052684,-0.5212930330949261,0.8677091414545234
2012-01-08 15:54:00,0.021121976617451514,-0.27342357679958235,0.9981946499112235
2012-01-08 15:55:00,0.0236590808539422,-0.25970437603884317,1.002399433283062
2012-01-08 15:56:00,0.0002605452852592612,-0.39558387248475657,0.9455252256209372
2012-01-08 15:57:00,0.04756675951077756,-0.2847130795841742,0.9958166885126312
2012-01-08 15:58:00,0.04095329451721047,-0.2588264676605415,1.0027900799947909
2012-01-08 15:59:00,0.05257209337786729,-0.2687763730037718,0.9998249928263286
2012-01-08 16:00:00,0.04717354457227559,-0.29418430582416527,0.994059740589152
2012-01-08 16:01:00,0.02887983008233471,-0.30059424462315587,0.9924560610311691
2012-01-08 16:02:00,0.02631869562659447,-0.31704011459471637,0.9874001778841469
2012-01-08 16:03:00,0.04273811312818877,-0.33388384485968464,0.982665289835508
2012-01-08 16:04:00,0.04438933033258262,-0.30583666208556515,0.9903242980664759
2012-01-08 16:05:00,0.015437589931855707,-0.2784903001342668,0.997439255824136
2012-01-08 16:06:00,0.022097296942077505,-0.2774204165249893,0.997249256435662
2012-01-08 16:07:00,0.014167925720912137,-0.26477552411780453,0.9999099732104537
2012-01-08 16:08:00,-0.004681399298031459,-0.3011398082586693,0.9849518008514573
2012-01-08 16:09:00,0.004715859143396833,-0.3150070790530289,0.9858320784824398
2012-01-08 16:10:00,0.010657575062394863,-0.2989847866731044,0.9913733952701552
2012-01-08 16:11:00,0.14168097043300784,-0.07798337991733444,0.9885328144707866
2012-01-08 16:12:00,0.1652779544352057,0.20675375463020154,0.9799318363509174
2012-01-08 16:13:00,0.17601932718524005,0.2577621088700849,0.9657132554219399
2012-01-08 16:14:00,0.2033289424907951,0.19058040979233754,0.9796217889929266
2012-01-08 16:15:00,0.17465847137304175,0.23089295925596706,0.9717628297614145
2012-01-08 16:16:00,0.17937317333890124,0.2155258712744399,0.9781365229803206
2012-01-08 16:17:00,0.18928477465326016,0.1395551144044768,0.9911146920409137
2012-01-08 16:18:00,0.1910198196018529,0.2055889957030306,0.978129791860786
2012-01-08 16:19:00,0.15104070326001076,0.23530350034821515,0.9764518475515003
2012-01-08 16:20:00,0.11565325235807684,0.12213961428374728,0.9792059972944303
2012-01-08 16:21:00,-0.0026427079579832624,-0.3082454341992758,0.9859491574092882
2012-01-08 16:22:00,0.04123560075148371,-0.2627041570897844,1.0011755687502002
2012-01-08 16:23:00,0.03957463019356081,-0.20582890973802317,0.9975272826201192
2012-01-08 16:24:00,0.09406373093069853,0.0553535997964207,1.0179619363855665
2012-01-08 16:25:00,0.13002198595241773,0.023307914962027824,1.0167250061307345
2012-01-08 16:26:00,0.08761790639724952,0.04784769339840964,1.0202575092679005
2012-01-08 16:27:00,0.0911630475232857,0.0770648910114102,1.017299356313097
2012-01-08 16:28:00,0.16067832400705345,0.0809722580072397,1.0080200244771358
2012-01-08 16:29:00,0.15284471298417338,0.029805101895406926,1.0145215025845642
2012-01-08 16:30:00,0.15291567652094412,0.032550716834485724,1.013900527794046
2012-01-08 16:31:00,0.12841640963349038,0.02398113613684544,1.0189736545993013
2012-01-08 16:32:00,0.13161391659337224,0.02662253734745743,1.0184438884127072
2012-01-08 16:33:00,0.11469446314112723,0.016395022081527415,1.020895766401247
2012-01-08 16:34:00,0.12282229782408723,0.03218757000446591,1.0190728419009498
2012-01-08 16:35:00,0.08951346840137978,0.008114638758450197,1.0233965030333054
2012-01-08 16:36:00,0.07306175512669774,0.0028824397662495114,1.024439594453607
2012-01-08 16:37:00,0.07801949443195925,-0.0071644677056592046,1.0248225526020744
2012-01-08 16:38:00,0.07235987435131858,-0.0015963059477256117,1.0245061512993505
2012-01-08 16:39:00,0.060291113767990734,-0.03711050137320105,1.0261492601308146
2012-01-08 16:40:00,0.051352623621141055,-0.03558924495547617,1.0265995294746286
2012-01-08 16:41:00,0.04102990868715058,-0.057978304320065094,1.0263647913520062
2012-01-08 16:42:00,0.04289861515544661,-0.04606520594563987,1.026853900029227
2012-01-08 16:43:00,0.06066315386038724,-0.002281750173031947,1.0253424348746392
2012-01-08 16:44:00,0.0925662229711355,0.009050435503866458,1.02315167790253
2012-01-08 16:45:00,0.0435125804945469,-0.037485431223891995,1.025462279750032
2012-01-08 16:46:00,0.0542185466175944,-0.006382265812684177,1.02574473532062
2012-01-08 16:47:00,0.02751324849556851,-0.0379521561837532,1.0268626330765542
2012-01-08 16:48:00,0.09885713599737724,-0.03719728503167095,1.0232983698868714
2012-01-08 16:49:00,0.0985512053074065,-0.015967068637816415,1.023122857879235
2012-01-08 16:50:00,0.0710483864379538,-0.008133706717212598,1.02532414673234
2012-01-08 16:51:00,0.040880407360637395,-0.062060338707378385,1.0255172215461186
2012-01-08 16:52:00,0.049313481432701686,-0.034198139579355157,1.0269938802363312
2012-01-08 16:53:00,0.05247619792506466,-0.01575111178178174,1.0264259710390409
2012-01-08 16:54:00,0.046925262363256254,-0.03459832225235579,1.0267485522058204
2012-01-08 16:55:00,0.08707428843545202,0.04083928960139038,1.020052906444804
2012-01-08 16:56:00,0.09201620296218332,0.06449316578445088,1.0186753770293475
2012-01-08 16:57:00,0.08254339735867404,0.034073317787764366,1.0219800375729544
2012-01-08 16:58:00,0.1154942681870693,0.06928941745792096,1.0163487500883555
2012-01-08 16:59:00,0.11575382160586799,0.07035255394332868,1.0161758106062884
2012-01-08 17:00:00,0.10883215665209459,0.07242453212387324,1.0165374825563422
2012-01-08 17:01:00,0.11807116730822091,0.05077208267393643,1.017773107206092
2012-01-08 17:02:00,0.10504310654643347,0.06120056933600195,1.0182063940126893
2012-01-08 17:03:00,0.1033316559969788,0.06232545667247868,1.0182597980961239
2012-01-08 17:04:00,0.06263484912950704,0.14803954933241267,1.0066006770144553
2012-01-08 17:05:00,0.045296302041106684,0.13294571986761125,1.0110576355901246
2012-01-08 17:06:00,0.07268496609791421,0.09255887870311126,1.015117893314943
2012-01-08 17:07:00,0.08677597708329213,0.050736269136004486,1.0206078079470167
2012-01-08 17:08:00,0.12386338190070577,0.04702767338722252,1.0175492781392672
2012-01-08 17:09:00,0.09908323646555083,0.036890779817615856,1.0201533993515348
2012-01-08 17:10:00,0.07480641817430218,0.061982844567279906,1.0201919292081814
2012-01-08 17:11:00,0.07164639174400654,0.06194952453164766,1.0203334374567894
2012-01-08 17:12:00,0.06563961840216216,0.05340121194185774,1.0214516350183354
2012-01-08 17:13:00,0.07592546896603433,0.05534797719319588,1.020808755075883
2012-01-08 17:14:00,0.07848676873285133,0.060280589217918096,1.0201842213026224
2012-01-08 17:15:00,0.08063862301908412,0.055655020221472486,1.0205382627163073
2012-01-08 17:16:00,0.08675651546107312,0.04022801484644959,1.0216287330943679
2012-01-08 17:17:00,0.11034914126215632,0.043604608097857,1.0191102208908944
2012-01-08 17:18:00,0.09894057300630378,0.05209625462558123,1.019600577146305
2012-01-08 17:19:00,0.08745838120817256,0.055393789186427594,1.0201025000956283
2012-01-08 17:20:00,0.10343930356451136,0.05849199023990397,1.01872980625455
2012-01-08 17:21:00,0.08865374560425072,0.06108073454901055,1.0195368732894445
2012-01-08 17:22:00,0.0863929964032698,0.05790985523732828,1.0199277134241487
2012-01-08 17:23:00,0.08207401909862314,0.06144659489623887,1.0199095703490813
2012-01-08 17:24:00,0.09628904344813322,0.013847616129173667,1.022865373214737
2012-01-08 17:25:00,0.07637950335250564,0.09598030610371129,1.0083537371361342
2012-01-08 17:26:00,0.050401889562113736,0.2337525174717017,0.9840175485392635
2012-01-08 17:27:00,0.09976242453857426,0.09481029126483022,1.0144246943855095
2012-01-08 17:28:00,0.09025748847305398,0.16183656203256305,0.9992389889097145
2012-01-08 17:29:00,0.11656477763535175,0.08307256921881712,1.0139393671274528
2012-01-08 17:30:00,0.1287049075190024,0.11079901914811265,1.0093373800050285
2012-01-08 17:31:00,0.12757604326062236,0.09134244071847403,1.012016858808408
2012-01-08 17:32:00,0.08592485046215476,0.16168030255511529,0.9994829339659533
2012-01-08 17:33:00,0.061580840732341526,-0.23492725040807144,1.0007791193492175
2012-01-08 17:34:00,0.055683277899119116,-0.26379748450989926,1.0015950644986704
2012-01-08 17:35:00,0.052694168093917415,-0.2650360462159211,1.0014183339262908
2012-01-08 17:36:00,0.04972079289756768,-0.2687821667297034,1.0004848069502539
2012-01-08 17:37:00,0.05003094653413575,-0.27457647936777924,0.9991166295356448
2012-01-08 17:38:00,0.05390266720645842,-0.23758246366573568,1.0074670088489308
2012-01-08 17:39:00,0.038683678631203124,-0.25007493463332614,1.0017326849454782
2012-01-08 17:40:00,0.05033809451476266,-0.28942359878151636,0.9946145163664308
2012-01-08 17:41:00,0.05292501749847804,0.024423635010638014,0.9953331697593917
2012-01-08 17:42:00,0.03725750991540346,0.15693198968566197,1.0067697286947224
2012-01-08 17:43:00,0.02213393588800022,0.14155084519607275,1.0099917009164596
2012-01-08 17:44:00,0.045180524174253285,-0.0963182001114214,1.010271197115528
2012-01-08 17:45:00,0.053425654580316985,-0.22723325570913996,1.0091853688888706
2012-01-08 17:46:00,0.019801667103899436,-0.21633445051036956,1.000205968389301
2012-01-08 17:47:00,0.051180053885279485,-0.06538953096899054,1.0265098875968026
2012-01-08 17:48:00,0.026206825112464582,-0.019421938304553577,1.0274166738465276
2012-01-08 17:49:00,0.022033201329132314,-0.006730500521107756,1.0269846636315663
2012-01-08 17:50:00,0.019215864760967784,0.02757715759062632,1.0250934511498981
2012-01-08 17:51:00,0.015001228802318422,0.038809236484022125,1.0241411718164217
2012-01-08 17:52:00,-0.007767351337657258,0.15564458466988723,0.998613217229413
2012-01-08 17:53:00,0.018409101621521925,0.09183847655340718,1.013416786604385
2012-01-08 17:54:00,0.045449815918301315,0.04167786420321938,1.023246832335147
2012-01-08 17:55:00,-0.0028931542392802334,0.09764973033946042,1.0170424422463753
2012-01-08 17:56:00,-0.024614593905915957,0.10857283496260241,1.0144057776185418
2012-01-08 17:57:00,0.02438012268594624,-0.014334802475552995,1.006167158100288
2012-01-08 17:58:00,0.0424739009426813,-0.2383052859794365,1.0074696200590951
2012-01-08 17:59:00,0.04178733398432234,-0.23971499483840136,1.0074337400972078
2012-01-08 18:00:00,0.01775591247238952,-0.12047031227850304,1.0106984297830035
2012-01-08 18:01:00,0.026205743076325765,0.011518000490427898,1.0256952480524317
2012-01-08 18:02:00,0.0207678352061846,0.027514477787720173,1.024771856440292
2012-01-08 18:03:00,0.02306367544027855,0.030220930073033118,1.0236781945831415
2012-01-08 18:04:00,-0.012544390607736357,0.049623604850016476,1.0226070858448921
2012-01-08 18:05:00,0.0019737240868800718,0.05710755864934979,1.0223069417432282
2012-01-08 18:06:00,0.015395074928568031,0.07852933469046351,1.0198309632519869
2012-01-08 18:07:00,0.01313713601589208,0.08469451912646807,1.0192773673548563
2012-01-08 18:08:00,0.013427918199919389,0.0875827770647502,1.018162080809086
2012-01-08 18:09:00,0.028859797385486895,0.12538053167472993,1.0129230938026534
2012-01-08 18:10:00,0.07359339554956973,0.09387850367997426,1.0156306479508739
2012-01-08 18:11:00,0.09056684561079764,0.08632126046991058,1.0164731694171103
2012-01-08 18:12:00,0.07865531088975176,0.06858363407660138,1.0190170587149212
2012-01-08 18:13:00,0.0678339426068435,0.06780786150818342,1.0200354306790007
2012-01-08 18:14:00,0.04295666939995006,0.09305933928232135,1.017089598767713
2012-01-08 18:15:00,0.025895679609435927,0.12767995637876856,1.0122703202750232
2012-01-08 18:16:00,0.0807878388082829,0.08497503813518414,1.0163065548663301
2012-01-08 18:17:00,0.09989279486502196,0.06390694828301197,1.018542195639819
2012-01-08 18:18:00,0.09286717930052361,0.053344668110296936,1.0201451595327942
2012-01-08 18:19:00,0.08953049544228645,0.07506798680696734,1.0168510792259269
2012-01-08 18:20:00,0.06406137852401964,0.14586807552088996,1.0070471552679567
2012-01-08 18:21:00,0.07744231832157872,0.1037363205608225,1.0134553358033291
2012-01-08 18:22:00,0.034077330562022376,-0.04497591213218628,1.0090563944490516
2012-01-08 18:23:00,0.04691869500502482,-0.26655341570359053,0.9955590491097529
2012-01-08 18:24:00,0.07415904496941592,-0.23228756042452786,1.007621708544443
2012-01-08 18:25:00,0.06291757615561204,-0.24114122926162695,1.0065693231501862
2012-01-08 18:26:00,0.06383398562379133,-0.25568714826522104,1.0034711899882782
2012-01-08 18:27:00,0.06371844820941322,-0.2431927460556534,1.0060138220367507
2012-01-08 18:28:00,0.06407834545180746,-0.24923496660374145,1.0047280524806976
2012-01-08 18:29:00,0.06034691377053832,-0.26506843729971613,1.0014450939949004
2012-01-08 18:30:00,0.11103180086779177,-0.013654883069067559,0.9143601034908855
2012-01-08 18:31:00,0.2884136520042775,0.7492930407612234,0.5722054794005459
2012-01-08 18:32:00,0.2912594972190439,0.7488657229161378,0.5714454721755015
2012-01-08 18:33:00,0.2918291141047324,0.7484794745206944,0.5713063236871903
2012-01-08 18:34:00,0.2890192165350222,0.750182878836802,0.5700200512314018
2012-01-08 18:35:00,0.2898407675016986,0.7511387213850198,0.5684347952118003
2012-01-08 18:36:00,0.2924641040071411,0.749725736748524,0.5686497558352153
2012-01-08 18:37:00,0.2907860613234724,0.7504625422319839,0.5684795629593951
2012-01-08 18:38:00,0.27549457632691643,0.7753059656886065,0.5340195578171292
2012-01-08 18:39:00,0.23863125818819575,0.8351500942196736,0.4511907528405943
2012-01-08 18:40:00,0.24028772026220693,0.8344529892042009,0.4511953176228074
2012-01-08 18:41:00,0.23972488113066573,0.8346769154891541,0.4512074162299021
2012-01-08 18:42:00,0.23526098612481613,0.8351382867529015,0.452504878204802
2012-01-08 18:43:00,0.23434974638485562,0.8354142098946338,0.4525386788697067
2012-01-08 18:44:00,0.23733762387112145,0.8344738661744356,0.4530316753487277
2012-01-08 18:45:00,0.23737286518703152,0.8346607810625092,0.4525865413849035
2012-01-08 18:46:00,0.2373470165459376,0.8342940895478476,0.45242504287181556
2012-01-08 18:47:00,0.23769881354557038,0.8341878467929996,0.4526470054069303
2012-01-08 18:48:00,0.23725475793682374,0.8344295209472625,0.452802710901913
2012-01-08 18:49:00,0.23781955074472672,0.8342105572208076,0.4523423448787971
2012-01-08 18:50:00,0.23734108037545382,0.8342205801222083,0.4526818602270494
2012-01-08 18:51:00,0.23723821180086765,0.8341122105565754,0.4522533799813843
2012-01-08 18:52:00,0.23724931769957022,0.8342750215890851,0.4523337762409987
2012-01-08 18:53:00,0.23640330069353285,0.8342125618010877,0.4523916677374562
2012-01-08 18:54:00,0.23443633933252042,0.8345292121470486,0.45366829805793424
2012-01-08 18:55:00,0.23423321710401696,0.8345409951677196,0.45401644007087755
2012-01-08 18:56:00,0.2342115162681218,0.8346739819570369,0.4538394967332252
2012-01-08 18:57:00,0.23637710640200565,0.833941576771753,0.45374008699515517
2012-01-08 18:58:00,0.2372450346398541,0.8337552974823049,0.45360587079270986
2012-01-08 18:59:00,0.23726554824165252,0.8337176504867997,0.45351836623875935
2012-01-08 19:00:00,0.2386095423240209,0.8332062380543516,0.45348215745781423
2012-01-08 19:01:00,0.23794628422748562,0.8331827697974132,0.45338597788342905
2012-01-08 19:02:00,0.23763270414314464,0.8331676132148073,0.45358450722510635
2012-01-08 19:03:00,0.23718885893031386,0.8330864521595622,0.45401050198554094
2012-01-08 19:04:00,0.23687959196224842,0.833325046105102,0.45404641096087456
2012-01-08 19:05:00,0.23724473407425997,0.8332194389488795,0.45352947838868074
2012-01-08 19:06:00,0.23760144532135657,0.8331813030313546,0.45286894859974763
2012-01-08 19:07:00,0.2372937863792197,0.8334282086512268,0.45260682178384626
2012-01-08 19:08:00,0.24056942536529194,0.8326394552031897,0.45219172640806043
2012-01-08 19:09:00,0.2402245263460441,0.8326777133512194,0.4517480624588473
2012-01-08 19:10:00,0.24181983834993237,0.831749739358116,0.45357955559694285
2012-01-08 19:11:00,0.13895314229877098,0.10120125988946235,0.8807711883882833
2012-01-08 19:12:00,0.07043237725281351,-0.30553890857565996,0.9863684017078909
2012-01-08 19:13:00,0.06738205726437015,-0.2755482118816323,0.9971197113980661
2012-01-08 19:14:00,0.06250025585646199,-0.2938879701881168,0.9931604784931601
2012-01-08 19:15:00,0.07020379711848847,-0.26254564857104673,0.9974210063664322
2012-01-08 19:16:00,0.05974940439771587,-0.3133260673654164,0.9860270971971185
2012-01-08 19:17:00,0.07926207768287298,-0.26579096626020526,0.9994997907782363
2012-01-08 19:18:00,0.04721116035637918,-0.058394450297004,0.9902447528679521
2012-01-08 19:19:00,0.048530057211638916,0.22872823256831412,0.9880669939197719
2012-01-08 19:20:00,0.028372896151299044,0.2096028988069198,0.9942720416466589
2012-01-08 19:21:00,0.017287015117289202,0.20690554047117046,0.9950608011969571
2012-01-08 19:22:00,0.029117066505770298,0.20290552275263643,0.9959743959354064
2012-01-08 19:23:00,0.022007938790946886,0.1856337657056543,1.0003409582836467
2012-01-08 19:24:00,0.009899864227908695,-0.27685761838828676,0.9955787782532166
2012-01-08 19:25:00,0.02998424332963343,-0.2405640079253477,1.005723087962827
2012-01-08 19:26:00,0.05001916436284642,-0.22954715250495725,1.009168860237943
2012-01-08 19:27:00,0.03425186900252541,-0.27479715432130253,0.9976661216316703
2012-01-08 19:28:00,0.0275233474995308,-0.2895644083231464,0.9883768381836388
2012-01-08 19:29:00,0.04149235891025711,0.07428214244494667,0.9853347976845196
2012-01-08 19:30:00,-0.007160058554746331,0.19100330289314618,0.9982167388149837
2012-01-08 19:31:00,-0.010048554027317769,0.16304527504929142,1.004899667015385
2012-01-08 19:32:00,-0.012639579731392825,0.1714301165618452,1.00302390902943
2012-01-08 19:33:00,-0.0017604427412955168,0.18257399392291443,1.000925163366592
2012-01-08 19:34:00,-0.0034944507385885506,0.15019902010835548,1.0077816790160272
2012-01-08 19:35:00,0.011555214209221629,0.1239035226997742,1.0094681339362188
2012-01-08 19:36:00,0.026633477973311927,-0.2688754041588313,0.9993424411879649
2012-01-08 19:37:00,0.036338049706443894,-0.22522442180742014,1.0089865977684744
2012-01-08 19:38:00,0.0047793085403146736,-0.18095062614140678,0.9803234695198195
2012-01-08 19:39:00,0.016789308549992884,0.29600177564743374,0.9675719244880419
2012-01-08 19:40:00,0.0356638510222828,0.33533430536897885,0.9516343742367529
2012-01-08 19:41:00,0.03692568549949965,0.3511926866418496,0.9454363380927144
2012-01-08 19:42:00,-0.016811400121160395,0.19609611021757353,0.9904365994458385
2012-01-08 19:43:00,0.012906767516282043,-0.17041875691830768,0.9984427825748738
2012-01-08 19:44:00,0.02784388567737557,-0.2534061070291175,1.0036046228276743
2012-01-08 19:45:00,0.04411467349267962,-0.2166505385960078,1.0115660865648586
2012-01-08 19:46:00,0.023284425840876883,-0.011236528083773697,0.8615249447243558
2012-01-08 19:47:00,-0.06488811424719448,0.8959572768987465,0.3760865748393414
2012-01-08 19:48:00,-0.069729850261407,0.9039336974022704,0.35537435910457726
2012-01-08 19:49:00,-0.07646346635122188,0.9026884130184797,0.357436344730991
2012-01-08 19:50:00,-0.07604444785646507,0.9026116522614105,0.3574523117975883
2012-01-08 19:51:00,-0.07541824949768426,0.9027930423306632,0.3573988013315175
2012-01-08 19:52:00,-0.0738840575073594,0.9028937602666901,0.35738837583315786
2012-01-08 19:53:00,-0.07328732960508164,0.9029754102439549,0.3573717414572963
2012-01-08 19:54:00,-0.07471207063430924,0.903149466482914,0.3564891427506121
2012-01-08 19:55:00,-0.0795214657905949,0.9033680146256524,0.3544698359036616
2012-01-08 19:56:00,-0.07885754644975256,0.9040319707281995,0.352593110802831
2012-01-08 19:57:00,-0.07627513194994893,0.9024737762518978,0.35700522426171527
2012-01-08 19:58:00,-0.005271424587560436,0.9118920522371718,0.3334623986819508
2012-01-08 19:59:00,0.03537605946591694,0.9173184266094362,0.32053829134290757
2012-01-08 20:00:00,0.03286932738271165,0.9182605793411067,0.3177911241693798
2012-01-08 20:01:00,0.03314007686989114,0.9185421984243667,0.31633931066032317
2012-01-08 20:02:00,0.03261674708569646,0.9175301298439008,0.3192441078874361
2012-01-08 20:03:00,0.03292971101056951,0.9173849200040948,0.31945323680815074
2012-01-08 20:04:00,0.03224066438605909,0.9173775861738016,0.3193908578986701
2012-01-08 20:05:00,0.03513527636847079,0.9158589943810833,0.32402193583655464
2012-01-08 20:06:00,0.03618857843649012,0.9156878716742413,0.32376940280022
2012-01-08 20:07:00,0.03623026688439397,0.9172578002790123,0.31906336378832234
2012-01-08 20:08:00,0.03412225009006297,0.9186292265438463,0.3151876992798228
2012-01-08 20:09:00,0.03373358872031186,0.9185671334473636,0.3150336959070213
2012-01-08 20:10:00,0.03339264213862663,0.9188805324618945,0.3137638837464167
2012-01-08 20:11:00,0.0350607962142489,0.9188013270947275,0.3137582744801379
2012-01-08 20:12:00,0.0354055599789794,0.9199898720781495,0.31008603291458653
2012-01-08 20:13:00,0.034069110093023304,0.9195958253764942,0.3113186885216679
2012-01-08 20:14:00,0.03400875652172486,0.9197019214547363,0.31060421306496994
2012-01-08 20:15:00,0.0335683227283873,0.9197522804227498,0.31043670876850404
2012-01-08 20:16:00,0.03329097582641697,0.9195914250783184,0.3109561268259283
2012-01-08 20:17:00,0.03294078685271268,0.9193758104676973,0.3118370717661752
2012-01-08 20:18:00,0.028786579606760294,0.9166266019517748,0.3206023820457181
2012-01-08 20:19:00,0.026804454711524685,0.9172147751412919,0.3188526487992116
2012-01-08 20:20:00,0.0252273720109195,0.9172172197513896,0.31898538531589715
2012-01-08 20:21:00,0.025473204610346793,0.9164598795431087,0.32143449735589247
2012-01-08 20:22:00,0.02548446079184643,0.9158878407802366,0.3233358065168626
2012-01-08 20:23:00,0.02589563452459681,0.915695694426554,0.32306728707163307
2012-01-08 20:24:00,0.030415464787511334,0.9138539251789141,0.3286999478593554
2012-01-08 20:25:00,0.030352841945977312,0.9137566296970239,0.32848594467966735
2012-01-08 20:26:00,0.029534897766430344,0.9145814411440025,0.3265030497077858
2012-01-08 20:27:00,0.03514850125461188,0.9209224174921357,0.3057287838825989
2012-01-08 20:28:00,0.02833957845519131,0.9207902618702518,0.306799873278551
2012-01-08 20:29:00,0.02671061813304174,0.9202979173965662,0.30768458996681297
2012-01-08 20:30:00,0.026633853680304572,0.9202015997587151,0.3078189802499359
2012-01-08 20:31:00,0.032301919654139886,0.915509415137106,0.32260305258901445
2012-01-08 20:32:00,0.035835624259319965,0.9146093096991167,0.3248726487657881
2012-01-08 20:33:00,0.03325097054584016,0.9165483744286469,0.3194339331952324
2012-01-08 20:34:00,0.03244064570410402,0.9168955090625265,0.3183296040610035
2012-01-08 20:35:00,0.030383695004213295,0.9175545759448782,0.3159632673832168
2012-01-08 20:36:00,0.03609675564748775,0.9138069886650374,0.32680762319558027
2012-01-08 20:37:00,0.033606599756797945,0.9156741818576939,0.32150589944716307
2012-01-08 20:38:00,0.03520550351953594,0.9155128375912427,0.32188626572776363
2012-01-08 20:39:00,0.03465455175724201,0.915203838874888,0.3227402668475744
2012-01-08 20:40:00,0.03280945471636379,0.9162511098407613,0.319682017503139
2012-01-08 20:41:00,0.03012248847464698,0.9172221089715851,0.3161111876034503
2012-01-08 20:42:00,0.02975358929270898,0.9171209021135386,0.3162265740792664
2012-01-08 20:43:00,0.032208188273614886,0.9162388867902727,0.3194490201872928
2012-01-08 20:44:00,0.03724216604182386,0.9135449264625591,0.3265329432285927
2012-01-08 20:45:00,0.03077295750515264,0.9167322091079972,0.31719002358955656
2012-01-08 20:46:00,0.029264403760005848,0.9171125904392062,0.316124833594346
2012-01-08 20:47:00,0.033627338782791935,0.9161078556890335,0.3187278813091015
2012-01-08 20:48:00,0.034522077471635486,0.9167879462182259,0.31658111839268666
2012-01-08 20:49:00,0.03389176136421529,0.9166495812866936,0.31720704481136835
2012-01-08 20:50:00,0.02997238601694556,0.9174651032153008,0.31455039959020326
2012-01-08 20:51:00,0.03129437869782469,0.9167952800485191,0.31741109637898574
2012-01-08 20:52:00,0.02996150554243857,0.9172245535816829,0.3158343122856951
2012-01-08 20:53:00,0.031051927461331195,0.9169585800030483,0.31639641879373137
2012-01-08 20:54:00,0.03277773001790487,0.916563531011253,0.31720137751819694
2012-01-08 20:55:00,0.029629575928576814,0.9165654866993312,0.3182193046094335
2012-01-08 20:56:00,0.030712032859225368,0.915931843761996,0.3198831870684269
2012-01-08 20:57:00,0.03310044729630698,0.9160628748632351,0.3191724736885953
2012-01-08 20:58:00,0.0350514486242719,0.9146498902267393,0.3220965165017341
2012-01-08 20:59:00,0.03491135500085453,0.9144406316023723,0.3227131102618656
2012-01-08 21:00:00,0.04007890411908856,0.9116087952651462,0.33072253322573447
2012-01-08 21:01:00,0.040278915493692904,0.9129093278371457,0.3265227401666545
2012-01-08 21:02:00,0.03887951214404926,0.9134857668981937,0.3253262643270719
2012-01-08 21:03:00,0.032671720532860236,0.9143883169462808,0.3231260586426275
2012-01-08 21:04:00,0.02928110017875898,0.9143927172444566,0.32309373766348265
2012-01-08 21:05:00,0.029078458855206123,0.9134926118064675,0.32662084429964233
2012-01-08 21:06:00,0.029008968089846557,0.913602619260866,0.3266130880383395
2012-01-08 21:07:00,0.028457099602490578,0.9135336812561095,0.32685436385752137
2012-01-08 21:08:00,0.02827459617374348,0.9138656593073832,0.3254907415539769
2012-01-08 21:09:00,0.028143639744387234,0.9141502119227606,0.3248339254861663
2012-01-08 21:10:00,0.029345270933102695,0.9141487451567019,0.32463323947831624
2012-01-08 21:11:00,0.02940945671572612,0.9144929462584641,0.32329755712352987
2012-01-08 21:12:00,0.028335355508593982,0.9145843746761197,0.3228867750800895
2012-01-08 21:13:00,0.030437871952552664,0.9151642361913046,0.3216715275407701
2012-01-08 21:14:00,0.030329728451789804,0.9156052438529374,0.32055989668923
2012-01-08 21:15:00,0.03139569935960111,0.9155671079354127,0.32046698596312445
2012-01-08 21:16:00,0.0364377623422918,0.9132994876087457,0.3261270064306795
2012-01-08 21:17:00,0.03282690254910221,0.9138646814633441,0.3250924159501351
2012-01-08 21:18:00,0.032073715226807485,0.9140939858905125,0.32463423560663823
2012-01-08 21:19:00,0.032134790155531806,0.9143120451112312,0.32355307854483034
2012-01-08 21:20:00,0.03193810003074245,0.9145095696071288,0.3226982166927803
2012-01-08 21:21:00,0.03160819923464097,0.9144929462584641,0.3226904507603287
2012-01-08 21:22:00,0.029199511648236254,0.9142680421294718,0.3236245483341423
2012-01-08 21:23:00,0.028603475046824964,0.9143624040792447,0.3237888901649647
2012-01-08 21:24:00,0.02802015237004477,0.9144460097445875,0.3237596832957195
2012-01-08 21:25:00,0.02844378454667125,0.9143780495838703,0.3235580881998863
2012-01-08 21:26:00,0.028893265364391692,0.9150291714834041,0.3214747583481665
2012-01-08 21:27:00,0.20194817420798666,0.39873030569546136,0.7880290207344477
2012-01-08 21:28:00,0.028821144650083605,-0.40135151442666606,0.9489169555168008
2012-01-08 21:29:00,0.04564856491741038,-0.352187911858742,0.9743410999930553
2012-01-08 21:30:00,0.0867104838403343,-0.20746349827987945,0.9880681157730278
2012-01-08 21:31:00,0.11546400123174184,-0.0800707591414948,1.0193834791990148
2012-01-08 21:32:00,0.10288970434739098,-0.08818138873938468,1.0219074652726843
2012-01-08 21:33:00,0.12312612455489917,-0.11733769111485044,1.010511322068008
2012-01-08 21:34:00,0.07175728541995556,-0.3239693130245687,0.9852774284300949
2012-01-08 21:35:00,0.05956553339551554,-0.3361064110222502,0.9812937952168758
2012-01-08 21:36:00,0.03228266842783678,-0.24107295130159695,0.9933092884590794
2012-01-08 21:37:00,0.05266828939626404,-0.2879636776311439,0.9873184276637066
2012-01-08 21:38:00,0.008216456448385052,-0.3258950057368643,0.9834855579884555
2012-01-08 21:39:00,0.007803088586797623,-0.38116402202390304,0.9656676172709572
2012-01-08 21:40:00,0.0501811241332357,-0.35798283564934225,0.9745934976333074
2012-01-08 21:41:00,0.058283636164891454,-0.3926465512218127,0.9619421166892027
2012-01-08 21:42:00,0.04181668421458775,-0.33645779927769986,0.9813636015686016
2012-01-08 21:43:00,0.036260804348756136,-0.3153545070401202,0.9884646425432008
2012-01-08 21:44:00,0.0444243161677377,-0.30178225179235635,0.9913496429288087
2012-01-08 21:45:00,0.04392979559573901,-0.30405441909380515,0.9913770896489803
2012-01-08 21:46:00,0.04526059484852573,-0.3092596295905267,0.9883577473359931
2012-01-08 21:47:00,0.04780996216125633,-0.27782663738493135,0.9968203603306004
2012-01-08 21:48:00,0.014800676409644671,0.027959885747529063,0.9983634888262177
2012-01-08 21:49:00,-0.009565379806496951,0.11067449070973358,0.99983035064274
2012-01-08 21:50:00,-0.024084801961447785,-0.005189638330398971,1.006447466675852
2012-01-08 21:51:00,0.06258979434694907,0.056340268877971,0.9961265617899442
2012-01-08 21:52:00,-0.016656638896750182,0.17341526219171793,0.9819725067654714
2012-01-08 21:53:00,-0.06269926033632604,0.010102057875713812,0.9774564768131965
2012-01-08 21:54:00,-0.08643641310333981,-0.23823519900793422,0.9975527854393907
2012-01-08 21:55:00,-0.08147768193161772,0.008929280627422286,0.9837122110307173
2012-01-08 21:56:00,-0.08437853065010732,-0.21249765940806192,0.991794419060129
2012-01-08 21:57:00,0.08108412134268253,-0.3569729672179644,0.8821133987684805
2012-01-08 21:58:00,0.3557931093762585,-0.20347313677123158,0.8392016606739586
2012-01-08 21:59:00,0.5599509967473453,0.7444610733342253,0.3014451032792034
2012-01-08 22:00:00,0.9385856185049917,0.25318839005381244,0.2345143322401376
2012-01-08 22:01:00,0.9359287689358052,0.2827366856584514,0.25468130795029703
2012-01-08 22:02:00,0.9115195515003485,0.3390268400294187,0.2644176209073091
2012-01-08 22:03:00,0.9022346144214414,0.35706023979845386,0.2693611253057785
2012-01-08 22:04:00,0.8803921219617755,0.39454552434574,0.2811840272916413
2012-01-08 22:05:00,0.8612947401580081,0.4247246026938997,0.290151387211009
2012-01-08 22:06:00,0.8577569779173074,0.4311832625721384,0.2898475293882226
2012-01-08 22:07:00,0.8527586171720012,0.4426856420040417,0.2846531070352609
2012-01-08 22:08:00,0.8509347851469067,0.44639264875626017,0.2827278037542254
2012-01-08 22:09:00,0.9641970382037925,0.19454290274587113,0.22688179394331698
2012-01-08 22:10:00,0.9664553979083003,0.2052685317653174,0.22794543655472643
2012-01-08 22:11:00,0.958877252612139,0.2289866278556456,0.23209953343593107
2012-01-08 22:12:00,0.9537678028232475,0.24323968256953007,0.23550841027854022
2012-01-08 22:13:00,0.9490996734961962,0.2561169107204044,0.23824473609431168
2012-01-08 22:14:00,0.9444396143553468,0.26805883104788203,0.24028617052961745
2012-01-08 22:15:00,0.9212928776131345,0.31664726575200897,0.2518819455869295
2012-01-08 22:16:00,0.53937525301236,0.7776940075086883,0.25267376122023466
2012-01-08 22:17:00,0.549696104439667,0.7740750311660897,0.2424937746428607
2012-01-08 22:18:00,0.5435553840408048,0.7785217769338855,0.2404430559047485
2012-01-08 22:19:00,0.5417889299876271,0.7795548691611918,0.24073001823065696
2012-01-08 22:20:00,0.5394493574595892,0.7808089541413343,0.24030674106302294
2012-01-08 22:21:00,0.5388418091959234,0.7815022455650543,0.2403709671619161
2012-01-08 22:22:00,0.8686579810543767,0.20545730455706515,0.21021068705883314
2012-01-08 22:23:00,1.005373442561515,-0.0244563683398468,0.1941102843336303
2012-01-08 22:24:00,1.0046202552392205,-0.010492755461535198,0.19834804632272904
2012-01-08 22:25:00,0.9813567637919737,0.07034844699836447,0.21238269167350302
2012-01-08 22:26:00,0.9560933088814806,0.10538017417494924,0.19002863402776204
2012-01-08 22:27:00,1.0080954848080652,-0.1331417775974503,0.14605495544401187
2012-01-08 22:28:00,1.00836238705564,-0.1291331059591703,0.14625282714757373
2012-01-08 22:29:00,1.008583979039902,-0.12682783863699806,0.14631149233593183
2012-01-08 22:30:00,1.0091262294282461,-0.12254928204392716,0.14675575589636786
2012-01-08 22:31:00,1.009443807034989,-0.11900508632421845,0.1471030661905181
2012-01-08 22:32:00,0.980447778293969,0.06178566231679591,0.18007062932780035
2012-01-08 22:33:00,0.9458426545486794,0.27548751221290535,0.22093360225625888
2012-01-08 22:34:00,0.9417205477081786,0.28621355681606825,0.22167065017415497
2012-01-08 22:35:00,0.9414066069451246,0.2875457470888336,0.22041536407898293
2012-01-08 22:36:00,0.9394837235284893,0.2925430679428431,0.2206861852576165
2012-01-08 22:37:00,0.9375965773609943,0.29830696963130304,0.21969673969946837
2012-01-08 22:38:00,0.9374559427195075,0.29961143802556,0.2189372934010518
2012-01-08 22:39:00,0.9362747349629121,0.3033673125336323,0.2167755692175103
2012-01-08 22:40:00,0.95387851615984,0.25483248812894893,0.21575967306751262
2012-01-08 22:41:00,0.6540694757010119,0.6236903673669115,0.22354006388652553
2012-01-08 22:42:00,0.4976603102513805,0.8088897014120957,0.22617222175903867
2012-01-08 22:43:00,0.49531927998021125,0.810301219282533,0.22513590014286683
2012-01-08 22:44:00,0.49225851533737236,0.8123009103424873,0.22332468740371406
2012-01-08 22:45:00,0.4919057414995586,0.8127164940591037,0.2231244849533018
2012-01-08 22:46:00,0.49952232913520744,0.8051272753489616,0.22463193658115574
2012-01-08 22:47:00,0.3478956281646288,0.8846083700887797,0.17346192719410666
2012-01-08 22:48:00,0.3352241283671409,0.8938799939142898,0.16981540121309938
2012-01-08 22:49:00,0.33379681750208356,0.8946001760490851,0.16890198055532757
2012-01-08 22:50:00,0.33194772293880365,0.8948852175864821,0.16984458874004707
2012-01-08 22:51:00,0.3309967033424619,0.8953995635510473,0.16979765465513086
2012-01-08 22:52:00,0.33082787564824706,0.8954865916705269,0.1698640954470893
2012-01-08 22:53:00,0.32835401041275836,0.895728119148184,0.1699711260503796
2012-01-08 22:54:00,0.3269993462517989,0.8952836890324143,0.17544371965502997
2012-01-08 22:55:00,0.3252802463079739,0.8956269122901375,0.17705598719310892
2012-01-08 22:56:00,0.32421845326192084,0.8961740160300125,0.17632916167944868
2012-01-08 22:57:00,0.32357737690623134,0.8962571327733359,0.17635920026748697
2012-01-08 22:58:00,0.32267001446243493,0.8962101962594591,0.17670931519477662
2012-01-08 22:59:00,0.32236330230191945,0.8963231372459748,0.1761423634412132
2012-01-08 23:00:00,0.32233127703786646,0.8963148255716425,0.17634801074837544
2012-01-08 23:01:00,-0.24767341340845594,0.6444811895417977,0.1619829506003292
2012-01-08 23:02:00,-1.0103662278150505,0.15382902164249498,0.10410849470689518
2012-01-08 23:03:00,-1.0181934668473354,0.11867401277868102,0.08339546659563557
2012-01-08 23:04:00,-1.0400211714797707,0.017792727904912334,0.06048865444270601
2012-01-08 23:05:00,-1.0252025963889964,0.12748299414319333,0.09785615506258796
2012-01-08 23:06:00,-1.0212272106432632,0.14710147909960553,0.10052715226850797
2012-01-08 23:07:00,-1.0188060646129824,0.15822885534251496,0.10249651730327893
2012-01-08 23:08:00,-1.015671826710662,0.1713917606294116,0.10338500573955599
2012-01-08 23:09:00,-1.0033502604061233,0.21433510169582898,0.11184726090165929
2012-01-08 23:10:00,-0.9931837794679542,0.24487268211482283,0.12173019814497153
2012-01-08 23:11:00,-0.9888599179724034,0.2552177831264543,0.12716643790144552
2012-01-08 23:12:00,-0.9849931716606632,0.26654155934461643,0.1292127465957247
2012-01-08 23:13:00,-0.9720862388333044,0.2977332929796655,0.13704460726842072
2012-01-08 23:14:00,-0.9606651520204569,0.32459239524628164,0.14305506181117436
2012-01-08 23:15:00,-0.9465619681285173,0.3541204005871093,0.1485449280875042
2012-01-08 23:16:00,-0.9174356141458888,0.41079778119755916,0.1580918992941578
2012-01-08 23:17:00,-0.911025226295986,0.4230979591348611,0.15692550072720848
2012-01-08 23:18:00,-0.9086167340772174,0.4269633766214133,0.15793227698392862
2012-01-08 23:19:00,-0.9067905426122091,0.430090521858447,0.15783991751330226
2012-01-08 23:20:00,-0.9044564103214249,0.4345069544610306,0.1582137074127483
2012-01-08 23:21:00,-0.963020023337235,0.28320441290845266,0.12024266908355638
2012-01-08 23:22:00,-1.0121106353818998,0.19285849305022285,0.0882379655164901
2012-01-08 23:23:00,-1.0051213882542895,0.21839364338010292,0.09203242138887972
2012-01-08 23:24:00,-1.0037486751294036,0.22302324598320983,0.09319796889473841
2012-01-08 23:25:00,-0.9955501023338684,0.24825015542586543,0.09501732474114434
2012-01-08 23:26:00,-0.9883873837736141,0.2694322130007944,0.09675239652613575
2012-01-08 23:27:00,-0.987311749681952,0.27275436478532505,0.09665429239314788
2012-01-08 23:28:00,-0.9808104257115495,0.2914674394998359,0.09767650380328369
2012-01-08 23:29:00,-0.9794217375253361,0.2940821944603825,0.09888567786118382
2012-01-08 23:30:00,-0.9760511648963623,0.3015685684237126,0.10310514203683492
2012-01-08 23:31:00,-0.9798643504192309,0.29235803540454486,0.09980687412255601
2012-01-08 23:32:00,-0.9818136685798688,0.28788479006328965,0.09713165062462932
2012-01-08 23:33:00,-0.9817622117501563,0.2881799278403903,0.09697298575812707
2012-01-08 23:34:00,-0.9825111310410145,0.28747583124003817,0.09563936335802586
2012-01-08 23:35:00,-0.9840209471616566,0.28355545891848866,0.09391370160077472
2012-01-08 23:36:00,-0.9853931793815921,0.2800613777057837,0.0919184275584846
2012-01-08 23:37:00,-0.9850191555562745,0.28078102202635746,0.09196662856388794
2012-01-08 23:38:00,-0.9851084385660066,0.2805506175246451,0.09166536260896832
2012-01-08 23:39:00,-0.9852848405131931,0.2803082344334539,0.09142779083976023
2012-01-08 23:40:00,-0.9856196405284787,0.27969468619112214,0.09119417457039365
2012-01-08 23:41:00,-0.9849779930981604,0.2811962634975602,0.09146124334330963
2012-01-08 23:42:00,-0.9851163434411317,0.28067372808916746,0.09108308208462555
2012-01-08 23:43:00,-0.9848203464440467,0.28140053511732765,0.09098167041876291
2012-01-08 23:44:00,-0.9849317059966666,0.2811566852600777,0.09095752156031746
2012-01-08 23:45:00,-0.9850173221061503,0.2809870537653953,0.09092845975830362
2012-01-08 23:46:00,-0.9850911410160652,0.28085213573410084,0.0908966610211916
2012-01-08 23:47:00,-0.9850294348995933,0.2810174891611122,0.09090427221526312
2012-01-08 23:48:00,-0.9850599122508366,0.28093192780769116,0.09088622585168313
2012-01-08 23:49:00,-0.9850513912162434,0.2809857336759425,0.09087633226650506
2012-01-08 23:50:00,-0.9844154545322132,0.2821960601353354,0.09209524517120317
2012-01-08 23:51:00,-0.9655640556106702,0.3280060487867708,0.10309451344435132
2012-01-08 23:52:00,-0.9638673628318867,0.3329891420100114,0.10262973737740233
2012-01-08 23:53:00,-0.963796850143507,0.3335308676076714,0.10262441824558614
2012-01-08 23:54:00,-0.9636971825924983,0.3339273833655254,0.10264907000376695
2012-01-08 23:55:00,-0.9636089665906253,0.3341733111413584,0.10264907967491571
2012-01-08 23:56:00,-0.9634580225492603,0.3345038224265734,0.10265389590699654
2012-01-08 23:57:00,-0.9633872393518462,0.33461774125712823,0.10264231954193477
2012-01-08 23:58:00,-0.9631988448374544,0.33487149178527403,0.10266601385638867
2012-01-08 23:59:00,-0.9630897846116295,0.3351007962124424,0.1026510235758158
2012-01-09 00:00:00,-0.9628443878323135,0.33532227788729796,0.10264666188772653
2012-01-09 00:01:00,-0.9626461648229943,0.3356752795854121,0.10265294813441839
2012-01-09 00:02:00,-0.962494364169686,0.3358586253427429,0.10265440847788064
2012-01-09 00:03:00,-0.9622861623826421,0.33613877765994427,0.10266068505342374
2012-01-09 00:04:00,-0.962119543845544,0.33630745575668863,0.10268632326877772
2012-01-09 00:05:00,-0.961686744418297,0.3369122522948704,0.10272208717687996
2012-01-09 00:06:00,-0.9611246567007411,0.33836435069293014,0.10285698035973825
2012-01-09 00:07:00,-0.9610208413445335,0.33896865830909234,0.10315005485166098
2012-01-09 00:08:00,-0.9609427844597417,0.3393255713833629,0.10316214378760685
2012-01-09 00:09:00,-0.9609315583348015,0.3394761593653839,0.1032134008760173
2012-01-09 00:10:00,-0.9609111349026812,0.33969226289802446,0.1032303253863415
2012-01-09 00:11:00,-0.9608904710180858,0.33981253771483344,0.10330092477226534
2012-01-09 00:12:00,-0.9609057247219871,0.33974653324219434,0.10312297563514225
2012-01-09 00:13:00,-0.9609393129271296,0.3397421329440184,0.10366366054868249
2012-01-09 00:14:00,-0.9510553035343104,0.35911762365671485,0.1107320420539304
2012-01-09 00:15:00,-0.949120773200903,0.3651025180980108,0.10835176925078524
2012-01-09 00:16:00,-0.9490137417928386,0.3658877268614061,0.10825317188921078
2012-01-09 00:17:00,-0.9488918624444246,0.3661356103253173,0.10818904250180517
2012-01-09 00:18:00,-0.9485250071085265,0.3665971527117713,0.10809039678448695
2012-01-09 00:19:00,-0.9479543532715383,0.36729044413549133,0.10799225396690405
2012-01-09 00:20:00,-0.9477206034089946,0.36768549312728677,0.10789952699262492
2012-01-09 00:21:00,-0.9474810826870436,0.36788839576539945,0.10781025261845191
2012-01-09 00:22:00,-0.9475421876723273,0.36783363649920997,0.10761838669826795
2012-01-09 00:23:00,-0.9474498388935353,0.36792359815080694,0.10751727483801676
2012-01-09 00:24:00,-0.9468083718025734,0.3689552236120548,0.10972070101499712
2012-01-09 00:25:00,-0.9451737007341356,0.3733315646090354,0.10839840353008998
2012-01-09 00:26:00,-0.9449376816013563,0.3738019075918413,0.10839743641521432
2012-01-09 00:27:00,-0.9445419419118637,0.3741842446111284,0.10838261054417031
2012-01-09 00:28:00,-0.9441511465263943,0.3745685373184937,0.10838270725565788
2012-01-09 00:29:00,-0.9440782593698211,0.37470005734175227,0.1083690806070597
2012-01-09 00:30:00,-0.9619687200304167,0.3228874263797113,0.10137650156576672
2012-01-09 00:31:00,-0.9894334271825356,0.26604972823905143,0.09203116413954134
2012-01-09 00:32:00,-0.9771860554949044,0.30140086817100736,0.09649319039715895
2012-01-09 00:33:00,-0.9756468140025985,0.30522113370905424,0.09676038489500877
2012-01-09 00:34:00,-0.9706300285863728,0.31672270641962535,0.10084104874370384
2012-01-09 00:35:00,-0.9696453005586511,0.3200488429186153,0.10137098901097541
2012-01-09 00:36:00,-0.9695044855778078,0.32082133970950233,0.10135371633929596
2012-01-09 00:37:00,-0.9694109195083596,0.3212237225315909,0.10118009987681587
2012-01-09 00:38:00,-0.9687917393562012,0.32196297262514856,0.10136653061139858
2012-01-09 00:39:00,-0.9675575719419228,0.32323465879799484,0.10179663561005482
2012-01-09 00:40:00,-0.9674211903035929,0.3235094329729812,0.10175224503726162
2012-01-09 00:41:00,-0.9673448165861279,0.32382283198751194,0.10167530137775341
2012-01-09 00:42:00,-0.967276422885187,0.32400862235494043,0.10164373474821156
2012-01-09 00:43:00,-0.9671828117308996,0.3243860701540321,0.10160624937563065
2012-01-09 00:44:00,-0.9670976164132474,0.3245708826774215,0.10168713886383159
2012-01-09 00:45:00,-0.9670370825025925,0.3248476125404861,0.10176802835203254
2012-01-09 00:46:00,-0.9669824697341417,0.3250407367382078,0.10176701288141309
2012-01-09 00:47:00,-0.96691512801278,0.325393738436322,0.102054594160842
2012-01-09 00:48:00,-0.966827422972417,0.3258259455016031,0.10220946793703162
2012-01-09 00:49:00,-0.9850206132994059,0.2681573977270231,0.08634738165949113
2012-01-09 00:50:00,-0.9828776407264792,0.2884558754282236,0.08785750252440193
2012-01-09 00:51:00,-0.9816460882328696,0.2914801514723442,0.08797750213817494
2012-01-09 00:52:00,-0.9815399735498671,0.2925738700300747,0.08801597396792905
2012-01-09 00:53:00,-0.9799768671493881,0.2955639459789278,0.09192735402878702
2012-01-09 00:54:00,-0.9730900678045323,0.31118224209409917,0.09668197122088952
2012-01-09 00:55:00,-0.9726082160723255,0.31338728040226393,0.09669601372888424
2012-01-09 00:56:00,-0.9721218257996476,0.315581073503979,0.09670955333714361
2012-01-09 00:57:00,-0.9717307749334233,0.31612084341356084,0.09671438891152195
2012-01-09 00:58:00,-0.9713695702306947,0.3164572217630104,0.09672260938796515
2012-01-09 00:59:00,-0.9714122655733389,0.31599421261049776,0.09666232911776469
2012-01-09 01:00:00,-0.9700940299623863,0.318806492066942,0.09667759019050275
2012-01-09 01:01:00,-0.9699855107546306,0.3192479886505945,0.09667904086281626
2012-01-09 01:02:00,-0.9699115415619188,0.31959463436245455,0.09668242576488109
2012-01-09 01:03:00,-0.9698870454659984,0.31975304509678837,0.09668144897885667
2012-01-09 01:04:00,-0.9698153605718016,0.3201319596619386,0.09668147799230294
2012-01-09 01:05:00,-0.9697895720438265,0.32045807064897763,0.09668435999463243
2012-01-09 01:06:00,-0.9688735833674791,0.3223164632452823,0.0973604023061713
2012-01-09 01:07:00,-0.9768373693491706,0.3023878061596684,0.09200260523726284
2012-01-09 01:08:00,-1.0004378399122604,0.23592927164103555,0.07350205549821982
2012-01-09 01:09:00,-0.9929183349635109,0.26455766046589363,0.07640310031961522
2012-01-09 01:10:00,-0.9771535042410616,0.30152754786627245,0.0871009769129099
2012-01-09 01:11:00,-0.9512177742662098,0.3625743023349244,0.09947086940130234
2012-01-09 01:12:00,-0.9493823554374622,0.36609111842153835,0.09946148838700834
2012-01-09 01:13:00,-0.9491945169694195,0.36712714418096204,0.09933431278085789
2012-01-09 01:14:00,-0.949026636056826,0.36828833397739036,0.09940055047869246
2012-01-09 01:15:00,-0.9485724513875576,0.36893908918540963,0.09966862505107914
2012-01-09 01:16:00,-0.9462148599521527,0.3737011896558142,0.10051676545474329
2012-01-09 01:17:00,-0.9457871851682853,0.3748232656906786,0.10042989919661072
2012-01-09 01:18:00,-0.9654137277287732,0.3231453327450233,0.09514933592167317
2012-01-09 01:19:00,-0.97070832592364,0.31907491025567425,0.09378464979176547
2012-01-09 01:20:00,-0.9689651807322859,0.3237142912991721,0.09394780207129082
2012-01-09 01:21:00,-0.9670392014900311,0.32733182532181315,0.09583635498705087
2012-01-09 01:22:00,-0.8525018590132278,0.5005212299866005,0.10825927438407626
2012-01-09 01:23:00,-0.7337989328827349,0.6665185428516242,0.1145528324643845
2012-01-09 01:24:00,-0.7249491546709885,0.6749079557850608,0.11446710740180518
2012-01-09 01:25:00,-0.7137816700781763,0.6860231089774814,0.11187254128450928
2012-01-09 01:26:00,-0.7099270215315994,0.6895927286422067,0.11191948504057425
2012-01-09 01:27:00,-0.7030903414995622,0.6948848205818021,0.11632802017441864
2012-01-09 01:28:00,-0.699598475625083,0.6979884975618975,0.11704646080210682
2012-01-09 01:29:00,-0.6962753472751404,0.7008139779128695,0.11712458434176336
2012-01-09 01:30:00,-0.6915889736165264,0.7041406033338792,0.11920734359570649
2012-01-09 01:31:00,-0.6869183796516034,0.7088908474453096,0.11483707719749234
2012-01-09 01:32:00,-0.6845773644087138,0.7115052357143414,0.11451473780943189
2012-01-09 01:33:00,-0.7258490180032118,0.651752706723637,0.11344686890601574
2012-01-09 01:34:00,-0.9243241868277501,0.4084668943615626,0.11039447060657816
2012-01-09 01:35:00,-0.8831952417773383,0.48380251708203087,0.11276287691019889
2012-01-09 01:36:00,-0.8722320666471263,0.5006461251164942,0.11249905764326515
2012-01-09 01:37:00,-0.8688692786670401,0.5058393081315349,0.111385995461709
2012-01-09 01:38:00,-0.8670171183347002,0.5082508426546561,0.11137295875318497
2012-01-09 01:39:00,-0.9282213954624536,0.3993366178919038,0.09433447394088078
2012-01-09 01:40:00,-0.8974313958881147,0.464492541919954,0.09836380333197535
2012-01-09 01:41:00,-0.8939720361826392,0.47000807122248317,0.09769650373891252
2012-01-09 01:42:00,-0.8933154356140135,0.4717769910892104,0.09716754992881416
2012-01-09 01:43:00,-0.8921796733752485,0.47317090776694387,0.09674384723063482
2012-01-09 01:44:00,-0.8903120038582523,0.476543491857791,0.09672355716054329
2012-01-09 01:45:00,-0.8889806485591165,0.4779647881686191,0.09674192267203223
2012-01-09 01:46:00,-0.8880647350241675,0.47880035590002784,0.0967627446553054
2012-01-09 01:47:00,-0.8832229539251159,0.48728943558714943,0.0963906858914868
2012-01-09 01:48:00,-0.8725284994643229,0.5042224430128873,0.09532334890125228
2012-01-09 01:49:00,-0.870538469693962,0.5063758267096867,0.0950545586638576
2012-01-09 01:50:00,-0.867189928523037,0.5120881226789833,0.09381355685539922
2012-01-09 01:51:00,-0.865873751786404,0.5140027413075361,0.0939113224981806
2012-01-09 01:52:00,-0.864454601277227,0.5153951912192108,0.09389260882533638
2012-01-09 01:53:00,-0.86425523611865,0.5163554340656046,0.09382279280246185
2012-01-09 01:54:00,-0.8642129765961173,0.5166614992498421,0.09383553937652317
2012-01-09 01:55:00,-0.8641371739532814,0.5170101006497804,0.09376803475820147
2012-01-09 01:56:00,-0.8635622520848566,0.5180280362944808,0.09381088761834237
2012-01-09 01:57:00,-0.8628587031704302,0.5184768667084265,0.09375271565857088
2012-01-09 01:58:00,-0.8622260727079353,0.5188235124202866,0.093810703866516
2012-01-09 01:59:00,-0.8616590557146359,0.5194586221236803,0.09378948536614382
2012-01-09 02:00:00,-0.8614143802927459,0.5203606832497477,0.09384867279653476
2012-01-09 02:01:00,-0.8613155242688413,0.5208818741225867,0.09386428203062805
2012-01-09 02:02:00,-0.861226917531696,0.5212187413940558,0.09381855683930641
2012-01-09 02:03:00,-0.8611636635024142,0.5200499733063245,0.09666706798065547
2012-01-09 02:04:00,-0.8527468350007119,0.5326864073625711,0.09459016944285889
2012-01-09 02:05:00,-0.8526887356713693,0.5326302302225249,0.09410807234848668
2012-01-09 02:06:00,-0.8511622531885336,0.5347284879616203,0.0931996710169196
2012-01-09 02:07:00,-0.8469993445686316,0.5410469738968543,0.09212873635934757
2012-01-09 02:08:00,-0.8450474114873249,0.5435297199121227,0.09084270568227804
2012-01-09 02:09:00,-0.10819282357685091,0.2808700302800163,0.46301837434705045
2012-01-09 02:10:00,-0.03998960608107676,-0.47834492503881826,0.8909296566596737
2012-01-09 02:11:00,-0.02999982765568833,-0.5550357907052736,0.8758570552685879
2012-01-09 02:12:00,-0.05204865839571466,-0.5338617514514653,0.8840141276605253
2012-01-09 02:13:00,-0.041839978048131714,-0.5600665293793192,0.8797526810281213
2012-01-09 02:14:00,-0.05067247373821647,-0.5156783992990345,0.8925109281659874
2012-01-09 02:15:00,-0.04359012641782877,-0.5545917761732204,0.88236371711175
2012-01-09 02:16:00,-0.0376101484986998,-0.5778852923817727,0.8686223880316176
2012-01-09 02:17:00,-0.06663669967580213,-0.4877500001295643,0.899318739910284
2012-01-09 02:18:00,-0.11979775133533929,-0.3852682534709039,0.93448029018336
2012-01-09 02:19:00,0.06064194895772237,-0.1363015828253898,0.98344522929814
2012-01-09 02:20:00,-0.5571754989098816,0.6890089557508656,0.15817403636054836
2012-01-09 02:21:00,-0.6889008802538317,0.7143017963278573,0.07875567495272125
2012-01-09 02:22:00,-0.6650628276168732,0.7346102235921557,0.07818903267591805
2012-01-09 02:23:00,-0.6603454656455059,0.7382375360551876,0.07808793048681562
2012-01-09 02:24:00,-0.6585024124506677,0.7398363110591121,0.07750541785490268
2012-01-09 02:25:00,-0.6565822190960996,0.7411950253514379,0.07663536262815587
2012-01-09 02:26:00,-0.6555028279345111,0.7422100274640211,0.07656335125451356
2012-01-09 02:27:00,-0.654081994258007,0.7429751904246148,0.07655989865440742
2012-01-09 02:28:00,-0.6526318404077969,0.7441828278129001,0.07720853293036983
2012-01-09 02:29:00,-0.6512266511704664,0.7450320853608563,0.07733723657802385
2012-01-09 02:30:00,-0.650298549700676,0.7460153075421688,0.07726126970454006
2012-01-09 02:31:00,-0.6497933289935268,0.746201586831617,0.07708913292781974
2012-01-09 02:32:00,-0.6480397541760569,0.747265481146155,0.07715966461570228
2012-01-09 02:33:00,-0.6473809294220348,0.7478922791752164,0.077052634012412
2012-01-09 02:34:00,-0.646746555679094,0.7484687182362643,0.07703440389700564
2012-01-09 02:35:00,-0.646112196964433,0.7487146460120973,0.07681153227390773
2012-01-09 02:36:00,-0.6457403822962321,0.7487361585809574,0.07682229626247392
2012-01-09 02:37:00,-0.6452083661663675,0.7490324453248041,0.07687901754993191
2012-01-09 02:38:00,-0.6449721366376722,0.749292551839204,0.07754734228476294
2012-01-09 02:39:00,-0.7426836368165177,0.6492726253333752,0.05638766183932437
2012-01-09 02:40:00,-0.7480005970915866,0.6618571603172466,0.05434301658263134
2012-01-09 02:41:00,-0.7376964120264734,0.6717832551581249,0.05457243557343753
2012-01-09 02:42:00,-0.7521309244010864,0.6548436472851231,0.06463150377790661
2012-01-09 02:43:00,-0.7849969605905426,0.6158607212536563,0.06143859335818309
2012-01-09 02:44:00,-0.7869415899279123,0.6184914150720402,0.06456277092369281
2012-01-09 02:45:00,-0.7622575353131962,0.6453415700656986,0.06817391017139937
2012-01-09 02:46:00,-0.7480981757117162,0.6598080881333179,0.0701463409603262
2012-01-09 02:47:00,-0.7372997856684782,0.669776621405493,0.06956498886626408
2012-01-09 02:48:00,-0.6503696785485236,0.745161331896724,0.0725285479932227
2012-01-09 02:49:00,-0.6427520689898548,0.7510683166142048,0.07426281707286729
2012-01-09 02:50:00,-0.6393933236170095,0.7532591761838027,0.07528464163705283
2012-01-09 02:51:00,-0.637021350117926,0.7550965451332667,0.07597641890761883
2012-01-09 02:52:00,-0.6353309842448986,0.7563936552511296,0.07609088662430301
2012-01-09 02:53:00,-0.6333053224233554,0.7576130267678841,0.07613137972414727
2012-01-09 02:54:00,-0.6325990834468614,0.7584089918157095,0.0761944742986359
2012-01-09 02:55:00,-0.6318043729877396,0.7588563554635964,0.07620772377243258
2012-01-09 02:56:00,-0.6306036585240863,0.7595242229423,0.07623597319795086
2012-01-09 02:57:00,-0.6279569831002606,0.7616114310437536,0.07591714443688909
2012-01-09 02:58:00,-0.6210497903798439,0.7665461209870588,0.07560218413532997
2012-01-09 02:59:00,-0.6185041801370398,0.7683830010145034,0.07554094642140262
2012-01-09 03:00:00,-0.6180508370514349,0.7689291269103393,0.0757600946522292
2012-01-09 03:01:00,-0.6174468204334999,0.7693363989526235,0.07576094571331979
2012-01-09 03:02:00,-0.6163963286537856,0.7697050461553631,0.07570575246736537
2012-01-09 03:03:00,-0.6156051348121149,0.7701871232666382,0.07584326653153672
2012-01-09 03:04:00,-0.6154064008412855,0.7704716758820156,0.0758328893889208
2012-01-09 03:05:00,-0.615229893696141,0.7706716449880109,0.0758359938276717
2012-01-09 03:06:00,-0.6147967636467404,0.7709620646676228,0.07592531655758848
2012-01-09 03:07:00,-0.6142477655608083,0.7712862199665838,0.07592488135589444
2012-01-09 03:08:00,-0.6135980479442878,0.7716035303572709,0.07596902047881997
2012-01-09 03:09:00,-0.6133783946081081,0.7716504668711476,0.07597993920576628
2012-01-09 03:10:00,-0.6129520723694143,0.7719286635002708,0.07600341108379875
2012-01-09 03:11:00,-0.6128747969551671,0.7721183652438557,0.07606563525489929
2012-01-09 03:12:00,-0.6126975233677576,0.772271886757994,0.07607463909439177
2012-01-09 03:13:00,-0.6125338203169225,0.7724566992813834,0.07608388471260318
2012-01-09 03:14:00,-0.6124061250242624,0.7725486166210584,0.0761169020144585
2012-01-09 03:15:00,-0.612103801121421,0.772888417424645,0.07613007411906511
2012-01-09 03:16:00,-0.6119698089795642,0.7729935356588479,0.07615373942007274
2012-01-09 03:17:00,-0.6116149462108714,0.7731392344206734,0.07615081873314822
2012-01-09 03:18:00,-0.6110409711240682,0.7733460484349425,0.07622488039032695
2012-01-09 03:19:00,-0.6946271657832473,0.6834214326809579,0.06086345981277151
2012-01-09 03:20:00,-0.7941197425314245,0.6127988715523334,0.03972564583467182
2012-01-09 03:21:00,-0.7778033288589336,0.6311322005342608,0.040819472101350916
2012-01-09 03:22:00,-0.7663839552699725,0.6431642047438403,0.04090511979474016
2012-01-09 03:23:00,-0.7985947434359766,0.6047441746334798,0.03510269166174289
2012-01-09 03:24:00,-0.7604327414782004,0.6496976696910698,0.03812897785953741
2012-01-09 03:25:00,-0.6550523101654908,0.7418434337337634,0.0314103244356289
2012-01-09 03:26:00,-0.615277653569046,0.7736125109355967,0.034590575321629916
2012-01-09 03:27:00,-0.6114353282118279,0.7761715287859146,0.03529536995842242
2012-01-09 03:28:00,-0.6082596723706382,0.7781355285384419,0.03537458633788846
2012-01-09 03:29:00,-0.60469879663575,0.7806001844389869,0.03547816434107261
2012-01-09 03:30:00,-0.6034153815488756,0.7818630700154813,0.03574549423500502
2012-01-09 03:31:00,-0.6022360072424044,0.7824619994894284,0.03585647066698803
2012-01-09 03:32:00,-0.6002138470100327,0.7838534715570642,0.03608048348563923
2012-01-09 03:33:00,-0.5980099798477381,0.7850733319958383,0.035902834154127594
2012-01-09 03:34:00,-0.5983293758763253,0.784959902087303,0.03590039702464091
2012-01-09 03:35:00,-0.5977794310087716,0.785205829863136,0.036341633515516114
2012-01-09 03:36:00,-0.5940498478059063,0.7879599275992539,0.03733710419933967
2012-01-09 03:37:00,-0.5927323936654983,0.7885862367062959,0.03752503396197966
2012-01-09 03:38:00,-0.5932496069398527,0.7883461759946975,0.03677165147383355
2012-01-09 03:39:00,-0.5856478672445532,0.7934412323604146,0.034414038172225304
2012-01-09 03:40:00,-0.580186725653987,0.7968152832173205,0.03668308309351979
2012-01-09 03:41:00,-0.5795494063682238,0.7973266956497683,0.03746471500718419
2012-01-09 03:42:00,-0.5807533218554546,0.7966940305564724,0.03229089220107423
2012-01-09 03:43:00,-0.567721233514706,0.8049157432372038,0.03470892116896552
2012-01-09 03:44:00,-0.5658605220912135,0.8059996833545433,0.034806532073366786
2012-01-09 03:45:00,-0.5640639964503443,0.8072019426006136,0.03498606727888597
2012-01-09 03:46:00,-0.5607803473911889,0.8090300220317063,0.03548962465234928
2012-01-09 03:47:00,-0.560210595250983,0.8094006249225242,0.03573175153262176
2012-01-09 03:48:00,-0.5597118667606668,0.8097042454966641,0.03580667392203984
2012-01-09 03:49:00,-0.5593398567248296,0.8100694702452669,0.035825474635222836
2012-01-09 03:50:00,-0.5590414852595509,0.8101643211170593,0.035992650112630975
2012-01-09 03:51:00,-0.6004333801199748,0.7656875739207314,0.03378473652262751
2012-01-09 03:52:00,-0.8886207362884424,0.4747394184978581,-0.0012645317133834215
2012-01-09 03:53:00,-0.759610679550014,0.6505840853125117,0.03217825233150507
2012-01-09 03:54:00,-0.7493052621659649,0.6609844345123521,0.03396810150305435
2012-01-09 03:55:00,-0.6707869941588502,0.7301010913746656,0.04202330768513735
2012-01-09 03:56:00,-0.8284151634885372,0.547983359480394,0.022929781131226686
2012-01-09 03:57:00,-0.40309467986334774,0.8642790169620445,0.057682077402365965
2012-01-09 03:58:00,-0.24628047221908583,0.9357605651868142,0.0784244187655071
2012-01-09 03:59:00,-0.24337134291847834,0.9362915345000441,0.07910559645703577
2012-01-09 04:00:00,-0.2413496786193368,0.936967518084272,0.07855149766017
2012-01-09 04:01:00,-0.2376152563104062,0.9376067347326301,0.07982159995523729
2012-01-09 04:02:00,-0.23451882955982548,0.9381033817200878,0.0819826761718121
2012-01-09 04:03:00,-0.23451544819689166,0.9380081397106796,0.08188670936269947
2012-01-09 04:04:00,-0.23669774977780836,0.9374636272575082,0.08283139684440165
2012-01-09 04:05:00,-0.23776795866049671,0.9374263225074166,0.0818055780957796
2012-01-09 04:06:00,-0.23245705478214915,0.9385928659999588,0.07941897069019879
2012-01-09 04:07:00,-0.2321065051297319,0.9389223016567309,0.07888108073864923
2012-01-09 04:08:00,-0.23223876901942256,0.9386945862261261,0.07935688191518084
2012-01-09 04:09:00,-0.23131134382221896,0.9389297577175291,0.0792937873406922
2012-01-09 04:10:00,-0.229791714234929,0.9393726966211392,0.07919760776630692
2012-01-09 04:11:00,-0.22768991914839617,0.9398821778116099,0.08141997972370163
2012-01-09 04:12:00,-0.22663255944485627,0.9398406194399482,0.08158435056797032
2012-01-09 04:13:00,-0.23141872088071683,0.938508306936678,0.08224074110523559
2012-01-09 04:14:00,-0.2342365533821116,0.93799689450423,0.08215125396578994
2012-01-09 04:15:00,-0.23377498982750775,0.9381102755205634,0.08202082885365723
2012-01-09 04:16:00,-0.23314019529273522,0.9382183761790855,0.08211930049029784
2012-01-09 04:17:00,-0.23380133440183196,0.937730432003576,0.08490906907409876
2012-01-09 04:18:00,-0.23483655744936524,0.9375890602016234,0.08498527772630148
2012-01-09 04:19:00,-0.23310465341123102,0.9380114154882107,0.08484282170511544
2012-01-09 04:20:00,-0.2313332851105894,0.9383058932205848,0.08498501660528504
2012-01-09 04:21:00,-0.233105164372741,0.9378839535177143,0.0855200052122076
2012-01-09 04:22:00,-0.23273381558121098,0.9378629054247727,0.08544488939981439
2012-01-09 04:23:00,-0.2330236810401762,0.9378095151402379,0.08523966762319743
2012-01-09 04:24:00,-0.23187807527820395,0.9379954277381714,0.08500117709485747
2012-01-09 04:25:00,0.06533613732178346,0.9409769964438843,0.12557089177956687
2012-01-09 04:26:00,0.08718031294877636,0.9036890652697891,0.12560392842371973
2012-01-09 04:27:00,0.12841154047086567,-0.06356247827413891,0.8727117365718963
2012-01-09 04:28:00,-0.13006326863676954,-0.345817380174527,0.9533979275548327
2012-01-09 04:29:00,-0.15722715471401758,-0.5021858627865581,0.8976042676721442
2012-01-09 04:30:00,-0.1600239476238243,-0.4570809241334129,0.9070577962395108
2012-01-09 04:31:00,-0.17178513943469345,-0.21882917511511693,0.9620975804054664
2012-01-09 04:32:00,-0.18033233826284353,-0.14451466603247615,0.9632922960959754
2012-01-09 04:33:00,-0.17281607942251057,-0.3134726950790791,0.9460515198651275
2012-01-09 04:34:00,-0.14960823769501438,-0.3318426443202706,0.9676647481738085
2012-01-09 04:35:00,-0.16786456182504728,-0.31223041756570874,0.9672911807107839
2012-01-09 04:36:00,-0.1529153909836297,-0.39603003827369576,0.9201282087169452
2012-01-09 04:37:00,-0.1360902249582588,-0.3547204545817015,0.9449947631116328
2012-01-09 04:38:00,-0.11893143112341939,-0.2884995606106703,0.9829618749544295
2012-01-09 04:39:00,-0.10131361351324637,-0.29088395996170646,0.9836284782247818
2012-01-09 04:40:00,-0.12057130197663535,-0.30132232284856686,0.9799373682480061
2012-01-09 04:41:00,-0.12829401932356643,-0.3879172329728189,0.949461218755381
2012-01-09 04:42:00,-0.11866765475802339,-0.37513055317996497,0.9558417688187557
2012-01-09 04:43:00,-0.10599959643658809,-0.287249558129391,0.9871293663766622
2012-01-09 04:44:00,-0.08825417370343322,-0.25333998032597355,0.9960273454748493
2012-01-09 04:45:00,-0.09795703221267871,0.02000461112135077,0.9430945854750673
2012-01-09 04:46:00,-0.11692407374655776,0.3225687470073694,0.9446769885057855
2012-01-09 04:47:00,-0.08151532777228072,0.02228792584484527,1.0124106583146315
2012-01-09 04:48:00,-0.09919539251699513,-0.12769274168957975,1.0134566027238163
2012-01-09 04:49:00,-0.07986619949876599,-0.2944230464463109,0.9869088545138608
2012-01-09 04:50:00,-0.10514262381464518,-0.3392791726837077,0.9661701204892059
2012-01-09 04:51:00,-0.08953966269290697,-0.3172630385895296,0.9701673610087258
2012-01-09 04:52:00,-0.13512641629588742,-0.3704348727659161,0.9503225409348004
2012-01-09 04:53:00,-0.13292205320036263,-0.3027246978772385,0.9783245010987043
2012-01-09 04:54:00,-0.09498738402969603,-0.34334077013060393,0.969254578646772
2012-01-09 04:55:00,-0.14158460910353432,-0.36800358579320513,0.9416634875666473
2012-01-09 04:56:00,-0.11787683662334536,-0.34214027100380395,0.9685469600345425
2012-01-09 04:57:00,-0.11490460357625328,-0.35996067189502273,0.9578596830202852
2012-01-09 04:58:00,-0.1292519068437337,-0.3072550737564779,0.9674366831438284
2012-01-09 04:59:00,-0.13931855491981723,-0.13665030645583293,1.0077651026670582
2012-01-09 05:00:00,-0.21068304619310257,-0.1286145797113379,0.9938508341048589
2012-01-09 05:01:00,-0.1985401360777064,-0.031628878812727586,0.9993655552334934
2012-01-09 05:02:00,-0.13741017379309794,-0.04960830159080459,1.012330039618596
2012-01-09 05:03:00,-0.1502973143760842,-0.018395519862813958,1.0113553619045992
2012-01-09 05:04:00,-0.17336600926178453,-0.023808106634127146,1.00625138413481
2012-01-09 05:05:00,-0.1924723479202565,0.0334515067633023,1.0006097388498927
2012-01-09 05:06:00,-0.16665980475415298,0.08505106550922396,1.0005029887099164
2012-01-09 05:07:00,-0.14045663151365692,0.06225373181221088,1.0075160319019785
2012-01-09 05:08:00,-0.16266193670197993,0.07787916618886762,1.0009554147199031
2012-01-09 05:09:00,-0.08738794366119153,0.09829879876651233,1.0097175722049514
2012-01-09 05:10:00,-0.08357958221610848,0.11531621857892528,1.0080149664663363
2012-01-09 05:11:00,-0.0761283657703422,0.14202930428440314,1.004011729834587
2012-01-09 05:12:00,-0.14876776612418843,0.2550775113990458,0.9598263014488092
2012-01-09 05:13:00,-0.12012858388478252,-0.03442326372325637,0.9601305364463971
2012-01-09 05:14:00,-0.13637412419018086,-0.3435622029132575,0.9632415032227053
2012-01-09 05:15:00,-0.07768738447874102,-0.2680094988161096,0.9938642673304819
2012-01-09 05:16:00,-0.11278089725790943,-0.4306659830754558,0.9287929003648235
2012-01-09 05:17:00,-0.11960971749966046,-0.11241742437112186,0.9922415549517457
2012-01-09 05:18:00,-0.12404689222419314,0.06983723013472432,1.0072867096226599
2012-01-09 05:19:00,-0.12394844196384051,0.09099586834491694,1.0032044597055687
2012-01-09 05:20:00,-0.09935385069821297,0.3103900906380263,0.9513801100647908
2012-01-09 05:21:00,-0.08500893692720576,0.43412070606558717,0.8984741004624697
2012-01-09 05:22:00,-0.08577232845142072,0.46297150551713784,0.8823152839987763
2012-01-09 05:23:00,-0.11333736439885538,-0.10709113233625903,0.9512054781316912
2012-01-09 05:24:00,-0.10435968049853299,-0.30345438954531395,0.9798591383257134
2012-01-09 05:25:00,-0.1382781621440652,-0.29988508767990146,0.9776836327551935
2012-01-09 05:26:00,-0.11164206925008445,-0.3284942618693912,0.9749546473413284
2012-01-09 05:27:00,-0.1262251061130299,-0.34640643342367927,0.9526884424108933
2012-01-09 05:28:00,-0.09508951621857656,-0.4268873736934745,0.9357239515577265
2012-01-09 05:29:00,-0.07749258791719459,-0.21901851016718718,0.9627374622918041
2012-01-09 05:30:00,-0.11483688614789898,-0.3236225450822038,0.9491704846814575
2012-01-09 05:31:00,-0.13681702262139014,-0.43240190070586354,0.934258733836493
2012-01-09 05:32:00,-0.13798650831981493,-0.443075312853622,0.9295143874043702
2012-01-09 05:33:00,-0.13608761003758998,-0.4341689626689166,0.9298729742579707
2012-01-09 05:34:00,-0.11442015195165745,-0.21423340591576281,0.968706969190722
2012-01-09 05:35:00,-0.10497501341108652,-0.3179704354135137,0.970063608924864
2012-01-09 05:36:00,-0.14866521314347614,-0.24228435338943283,0.9871226449282763
2012-01-09 05:37:00,-0.06919968260994619,-0.18949448954081882,1.010842965101172
2012-01-09 05:38:00,-0.07992327690508857,-0.2761620045849738,0.9899009241873543
2012-01-09 05:39:00,-0.0544586684707335,-0.3055938145184553,0.9841737472628327
2012-01-09 05:40:00,-0.045324825715988275,-0.33526155377246997,0.9791898174625605
2012-01-09 05:41:00,-0.0577489600295189,-0.3399572586326199,0.9782736985542855
2012-01-09 05:42:00,-0.0789059525386849,-0.33581462236098353,0.9773455390658086
2012-01-09 05:43:00,-0.09762580892796313,-0.34612647667528573,0.9721678091156007
2012-01-09 05:44:00,-0.11777611709275716,-0.2842456701334856,0.9866719210404706
2012-01-09 05:45:00,-0.11217477668081555,-0.3076860585167101,0.9814019089888267
2012-01-09 05:46:00,-0.1051655269129168,-0.3191526488567825,0.9793971862342014
2012-01-09 05:47:00,-0.13916274171582763,-0.14355931240627792,0.9982314679745402
2012-01-09 05:48:00,-0.16586937735474733,-0.24289951507442906,0.978688087936212
2012-01-09 05:49:00,-0.15220865607390555,-0.3438896584358503,0.963945292060027
2012-01-09 05:50:00,-0.1461679188199261,-0.3204222082188437,0.9711582572391875
2012-01-09 05:51:00,-0.16080499737669354,-0.21043858876883345,0.9643404455270767
2012-01-09 05:52:00,-0.09650274558554954,-0.3169468771655884,0.9782412421790581
2012-01-09 05:53:00,-0.06826152722103261,-0.3023927198259649,0.9861952784739972
2012-01-09 05:54:00,-0.08956325709204507,-0.34033008611862675,0.9744136432798792
2012-01-09 05:55:00,-0.06480389576772323,-0.3256241918302363,0.9810953335732397
2012-01-09 05:56:00,-0.07810129335839786,-0.3167347583474072,0.9816768887614258
2012-01-09 05:57:00,-0.07384940229435784,-0.2992970122747882,0.9886212571261666
2012-01-09 05:58:00,-0.06813108175318636,-0.2708391594503488,0.9952374737424443
2012-01-09 05:59:00,-0.07174082945367773,-0.24963583376756943,1.0008870010135982
2012-01-09 06:00:00,-0.09031464102077509,-0.3926572341679399,0.9333609514262607
2012-01-09 06:01:00,-0.06165742484572223,-0.42130962906395775,0.9307312016697881
2012-01-09 06:02:00,-0.11608184386700623,-0.39836373641130474,0.9307815980259592
2012-01-09 06:03:00,-0.0644203440130721,-0.35176154741159454,0.9684425793260116
2012-01-09 06:04:00,-0.0761200701599446,-0.29894053923033526,0.986895537342023
2012-01-09 06:05:00,-0.09305909043236656,-0.3755116434481022,0.9296340291856391
2012-01-09 06:06:00,-0.09018347419550296,-0.27173095321400564,0.9923987788170833
2012-01-09 06:07:00,-0.06901194933986148,-0.24495631222626663,1.0015506449124312
2012-01-09 06:08:00,-0.09804977172674315,-0.2530085645350224,0.992943777062969
2012-01-09 06:09:00,-0.12915858122676077,-0.3547683933857182,0.9588733161214738
2012-01-09 06:10:00,-0.10540697125467002,-0.37040123493097116,0.9618970297936991
2012-01-09 06:11:00,-0.11175126473042671,-0.3028388367227021,0.9780245794334619
2012-01-09 06:12:00,-0.08154436240867231,-0.28524157984120535,0.9889338770097266
2012-01-09 06:13:00,-0.10150103118945725,-0.3402744467928021,0.9658369977702819
2012-01-09 06:14:00,-0.05106196166335139,-0.4843264948103812,0.8640496174495872
2012-01-09 06:15:00,-0.07229160087661518,-0.4312906298476313,0.9011947009903627
2012-01-09 06:16:00,-0.11781003592005312,-0.35963649214996096,0.958870085957789
2012-01-09 06:17:00,-0.10439020293461544,-0.1773890736900041,0.9927124915404527
2012-01-09 06:18:00,-0.09569063237852841,-0.3292961184275521,0.9632261260961821
2012-01-09 06:19:00,-0.10288754027511333,-0.2122053573786747,1.0017733424548514
2012-01-09 06:20:00,-0.06964342262481901,-0.14949538798392195,1.0129633354526302
2012-01-09 06:21:00,-0.05509954945878686,-0.31988434510513813,0.9800646889213881
2012-01-09 06:22:00,-0.043479352968117405,-0.22762065307132942,1.0038452990356332
2012-01-09 06:23:00,-0.047802117399249916,-0.12914195544772414,1.016870624617564
2012-01-09 06:24:00,-0.006998158897475868,-0.09648590036412664,1.0222597368661466
2012-01-09 06:25:00,-0.009436978184690692,-0.1063614651142845,1.023944934537
2012-01-09 06:26:00,-0.040170726908090926,-0.032216245280912444,1.0236542971745637
2012-01-09 06:27:00,-0.024966150453073477,-0.05869892648467796,1.0235805740075916
2012-01-09 06:28:00,-0.0674930711665568,-0.05078061436317755,1.0127754830591802
2012-01-09 06:29:00,-0.07948566842833571,-0.30102718507146625,0.9843310001416165
2012-01-09 06:30:00,-0.07755494024969391,-0.2831186559862238,0.9925599485111135
2012-01-09 06:31:00,-0.04791582136350391,-0.21202440733923975,1.0088754279135164
2012-01-09 06:32:00,-0.12991295578315223,-0.2953651747318803,0.9824343911589422
2012-01-09 06:33:00,-0.14114605384516,-0.19809435895757016,0.9768153280063717
2012-01-09 06:34:00,-0.1715061694785149,-0.0058611971703501214,1.0069773489162308
2012-01-09 06:35:00,-0.21797119077578136,-0.0027785438370954074,0.9985663315002405
2012-01-09 06:36:00,-0.21457682838003336,-0.0008164997726463716,0.9991065038428967
2012-01-09 06:37:00,-0.20351998198241514,-0.015092264914338857,0.9983322413445849
2012-01-09 06:38:00,-0.04201408066852328,-0.2832908298754079,0.9743170865306925
2012-01-09 06:39:00,0.09793575216861532,0.536387400373949,0.65234229110721
2012-01-09 06:40:00,0.1151022705392235,0.9483341483174478,0.16442501237288085
2012-01-09 06:41:00,0.10834720909426848,0.9490379515645881,0.16546047325681335
2012-01-09 06:42:00,0.10532064881603996,0.9492011048425115,0.16583360551814394
2012-01-09 06:43:00,0.0954367145646194,0.9501884584148893,0.16398312791503897
2012-01-09 06:44:00,0.09033467371762291,0.9508942173501077,0.16120309817803602
2012-01-09 06:45:00,0.08760651496123255,0.9512169792213129,0.16109954918829816
2012-01-09 06:46:00,0.08578911503985209,0.9512431609954597,0.16108633839909653
2012-01-09 06:47:00,0.08489191171313677,0.9514252111094387,0.1608989308784894
2012-01-09 06:48:00,0.08476626026651668,0.9513948246059237,0.1608452269894435
2012-01-09 06:49:00,0.08369965817095773,0.9514905066451494,0.1606969102521109
2012-01-09 06:50:00,0.08197586940386463,0.9513942867917023,0.1607668906845143
2012-01-09 06:51:00,0.0794212572215167,0.9513151547628382,0.1611737849261545
2012-01-09 06:52:00,0.07689208791671068,0.9513822593100214,0.16135475146168968
2012-01-09 06:53:00,0.07618261786008008,0.9514529329879471,0.16088308953682592
2012-01-09 06:54:00,0.07624740477389173,0.9514182928628621,0.16057466693182637
2012-01-09 06:55:00,0.07292296896361478,0.9514928045786413,0.16145012833072814
2012-01-09 06:56:00,0.07026814821218866,0.9515625493047299,0.16210147052834242
2012-01-09 06:57:00,0.07015524074675906,0.9515290825924918,0.1611930788679241
2012-01-09 06:58:00,0.07340662408938618,0.9515313805259837,0.15919825936962556
2012-01-09 06:59:00,0.07244065135473719,0.9515564866716876,0.15918666366226628
2012-01-09 07:00:00,0.0705548727606954,0.9515468060157004,0.1587978544688011
2012-01-09 07:01:00,0.07024629709349643,0.9514627358744391,0.15935587008091331
2012-01-09 07:02:00,0.07021240832275988,0.9514134280887676,0.15867743899563155
2012-01-09 07:03:00,0.06977544606203437,0.9513900820623341,0.15840866810053442
2012-01-09 07:04:00,0.06969346679623929,0.9513877352366403,0.15836506089079047
2012-01-09 07:05:00,0.06945589975065018,0.95134370780878,0.1582514248928994
2012-01-09 07:06:00,0.06883583292998934,0.9513615534624934,0.15825482913726172
2012-01-09 07:07:00,0.06818231315870339,0.9513309713901706,0.15827901668030223
2012-01-09 07:08:00,0.06770660799289636,0.9512969424176101,0.1583129817547357
2012-01-09 07:09:00,0.06750892600164642,0.9513798880382266,0.1582467537280499
2012-01-09 07:10:00,0.06747481180671427,0.9513193594922064,0.15818324329416472
2012-01-09 07:11:00,0.06739780690150181,0.9512712495654828,0.1581619667669
2012-01-09 07:12:00,0.067631947499318,0.9513039828946915,0.15822979053313066
2012-01-09 07:13:00,0.05140692079571808,0.9523472691461057,0.15832203394997196
2012-01-09 07:14:00,0.04796350609501038,0.9525144071384885,0.1580386596202522
2012-01-09 07:15:00,0.0621622848741585,0.9543893741912558,0.13357716194894104
2012-01-09 07:16:00,0.059041151631741444,0.9561374904260512,0.12362516303235727
2012-01-09 07:17:00,0.05682339833899878,0.9561449464868493,0.12499132884802473
2012-01-09 07:18:00,0.05575837421280894,0.9561146088755363,0.12562403474198486
2012-01-09 07:19:00,0.055591019290005275,0.9559959963935938,0.12572616207285553
2012-01-09 07:20:00,0.05551520161888957,0.9560395348994346,0.12604126744164598
2012-01-09 07:21:00,0.0554581542691264,0.955927522864756,0.12602389805847897
2012-01-09 07:22:00,0.05541300931689021,0.9559625296813558,0.12600673176943583
2012-01-09 07:23:00,0.054559913991111396,0.9558283450330907,0.12671281266901296
2012-01-09 07:24:00,0.053951013182271954,0.9558481219287813,0.12642117917825502
2012-01-09 07:25:00,0.053954003809933405,0.9558285406018984,0.1262452222977758
2012-01-09 07:26:00,0.05349233505737157,0.9557858332634909,0.1263148448976752
2012-01-09 07:27:00,0.05337628668148346,0.9557427347874675,0.12652043417794492
2012-01-09 07:28:00,0.053311544852510925,0.9558053168059699,0.12643624682801793
2012-01-09 07:29:00,0.05318741126214112,0.9558634496340942,0.1264406278584047
2012-01-09 07:30:00,0.052638503345887176,0.955923220350984,0.12602130619061216
2012-01-09 07:31:00,0.05263749645114689,0.9559043724071304,0.12606003914138272
2012-01-09 07:32:00,0.052510236978598274,0.9559851667708608,0.12616399431936837
2012-01-09 07:33:00,0.05178020823533016,0.9559177444243651,0.1276255370040743
2012-01-09 07:34:00,0.04998342711370605,0.9557097325511481,0.1299440691935568
2012-01-09 07:35:00,0.14816982093125453,0.941091233073752,0.1593277367091801
2012-01-09 07:36:00,0.152193717963878,0.9415450016000951,0.1551649744786895
2012-01-09 07:37:00,0.15320032716685147,0.9412738698941544,0.15647327781134568
2012-01-09 07:38:00,0.14676861418804618,0.9419419573877668,0.15740955139362955
2012-01-09 07:39:00,0.14640873197393164,0.9416687722093439,0.15973359613790333
2012-01-09 07:40:00,0.14781551420891084,0.9415967784419654,0.15831907457845243
2012-01-09 07:41:00,0.1432749148634429,0.9423134892304218,0.15730299467662837
2012-01-09 07:42:00,0.14056983954468064,0.9429919418708486,0.15590005915338795
2012-01-09 07:43:00,0.14026350309115784,0.9430551105957743,0.15567075621636683
2012-01-09 07:44:00,0.1404163106392063,0.9431036849984165,0.15553078568041126
2012-01-09 07:45:00,0.14029679073070617,0.943213619114512,0.15555106607935404
2012-01-09 07:46:00,0.14369940365201264,0.9422985282166235,0.15838725617718707
2012-01-09 07:47:00,0.14352636803948018,0.9426172075889655,0.15636354895755228
2012-01-09 07:48:00,0.14337525868703846,0.9425877989294896,0.1562658510128122
2012-01-09 07:49:00,0.13856242205470018,0.9428199635504724,0.15807116435122345
2012-01-09 07:50:00,-0.7110150689822985,0.5335254219942177,0.047237836356364214
2012-01-09 07:51:00,-0.15174646133155403,0.3513502173165482,0.5405960646966118
2012-01-09 07:52:00,-0.10281662182318171,-0.12161155405653369,0.9901127223451257
2012-01-09 07:53:00,-0.16086541106111082,-0.2628250430591178,0.9643343236899136
2012-01-09 07:54:00,-0.20431236305818254,-0.42885560262147077,0.9236544449497167
2012-01-09 07:55:00,-0.21210614913984227,-0.43938297376199004,0.9172036630040711
2012-01-09 07:56:00,-0.21609548112914248,-0.43765561226692434,0.9169268166997621
2012-01-09 07:57:00,-0.23267110256999873,-0.1960969169389058,0.9478663109293204
2012-01-09 07:58:00,-0.16661739494882324,-0.20352462025989004,0.99591626266023
2012-01-09 07:59:00,-0.12246880262884768,-0.14671002368465383,1.0113764933646325
2012-01-09 08:00:00,-0.11077000823531694,-0.1628423479650777,1.009942600494222
2012-01-09 08:01:00,-0.15311474111392698,-0.11323135730316561,1.0078800926257754
2012-01-09 08:02:00,-0.12374464346275031,-0.06363967906102566,0.981947680926613
2012-01-09 08:03:00,-0.11758621975039481,-0.06435426303869708,0.9981402883840621
2012-01-09 08:04:00,-0.11111645516737449,0.01628359675327226,0.9787340645774014
2012-01-09 08:05:00,-0.04433062987205181,-0.10010250543493052,0.9573956516317904
2012-01-09 08:06:00,-0.09664737774943805,-0.11481084433341872,0.9956643485774157
2012-01-09 08:07:00,-0.08309325205654944,-0.12538378300615993,1.0087646449045085
2012-01-09 08:08:00,-0.038298744274819045,-0.05264932321409474,0.9309191411035768
2012-01-09 08:09:00,-0.05120103336374876,-0.2648440954310462,0.919439622925469
2012-01-09 08:10:00,0.008696790324341475,-0.30490044975643227,0.8955841871332932
2012-01-09 08:11:00,-0.07859070431529658,-0.42612700216867233,0.9134488685127325
2012-01-09 08:12:00,-0.05909905559344785,-0.2616527791789468,0.997843693593992
2012-01-09 08:13:00,-0.1037220756754555,-0.294959222779049,0.9762763162015664
2012-01-09 08:14:00,-0.09099905893513613,-0.2392441873796769,0.9949974648437495
2012-01-09 08:15:00,-0.07719317950061615,-0.2129805432406692,1.0076937586026802
2012-01-09 08:16:00,-0.13274115779754403,-0.2630342038990807,0.9835219408500782
2012-01-09 08:17:00,-0.10263223985947138,-0.2545379126121708,0.9947399995215489
2012-01-09 08:18:00,-0.1101440353007317,-0.21252379229000679,1.0003747299351051
2012-01-09 08:19:00,-0.08464217176098598,-0.19463034644906743,1.0048911854179254
2012-01-09 08:20:00,-0.11646798048576677,-0.20610400171232224,1.0037812953731615
2012-01-09 08:21:00,-0.1084318934504106,-0.24258051790277446,0.9982895915785678
2012-01-09 08:22:00,-0.0989066241224484,-0.1922813939444485,1.008347460560591
2012-01-09 08:23:00,-0.11859987721655027,-0.23823705691160849,0.9765444101162505
2012-01-09 08:24:00,-0.11767883903822159,-0.2929363568153681,0.9763624377812447
2012-01-09 08:25:00,-0.17872399674045028,-0.45211917235632554,0.88997914714642
2012-01-09 08:26:00,-0.1621031552059593,-0.3168723654498092,0.9664485722042087
2012-01-09 08:27:00,-0.12795970021323144,-0.2247323951330473,0.9977360440371813
2012-01-09 08:28:00,-0.12038178034126565,-0.28820175820856314,0.961299933069461
2012-01-09 08:29:00,-0.12403106744566295,-0.2551624615999423,0.9903127023591166
2012-01-09 08:30:00,-0.1497082358681767,-0.35239937063219684,0.9426981650875305
2012-01-09 08:31:00,-0.1253549687180647,-0.2632823562701027,0.9796402705582007
2012-01-09 08:32:00,-0.10249116939787316,-0.24738383449942702,0.9989032549806262
2012-01-09 08:33:00,-0.0990616257993339,-0.20266675768438983,1.009736343904688
2012-01-09 08:34:00,-0.09416529204495025,-0.20763933908421014,1.0081302175460696
2012-01-09 08:35:00,-0.08363174537496727,-0.11931797197062866,0.9912495175257308
2012-01-09 08:36:00,0.35791169105122267,0.43223950525707044,0.81213075167201
2012-01-09 08:37:00,-0.03240164731826751,0.4619607814722258,0.8889445083101318
2012-01-09 08:38:00,-0.01426331021220478,0.5328601702483188,0.8443541972816552
2012-01-09 08:39:00,0.062348815881866755,0.5530761423587204,0.81733335581682
2012-01-09 08:40:00,0.1308640204643331,0.6085577419398589,0.7763211957476407
2012-01-09 08:41:00,0.1450739502270229,0.5649947166597646,0.8069045402530851
2012-01-09 08:42:00,-0.10833461539587502,0.27523249048750875,0.8835898350222717
2012-01-09 08:43:00,-0.10291250224770465,-0.24150415607673797,1.0005192072263813
2012-01-09 08:44:00,-0.0982934252256131,-0.21917058936136782,1.0060090735027112
2012-01-09 08:45:00,-0.09667979374876344,-0.2211436097251557,1.0059892573189086
2012-01-09 08:46:00,-0.08876521035482857,-0.20167053017735737,1.0090742764031027
2012-01-09 08:47:00,-0.09326227277398881,-0.1911815149692717,1.0118794414557242
2012-01-09 08:48:00,-0.09915722068654244,-0.1821460893714054,1.011191648698446
2012-01-09 08:49:00,-0.10374368634167241,-0.1869678383281949,1.0105477436142256
2012-01-09 08:50:00,-0.10655474108891994,-0.1492284854534503,1.0128164210318673
2012-01-09 08:51:00,-0.12146563490192686,-0.17237696294490326,1.0078784872150817
2012-01-09 08:52:00,-0.10165002155446044,-0.1810841996371475,1.011094502009185
2012-01-09 08:53:00,-0.10056195907548161,-0.18360486155503195,1.01225673231102
2012-01-09 08:54:00,-0.09733376436844055,-0.1910773012408049,1.0117835230023553
2012-01-09 08:55:00,-0.10298420217018098,-0.19142580485633923,1.0103360034833466
2012-01-09 08:56:00,-0.11307737515994522,-0.18166657910073297,1.0098175138562029
2012-01-09 08:57:00,-0.12275518152692119,-0.17347977545219737,1.0078731003852244
2012-01-09 08:58:00,-0.1797406899191063,-0.49900620732462486,0.8824655349658604
2012-01-09 08:59:00,-0.051973922760737784,-0.4487356119661396,0.9223830080361212
2012-01-09 09:00:00,-0.06780586978035309,0.06406149653339131,1.0092682603048642
2012-01-09 09:01:00,-0.13174795382006818,-0.2477606711459942,0.9856232977230803
2012-01-09 09:02:00,-0.09319565241005305,-0.2366175271679543,0.9992150915011367
2012-01-09 09:03:00,-0.10735029313170527,-0.270620073493389,0.9933510678217082
2012-01-09 09:04:00,-0.11091488085168073,-0.24832931190083035,0.9982328219353661
2012-01-09 09:05:00,-0.10799801198702477,-0.25895187615855575,0.9959754694329184
2012-01-09 09:06:00,-0.11102899057948679,-0.2600147192907517,0.9956676270968443
2012-01-09 09:07:00,-0.10789122103143542,-0.28255612675663205,0.9906814342477628
2012-01-09 09:08:00,-0.11546424168421714,-0.2976973816573297,0.9858837997859906
2012-01-09 09:09:00,-0.11576689620921203,-0.2944849439739858,0.9868524717166094
2012-01-09 09:10:00,-0.12646327428980722,-0.3005736365600319,0.9835412541341452
2012-01-09 09:11:00,-0.12557139097410777,-0.2942599420605894,0.9856073983545245
2012-01-09 09:12:00,-0.1188354154443791,-0.2803832595173536,0.9901687956656171
2012-01-09 09:13:00,-0.11475597388996302,-0.26470907961534784,0.9948705503586154
2012-01-09 09:14:00,-0.11521595947519779,-0.268352477612823,0.9933298783347823
2012-01-09 09:15:00,-0.10844200748265259,-0.21927450973662288,0.9965010093275057
2012-01-09 09:16:00,-0.11963774524131175,-0.24227679954423081,0.9868061855986598
2012-01-09 09:17:00,-0.13652592484348902,-0.3168944647250928,0.9763642656283598
2012-01-09 09:18:00,-0.11938423319095481,-0.28252104660172944,0.9899882643317759
2012-01-09 09:19:00,-0.11448505909170675,-0.2732589567556003,0.9931015231703394
2012-01-09 09:20:00,-0.12056052670008631,-0.2914271278793241,0.9875857188730441
2012-01-09 09:21:00,-0.12385218583232495,-0.2878358489691329,0.9880879996548715
2012-01-09 09:22:00,-0.11391132445737885,-0.2517317935731728,0.9954682950498202
2012-01-09 09:23:00,-0.14517216003490024,-0.18958452453071872,0.9982431507222383
2012-01-09 09:24:00,-0.1402826942043421,-0.20615841873309804,1.000139866087549
2012-01-09 09:25:00,-0.1041779585403306,-0.1821105447405842,1.0092535504876052
2012-01-09 09:26:00,-0.11412660456416429,-0.1833223624121367,1.008515042226247
2012-01-09 09:27:00,-0.11128723653795106,-0.18293335160728275,1.0107112827397011
2012-01-09 09:28:00,-0.11352401563280128,-0.17532848739251503,1.0106307510840042
2012-01-09 09:29:00,-0.11364759317682196,-0.16808738116029157,1.0120202050258778
2012-01-09 09:30:00,-0.10827086543336308,-0.1692661965955245,1.0129290318879902
2012-01-09 09:31:00,-0.11304468865158512,-0.172184425453605,1.012267351232355
2012-01-09 09:32:00,-0.12596997100846472,-0.13958408303413505,1.0111071518717587
2012-01-09 09:33:00,-0.11226943981468232,0.05663049298877512,0.9484964926534549
2012-01-09 09:34:00,-0.08569742750536706,0.22605319352275716,0.8826910371414202
2012-01-09 09:35:00,-0.1401445542572865,-0.14007173385643296,1.0075588847621195
2012-01-09 09:36:00,-0.1527456916491919,-0.1990635490769216,0.9874921891934181
2012-01-09 09:37:00,-0.1362325277387929,-0.17904989289820916,1.0065255515309135
2012-01-09 09:38:00,-0.12960041265011094,-0.17111691311612232,1.0092976122413408
2012-01-09 09:39:00,-0.12745344255478253,-0.14511836249611393,1.0136719985489253
2012-01-09 09:40:00,-0.11149355979003184,-0.15809337505089802,1.0136107318215517
2012-01-09 09:41:00,-0.12784413274229395,-0.15619225067008474,1.0107423851541026
2012-01-09 09:42:00,-0.1240859807797079,-0.15745626076722405,1.0129299313048246
2012-01-09 09:43:00,-0.11858220395961626,-0.15885866024199666,1.0135542909974078
2012-01-09 09:44:00,-0.11649967512766629,-0.16340392379673138,1.0128717109893093
2012-01-09 09:45:00,-0.14137287567075946,-0.1498522277198896,1.0091708041388432
2012-01-09 09:46:00,-0.12860931263179387,-0.16422746404645924,1.0112241824428634
2012-01-09 09:47:00,-0.12305786610847548,-0.16416884229631537,1.0118997315258158
2012-01-09 09:48:00,-0.13978196695282494,-0.1701201722409693,1.0067315276571334
2012-01-09 09:49:00,-0.12656862253054482,-0.17716052709196606,1.0087186682633191
2012-01-09 09:50:00,-0.12410590827859778,-0.16297159450094542,1.0108592513156784
2012-01-09 09:51:00,-0.13141633980008022,-0.15719515196268408,1.0104867186655708
2012-01-09 09:52:00,-0.1410666293869149,-0.15982354784757605,1.0074627438723291
2012-01-09 09:53:00,0.17983128038917282,0.28984812977109053,0.9025847932280543
2012-01-09 09:54:00,0.20629094127940759,0.44151460042891955,0.8781664869070905
2012-01-09 09:55:00,0.15590878384854753,0.4456169739722461,0.8875848898621727
2012-01-09 09:56:00,0.13188495161786615,0.4508259002763162,0.8885474109421823
2012-01-09 09:57:00,0.12125079061525289,0.46801226709258426,0.8804960345350069
2012-01-09 09:58:00,0.12984194716154238,0.4701773849178528,0.8778518457534402
2012-01-09 09:59:00,0.12468703682654092,0.4529494597299232,0.888319461965987
2012-01-09 10:00:00,-0.16518856622751568,0.0031667968128190503,0.9405215570060524
2012-01-09 10:01:00,-0.14824903499358374,-0.20246131265177544,0.9981902688808366
2012-01-09 10:02:00,-0.1420123890853596,-0.16933660136633955,1.008497276325981
2012-01-09 10:03:00,-0.13923577915519775,-0.16939893892383198,1.0091131640922533
2012-01-09 10:04:00,-0.14239015495232402,-0.18401279364204243,1.0055201582484654
2012-01-09 10:05:00,-0.14504135388834105,-0.17112683823311914,0.9999225166903911
2012-01-09 10:06:00,-0.15711862047798236,-0.14906665226497967,1.004091700563656
2012-01-09 10:07:00,-0.1906426698943564,-0.20928886419376364,0.9877820528639536
2012-01-09 10:08:00,-0.1996224427255579,-0.2643510420204323,0.9514204097416599
2012-01-09 10:09:00,-0.1518224142571871,-0.19074991905651506,0.9991087765628545
2012-01-09 10:10:00,-0.14029866926566936,-0.24464455110050137,0.9837765144988005
2012-01-09 10:11:00,-0.16070376688459534,-0.19447433143262943,0.9968291707471177
2012-01-09 10:12:00,-0.1578027678833087,-0.24597507903840032,0.9829613913969917
2012-01-09 10:13:00,-0.17067533103498037,-0.4241408542486595,0.9248522263943816
2012-01-09 10:14:00,-0.1880138330385416,-0.28012589096626317,0.9463997295761122
2012-01-09 10:15:00,-0.1370746373921068,-0.09451977380081437,1.0005195263742903
2012-01-09 10:16:00,-0.18231011998524416,-0.23881831185454896,0.9811288441036816
2012-01-09 10:17:00,-0.09784344847466238,-0.16199423938386753,0.9858551731856708
2012-01-09 10:18:00,-0.1961639546603053,-0.273211653550209,0.9711169130782527
2012-01-09 10:19:00,-0.20752728779424343,0.04431232272115378,0.9920474646673477
2012-01-09 10:20:00,-0.16870413169909088,-0.00616215311948334,1.004244543398607
2012-01-09 10:21:00,-0.15317518485490367,-0.19066394211937743,0.9858934999481935
2012-01-09 10:22:00,-0.20853630152196978,-0.34621062015485005,0.9250192568045583
2012-01-09 10:23:00,-0.23145818514322422,-0.37788834227733054,0.9216283586274879
2012-01-09 10:24:00,-0.1647174146304595,-0.2914669994700183,0.9692113002560857
2012-01-09 10:25:00,-0.12170626771657594,-0.3846944545887615,0.9570017360717817
2012-01-09 10:26:00,-0.15041776603792611,-0.3938902221629388,0.9465041779826844
2012-01-09 10:27:00,-0.17179429165703428,-0.27654861967193195,0.9554623696530307
2012-01-09 10:28:00,-0.19466686749257403,-0.32223329760975705,0.9482386114718577
2012-01-09 10:29:00,-0.2014498815377818,-0.29754950719251716,0.9692733213330624
2012-01-09 10:30:00,-0.1911348310264413,-0.32357538855341833,0.96284888359663
2012-01-09 10:31:00,-0.19540783682346793,-0.27859519835356095,0.9671329897305707
2012-01-09 10:32:00,-0.18611239497704635,-0.29555169848233814,0.9643907355006115
2012-01-09 10:33:00,-0.16746187907033064,-0.22868266503609216,0.9904501970809905
2012-01-09 10:34:00,-0.1971626589881535,-0.31924835534210916,0.9455913956207305
2012-01-09 10:35:00,-0.19747637432701182,-0.2021204117736451,0.9753435048905374
2012-01-09 10:36:00,-0.293619944027593,-0.3435668721185442,0.9301686019331651
2012-01-09 10:37:00,-0.2883746686467207,-0.3120850121570949,0.9415196582423379
2012-01-09 10:38:00,-0.30849786579492544,-0.2672109424815806,0.9434709479000826
2012-01-09 10:39:00,-0.3263327669054486,-0.18572502300060303,0.9525679689108312
2012-01-09 10:40:00,-0.21338807642702576,-0.1482971623445129,0.9701349143046472
2012-01-09 10:41:00,-0.29202436151467004,-0.1449383169624151,0.930746385373336
2012-01-09 10:42:00,-0.18690116926568442,-0.40908281387568907,0.9312094786604013
2012-01-09 10:43:00,-0.2155681237659866,-0.3680025590569641,0.9439520972218766
2012-01-09 10:44:00,-0.238089338422005,-0.4080788614007477,0.9233894071180399
2012-01-09 10:45:00,-0.23019274387887795,-0.4623975110661877,0.9012111709566953
2012-01-09 10:46:00,-0.21030135794513496,-0.4334021373734564,0.9201667675870382
2012-01-09 10:47:00,-0.2114604591022831,-0.44423073337021957,0.9147414852421055
2012-01-09 10:48:00,-0.16312452217960383,-0.4694020034870506,0.9124528949291738
2012-01-09 10:49:00,-0.2031549300400818,-0.4381348536304861,0.9183416477359732
2012-01-09 10:50:00,-0.21991323524904166,-0.4008309835985535,0.9273682337703268
2012-01-09 10:51:00,-0.2132158373133177,-0.13917673765354804,0.9892292919196484
2012-01-09 10:52:00,-0.19211808628275193,-0.3675016584479364,0.9411721545252124
2012-01-09 10:53:00,-0.1881067829485219,-0.3233011766387544,0.9524299519469244
2012-01-09 10:54:00,-0.27164753208987064,-0.04630932471000055,0.9565872306360701
2012-01-09 10:55:00,-0.32525937202746263,0.4011766514663744,0.8579199659984073
2012-01-09 10:56:00,-0.3302812370022287,0.40703735971470495,0.8528029418489453
2012-01-09 10:57:00,-0.3352524566743863,0.4085363946266414,0.8500187438468283
2012-01-09 10:58:00,-0.3395292195413394,0.4097904796067839,0.8475277847461629
2012-01-09 10:59:00,-0.34684531672427094,0.4108793089443189,0.8438971581337116
2012-01-09 11:00:00,-0.3639033760002424,0.411437168968624,0.8361443977866965
2012-01-09 11:01:00,-0.3807956432944997,0.4122365564705861,0.8280637177987883
2012-01-09 11:02:00,-0.402462094485692,0.41213486069052,0.817643548242042
2012-01-09 11:03:00,-0.421195852033698,0.41106363254568873,0.8086262948662385
2012-01-09 11:04:00,-0.4426217455516397,0.4109110888755896,0.7971653839783386
2012-01-09 11:05:00,-0.4599453845865719,0.41008236605245446,0.7878383056809659
2012-01-09 11:06:00,-0.4720656771410109,0.40860826616351503,0.7814905988387689
2012-01-09 11:07:00,-0.4799686136181738,0.4080269378822716,0.777054143098464
2012-01-09 11:08:00,-0.48417938730893884,0.40756392872975894,0.7746532997619133
2012-01-09 11:09:00,-0.4875468039991743,0.40713749094430857,0.7728296595966082
2012-01-09 11:10:00,-0.4385991559793506,0.32664396093251,0.8142701451730724
2012-01-09 11:11:00,-0.23226179234393185,0.014993722681298813,0.986672191832636
2012-01-09 11:12:00,-0.21336255840808535,-0.08277586689125398,0.98176078597689
2012-01-09 11:13:00,-0.1646877788628797,-0.1753378258030884,0.9948579198383392
2012-01-09 11:14:00,-0.1261747764042952,-0.10876131440113844,1.0140576162633008
2012-01-09 11:15:00,-0.23717848941731684,-0.40837248351958766,0.8666102184924495
2012-01-09 11:16:00,-0.18525351376358082,-0.29239477789431395,0.9493597587337747
2012-01-09 11:17:00,-0.1615850101782631,-0.1330252919262928,1.0035185205902935
2012-01-09 11:18:00,-0.18787648959031042,-0.1426529487664385,1.0005381239933495
2012-01-09 11:19:00,-0.18797952347597327,-0.19094529229552673,0.9756644613043257
2012-01-09 11:20:00,-0.19654232165845792,-0.21977416359450072,0.9586833747598924
2012-01-09 11:21:00,-0.2181449627740194,-0.4930058385014102,0.8345580295849878
2012-01-09 11:22:00,-0.20019970900561665,-0.27736133029892684,0.9481300431559152
2012-01-09 11:23:00,-0.19679270782663608,-0.20255785030453535,0.9775305384703752
2012-01-09 11:24:00,-0.19174014007643106,-0.2556597930782273,0.9524359770725999
2012-01-09 11:25:00,-0.17446483198903268,-0.2963179859635769,0.9686299675043212
2012-01-09 11:26:00,-0.1330805714946993,-0.19612987028302337,1.0029812399211155
2012-01-09 11:27:00,-0.13931049976189494,-0.17130189676221858,1.0061800884261756
2012-01-09 11:28:00,-0.1409700576615255,-0.16795718122648573,1.0056681848513354
2012-01-09 11:29:00,-0.14040065117175288,-0.15604276276260773,1.007930111807145
2012-01-09 11:30:00,-0.16938035920101224,-0.25325532347828866,0.9784256226301044
2012-01-09 11:31:00,-0.20022883381168646,-0.36459909954058245,0.9458680678443618
2012-01-09 11:32:00,-0.2010959655507105,-0.2742837373085744,0.9574448777789619
2012-01-09 11:33:00,-0.22595322108903582,0.10996804728368763,0.9791438118079249
2012-01-09 11:34:00,-0.12713335522532893,-0.22479871740499907,0.9867824429284623
2012-01-09 11:35:00,-0.2219991304156457,-0.3693843260225117,0.9370628253916026
2012-01-09 11:36:00,-0.20076780803505487,-0.24906335497487983,0.9699682997538669
2012-01-09 11:37:00,-0.20639241222398108,-0.38294560497093666,0.9408425230909895
2012-01-09 11:38:00,-0.20905827876099095,-0.32224036253293953,0.9606643548443201
2012-01-09 11:39:00,-0.2217459940722814,-0.3058632105512266,0.9627147737768209
2012-01-09 11:40:00,-0.2409577711411692,-0.2825282582015178,0.9627144352866144
2012-01-09 11:41:00,-0.2410612408469436,-0.24626882338774517,0.9664714347998694
2012-01-09 11:42:00,-0.2438435164385545,-0.333096851530918,0.9447106247611613
2012-01-09 11:43:00,-0.22729506612740627,-0.392170610081883,0.9325170179723058
2012-01-09 11:44:00,-0.22514626258195378,-0.4118270109409112,0.9252916833938856
2012-01-09 11:45:00,-0.21673280041490553,-0.37921950581385483,0.9399002920810714
2012-01-09 11:46:00,-0.21946776698200263,-0.3182190767065552,0.9589224745706041
2012-01-09 11:47:00,-0.22867547373150182,-0.340406749091292,0.9496201350717509
2012-01-09 11:48:00,-0.22169267373588525,-0.30949037633765275,0.9590224258930045
2012-01-09 11:49:00,-0.24566069093573936,-0.22670042849223576,0.9736490229168779
2012-01-09 11:50:00,-0.24097060529203798,-0.240652551703088,0.9721977123075566
2012-01-09 11:51:00,-0.2635093729787527,-0.2512296462129954,0.9652697268688094
2012-01-09 11:52:00,-0.1900780724540896,-0.24891841404218462,0.9727110472124129
2012-01-09 11:53:00,-0.14706088417176436,-0.20989001826289977,0.9866595516412109
2012-01-09 11:54:00,-0.12198095461303834,-0.013384655868862986,0.9692456038207258
2012-01-09 11:55:00,-0.21775397202091387,-0.2835721800515572,0.9648114594849737
2012-01-09 11:56:00,-0.22964460240488901,-0.3398797400464204,0.9503135467664569
2012-01-09 11:57:00,-0.19702355723119672,-0.20962106225994603,0.9743882081586491
2012-01-09 11:58:00,-0.22113862614797195,-0.32776158777699643,0.9562109165667985
2012-01-09 11:59:00,-0.16601975032148344,-0.17507686367515427,0.993076571606547
2012-01-09 12:00:00,-0.14290897625260696,0.13290379480443495,0.9759494990716316
2012-01-09 12:01:00,-0.16152357457082583,-0.027377017361924046,0.9974977662741139
2012-01-09 12:02:00,-0.14484452850903431,-0.08094803192117106,1.0125707254977037
2012-01-09 12:03:00,-0.15930452884602847,0.008593440092194265,0.9936910280428033
2012-01-09 12:04:00,-0.17355524535983982,-0.05172716739302389,1.0035694198462
2012-01-09 12:05:00,-0.17131848129326932,-0.05971517534841096,1.0072252301300137
2012-01-09 12:06:00,-0.1814880280004984,-0.04193968194468772,1.0037166727571691
2012-01-09 12:07:00,-0.15332934494812564,0.13919832356071113,0.9693717639562568
2012-01-09 12:08:00,-0.1306166549803758,0.3209879154415625,0.9274101775424847
2012-01-09 12:09:00,-0.15387136991227435,0.14482464259287003,0.9349130257344781
2012-01-09 12:10:00,-0.1536466520458337,-0.28493441458242386,0.9803087113468169
2012-01-09 12:11:00,-0.17477787105530426,-0.3497776729789726,0.9599057112512503
2012-01-09 12:12:00,-0.17882715085235082,-0.40253441236076226,0.9390561555329926
2012-01-09 12:13:00,-0.14976879983539104,-0.36166182716984063,0.9607138227702106
2012-01-09 12:14:00,-0.16055677528079304,-0.4152425957233776,0.9340189086896247
2012-01-09 12:15:00,-0.15510457551665166,-0.3159023930552265,0.9722281280703963
2012-01-09 12:16:00,-0.16023312624904915,-0.32188765418803705,0.9682066129674971
2012-01-09 12:17:00,-0.1616792675485778,-0.40331822769640174,0.9318182001054448
2012-01-09 12:18:00,-0.1513538475242403,-0.3842715614879528,0.9327507212820112
2012-01-09 12:19:00,-0.10418470623791849,-0.3974717226327391,0.9428667235392109
2012-01-09 12:20:00,-0.12742310045805655,-0.3270636515940907,0.9637738709483148
2012-01-09 12:21:00,-0.11508871503092888,-0.4534649791073354,0.9206377235180427
2012-01-09 12:22:00,-0.11872590437016302,-0.34374689320614205,0.9680019424463593
2012-01-09 12:23:00,-0.14698942470176332,-0.36121077216070585,0.9614575534518975
2012-01-09 12:24:00,-0.15515655833615397,-0.34992532742887633,0.9632941529565368
2012-01-09 12:25:00,-0.15570970422728495,-0.32716754752324473,0.9704434916480268
2012-01-09 12:26:00,-0.15984832714718242,-0.3234773352423978,0.9708892542365202
2012-01-09 12:27:00,-0.18340823638334613,-0.35747286553685204,0.9528121847592351
2012-01-09 12:28:00,-0.1851215203829249,-0.35497352061901993,0.9558150377635922
2012-01-09 12:29:00,-0.18423465651264717,-0.3355928962251182,0.9622640305467178
2012-01-09 12:30:00,-0.1734872874790102,-0.3521419531889044,0.9515542971250475
2012-01-09 12:31:00,-0.16682042700764846,-0.2920434385310663,0.9608947119365557
2012-01-09 12:32:00,-0.10418616398104996,-0.09131173641564638,0.9928421719741312
2012-01-09 12:33:00,-0.1559027124235464,-0.25799757371469956,0.9610507269082986
2012-01-09 12:34:00,-0.18338703148068128,-0.3648637530297642,0.951935069593896
2012-01-09 12:35:00,-0.17597911150874737,-0.34525903122820234,0.9588822329206275
2012-01-09 12:36:00,-0.19665380143731548,-0.37421898252061736,0.9467364112777787
2012-01-09 12:37:00,-0.2126571760435347,-0.26685950533392905,0.9564789911391851
2012-01-09 12:38:00,-0.22814804122694746,-0.3421994550142703,0.9504338848704363
2012-01-09 12:39:00,-0.2115973517021231,-0.3375477775819808,0.9546967338194099
2012-01-09 12:40:00,-0.15713829249611724,-0.26380107808674297,0.9713905388900257
2012-01-09 12:41:00,-0.1609154552325311,-0.0895892885868772,1.004942394150592
2012-01-09 12:42:00,-0.08794846843765805,0.04126550737193199,1.0113564160598136
2012-01-09 12:43:00,-0.15743030699908042,-0.12417000964652923,0.9953855970568017
2012-01-09 12:44:00,-0.1995072359333333,-0.0715671584703926,1.0018216788563372
2012-01-09 12:45:00,-0.11057641393614695,-0.24941063628536528,0.9844703613952005
2012-01-09 12:46:00,-0.18773878546336625,-0.29694358613369043,0.9700106207008262
2012-01-09 12:47:00,-0.19704153105372485,-0.32715478665853454,0.9582413645771166
2012-01-09 12:48:00,-0.19598414129362554,-0.35562588926970373,0.9503364964024564
2012-01-09 12:49:00,-0.1968036033294228,-0.09798735544005979,1.0027132620602166
2012-01-09 12:50:00,-0.1927815547752031,-0.114659938552085,1.00321557185549
2012-01-09 12:51:00,-0.21360939790225292,-0.03978473369742574,0.9990822679441124
2012-01-09 12:52:00,-0.26618557897220013,0.026105013389765105,0.9846955637651487
2012-01-09 12:53:00,-0.2545376252489141,-0.01301371073263136,0.9904501487252466
2012-01-09 12:54:00,-0.2455644348042238,-0.008769305342625941,0.9930045215483096
2012-01-09 12:55:00,-0.24645510082926708,-0.0006311983272374047,0.9926542035268962
2012-01-09 12:56:00,-0.24104454442819045,0.009273872866800226,0.9934413189819056
2012-01-09 12:57:00,-0.24081770757431126,-0.004118679092678464,0.993949286399202
2012-01-09 12:58:00,-0.2501541916526093,0.04867424051855773,0.9865632946976355
2012-01-09 12:59:00,-0.2532225455766997,-0.0014740998889394073,0.9851506396698947
2012-01-09 13:00:00,-0.21769928411106454,0.03617487575049163,0.9956158574375497
2012-01-09 13:01:00,-0.20810458413086158,0.143011035253556,0.9842154782697179
2012-01-09 13:02:00,-0.1879361668890221,0.13272286921110096,0.9897425978110586
2012-01-09 13:03:00,-0.11043818381941312,-0.23268830535785098,0.9801787020940808
2012-01-09 13:04:00,-0.2228264822982885,-0.4939123488178555,0.8576311854965325
2012-01-09 13:05:00,-0.2543841113717195,-0.583218527109313,0.8246978678969976
2012-01-09 13:06:00,-0.18147030965872527,-0.3765076753863269,0.9314366249312498
2012-01-09 13:07:00,-0.16889075287647737,-0.2621120725241109,0.9844238238273831
2012-01-09 13:08:00,-0.17763151594723797,-0.25628866902587183,0.983132696454919
2012-01-09 13:09:00,-0.1653241814235807,-0.29112688086711924,0.9734694103421686
2012-01-09 13:10:00,-0.07491765750068444,0.0373106660480043,1.0023418706056622
2012-01-09 13:11:00,-0.07325865564740298,0.07009611434407538,1.0027397319943636
2012-01-09 13:12:00,-0.07673869426575369,0.056768197875581024,1.010775837657652
2012-01-09 13:13:00,-0.09310587346709066,0.12022770917240297,0.9935960767043103
2012-01-09 13:14:00,-0.10498847874970291,0.10902379218733317,0.9853620993374598
2012-01-09 13:15:00,-0.10024627503198182,-0.1477545566872177,1.0126987134803496
2012-01-09 13:16:00,-0.06926694918990929,0.016715486019240628,1.0012751332266505
2012-01-09 13:17:00,-0.09430897742721729,-0.1259337713859503,1.0130959655866794
2012-01-09 13:18:00,-0.08185607898632978,-0.228400092554894,0.9812774219620307
2012-01-09 13:19:00,-0.1421058349285702,-0.2010440499476086,1.0014993491394255
2012-01-09 13:20:00,-0.1582004762774427,-0.2343900228929913,0.9875279144169253
2012-01-09 13:21:00,-0.15833299564788833,-0.26784842345676924,0.9861140795090361
2012-01-09 13:22:00,-0.1589980421097086,-0.3127748566805772,0.9743278118346635
2012-01-09 13:23:00,-0.16077704477644078,-0.2783036052611021,0.9794637237376473
2012-01-09 13:24:00,-0.15664275000109856,-0.17365121595835212,1.0025316185442683
2012-01-09 13:25:00,-0.15803762983855077,-0.21420651520468767,0.99753529033129
2012-01-09 13:26:00,-0.1541254229807007,-0.16534306186456457,1.0053574701840804
2012-01-09 13:27:00,-0.15111853472060705,-0.180550590145012,1.0035800194252373
2012-01-09 13:28:00,-0.152130839641589,-0.17380945556997907,1.0046728495635944
2012-01-09 13:29:00,-0.16367936626634155,-0.1859608056445304,1.0007076882445005
2012-01-09 13:30:00,-0.16271008731015726,-0.13651546176284138,1.0062184151886984
2012-01-09 13:31:00,-0.1705194276613125,-0.1867519059182612,0.9989965138680869
2012-01-09 13:32:00,-0.18093144063331476,-0.17959773002111348,0.9985782560266575
2012-01-09 13:33:00,-0.18756806420590846,-0.1670634073286497,0.9989482064800472
2012-01-09 13:34:00,-0.1742634680692548,-0.17131900903290276,1.0004109677294963
2012-01-09 13:35:00,-0.1714168413839437,-0.17113285197395958,1.001080182210013
2012-01-09 13:36:00,-0.16651530784478183,-0.1805613464294421,1.0010211495180024
2012-01-09 13:37:00,-0.17051427296137342,-0.18166085871310425,0.9977886840998639
2012-01-09 13:38:00,-0.19142824315941714,-0.24766670033383692,0.9809974035209295
2012-01-09 13:39:00,-0.1844982224821273,-0.24498713875959918,0.9826243615339698
2012-01-09 13:40:00,-0.15260244208703636,-0.18798550506578462,1.0030678547293805
2012-01-09 13:41:00,-0.17814431090735888,-0.20168270433564411,0.9921384508348505
2012-01-09 13:42:00,-0.14399981896333136,-0.471010361362558,0.9089711169672368
2012-01-09 13:43:00,-0.2259453763270294,-0.6115671792006863,0.7811785108683906
2012-01-09 13:44:00,-0.2660004305662249,-0.6340175738326276,0.7569653586260024
2012-01-09 13:45:00,-0.17912361372610688,-0.19972381381822119,0.9951653946707606
2012-01-09 13:46:00,-0.17543627501749456,-0.2011141369191109,0.9958234970013558
2012-01-09 13:47:00,-0.17369010914191954,-0.19670088230965432,0.9970955238550256
2012-01-09 13:48:00,-0.20559050321888017,-0.2078633387074664,0.9853607840612288
2012-01-09 13:49:00,-0.2023618576634479,-0.20261832995835352,0.9896015924621859
2012-01-09 13:50:00,-0.1985325918812941,-0.3063311089239348,0.9677404442551271
2012-01-09 13:51:00,-0.14822760466672327,-0.010016374291787901,0.9048052696402927
2012-01-09 13:52:00,-0.20259617860062057,-0.05181871804118438,0.9140268937316225
2012-01-09 13:53:00,-0.23040270397464754,-0.5471851942834808,0.7931317605971961
2012-01-09 13:54:00,-0.02557951466098554,-0.648436422003341,0.8219699076249007
2012-01-09 13:55:00,-0.1006655039226545,-0.5388580455692337,0.864542778338137
2012-01-09 13:56:00,-0.2259095489082108,-0.24317145350170202,0.9736663632865986
2012-01-09 13:57:00,-0.198655748633483,-0.20155714916102402,0.9904606515927964
2012-01-09 13:58:00,-0.18431155621990167,-0.19293877404583273,0.9956449482530099
2012-01-09 13:59:00,-0.19243349981721705,-0.26727154436590367,0.970459507070368
2012-01-09 14:00:00,-0.2792109947567594,-0.5075322495164244,0.8407222940775679
2012-01-09 14:01:00,-0.19533029090018608,-0.2915113446971914,0.9719608465322076
2012-01-09 14:02:00,-0.2050095700385732,-0.2842438611220133,0.9711517872406692
2012-01-09 14:03:00,-0.17214937984992268,-0.296627742509062,0.9723909708731614
2012-01-09 14:04:00,-0.185500834162699,-0.31012015679103344,0.9622449977259647
2012-01-09 14:05:00,-0.19935361685818073,-0.37772528678381107,0.9323662641054865
2012-01-09 14:06:00,-0.041460333646204085,-0.49827546447420734,0.9162123509142129
2012-01-09 14:07:00,-0.039064375012710165,-0.5788396192717298,0.8697174522053376
2012-01-09 14:08:00,-0.18056401422278792,-0.5411592792847446,0.8508705109312762
2012-01-09 14:09:00,-0.19884605173939743,-0.3497195157047473,0.9506557990498072
2012-01-09 14:10:00,-0.21598102575090317,-0.28331151127683485,0.9693024314908201
2012-01-09 14:11:00,-0.22503416664362827,-0.27657106119262925,0.969066726253322
2012-01-09 14:12:00,-0.19619441698326895,-0.2711032017870061,0.9780360010601437
2012-01-09 14:13:00,-0.2269773232095868,-0.28937174860134324,0.9644192267048487
2012-01-09 14:14:00,-0.23709926032670792,-0.31728117759645486,0.9425030303190668
2012-01-09 14:15:00,-0.20175204012954642,-0.2742098367453196,0.973232215747762
2012-01-09 14:16:00,-0.18926146579143646,-0.3558125596967674,0.9491857941099393
2012-01-09 14:17:00,-0.18296508247138182,-0.28698444016429075,0.9758145865464758
2012-01-09 14:18:00,-0.18550176591604076,-0.3011114507815355,0.9715420664487454
2012-01-09 14:19:00,-0.18692653700182776,-0.3066502772182962,0.9688849763547376
2012-01-09 14:20:00,-0.31504495087703205,0.01580978242412759,0.8894485782544792
2012-01-09 14:21:00,-0.3981975646384193,0.10828341757313054,0.9089232737943372
2012-01-09 14:22:00,-0.5753589058267821,0.17973497043200082,0.8117928707478975
2012-01-09 14:23:00,-0.4870655533981558,0.016800876249954813,0.878334358707209
2012-01-09 14:24:00,-0.48875788797582465,0.11343083748714149,0.8654519436904559
2012-01-09 14:25:00,-0.14344760482554214,0.5258672408332181,0.6365275064182385
2012-01-09 14:26:00,-0.11561380312384915,0.9118566787290574,0.3170624224528608
2012-01-09 14:27:00,-0.1206215114591324,0.9151305005719557,0.30521353409028873
2012-01-09 14:28:00,-0.05141160961898628,0.7135780206162183,0.5147457997349888
2012-01-09 14:29:00,-0.20163531548107153,-0.17157417743490525,0.9811075482341194
2012-01-09 14:30:00,-0.15308889247283303,-0.2937312217886494,0.9730987925795148
2012-01-09 14:31:00,-0.15709233601677694,-0.2554321509859254,0.9840850241441388
2012-01-09 14:32:00,-0.17758592014661062,-0.28390498927026403,0.9725171793644362
2012-01-09 14:33:00,-0.20709444328215726,-0.30248299927687455,0.9656274046344269
2012-01-09 14:34:00,-0.1780456352228107,-0.31162574325803183,0.9672906101130073
2012-01-09 14:35:00,-0.1941912825530046,-0.2616972710827257,0.9803104231401468
2012-01-09 14:36:00,-0.20483703035927106,-0.24948143219379593,0.9806011475429216
2012-01-09 14:37:00,-0.2067733791145228,-0.2624350788563257,0.9772052687242414
2012-01-09 14:38:00,-0.18158719961827688,-0.24797631020271618,0.9851939374028784
2012-01-09 14:39:00,-0.18624743909848257,-0.21100810958330476,0.9924572118978712
2012-01-09 14:40:00,-0.1778473821569319,-0.19058265883362743,0.9973871283323374
2012-01-09 14:41:00,-0.1968958168536975,-0.16798174955796805,0.9970683769404656
2012-01-09 14:42:00,-0.20106655520732625,-0.1972564688465685,0.9918698733627286
2012-01-09 14:43:00,-0.20580095924788006,-0.21400708391291373,0.9876593936842725
2012-01-09 14:44:00,-0.19370600437302501,-0.26451047949100714,0.9758671589111171
2012-01-09 14:45:00,-0.16336171351820028,-0.2561890511643888,0.9909371007362947
2012-01-09 14:46:00,-0.1549486571147041,-0.2673807450989699,0.9893426377830769
2012-01-09 14:47:00,-0.16150692323691182,-0.2676185567692784,0.9882849235858553
2012-01-09 14:48:00,-0.16386110325282363,-0.27616794498751135,0.9854446135786519
2012-01-09 14:49:00,-0.16310617265008304,-0.28049815619194757,0.9847867433556268
2012-01-09 14:50:00,-0.185167026013874,-0.2661541130902251,0.9821447789382743
2012-01-09 14:51:00,-0.16253222761983926,0.06271119169980165,0.92612029774821
2012-01-09 14:52:00,-0.13637975979507053,0.47447584063711934,0.8689081511350802
2012-01-09 14:53:00,-0.13211554554167176,0.4852491151073707,0.8628904915865028
2012-01-09 14:54:00,-0.13105624719004982,0.4905310374689595,0.8596825908862066
2012-01-09 14:55:00,-0.13467432055749817,0.49684879002116417,0.8552320539533118
2012-01-09 14:56:00,-0.13257500513711684,0.5102548362283824,0.8463796356369174
2012-01-09 14:57:00,-0.14608105536322663,0.44015065467098446,0.8511425216612069
2012-01-09 14:58:00,-0.22816813403691408,0.3344235169848625,0.9017343220775397
2012-01-09 14:59:00,-0.11807181352424827,0.5716896725500511,0.8040645493937906
2012-01-09 15:00:00,-0.11888460300385616,0.5746452061582232,0.8019047594400005
2012-01-09 15:01:00,-0.12766711463563946,0.5357914777704221,0.8246477810175867
2012-01-09 15:02:00,-0.13903636891178164,0.5510097378891986,0.8166670426809303
2012-01-09 15:03:00,-0.13506159932551637,0.5523948539705802,0.8161480308117537
2012-01-09 15:04:00,-0.13537008482303708,0.5527879472742974,0.8152257707240183
2012-01-09 15:05:00,-0.13562848106429842,0.592218530306863,0.7844560148262888
2012-01-09 15:06:00,-0.13795924702042864,0.5940818121233632,0.7822772694209356
2012-01-09 15:07:00,-0.1392315111237613,0.5954757288010967,0.7809457359889659
2012-01-09 15:08:00,-0.13986659119584824,0.5949428037997886,0.7817228708184583
2012-01-09 15:09:00,-0.14171240959415235,0.601118866750728,0.7756202308857558
2012-01-09 15:10:00,-0.15156953339457777,0.6060369088992676,0.769846603433756
2012-01-09 15:11:00,-0.15413852764060415,0.606736580755343,0.767903195762248
2012-01-09 15:12:00,-0.15517795860645503,0.606411447612343,0.7682823434781053
2012-01-09 15:13:00,-0.15551329963981,0.606117874385705,0.7688741984397172
2012-01-09 15:14:00,-0.15705955933873864,0.6087992694175159,0.7656536768902934
2012-01-09 15:15:00,-0.15684726985961464,0.609716976048209,0.7646657400313512
2012-01-09 15:16:00,-0.15753909671587063,0.6098766579797936,0.7646431772413019
2012-01-09 15:17:00,-0.1580122019892886,0.6103177878719314,0.7645976358018065
2012-01-09 15:18:00,-0.15820558589254266,0.6106014115354716,0.7645473458282718
2012-01-09 15:19:00,-0.15839435611392708,0.6106358560917488,0.7644351605026942
2012-01-09 15:20:00,-0.1590013633595236,0.6107936312274572,0.7642344841659928
2012-01-09 15:21:00,-0.15987612946463817,0.6110027187291173,0.7640062450553351
2012-01-09 15:22:00,-0.16052102300337298,0.6110703855366227,0.7636155306455649
2012-01-09 15:23:00,-0.16088941122380096,0.611079895069903,0.7632770404390806
2012-01-09 15:24:00,-0.16106193587482343,0.6110411479998538,0.7629560743541436
2012-01-09 15:25:00,-0.16925944166249948,0.6249052408010862,0.7481929884078671
2012-01-09 15:26:00,-0.11792922520639973,0.6319226896554672,0.7524423654466226
2012-01-09 15:27:00,-0.11950863729035933,0.6337969477713062,0.7506494601920662
2012-01-09 15:28:00,-0.12221670323678306,0.6377479266112794,0.7465315720918066
2012-01-09 15:29:00,-0.1253780371274131,0.6375606694777922,0.7463442516115383
2012-01-09 15:30:00,-0.12855082256717892,0.6362249345203851,0.7469335340475809
2012-01-09 15:31:00,-0.1324887578398853,0.6340112178463734,0.7478409489219748
2012-01-09 15:32:00,-0.13540612263777158,0.6351380608709283,0.7462864084708246
2012-01-09 15:33:00,-0.13520806493952897,0.6349860061228486,0.746467007502707
2012-01-09 15:34:00,-0.10872142828722234,0.632985606125966,0.7529047817532749
2012-01-09 15:35:00,-0.10053732772504384,0.6508368824427193,0.7371897259502824
2012-01-09 15:36:00,-0.08112239837109318,0.6760194466582019,0.7150976597243601
2012-01-09 15:37:00,-0.0838945449021824,0.6796006293286895,0.7108269578025961
2012-01-09 15:38:00,-0.08343138834992969,0.6795659158653015,0.7111376627987023
2012-01-09 15:39:00,-0.08684569327284727,0.6736035118369048,0.7168149365956392
2012-01-09 15:40:00,-0.09911810207446825,0.669406116299079,0.7192990872075801
2012-01-09 15:41:00,-0.10335926294679833,0.6700216691216908,0.7178085697611991
2012-01-09 15:42:00,-0.10565821403479138,0.6706489560727719,0.7174446734469311
2012-01-09 15:43:00,-0.10654292886107118,0.6715593288731716,0.716421282156647
2012-01-09 15:44:00,-0.10583440558606205,0.6735570642450477,0.7140459609816653
2012-01-09 15:45:00,-0.10262582278403702,0.668984665518228,0.7192095323700931
2012-01-09 15:46:00,-0.11101191845374102,0.6756061364289764,0.7113107473480008
2012-01-09 15:47:00,-0.17189005185531955,0.28123175923617943,0.9256858600749107
2012-01-09 15:48:00,-0.22324093219601476,0.302025319374375,0.9343879693973286
2012-01-09 15:49:00,-0.2350503798130192,0.33087357643142407,0.9198402115781197
2012-01-09 15:50:00,-0.23641554874149304,0.33793654392582495,0.9168932288001301
2012-01-09 15:51:00,-0.11809653504436428,0.5362308964354916,0.8231164029677088
2012-01-09 15:52:00,-0.1082968643572541,0.6059623971834884,0.7771412317930179
2012-01-09 15:53:00,-0.11116188565692509,0.6154040436412967,0.768752293609639
2012-01-09 15:54:00,-0.11889865444538106,0.6256300676950672,0.7578728121849913
2012-01-09 15:55:00,-0.12164167617040046,0.6353536754815493,0.7484300185927448
2012-01-09 15:56:00,-0.12390050175157906,0.6372927402110795,0.746616262341469
2012-01-09 15:57:00,-0.12450068615818914,0.6379923876210538,0.7458293209671373
2012-01-09 15:58:00,-0.1258660504542992,0.6384294839065304,0.7447607267275642
2012-01-09 15:59:00,-0.12600153039584686,0.6395305362945541,0.7441376629689145
2012-01-09 16:00:00,-0.1261358231032978,0.6411796702664919,0.7428596883587593
2012-01-09 16:01:00,-0.1271358499197601,0.6411141547158724,0.741890000957521
2012-01-09 16:02:00,-0.06797323973143646,0.42534592479634226,0.8464937745345439
2012-01-09 16:03:00,-0.09858226876155836,0.1893116327055076,0.9874585432668935
2012-01-09 16:04:00,-0.08292628786901812,0.12325501653304477,0.9997176430751293
2012-01-09 16:05:00,-0.05874590604864152,0.1358457852726655,1.0058606503827423
2012-01-09 16:06:00,-0.11358238547117855,0.24222883629411307,0.9622595431336948
2012-01-09 16:07:00,-0.09952204720468016,0.14356007023540823,1.0023435147009507
2012-01-09 16:08:00,-0.07369052332130824,-0.023328914162767438,1.0197652284538874
2012-01-09 16:09:00,-0.07677590428630522,0.12082837431951957,1.0069252020821349
2012-01-09 16:10:00,-0.1145975908501437,0.01950378385062603,1.0140298117106255
2012-01-09 16:11:00,-0.12644342193231586,-0.04307940806445776,1.0160405886043724
2012-01-09 16:12:00,-0.13604399796988378,0.047064831460708216,1.008483959154143
2012-01-09 16:13:00,-0.15712114522897294,-0.018814990509485787,1.0111953527484197
2012-01-09 16:14:00,-0.14944360289083747,0.08277136880867413,1.0031960554772992
2012-01-09 16:15:00,-0.1235939999869795,-0.007637353082966733,1.0107933230946042
2012-01-09 16:16:00,-0.12217001037173718,-0.07181648425426147,1.016472743886565
2012-01-09 16:17:00,-0.11381497815618503,-0.06265322999438415,1.0184288884609858
2012-01-09 16:18:00,-0.0722228615252409,0.008562980250376379,1.0171430125222962
2012-01-09 16:19:00,-0.06860657652307753,0.20882052579123794,0.9889302116443478
2012-01-09 16:20:00,-0.0774440766303043,0.02379343897354069,1.011179762856624
2012-01-09 16:21:00,-0.08841986048718953,0.03419811513325418,1.018302360821802
2012-01-09 16:22:00,-0.0913105350603183,0.14197838305606714,0.9903357196931575
2012-01-09 16:23:00,-0.11084019030154298,0.21984229487792487,0.9757935227844837
2012-01-09 16:24:00,-0.11395496658164447,0.10065102704866223,1.0077365727782261
2012-01-09 16:25:00,-0.11969851960444197,0.04060800504004286,1.0103596977978004
2012-01-09 16:26:00,-0.10338885362953905,0.0430524929072816,1.0111871709565716
2012-01-09 16:27:00,-0.10332868039759706,0.0631767921390179,1.013137358103358
2012-01-09 16:28:00,-0.09350029066796908,0.13424725472975094,1.0007349898974407
2012-01-09 16:29:00,-0.11264304284816821,0.05611189340263979,1.0108152089042406
2012-01-09 16:30:00,-0.1058526799741843,0.23147377416908996,0.980552840154882
2012-01-09 16:31:00,-0.09908998416313873,0.2632231967057373,0.9678252118739795
2012-01-09 16:32:00,-0.07768209452428458,-0.006032515445999994,0.9989766106439456
2012-01-09 16:33:00,-0.077435510510872,-0.05876053065914111,1.0240141702909489
2012-01-09 16:34:00,-0.07142592688072262,-0.08567145865982934,1.0242073708296613
2012-01-09 16:35:00,-0.08169918374620135,-0.1041074857119629,1.0163831890490782
2012-01-09 16:36:00,-0.07889181092748176,-0.06665104756383017,1.024148521889477
2012-01-09 16:37:00,-0.08144712943897586,-0.07536070442007116,1.0235349068431623
2012-01-09 16:38:00,-0.0797296826059186,-0.0810554725349669,1.0235565218606335
2012-01-09 16:39:00,-0.08417839904926533,-0.07679605723896132,1.0231852754733106
2012-01-09 16:40:00,-0.08053826416720887,-0.08481041809120209,1.0234727890546984
2012-01-09 16:41:00,-0.06958697640624406,-0.0937539752415952,1.0228826458864162
2012-01-09 16:42:00,-0.09642709322551059,-0.05993959055538383,1.0204761159143967
2012-01-09 16:43:00,-0.11352451156603156,-0.11904525126812437,1.0122055139072048
2012-01-09 16:44:00,-0.09511799480861903,-0.11377767876780934,1.0112543564269842
2012-01-09 16:45:00,-0.09254040438660094,-0.06668358532423113,1.0170052470082571
2012-01-09 16:46:00,-0.09063519422689957,-0.11413175609436653,1.0107058668963975
2012-01-09 16:47:00,-0.035845918630918426,0.082668597400165,1.0054286208254835
2012-01-09 16:48:00,-0.0767522347457686,-0.04757155024176851,1.007672578786903
2012-01-09 16:49:00,-0.06471055512247059,-0.09853032778886964,1.0209761916743076
2012-01-09 16:50:00,-0.08061898105750866,-0.0021675624353663424,1.0197492033603976
2012-01-09 16:51:00,-0.06411725366796575,-0.009370752764973808,1.0229854501976998
2012-01-09 16:52:00,-0.07919628387432104,-0.03326530081215717,1.0173920155893348
2012-01-09 16:53:00,-0.0939099465444692,-0.06941265025294821,1.015689148729703
2012-01-09 16:54:00,-0.08587165035199626,-0.06154044347789125,1.0128322333600845
2012-01-09 16:55:00,-0.12112637148756868,-0.09156460688415698,1.0045325695508787
2012-01-09 16:56:00,-0.17373758347751012,-0.5146566256164806,0.8562526696239027
2012-01-09 16:57:00,-0.1298746637264619,-0.24123101979051706,0.9854902323873371
2012-01-09 16:58:00,-0.11312218949002789,-0.14895508026011864,0.990889276905693
2012-01-09 16:59:00,-0.06938155485094565,-0.008240242825272266,1.0227421531084278
2012-01-09 17:00:00,-0.02627095078196918,-0.04378832054670244,1.0199688158063644
2012-01-09 17:01:00,-0.08239850971403052,0.060009237497068546,0.9702858132386978
2012-01-09 17:02:00,-0.037657743060528034,-0.16984471357515554,1.017255352586254
2012-01-09 17:03:00,-0.09708871323955795,0.01913420769604915,1.0178653022671897
2012-01-09 17:04:00,-0.09898976056578082,0.0029023388924451447,1.0193151718753461
2012-01-09 17:05:00,-0.09730089752072398,-0.08023809270268534,1.0191970194509858
2012-01-09 17:06:00,-0.09292673637299767,-0.09904533379816129,1.0196123082497468
2012-01-09 17:07:00,-0.09260320756749144,-0.09651809587911392,1.0196914569311717
2012-01-09 17:08:00,-0.09434104777610947,-0.09146508680707784,1.0197695417862331
2012-01-09 17:09:00,-0.10415717442949748,-0.11588478599545848,1.0169855855628347
2012-01-09 17:10:00,-0.10863352787922317,-0.12020196742807374,1.0163975990607257
2012-01-09 17:11:00,-0.10788008507617344,-0.10247414392125648,1.017658397710689
2012-01-09 17:12:00,-0.10441274535417415,-0.06324250325844524,1.0147358926102024
2012-01-09 17:13:00,-0.06022238944489616,0.019602472760271942,1.009759322554134
2012-01-09 17:14:00,-0.08413816834449293,-0.08676383268200609,1.0138548026027243
2012-01-09 17:15:00,-0.0781886377200479,0.04720304971563464,1.0152705040423236
2012-01-09 17:16:00,-0.0817751216435547,-0.008076233933814646,1.0198467755802039
2012-01-09 17:17:00,-0.07393150178639056,-0.017689418682181688,1.0197741259107436
2012-01-09 17:18:00,-0.08363164017700933,-0.12941083811237497,1.0143373058853442
2012-01-09 17:19:00,-0.06883484106352875,-0.06929313326526952,1.0213607842469148
2012-01-09 17:20:00,-0.0506009090702575,-0.03375317164936387,1.014866366078079
2012-01-09 17:21:00,-0.06086388659241747,-0.05210214613591678,1.0217630846928956
2012-01-09 17:22:00,-0.06815569807534444,-0.10836372301484141,1.0065557641996292
2012-01-09 17:23:00,-0.048785372655560565,0.02684184331932601,1.0176737941795098
2012-01-09 17:24:00,-0.044328841506766824,0.12089897465914239,1.0102910132993306
2012-01-09 17:25:00,-0.04152073230234165,0.12394006962073548,1.0104447555511156
2012-01-09 17:26:00,-0.0598824046731121,0.18334641737549848,0.9776460796845713
2012-01-09 17:27:00,0.040881669736132685,-0.00033224695838433675,1.0212280380590806
2012-01-09 17:28:00,0.04216760957399762,-0.07696453976689782,1.023419539709644
2012-01-09 17:29:00,-0.011690694150769315,-0.15338246471594016,1.0168049768598035
2012-01-09 17:30:00,-0.049957082539381796,0.30172333668900075,0.9479398310021687
2012-01-09 17:31:00,-0.02275640723341399,0.1051367643475169,1.008475535583576
2012-01-09 17:32:00,-0.08048184800519333,0.17573842405980566,0.9812279250226938
2012-01-09 17:33:00,-0.0680055355045242,0.22666451716989994,0.9771295339583279
2012-01-09 17:34:00,-0.08933374520437826,0.07835078036892433,1.008898493603301
2012-01-09 17:35:00,-0.13440895119445337,0.05576705670225207,1.0103777925171242
2012-01-09 17:36:00,-0.034463091473790265,0.2661538930753163,0.9615965278595312
2012-01-09 17:37:00,0.023525133796924502,0.3996594531014118,0.8978605241007502
2012-01-09 17:38:00,-0.09455072233456463,-0.08107314706597359,1.0198392030707275
2012-01-09 17:39:00,-0.08532971555752582,-0.022731402562676944,1.020479887662412
2012-01-09 17:40:00,-0.029739703162260833,-0.0638681278746598,1.0252030736210551
2012-01-09 17:41:00,-0.034312658393935325,-0.05945986026980262,1.0235806997325254
2012-01-09 17:42:00,-0.03996184884846017,-0.06263391757461197,1.024462892250962
2012-01-09 17:43:00,-0.028271365093606733,0.05797764427533871,1.0114920442499775
2012-01-09 17:44:00,-0.03701033979908236,-0.04284509218658903,1.0234792203686214
2012-01-09 17:45:00,-0.020090420470166463,-0.005945389542116413,1.0224087982819337
2012-01-09 17:46:00,-0.03137351761875537,-0.09814508168356621,1.0211087927949107
2012-01-09 17:47:00,-0.049645441103122856,-0.1394869586749517,1.0168276653747867
2012-01-09 17:48:00,-0.06433638101435586,-0.11509769488228798,1.0194689818251725
2012-01-09 17:49:00,-0.07065117397705009,-0.1314067889188797,1.017434259167104
2012-01-09 17:50:00,-0.08341418096966656,-0.12306602372638821,1.0186051451470763
2012-01-09 17:51:00,-0.05889116940027767,-0.04400853102430718,1.0185507255930224
2012-01-09 17:52:00,-0.022105712778712747,-0.05834695152280484,1.0232570160547878
2012-01-09 17:53:00,-0.03600700676108478,-0.08870419305488814,1.0219226973319762
2012-01-09 17:54:00,-0.03951623029862412,-0.02832745732182579,1.0191603561260492
2012-01-09 17:55:00,-0.0018576306261528532,0.014923635709796502,1.0231428578148638
2012-01-09 17:56:00,-0.04873845436631909,-0.11539821080160359,1.0170757013269496
2012-01-09 17:57:00,-0.02499661277603711,-0.041042314470007994,1.019823874299948
2012-01-09 17:58:00,-0.024190330541541835,-0.03312380677969977,1.0223301041445003
2012-01-09 17:59:00,-0.0724492475307289,-0.045574694929527614,1.015637398412706
2012-01-09 18:00:00,-0.04887641397401823,-0.05207975350742145,1.012981662279524
2012-01-09 18:01:00,-0.04040958638573473,-0.1252841162524749,1.0173357391747195
2012-01-09 18:02:00,-0.03922006799046213,-0.11168277014454793,1.0169736223518229
2012-01-09 18:03:00,-0.054475154493570745,-0.017932217357089584,1.0236351096154306
2012-01-09 18:04:00,0.09436579935278488,-0.03308244397684595,0.9924856740886621
2012-01-09 18:05:00,0.12423443012664169,-0.1756092264161399,1.0048435550102988
2012-01-09 18:06:00,0.05759257575090047,-0.24626906784875496,1.0038682970273767
2012-01-09 18:07:00,0.05576730101095417,-0.3425612573087364,0.9807377815325561
2012-01-09 18:08:00,0.05468515967417944,-0.3387183302350834,0.9821704848516697
2012-01-09 18:09:00,0.038230681196031534,-0.3455901292198407,0.9803047268335292
2012-01-09 18:10:00,0.031110101932072306,-0.3631139011217993,0.9748121816489936
2012-01-09 18:11:00,0.04255168731843846,-0.37601638209498334,0.969935698311408
2012-01-09 18:12:00,0.06705580834023717,-0.38469222999357255,0.965158682738785
2012-01-09 18:13:00,-0.030454703625823146,-0.17220263779883316,0.9963499072993312
2012-01-09 18:14:00,-0.008338801673469879,-0.20008397822392174,0.986981784646635
2012-01-09 18:15:00,-0.006323103601371538,-0.37120648949716784,0.9717253443888335
2012-01-09 18:16:00,-0.009161329478327113,-0.26066953255153336,0.9911941695413963
2012-01-09 18:17:00,-0.011917591117767315,-0.4357923304504242,0.9463812189973919
2012-01-09 18:18:00,-0.01009112914372427,-0.4502052626647011,0.9401037440374659
2012-01-09 18:19:00,0.014461202599370606,-0.4370869226198863,0.9455877302553517
2012-01-09 18:20:00,-0.060755577780577844,-0.2578003914642156,0.967078840968682
2012-01-09 18:21:00,-0.07673910002930574,-0.3434235446285135,0.9701353398351924
2012-01-09 18:22:00,-0.0983648095542156,-0.010796302697372025,1.0110041638086489
2012-01-09 18:23:00,-0.13484187084793806,-0.15613223549218513,0.9997866370503596
2012-01-09 18:24:00,-0.13710093688159192,-0.23603451210574344,0.9904057388101558
2012-01-09 18:25:00,-0.15875598160848747,-0.28033976990371473,0.9827097867909377
2012-01-09 18:26:00,-0.16026803694280572,-0.26905845656295035,0.984749809238525
2012-01-09 18:27:00,-0.13597644585260626,-0.3392578801297564,0.9671839179999234
2012-01-09 18:28:00,-0.1290649700724734,-0.2426981525406779,0.9889445152733589
2012-01-09 18:29:00,-0.09840978919537503,-0.16321187522745265,1.0119139577856366
2012-01-09 18:30:00,-0.0805176002826134,-0.08646764372256346,1.013722849449088
2012-01-09 18:31:00,-0.051673642703936415,-0.015686060707080784,1.0099891090485928
2012-01-09 18:32:00,-0.08005286576099159,-0.22535843533297842,0.9949573682610042
2012-01-09 18:33:00,-0.05202076590858073,-0.1751891935091456,1.0072878024624694
2012-01-09 18:34:00,-0.03588545803482436,-0.10387735011736132,1.0238185036093037
2012-01-09 18:35:00,-0.0264862158604749,-0.08239252758182679,1.0254044172670205
2012-01-09 18:36:00,-0.04277942586909999,-0.12183046889078662,1.0221893792589418
2012-01-09 18:37:00,-0.05291191283857459,-0.1310286566289607,1.021135253057909
2012-01-09 18:38:00,-0.047654043759308776,-0.14553142826432966,1.0148289774169856
2012-01-09 18:39:00,-0.0383931218713714,-0.1634236273541192,1.0102270966771976
2012-01-09 18:40:00,-0.0017513506320735142,-0.10938358990151908,1.0253042628504963
2012-01-09 18:41:00,-0.015068946230672708,-0.12063867257593466,1.0239814044389615
2012-01-09 18:42:00,-0.1450072096368495,0.14081509089495484,0.8461487369603514
2012-01-09 18:43:00,-0.21148148366559147,0.7053418847359103,0.653576909957489
2012-01-09 18:44:00,-0.21192357056969666,0.7074198033189925,0.6507858164263084
2012-01-09 18:45:00,-0.21208144264800596,0.7070135091207475,0.6513469751617667
2012-01-09 18:46:00,-0.21245050714102073,0.7067939831339699,0.6516436473210268
2012-01-09 18:47:00,-0.22143354110891836,0.708831956788055,0.6464951822669569
2012-01-09 18:48:00,-0.22062978362541363,0.7085506799502086,0.647363912546324
2012-01-09 18:49:00,-0.22048519654636425,0.7084714745830417,0.6474160980650151
2012-01-09 18:50:00,-0.22049699374593332,0.7080373118296825,0.6474603242282795
2012-01-09 18:51:00,-0.22080435212247607,0.707826586439257,0.6474564944533718
2012-01-09 18:52:00,-0.22052520182694105,0.7079590843065546,0.6474613783834939
2012-01-09 18:53:00,-0.22056184077286378,0.7077239128151517,0.6474949759542746
2012-01-09 18:54:00,-0.22094367930362846,0.7073792227913699,0.6476030316993332
2012-01-09 18:55:00,-0.22954424355301375,0.7100297423976464,0.6418027699036574
2012-01-09 18:56:00,-0.2848049412550858,0.7066091706105807,0.6233356436547175
2012-01-09 18:57:00,-0.27853859946616305,0.7064590715505792,0.6260450449923504
2012-01-09 18:58:00,-0.07532200839444839,0.011172894882929432,0.9537507020480306
2012-01-09 18:59:00,-0.06938860311412766,-0.20321241910430718,1.0060128259084287
2012-01-09 19:00:00,-0.06431454492394334,-0.15887205670533228,1.0139419589953196
2012-01-09 19:01:00,-0.036168094891251126,-0.09276016789855947,1.023109734130372
2012-01-09 19:02:00,-0.03090307235084536,-0.06851374267390689,1.0258682939171353
2012-01-09 19:03:00,-0.017729207219352332,-0.08492377466143446,1.025855866490983
2012-01-09 19:04:00,-0.015117728026597698,-0.0987367506655231,1.0253125993807246
2012-01-09 19:05:00,-0.012870293881436092,-0.0885947967530141,1.0261610299188515
2012-01-09 19:06:00,-0.023737288021531123,-0.08908371877256284,1.0255159449544828
2012-01-09 19:07:00,-0.14485032942500076,0.32277113627736165,0.7445195572910187
2012-01-09 19:08:00,-0.2031798168712746,0.7946112227531948,0.5346829309237967
2012-01-09 19:09:00,-0.24700103314613928,0.777379215066402,0.5328235752061331
2012-01-09 19:10:00,-0.33950358129616137,0.7483054671739369,0.5369315310366196
2012-01-09 19:11:00,-0.3392553592002608,0.7553356280008261,0.5267120765011696
2012-01-09 19:12:00,-0.3372342810040278,0.7551156130920292,0.5285537823723523
2012-01-09 19:13:00,-0.33391430859282345,0.756172173576274,0.5288887135960939
2012-01-09 19:14:00,-0.33715518716793624,0.7556847183227839,0.527638669263548
2012-01-09 19:15:00,-0.3385356098003115,0.7557903254790066,0.5268778399908594
2012-01-09 19:16:00,-0.3336882682377687,0.7573565138303279,0.5273783509524642
2012-01-09 19:17:00,-0.3350772269330168,0.7572101550237759,0.5269953637905506
2012-01-09 19:18:00,-0.3354638594850076,0.7570962361932211,0.527096108147149
2012-01-09 19:19:00,-0.3368692140334148,0.7564347247007718,0.5271485741291541
2012-01-09 19:20:00,-0.33870921648747276,0.7553082483677315,0.5273549274301755
2012-01-09 19:21:00,-0.3396169696665415,0.755053031073527,0.5272915620635217
2012-01-09 19:22:00,-0.3397637659027076,0.7556940078411554,0.5258578142603425
2012-01-09 19:23:00,-0.3404476277707196,0.75556982164819,0.5255175155490409
2012-01-09 19:24:00,-0.3403513866674837,0.7555531982995253,0.5258322244007323
2012-01-09 19:25:00,-0.34039961241705957,0.7554089663037584,0.5256877471094561
2012-01-09 19:26:00,-0.3383261756943316,0.7555683548821314,0.5271930033865422
2012-01-09 19:27:00,-0.33937540509855063,0.7555590653637599,0.5266962738441011
2012-01-09 19:28:00,-0.40800366742924365,0.7184314761659756,0.5304215906740293
2012-01-09 19:29:00,-0.25903228314332144,0.4985081669094116,0.7512385878897286
2012-01-09 19:30:00,-0.03122521855461865,-0.12472982535891251,1.0155268958670123
2012-01-09 19:31:00,-0.04997601817181109,-0.1877404329034858,1.0028322945591137
2012-01-09 19:32:00,-0.021685537106418597,-0.17886855172115854,1.0162962067371604
2012-01-09 19:33:00,-0.005186695146579197,-0.08613935703253747,1.0260466105579111
2012-01-09 19:34:00,-0.0032485730543221395,-0.09722703280745956,1.0260929933873482
2012-01-09 19:35:00,-0.008220063235514441,-0.09879415011061812,1.0256783332132564
2012-01-09 19:36:00,-0.014950162707878151,-0.14810005343233185,1.018614419778734
2012-01-09 19:37:00,0.004967943507181735,0.007477328905968433,1.002087886897014
2012-01-09 19:38:00,0.008584649301176878,0.1530409526852854,1.0076707992955318
2012-01-09 19:39:00,0.00433173631411687,0.15277121440710034,1.007383846640772
2012-01-09 19:40:00,0.007716360384615516,0.13590047120055204,1.0108025783839643
2012-01-09 19:41:00,0.004302791847403521,0.14495711601406677,1.009193705419099
2012-01-09 19:42:00,0.007042777859922354,0.1390161023240253,1.010490886930685
2012-01-09 19:43:00,-0.0015221092534414113,0.1744087761815419,0.9985612734894407
2012-01-09 19:44:00,-0.006441406219215507,0.2578530728118219,0.980166603486986
2012-01-09 19:45:00,-0.029255672329496784,0.41869257616991923,0.8780768643715622
2012-01-09 19:46:00,0.016145091283844833,0.782747529948845,0.5910092389954087
2012-01-09 19:47:00,-0.0024057721001417955,0.7976312940679472,0.5688913411311574
2012-01-09 19:48:00,-0.006450107593165159,0.801024901805635,0.5641021399111009
2012-01-09 19:49:00,-0.010844406635697228,0.8024637993091669,0.5619865664494264
2012-01-09 19:50:00,-0.012670778440062041,0.8031482901365351,0.560180102244313
2012-01-09 19:51:00,-0.016952741091793337,0.32092464893223294,0.7755547765509706
2012-01-09 19:52:00,-0.028884038000652333,-0.11535694578315368,1.021589168424804
2012-01-09 19:53:00,-0.05080249841423095,-0.09728176762754805,1.023167374176962
2012-01-09 19:54:00,-0.04970801885981776,-0.10371634809632393,1.0230028099097181
2012-01-09 19:55:00,-0.007894625838485584,-0.05959903192266717,1.0231875481932684
2012-01-09 19:56:00,-0.04399564951740978,-0.17735208673922523,0.9675445841505067
2012-01-09 19:57:00,-0.07742007646761416,-0.18970489713193162,1.0101957428129285
2012-01-09 19:58:00,-0.09334043485673862,-0.1807119344114631,1.0095367410654987
2012-01-09 19:59:00,-0.05839455989739989,-0.23865408294818258,0.983751533921562
2012-01-09 20:00:00,-0.043856397477655934,-0.11722074096777439,1.021969089832562
2012-01-09 20:01:00,-0.047602842410351155,-0.16095899589967502,1.0171986893256886
2012-01-09 20:02:00,-0.039127689155110654,-0.0630991024301116,1.0216746420375158
2012-01-09 20:03:00,-0.056965821345770544,-0.16868750849318664,1.0109442993978448
2012-01-09 20:04:00,-0.06930477536992877,-0.17014899419402169,1.0004070702565475
2012-01-09 20:05:00,-0.06394481918662154,0.4773502620822483,0.8518106626442115
2012-01-09 20:06:00,-0.025842404357878906,0.6197879873756814,0.7735699473493378
2012-01-09 20:07:00,-0.022198392179658348,0.6263327464215627,0.7680615318096925
2012-01-09 20:08:00,-0.0179970412202689,0.6352378009629163,0.7601726500439271
2012-01-09 20:09:00,-0.016467357713855768,0.6389570307656234,0.7563235811945084
2012-01-09 20:10:00,-0.014234020095058196,0.6462805936964438,0.7498314841013742
2012-01-09 20:11:00,-0.012735324901398405,0.6452191439920035,0.7503684359514943
2012-01-09 20:12:00,-0.012665789051199718,0.6450920242669209,0.7504532035703467
2012-01-09 20:13:00,-0.012168969152406044,0.6450548661934351,0.7505186288916857
2012-01-09 20:14:00,-0.011849588152098621,0.646352954155337,0.7498236021151374
2012-01-09 20:15:00,-0.012583373965293172,0.6473533374995356,0.7483689549594951
2012-01-09 20:16:00,-0.01385744146219054,0.6481477868891005,0.7474854084802326
2012-01-09 20:17:00,-0.013998977800459658,0.6483932257429139,0.7470832724437808
2012-01-09 20:18:00,-0.01425360194351484,0.6487648064777709,0.7470325375974032
2012-01-09 20:19:00,-0.012436277163532912,0.6492302602403813,0.74697360161688
2012-01-09 20:20:00,-0.011850008943930384,0.6492855084285903,0.7470096846728911
2012-01-09 20:21:00,-0.011803466361681555,0.6493534685893075,0.7469821218989345
2012-01-09 20:22:00,-0.011661899966853023,0.6496028188192774,0.7469324121943252
2012-01-09 20:23:00,-0.011884108110582818,0.6495245912961496,0.7469711644873932
2012-01-09 20:24:00,-0.012063786222745228,0.649107076337556,0.7471691329024426
2012-01-09 20:25:00,-0.012996110639132958,0.6477669166358719,0.7472670726259016
2012-01-09 20:26:00,-0.014101545809451667,0.6482260144122282,0.7470870828763909
2012-01-09 20:27:00,-0.01466121397397495,0.6486323086104732,0.7470374118563765
2012-01-09 20:28:00,-0.014272612717342663,0.650812411895641,0.7453856086621803
2012-01-09 20:29:00,-0.014762369324674613,0.6522689105918765,0.7441145585945348
2012-01-09 20:30:00,-0.015363214975591757,0.6513321360024213,0.7443292967815284
2012-01-09 20:31:00,-0.016011925697371837,0.6513204018739521,0.7442004770800892
2012-01-09 20:32:00,-0.016419778180307244,0.6514098746035295,0.7441356416988244
2012-01-09 20:33:00,-0.016505379261511414,0.6520215160499849,0.7440332048911935
2012-01-09 20:34:00,-0.016422693666570166,0.6522684216698571,0.7439430311001862
2012-01-09 20:35:00,-0.016696779431844343,0.6518997744671173,0.7440628759755791
2012-01-09 20:36:00,-0.016900788328850426,0.6514734344660709,0.7441244134951178
2012-01-09 20:37:00,-0.01685066901603162,0.6515585068974723,0.7441075179982399
2012-01-09 20:38:00,-0.01689399554642341,0.6515668185718047,0.7441029145314317
2012-01-09 20:39:00,-0.017435103785510043,0.6511761698781852,0.7441543843851148
2012-01-09 20:40:00,-0.017553301205396072,0.6510612732035913,0.7441807382654768
2012-01-09 20:41:00,-0.017721798277457377,0.6509669112538183,0.7442081463010533
2012-01-09 20:42:00,-0.01793743906295574,0.6510656735017673,0.7441772856653708
2012-01-09 20:43:00,-0.01761814823232655,0.6512040384332995,0.7441567441454116
2012-01-09 20:44:00,-0.017936236800579278,0.6508711803223908,0.7445072362475027
2012-01-09 20:45:00,-0.019254622694329013,-0.2861739541324848,0.9737184907783971
2012-01-09 20:46:00,-0.06340964711801868,-0.24035941850626755,0.9993036115257067
2012-01-09 20:47:00,-0.05260622260107914,-0.1400057049376929,1.0196872886660573
2012-01-09 20:48:00,-0.06058318838407274,-0.15708235765277417,1.0143098978497678
2012-01-09 20:49:00,-0.04640298455864097,-0.17652089485989142,1.004959299318619
2012-01-09 20:50:00,-0.06049289847960036,-0.23868637624757377,1.000589294041421
2012-01-09 20:51:00,-0.035931925475674656,-0.18122332239781008,1.0146253900645086
2012-01-09 20:52:00,-0.034619265356492825,-0.13563924016550716,1.0219083066626262
2012-01-09 20:53:00,-0.0417942319647073,-0.05402568759132635,1.020736966138662
2012-01-09 20:54:00,-0.040496434814154485,-0.08160903004549996,1.0241731543053603
2012-01-09 20:55:00,-0.07076423172527674,-0.17771058881005933,1.0074621829457013
2012-01-09 20:56:00,-0.11074253654001474,-0.18796746384326324,1.008141842266875
2012-01-09 20:57:00,-0.0460512777286864,-0.1973433747355433,1.0097316437263923
2012-01-09 20:58:00,-0.05939309891417132,-0.2148163231935698,1.004715750779479
2012-01-09 20:59:00,-0.03031955430642899,-0.18534950644348863,1.0154064126958013
2012-01-09 21:00:00,-0.0331856426139591,-0.17576690376744436,1.0162498432500209
2012-01-09 21:01:00,-0.04929137483325447,-0.1469387658514997,1.0165467088322564
2012-01-09 21:02:00,-0.04990194378114125,-0.10017163900849471,1.010876601356548
2012-01-09 21:03:00,-0.10459580482927036,0.02263701616680306,1.0052144532362666
2012-01-09 21:04:00,-0.08642458584721137,-0.13338462516456015,1.0173374412969007
2012-01-09 21:05:00,-0.06215018710899534,-0.13895711388236676,1.0188087808552972
2012-01-09 21:06:00,-0.07071917694271879,-0.09220873719881145,1.0221589828383997
2012-01-09 21:07:00,-0.08723669905423248,-0.16618068306845543,1.011378388909789
2012-01-09 21:08:00,-0.04514686082771232,-0.2632390377791707,0.9552302524117214
2012-01-09 21:09:00,-0.14452737169412336,0.1761785516618034,0.9366415985075051
2012-01-09 21:10:00,-0.1146014531180281,0.34812875902194357,0.9142001813750449
2012-01-09 21:11:00,-0.09277565707711538,0.4003795130057022,0.907028250880059
2012-01-09 21:12:00,-0.1524875959735247,-0.0143541882336281,0.9692830021529679
2012-01-09 21:13:00,-0.19232947406509357,0.14737351531128243,0.9819216945499039
2012-01-09 21:14:00,-0.1263738710538375,-0.08465462308967289,0.9680063815036386
2012-01-09 21:15:00,-0.07387815139343502,0.2296164327551273,0.9678927938614913
2012-01-09 21:16:00,-0.1800142947794299,-0.2557768899019092,0.9534971148564814
2012-01-09 21:17:00,-0.14395130767644107,-0.06219880142331458,0.9898467464120193
2012-01-09 21:18:00,-0.12772728786758142,-0.1819048063547581,0.9696759796115472
2012-01-09 21:19:00,0.11433133481859625,0.6950251167553116,0.4699863693282039
2012-01-09 21:20:00,-0.030792449183931047,0.9410573507777972,0.23290525618114838
2012-01-09 21:21:00,-0.055299681059628854,0.9490665779488326,0.19841608285423237
2012-01-09 21:22:00,-0.05653221039141942,0.9492165547783293,0.19663867077998418
2012-01-09 21:23:00,-0.05799857975543206,0.949268820542219,0.19594472717209668
2012-01-09 21:24:00,-0.05940931442797387,0.9489202680344827,0.19586873128516663
2012-01-09 21:25:00,-0.06082786380596268,0.9489708959096069,0.19537239825982458
2012-01-09 21:26:00,-0.061121170740980564,0.9489257684072027,0.19510962347695654
2012-01-09 21:27:00,-0.061164331960295595,0.9487685310857158,0.1945254860920525
2012-01-09 21:28:00,-0.06122878825195373,0.9487030888733992,0.19410140621907165
2012-01-09 21:29:00,-0.06144154360774857,0.948459483477159,0.19420875597027093
2012-01-09 21:30:00,-0.06148718449321506,0.9485265635782412,0.19390169699724602
2012-01-09 21:31:00,-0.06159553838989379,0.948394554632963,0.19401388232282363
2012-01-09 21:32:00,-0.06245921362458548,0.9482899742129814,0.19352065373623245
2012-01-09 21:33:00,-0.06435005674888812,0.9481605076622049,0.19362643676133315
2012-01-09 21:34:00,-0.0644419095944499,0.9481309278800224,0.1933400450332013
2012-01-09 21:35:00,-0.0658671315286281,0.9479911939668353,0.19334205663214266
2012-01-09 21:36:00,-0.06662705152023102,0.9477552157541,0.19335732737602945
2012-01-09 21:37:00,-0.06785613937596896,0.9475363253659481,0.19346223999774206
2012-01-09 21:38:00,-0.06776234788232513,0.9473528573781125,0.19340610865035823
2012-01-09 21:39:00,-0.06850590207732844,0.9474500306294977,0.19323110921360592
2012-01-09 21:40:00,-0.06949434209013758,0.947139931838599,0.19327377832192044
2012-01-09 21:41:00,-0.0693970490073223,0.9470952688121134,0.1930107907737798
2012-01-09 21:42:00,-0.06870424531288544,0.9474119924963769,0.19122797252737664
2012-01-09 21:43:00,-0.06848459197670563,0.947441132248742,0.19059214285236806
2012-01-09 21:44:00,-0.06908531740138513,0.9475876621780007,0.18920693454479867
2012-01-09 21:45:00,-0.06570882363020732,0.9482989459320401,0.18712469753288838
2012-01-09 21:46:00,-0.06425058456551551,0.9483520673094642,0.18669896389347018
2012-01-09 21:47:00,-0.06621386399800006,0.9482771400099683,0.1856846441407198
2012-01-09 21:48:00,-0.06718783177745252,0.9482574853447826,0.18496834083690683
2012-01-09 21:49:00,-0.06775608108968782,0.9480393527857609,0.18609579368781295
2012-01-09 21:50:00,-0.06758034038680832,0.9479710992718319,0.18685897304964957
2012-01-09 21:51:00,-0.06619171231371372,0.9479168289276619,0.18587331858181408
2012-01-09 21:52:00,-0.06487681298085572,0.9481209049786217,0.18527304972078384
2012-01-09 21:53:00,-0.06466975334306936,0.9481003458076995,0.18510309862368254
2012-01-09 21:54:00,-0.06627384186230585,0.9477205022907123,0.18624161526876631
2012-01-09 21:55:00,-0.06299498682437656,0.9478867357773586,0.18549372599311398
2012-01-09 21:56:00,-0.06695033987326195,0.9472275222184012,0.18789430820864822
2012-01-09 21:57:00,-0.06786078311439805,0.9469539703484636,0.18846247852695497
2012-01-09 21:58:00,-0.0675179579977496,0.9469236571832517,0.18988817026321989
2012-01-09 21:59:00,-0.06854443458649409,0.9467888858285631,0.18881275786377352
2012-01-09 22:00:00,-0.06784799404836843,0.9469031469045316,0.18839542845262486
2012-01-09 22:01:00,-0.06849631403487615,0.9467212923593605,0.1883190553908933
2012-01-09 22:02:00,-0.06879618832812547,0.946703348921243,0.18839996422139174
2012-01-09 22:03:00,-0.06853401998865798,0.9467595505073901,0.18835434541270643
2012-01-09 22:04:00,-0.06667194099171221,0.9468073915270029,0.18941559925037302
2012-01-09 22:05:00,-0.06525193387059192,0.9474587578875469,0.18612431390549644
2012-01-09 22:06:00,-0.06725802887195827,0.9473022539490893,0.18574527257227552
2012-01-09 22:07:00,-0.06707023548875472,0.9473699696487967,0.18568611415533084
2012-01-09 22:08:00,-0.0669442383917014,0.9473486526487443,0.18548193686277958
2012-01-09 22:09:00,-0.06813634165108338,0.9470698693131976,0.18688323796188014
2012-01-09 22:10:00,-0.06627337598563499,0.9472717452150693,0.18607851134498476
2012-01-09 22:11:00,-0.06761341763044076,0.9472262021289485,0.1862714991184245
2012-01-09 22:12:00,-0.06806343946623061,0.9470202437282136,0.18704883704204092
2012-01-09 22:13:00,-0.06473297731579163,0.947622033395975,0.18446812968091333
2012-01-09 22:14:00,-0.06449802519087132,0.947670754475223,0.18401351799130766
2012-01-09 22:15:00,-0.06687059982114303,0.9473428344767116,0.18447577955957992
2012-01-09 22:16:00,-0.06697146963452828,0.9473157481968287,0.18453704628695353
2012-01-09 22:17:00,-0.06754974280932734,0.9472108010853326,0.1846081969283565
2012-01-09 22:18:00,-0.06749443874001003,0.9472409675739388,0.18458062448325116
2012-01-09 22:19:00,-0.06727535647845904,0.9473127657725094,0.18458238463232488
2012-01-09 22:20:00,-0.0664289487371493,0.9473945135341781,0.18453619522586295
2012-01-09 22:21:00,-0.06471823457340024,0.9476341342159588,0.18359920597857107
2012-01-09 22:22:00,-0.0658162457735443,0.9473731720880247,0.1847685929304862
2012-01-09 22:23:00,-0.06704100548472697,0.9467794496335858,0.1872841070778449
2012-01-09 22:24:00,-0.06925706058186289,0.9472029294408179,0.18437810095713736
2012-01-09 22:25:00,-0.06870785210001483,0.9475215599209578,0.18263625936801625
2012-01-09 22:26:00,-0.06885356630004216,0.9473933156752302,0.18261594995562722
2012-01-09 22:27:00,-0.07232418218701733,0.9451426853887424,0.19332417467809157
2012-01-09 22:28:00,-0.06993700006887159,0.9460119398472981,0.19046767516786947
2012-01-09 22:29:00,-0.06941636034674424,0.9463771890420021,0.18856549560351127
2012-01-09 22:30:00,-0.06966712222191504,0.94670652691437,0.18727676667593857
2012-01-09 22:31:00,-0.06911388616110584,0.9468764517622643,0.18599418859897518
2012-01-09 22:32:00,-0.06986650240877174,0.947055397221419,0.1845148993563007
2012-01-09 22:33:00,-0.07049839648556104,0.9467649530957062,0.18634131514129904
2012-01-09 22:34:00,-0.06981725473617587,0.9471613221769543,0.18451723010315108
2012-01-09 22:35:00,-0.06880242506420337,0.9470318311800768,0.18493118428338365
2012-01-09 22:36:00,-0.06880122280182689,0.9472429721542189,0.18398516218315303
2012-01-09 22:37:00,-0.06728042100871989,0.9475225866571988,0.18317838528272126
2012-01-09 22:38:00,-0.06753325678649008,0.947593871487649,0.1828059880286962
2012-01-09 22:39:00,-0.06828932953848832,0.9475286492902413,0.1832960541496439
2012-01-09 22:40:00,-0.07096655745495578,0.9467983220235402,0.18584737088969988
2012-01-09 22:41:00,-0.07348746120592363,0.9459489666911802,0.18997603264967441
2012-01-09 22:42:00,-0.06802122502853705,0.947011051994246,0.18514616424909608
2012-01-09 22:43:00,-0.06875089309309221,0.9468247727047978,0.1852195392547131
2012-01-09 22:44:00,-0.07283624076143268,0.9459547115249101,0.18824632835224298
2012-01-09 22:45:00,-0.07822891350965942,0.9443497516574383,0.19443210147965792
2012-01-09 22:46:00,0.7891486731420638,0.3544362442117378,0.34258398441054144
2012-01-09 22:47:00,0.9318188049453067,0.20684752987355098,0.338294220654578
2012-01-09 22:48:00,0.9010761294237613,0.2930928851999266,0.355209137199218
2012-01-09 22:49:00,0.8854563516570321,0.32591395146512186,0.3605724564940665
2012-01-09 22:50:00,0.8813295409649835,0.33472090380325303,0.36152254047677496
2012-01-09 22:51:00,0.8771755741715063,0.34372000249506685,0.3620889216325617
2012-01-09 22:52:00,0.8738036790539184,0.34984228402385603,0.36320721590559524
2012-01-09 22:53:00,0.8723586648753677,0.3528960909579574,0.36337118056161616
2012-01-09 22:54:00,0.8707367528164003,0.355290831009707,0.36355464225353057
2012-01-09 22:55:00,0.8702201256449543,0.35661434291662547,0.36378447710373324
2012-01-09 22:56:00,0.8697303840659021,0.35817155954888813,0.3641100176420322
2012-01-09 22:57:00,0.8690780064438738,0.3588848967754097,0.3642934986762441
2012-01-09 22:58:00,0.8683120901686683,0.35972046450681844,0.3646742614739437
2012-01-09 22:59:00,0.8674487756126894,0.36117794104709317,0.36550437485632536
2012-01-09 23:00:00,0.8671979536244,0.3620922252236493,0.3658373041522744
2012-01-09 23:01:00,0.8669879183872318,0.36284614297779344,0.3659584836461957
2012-01-09 23:02:00,0.8570754754892094,0.3800517977677327,0.3681875963942739
2012-01-09 23:03:00,0.8539739090669692,0.3842542047562589,0.3698508889131931
2012-01-09 23:04:00,0.8328990461063954,0.4190183938037465,0.374665709006306
2012-01-09 23:05:00,0.8235372393767931,0.4354329727660559,0.37462998378279877
2012-01-09 23:06:00,0.818149390706352,0.44374318033232557,0.37477104715856385
2012-01-09 23:07:00,0.8172296599883577,0.44587390249351894,0.37461388132011886
2012-01-09 23:08:00,0.815666087711208,0.4479102627049394,0.374321329070229
2012-01-09 23:09:00,0.8148083185904407,0.4490523845426052,0.3741593469997032
2012-01-09 23:10:00,0.8142770839311207,0.4504453233762995,0.3741764552618539
2012-01-09 23:11:00,0.8073937711471566,0.45895207759442774,0.3773652747856533
2012-01-09 23:12:00,0.8066572051022164,0.463279037467434,0.3741485153130958
2012-01-09 23:13:00,0.803564790902317,0.46744611984004775,0.37320044292932875
2012-01-09 23:14:00,0.8028364603546558,0.4687901664717873,0.3725853578684033
2012-01-09 23:15:00,0.7990198784405735,0.4725778453572312,0.3765469311913085
2012-01-09 23:16:00,0.7926844366215635,0.480452423404083,0.3780378451547885
2012-01-09 23:17:00,0.7903447588955678,0.48475102579995544,0.37702829327837517
2012-01-09 23:18:00,0.7904263474260906,0.48729293137958923,0.37237403359692084
2012-01-09 23:19:00,0.7889015330823022,0.48991795370254637,0.37135029414528153
2012-01-09 23:20:00,0.7885528319082887,0.49055501909401833,0.3711840761116003
2012-01-09 23:21:00,0.7883806529076995,0.4910488303337625,0.37105238407898045
2012-01-09 23:22:00,0.7881739990334653,0.4915040167339624,0.37093499567537175
2012-01-09 23:23:00,0.7877093997663607,0.49249017244739224,0.37087035371708205
2012-01-09 23:24:00,0.786014044504471,0.4944170141264337,0.3704999970754446
2012-01-09 23:25:00,0.7855547201635433,0.49482575293477643,0.3703475604287416
2012-01-09 23:26:00,0.7852705504225864,0.4954129482802544,0.37049898160482514
2012-01-09 23:27:00,0.7851441024771421,0.49582364277667534,0.3704314092884622
2012-01-09 23:28:00,0.7850772116041715,0.4961903342913369,0.37033822777019143
2012-01-09 23:29:00,0.7841523261862382,0.49617133967087745,0.3725410156513539
2012-01-09 23:30:00,0.7759021763347528,0.5059742017167285,0.3745696841703008
2012-01-09 23:31:00,0.7738623729020063,0.5097036744357452,0.37259382012356534
2012-01-09 23:32:00,0.8021191906208578,0.45572780799821083,0.3664582402581977
2012-01-09 23:33:00,0.9000898083983906,0.2964724119834513,0.3515863829018547
2012-01-09 23:34:00,0.9255521325342303,0.2349833053176127,0.33871048623936345
2012-01-09 23:35:00,0.9407481879546546,0.19174411753716641,0.3316733232023021
2012-01-09 23:36:00,0.9263512312510263,0.23910095767405012,0.3394448359067564
2012-01-09 23:37:00,0.9239172210133173,0.24528337661124375,0.340004543969901
2012-01-09 23:38:00,0.9463721609558332,0.17659599328209413,0.3278577842256229
2012-01-09 23:39:00,0.9437746430349252,0.19068496576621802,0.3283505099124787
2012-01-09 23:40:00,0.9433970124224781,0.19258687242226255,0.32850378794912344
2012-01-09 23:41:00,0.9433187000569313,0.19339946081875253,0.32843820788940437
2012-01-09 23:42:00,0.9432083023142125,0.194392461440456,0.32861526728084184
2012-01-09 23:43:00,0.9458391679877878,0.18333148080780126,0.32807042377333623
2012-01-09 23:44:00,0.9454690665434732,0.18628857896643589,0.3279799211632711
2012-01-09 23:45:00,0.9440148700860223,0.19014177340249935,0.32821263801580336
2012-01-09 23:46:00,0.9436013068567985,0.19176792803951845,0.32837557753005603
2012-01-09 23:47:00,0.9435513528550565,0.19217960037997844,0.32847174743329255
2012-01-09 23:48:00,0.9435178097347533,0.19228471861418142,0.3284801226481159
2012-01-09 23:49:00,0.9434811257039915,0.19219426804056491,0.3284194458608164
2012-01-09 23:50:00,0.9434224853565795,0.19234387817854684,0.32847569326198534
2012-01-09 23:51:00,0.9433643709989572,0.19275946189516324,0.3285580430936485
2012-01-09 23:52:00,0.9433343294678254,0.19298534386819477,0.328698613240827
2012-01-09 23:53:00,0.9433133800459155,0.19312077526760973,0.32881550841584906
2012-01-09 23:54:00,0.9433004106405294,0.19322100428161726,0.32892402837604795
2012-01-09 23:55:00,0.9433211196099639,0.1930127235012895,0.3288820942750389
2012-01-09 23:56:00,0.9432943843003673,0.19299512230858576,0.32896447312014837
2012-01-09 23:57:00,0.9433130343954822,0.19275652836304596,0.32893684264815054
2012-01-09 23:58:00,0.9433321653955477,0.19269003496838732,0.32892796453359185
2012-01-09 23:59:00,0.9433727868355924,0.19262500833978735,0.3289269780764187
2012-01-10 00:00:00,0.9433889873211153,0.19236930212356337,0.328787887615
2012-01-10 00:01:00,0.9433815783792203,0.19238934792636486,0.32875089547100567
2012-01-10 00:02:00,0.9433852001946295,0.19222653689385516,0.32889738436122323
2012-01-10 00:03:00,0.9433963361498914,0.19202901239795744,0.3288673070885899
2012-01-10 00:04:00,0.9434148810470483,0.19201483365939054,0.32908287699437655
2012-01-10 00:05:00,0.9451969945676797,0.18530638352136444,0.32868348756417154
2012-01-10 00:06:00,0.9434615288272551,0.19140710358909147,0.3293013579159389
2012-01-10 00:07:00,0.9373676816327954,0.2113109967744152,0.3301755910789486
2012-01-10 00:08:00,0.9266966562600639,0.24276151683441144,0.33473028628395285
2012-01-10 00:09:00,0.92371020646037,0.24928764795134783,0.33664804606895804
2012-01-10 00:10:00,0.9318902343587483,0.22621642013898352,0.3328610563234086
2012-01-10 00:11:00,0.9340398193747456,0.22212460731127925,0.33252830110813725
2012-01-10 00:12:00,0.9319558177713844,0.22782788266931517,0.33251861061708304
2012-01-10 00:13:00,0.9291853844641815,0.23488644986554008,0.3339416137739936
2012-01-10 00:14:00,0.9288077087668954,0.23672528558106284,0.3340066522493823
2012-01-10 00:15:00,0.9374363308144915,0.2081495536577102,0.33096927324396386
2012-01-10 00:16:00,0.9409041514414413,0.19780367037084745,0.33142285979180136
2012-01-10 00:17:00,0.9403443630506804,0.2005093648270301,0.33187025680443455
2012-01-10 00:18:00,0.9400961108982204,0.20201084434906424,0.33227842763771065
2012-01-10 00:19:00,0.9395765081273929,0.2036311319218487,0.332271657833581
2012-01-10 00:20:00,0.9410427422368881,0.1860747978133882,0.3342253556073661
2012-01-10 00:21:00,0.9664732515045907,0.09026270533050262,0.3204760478295095
2012-01-10 00:22:00,0.9606983044054879,0.1224774105070535,0.32469015418874936
2012-01-10 00:23:00,0.9486875830383837,0.16608008736293328,0.32903408604889905
2012-01-10 00:24:00,0.952523521376727,0.1571542536357488,0.3270188217421288
2012-01-10 00:25:00,0.6166370666663925,0.10477452202323324,0.6038830080051735
2012-01-10 00:26:00,-0.05524099562737774,-0.18151652893293346,0.995215587932808
2012-01-10 00:27:00,-0.06504404767742175,-0.37759274002431137,0.9489327775161668
2012-01-10 00:28:00,-0.07780854246972908,-0.4854637763200535,0.9033179340018527
2012-01-10 00:29:00,-0.10134155108521943,-0.5330696733336954,0.8900735375582852
2012-01-10 00:30:00,-0.11434123845492236,-0.47193129487858,0.8994036525963676
2012-01-10 00:31:00,-0.12805475408237055,-0.4114745470570185,0.9270520065482806
2012-01-10 00:32:00,-0.1325317537481236,-0.368187958286777,0.9484285141488441
2012-01-10 00:33:00,-0.11972734384491766,-0.30285907809431145,0.9813017255588563
2012-01-10 00:34:00,-0.028434947918204244,-0.3048814306898718,0.9702568094635764
2012-01-10 00:35:00,-0.00626428291460308,-0.1881539875937211,1.0007951831273023
2012-01-10 00:36:00,-0.05023405373435949,-0.04932722032176604,1.0109465431043563
2012-01-10 00:37:00,0.19931413756739366,0.44690931710041826,0.6891009155436684
2012-01-10 00:38:00,0.17359974409604864,0.9363048576250766,0.17264881569123924
2012-01-10 00:39:00,0.09046181296393388,0.9521348080825107,0.14688556205498013
2012-01-10 00:40:00,0.0867016922967064,0.952748771908559,0.14997305695325577
2012-01-10 00:41:00,0.08730990180467939,0.9521420685745011,0.15272183920862584
2012-01-10 00:42:00,0.09488132945981226,0.9513495015347117,0.15244996387477777
2012-01-10 00:43:00,0.09382712569501057,0.9511318334516085,0.1544883518982252
2012-01-10 00:44:00,0.09369819808341462,0.9507716934920089,0.15525974206535628
2012-01-10 00:45:00,0.0936877834855785,0.9507444849816209,0.1552257092928815
2012-01-10 00:46:00,0.09375483966962575,0.9506402468070533,0.15522669575005468
2012-01-10 00:47:00,0.09369075908496026,0.9504903433158596,0.15527450990950775
2012-01-10 00:48:00,0.09368004392153004,0.9503756666561745,0.15527748862332483
2012-01-10 00:49:00,0.0936810057314312,0.9503239631526071,0.15528091220998466
2012-01-10 00:50:00,0.09367670764343534,0.9502083819871858,0.15528469362914854
2012-01-10 00:51:00,0.09367924742270561,0.9500414884558128,0.15530890051448654
2012-01-10 00:52:00,0.09366690920506718,0.9499290119452157,0.15544383238193987
2012-01-10 00:53:00,0.09369119490507173,0.949862518550557,0.15560244889269834
2012-01-10 00:54:00,0.09361177044682663,0.9497937272224065,0.1554936678114831
2012-01-10 00:55:00,0.09364208248699321,0.9496502041635679,0.15568083355337128
2012-01-10 00:56:00,0.093722032935028,0.9495447925761533,0.15610885925504486
2012-01-10 00:57:00,0.0936768128413933,0.9495717810716323,0.15642647912251206
2012-01-10 00:58:00,0.09382828287254794,0.9493548463715586,0.1568834312301169
2012-01-10 00:59:00,0.09277445481473891,0.9494072343659533,0.15681912776203366
2012-01-10 01:00:00,0.09074680926027447,0.9496267114605288,0.15546032169057003
2012-01-10 01:01:00,0.0908460860760109,0.949446519250224,0.15584739974840775
2012-01-10 01:02:00,0.09146477029493882,0.949425935633201,0.15599062946149433
2012-01-10 01:03:00,0.09031584328315155,0.9494406766320903,0.15623808514473175
2012-01-10 01:04:00,0.09269955386868525,0.9491408452036021,0.15803334048843604
2012-01-10 01:05:00,0.0914509292493298,0.9492258687428018,0.15804783754042231
2012-01-10 01:06:00,0.09160970302442145,0.9491207505085987,0.15780169713341582
2012-01-10 01:07:00,0.09367078650123127,0.948991406188327,0.15728379744634632
2012-01-10 01:08:00,0.09332035707505168,0.9489451297191768,0.15754107901672054
2012-01-10 01:09:00,0.09317222332199172,0.9489407538671017,0.15777367014431892
2012-01-10 01:10:00,0.09362189950734834,0.9488499366019707,0.1577755076625827
2012-01-10 01:11:00,0.09147267517006406,0.9489963931929265,0.1565139836764626
2012-01-10 01:12:00,0.09150491083003298,0.9488848456341664,0.15810249887319514
2012-01-10 01:13:00,0.09137653926478613,0.9489972732525617,0.1580101490737175
2012-01-10 01:14:00,0.09235430919900417,0.9489551526205775,0.15798740253184176
2012-01-10 01:15:00,0.09296067022857334,0.9487418114973475,0.15810350467266582
2012-01-10 01:16:00,0.09055079540807187,0.9488880480733946,0.15843936432668812
2012-01-10 01:17:00,0.08641447181496935,0.9494152771331748,0.1559323994748303
2012-01-10 01:18:00,0.09063038517739373,0.9489049403291698,0.15810907525434967
2012-01-10 01:19:00,0.09178855458120004,0.9487771361132599,0.15816040971195017
2012-01-10 01:20:00,0.09368004392153004,0.9485237278305277,0.15822241144662932
2012-01-10 01:21:00,0.09225288333926979,0.948521185436026,0.158331492333456
2012-01-10 01:22:00,0.09348386475825066,0.9483427044527898,0.15858716849313662
2012-01-10 01:23:00,0.08837210061428454,0.9487788228942272,0.15899509754769378
2012-01-10 01:24:00,0.07435188785460059,0.9452229908304534,0.15673883788505563
2012-01-10 01:25:00,-0.5330654344102483,0.8034721520822843,0.14442055064642886
2012-01-10 01:26:00,-0.46992276468120303,0.8438633935449601,0.15977923428888616
2012-01-10 01:27:00,-0.45504721738206416,0.8515985065857357,0.1577151016674484
2012-01-10 01:28:00,-0.4498461401718065,0.8543794950329289,0.1561232789378411
2012-01-10 01:29:00,-0.4449516999806658,0.8566202246485206,0.156392059504087
2012-01-10 01:30:00,-0.44327111751772685,0.8577643021742646,0.15522161839695742
2012-01-10 01:31:00,-0.4383894964491752,0.8600754365606714,0.15477493704933218
2012-01-10 01:32:00,-0.436264783236091,0.8612102245680441,0.1530269349384531
2012-01-10 01:33:00,-0.4359689966349217,0.8613441892014004,0.152690988244092
2012-01-10 01:34:00,-0.4374984547171393,0.8606416815976118,0.15408442669925332
2012-01-10 01:35:00,-0.6974602670168232,0.6694178259814472,0.1282491616893519
2012-01-10 01:36:00,-0.6071809875381958,0.7671039810113639,0.13173500153376683
2012-01-10 01:37:00,-0.5913855291817061,0.7779912965426751,0.1318076898878221
2012-01-10 01:38:00,-0.578168758311653,0.7868867437663445,0.13023409727362115
2012-01-10 01:39:00,-0.5744378676484533,0.7895024765709303,0.12936008654703285
2012-01-10 01:40:00,-0.5720054654366729,0.7909482189827358,0.12940646937646993
2012-01-10 01:41:00,-0.5708496554727803,0.7916913804524499,0.12928393592172266
2012-01-10 01:42:00,-0.5673968180406972,0.7939785576598988,0.12901834683456648
2012-01-10 01:43:00,-0.5661390111424414,0.7948771963318294,0.12899910124854067
2012-01-10 01:44:00,-0.5652301759272339,0.7956105793611524,0.1288885213336567
2012-01-10 01:45:00,-0.564308536617717,0.7959156667013508,0.1288978733345044
2012-01-10 01:46:00,-0.5628875977432549,0.796745367368525,0.12881060088812402
2012-01-10 01:47:00,-0.560144245396082,0.798501575262744,0.12884762204556463
2012-01-10 01:48:00,-0.5597821239682913,0.798923026043595,0.12881005930379366
2012-01-10 01:49:00,-0.5590386449146866,0.7992442478104386,0.12876410200490188
2012-01-10 01:50:00,-0.5581553577749788,0.7996940560684234,0.12863939254168436
2012-01-10 01:51:00,-0.5561399452401948,0.8010576595809448,0.12855958622214414
2012-01-10 01:52:00,-0.5876159106417046,0.7565884906759197,0.12869155871807794
2012-01-10 01:53:00,-0.8542668853798336,0.48616193251786816,0.14970537889796812
2012-01-10 01:54:00,-0.7515890196631755,0.6355243092663718,0.16677973400101087
2012-01-10 01:55:00,-0.7414126050321208,0.6463524652333175,0.1644844222396932
2012-01-10 01:56:00,-0.7359057774712489,0.6522312635963713,0.16387616500978996
2012-01-10 01:57:00,-0.7321259246727677,0.6561147711976469,0.16316648644287535
2012-01-10 01:58:00,-0.8318897468413546,0.5276771812573856,0.1405718009449192
2012-01-10 01:59:00,-0.7806246178646606,0.6095298655913277,0.14637755595308877
2012-01-10 02:00:00,-0.771635963320153,0.6196523115152567,0.14442459318660916
2012-01-10 02:01:00,-0.7982101697583054,0.5816165252200597,0.13935315883238628
2012-01-10 02:02:00,-0.7766435213726394,0.6140660351964988,0.14583776078523414
2012-01-10 02:03:00,-0.7661174587859497,0.6258677326887698,0.14399791177461277
2012-01-10 02:04:00,-0.7625517890298354,0.6297204382028138,0.14363881235012815
2012-01-10 02:05:00,-0.7597370222975006,0.6328547950396357,0.14361510836452548
2012-01-10 02:06:00,-0.7556185072158494,0.6372159794540104,0.14358506010533847
2012-01-10 02:07:00,-0.7540264413203777,0.639088550788882,0.14352732334726104
2012-01-10 02:08:00,-0.7531875026340817,0.6396253871663465,0.143483561399137
2012-01-10 02:09:00,-0.7524084065575742,0.6404164629939764,0.14351331952386134
2012-01-10 02:10:00,-0.7518202447747286,0.6411943379270784,0.1434583100297333
2012-01-10 02:11:00,-0.7515631109089627,0.6416187222400468,0.14337671454767312
2012-01-10 02:12:00,-0.751462361321815,0.6416431683410241,0.14329804942368618
2012-01-10 02:13:00,-0.7505364239243023,0.6425916770589486,0.14333787521426625
2012-01-10 02:14:00,-0.7872198385266649,0.5957344418877408,0.139266041124386
2012-01-10 02:15:00,-0.7791612842131487,0.61096402055127,0.13954616594812352
2012-01-10 02:16:00,-0.7490728648485947,0.6445933238069811,0.14069298043884051
2012-01-10 02:17:00,-0.7456050141650853,0.6481888563387425,0.14061881239902546
2012-01-10 02:18:00,-0.7386367164593849,0.656060500853477,0.1354545060032921
2012-01-10 02:19:00,-0.7221720037227572,0.6733453610105831,0.130129049255826
2012-01-10 02:20:00,-0.7199581878392975,0.6753558083549674,0.12992784100594307
2012-01-10 02:21:00,-0.7189944693466044,0.6764343703300919,0.13033811047849936
2012-01-10 02:22:00,-0.7240786415690307,0.6710511922182546,0.13018002588092248
2012-01-10 02:23:00,-0.7367152457010419,0.6603277633478963,0.1228360649918527
2012-01-10 02:24:00,-0.7161026225676586,0.6802313387339073,0.12445822611510975
2012-01-10 02:25:00,-0.7144379550529281,0.681707394310925,0.1246372777631911
2012-01-10 02:26:00,-0.7173100396440607,0.6795541817368324,0.12222364916798409
2012-01-10 02:27:00,-0.7071238416029177,0.6894817433437691,0.1193851283233007
2012-01-10 02:28:00,-0.7036275874707644,0.6924666122731141,0.12019024178614636
2012-01-10 02:29:00,-0.7018822331222935,0.6939627136529333,0.12009551288407458
2012-01-10 02:30:00,-0.7012542163416683,0.694662849984927,0.12005912035130316
2012-01-10 02:31:00,-0.7032775036950181,0.692470034727251,0.12050672045806025
2012-01-10 02:32:00,-0.6962114620581111,0.6990191451791062,0.12013280483368038
2012-01-10 02:33:00,-0.6908844628921986,0.7035788319334175,0.12011134455458929
2012-01-10 02:34:00,-0.6901338003208946,0.7043122149627407,0.120125387062584
2012-01-10 02:35:00,-0.7055982157320251,0.689005166605214,0.12004987473309177
2012-01-10 02:36:00,-0.6695916147344924,0.7224486061551938,0.11525688242272271
2012-01-10 02:37:00,-0.6635171840774126,0.7273624191282644,0.11502670908231352
2012-01-10 02:38:00,-0.6614773806446662,0.7288415793601062,0.11501231841296357
2012-01-10 02:39:00,-0.6597690108925512,0.7302920887616023,0.11503831446082154
2012-01-10 02:40:00,-0.6582620501450532,0.7314150937483038,0.11494057783148644
2012-01-10 02:41:00,-0.6577658764622869,0.7318775650865949,0.11495753135525691
2012-01-10 02:42:00,-0.6572250687887944,0.7323756543940102,0.11480958212157708
2012-01-10 02:43:00,-0.6564311999133361,0.7329928939975895,0.11474214520129668
2012-01-10 02:44:00,-0.6542743712665208,0.7347652607645546,0.11457448616645072
2012-01-10 02:45:00,-0.6507054403737103,0.7376701420515013,0.11410495189431344
2012-01-10 02:46:00,-0.6434631621006935,0.7431644032461802,0.114262253128841
2012-01-10 02:47:00,-0.642901615401207,0.7438322951709847,0.11434317163048822
2012-01-10 02:48:00,-0.6552440259296977,0.7339779740825763,0.11417168282073459
2012-01-10 02:49:00,-0.6449366698975665,0.7422824123690153,0.11381815397793381
2012-01-10 02:50:00,-0.6394883774861486,0.7465360094929882,0.11247488944252217
2012-01-10 02:51:00,-0.6391813046469202,0.7469075902278453,0.11184382764385067
2012-01-10 02:52:00,-0.6387364525393492,0.7472116997240046,0.1113106281994481
2012-01-10 02:53:00,-0.6377164381108782,0.7479377489230343,0.11127799774354304
2012-01-10 02:54:00,-0.638682215477891,0.7474411019355768,0.11118242745152943
2012-01-10 02:55:00,-0.8289016289026135,0.5234987803400193,0.1101713185201663
2012-01-10 02:56:00,-0.7930773660227511,0.5992511846360519,0.13077226768848466
2012-01-10 02:57:00,-0.5631631562799403,0.7427543687944856,0.12744031516308618
2012-01-10 02:58:00,-0.25950962639161645,0.9256711459453055,0.13431574757948941
2012-01-10 02:59:00,-0.25708267944536917,0.9262500540625522,0.13457224578681434
2012-01-10 03:00:00,-0.2560192332885484,0.9263092136269178,0.13485517524369128
2012-01-10 03:01:00,-0.2544056619248176,0.9267326200958469,0.13513055153338926
2012-01-10 03:02:00,-0.2504343037580456,0.9279959945943609,0.1348710939545448
2012-01-10 03:03:00,-0.2491102221462873,0.928114924875616,0.1350565479031031
2012-01-10 03:04:00,-0.24601169143654775,0.9288608976469426,0.13521444874885355
2012-01-10 03:05:00,-0.2459350922948874,0.9288364515459651,0.13556511493162235
2012-01-10 03:06:00,-0.24567483254694253,0.9288628533350206,0.1352193036655294
2012-01-10 03:07:00,-0.2444295141491223,0.9290598889088989,0.135903624480404
2012-01-10 03:08:00,-0.24307259574620696,0.9294055567767199,0.1355763818199239
2012-01-10 03:09:00,-0.2423557468042408,0.9296857090939212,0.13500379178663535
2012-01-10 03:10:00,-0.24075158314360579,0.9297854491859092,0.13519911030692544
2012-01-10 03:11:00,-0.24041822584317196,0.9298969234063663,0.13543821011763707
2012-01-10 03:12:00,-0.24008874583890227,0.9300475113883871,0.13532710796072023
2012-01-10 03:13:00,-0.23841019219372359,0.9303662885451331,0.13509301780506455
2012-01-10 03:14:00,-0.23777640455369134,0.9304870522839617,0.13554082100594556
2012-01-10 03:15:00,-0.24428725645342733,0.9289982847344357,0.13594752182461062
2012-01-10 03:16:00,-0.23892297212556485,0.9304899858160789,0.13436405496752907
2012-01-10 03:17:00,-0.0672568115813021,0.8370761047312817,0.19008714447774003
2012-01-10 03:18:00,0.19628039377146572,-0.14119647451630382,0.9588080938942587
2012-01-10 03:19:00,-0.036636706709037035,-0.4488708233506458,0.9210697530753015
2012-01-10 03:20:00,-0.04450312446651485,-0.5348568544378528,0.8951699718320442
2012-01-10 03:21:00,-0.12254462029996338,-0.4144554068258032,0.9262990205772335
2012-01-10 03:22:00,-0.06421493748605338,-0.3753432098123677,0.9366531942148641
2012-01-10 03:23:00,-0.07883840042140738,-0.3411195729496931,0.9657324236387756
2012-01-10 03:24:00,-0.08513428780823175,-0.2105226833561958,1.0035599131069721
2012-01-10 03:25:00,-0.061500063728922916,-0.15323967504013097,1.0165760801110304
2012-01-10 03:26:00,-0.08017923856503757,-0.2818568215920715,0.9673134436952219
2012-01-10 03:27:00,-0.07913862036508992,-0.20220912667409222,1.0065034046002606
2012-01-10 03:28:00,-0.08281443238316794,-0.2928438772153705,0.9666684747846381
2012-01-10 03:29:00,-0.05196187008041374,-0.23902573702134255,1.001475712851864
2012-01-10 03:30:00,-0.055502637977055534,-0.1957385126524756,1.0098661500633004
2012-01-10 03:31:00,-0.052496997064177466,-0.1967465476262802,1.00174947405972
2012-01-10 03:32:00,-0.03720886337399583,-0.3496750238009683,0.9291357619305457
2012-01-10 03:33:00,-0.05829427618692316,-0.24621127726604428,0.9965566087617079
2012-01-10 03:34:00,-0.09771007249227348,-0.28432754012565903,0.9739549793789444
2012-01-10 03:35:00,-0.0831531247228973,-0.13165244778760196,1.0169811561767044
2012-01-10 03:36:00,-0.09653909899415784,-0.15242253966885919,1.012426548012039
2012-01-10 03:37:00,-0.11020084219801958,-0.17876018215552558,1.008342615315064
2012-01-10 03:38:00,-0.11054217951497718,-0.16507371472399515,1.0104451133836196
2012-01-10 03:39:00,-0.11057929936585047,-0.15233106235900162,1.0115868892058342
2012-01-10 03:40:00,-0.10147527271804153,-0.13997592958670238,1.014139405168336
2012-01-10 03:41:00,-0.05092980297161869,-0.15531035757732373,1.01581487366354
2012-01-10 03:42:00,-0.04583646349857185,-0.15174650719242916,1.0153649718233788
2012-01-10 03:43:00,-0.16854803295778684,-0.21642101415393067,0.9899682837384445
2012-01-10 03:44:00,-0.08979938142278242,-0.17748382677739263,1.0067232298115
2012-01-10 03:45:00,-0.10358381550216224,-0.19715809773623533,1.0027025174139477
2012-01-10 03:46:00,-0.15474529443372537,-0.17125906719330608,0.9962796657459113
2012-01-10 03:47:00,-0.1280369455709192,-0.16568542950875353,0.9962999171314079
2012-01-10 03:48:00,-0.13231047735773557,-0.22254466466437456,0.9973479118241291
2012-01-10 03:49:00,-0.15237091640988898,-0.22302505499468214,0.9913378344561768
2012-01-10 03:50:00,-0.1736848041591834,-0.2606595829884355,0.9816619468365966
2012-01-10 03:51:00,-0.13248420427113447,-0.2500085145769705,0.9891639439674994
2012-01-10 03:52:00,-0.12303321972975799,-0.23132929771231334,0.9955414863036108
2012-01-10 03:53:00,-0.1439095741436981,-0.20708094124568358,0.9975944390770859
2012-01-10 03:54:00,-0.1587703336156065,-0.20362599824064345,0.9964473247807573
2012-01-10 03:55:00,-0.08289537469766332,-0.02997698243137928,1.0174824021456148
2012-01-10 03:56:00,-0.10229225508768733,-0.02543404125623741,1.0184603777213375
2012-01-10 03:57:00,-0.09406747297234527,-0.12532244773880752,1.015509739249118
2012-01-10 03:58:00,-0.0864389679108898,-0.061676706044739474,1.0188535679451896
2012-01-10 03:59:00,-0.0844342855678158,-0.03555795394622505,1.0195922406160767
2012-01-10 04:00:00,-0.09220607024798627,-0.028478485333664396,1.0170769102205441
2012-01-10 04:01:00,-0.06791489994961859,0.041541112714351604,1.0188747090763717
2012-01-10 04:02:00,-0.0572253146514504,0.0961185488047387,1.0131871161637112
2012-01-10 04:03:00,-0.06479178297428038,0.06740838777211114,1.0165107224877326
2012-01-10 04:04:00,-0.05747406273714062,0.14941882279566063,1.0041913907650402
2012-01-10 04:05:00,-0.05951574470485027,-0.3300690552482567,0.9574066767413731
2012-01-10 04:06:00,-0.04923100623367632,-0.23774336790236913,0.9988666206691358
2012-01-10 04:07:00,-0.04812794553155112,-0.21861693406643085,1.0032659488693638
2012-01-10 04:08:00,-0.06543344543287845,-0.25392788460837984,0.996471502652649
2012-01-10 04:09:00,-0.09624603251161525,-0.3267569752573287,0.9529502984346294
2012-01-10 04:10:00,0.0020928682883875655,-0.5536012446077158,0.8782298135891492
2012-01-10 04:11:00,-0.08608638944071229,-0.27336962425472516,0.9903550813329682
2012-01-10 04:12:00,-0.09768685380012804,-0.29698668460971367,0.9779080130774975
2012-01-10 04:13:00,-0.0830298026596316,-0.2957776537936726,0.984767575138791
2012-01-10 04:14:00,-0.08681311196244512,-0.3580270586460105,0.9644591395357675
2012-01-10 04:15:00,-0.06799071762073429,-0.22406802344678348,1.0059812689500358
2012-01-10 04:16:00,-0.05571599446403861,-0.19055809050214512,0.9952957907694471
2012-01-10 04:17:00,-0.12747792362242327,-0.35400582171182804,0.9641954266514701
2012-01-10 04:18:00,-0.1624700105418573,-0.32574478444635796,0.9681105010911532
2012-01-10 04:19:00,-0.15942693418423212,-0.3015371307378556,0.9753953809324684
2012-01-10 04:20:00,-0.1624074778700015,-0.22287524928789243,0.9872174221860919
2012-01-10 04:21:00,-0.10358202713687725,-0.1642959131291961,0.9843173444795721
2012-01-10 04:22:00,-0.13025236948030747,-0.4199435076030356,0.9400183284516468
2012-01-10 04:23:00,-0.1033991179445781,-0.44714304627186346,0.921486531230971
2012-01-10 04:24:00,-0.08733871101687538,-0.24169845368730664,0.9959819587737341
2012-01-10 04:25:00,-0.06469531644684892,-0.2750725640949144,0.9937770432398453
2012-01-10 04:26:00,-0.09963630721528327,-0.3740868268987333,0.9543142398860828
2012-01-10 04:27:00,-0.06523752175035408,-0.2212442787689808,1.0063774378877046
2012-01-10 04:28:00,-0.07514166903797892,-0.2523724769875895,0.9981499401905214
2012-01-10 04:29:00,-0.09386959561345914,-0.3577921071695163,0.953069872517857
2012-01-10 04:30:00,-0.10959965089666922,-0.32094413247471193,0.9647011793757012
2012-01-10 04:31:00,-0.10809873151761297,-0.3389380273445676,0.9662206038857158
2012-01-10 04:32:00,-0.02901684290841239,-0.21382601164297388,0.9967823623871352
2012-01-10 04:33:00,-0.010427717524294822,-0.09300624235099836,1.024360968014215
2012-01-10 04:34:00,-0.022932749067481717,-0.005424785375700929,1.0231410783234924
2012-01-10 04:35:00,-0.030206737010677633,0.06676557754690945,1.014265536290421
2012-01-10 04:36:00,-0.04661864037241905,0.05724015430105141,1.0142552945438876
2012-01-10 04:37:00,-0.033244929177398436,-0.04720625215486269,1.0244405809107802
2012-01-10 04:38:00,-0.06181798698609888,0.346394821525715,0.9382100073859723
2012-01-10 04:39:00,-0.08756303814804368,0.42905368937769095,0.9013126309783018
2012-01-10 04:40:00,-0.08837851768971891,0.4426149927722169,0.8925691484815027
2012-01-10 04:41:00,-0.05023980956548681,-0.08222375170067858,1.0203811549047548
2012-01-10 04:42:00,-0.08321459038689398,-0.14768385856319097,0.9970941408807534
2012-01-10 04:43:00,-0.08314515973465324,-0.2458517729050701,0.9991775867862585
2012-01-10 04:44:00,-0.11628457536023733,-0.3794195727042542,0.945064753215185
2012-01-10 04:45:00,-0.1041102110554169,-0.33706396479753636,0.9676162280204962
2012-01-10 04:46:00,-0.0739801483277982,-0.2787166465832169,0.9916888778137473
2012-01-10 04:47:00,-0.07590028156924744,-0.2770475157006795,0.9922873091565135
2012-01-10 04:48:00,-0.06011991160558239,-0.15866365369449964,0.9826084718365626
2012-01-10 04:49:00,-0.02835866437041766,0.16349364098731856,0.9826253963468868
2012-01-10 04:50:00,-0.02363898804397556,0.24342855314568174,0.9721291341917228
2012-01-10 04:51:00,-0.06917347329013929,-0.08964874150445432,0.9805425597237536
2012-01-10 04:52:00,-0.06395524881273734,-0.09759325984620254,1.0014950938339726
2012-01-10 04:53:00,-0.08908537282568067,-0.38735441039001534,0.9474114381186982
2012-01-10 04:54:00,-0.09064847922615948,-0.4108890629386089,0.947964337693118
2012-01-10 04:55:00,-0.09106877512469129,-0.4482533392860567,0.9286330362758756
2012-01-10 04:56:00,-0.08045463179064616,-0.4277311797609126,0.943386944301982
2012-01-10 04:57:00,-0.09012875622909418,-0.5137699899801299,0.9001329829375558
2012-01-10 04:58:00,-0.07159881221045802,-0.49342787598868465,0.913818470804767
2012-01-10 04:59:00,-0.07552150880754273,-0.3982855822264799,0.9534059062525571
2012-01-10 05:00:00,-0.09891089215388485,-0.39599549593301464,0.9541346853382661
2012-01-10 05:01:00,-0.055028105017065544,-0.4419584438382659,0.931021442515125
2012-01-10 05:02:00,0.16882757398859422,-0.3555082790779013,0.9424610672046115
2012-01-10 05:03:00,-0.023258472001824983,-0.0756146260709238,0.9949831515435896
2012-01-10 05:04:00,-0.05399773610387725,-0.07953020695668171,0.9466112956263135
2012-01-10 05:05:00,-0.12888282732243925,-0.4835308475618686,0.8363987876835923
2012-01-10 05:06:00,-0.05034741204818025,-0.41912717895309615,0.9291665838816333
2012-01-10 05:07:00,-0.07109736360151496,-0.4306983986053519,0.9438551826401859
2012-01-10 05:08:00,-0.10334627851313254,-0.47665022353465847,0.9141383150364483
2012-01-10 05:09:00,-0.1048430801435494,-0.46844254291588805,0.9194213154408725
2012-01-10 05:10:00,-0.0773701074375924,-0.4347180465429708,0.9388006727962872
2012-01-10 05:11:00,-0.1013181520537175,-0.4627587022081293,0.9113333917625457
2012-01-10 05:12:00,-0.07008961224928388,0.05628678080903238,1.0142565227797797
2012-01-10 05:13:00,-0.20043054338189756,-0.19109993833030997,0.9869869683823687
2012-01-10 05:14:00,-0.1523964494571091,-0.1506888221875394,0.9979222523353425
2012-01-10 05:15:00,-0.06522434194905209,-0.17414338930933085,1.008895195741575
2012-01-10 05:16:00,-0.11411461199695908,-0.2682279980666459,0.990555544904397
2012-01-10 05:17:00,-0.03628020585785631,-0.1678026085300054,1.0145690652941497
2012-01-10 05:18:00,-0.032229287978321815,-0.1752719680070552,1.010671824452774
2012-01-10 05:19:00,-0.041720999157700986,-0.2079867426252005,1.0066217504475963
2012-01-10 05:20:00,-0.06534132207828196,-0.23704406273780862,0.9975042266014834
2012-01-10 05:21:00,-0.06513439769501295,-0.23084032680056266,0.9974768088947582
2012-01-10 05:22:00,-0.055772951644123554,-0.2711125157514785,0.992149050413888
2012-01-10 05:23:00,-0.06900497621807798,-0.26567787859708364,0.9881263264173943
2012-01-10 05:24:00,-0.12207878871392304,-0.29780660683649685,0.9838029070637575
2012-01-10 05:25:00,-0.11800901034335777,-0.278046994539142,0.9896066891575808
2012-01-10 05:26:00,-0.1241721379072612,-0.2716340733158321,0.99011883451114
2012-01-10 05:27:00,-0.07567870461326527,-0.13470615693729937,1.00116413745237
2012-01-10 05:28:00,-0.07566702763993388,-0.4723149519873199,0.9153586012442698
2012-01-10 05:29:00,0.17077768864805648,0.4554485601867455,0.5537214092989844
2012-01-10 05:30:00,0.20818292655296783,0.8728373035610333,0.381120852640041
2012-01-10 05:31:00,0.2149509874598684,0.8683113279799697,0.3887652090806423
2012-01-10 05:32:00,0.2174593576255616,0.8649495001735527,0.3956108930434699
2012-01-10 05:33:00,0.21688572818919166,0.8650819980408504,0.3954806226697174
2012-01-10 05:34:00,0.21680349344264158,0.8651548474217631,0.3954676343169371
2012-01-10 05:35:00,0.21679519783224396,0.865083464806909,0.3954614254394353
2012-01-10 05:36:00,0.21683517305626135,0.8650037705177226,0.39546990703689494
2012-01-10 05:37:00,0.21793425126426455,0.8650071929718594,0.39486239448544597
2012-01-10 05:38:00,0.21909306688409821,0.8646981942555045,0.394821930399048
2012-01-10 05:39:00,0.22012348088212563,0.8644141305621468,0.3947704412030674
2012-01-10 05:40:00,0.2216319594858739,0.8642224731304836,0.39443819855868006
2012-01-10 05:41:00,0.2226307539834003,0.8642322515708747,0.3931690246938934
2012-01-10 05:42:00,0.2226330533101953,0.8641241998045545,0.3931719937365617
2012-01-10 05:43:00,0.22254301888647793,0.8639965911574523,0.3936720791676214
2012-01-10 05:44:00,0.22270144701113634,0.8638117786340628,0.393223376549906
2012-01-10 05:45:00,0.22267894967641677,0.8637281729687201,0.39319902459733674
2012-01-10 05:46:00,0.22275599966646836,0.8638337801249425,0.39316413109262255
2012-01-10 05:47:00,0.2226558812670684,0.8637653310422057,0.3932001948063363
2012-01-10 05:48:00,0.22265198894262458,0.8636259882666342,0.3933170029410195
2012-01-10 05:49:00,0.22265857132913572,0.8636680355603155,0.3932405621812467
2012-01-10 05:50:00,0.22265806036762573,0.8634568212478704,0.39397063720088915
2012-01-10 05:51:00,0.2226501855490599,0.8634558434038313,0.39392623695694723
2012-01-10 05:52:00,0.22262986731489767,0.8634978906975125,0.3931694502244388
2012-01-10 05:53:00,0.22262934132510798,0.8634504652616164,0.393303115171405
2012-01-10 05:54:00,0.22280729118510423,0.8631654237242193,0.39388115973259225
2012-01-10 05:55:00,0.2250263218816219,0.8625410703052556,0.39476805242932445
2012-01-10 05:56:00,0.22304780377351566,0.8619988557855762,0.3961147598936935
2012-01-10 05:57:00,0.22417962860299773,0.8592276457787739,0.40256383971715803
2012-01-10 05:58:00,0.2226854569215294,0.8632332127622299,0.3937128140461846
2012-01-10 05:59:00,0.1734462452471337,0.5615926261250377,0.562132494413016
2012-01-10 06:00:00,-0.12191788092311316,-0.4392459289199105,0.9336353509299342
2012-01-10 06:01:00,-0.10640582586531527,-0.4460339511166182,0.9340089087218103
2012-01-10 06:02:00,-0.10041665063900636,-0.4850917066631769,0.9156931069374662
2012-01-10 06:03:00,-0.12136440440982865,-0.4399004732735814,0.9336472561140539
2012-01-10 06:04:00,-0.13451499073605744,-0.4804254593547049,0.9119473936548104
2012-01-10 06:05:00,-0.1403213469397454,-0.45874797709736714,0.9214689297402339
2012-01-10 06:06:00,-0.12007264862771759,-0.5427589587944052,0.8668558559997208
2012-01-10 06:07:00,-0.12842966457619087,-0.48586985050338977,0.9098802726484067
2012-01-10 06:08:00,-0.09673022865545605,-0.4507846352578664,0.9295250933660437
2012-01-10 06:09:00,-0.10638314819123923,-0.44185848373136916,0.935973389826459
2012-01-10 06:10:00,-0.17930398313913581,-0.5629550073325102,0.8401946652148493
2012-01-10 06:11:00,-0.11335765257645818,-0.47772937221620637,0.9163375536060169
2012-01-10 06:12:00,-0.12283686022712215,-0.44475255984168394,0.9299737476280153
2012-01-10 06:13:00,-0.12163282451365376,-0.4284947537249429,0.9389437864555886
2012-01-10 06:14:00,-0.13292390167876644,-0.4300964867070855,0.9366746061382115
2012-01-10 06:15:00,-0.13851096522498757,-0.39344009610564123,0.9421845013636164
2012-01-10 06:16:00,-0.14339206030374954,-0.5044725999641894,0.8858039478186284
2012-01-10 06:17:00,-0.1692047236960907,-0.461504421659179,0.9143606063906208
2012-01-10 06:18:00,-0.1282978815914508,-0.47106157594410575,0.9172913609809967
2012-01-10 06:19:00,-0.1228945988777518,-0.4538353864293455,0.9286240904632754
2012-01-10 06:20:00,-0.1102185304832333,-0.4639428713394763,0.9255557831241332
2012-01-10 06:21:00,-0.1381092442801721,-0.4665002757471298,0.9190857362501641
2012-01-10 06:22:00,-0.10814271929231181,-0.5221474732162895,0.8855362794344893
2012-01-10 06:23:00,-0.06808285600361048,-0.2943949823223888,0.9722887274885056
2012-01-10 06:24:00,-0.08502059887225745,-0.056242460027960274,1.0213813160957252
2012-01-10 06:25:00,-0.07702020400120252,-0.07741789270952439,1.0196032076987667
2012-01-10 06:26:00,-0.08963815803809871,-0.12042892502954824,1.0181777867546669
2012-01-10 06:27:00,-0.03843469009303761,-0.12964109593748144,1.0220715363113415
2012-01-10 06:28:00,-0.062456523562518136,-0.06527751893431193,1.0235323149752957
2012-01-10 06:29:00,-0.08939725471441493,-0.034430597553549595,1.0212196918577037
2012-01-10 06:30:00,-0.05853848573214223,-0.051713502022577504,1.023267257801321
2012-01-10 06:31:00,-0.05424525187063159,-0.05481808350840898,1.0241510460593024
2012-01-10 06:32:00,-0.05165458684526947,-0.03665773513699795,1.0241412008298683
2012-01-10 06:33:00,-0.09319835750040009,-0.03630886482994897,1.0132432668533924
2012-01-10 06:34:00,-0.05843382879227111,-0.4041989473763159,0.9543733692895812
2012-01-10 06:35:00,-0.0977080136179538,-0.37971075021299644,0.9612143627452618
2012-01-10 06:36:00,-0.11269846714372318,-0.1021286227300414,0.9858967784676221
2012-01-10 06:37:00,-0.11505535224998203,0.01686460723520299,1.016569213595413
2012-01-10 06:38:00,-0.1104841252704737,0.05853059063334733,1.013872065603255
2012-01-10 06:39:00,-0.12836050443298483,0.0809563435955034,1.0074766896688363
2012-01-10 06:40:00,-0.10021004184961117,0.01324247734557821,1.0186411605050463
2012-01-10 06:41:00,-0.020937910247615012,0.015802790839248043,1.0223836919797613
2012-01-10 06:42:00,-0.02737964708898405,-0.30128030000098666,0.9759209304982043
2012-01-10 06:43:00,-0.15551600473015703,-0.5064012262086023,0.8788066976124859
2012-01-10 06:44:00,-0.055782179007862906,-0.3881288384228796,0.9611358426885063
2012-01-10 06:45:00,-0.09201467007765335,0.10286540376740036,0.885689006215655
2012-01-10 06:46:00,-0.15606316936596512,0.5417988626246173,0.8198713263715918
2012-01-10 06:47:00,-0.14592591843182376,0.5658059605207008,0.8038102562083823
2012-01-10 06:48:00,-0.13923785305779715,0.5722441101202194,0.8005249282911399
2012-01-10 06:49:00,-0.13601457259821984,0.5752563586826591,0.7987419262929103
2012-01-10 06:50:00,-0.13514692989768584,0.5759178701751085,0.7979186794261459
2012-01-10 06:51:00,-0.13581671026761344,0.5761520638224723,0.7976998503432282
2012-01-10 06:52:00,-0.0698830184881684,-0.13652719589131054,0.9111652781837081
2012-01-10 06:53:00,0.043861537149315316,0.2838093561232403,0.9715929850469494
2012-01-10 06:54:00,0.04354388440117406,0.2917065468134962,0.9688283711210647
2012-01-10 06:55:00,0.042476711230986286,0.2886116215375508,0.970054111856785
2012-01-10 06:56:00,0.040576971365097816,0.28080539478903194,0.9728089869358719
2012-01-10 06:57:00,0.04180972612108397,0.28202017043880273,0.9726069856517909
2012-01-10 06:58:00,0.0414533755527003,0.28138816539023304,0.9726955927166996
2012-01-10 06:59:00,0.03991488547437958,0.28281569545681046,0.972451009364643
2012-01-10 07:00:00,0.042799248170031924,0.28152728815089567,0.9726742001356499
2012-01-10 07:01:00,0.04096509171677951,0.281303753003558,0.9726808538859945
2012-01-10 07:02:00,0.041279363101986974,0.2817409959656404,0.9726585038612178
2012-01-10 07:03:00,0.04157732880371365,0.2833074532240726,0.9723726537174163
2012-01-10 07:04:00,0.041589336399198575,0.2844357385685852,0.9720963103128426
2012-01-10 07:05:00,0.04209397100343926,0.28295997634477926,0.9725148099329908
2012-01-10 07:06:00,0.04057106525117344,0.2820572551739855,0.9726331267668802
2012-01-10 07:07:00,0.04121843845605971,0.2822854595266098,0.9726082429011292
2012-01-10 07:08:00,0.04104947550732752,0.28338665859123946,0.9725391135298164
2012-01-10 07:09:00,0.04105311235101632,0.28387753629886636,0.972436657379888
2012-01-10 07:10:00,0.041509385951163776,0.2837656220485917,0.9723804389921655
2012-01-10 07:11:00,0.04199032095830843,0.28420716752444614,0.9716840098990474
2012-01-10 07:12:00,0.03949461963240719,0.2909304808918665,0.9693352843831465
2012-01-10 07:13:00,-0.0384019434715587,-0.32778038682864813,0.9566912825255433
2012-01-10 07:14:00,-0.0653380759698655,-0.40340154000853284,0.9535660217913728
2012-01-10 07:15:00,-0.05127334944569303,-0.4418224012863265,0.9393734465814021
2012-01-10 07:16:00,-0.06345139567904136,-0.289149900234973,0.968873429003122
2012-01-10 07:17:00,0.04296742964821941,-0.10608749766063037,1.0228297447027173
2012-01-10 07:18:00,-0.009194572033036318,-0.03993378157508517,1.023677179112522
2012-01-10 07:19:00,-0.028196464147553082,0.0418295278136834,1.022709319558399
2012-01-10 07:20:00,-0.015577067395805133,0.042215189502703435,1.0237771014214763
2012-01-10 07:21:00,-0.01187943431559432,0.04597128402568457,1.02390347432228
2012-01-10 07:22:00,-0.027495455012396856,0.041818991544162125,1.022799299926431
2012-01-10 07:23:00,-0.07961177072334699,-0.1858383795708354,0.9990926644290259
2012-01-10 07:24:00,-0.07020844085691756,-0.3585925214077195,0.9718139707960398
2012-01-10 07:25:00,-0.09738675408268314,-0.38326144859556516,0.9501811487399777
2012-01-10 07:26:00,-0.053569580415059326,-0.3550606465229034,0.9672352427863753
2012-01-10 07:27:00,-0.037316976818199274,-0.36421588246166015,0.9737330361861273
2012-01-10 07:28:00,-0.05806581627883576,-0.36900788051356015,0.9670836281873166
2012-01-10 07:29:00,-0.07444803878815823,-0.3771370891481929,0.9621701236922904
2012-01-10 07:30:00,-0.06666890527921164,-0.4556424177674966,0.9334924790493517
2012-01-10 07:31:00,-0.04790779626214103,-0.4434251610047101,0.9317346220378896
2012-01-10 07:32:00,-0.05857231438975996,-0.421489234567839,0.9462224380771045
2012-01-10 07:33:00,-0.06273998697432873,-0.3951216211613742,0.9557667787312962
2012-01-10 07:34:00,-0.05051428606603333,-0.35467723387517336,0.9746312634692024
2012-01-10 07:35:00,-0.05982287765719747,-0.3657738324769522,0.9688402569628867
2012-01-10 07:36:00,-0.07622439647766217,-0.40037589498275755,0.953344494457952
2012-01-10 07:37:00,-0.09535306715977698,-0.40039919211698904,0.9492322156239713
2012-01-10 07:38:00,-0.10419602253253696,-0.3889858698309465,0.9554391492248658
2012-01-10 07:39:00,-0.06604482590786934,-0.35381614441434417,0.9759416557699899
2012-01-10 07:40:00,-0.08730213218407148,-0.4639294259839387,0.912417353457493
2012-01-10 07:41:00,-0.030152514977499146,-0.3846655837435071,0.965646002253486
2012-01-10 07:42:00,-0.04810717644899772,-0.38961186113867574,0.9628450441505735
2012-01-10 07:43:00,-0.06303207661869044,-0.40342615723221714,0.955552030873154
2012-01-10 07:44:00,-0.09137711033941495,-0.39918470982043,0.9533994072405925
2012-01-10 07:45:00,-0.10342383946469412,-0.3925272053568409,0.9536114181636367
2012-01-10 07:46:00,-0.08901077244522114,-0.48950574354786475,0.9135671369908782
2012-01-10 07:47:00,0.029565871050903976,-0.01661559925064682,1.0037038004581742
2012-01-10 07:48:00,0.04166279463040047,0.07280378893443719,1.0188125139187172
2012-01-10 07:49:00,0.029710052366401313,0.12192135949422074,1.012698297620953
2012-01-10 07:50:00,0.014024886554672438,0.12426175586349755,1.01285116946935
2012-01-10 07:51:00,-0.005099230558691507,-0.017333336775344352,1.0240609012817412
2012-01-10 07:52:00,-0.004509160184323413,-0.2047381736046119,0.9951022130559332
2012-01-10 07:53:00,0.007633314110961327,-0.029762321218696413,1.0166765440043148
2012-01-10 07:54:00,-0.012114551751591386,-0.23062473663604263,0.9825588008165482
2012-01-10 07:55:00,-0.033081331324521214,-0.3765477425458289,0.9649052986413599
2012-01-10 07:56:00,-0.04478304120431487,-0.40544188493441263,0.9573339497027228
2012-01-10 07:57:00,-0.07975780051724814,-0.38334033616341934,0.9640221680214941
2012-01-10 07:58:00,-0.05914113477662407,-0.36155186860764404,0.968204349918688
2012-01-10 07:59:00,-0.04106460898499125,-0.3939521685828156,0.9598092318712537
2012-01-10 08:00:00,-0.06419773010579025,-0.44212352835816654,0.9392099654828189
2012-01-10 08:01:00,-0.04641430085325943,-0.5447984236606497,0.8725082265886092
2012-01-10 08:02:00,-0.08852635087718475,-0.46499011785924865,0.9095781846458427
2012-01-10 08:03:00,-0.053161667819005096,-0.3459936121164733,0.9754416960638641
2012-01-10 08:04:00,-0.09124511695875902,-0.3873078650137543,0.9588422137070723
2012-01-10 08:05:00,-0.085914826599591,-0.39425750038402385,0.956222541287604
2012-01-10 08:06:00,-0.07925570569227773,-0.3993113650695941,0.9509869875389801
2012-01-10 08:07:00,-0.09137999576911847,-0.378289796147582,0.9626084588385386
2012-01-10 08:08:00,-0.045654861766607095,-0.3518369636331099,0.9757204088998831
2012-01-10 08:09:00,-0.05067003915690412,-0.3856630580016895,0.959408362755289
2012-01-10 08:10:00,-0.04095666085186457,-0.3593952580255156,0.9740312557291885
2012-01-10 08:11:00,-0.03534900856244652,-0.2575427784521154,0.9751915227878261
2012-01-10 08:12:00,0.01340064187225338,0.20510185824885324,0.9951428318807113
2012-01-10 08:13:00,0.016003314493100423,0.28980508018726925,0.9694081371467307
2012-01-10 08:14:00,0.019753531524001795,0.31099852964525376,0.9616379397185074
2012-01-10 08:15:00,-0.017518059889485998,-0.26739695286391796,0.9770153080203625
2012-01-10 08:16:00,-0.024316748430426933,-0.3527865968716794,0.9771242244976603
2012-01-10 08:17:00,-0.022063017436068602,-0.3614754500959886,0.9723056906834249
2012-01-10 08:18:00,-0.02172205582610366,-0.3660061193284398,0.9704865572734404
2012-01-10 08:19:00,-0.014178791167139423,-0.3684147203194436,0.9707158215258664
2012-01-10 08:20:00,0.13473494463783134,-0.14428286810300808,0.9771805105834244
2012-01-10 08:21:00,-0.006530674200667894,-0.3624550298082555,0.9744456451111152
2012-01-10 08:22:00,-0.010359519190989952,-0.32425437900806664,0.980428701289441
2012-01-10 08:23:00,-0.03933722845904847,-0.31508758006354753,0.9832351912894424
2012-01-10 08:24:00,-0.03964524807989832,-0.28000722959211866,0.9901096372486724
2012-01-10 08:25:00,-0.06166569039956042,-0.16253860516043306,0.9906789584336811
2012-01-10 08:26:00,-0.09835292218496831,-0.18574443320477912,0.987478601229415
2012-01-10 08:27:00,-0.11557068698937324,-0.22086343296185332,0.9991948691290865
2012-01-10 08:28:00,-0.1295095216144503,-0.15889581831548236,0.9872275382076913
2012-01-10 08:29:00,-0.11785172436795699,-0.1161478260419757,0.979059460048469
2012-01-10 08:30:00,-0.10664384375929555,-0.3844128355055014,0.9567635743624995
2012-01-10 08:31:00,-0.12646721169909014,-0.5554227480376455,0.8569430639201966
2012-01-10 08:32:00,-0.08377198928118168,-0.42676059621380547,0.9445587490410863
2012-01-10 08:33:00,-0.15038544020827896,-0.5213758564850377,0.8747001924543129
2012-01-10 08:34:00,-0.08424512461115904,-0.45438576594675145,0.9297057117402237
2012-01-10 08:35:00,-0.10032751791207133,-0.29185131662348457,0.9544237463034548
2012-01-10 08:36:00,-0.0004061693156083551,-0.16024688097820233,1.0089877583063254
2012-01-10 08:37:00,-0.06221431277849994,-0.18294442569102554,1.0108954504254748
2012-01-10 08:38:00,-0.06700125568490516,-0.16807572037012533,1.0158634034880012
2012-01-10 08:39:00,-0.07588011361788226,-0.16206679541156854,1.015591847302062
2012-01-10 08:40:00,-0.007080078050152121,-0.15096525869739225,1.0108070948104337
2012-01-10 08:41:00,-0.08431500611179096,-0.19025750124452656,1.0100319038818413
2012-01-10 08:42:00,-0.07093848462846536,-0.10938887025933021,1.0182828927993546
2012-01-10 08:43:00,0.02075766106082378,-0.05663518664016279,1.0237404284253908
2012-01-10 08:44:00,0.034286839809400775,-0.12318346279548383,1.0202935923239116
2012-01-10 08:45:00,0.003421954317287825,-0.24994434356190467,1.005926443207734
2012-01-10 08:46:00,0.0030218714549603144,-0.22580927032720433,1.009906072565368
2012-01-10 08:47:00,0.02633216096521086,-0.15346355243288234,1.019757655944411
2012-01-10 08:48:00,0.02116470201665507,-0.18074241869938196,1.0179957757350662
2012-01-10 08:49:00,0.01409807427683963,-0.204294965793891,1.014526038353331
2012-01-10 08:50:00,0.02501581891750111,-0.20053870014820302,1.0152752332340655
2012-01-10 08:51:00,-0.006668799119443799,-0.21872268789925925,1.0118865013943166
2012-01-10 08:52:00,0.007951583018570524,-0.12614965490368202,1.0169025297373124
2012-01-10 08:53:00,0.0028889914058017295,-0.05937742801730671,1.0143885823160521
2012-01-10 08:54:00,0.0010341710679538593,-0.3535536910742504,0.9784151681182983
2012-01-10 08:55:00,3.192006609509539e-05,-0.3118042242412681,0.9902189405719205
2012-01-10 08:56:00,-0.021318035554493235,-0.28223822965952144,0.9674229307702963
2012-01-10 08:57:00,0.004191792973496564,-0.3868393065963198,0.9429996921634666
2012-01-10 08:58:00,0.05896613045945015,-0.06378432664050915,1.0261723645051943
2012-01-10 08:59:00,0.03363942151967539,-0.01793314630892673,1.0273094208068159
2012-01-10 09:00:00,0.028221546346382045,0.004865654154145006,1.0180831255506366
2012-01-10 09:01:00,-0.026190880107696737,-0.36431684485869703,0.9487520721016479
2012-01-10 09:02:00,-0.03304221271244705,-0.47655850176379105,0.9262933822975085
2012-01-10 09:03:00,-0.03791720630964848,-0.4807541127362455,0.9251278347916497
2012-01-10 09:04:00,-0.07215025990598224,-0.5564401458681244,0.8688306175354978
2012-01-10 09:05:00,0.035897074895036934,-0.1694867982107449,0.9934634755837072
2012-01-10 09:06:00,0.04332361490552631,-0.15399919095139894,1.0195139720091886
2012-01-10 09:07:00,0.04981227003613682,-0.14969298581812257,1.0201296856947832
2012-01-10 09:08:00,0.05523507448517366,-0.17374956262258437,1.016486148098742
2012-01-10 09:09:00,0.022433434474256886,-0.1861513630016495,1.0164318736119193
2012-01-10 09:10:00,0.016206241353967688,-0.2050900752281821,1.0142930507086336
2012-01-10 09:11:00,0.02687101496234162,-0.20950357429864847,1.0139573554641401
2012-01-10 09:12:00,0.02934205488124566,-0.07461126030240589,1.0208413661894906
2012-01-10 09:13:00,0.05416387373602474,-0.04193518386210788,1.0264120252425337
2012-01-10 09:14:00,-0.0490214519014588,0.0024964358318157924,1.0235144040077984
2012-01-10 09:15:00,-0.02918696303468192,0.008512254590848199,1.0243863451085526
2012-01-10 09:16:00,0.00500453736826533,-0.3545220255800676,0.9631263681967569
2012-01-10 09:17:00,-0.024775982601676422,-0.4842506874512502,0.919063763400189
2012-01-10 09:18:00,-0.023488795416595907,-0.47997364651643987,0.920137715456173
2012-01-10 09:19:00,0.06701141480198627,-0.12554991870840257,1.0182903299127486
2012-01-10 09:20:00,0.12256433740293736,-0.17937710395979214,1.0132921835238038
2012-01-10 09:21:00,0.1131382998058725,-0.18157529735968322,1.0139234387454505
2012-01-10 09:22:00,0.005436329900772056,-0.3652567485490775,0.9580786184858392
2012-01-10 09:23:00,-0.09229672083117159,-0.5753109712722426,0.8630284698658146
2012-01-10 09:24:00,-0.1293077068462813,-0.6534232799261321,0.8066116108283937
2012-01-10 09:25:00,-0.009668428720439546,-0.327809722149821,0.9431796432283822
2012-01-10 09:26:00,0.052319948900963566,-0.13699008281331831,1.0230063882347582
2012-01-10 09:27:00,0.04371951990609561,-0.14887922400878567,1.022025134139607
2012-01-10 09:28:00,0.02672542098855194,-0.11965461922718894,1.0246909766232395
2012-01-10 09:29:00,0.05296311418753222,-0.13498843606528585,1.0230997051491115
2012-01-10 09:30:00,0.05128015725639975,-0.1378007155217301,1.0228072786241553
2012-01-10 09:31:00,0.04680443499442171,-0.13721889831846715,1.0230227034627106
2012-01-10 09:32:00,0.04154413133384356,-0.13409126415941391,1.0236065700554495
2012-01-10 09:33:00,0.03717987382244336,-0.14058561534507966,1.0229927422438625
2012-01-10 09:34:00,0.035932706946219355,-0.13925379176382893,1.023171029871192
2012-01-10 09:35:00,0.03949681376124424,-0.14694490182284503,1.0223220190641398
2012-01-10 09:36:00,0.03523103656675607,-0.15120245921517633,1.022013325666975
2012-01-10 09:37:00,0.026114401192273977,-0.14643048251997684,1.022578507600316
2012-01-10 09:38:00,0.025989666470715933,-0.14869233356681316,1.0223487017635595
2012-01-10 09:39:00,0.01843320698217001,-0.15682398681154364,1.0215157934191872
2012-01-10 09:40:00,0.012151356008590861,-0.1559635818415418,1.0215734141234796
2012-01-10 09:41:00,0.013249607661210203,-0.15604752975229833,1.0216001741920893
2012-01-10 09:42:00,0.008697722077683233,-0.15170272422557857,1.0219998150721619
2012-01-10 09:43:00,0.00910927151742626,-0.1535817004389063,1.0217937615767518
2012-01-10 09:44:00,0.008430489207954896,-0.21204819339549077,1.010486941101992
2012-01-10 09:45:00,-0.03134281484331645,-0.14303330565154643,1.0137869111384523
2012-01-10 09:46:00,0.018686734060806665,-0.25195747997739654,1.0029273909648384
2012-01-10 09:47:00,-0.0028560945015257584,-0.1696821225575546,0.9995987363011659
2012-01-10 09:48:00,-0.020696781499735632,-0.45997177335839856,0.9327398799242549
2012-01-10 09:49:00,-0.018505372781317204,-0.4252857384957358,0.9509432739465998
2012-01-10 09:50:00,-0.015983041343777312,-0.42477892193027156,0.9519832996127455
2012-01-10 09:51:00,-0.03477283934680628,-0.4510702879477877,0.9373574956230701
2012-01-10 09:52:00,0.03851174008308919,-0.2513647109208957,0.9953176475656372
2012-01-10 09:53:00,0.07937657814595139,-0.1767340404143137,1.0124674666424285
2012-01-10 09:54:00,0.10061391183842454,-0.1832670897778267,1.0117436778694777
2012-01-10 09:55:00,0.06319899572138264,-0.2355241753017385,1.0072309167654825
2012-01-10 09:56:00,0.12499752108526252,-0.15887787487736493,1.0129535772635347
2012-01-10 09:57:00,0.1207048132135416,-0.20317885460766516,1.005238360315993
2012-01-10 09:58:00,0.12075586427970214,-0.1323666161815568,1.0144206615164781
2012-01-10 09:59:00,0.14793868598937948,-0.060127898871213024,1.0190779289251959
2012-01-10 10:00:00,0.13359416295364462,-0.07521434561351925,1.0198755569189037
2012-01-10 10:01:00,0.11157032424276903,-0.14560254197207304,1.0164174636002719
2012-01-10 10:02:00,0.11563566927082108,-0.1503085386407344,1.0145486688414216
2012-01-10 10:03:00,0.12978792049600008,-0.11940595348804645,1.0162293597569543
2012-01-10 10:04:00,0.14477191186149596,-0.1110733777393824,1.016880005631858
2012-01-10 10:05:00,0.14565309504204488,-0.11142119686408936,1.0174077312060643
2012-01-10 10:06:00,0.14079016915344722,-0.11487983123037707,1.0174272282419579
2012-01-10 10:07:00,0.12096693646816996,-0.1358329021774504,1.0167425495945792
2012-01-10 10:08:00,0.16638925063460966,-0.10435375573320961,1.014809915582786
2012-01-10 10:09:00,0.14461539232836015,-0.13080607487956114,1.0150293539480755
2012-01-10 10:10:00,0.1466544894319604,-0.1251596611523988,1.0149324490375333
2012-01-10 10:11:00,0.1780760524609352,-0.0948139826260778,1.0138403055507381
2012-01-10 10:12:00,0.1619364915840221,-0.12064972221357645,1.014440061840884
2012-01-10 10:13:00,0.16216776178041448,-0.10616939209890477,1.015324149904477
2012-01-10 10:14:00,0.14742790481873913,-0.1300700761174335,1.0139999955590084
2012-01-10 10:15:00,0.15021012029723121,-0.1252898610862046,1.0144578470834476
2012-01-10 10:16:00,0.15560582875795853,-0.10042311604924958,1.0170007499240854
2012-01-10 10:17:00,0.1504431788589086,-0.11914530915942502,1.0151204078136198
2012-01-10 10:18:00,0.15191531908232828,-0.13607763209433552,1.0133534115665825
2012-01-10 10:19:00,0.10787272121911762,-0.18026031714200594,1.0140314944905089
2012-01-10 10:20:00,0.1313313398500643,-0.13327566889250372,1.014891008165111
2012-01-10 10:21:00,0.131011748453841,-0.1426060366986628,1.0153379893183476
2012-01-10 10:22:00,0.14349413237951125,-0.13644569259065178,1.0149339190521445
2012-01-10 10:23:00,0.12767288549504646,-0.13845225300498074,1.0159347765658255
2012-01-10 10:24:00,0.151920594008505,-0.10869257196518989,1.0131356366388793
2012-01-10 10:25:00,0.15395106487955412,-0.15353752633444004,1.0097269919038403
2012-01-10 10:26:00,0.14414264773365518,-0.15675289754990127,1.0123687628982176
2012-01-10 10:27:00,0.09127995251111704,-0.2134563132578921,1.0082104493961552
2012-01-10 10:28:00,0.07047011326315475,-0.21774442827644516,1.0089878840312592
2012-01-10 10:29:00,0.12144917893564902,-0.1601588016763806,1.0149965880960878
2012-01-10 10:30:00,0.12671417141949537,-0.15306679221401853,1.0160819230941585
2012-01-10 10:31:00,0.10056621207863836,-0.20307745218081077,1.0081372678135132
2012-01-10 10:32:00,0.09509627894444415,-0.21457787592463587,1.0073182472387554
2012-01-10 10:33:00,0.10518864040710431,-0.21598853818153885,1.007584977521465
2012-01-10 10:34:00,0.11132241774074231,-0.20615137825601654,1.005691289225715
2012-01-10 10:35:00,0.031225654374730117,-0.35003902624452243,0.9792667707932173
2012-01-10 10:36:00,0.023444897811575296,-0.35048668324562127,0.9792749622562144
2012-01-10 10:37:00,-0.013329543080965294,-0.41109524135425257,0.9563405389735844
2012-01-10 10:38:00,0.06747389508165222,-0.22069245693161713,1.0002909197599796
2012-01-10 10:39:00,0.05465725215876579,-0.287014459976291,0.9920281320409831
2012-01-10 10:40:00,0.015838379123329388,-0.3763106642585497,0.9702218289185235
2012-01-10 10:41:00,0.03551577738234166,-0.32948440229728027,0.9829968941840775
2012-01-10 10:42:00,0.03676225295769919,-0.3094860738238807,0.983550490081208
2012-01-10 10:43:00,-0.010169696990026133,-0.3868496717431343,0.966027306635516
2012-01-10 10:44:00,0.06384800700875684,-0.3033833980680755,0.9904253228863882
2012-01-10 10:45:00,0.019223213589743916,-0.34476409546781317,0.9803851230931435
2012-01-10 10:46:00,9.808958163968364e-05,-0.3317232006708949,0.9833549974802402
2012-01-10 10:47:00,-0.007532294014779013,-0.42570271564010786,0.9506343774553112
2012-01-10 10:48:00,-0.005741990081708095,-0.3683572719821467,0.9710879866723213
2012-01-10 10:49:00,-0.021017725441132458,-0.3406964598339756,0.9796393324567714
2012-01-10 10:50:00,-0.031502835965623685,-0.3556701367124729,0.9759005727300716
2012-01-10 10:51:00,-0.046429193878447864,-0.36229505452345906,0.9729171974193105
2012-01-10 10:52:00,-0.05408260079937584,-0.3352759769720467,0.9805607318122674
2012-01-10 10:53:00,-0.06186391340887977,-0.2853998438989333,0.9939911237887235
2012-01-10 10:54:00,-0.05994920537640434,-0.24294405587040993,0.9921941082959455
2012-01-10 10:55:00,-0.031246137919969105,0.032844143384517896,1.0022500237059198
2012-01-10 10:56:00,0.029895967214641626,-0.05024666262562839,0.999245971479117
2012-01-10 10:57:00,0.04356490896448246,0.14055579110188718,1.0102588857431607
2012-01-10 10:58:00,0.043552089841893425,0.14148669862710794,1.0101190892878829
2012-01-10 10:59:00,0.04362697575966736,0.14220296938574684,1.0099827357615623
2012-01-10 11:00:00,0.04360366689784369,0.14238680406509716,1.0099406662644708
2012-01-10 11:01:00,0.04350745585116723,0.14279652071747898,1.009793181245931
2012-01-10 11:02:00,0.04349158598779792,0.14311725356230295,1.0097651445856854
2012-01-10 11:03:00,0.043180139919175145,0.14332015620041566,1.0097733457198312
2012-01-10 11:04:00,0.0431112052001647,0.1431720128284924,1.0098241192508037
2012-01-10 11:05:00,0.04305020541283889,0.14307520626862177,1.0098574847140145
2012-01-10 11:06:00,0.043100294669098295,0.14328788734712544,1.0098516820247603
2012-01-10 11:07:00,0.04280571033030542,0.14337931576478105,1.0098516820247603
2012-01-10 11:08:00,0.04277942586909999,0.1432473068195029,1.0098686065350846
2012-01-10 11:09:00,0.04285728738625569,0.14321797149832996,1.0098845832728305
2012-01-10 11:10:00,0.042772482803875925,0.1432140601221736,1.0098400766462523
2012-01-10 11:11:00,0.0426296540335521,0.14317054606243376,1.0098250863656795
2012-01-10 11:12:00,0.04267230429135713,0.14308791824113004,1.0098870107311684
2012-01-10 11:13:00,0.04263014996678239,0.14313534367702624,1.0098812080419144
2012-01-10 11:14:00,0.04266982462520568,0.14316125654406234,1.0098632874032685
2012-01-10 11:15:00,0.042513605657664,0.14306933920438716,1.0098661887478952
2012-01-10 11:16:00,0.04233259002860777,0.14326001879201117,1.009843945105755
2012-01-10 11:17:00,0.042290435704033034,0.1431509891816518,1.0098879488325978
2012-01-10 11:18:00,0.042333581895068355,0.14320379275976308,1.009951778414392
2012-01-10 11:19:00,0.04237474435318251,0.14320085922764578,1.0098748927817764
2012-01-10 11:20:00,0.042428305142053944,0.14324339544334652,1.009870057207398
2012-01-10 11:21:00,0.060968092683897405,0.1085937363789381,1.011205517125763
2012-01-10 11:22:00,0.03895022020006499,-0.0922706591725873,1.0146067150762594
2012-01-10 11:23:00,0.007742524619583294,0.18078576163641497,1.001583275368336
2012-01-10 11:24:00,-0.01907278050988897,0.18814794940677965,0.9990784478403536
2012-01-10 11:25:00,-0.040734768302008596,0.1579234990952058,1.0007041872886506
2012-01-10 11:26:00,0.0676677749181366,-0.3076098600199635,0.9782381474114559
2012-01-10 11:27:00,0.02908932430143341,-0.4251475202408093,0.9514903901740632
2012-01-10 11:28:00,0.02064496399131007,-0.45566554377902124,0.9383282565218204
2012-01-10 11:29:00,0.056054837086565036,-0.3502785735880003,0.9579763751011835
2012-01-10 11:30:00,0.1295060951666774,-0.3310987983597292,0.9651273965725572
2012-01-10 11:31:00,0.08002389123771884,-0.08134562330746808,1.0065619247213873
2012-01-10 11:32:00,0.05040953895648398,0.21273840461048774,0.9918688385498117
2012-01-10 11:33:00,0.01850642476089661,-0.2998757003771261,0.9822963064969942
2012-01-10 11:34:00,-0.024301419585127028,-0.38557370750261694,0.9597069594731517
2012-01-10 11:35:00,-0.027361568068497984,-0.39029324731121984,0.9638097702524995
2012-01-10 11:36:00,-0.03066795491484829,-0.33155745610626786,0.979132873738681
2012-01-10 11:37:00,-0.03182800285361784,-0.3431410699317192,0.9798565754712928
2012-01-10 11:38:00,-0.046836926135145625,-0.23468039368040128,0.9910858430041726
2012-01-10 11:39:00,-0.07480864235969864,-0.28646102469626283,0.987984914880274
2012-01-10 11:40:00,-0.10659342388088264,-0.18742774282588343,0.993011939319406
2012-01-10 11:41:00,0.02005170762164435,-0.3541125289425946,0.9583575054025358
2012-01-10 11:42:00,0.03040174396813995,-0.3352343452620821,0.9799554726384787
2012-01-10 11:43:00,-0.022558048969577284,-0.2838832811325961,0.996418040542322
2012-01-10 11:44:00,-0.0032358140448519247,-0.2825043743608628,0.9966541132834729
2012-01-10 11:45:00,-0.02095989662082458,-0.258846464571141,1.0026197613940369
2012-01-10 11:46:00,-0.018574472811404424,-0.32347872867015354,0.9799963622554221
2012-01-10 11:47:00,0.030660200322520106,-0.23155938441471297,0.99109130720322
2012-01-10 11:48:00,0.18153622369351483,-0.19835913467725674,1.0012639630498363
2012-01-10 11:49:00,0.2324194089414862,-0.16593715101051823,0.9973216933398495
2012-01-10 11:50:00,0.20027476023446736,-0.19032727041671615,0.9999092962300408
2012-01-10 11:51:00,0.1842466490798524,-0.19488309468707313,1.0020897534287239
2012-01-10 11:52:00,0.13518988072108498,-0.26514796046619576,0.9956998030087578
2012-01-10 11:53:00,0.14501514456853415,-0.24195870687831242,0.9993032730355003
2012-01-10 11:54:00,0.15916894370652285,-0.19547444586971732,1.006300320147519
2012-01-10 11:55:00,0.1539971566134118,-0.19228787216120752,1.0069416817196162
2012-01-10 11:56:00,0.15682104551152803,-0.19998670718813252,1.004258170047205
2012-01-10 11:57:00,0.22361582766155536,-0.10857430172866106,1.0013730342655145
2012-01-10 11:58:00,0.2125052100791498,-0.2461164752864538,0.9822841595341557
2012-01-10 11:59:00,0.22152721237632453,-0.2565379459175388,0.9793792269109602
2012-01-10 12:00:00,0.14663278859606524,-0.2608521938180367,0.99510122659876
2012-01-10 12:01:00,0.13861868793391866,-0.24952379728678986,0.9987755958170378
2012-01-10 12:02:00,0.14264440338838655,-0.2154445879886899,1.0044062933615625
2012-01-10 12:03:00,0.12742592577464124,-0.2751738442912639,0.992537985332287
2012-01-10 12:04:00,0.1465853142604747,-0.2470919724998574,0.9958713691877015
2012-01-10 12:05:00,0.0814085518449711,-0.13146240379860336,1.0174841429523909
2012-01-10 12:06:00,0.0934278543597872,-0.26371874361865094,0.9991179157984296
2012-01-10 12:07:00,0.12978727427997272,-0.2475373560135653,0.9990047440156787
2012-01-10 12:08:00,0.1139465056601701,-0.1788157481430473,1.0135939523784587
2012-01-10 12:09:00,0.11733006272280964,-0.18574333313023514,1.0121612490593455
2012-01-10 12:10:00,0.11910374537852596,-0.2280331321331217,1.0052986115727471
2012-01-10 12:11:00,0.14160549841232536,-0.18246564880338242,1.0105265928118947
2012-01-10 12:12:00,0.08935717429243957,-0.24091241375647815,1.004891639961917
2012-01-10 12:13:00,0.07335379968622034,-0.2613325108100414,1.0018164177514135
2012-01-10 12:14:00,0.0822094539553317,-0.28831834166412457,0.9946997868850185
2012-01-10 12:15:00,0.07718882129950147,-0.2771179204714945,0.997450977256429
2012-01-10 12:16:00,0.09722392267207092,-0.20182114260547931,1.0119672264729886
2012-01-10 12:17:00,0.12320685647347866,-0.19136505629541026,1.0110153049720163
2012-01-10 12:18:00,0.13197351327017237,-0.1571371658111656,1.0147479235192558
2012-01-10 12:19:00,0.10114033744823861,-0.1909250753700184,1.0133628215943227
2012-01-10 12:20:00,0.1307407735424659,-0.1925716180552526,1.0101107140730594
2012-01-10 12:21:00,0.08900590328259647,-0.2125925836181573,1.0107722980172071
2012-01-10 12:22:00,0.0657256252469184,-0.2136768659809105,1.0118394125710204
2012-01-10 12:23:00,0.12262524702058494,-0.1822627461652697,1.0110654015225762
2012-01-10 12:24:00,0.12138832943112027,-0.15036134221884567,1.016708371754873
2012-01-10 12:25:00,0.12384815825336379,-0.08901966998800194,1.0142240083776597
2012-01-10 12:26:00,0.09301492231831124,0.1843257281806546,0.9980867779179914
2012-01-10 12:27:00,0.11545481895284161,0.06134433685585025,1.0023525475538893
2012-01-10 12:28:00,0.12742267966622478,-0.19964299500838975,1.0089430292433257
2012-01-10 12:29:00,0.12686397331160268,-0.19864806314470906,1.008987806662069
2012-01-10 12:30:00,0.09302900381639555,-0.235562629018576,1.0058015983484339
2012-01-10 12:31:00,0.14632374705219542,-0.2422378324592728,0.9991747047839288
2012-01-10 12:32:00,0.11611804699281748,-0.2303476645275644,1.0050856818905711
2012-01-10 12:33:00,0.08553654977111659,-0.23393048508681746,1.0039625713854567
2012-01-10 12:34:00,0.02502677453340663,-0.30937371954378845,0.9789019267063712
2012-01-10 12:35:00,0.014238889257682873,-0.25805541318961217,0.970597553047721
2012-01-10 12:36:00,0.018889856289310107,-0.3021710425823015,0.9780591247768209
2012-01-10 12:37:00,0.14011760855177402,0.20975495355499943,0.9857051639973058
2012-01-10 12:38:00,0.12177246728867995,0.1936566826932371,0.9930517554388374
2012-01-10 12:39:00,0.11852012213615165,0.1982786092206371,0.9924056840172956
2012-01-10 12:40:00,0.11439766964521761,0.17518528213298917,0.9983958871745526
2012-01-10 12:41:00,0.10606122741166153,0.15793557546908865,1.0028891512426543
2012-01-10 12:42:00,0.12509260501096106,0.17568246693466827,0.9972318000121562
2012-01-10 12:43:00,0.1234328066588552,0.1738993927754751,0.9974121185807246
2012-01-10 12:44:00,0.11751745034246114,0.1821832229987901,0.9964082146551854
2012-01-10 12:45:00,0.11510769574819729,0.17150646173519776,0.9988273461340349
2012-01-10 12:46:00,0.1097868130921251,0.17061752816535522,0.9991370259883727
2012-01-10 12:47:00,0.08168468145628525,0.2733544676721192,0.9701635118915207
2012-01-10 12:48:00,0.09333080172944722,0.1480732116134586,1.006124111817172
2012-01-10 12:49:00,0.05425668839148769,-0.03981181997730874,0.9825919051587424
2012-01-10 12:50:00,0.018176178314361902,-0.34405364288120693,0.9770319617385215
2012-01-10 12:51:00,0.0008093630318349639,0.14983966242398716,0.9541173352973966
2012-01-10 12:52:00,0.03229491647579699,0.3764936188782648,0.9342544301752963
2012-01-10 12:53:00,0.03586166826805009,0.21234000650285842,0.9512616675059676
2012-01-10 12:54:00,0.07090972050110848,-0.23974362122264592,0.9855224953395895
2012-01-10 12:55:00,0.09080357107272323,0.011100974453853813,1.0229072976445972
2012-01-10 12:56:00,0.09520249882540469,-0.009316702435712695,1.0198862145248337
2012-01-10 12:57:00,0.19104804271114037,0.003122084894131319,1.0105813025004113
2012-01-10 12:58:00,0.20797885754284295,-0.02444817889601936,1.0077245998960653
2012-01-10 12:59:00,0.1552383572625926,-0.11711393595260398,1.0157303091388115
2012-01-10 13:00:00,0.14285549060513406,-0.12110500639818023,1.0174220928619682
2012-01-10 13:01:00,0.16127419529738798,-0.09020220123058348,1.0169698312615103
2012-01-10 13:02:00,0.14885784563274496,-0.12268177991122486,1.0164109839306048
2012-01-10 13:03:00,0.13305093572711946,-0.11725425657221446,1.018879902483254
2012-01-10 13:04:00,0.16028985800493853,-0.11787909891319773,1.0152044791097616
2012-01-10 13:05:00,0.18715836324456928,-0.11776860253677972,1.0111709911247018
2012-01-10 13:06:00,0.1552640556208895,-0.1125566938083903,1.016057135939895
2012-01-10 13:07:00,0.1485091444587315,-0.12395102147397336,1.016249040544674
2012-01-10 13:08:00,0.14258356891213753,-0.13482772739746018,1.0149465108878255
2012-01-10 13:09:00,0.16643504180287322,-0.18016915763146107,1.007557588828186
2012-01-10 13:10:00,0.1789110387096685,-0.16710100543195297,1.0076794259602229
2012-01-10 13:11:00,0.17649563348223532,-0.18962285601705134,1.0047044065219874
2012-01-10 13:12:00,0.17873484715839785,-0.19530390986929871,1.0035175244619714
2012-01-10 13:13:00,0.16894796553731728,-0.19790837302133382,1.0047222497914436
2012-01-10 13:14:00,0.170016521309238,-0.19954081030630405,1.0044000167860194
2012-01-10 13:15:00,0.15966253252517978,-0.20817272856143682,1.0044406356107975
2012-01-10 13:16:00,0.1720788521332634,-0.21135947339265349,1.0019139899712197
2012-01-10 13:17:00,0.12277444778150401,-0.1995974519222688,1.0100533061340398
2012-01-10 13:18:00,0.12799808243960004,-0.2111287510916284,1.0072024739169891
2012-01-10 13:19:00,0.10040482338287791,-0.1748194217857609,1.0159339448470324
2012-01-10 13:20:00,0.1394095812099952,-0.1886348179538463,1.0096247195057384
2012-01-10 13:21:00,0.16729311148923465,-0.15819944668303912,1.0102845819854072
2012-01-10 13:22:00,0.17660421280310962,-0.16752976559699623,1.0077260989241226
2012-01-10 13:23:00,0.1665328308189188,-0.18446367752847023,1.0070981512353507
2012-01-10 13:24:00,0.17704835858153453,-0.18596021893810694,1.005129414825249
2012-01-10 13:25:00,0.17375022226074271,-0.17541267976428132,1.0069806371068082
2012-01-10 13:26:00,0.17066031778355428,-0.1882820851628429,1.0056679043880214
2012-01-10 13:27:00,0.18834729553693333,-0.1940399486643614,1.0023159906115893
2012-01-10 13:28:00,0.17863312073306936,-0.2103559609475297,1.001040317734838
2012-01-10 13:29:00,0.1444503818171906,-0.19006107682317286,1.0090310753816065
2012-01-10 13:30:00,0.17166156189067275,-0.2079258229415647,1.00161241453954
2012-01-10 13:31:00,0.13228553041342395,-0.20038860108820158,1.0091088894445028
2012-01-10 13:32:00,0.13543245218381614,-0.1471874071445412,1.0152673512478287
2012-01-10 13:33:00,0.14081392886366206,-0.10867203724036885,1.0182320322280431
2012-01-10 13:34:00,0.20965665977403633,-0.07910780277789259,1.0080745987695698
2012-01-10 13:35:00,0.18123786725651583,-0.08604245268826292,1.014182490136047
2012-01-10 13:36:00,0.1749675580017507,-0.09979485125412947,1.0144524795958876
2012-01-10 13:37:00,0.16408419806505609,-0.1426298716471158,1.0120423616276795
2012-01-10 13:38:00,0.15789289247670432,-0.13078837590245349,1.0137577816383971
2012-01-10 13:39:00,0.15555491294631532,-0.17447353390303114,1.0093203200986214
2012-01-10 13:40:00,0.2112833357976706,-0.12365815718426368,1.0059210563778764
2012-01-10 13:41:00,0.22022683036166232,-0.10710521329042202,1.0060434544365413
2012-01-10 13:42:00,0.21626206960968114,-0.11425471998228302,1.006335416746357
2012-01-10 13:43:00,0.2582741064321644,-0.16256050886690884,0.9912435407557991
2012-01-10 13:44:00,0.21460816234321994,-0.1491358591768468,1.0032516839249477
2012-01-10 13:45:00,0.1816462006444018,-0.13424671691552945,1.010662917324769
2012-01-10 13:46:00,0.2330528960159243,0.08067210877943874,0.9920004628843901
2012-01-10 13:47:00,0.1986419677009928,-0.07812348052203613,1.006677398237542
2012-01-10 13:48:00,0.15104656428909602,-0.13242144878604917,1.015003096779201
2012-01-10 13:49:00,0.1369414868339135,-0.14056970093334334,1.016040250114166
2012-01-10 13:50:00,0.1616242490165749,-0.1701264304428195,1.0095557932285493
2012-01-10 13:51:00,0.14354987226894003,-0.15578219177228925,1.0139883418247566
2012-01-10 13:52:00,0.19747557782818745,-0.1696521271916553,1.0032802428272263
2012-01-10 13:53:00,0.21334955894613983,-0.17685952225063087,0.9997568499121889
2012-01-10 13:54:00,0.20000032881875995,-0.1740437958939488,1.0030918488494458
2012-01-10 13:55:00,0.17644011901700216,-0.1522507813633917,1.0090819939798104
2012-01-10 13:56:00,0.18968254316051297,-0.1435136226435511,1.0084251102139585
2012-01-10 13:57:00,0.18535836607108813,-0.14182417705110145,1.0091933475865948
2012-01-10 13:58:00,0.1862352060788021,-0.10245996518268957,1.0125625437058554
2012-01-10 13:59:00,0.206783688514401,-0.11070465719833975,1.0082212037135725
2012-01-10 14:00:00,0.2036523811266231,-0.1101404411877805,1.0090701564937323
2012-01-10 14:01:00,0.19756936932183128,-0.14382765725670726,1.0072282281861282
2012-01-10 14:02:00,0.1856810833494902,-0.14603137547541922,1.0087877879634832
2012-01-10 14:03:00,0.17646357816162286,-0.14709668766381392,1.010404591270329
2012-01-10 14:04:00,0.17313099702374538,-0.14522382297573058,1.0107339422412382
2012-01-10 14:05:00,0.1896670039192972,-0.14856340483025815,1.0070661107195198
2012-01-10 14:06:00,0.19555729306514202,-0.148998007613435,1.0056498483532927
2012-01-10 14:07:00,0.18307887660531408,-0.17134343068777924,1.0059799149892097
2012-01-10 14:08:00,0.17323548865253974,-0.14935949210858837,1.0104736819570468
2012-01-10 14:09:00,0.1660206971031049,-0.1408540335338119,1.0125137624315266
2012-01-10 14:10:00,0.18665984515016884,-0.16451622139120473,1.0066787715406658
2012-01-10 14:11:00,0.21096022778399617,-0.14487622386593244,1.0046275305605206
2012-01-10 14:12:00,0.23241399876079208,-0.09751224546756332,1.0022563486372065
2012-01-10 14:13:00,0.24172881205975444,-0.09636442768836974,1.0004296427177457
2012-01-10 14:14:00,0.20595490894518612,-0.16135375153825868,1.0022636213410716
2012-01-10 14:15:00,0.17789255716572752,-0.19263654689944873,1.0039878130837117
2012-01-10 14:16:00,0.1796641208340053,-0.15698821571791008,1.0085103420479513
2012-01-10 14:17:00,0.17260646497717422,-0.1847088963673749,1.0047045902738139
2012-01-10 14:18:00,0.16712006084842249,-0.16305290223279637,1.0084980790313278
2012-01-10 14:19:00,0.15729461666161687,-0.20609480997835472,1.0050616200724645
2012-01-10 14:20:00,0.1794468269377393,-0.18009090566223232,1.0057896544797194
2012-01-10 14:21:00,0.1448353913149732,-0.21827855113670117,1.003231713002765
2012-01-10 14:22:00,0.1842259701669772,-0.22807478828918723,0.9967195482759605
2012-01-10 14:23:00,0.1977836425338764,-0.2629196250237995,0.9871094534813721
2012-01-10 14:24:00,0.18438212902140008,-0.2504594718017012,0.9919852114828008
2012-01-10 14:25:00,0.18902238088959708,-0.2566248029143116,0.9901976447023582
2012-01-10 14:26:00,0.19239553838268023,-0.2134766768600063,0.9975380369375367
2012-01-10 14:27:00,0.18390789662700419,-0.21268107850369564,0.9996643260320338
2012-01-10 14:28:00,0.16668149056176845,-0.19212826356792584,1.0060337542743383
2012-01-10 14:29:00,0.1323747382817575,-0.202520301093434,1.0086941228877746
2012-01-10 14:30:00,0.14444029784150803,-0.1789513751112701,1.0108939997531612
2012-01-10 14:31:00,0.1344692296243533,-0.17255600618846204,1.0130044088213999
2012-01-10 14:32:00,0.1339832300869478,-0.1725063806034778,1.0130054049497217
2012-01-10 14:33:00,0.13028526638458346,-0.19129210913009362,1.0105865345918885
2012-01-10 14:34:00,0.11570694840146561,-0.1874940650978352,1.012838858096983
2012-01-10 14:35:00,0.1201822348433322,-0.18855375468300511,1.012178241267711
2012-01-10 14:36:00,0.12091759862589585,-0.16357599990151156,1.0145661349360764
2012-01-10 14:37:00,0.11557199444970764,-0.1762847455244494,1.014114724396709
2012-01-10 14:38:00,0.179121209201354,-0.1683972110440796,1.0065208223391713
2012-01-10 14:39:00,0.22650887670287764,-0.16176554610922358,0.999388543554088
2012-01-10 14:40:00,0.19701977010471083,-0.159307906239659,1.0055777596104603
2012-01-10 14:41:00,0.1695560397907729,-0.1633927763746857,1.009302264063893
2012-01-10 14:42:00,0.14293333709401004,-0.16873786746120015,1.0124181437837692
2012-01-10 14:43:00,0.14550303766918257,-0.1645663358982085,1.012704970713595
2012-01-10 14:44:00,0.13043305448721015,-0.16691176816428666,1.0142080219687648
2012-01-10 14:45:00,0.1407574676168074,-0.18500273850112367,1.010320645699121
2012-01-10 14:46:00,0.11473615158903108,-0.2007833322806842,1.0108292320699377
2012-01-10 14:47:00,0.1500241753924315,-0.17785032272324638,1.0096043230530105
2012-01-10 14:48:00,0.17441345030071856,-0.17055677960442628,1.0077101898844179
2012-01-10 14:49:00,0.15659652301272356,-0.17181489819123005,1.0103141950429002
2012-01-10 14:50:00,0.1543956915629296,-0.17103037391866216,1.0105085271060172
2012-01-10 14:51:00,0.12469913459170408,-0.154853924425974,1.0161550079653128
2012-01-10 14:52:00,0.1564756505590499,-0.13115577635404338,1.0147205638394232
2012-01-10 14:53:00,0.17198367803788664,-0.1308206447557437,1.0093221382745878
2012-01-10 14:54:00,0.1613113602331004,-0.1932133526520113,1.00650411059412
2012-01-10 14:55:00,0.14110762653395229,-0.1888494547204282,1.009807813694
2012-01-10 14:56:00,0.1126700186102401,-0.19010023947693871,1.012652785194904
2012-01-10 14:57:00,0.11611075827716016,-0.20986195413897765,1.0094205228708897
2012-01-10 14:58:00,0.14113741258432916,-0.18894587014268321,1.0098809275786005
2012-01-10 14:59:00,0.14810900148328518,-0.18391012001793716,1.0098254441981835
2012-01-10 15:00:00,0.15288210334408137,-0.19244887418224493,1.0076556639477277
2012-01-10 15:01:00,0.14149326721948255,-0.20994800441441824,1.0063173510404793
2012-01-10 15:02:00,0.15926219418209728,-0.17531731552436836,1.0085569859984047
2012-01-10 15:03:00,0.1649461600758613,-0.19718115040945705,1.0046778495475015
2012-01-10 15:04:00,0.1541173077096596,-0.18925841354367973,1.006388559708775
2012-01-10 15:05:00,0.1382668007646076,-0.19995443833484228,1.0083919381737232
2012-01-10 15:06:00,0.13083907352002147,-0.2090853259570255,1.0076412055803363
2012-01-10 15:07:00,0.12147704136622355,-0.21302581741967944,1.0077662922183555
2012-01-10 15:08:00,0.10068056225891972,-0.12271783791016659,1.0201009720541248
2012-01-10 15:09:00,0.1267591660889345,-0.11230873700617618,1.0193142724585118
2012-01-10 15:10:00,0.16511237284940733,-0.1300668003399025,1.0136903640604142
2012-01-10 15:11:00,0.16904634065627136,-0.1362635446922689,1.0125740620440244
2012-01-10 15:12:00,0.16674202447242337,-0.13292860759692707,1.0132737599854225
2012-01-10 15:13:00,0.1685228155044405,-0.1358411160673788,1.012748819702058
2012-01-10 15:14:00,0.16604595964129035,-0.1371274699008115,1.0129913334282807
2012-01-10 15:15:00,0.16761677554925822,-0.1304835085771639,1.0134090593565284
2012-01-10 15:16:00,0.1695630429691158,-0.12220879674951343,1.0135820955500832
2012-01-10 15:17:00,0.15895038743476153,-0.11264650878338141,1.0138865819975387
2012-01-10 15:18:00,0.18191193068615955,-0.016935892065653192,1.0143071705858184
2012-01-10 15:19:00,0.24431143695547394,-0.14221208778141142,0.997712127286306
2012-01-10 15:20:00,0.22291532948790913,-0.12460275452603181,1.0039671651811164
2012-01-10 15:21:00,0.23324665562617103,-0.10961739241126728,1.0019494927583057
2012-01-10 15:22:00,0.21746027435062368,-0.0689655310660709,1.0055206127924572
2012-01-10 15:23:00,0.17669767367459993,0.04209031881891069,1.0069576391150648
2012-01-10 15:24:00,0.15933650902524238,0.03337789955325924,1.0094405518199647
2012-01-10 15:25:00,0.13938897743851858,-0.04728875774566153,1.0144666284865187
2012-01-10 15:26:00,0.15989733436730302,0.06960122747588815,1.0032648560295543
2012-01-10 15:27:00,0.0935462621755891,-0.15443330481255624,0.9977913339946233
2012-01-10 15:28:00,0.018083844563849535,-0.5238578935633778,0.8930464486860916
2012-01-10 15:29:00,0.04077901155746244,-0.45387489132852504,0.9321131604713753
2012-01-10 15:30:00,0.03795022344016209,-0.3627851988480567,0.9736892065399618
2012-01-10 15:31:00,0.0386342957040899,-0.31854142299404364,0.9883518479352515
2012-01-10 15:32:00,0.03422812432059026,-0.33769372080481613,0.9823553488601537
2012-01-10 15:33:00,0.1532248833758907,0.06355978920303139,1.0089615881777896
2012-01-10 15:34:00,0.13740569536574562,0.014771312054606097,1.0193696494562927
2012-01-10 15:35:00,0.12658345544261443,0.05223215050091479,1.0172484860706368
2012-01-10 15:36:00,0.16922671006930026,0.003001565616312559,1.01316744504714
2012-01-10 15:37:00,0.1542983083104361,-0.008905445678969283,1.0175055548757381
2012-01-10 15:38:00,0.18814842631158665,-0.036888212977013224,1.0130653080451206
2012-01-10 15:39:00,0.1813611292066627,-0.033126129159292625,1.0146814730561486
2012-01-10 15:40:00,0.1654772895372233,-0.025406514946536816,1.0172463777602077
2012-01-10 15:41:00,0.15025583632409625,-0.05927509663861516,1.0193186728311963
2012-01-10 15:42:00,0.13392119334832228,0.019958456882705367,1.0183400106039115
2012-01-10 15:43:00,0.11152091125909638,0.04618508962483322,1.0191557816726873
2012-01-10 15:44:00,0.12758689367856993,0.059265098183315386,1.0161228030399532
2012-01-10 15:45:00,0.10054129519088616,0.0806027062987638,1.0167773657301034
2012-01-10 15:46:00,0.09477127736752677,0.08443389924394762,1.0167363407170773
2012-01-10 15:47:00,0.08000073265869222,0.05960340777474212,1.019914154473592
2012-01-10 15:48:00,0.06454930168122747,-0.3067478416072971,0.9881716260781706
2012-01-10 15:49:00,0.013616042205276452,-0.34880349585502174,0.9739082967438959
2012-01-10 15:50:00,0.03652453562931303,-0.29942894788176344,0.9936790648317914
2012-01-10 15:51:00,0.013077774311054216,-0.32392487001299175,0.9843917833115523
2012-01-10 15:52:00,-0.0271842944810885,-0.08674405578631533,1.0227015052702035
2012-01-10 15:53:00,-0.005526199013412673,0.03145976068616568,1.0243990239845726
2012-01-10 15:54:00,-0.007403561770819227,0.07403521237897359,1.019417889146291
2012-01-10 15:55:00,0.05154746526752661,0.03243582015989178,1.0243060165469797
2012-01-10 15:56:00,0.04989518105527366,0.02524211491746356,1.0251681994586386
2012-01-10 15:57:00,0.003944622857175456,-0.25594769480943863,1.0000130773273488
2012-01-10 15:58:00,0.03143248858832089,-0.2593456050608983,1.00354631547182
2012-01-10 15:59:00,0.008376492598971996,-0.2444318455758967,1.0072686922725262
2012-01-10 16:00:00,0.0330117053046443,-0.25320276436118716,1.0063173897250746
2012-01-10 16:01:00,0.037378111860042425,-0.2190672312464352,1.0113789208229704
2012-01-10 16:02:00,0.004178372719719295,-0.2811056662473378,0.9965658350376219
2012-01-10 16:03:00,0.025167604542529573,-0.2962666735976252,0.9908516367947318
2012-01-10 16:04:00,0.03811491835745784,-0.28053920119548864,0.9973370317817777
2012-01-10 16:05:00,0.06099802901707133,-0.27912878339959546,0.9973375346815131
2012-01-10 16:06:00,0.017596838131703745,-0.2650403242835921,1.001069650329017
2012-01-10 16:07:00,0.00041978493702179965,-0.2904578888677707,0.9949793991378719
2012-01-10 16:08:00,0.014123968002772705,-0.3300824272654913,0.9848861724359943
2012-01-10 16:09:00,0.008147326361738424,-0.2814079667320248,0.9949718362995442
2012-01-10 16:10:00,0.05361349304835964,-0.31302535587729297,0.9897708569077255
2012-01-10 16:11:00,0.03732907458336243,-0.29104518199765267,0.9957424624459236
2012-01-10 16:12:00,0.024695551248691043,-0.27217518776096766,1.0006482203507956
2012-01-10 16:13:00,0.030053508670797407,-0.27241967321684296,1.000722697867371
2012-01-10 16:14:00,0.03070857635489304,-0.29006327990579295,0.9967164438372097
2012-01-10 16:15:00,0.03589083815895903,-0.29236329131625505,0.9960358174011602
2012-01-10 16:16:00,0.022328732449546654,-0.29054626152280416,0.996410255267573
2012-01-10 16:17:00,0.02869020324900707,-0.28895589597761606,0.9963235534189692
2012-01-10 16:18:00,0.03054159713908202,-0.2589205851493046,1.0041097759406823
2012-01-10 16:19:00,0.003049388235101614,-0.2787141286348162,0.996261793463009
2012-01-10 16:20:00,0.031029354985213104,-0.28527272417385063,0.9948711306275408
2012-01-10 16:21:00,0.02886843864631772,-0.24156769149317833,1.0070184803118931
2012-01-10 16:22:00,0.035801615262345765,-0.22649686580939665,1.0096290811938275
2012-01-10 16:23:00,-0.005910998115279397,-0.22973792987698516,1.0091610943054914
2012-01-10 16:24:00,0.006179328049426255,-0.1900418377417036,1.012444903852379
2012-01-10 16:25:00,-0.003912146744731246,-0.21016779930830637,1.0099577648554725
2012-01-10 16:26:00,-0.0025351655884086376,-0.17308805113013492,1.018437418414189
2012-01-10 16:27:00,-0.02538695731311527,-0.25906726175516925,0.996477904953126
2012-01-10 16:28:00,-0.05441471075259406,-0.23821994464092427,1.0013526378127866
2012-01-10 16:29:00,-0.013344255766797264,-0.2009511792099953,1.0131047566608993
2012-01-10 16:30:00,0.016357921781038218,-0.1895089371864965,1.0164426472716341
2012-01-10 16:31:00,0.03006172913979648,-0.21522308186773337,1.0124403197278684
2012-01-10 16:32:00,-0.006395975729664908,-0.023238292466444085,0.9127079714776314
2012-01-10 16:33:00,0.010938378468697527,0.8225041750762476,0.5308607962236656
2012-01-10 16:34:00,0.009192693498073095,0.821469151606964,0.5330739322339976
2012-01-10 16:35:00,0.007313016385591849,0.825664126980793,0.5261445928344246
2012-01-10 16:36:00,0.00491546475444912,0.8272311220534467,0.5237613316463137
2012-01-10 16:37:00,0.0025520122899588267,0.82696759308491,0.5238942615859743
2012-01-10 16:38:00,0.003088792384490192,0.8263696414550018,0.524390053026986
2012-01-10 16:39:00,0.005609545852660978,0.8265456533820394,0.5242930900895515
2012-01-10 16:40:00,0.005118121106281683,0.8264522692763056,0.5244259426600221
2012-01-10 16:41:00,0.009340045780588354,0.8236678094827736,0.529079622072551
2012-01-10 16:42:00,0.008008209576501935,0.8402061101621298,0.49945020099587145
2012-01-10 16:43:00,0.013589517291595736,0.8442061767728657,0.49204758458959236
2012-01-10 16:44:00,0.021702353751409373,0.8412167119765369,0.497336329656378
2012-01-10 16:45:00,0.023844635023469573,0.8405800377226805,0.4980525265775546
2012-01-10 16:46:00,0.02512597620774454,0.8404817643967513,0.498072981057175
2012-01-10 16:47:00,0.024566578552255962,0.8403772573150728,0.49810569855341896
2012-01-10 16:48:00,0.02409898865749005,0.840631594549642,0.4978069567683248
2012-01-10 16:49:00,0.025096595920919725,0.8400445703268709,0.4985513064035322
2012-01-10 16:50:00,0.026324376316323263,0.8382539178763747,0.5011113948755105
2012-01-10 16:51:00,0.026270394735620067,0.83815175762039,0.5018818179277659
2012-01-10 16:52:00,0.026330041977772344,0.8380340496441836,0.5021876196514524
2012-01-10 16:53:00,0.026313676181172738,0.8379398588171175,0.5027148810105183
2012-01-10 16:54:00,0.025679693173504332,0.8376042138506973,0.5037115025610439
2012-01-10 16:55:00,0.02590731149792821,0.8374649933056308,0.5038808733892198
2012-01-10 16:56:00,0.026156886139002244,0.8371119671614158,0.5039267146343265
2012-01-10 16:57:00,0.02503900755308714,0.8362973252924436,0.505195579022353
2012-01-10 16:58:00,0.023424008502784248,0.8360200820612584,0.5057938556267393
2012-01-10 16:59:00,0.02433252812411801,0.8356952911636722,0.5063726061817858
2012-01-10 17:00:00,0.02414021122872303,0.8351826564261754,0.5067059803505777
2012-01-10 17:01:00,0.023298296943045325,0.835081131768816,0.5068186879181882
2012-01-10 17:02:00,0.02438622416750679,0.8338989183255473,0.5089600253201506
2012-01-10 17:03:00,0.02350801658633961,0.8336443121838673,0.5097036012634575
2012-01-10 17:04:00,0.023443545266401775,0.8336169325507726,0.5097494715220104
2012-01-10 17:05:00,0.022287600047991907,0.8335411496377425,0.5097618022366752
2012-01-10 17:06:00,0.02222610432743582,0.8334238083530509,0.5097627886938484
2012-01-10 17:07:00,0.022048605315830746,0.8333700269309005,0.5097459222104167
2012-01-10 17:08:00,0.02071866267498726,0.8330752069531125,0.509773378601737
2012-01-10 17:09:00,0.021190640827427266,0.8330453827099201,0.5098029723169325
2012-01-10 17:10:00,0.02339745353254412,0.8325501047041173,0.5098890745543132
2012-01-10 17:11:00,0.021016538207035702,0.8327750088331096,0.5098192585314387
2012-01-10 17:12:00,0.020515630616162052,0.8332619751645802,0.5097366282364615
2012-01-10 17:13:00,0.017054993506911528,0.8341115016196471,0.5083599692243931
2012-01-10 17:14:00,0.004536842275541477,0.8374007489522622,0.5031047540303467
2012-01-10 17:15:00,0.005999048806075613,0.8373330332525546,0.5030196575924366
2012-01-10 17:16:00,0.007084346081588566,0.8372654153372511,0.502732617897338
2012-01-10 17:17:00,0.0065847910358884385,0.8377622578935164,0.5011485320867362
2012-01-10 17:18:00,0.006058019775641128,0.8375584751957685,0.5014069258392173
2012-01-10 17:19:00,0.005959389175932036,0.8374477099122397,0.5018467600135229
2012-01-10 17:20:00,0.007803389152391739,0.8372023199506282,0.5034660681478966
2012-01-10 17:21:00,0.009548563161506174,0.8369941369547044,0.5033584282622346
2012-01-10 17:22:00,0.010209597072645002,0.836887331939534,0.5036399844159882
2012-01-10 17:23:00,0.010833360850113475,0.8370479917151578,0.5035208165210082
2012-01-10 17:24:00,0.011504343482417535,0.8370113225636916,0.5034349367200489
2012-01-10 17:25:00,0.011704685479175405,0.8369183051494724,0.5036673054112258
2012-01-10 17:26:00,0.011573278201427986,0.836975166780346,0.5034917160343995
2012-01-10 17:27:00,0.01161690529741389,0.8370768870065131,0.5034122385339169
2012-01-10 17:28:00,0.01160542369171867,0.8369622592390298,0.5033950045468325
2012-01-10 17:29:00,0.011597639042831072,0.8369922301588282,0.5034522480763234
2012-01-10 17:30:00,0.011596557006692253,0.8370139138503953,0.5033629833732991
2012-01-10 17:31:00,0.011644061398842252,0.836925321180453,0.5031976647564522
2012-01-10 17:32:00,0.011672389706087664,0.8370232767070696,0.5030206633919073
2012-01-10 17:33:00,0.011668933201755332,0.8369158360932737,0.5030591158793639
2012-01-10 17:34:00,0.011713537135922115,0.8368513472788953,0.5031296862518415
2012-01-10 17:35:00,0.011594483104092855,0.8367683527660769,0.5031642025817541
2012-01-10 17:36:00,0.011578237533730896,0.8369921079283232,0.5024204428866209
2012-01-10 17:37:00,0.015604974911218783,0.8371791450469016,0.5017052807783612
2012-01-10 17:38:00,0.017098064556548317,0.8372249570401333,0.5010842866455455
2012-01-10 17:39:00,0.0174851028720912,0.837257959276453,0.5010971105887969
2012-01-10 17:40:00,0.017537461398586168,0.837285118894639,0.5011247120473484
2012-01-10 17:41:00,0.017407030959019628,0.8371042666396077,0.5011395572606899
2012-01-10 17:42:00,0.018495604399508446,0.8356539039147175,0.5036309515630495
2012-01-10 17:43:00,0.0436820994896282,0.7524430186565699,0.5707088111035558
2012-01-10 17:44:00,0.06797860482729143,-0.24768232139236152,1.0004419637612616
2012-01-10 17:45:00,0.0307694709442609,-0.25443856365779854,1.0044608676539966
2012-01-10 17:46:00,0.04766525485596929,-0.22289385277073623,1.0092634827573785
2012-01-10 17:47:00,0.06167849449386975,-0.15225413047922562,0.9942500784678325
2012-01-10 17:48:00,0.34812746943565004,0.38313924253677895,0.8655742643799305
2012-01-10 17:49:00,0.3055552685154132,0.46118975144739743,0.8380315193724405
2012-01-10 17:50:00,0.2886899018418293,0.4761837919280089,0.8345381166896979
2012-01-10 17:51:00,0.24731527447478732,0.5191427784990519,0.8083599611006281
2012-01-10 17:52:00,0.178507484314729,0.6307013380045334,0.7446324679527531
2012-01-10 17:53:00,0.15717742613647112,0.5791015836898039,0.7945492125147202
2012-01-10 17:54:00,0.17485836252140843,0.6265473342959426,0.7469406906976609
2012-01-10 17:55:00,0.1802570165249581,0.6214557003843622,0.7485273296915346
2012-01-10 17:56:00,0.1503107196015818,0.6451581265239638,0.7348743368841458
2012-01-10 17:57:00,0.1437180236905681,0.6068941358761425,0.7734175784006762
2012-01-10 17:58:00,0.14423707041504663,0.6691144254222162,0.7145888605882708
2012-01-10 17:59:00,0.15427127243524538,0.6238530072767144,0.7536045957484577
2012-01-10 18:00:00,0.11687305273695661,0.6547589170991354,0.7288512614922648
2012-01-10 18:01:00,0.14253089479176873,0.6377756973819898,0.7454630165368288
2012-01-10 18:02:00,0.15499527483835146,0.6229047674659006,0.7572660829965916
2012-01-10 18:03:00,0.1431772160170756,0.6668230679315001,0.7174788416154885
2012-01-10 18:04:00,0.10493449716899972,0.46578202485431175,0.7938543985034446
2012-01-10 18:05:00,0.028185839153801087,-0.2688682658973459,1.001953051741048
2012-01-10 18:06:00,0.026396271606435755,-0.2389637172631628,1.0106625014653725
2012-01-10 18:07:00,0.023213026483994675,-0.17478967088087136,1.0088377878025554
2012-01-10 18:08:00,-0.021604715018160865,0.1083431638439194,1.014047239120685
2012-01-10 18:09:00,0.061485486297608305,0.10976983829696257,1.012175175513555
2012-01-10 18:10:00,0.05717817093801334,0.20580402360722816,0.9947608698605658
2012-01-10 18:11:00,0.053251206309492184,0.20281248089231632,0.9956829655387723
2012-01-10 18:12:00,0.05266953674347963,0.19678844824335548,0.9970921099395146
2012-01-10 18:13:00,0.05412323726770029,-0.015403928255700194,1.008246986996158
2012-01-10 18:14:00,0.051890380553853296,-0.2608224673592482,1.0027603702258103
2012-01-10 18:15:00,0.03749414520765082,-0.23829937002299997,1.0086532332708313
2012-01-10 18:16:00,0.035512937037477266,-0.23868512949642393,1.0099611787709835
2012-01-10 18:17:00,0.06633470639511431,-0.24122085021251044,1.0080777709063622
2012-01-10 18:18:00,0.08140658314032964,-0.2509996572949996,1.0058829036960315
2012-01-10 18:19:00,0.049677120716742657,-0.2482925205188593,1.0075829175667799
2012-01-10 18:20:00,0.04570699486890648,-0.24757815655609666,1.0075697357910245
2012-01-10 18:21:00,0.03155053572540986,-0.24786351589280628,1.0064082985233873
2012-01-10 18:22:00,0.04080239556068464,-0.2602230000710795,1.0003170512039201
2012-01-10 18:23:00,0.07894642369593259,0.31292688698255583,0.8294192356796747
2012-01-10 18:24:00,0.017778034100116438,0.7268952052463836,0.6636690341484085
2012-01-10 18:25:00,0.05900131166224141,0.6415576558798051,0.7241580754370648
2012-01-10 18:26:00,0.08520809168986687,0.4161066187163241,0.9119566779576168
2012-01-10 18:27:00,0.04369317533177137,0.4869976224797818,0.855058466504278
2012-01-10 18:28:00,0.018939765206213034,0.622175149136128,0.7722826497517811
2012-01-10 18:29:00,0.023035377189592546,0.6223703512524329,0.7718687632695898
2012-01-10 18:30:00,0.02542888621349442,0.6236127021041062,0.7708506620976755
2012-01-10 18:31:00,0.026911516176148724,0.6253073058238621,0.7694385389831162
2012-01-10 18:32:00,0.029303161693367077,0.6278805024127471,0.7673857893037651
2012-01-10 18:33:00,0.029301147903886503,0.6282691954182883,0.7670537594246504
2012-01-10 18:34:00,0.02791211406723985,0.6296425773712007,0.7651456901306993
2012-01-10 18:35:00,0.028969398629381214,0.630083096110814,0.7647286798674596
2012-01-10 18:36:00,0.02897464349899853,0.6299789557206501,0.764732364575136
2012-01-10 18:37:00,0.02926001550233176,0.6292538843656593,0.7654406021408858
2012-01-10 18:38:00,0.029275073838596958,0.6302855098269071,0.7647823644142081
2012-01-10 18:39:00,0.029284316230616017,0.6318065462297233,0.7635949117564155
2012-01-10 18:40:00,0.029227344022251373,0.6321106557258827,0.7629348655249202
2012-01-10 18:41:00,0.02886277298486864,0.6319947812072496,0.7632219052200188
2012-01-10 18:42:00,0.029677110377286223,0.6320109156338947,0.7632032979298109
2012-01-10 18:43:00,0.029838453988207572,0.6315435061832061,0.7635226972886493
2012-01-10 18:44:00,0.030637537676723777,0.6316742194851325,0.7631682787001629
2012-01-10 18:45:00,0.0322295284307971,0.6304620106759643,0.764267752917716
2012-01-10 18:46:00,0.032195865084256134,0.6306130875800049,0.7644880810286907
2012-01-10 18:47:00,0.032217024902081885,0.6307323845527747,0.7644356537312808
2012-01-10 18:48:00,0.03269004000582159,0.6306673579241747,0.764368555301207
2012-01-10 18:49:00,0.03223529929020413,0.6316143998760406,0.7633050867704751
2012-01-10 18:50:00,0.03220312374335403,0.6322661329280992,0.7622924497976084
2012-01-10 18:51:00,0.03230131852295166,0.6321042997396286,0.7624775459136627
2012-01-10 18:52:00,0.03230648825117045,0.6338150378860296,0.7615137192285709
2012-01-10 18:53:00,0.03223433748030295,0.6334952828852446,0.761649734264685
2012-01-10 18:54:00,0.032214184557217494,0.6334248781144296,0.7617116392878766
2012-01-10 18:55:00,0.03226945856997539,0.6328953755672584,0.761801416561785
2012-01-10 18:56:00,0.032196330960927014,0.6326866058649111,0.7617668808895748
2012-01-10 18:57:00,0.03220937550771164,0.630720161502286,0.7638187021386452
2012-01-10 18:58:00,0.03218286562231063,0.6313220245083505,0.7632770404390806
2012-01-10 18:59:00,0.03219682689415731,0.634212042565903,0.7604705310967819
2012-01-10 19:00:00,0.03205976898324051,0.6342355108228414,0.7605680839742905
2012-01-10 19:01:00,0.030358327268069925,0.6341191473821888,0.7609682857809912
2012-01-10 19:02:00,0.03322938993618264,0.6326914950851066,0.7621032531144812
2012-01-10 19:03:00,0.03241996679122886,0.6334605694218567,0.7615522394140688
2012-01-10 19:04:00,0.032245398294166415,0.6348319956866908,0.7596579321647985
2012-01-10 19:05:00,0.032348792858542245,0.6341484827033618,0.7606397568577264
2012-01-10 19:06:00,0.03221221585257603,0.6330718764163155,0.7616167749897222
2012-01-10 19:07:00,0.03219155196798057,0.6335950229772326,0.7613322497933004
2012-01-10 19:08:00,0.03221173494762545,0.6341626614419287,0.7604316337364825
2012-01-10 19:09:00,0.03282828515083514,0.634246756029291,0.7600679695297846
2012-01-10 19:10:00,0.03295138178990526,0.6339817602946956,0.760626855545285
2012-01-10 19:11:00,0.03414210244755432,0.6346085583237571,0.7598270612142556
2012-01-10 19:12:00,0.03222183395158774,0.63681555232,0.7577920000659805
2012-01-10 19:13:00,0.0321814980488574,0.6383678797320673,0.7561173439472721
2012-01-10 19:14:00,0.03194050455549537,0.6373890578489307,0.7573022530929417
2012-01-10 19:15:00,0.031445653361343154,0.6377415706250252,0.7569867802204984
2012-01-10 19:16:00,0.03221365856742779,0.6377528158314749,0.7567306108322313
2012-01-10 19:17:00,0.03219920136235082,0.6393462126931841,0.7556116008941898
2012-01-10 19:18:00,0.03253158182460375,0.6376560092716043,0.7565381356296755
2012-01-10 19:19:00,0.03484524559842877,0.63545048204142,0.7586197246746192
2012-01-10 19:20:00,0.03506180310898919,0.6354607494038305,0.7588250528338725
2012-01-10 19:21:00,0.03526884771849584,0.6369558729396105,0.7574854826772859
2012-01-10 19:22:00,0.03514098711475899,0.637056101953618,0.7573070403115763
2012-01-10 19:23:00,0.03360347387461914,0.6365657131680106,0.7581460608219629
2012-01-10 19:24:00,0.032192017844651456,0.6371294402565503,0.7570831338755614
2012-01-10 19:25:00,0.03219826960900906,0.6370785923665172,0.7573964984375755
2012-01-10 19:26:00,0.03222087214168657,0.6376745883083471,0.7568322642768128
2012-01-10 19:27:00,0.03402722627748327,0.6375904937209848,0.7566527870981862
2012-01-10 19:28:00,0.034430750615863405,0.6377000122533636,0.7568399044843306
2012-01-10 19:29:00,0.033568457982904656,0.6375606694777922,0.7567150983096255
2012-01-10 19:30:00,0.03264554126961275,0.6381811115205996,0.7560274796330249
2012-01-10 19:31:00,0.03202965231071011,0.6380752354572664,0.756167508195873
2012-01-10 19:32:00,0.03264699901274421,0.6382339150987109,0.7562133784544259
2012-01-10 19:33:00,0.03232667123081532,0.6397984655612667,0.755342414139696
2012-01-10 19:34:00,0.03220404046841609,0.6390719274402173,0.7557353819271266
2012-01-10 19:35:00,0.03301670972178632,0.6391941579451046,0.7558353525918244
2012-01-10 19:36:00,0.03219924644718994,0.6398429574650457,0.755600817563326
2012-01-10 19:37:00,0.032189583263339115,0.6402697863881118,0.7553379750824166
2012-01-10 19:38:00,0.03342531361870702,0.6400346148967088,0.7554097930330839
2012-01-10 19:39:00,0.03346689686865293,0.6401871585668081,0.7551871148329612
2012-01-10 19:40:00,0.032965733797024284,0.6406829254946305,0.7541500388671863
2012-01-10 19:41:00,0.032520475925901175,0.6408721383161958,0.7538012295449787
2012-01-10 19:42:00,0.03515601539446478,0.6415184932260392,0.7530104680668881
2012-01-10 19:43:00,0.03520353481489448,0.6415194710700783,0.7529431278580953
2012-01-10 19:44:00,0.035262971661130876,0.6417101506577023,0.7529009906629623
2012-01-10 19:45:00,0.034677124233360106,0.6407616419397777,0.7535606307062098
2012-01-10 19:46:00,0.03456254862888317,0.6397153488179435,0.7548297755575503
2012-01-10 19:47:00,0.03507131601004295,0.6405690066640756,0.7535790929291865
2012-01-10 19:48:00,0.035376795851622525,0.640538204576844,0.7536693827739788
2012-01-10 19:49:00,0.03619093787640393,0.6402971660212066,0.7540933079085795
2012-01-10 19:50:00,0.03848957337052315,0.6399930565250472,0.7542765084794775
2012-01-10 19:51:00,0.0407698142502825,0.6390650825319437,0.7554050058144494
2012-01-10 19:52:00,0.04254083690049089,0.6379615855338222,0.755968804773518
2012-01-10 19:53:00,0.04373756887002226,0.6371382408529022,0.7562755155851877
2012-01-10 19:54:00,0.041803564526404595,0.6363114737178452,0.7573670111050165
2012-01-10 19:55:00,0.03859839314387277,0.6367466143152437,0.756887863711015
2012-01-10 19:56:00,0.03698130516269078,0.6387384826228851,0.7558728863201493
2012-01-10 19:57:00,0.03507801862279173,0.6387370158568265,0.7557690181825023
2012-01-10 19:58:00,0.03511207270460505,0.6399182514560563,0.754990761499754
2012-01-10 19:59:00,0.03543357269235099,0.6405416270309808,0.7540488689800425
2012-01-10 20:00:00,0.03528037440903018,0.6423252145582946,0.7522881396373997
2012-01-10 20:01:00,0.03508451083962463,0.6423838852006405,0.7525686803205337
2012-01-10 20:02:00,0.03463639759535742,0.6408325356326123,0.7540268284320261
2012-01-10 20:03:00,0.03231274001552806,0.6392107812937692,0.7557637570775787
2012-01-10 20:04:00,0.032227123906044174,0.639992078681008,0.7549129087522627
2012-01-10 20:05:00,0.03218191884068916,0.6410476613212138,0.7534137162854471
2012-01-10 20:06:00,0.03166686963861237,0.6410354382707251,0.7533122562638407
2012-01-10 20:07:00,0.031759684294075316,0.641331236092552,0.7530889784524949
2012-01-10 20:08:00,0.03204341821492061,0.6414754680883189,0.7529458261085984
2012-01-10 20:09:00,0.03293441486211742,0.6423560166455262,0.752287336932053
2012-01-10 20:10:00,0.037349693383118776,0.6424943815770584,0.7520165544380143
2012-01-10 20:11:00,0.03894563657475473,0.6417551314835007,0.752768602307632
2012-01-10 20:12:00,0.03866523893200412,0.641662725221806,0.7528156040905895
2012-01-10 20:13:00,0.038328605466594445,0.6414422213909896,0.752945323208863
2012-01-10 20:14:00,0.039726115252995166,0.6412657205419325,0.7529877118538636
2012-01-10 20:15:00,0.03658984853291438,0.6392494061333136,0.755345837726356
2012-01-10 20:16:00,0.03431955637432028,0.6389448077151347,0.7551291846519086
2012-01-10 20:17:00,0.03206167757476315,0.6394488863172895,0.7555584095760279
2012-01-10 20:18:00,0.031004182616705903,0.6386675889300506,0.755906957777219
2012-01-10 20:19:00,0.03179479035546804,0.6397402838409405,0.7551718731025207
2012-01-10 20:20:00,0.032189132414947946,0.6412823438905971,0.7530751777232192
2012-01-10 20:21:00,0.03219249874960204,0.6414138639138558,0.7529879826460287
2012-01-10 20:22:00,0.03301244169034988,0.6413527486614121,0.7530080696219964
2012-01-10 20:23:00,0.03483795688277146,0.6410139257018649,0.7532382719758519
2012-01-10 20:24:00,0.03530428440204209,0.6413155905879265,0.7529673250722845
2012-01-10 20:25:00,0.03922305861812359,0.6421604478377066,0.752532336143506
2012-01-10 20:26:00,0.038285654643195305,0.6411962936151566,0.7530357291074407
2012-01-10 20:27:00,0.03979536556587944,0.6423222810261773,0.7520144944833291
2012-01-10 20:28:00,0.0391070402987949,0.6424137094438329,0.7519276669097915
2012-01-10 20:29:00,0.04084701452313113,0.6411689139820618,0.7529547235654546
2012-01-10 20:30:00,0.040398570656710396,0.6407660422379537,0.7534031360487071
2012-01-10 20:31:00,0.0390374593637571,0.6420699972640902,0.7524933420717191
2012-01-10 20:32:00,0.040293492925007515,0.6414246201982858,0.7529114451747684
2012-01-10 20:33:00,0.038418023730843895,0.6410021915733958,0.7530163868099271
2012-01-10 20:34:00,0.038050507150638825,0.6411718475141791,0.752975497192984
2012-01-10 20:35:00,0.03805106319698794,0.6408183568940454,0.7531159609575261
2012-01-10 20:36:00,0.037715842389870614,0.6412158504959385,0.7531113865041642
2012-01-10 20:37:00,0.036793917543039296,0.6416456129511219,0.7529073832922906
2012-01-10 20:38:00,0.036080269624650496,0.6415722746481896,0.7529508647771005
2012-01-10 20:39:00,0.041518703484581365,0.6339961834942723,0.7585827131883274
2012-01-10 20:40:00,0.10177976069316053,-0.13740026394161872,0.9954069799667027
2012-01-10 20:41:00,0.07045245503450044,-0.20870692475999575,1.010589542319152
2012-01-10 20:42:00,0.053310658184008285,-0.1856128153971166,1.0160100954723426
2012-01-10 20:43:00,0.06180201192477163,-0.20699559990717134,1.0143446076026557
2012-01-10 20:44:00,0.06611349011784509,-0.2149552503854246,1.0145116670262786
2012-01-10 20:45:00,0.06662455682579986,-0.21930785421835614,1.0132850462160214
2012-01-10 20:46:00,0.08570372435456379,-0.17342376943485807,1.0166324242236868
2012-01-10 20:47:00,0.029454782007318783,-0.2263701127758287,1.0048220173620177
2012-01-10 20:48:00,0.0549483198801075,-0.2062752466496692,1.014276735480681
2012-01-10 20:49:00,0.0654060639072545,-0.20526645384673434,1.0160117975945238
2012-01-10 20:50:00,0.04969524482206784,-0.21966273826624555,1.0117092389087552
2012-01-10 20:51:00,0.0659922720137382,-0.2298668097213382,1.0081939310740786
2012-01-10 20:52:00,0.06142308888026987,-0.2064730889448796,1.0115698679840226
2012-01-10 20:53:00,0.07153674541527312,-0.20373659240146538,1.0128033359675994
2012-01-10 20:54:00,0.06163271835388592,-0.20880972061460587,1.0117479428460794
2012-01-10 20:55:00,0.04824345288936981,-0.2624363989457785,1.0014070186822455
2012-01-10 20:56:00,0.07843319291570021,-0.18595418075116554,1.0071045438646788
2012-01-10 20:57:00,0.19065736755190868,0.027635974909578028,1.0076545807790669
2012-01-10 20:58:00,0.18769081519454536,0.033529832070834,1.0094455711461694
2012-01-10 20:59:00,0.16651015314484274,0.010573623163568559,1.014689925640162
2012-01-10 21:00:00,0.17530622028492068,-0.007230178825086553,1.0144884465981137
2012-01-10 21:01:00,0.1714960554462729,-0.003394096659707253,1.0149441221140827
2012-01-10 21:02:00,0.16576377363325473,-0.014039884713361204,1.0162616517226528
2012-01-10 21:03:00,0.15414556087550646,0.05825850552946847,1.0122709875842875
2012-01-10 21:04:00,0.15404747129386676,0.05049557282578065,1.0135170087189505
2012-01-10 21:05:00,0.149607185715435,0.04604684692380582,1.0145774985358655
2012-01-10 21:06:00,0.14940502529683272,0.042929088989547504,1.0149455244306524
2012-01-10 21:07:00,0.14701832408363757,0.03970261924424253,1.0154511127453545
2012-01-10 21:08:00,0.14184434286168945,0.038932200371938626,1.0162624931125948
2012-01-10 21:09:00,0.1540173846778958,0.06481920343318695,1.0118108633398903
2012-01-10 21:10:00,0.15310264334876383,0.028436535824387113,1.0150550695326195
2012-01-10 21:11:00,0.1506970365596988,0.06115857093452271,1.0117947802195082
2012-01-10 21:12:00,0.14604833879830714,0.09273704188703483,1.009475870855224
2012-01-10 21:13:00,0.10907089590350075,0.0842251295416003,1.0144889881824442
2012-01-10 21:14:00,0.09077694096108459,0.30028502589189227,0.9612162196058232
2012-01-10 21:15:00,0.08468896982398981,0.2584490931997528,0.9723191142378992
2012-01-10 21:16:00,0.10321201586224102,0.07655330745625538,1.0157318855360589
2012-01-10 21:17:00,0.12354941108109242,0.07484122477430064,1.014316599955856
2012-01-10 21:18:00,0.11728042431494141,0.07779030461181465,1.0145998098760471
2012-01-10 21:19:00,0.12182130919772376,0.0829657642036467,1.013567675867287
2012-01-10 21:20:00,0.11240084709242973,0.2990465864163754,0.9526445160532403
2012-01-10 21:21:00,0.06706619288151387,0.39911836310237725,0.9209709913041982
2012-01-10 21:22:00,0.06475969759710852,0.39813528759767064,0.9217528166408377
2012-01-10 21:23:00,0.05589326805144809,0.3784610166388279,0.9278842959391326
2012-01-10 21:24:00,0.07861843149135375,0.3149209065470834,0.9475504512109268
2012-01-10 21:25:00,0.10259893719164336,0.11440254555489358,1.0084173346103582
2012-01-10 21:26:00,0.10095573006033272,0.037413168549402694,1.0190585479430874
2012-01-10 21:27:00,0.08317811675204803,0.04211571831782625,1.0209066947993422
2012-01-10 21:28:00,0.09564045295259078,0.03510406318937699,1.0207064149797398
2012-01-10 21:29:00,0.08982888193584489,0.02016754438436538,1.0224475602461505
2012-01-10 21:30:00,0.09714986330968081,0.0228077232899285,1.021795628108462
2012-01-10 21:31:00,0.10726327939220874,0.01626888020048384,1.0213916738960438
2012-01-10 21:32:00,0.08709800306082775,0.01106821667854405,1.0230844730898196
2012-01-10 21:33:00,0.0748864287354558,0.23938419019997467,0.9744815057307049
2012-01-10 21:34:00,0.0886300460071547,0.3579838134933814,0.9389453338393896
2012-01-10 21:35:00,0.08890865528462032,0.3801620496831409,0.9288920296395796
2012-01-10 21:36:00,0.07162903408094637,0.38217831519955786,0.9290959844957094
2012-01-10 21:37:00,0.053212027584299194,0.3823110086356634,0.9299353628386
2012-01-10 21:38:00,0.05921594555299948,0.3822015389954865,0.9297254312125386
2012-01-10 21:39:00,0.09699767192110027,0.2515189902641643,0.968484300661748
2012-01-10 21:40:00,0.10834968876041993,0.08760653867490026,1.0139087289281916
2012-01-10 21:41:00,0.07702588469093131,0.027144779402638403,1.022516302771513
2012-01-10 21:42:00,0.08436049671446037,0.060544460431868535,1.0153874088884944
2012-01-10 21:43:00,0.08272773423754524,0.2753843496667806,0.9722872768161922
2012-01-10 21:44:00,0.07606729084161787,0.2726007943789848,0.9731191503476476
2012-01-10 21:45:00,0.07058106705222258,0.2661023362483549,0.975685554079764
2012-01-10 21:46:00,0.06374480781201719,0.20822797674964583,0.9835673855780859
2012-01-10 21:47:00,0.036080404879167846,-0.2459690164053579,1.0049949955286797
2012-01-10 21:48:00,0.030437917037391786,-0.2480636072293066,1.0057293838806678
2012-01-10 21:49:00,0.040232823759835244,-0.2603501931344651,1.0025315315039294
2012-01-10 21:50:00,0.0374450327895723,-0.24454742674131805,1.0052399657266866
2012-01-10 21:51:00,0.05476999431311862,-0.2452415982246733,1.0050986218876077
2012-01-10 21:52:00,0.058790945802919777,-0.24594349467593749,1.0048298219790641
2012-01-10 21:53:00,0.05118666632835003,-0.20132415337260806,1.0145988427611714
2012-01-10 21:54:00,0.054025508364773545,-0.17374252214550287,1.0190957044966107
2012-01-10 21:55:00,0.05726652219440367,-0.1641676933295694,1.0208171786464502
2012-01-10 21:56:00,0.05314626383230666,-0.20442291668640689,1.0154779888677496
2012-01-10 21:57:00,0.05552417350187393,-0.20253743781021918,1.015935472888536
2012-01-10 21:58:00,0.04424638133602116,-0.19422779250427197,1.0169669589303294
2012-01-10 21:59:00,0.253284897909199,0.051233282814976744,0.9170416325778015
2012-01-10 22:00:00,0.6060314443669406,0.32358956729198524,0.742648712248632
2012-01-10 22:01:00,0.5361241852636067,0.4802598125744818,0.6757986662882385
2012-01-10 22:02:00,0.43125179997463103,0.578121001687397,0.6872898575428956
2012-01-10 22:03:00,0.38813398233139584,0.49713395378906594,0.7836510464306745
2012-01-10 22:04:00,0.35150017608034195,0.5825166795502508,0.7252400158619219
2012-01-10 22:05:00,0.3510167614070459,0.5902851370727595,0.724536507487914
2012-01-10 22:06:00,0.32411334547365855,0.5765024986799839,0.746516291676771
2012-01-10 22:07:00,0.3014487760575267,0.5748029812939315,0.7571075245127257
2012-01-10 22:08:00,0.27720371252129633,0.64985898951142,0.6915672228861529
2012-01-10 22:09:00,0.2920243915712294,0.6312102813807826,0.7069930629855766
2012-01-10 22:10:00,0.30356456247246555,0.5887739524486374,0.7447679414045368
2012-01-10 22:11:00,0.32099373008749177,0.5834567054711362,0.7410601196827096
2012-01-10 22:12:00,0.3603827009135673,0.5928778172041235,0.7131696388505241
2012-01-10 22:13:00,0.33200119355799684,0.5715659752791054,0.745505298799193
2012-01-10 22:14:00,0.33530280141140073,0.6006955336201018,0.7184746798029648
2012-01-10 22:15:00,0.35323767063852674,0.5714619815655473,0.7375483031327341
2012-01-10 22:16:00,0.3340705425886448,0.6030328008884535,0.7163429942074616
2012-01-10 22:17:00,0.32568383075947294,0.6193928650455831,0.7059182501973532
2012-01-10 22:18:00,0.3559072942454631,0.5164857073377133,0.7784359374905222
2012-01-10 22:19:00,0.17354415448941693,0.28915058472580035,0.8363482656024874
2012-01-10 22:20:00,0.04942810212201774,-0.18148201103835335,1.0166796484430658
2012-01-10 22:21:00,0.0376568714203051,-0.19951076604820278,1.0149526037115424
2012-01-10 22:22:00,0.022984581604186986,-0.22940277383258453,1.0007380749938941
2012-01-10 22:23:00,0.23960802122767352,0.05248749002562411,0.9946634910637348
2012-01-10 22:24:00,0.21933052873172937,0.015608346552073516,1.005329462537281
2012-01-10 22:25:00,0.18366377725146338,0.017657418736002222,1.011791917559476
2012-01-10 22:26:00,0.17289052952017303,0.021514524548222117,1.0132874543320618
2012-01-10 22:27:00,0.20764556035552797,0.05062389040981122,1.0037005896367868
2012-01-10 22:28:00,0.07239933861382598,-0.19437082664109095,1.006474449180883
2012-01-10 22:29:00,0.06344114639228202,-0.19654476950881242,1.0138283133262798
2012-01-10 22:30:00,0.0701018753255238,-0.20471485202427944,1.007870847007564
2012-01-10 22:31:00,0.08472156616267167,-0.1980719907751758,1.0128191192823703
2012-01-10 22:32:00,0.08597502988809239,-0.21423976190201696,1.009965376049544
2012-01-10 22:33:00,0.04898867522342047,-0.20067325148798285,1.0134940687540999
2012-01-10 22:34:00,0.03832164737309067,-0.20974500399190163,1.0122901751434208
2012-01-10 22:35:00,0.03615299147014681,-0.21261570962968196,1.012087332469398
2012-01-10 22:36:00,0.020970371331779515,-0.20931311472593325,1.0121242085596072
2012-01-10 22:37:00,0.0217662840532778,-0.2152057006899384,1.009043096619511
2012-01-10 22:38:00,0.037439833004794094,-0.23053025245576486,1.0088598670351667
2012-01-10 22:39:00,0.05417126764963999,-0.2077338477105889,1.010399658984463
2012-01-10 22:40:00,0.03783617382547487,-0.1677836628017479,1.0189514302994582
2012-01-10 22:41:00,0.054815319604711275,0.0825936212084672,0.9526622335977627
2012-01-10 22:42:00,0.1162756635903718,0.4783934505492584,0.858939121325536
2012-01-10 22:43:00,0.058343148152526385,0.5480940025334179,0.8287576033797833
2012-01-10 22:44:00,0.012614031655892982,0.16820279120300602,0.9608416753567741
2012-01-10 22:45:00,-0.01813678919325303,-0.2356819748835478,0.9999931450897612
2012-01-10 22:46:00,0.0033109103585417512,-0.26115244083024164,0.9994471700578511
2012-01-10 22:47:00,-0.06881552972410682,0.03388227150862571,0.9839414269273995
2012-01-10 22:48:00,-0.07948353441261749,-0.044155305414575706,0.9959603147428167
2012-01-10 22:49:00,-0.05618383983955953,-0.03812068760389165,0.9789443153513718
2012-01-10 22:50:00,-0.009016051098411252,0.22011467333501544,0.9540707493738356
2012-01-10 22:51:00,0.023541138914811167,-0.010851233086268326,0.9792011423777546
2012-01-10 22:52:00,-0.19730974076163404,0.7843908946409521,0.1490255938518604
2012-01-10 22:53:00,-1.0411244125212522,0.019555071770476693,-0.10239595669850687
2012-01-10 22:54:00,-1.039830733119339,0.028512465414023032,-0.11891032327509105
2012-01-10 22:55:00,-1.0388026184481065,0.039171943284224346,-0.11980832812174468
2012-01-10 22:56:00,-1.0376764592800736,0.04976199422764974,-0.1194294995537964
2012-01-10 22:57:00,-1.0371027396740253,0.058922975000136164,-0.11783451435854565
2012-01-10 22:58:00,-1.0358908141137113,0.06981415301540163,-0.11728485461895921
2012-01-10 22:59:00,-1.0346353516270899,0.08021205760514437,-0.11631300088039948
2012-01-10 23:00:00,-1.0341375999749542,0.08687850934169124,-0.11491900149861027
2012-01-10 23:01:00,-1.033439806891655,0.09045644068074882,-0.11610322399271812
2012-01-10 23:02:00,-1.0319213044253432,0.0982508355163946,-0.1172625722922238
2012-01-10 23:03:00,-1.0312760351796157,0.1042142173888304,-0.11734363586110237
2012-01-10 23:04:00,-1.0306081784294905,0.10959187068184684,-0.11731760112864936
2012-01-10 23:05:00,-1.0292315128670415,0.11548924808164357,-0.1181006063454372
2012-01-10 23:06:00,-1.0286626624236181,0.11913073928324248,-0.11802957175781932
2012-01-10 23:07:00,-1.0283741044249872,0.12228281954327311,-0.11783517199666112
2012-01-10 23:08:00,-0.7110606948394852,0.5251828722363548,0.006388644814884002
2012-01-10 23:09:00,-0.21229116229130027,0.9376306919115881,0.14343569888394017
2012-01-10 23:10:00,-0.21037707041829276,0.9379856492977804,0.1434883002620278
2012-01-10 23:11:00,-0.20900686701611743,0.9379035103984963,0.14357639475605247
2012-01-10 23:12:00,-0.20819460352629926,0.9378707526231865,0.14358404463471902
2012-01-10 23:13:00,-0.20530036725088022,0.9382316504119164,0.14373343486956358
2012-01-10 23:14:00,-0.20540245435492163,0.9380286255432987,0.14437124713006724
2012-01-10 23:15:00,-0.20308270412781576,0.9383973216382404,0.14454004736046652
2012-01-10 23:16:00,-0.2020233306347953,0.9386922638465331,0.1435380486512322
2012-01-10 23:17:00,-0.2005448334490601,0.9388936263802843,0.1435778164149197
2012-01-10 23:18:00,-0.199508783846143,0.9391558841515703,0.1433609505751997
2012-01-10 23:19:00,-0.19790165961440595,0.9395664564174863,0.14181955321520978
2012-01-10 23:20:00,-0.1991902444294991,0.9396678588443407,0.13966717136136722
2012-01-10 23:21:00,-0.19908842783449238,0.9395040699677919,0.14045522491780604
2012-01-10 23:22:00,-0.19889788427610272,0.9393589579123899,0.1404151766908046
2012-01-10 23:23:00,-0.1976511832765496,0.9393678562931456,0.1404667819405703
2012-01-10 23:24:00,-0.19875564160868742,0.9390319424196147,0.14067796114482137
2012-01-10 23:25:00,-0.1990061329748235,0.9388709159524763,0.14040107615591735
2012-01-10 23:26:00,-0.19675620413523073,0.93936946973581,0.14008195726039288
2012-01-10 23:27:00,-0.1957808387257656,0.9395968429210012,0.1399916674156004
2012-01-10 23:28:00,-0.19620096931322065,0.9392626402745388,0.140573677147778
2012-01-10 23:29:00,-0.19628078450673808,0.9389922663977283,0.14093429494261742
2012-01-10 23:30:00,-0.19689224012312753,0.9388596951921276,0.14089105523652629
2012-01-10 23:31:00,-0.19613424375132696,0.9390342647992075,0.14068800946837956
2012-01-10 23:32:00,-0.19500081089591637,0.9394785482383715,0.13939925152736063
2012-01-10 23:33:00,-0.19566654865860308,0.9393191352138975,0.13897094536237314
2012-01-10 23:34:00,-0.19447098889488879,0.9392594867275126,0.14059293240495255
2012-01-10 23:35:00,-0.19316836766655038,0.9394426613621366,0.1411138108058391
2012-01-10 23:36:00,-0.19400055865525845,0.9390914197832928,0.14226017075256453
2012-01-10 23:37:00,-0.1942742386569806,0.938053120536478,0.1477141860804533
2012-01-10 23:38:00,-0.19157373193524885,0.9389558172611709,0.14445055054987213
2012-01-10 23:39:00,-0.1905917691109929,0.9392380230508545,0.14427613138204523
2012-01-10 23:40:00,-0.19551892586705313,0.9377440973740223,0.14700172222269675
2012-01-10 23:41:00,-0.19443920408331103,0.937989438443432,0.1466492088505154
2012-01-10 23:42:00,-0.1930456016496338,0.9385876100882488,0.14505281166754622
2012-01-10 23:43:00,-0.20167266075614043,0.9352359518598383,0.15487743188385558
2012-01-10 23:44:00,-0.20031133906727125,0.9357126508288984,0.15266095932720247
2012-01-10 23:45:00,-0.2000386659602894,0.9357987011043389,0.1525312111954827
2012-01-10 23:46:00,-0.1999915973882509,0.9359194648431675,0.15245194646027288
2012-01-10 23:47:00,-0.19973761946122306,0.936029472297566,0.15234614409287472
2012-01-10 23:48:00,-0.1996063324097133,0.9360959656922245,0.1523514148689471
2012-01-10 23:49:00,-0.19957441234361817,0.936180060279587,0.1522461734281768
2012-01-10 23:50:00,-0.19973272024203897,0.9358762930288412,0.15300819225216264
2012-01-10 23:51:00,-0.1984522206414275,0.9362871342018682,0.15204331141185648
2012-01-10 23:52:00,-0.1983901388179629,0.9363653128327939,0.1514084295094261
2012-01-10 23:53:00,-0.19781882373666765,0.9365446983217663,0.14970719707393434
2012-01-10 23:54:00,-0.19783990841309487,0.936671769154647,0.14963252613438394
2012-01-10 23:55:00,-0.1982628342605752,0.9363707154211101,0.15011310485840137
2012-01-10 23:56:00,-0.19917147410814656,0.936727237357765,0.147685936654935
2012-01-10 23:57:00,-0.19785912958283855,0.9367931195998992,0.14791340207369233
2012-01-10 23:58:00,-0.1949192223653936,0.9372913800300212,0.14908187993762434
2012-01-10 23:59:00,-0.19897809020489246,0.9363614259027385,0.14930255620995447
2012-01-11 00:00:00,-0.1992208570352598,0.9361433911281207,0.1497036574334894
2012-01-11 00:01:00,-0.19848686082614939,0.9366619418220542,0.1474950862053705
2012-01-11 00:02:00,-0.19732600136027573,0.9371823504196618,0.14600298269059342
2012-01-11 00:03:00,-0.19629055288854685,0.937576421567418,0.14577469522419176
2012-01-11 00:04:00,-0.19623371593469957,0.9376287362235098,0.14563300322375752
2012-01-11 00:05:00,-0.19648667193870742,0.9373239666826241,0.146277024361763
2012-01-11 00:06:00,-0.19522175666415087,0.937433509661104,0.14648266199777646
2012-01-11 00:07:00,-0.1938134114880823,0.9379531359834803,0.14369112359375308
2012-01-11 00:08:00,-0.19391960131248337,0.9380296522795397,0.14369769030375887
2012-01-11 00:09:00,-0.19427650792721618,0.9379121887643432,0.14409526155799762
2012-01-11 00:10:00,-0.19438597391659312,0.9379254629971739,0.14348389988934349
2012-01-11 00:11:00,-0.19489126976514085,0.9377915961482214,0.14422742747690653
2012-01-11 00:12:00,-0.19629014712499482,0.9374372254684525,0.14564349642015853
2012-01-11 00:13:00,-0.19427901764992703,0.9378409283799939,0.14341681113041832
2012-01-11 00:14:00,-0.19400264758613756,0.9379998280363473,0.14348778769114368
2012-01-11 00:15:00,-0.19441723273838116,0.9380412397314031,0.14337275904783162
2012-01-11 00:16:00,-0.19437056992989468,0.9379457288148842,0.14342145328182154
2012-01-11 00:17:00,-0.19400421052722697,0.9380252030891618,0.14352516668108828
2012-01-11 00:18:00,-0.19441532414685853,0.9379648945580505,0.14354660761788188
2012-01-11 00:19:00,-0.19450196217936241,0.9378852247149652,0.14377257400858193
2012-01-11 00:20:00,-0.19580070611153666,0.9374859709938016,0.1457238249817316
2012-01-11 00:21:00,-0.1963360885760554,0.9374673919570586,0.1452571050138825
2012-01-11 00:22:00,-0.19745425269928493,0.9371837682935186,0.14508079030089932
2012-01-11 00:23:00,-0.19941819337607652,0.9366479586522951,0.14656007954357378
2012-01-11 00:24:00,-0.19619620534855392,0.9363954548752992,0.1509833825215696
2012-01-11 00:25:00,-0.1961133093576968,0.9367035490859177,0.14981593947055458
2012-01-11 00:26:00,-0.19628324914460984,0.9368024580104725,0.1493572562273223
2012-01-11 00:27:00,-0.6467260420772956,0.5539247154158491,0.06368723215560096
2012-01-11 00:28:00,-0.958346063037658,0.3559837557419124,-0.00018811351446636733
2012-01-11 00:29:00,-0.9130912841333784,0.4491897716300984,0.00687168968183437
2012-01-11 00:30:00,-0.9087672723550304,0.45307604164078435,0.008353967309474656
2012-01-11 00:31:00,-0.9007241069999327,0.4687040673041447,0.005385369514013789
2012-01-11 00:32:00,-0.8803786415948793,0.5018676234440338,0.005900193775778641
2012-01-11 00:33:00,-0.8731154138999527,0.5123518472163279,0.006839939300466159
2012-01-11 00:34:00,-0.8764297507062675,0.5038639409420532,0.01979937534591765
2012-01-11 00:35:00,-0.8437292209612113,0.5516927619505082,0.029331162849023245
2012-01-11 00:36:00,-0.8247743072490548,0.5759447608861837,0.029974758456483418
2012-01-11 00:37:00,-0.8187542939927897,0.5833925100099694,0.03048491155339879
2012-01-11 00:38:00,-0.8163920137341164,0.5866902890318255,0.03087175750366637
2012-01-11 00:39:00,-0.813918794714655,0.5897871211036472,0.03116041228060728
2012-01-11 00:40:00,-0.8100992071446317,0.5943468078579586,0.03188964591030794
2012-01-11 00:41:00,-0.8086007373751676,0.5960678133667702,0.03193945232640489
2012-01-11 00:42:00,-0.807616099517124,0.5974407063976629,0.03191865935657801
2012-01-11 00:43:00,-0.8059562711084586,0.5992296720671917,0.0319031855185673
2012-01-11 00:44:00,-0.8049983234751725,0.6007937336077281,0.03194041944128056
2012-01-11 00:45:00,-0.8037357225556907,0.6017886899175098,0.0319704000024263
2012-01-11 00:46:00,-0.8030625307662699,0.6025978558598629,0.031982488938372154
2012-01-11 00:47:00,-0.8027002891122416,0.603270612558762,0.031981521823496485
2012-01-11 00:48:00,-0.7992458737107893,0.6071803263802853,0.03193400746965487
2012-01-11 00:49:00,-0.7945497466986461,0.6120222433703811,0.031927363390459026
2012-01-11 00:50:00,-0.7940334802059131,0.6127586821623264,0.032005216137950376
2012-01-11 00:51:00,-0.7937935988052494,0.613331136508915,0.031992160087128844
2012-01-11 00:52:00,-0.7934553723421909,0.6138033129492942,0.031992643644566686
2012-01-11 00:53:00,-0.792754859140265,0.6144155899943752,0.03203374602678261
2012-01-11 00:54:00,-0.7919512519395573,0.6148606801548714,0.03202455843546376
2012-01-11 00:55:00,-0.7916555855646257,0.6151288049903918,0.03203568025653395
2012-01-11 00:56:00,-0.7913298776585621,0.6156754687004493,0.032068078604868856
2012-01-11 00:57:00,-0.7907993493283882,0.6167128878876288,0.032055506111485166
2012-01-11 00:58:00,-0.7903922332311584,0.6170520775386907,0.032066144375117525
2012-01-11 00:59:00,-0.7891047304522041,0.6180396755720782,0.03210821387220912
2012-01-11 01:00:00,-0.788747072423486,0.6183457163102146,0.032110631659398294
2012-01-11 01:01:00,-0.7884896680486853,0.6187271243776646,0.03213195654240679
2012-01-11 01:02:00,-0.7879580426540931,0.6197694327850396,0.03208355244287957
2012-01-11 01:03:00,-0.7870798050163663,0.6206387361357972,0.032066154046266275
2012-01-11 01:04:00,-0.7860211528807718,0.6213304141168529,0.03198345605324782
2012-01-11 01:05:00,-0.7857768982507136,0.621583675722979,0.031982972495809996
2012-01-11 01:06:00,-0.7856029609413989,0.6218046684758151,0.03193171540739954
2012-01-11 01:07:00,-0.7855410594572907,0.6220232166185533,0.03191624156938883
2012-01-11 01:08:00,-0.7854160391984183,0.6221229567105413,0.03194090299871839
2012-01-11 01:09:00,-0.785268175954393,0.6225228949225322,0.031915758011951
2012-01-11 01:10:00,-0.7851098079428535,0.6228817636848809,0.031930264735086034
2012-01-11 01:11:00,-0.7850089231011884,0.6231760947406493,0.031912373109886163
2012-01-11 01:12:00,-0.784925425979143,0.6231736501305515,0.031891096582621445
2012-01-11 01:13:00,-0.7846855596067589,0.6236391038931619,0.03193510030946438
2012-01-11 01:14:00,-0.7863488144631972,0.6215550737848354,0.03226066019006082
2012-01-11 01:15:00,-0.7885220089066122,0.618736487234339,0.03369862461409795
2012-01-11 01:16:00,-0.7881736383547523,0.6189911911604229,0.03244186850431491
2012-01-11 01:17:00,-0.7882287019715942,0.6191387967181247,0.03235047614856419
2012-01-11 01:18:00,-0.7881229629955844,0.6193380568871918,0.032285679451894374
2012-01-11 01:19:00,-0.7879201864175142,0.6199401888003669,0.03235151096148116
2012-01-11 01:20:00,-0.7872111070961559,0.6209006516616694,0.03224554418455411
2012-01-11 01:21:00,-0.7869225641258047,0.621020437556459,0.03223732370811092
2012-01-11 01:22:00,-0.7867715599713211,0.6210717743685115,0.0322426428399271
2012-01-11 01:23:00,-0.7865027942170626,0.6212331186349627,0.032241695067348954
2012-01-11 01:24:00,-0.786315211229775,0.6212566602302039,0.032243619625951535
2012-01-11 01:25:00,-0.7862074734925643,0.6213851733830422,0.0322377975944
2012-01-11 01:26:00,-0.7860583027882045,0.6214404704634532,0.03223249780488134
2012-01-11 01:27:00,-0.9405642718676153,0.36166116712511415,-0.016561455399880493
2012-01-11 01:28:00,-0.7222952957294636,0.6769032709929401,0.07157020484947607
2012-01-11 01:29:00,-0.691683546580715,0.7100008226601902,0.07311783042926531
2012-01-11 01:30:00,-0.6888716803063634,0.712353026496239,0.07325220137009075
2012-01-11 01:31:00,-0.6866430916239527,0.714198218198016,0.07329222058364593
2012-01-11 01:32:00,-0.6853838570391251,0.7152987816640201,0.07335612753463014
2012-01-11 01:33:00,-0.6842665344995591,0.7161407053816831,0.07343494739699716
2012-01-11 01:34:00,-0.6829649652508001,0.7172432245357654,0.07350600132691255
2012-01-11 01:35:00,-0.6815933041054932,0.7185354454334327,0.07370285755985496
2012-01-11 01:36:00,-0.6804961344890128,0.7191661548386505,0.07381455932799473
2012-01-11 01:37:00,-0.6798703118372247,0.7198247327989826,0.07387257654938612
2012-01-11 01:38:00,-0.6793161891079127,0.7205351364933869,0.07384840834864315
2012-01-11 01:39:00,-0.678533681611912,0.7210320523879553,0.07399899780593355
2012-01-11 01:40:00,-0.6766298690822232,0.722732303157037,0.0741835233242112
2012-01-11 01:41:00,-0.6758171397157342,0.7233776802228412,0.07416222745464897
2012-01-11 01:42:00,-0.6743885815034614,0.724249159276586,0.07420865863982982
2012-01-11 01:43:00,-0.6677371250187981,0.7296585925008731,0.07545820974378914
2012-01-11 01:44:00,-0.6653935249117992,0.7315196252760834,0.07517468067568928
2012-01-11 01:45:00,-0.6229162876910231,0.763005274383184,0.08061809642454072
2012-01-11 01:46:00,-0.617168631947866,0.7675024524572962,0.07950165901206849
2012-01-11 01:47:00,-0.6155007483812784,0.7684245593861652,0.07926133096546474
2012-01-11 01:48:00,-0.6150339249287775,0.7692107459935995,0.07920524797382471
2012-01-11 01:49:00,-0.61411538144488,0.7698683461098925,0.07912957123480362
2012-01-11 01:50:00,-0.6130923763887476,0.7702927304228607,0.07913280139848834
2012-01-11 01:51:00,-0.6123343349321079,0.7710187796218907,0.07907770486402148
2012-01-11 01:52:00,-0.6120265106788942,0.771460276205543,0.0790880626643399
2012-01-11 01:53:00,-0.6115991815454601,0.7717135378116694,0.07906940701838824
2012-01-11 01:54:00,-0.6110378903267285,0.7719271967342122,0.07908604139424975
2012-01-11 01:55:00,-0.6104185598917733,0.7723036666892646,0.07908013232235941
2012-01-11 01:56:00,-0.609850310579538,0.7727969890069892,0.0790423761576133
2012-01-11 01:57:00,-0.6095559967497798,0.7730258045121382,0.07903936843034998
2012-01-11 01:58:00,-0.6093867332354536,0.7732247957740945,0.07898380768074278
2012-01-11 01:59:00,-0.6089479224963242,0.7734966364169636,0.07912413604920235
2012-01-11 02:00:00,-0.6026316717904985,0.7777571028953112,0.07719145368166552
2012-01-11 02:01:00,-0.6047389672274036,0.7762698021118438,0.07643696868256114
2012-01-11 02:02:00,-0.6034781095883677,0.7773679209677504,0.07608275318819864
2012-01-11 02:03:00,-0.6069536096662472,0.7752623293983618,0.07081823434904844
2012-01-11 02:04:00,-0.6002406574610277,0.7803914147366396,0.068276395334774
2012-01-11 02:05:00,-0.5992971520045389,0.7807805966642004,0.0693108697615333
2012-01-11 02:06:00,-0.6136613620866884,0.7702636395626976,0.06702744384203761
2012-01-11 02:07:00,-0.6657603652194174,0.7332989102896251,0.05037208158772967
2012-01-11 02:08:00,-0.6622583251995774,0.7359699157285207,0.050725658786274226
2012-01-11 02:09:00,-0.66241501004379,0.7357728801546426,0.05102934252838304
2012-01-11 02:10:00,-0.6628457806532767,0.7354762756114833,0.05100180876787275
2012-01-11 02:11:00,-0.6741993604336858,0.7262151636093933,0.05319951929593789
2012-01-11 02:12:00,-0.6801767985735444,0.7209989768133328,0.05788045200566318
2012-01-11 02:13:00,-0.675954047343854,0.7246093970205895,0.05842898022084509
2012-01-11 02:14:00,-0.675678368580931,0.7247086481905578,0.05837958966414467
2012-01-11 02:15:00,-0.674234286155722,0.7251400974267085,0.06436608877142802
2012-01-11 02:16:00,-0.6658038119760469,0.7316605570482182,0.06742997639558855
2012-01-11 02:17:00,-0.6644868687971489,0.7330231827167005,0.06469779950263371
2012-01-11 02:18:00,-0.6620465015971244,0.7350558271207724,0.06323999955249661
2012-01-11 02:19:00,-0.6631883803457296,0.7341165101368154,0.06311287230208992
2012-01-11 02:20:00,-0.6622387283228411,0.7349030878818653,0.06245625932840324
2012-01-11 02:21:00,-0.6621070054512199,0.7350478332457528,0.06294606432833454
2012-01-11 02:22:00,-0.657775013656348,0.7385801481603864,0.06201898800851829
2012-01-11 02:23:00,-0.6513035057928819,0.7435792046875652,0.061470121303129885
2012-01-11 02:24:00,-0.6523161413360173,0.7427395544572932,0.061777615477848824
2012-01-11 02:25:00,-0.5888860707858785,0.786449549696464,0.07466054306548615
2012-01-11 02:26:00,-0.5652160493443104,0.8026476339885172,0.0726055883642185
2012-01-11 02:27:00,-0.5594716397095697,0.8062900052497514,0.07177804750740609
2012-01-11 02:28:00,-0.5538555715835164,0.8097174463911918,0.07127282669635662
2012-01-11 02:29:00,-0.558818615871514,0.8066607059249732,0.07295455242480611
2012-01-11 02:30:00,-0.560206101795351,0.80591006394836,0.0729008291934627
2012-01-11 02:31:00,-0.5592677209822419,0.8065345640439295,0.07153487614306789
2012-01-11 02:32:00,-0.5582044251082182,0.8070386426460843,0.07078131957424416
2012-01-11 02:33:00,-0.558021771396674,0.8071427830362482,0.07017599270241422
2012-01-11 02:34:00,-0.5587405890432816,0.8066563056267972,0.07067500463596187
2012-01-11 02:35:00,-0.5569845796444992,0.8079416816161907,0.07028312968834081
2012-01-11 02:36:00,-0.5580569676277449,0.8072865261099955,0.06817639565662985
2012-01-11 02:37:00,-0.5588449153609992,0.807105136040743,0.06725531544904274
2012-01-11 02:38:00,-0.5582988928744487,0.8073495970505173,0.06735970582872244
2012-01-11 02:39:00,-0.5570702558671019,0.8081587629928704,0.06745523743614103
2012-01-11 02:40:00,-0.552628858195972,0.8107172919211689,0.06823955792915978
2012-01-11 02:41:00,-0.5503710545378133,0.8121909028880888,0.06750020827785963
2012-01-11 02:42:00,-0.5496348641998658,0.8125605279348675,0.06749630113376193
2012-01-11 02:43:00,-0.5492518985481233,0.8126856919718721,0.06753640738765591
2012-01-11 02:44:00,-0.5486630454644114,0.813136478073896,0.0691943324190152
2012-01-11 02:45:00,-0.5482838819674343,0.8132044382346133,0.06761196807289194
2012-01-11 02:46:00,-0.548390041735276,0.8132425741521382,0.06869296072517089
2012-01-11 02:47:00,-0.5479815280080336,0.8138395479380071,0.06788614514014407
2012-01-11 02:48:00,-0.5478607757805976,0.8137975006443259,0.06783146446507375
2012-01-11 02:49:00,-0.5475991785157589,0.8139231536033499,0.06863085260785544
2012-01-11 02:50:00,-0.5474376996503202,0.814033649979768,0.06859652970091795
2012-01-11 02:51:00,-0.5472832239632244,0.8141446352782055,0.06862068823051216
2012-01-11 02:52:00,-0.5471247657820065,0.8141382792919514,0.06854329969816113
2012-01-11 02:53:00,-0.5469370775967609,0.8141676146131243,0.06855548534559455
2012-01-11 02:54:00,-0.5469874073054956,0.8141270340855017,0.06859166511309334
2012-01-11 02:55:00,-0.546800635845312,0.8143128244529303,0.06859315447000187
2012-01-11 02:56:00,-0.5472196242835095,0.8139123973189198,0.07014838157271386
2012-01-11 02:57:00,-0.5435494929551602,0.8157502551904036,0.07248818061831229
2012-01-11 02:58:00,-0.538058054352707,0.8192651155889393,0.07180594877156914
2012-01-11 02:59:00,-0.5371001217477006,0.8197691941910941,0.07034581807458168
2012-01-11 03:00:00,-0.537052497129313,0.8197327206084357,0.07041321631026705
2012-01-11 03:01:00,-0.5368123752761739,0.8198826240996294,0.07047956039073792
2012-01-11 03:02:00,-0.5378730111446897,0.8194273399150256,0.07030019926589637
2012-01-11 03:03:00,-0.5390456978666918,0.8187654372849604,0.07033856471301415
2012-01-11 03:04:00,-0.5383540964346313,0.8192641377449003,0.0701905961370368
2012-01-11 03:05:00,-0.5380061917594423,0.81942694877741,0.07015084771564682
2012-01-11 03:06:00,-0.5378428644155998,0.8195257110253588,0.07018382633290712
2012-01-11 03:07:00,-0.5374735594701098,0.8197110124707677,0.07018585727414603
2012-01-11 03:08:00,-0.537290019090063,0.8196885220578685,0.07016645694974011
2012-01-11 03:09:00,-0.5369394694376457,0.8198674675170233,0.07013549960256996
2012-01-11 03:10:00,-0.536904874337763,0.8198513330903783,0.07014189223189812
2012-01-11 03:11:00,-0.5374664961786481,0.8194685071490715,0.07055217137560316
2012-01-11 03:12:00,-0.5373472618074623,0.819412770038843,0.07068085568095966
2012-01-11 03:13:00,-0.5370286773059794,0.8195032206124595,0.07047888341032496
2012-01-11 03:14:00,-0.536978633134559,0.8194909975619709,0.07041913505330614
2012-01-11 03:15:00,-0.5368428225708578,0.8195902487319392,0.07038369996426162
2012-01-11 03:16:00,-0.5369904603906875,0.8195878041218414,0.0704876744845448
2012-01-11 03:17:00,-0.5366484317728635,0.8197574600626248,0.07039494751026566
2012-01-11 03:18:00,-0.5366248674302847,0.8199134261868609,0.07047635924049947
2012-01-11 03:19:00,-0.5364654774957252,0.8199266270813886,0.0704186514958683
2012-01-11 03:20:00,-0.5374274677362522,0.8193833369332661,0.0718297591398081
2012-01-11 03:21:00,-0.536956466421993,0.8195975825622324,0.07211460348413888
2012-01-11 03:22:00,-0.5361109002643468,0.8197902178379347,0.0730130628747841
2012-01-11 03:23:00,-0.21815140990601317,0.748413714509065,0.15897602604234556
2012-01-11 03:24:00,0.08278951549541574,-0.15728812048470125,0.9837360890969976
2012-01-11 03:25:00,-0.11973876533749406,-0.2118077659923777,0.9969800406677222
2012-01-11 03:26:00,-0.12480950227786339,-0.21146718291356004,0.9988029845103168
2012-01-11 03:27:00,-0.14604649031990333,-0.3248937423330305,0.9531159748839801
2012-01-11 03:28:00,-0.08383423641572307,-0.29717227940833435,0.9814229920931163
2012-01-11 03:29:00,-0.09298449005190702,-0.38565303510028875,0.9492354941433999
2012-01-11 03:30:00,-0.03356459571502027,-0.350912754339557,0.9664133305381393
2012-01-11 03:31:00,-0.07075345644872769,-0.2559782524356604,0.9797627749995017
2012-01-11 03:32:00,-0.06330754498569756,-0.40476453236852983,0.9540455366890269
2012-01-11 03:33:00,-0.06186383826748124,-0.43272923399795143,0.9424556900459027
2012-01-11 03:34:00,-0.07442228031674251,-0.44453914538015094,0.9364418989568281
2012-01-11 03:35:00,-0.07458096392215594,-0.4342336470521028,0.9407200476631348
2012-01-11 03:36:00,-0.065288963551787,-0.43759811503742546,0.9400445662782237
2012-01-11 03:37:00,-0.05644157483651381,-0.4537039886365918,0.9338509788626134
2012-01-11 03:38:00,-0.05274437757641446,-0.45332018485124603,0.934375077756036
2012-01-11 03:39:00,-0.08372232081675406,-0.44903906141757255,0.931489323020825
2012-01-11 03:40:00,-0.09079272065477566,-0.4552690280211672,0.9295691744620768
2012-01-11 03:41:00,-0.09091768080052928,-0.46334993116026857,0.9258620780764063
2012-01-11 03:42:00,-0.09556459019663596,-0.4710098724405385,0.9217372847759344
2012-01-11 03:43:00,-0.09561069695877332,-0.4723543346559945,0.9210591825097103
2012-01-11 03:44:00,-0.09018060379407916,-0.4791699809468067,0.918190255573336
2012-01-11 03:45:00,-0.09510612246765146,-0.46869580452201437,0.9227632002360441
2012-01-11 03:46:00,-0.09108727493700912,-0.46613483098361813,0.9244992197936137
2012-01-11 03:47:00,-0.08901906805561875,-0.485670199196707,0.9153114060383373
2012-01-11 03:48:00,-0.09645291181004514,-0.344237770913769,0.9448019010631269
2012-01-11 03:49:00,-0.08553262739011339,0.014527633320063012,1.018547205294875
2012-01-11 03:50:00,-0.10188465808550692,0.04001521153744101,1.014946414176338
2012-01-11 03:51:00,-0.08536468636440118,-0.02018140532361959,1.0163017966611418
2012-01-11 03:52:00,-0.09769705800204828,-0.2843053919581735,0.9722510970486934
2012-01-11 03:53:00,-0.10924502858045171,0.03325055981326778,1.0145801290883272
2012-01-11 03:54:00,-0.094376213950621,-0.20998029771380944,0.98650266626608
2012-01-11 03:55:00,-0.0905462117827616,-0.37717368496135617,0.9613676020973116
2012-01-11 03:56:00,-0.08088884387618551,-0.2678193570427071,0.9785798387681784
2012-01-11 03:57:00,-0.06577559427694013,-0.02257362742696857,1.0220848051274358
2012-01-11 03:58:00,-0.07350641186663262,-0.28043733429271567,0.9773835466804223
2012-01-11 03:59:00,-0.07409531003518366,-0.03246610887900282,1.0174633789960104
2012-01-11 04:00:00,-0.08323233878522651,0.03730008088628107,1.0172972673449654
2012-01-11 04:01:00,-0.0771016723054876,0.03532855173465279,1.0176560863061361
2012-01-11 04:02:00,-0.08458506429810397,-0.0030727771084598306,1.019689251909255
2012-01-11 04:03:00,-0.08038732012584393,-0.21177461707945228,0.9877422560868199
2012-01-11 04:04:00,-0.08850789614970604,-0.2787113417793048,0.9756547611421227
2012-01-11 04:05:00,-0.08303823352454655,-0.3982876845911639,0.9544550227985339
2012-01-11 04:06:00,-0.10147579870783124,-0.4143133016408213,0.9450323645379989
2012-01-11 04:07:00,-0.10361493906943292,-0.2752340305918703,0.9552902618897566
2012-01-11 04:08:00,-0.10779090726439929,-0.21890600921048903,0.953661292277775
2012-01-11 04:09:00,-0.08677821629696827,-0.5737603306411428,0.8271328117040644
2012-01-11 04:10:00,-0.1013586232109652,-0.40963466015915373,0.9302251104553505
2012-01-11 04:11:00,-0.07004945668591,-0.30099354723652133,0.9846579816810802
2012-01-11 04:12:00,-0.07089508295667504,-0.288167215867882,0.9872468031360147
2012-01-11 04:13:00,-0.0772470408550817,-0.38714155818880486,0.9322294270217281
2012-01-11 04:14:00,-0.07595022054270976,-0.2578932866479298,0.9972765967731972
2012-01-11 04:15:00,-0.07819027580253583,-0.28452425790022445,0.9901735248573591
2012-01-11 04:16:00,-0.07904239429013377,-0.28042858258856573,0.9914518959846133
2012-01-11 04:17:00,-0.028947818019723702,-0.35457896054924404,0.9556016438662758
2012-01-11 04:18:00,-0.09497207021267581,-0.43222992238548735,0.926770769542436
2012-01-11 04:19:00,-0.06656585636526904,-0.26387698323027786,0.9958039032539747
2012-01-11 04:20:00,-0.058843815290924736,-0.2875672352115928,0.9917758891391112
2012-01-11 04:21:00,-0.06613891796710729,-0.28275846713442226,0.9923216804191949
2012-01-11 04:22:00,-0.071017217785844,-0.38213800357904615,0.9544012512114467
2012-01-11 04:23:00,-0.09847634944619195,-0.3042038825551812,0.98184946073984
2012-01-11 04:24:00,-0.09866251977518727,-0.3395759972417758,0.9718200636197565
2012-01-11 04:25:00,-0.12551087209173256,-0.34455715922303914,0.9620032286781963
2012-01-11 04:26:00,-0.15299688934447417,-0.4323132346976184,0.9220555816238146
2012-01-11 04:27:00,-0.11499310511544066,-0.35259425494918895,0.9641392856329376
2012-01-11 04:28:00,-0.09669062913843131,-0.36673837783711793,0.945519036085733
2012-01-11 04:29:00,-0.08337342427510445,-0.3194677346522807,0.9798945057167165
2012-01-11 04:30:00,-0.0715292012188608,-0.309343870854495,0.9818089192842521
2012-01-11 04:31:00,-0.12681942949055472,-0.36388590899066675,0.9577641417417179
2012-01-11 04:32:00,-0.0905638850396956,-0.30719884772422984,0.9826752511187276
2012-01-11 04:33:00,-0.10101976556015908,-0.43420365168620356,0.9088090671986696
2012-01-11 04:34:00,-0.11277163983761065,-0.21418893845808487,0.9995048197755897
2012-01-11 04:35:00,-0.08625338368480302,-0.18944530398565224,1.00612669401389
2012-01-11 04:36:00,-0.05392480386246505,-0.09025722940388368,1.0196771242887142
2012-01-11 04:37:00,-0.04978165743037613,-0.005672179917592585,1.0193264000790527
2012-01-11 04:38:00,-0.1055534068121232,-0.15460332744485433,0.9992387664732932
2012-01-11 04:39:00,-0.11001111016673402,-0.21976528965984593,0.9995940264517214
2012-01-11 04:40:00,-0.09648660521314552,-0.1896343945767127,1.0085542200498603
2012-01-11 04:41:00,-0.09591551555604584,-0.23699957083402967,1.0006740616602734
2012-01-11 04:42:00,-0.11415697671744969,-0.2363537048462058,0.9982998139828037
2012-01-11 04:43:00,-0.10355876335989268,-0.24685790108299846,0.9974139657701371
2012-01-11 04:44:00,-0.10987593079078044,-0.2235507928423029,1.0015384979495927
2012-01-11 04:45:00,-0.1098706558646037,-0.22531237887873695,1.0013356939601648
2012-01-11 04:46:00,-0.09784543220758353,-0.046334601978411216,1.008028090215199
2012-01-11 04:47:00,-0.09591431329366937,-0.24676549482130375,0.9746301512870952
2012-01-11 04:48:00,-0.11187332441819714,-0.3809809207275821,0.9527100961129595
2012-01-11 04:49:00,-0.09391171988147448,-0.3986221805908382,0.9273751776551342
2012-01-11 04:50:00,-0.08377078701880522,-0.3490422364771675,0.9718385645273281
2012-01-11 04:51:00,-0.030661733207050096,-0.41201507479573063,0.953213566446084
2012-01-11 04:52:00,-0.09638662206826291,-0.41887487074490803,0.9404570697861429
2012-01-11 04:53:00,-0.0772132723105828,-0.31557867778608323,0.9820819551559509
2012-01-11 04:54:00,-0.08326885750491159,-0.2607345102879314,0.9926018245852299
2012-01-11 04:55:00,-0.058861248095383456,-0.39973670278050055,0.9374334238119589
2012-01-11 04:56:00,-0.10175391205206656,-0.14728792951176042,1.005320922912929
2012-01-11 04:57:00,-0.011094898001833317,-0.14724341316188053,1.0147097128105182
2012-01-11 04:58:00,-0.03358719824769778,-0.14514041287919557,1.0162130155155555
2012-01-11 04:59:00,-0.10273309464457694,0.02900691225239265,1.0003076218338827
2012-01-11 05:00:00,-0.06872686287384265,-0.09693059938700717,1.0139392414025188
2012-01-11 05:01:00,-0.09055960197997945,-0.07989198480504679,1.0177637552052443
2012-01-11 05:02:00,-0.040608966572591436,-0.12306815053717325,1.0194960513705427
2012-01-11 05:03:00,-0.08557849369977545,-0.2547213806000065,0.9940439185897861
2012-01-11 05:04:00,-0.14575366428983602,-0.1321647647257861,1.0061762586512681
2012-01-11 05:05:00,-0.1054204666498458,-0.15026497568879263,1.009197999409147
2012-01-11 05:06:00,-0.15035216759701034,-0.2147132828779499,0.9961694823481265
2012-01-11 05:07:00,-0.15637643385643227,-0.21742291315638992,0.9953691657750641
2012-01-11 05:08:00,-0.1404745001382271,-0.2411744270667543,0.9931278673795526
2012-01-11 05:09:00,-0.13006815282767392,-0.18532085561314307,1.00384252341594
2012-01-11 05:10:00,-0.10350926020654182,-0.2475744407487481,0.9899617653841826
2012-01-11 05:11:00,-0.08847122714722393,-0.1896551737625435,1.0053156134522614
2012-01-11 05:12:00,-0.07604782921939886,-0.17979882364775393,1.0071744759413386
2012-01-11 05:13:00,-0.057510476258867745,-0.1394814338561308,1.0150223520363757
2012-01-11 05:14:00,-0.10580672349484399,-0.1671024721980116,1.0104613995981258
2012-01-11 05:15:00,-0.09268601338867034,-0.1352411354110896,1.0153516256380946
2012-01-11 05:16:00,-0.07008411189891156,-0.12655753809849055,1.018003764103939
2012-01-11 05:17:00,-0.08360863188077976,-0.26168409463429887,0.9907165501888984
2012-01-11 05:18:00,-0.06251242876302368,-0.2535693580914448,0.994224981836809
2012-01-11 05:19:00,-0.04003699024698912,-0.34027874930657415,0.9772975895102729
2012-01-11 05:20:00,-0.04289285932431929,-0.29884627506496625,0.9864047555560672
2012-01-11 05:21:00,-0.0057152547721114975,-0.2788622231145375,0.9896683524020533
2012-01-11 05:22:00,-0.06256904029267539,-0.28486122295609745,0.98742076775985
2012-01-11 05:23:00,-0.0508122367394803,-0.26961460536018705,0.9929180711495738
2012-01-11 05:24:00,-0.002121632415744445,-0.3048592091840833,0.9881471097160723
2012-01-11 05:25:00,-0.0976320005792019,-0.32758166447380255,0.9780713297665518
2012-01-11 05:26:00,-0.006013506011152582,-0.29519053178649746,0.9887965176839353
2012-01-11 05:27:00,0.005227376699742768,-0.35638973214084474,0.9739253373080052
2012-01-11 05:28:00,-0.04162468291306659,-0.3548383825728166,0.9726702736492546
2012-01-11 05:29:00,-0.0823812873054877,-0.3489617354666487,0.9731571966468564
2012-01-11 05:30:00,-0.0800424962479946,-0.34390359271340737,0.9728672362648334
2012-01-11 05:31:00,-0.056798376253288645,-0.3386850346455521,0.9778334775340296
2012-01-11 05:32:00,-0.052871171172292196,-0.32136242970853685,0.9839040189240087
2012-01-11 05:33:00,-0.04336892516883927,-0.3403759958962624,0.9780248405544784
2012-01-11 05:34:00,-0.09681235820404818,-0.30128648486453397,0.9805334978573685
2012-01-11 05:35:00,-0.10290214776298735,-0.3412265735336713,0.9730417134595527
2012-01-11 05:36:00,-0.12174779085340305,-0.28371086278240226,0.9865620761328922
2012-01-11 05:37:00,-0.11946308657457108,-0.2794029953142594,0.9880146149781058
2012-01-11 05:38:00,-0.09529387076601588,-0.2571545499224927,0.9965691232281991
2012-01-11 05:39:00,-0.0970844602364012,-0.2295416765783383,0.9992045015932483
2012-01-11 05:40:00,-0.10518616074095286,-0.1582500256659614,1.0124934626902864
2012-01-11 05:41:00,-0.09806525085484011,-0.22626382112877877,0.9990199373903756
2012-01-11 05:42:00,-0.167102462732887,-0.21400923516979972,0.994094247247916
2012-01-11 05:43:00,-0.16182839316809836,-0.19531691519501873,0.9968618495587666
2012-01-11 05:44:00,-0.11866060649484135,-0.1240888974834861,1.0140664460221156
2012-01-11 05:45:00,-0.1380250859138197,-0.1218572618174579,1.0108216402181638
2012-01-11 05:46:00,-0.14571538726142536,-0.13624056535735013,1.008374210958052
2012-01-11 05:47:00,-0.11120600868614128,-0.12180074243199807,1.015413898164939
2012-01-11 05:48:00,-0.10767370171097385,-0.1395735223185128,1.0141886119732102
2012-01-11 05:49:00,-0.09810742020769456,-0.13049028014713462,1.014513204738931
2012-01-11 05:50:00,-0.11068430195615482,-0.23774507912943757,0.9928693382309888
2012-01-11 05:51:00,-0.10136117801851519,-0.31468507501095405,0.9783882436401597
2012-01-11 05:52:00,-0.08979165688701365,-0.317256120342953,0.9790329997854708
2012-01-11 05:53:00,-0.08185848351108271,-0.2741056474629538,0.993859973340434
2012-01-11 05:54:00,-0.07674350331525953,-0.2728526870034563,0.9946976012053995
2012-01-11 05:55:00,-0.04839750778463386,-0.2657412184447162,0.9961527319184799
2012-01-11 05:56:00,-0.051149711788553494,-0.1491483022422443,1.011339830039696
2012-01-11 05:57:00,-0.10605873271723036,-0.2623252914168361,0.9927238841536881
2012-01-11 05:58:00,-0.10272588107031817,-0.16588953000581416,1.0079673360587094
2012-01-11 05:59:00,-0.13728452234647784,-0.223364317984047,0.9964619572288261
2012-01-11 06:00:00,-0.05629874606618999,-0.18610540433181197,1.0089716171590504
2012-01-11 06:01:00,-0.08540691583037445,-0.315158595986887,0.9828913626088446
2012-01-11 06:02:00,-0.04898835962954665,-0.23644576886248683,1.0025847034797937
2012-01-11 06:03:00,-0.0358803784762838,-0.22885422777275183,1.0025235334639078
2012-01-11 06:04:00,-0.028883496982582926,-0.2629836982544614,0.9955346874860349
2012-01-11 06:05:00,-0.039322681084293265,-0.3499427330527723,0.9728876810733049
2012-01-11 06:06:00,-0.08409027321707059,-0.3505285105243936,0.9701260748746836
2012-01-11 06:07:00,-0.0722456744538343,-0.25927114223732106,0.9975681045390213
2012-01-11 06:08:00,-0.10711700914583232,-0.2858919194655081,0.985165494554385
2012-01-11 06:09:00,-0.08877116155359206,-0.19001580264416262,1.0023353038956562
2012-01-11 06:10:00,-0.06340195263880932,-0.2592876678015818,0.9905336977793557
2012-01-11 06:11:00,-0.09407548304542847,-0.3813506924509668,0.9606380396485532
2012-01-11 06:12:00,-0.11605921127776932,-0.17608198956294252,0.9803146494321534
2012-01-11 06:13:00,-0.06515222123474401,-0.39496695068049,0.9448206340782687
2012-01-11 06:14:00,-0.07628948395706796,-0.32884396334387345,0.977733100681084
2012-01-11 06:15:00,-0.10857605973762824,-0.3283540634802856,0.9742122222647237
2012-01-11 06:16:00,-0.059347458028704836,-0.269829217680668,0.9967223722513976
2012-01-11 06:17:00,-0.044105235733024384,-0.33866303315467244,0.9782097819321525
2012-01-11 06:18:00,-0.05657831715355678,-0.4250275632233131,0.9140856072757244
2012-01-11 06:19:00,-0.05709755924567149,-0.30517874416995944,0.9868255472384708
2012-01-11 06:20:00,-0.05982247189364542,-0.28422990239835516,0.9917194966707108
2012-01-11 06:21:00,-0.06488674667374125,-0.3181230524219158,0.9777376364498509
2012-01-11 06:22:00,-0.09347059478727046,-0.248968895240703,0.9446019597337312
2012-01-11 06:23:00,-0.10343952898870695,-0.05026108582520508,0.9508039803910573
2012-01-11 06:24:00,-0.06862076321911978,-0.11343682678188094,0.9906698772249987
2012-01-11 06:25:00,-0.09359550984818497,-0.28020925217059617,0.9717284198141382
2012-01-11 06:26:00,-0.08940905191398396,-0.45094231260917084,0.925690018668876
2012-01-11 06:27:00,-0.13442836773183325,-0.24654882902834072,0.9479872002887788
2012-01-11 06:28:00,-0.16397515286751088,-0.28077833295524995,0.9571252753259996
2012-01-11 06:29:00,-0.17462955696288782,-0.6723817934944565,0.7682451482399871
2012-01-11 06:30:00,-0.1660910144238483,-0.5123870984939374,0.8284839388834152
2012-01-11 06:31:00,-0.1705513627556873,-0.42031474609247904,0.9125298579309795
2012-01-11 06:32:00,-0.16428979995971096,-0.5524829821646039,0.8590136181844088
2012-01-11 06:33:00,-0.16437180928206546,-0.5609426043000477,0.8561664223192906
2012-01-11 06:34:00,-0.15172761586880296,-0.49476187527292237,0.8838143217272121
2012-01-11 06:35:00,-0.20450947397480365,-0.3226278576795329,0.9563120477693472
2012-01-11 06:36:00,-0.25193965647961497,-0.37096645323167043,0.9264674339616825
2012-01-11 06:37:00,-0.18962465422708627,-0.31450757187175693,0.961688152322852
2012-01-11 06:38:00,-0.1986100927197368,-0.25243765029279536,0.9757022754959643
2012-01-11 06:39:00,-0.22034472721595424,-0.2574721292202905,0.9684837880908639
2012-01-11 06:40:00,-0.2048063426121118,-0.2670152758893572,0.9698461241316236
2012-01-11 06:41:00,-0.15183822400743757,-0.2873404242867241,0.9752706617981021
2012-01-11 06:42:00,-0.21656661769791893,-0.35525391739723106,0.940013589588756
2012-01-11 06:43:00,-0.13895130884864687,-0.2776653664567832,0.9807341741940698
2012-01-11 06:44:00,-0.1445083008071767,-0.2611370642327268,0.9831559555676788
2012-01-11 06:45:00,-0.18251032672748466,-0.26299936820518793,0.9758405825943338
2012-01-11 06:46:00,-0.12740461567401842,-0.2425690282353151,0.9894168541786356
2012-01-11 06:47:00,-0.0863428921187307,-0.3014382951516038,0.9810339701343784
2012-01-11 06:48:00,-0.11587461891814313,-0.31873887415163843,0.971128663523992
2012-01-11 06:49:00,-0.15282165960310468,-0.2799266552432971,0.974888042139841
2012-01-11 06:50:00,-0.13885499260401246,-0.27453866124956716,0.9801767872066268
2012-01-11 06:51:00,-0.18312363082227792,-0.2619143280133044,0.9746510796530047
2012-01-11 06:52:00,-0.2106420490460652,-0.28104362204305705,0.9636054382215683
2012-01-11 06:53:00,-0.16929360094227072,-0.28199501540089694,0.9720165426778975
2012-01-11 06:54:00,-0.1691069196517654,-0.29435953547597155,0.9682843980169471
2012-01-11 06:55:00,-0.18897797232306648,-0.34280513161208725,0.9497965368250729
2012-01-11 06:56:00,-0.1825594391455632,-0.2964637336176043,0.9650576289054265
2012-01-11 06:57:00,-0.19589986270103546,-0.2962767453912279,0.9616881329805546
2012-01-11 06:58:00,-0.20041940742663558,-0.3047850152676168,0.9577033972563771
2012-01-11 06:59:00,-0.21640650640593345,-0.3475406836168304,0.9417908759380704
2012-01-11 07:00:00,-0.2087188199789966,-0.35328581069973963,0.9415764278855396
2012-01-11 07:01:00,-0.2184101668259875,-0.31574493571883083,0.9505417858771146
2012-01-11 07:02:00,-0.21527988136122958,-0.2763866886990574,0.9617710147253994
2012-01-11 07:03:00,-0.19478653768387122,-0.2719534616251023,0.9675872435876723
2012-01-11 07:04:00,-0.2266850983107077,-0.2610703263770584,0.9622896687620719
2012-01-11 07:05:00,-0.21085496971293682,-0.2646816999822531,0.9639142670148156
2012-01-11 07:06:00,-0.1676063459231424,-0.2674988686588929,0.9722624606484825
2012-01-11 07:07:00,-0.18954339631871706,-0.26310514648411726,0.9686659731911424
2012-01-11 07:08:00,-0.20619734515339994,-0.2705119483887658,0.9631296177027392
2012-01-11 07:09:00,-0.21524528626134687,-0.30108253104407917,0.9530606075573481
2012-01-11 07:10:00,-0.22147281000378957,-0.319963648256709,0.9453503132245237
2012-01-11 07:11:00,-0.22104056662289168,-0.341445732828934,0.938791417506927
2012-01-11 07:12:00,-0.19745909180535018,-0.2364601187237606,0.9721076158857392
2012-01-11 07:13:00,-0.16324928695772128,-0.24231231972895104,0.9774121539384446
2012-01-11 07:14:00,-0.09884493303425615,-0.2975655193886574,0.9736481041577459
2012-01-11 07:15:00,-0.10789948658527362,-0.2982587863662765,0.9704947293941398
2012-01-11 07:16:00,-0.14598690319086985,-0.25022161123919073,0.9769323779197739
2012-01-11 07:17:00,-0.15803548079455282,-0.20802605195557222,0.9831662069853608
2012-01-11 07:18:00,-0.13176508605893278,-0.21991712439301675,0.9855802997957082
2012-01-11 07:19:00,-0.1478995373207459,-0.23018289780697646,0.9801161394327738
2012-01-11 07:20:00,-0.17764890366685757,-0.2409911302016255,0.9721247821747823
2012-01-11 07:21:00,-0.19361523356360202,-0.2680480992095529,0.9618460628397513
2012-01-11 07:22:00,-0.1484908550423296,-0.2993944055410823,0.9611981442287968
2012-01-11 07:23:00,-0.19415079636747723,-0.26136086828717525,0.9612608132727402
2012-01-11 07:24:00,-0.16633391650873294,-0.4964726867576263,0.8716908210956938
2012-01-11 07:25:00,-0.12572834632735505,-0.4421157544980557,0.9134172825408934
2012-01-11 07:26:00,-0.17545182928699005,-0.4985287505264346,0.8706079232271098
2012-01-11 07:27:00,-0.206449113923311,-0.5455445186624811,0.8307561462703532
2012-01-11 07:28:00,-0.17770604118629896,-0.4879244230600383,0.8779825803423332
2012-01-11 07:29:00,-0.18805501052493545,-0.45587529132540766,0.8929681607369061
2012-01-11 07:30:00,-0.18456093549333955,-0.43286530099599185,0.9031350525788636
2012-01-11 07:31:00,-0.17191381156553442,-0.44997476037858486,0.8970818128740103
2012-01-11 07:32:00,-0.17926215943671456,-0.4176552792132447,0.90895242263669
2012-01-11 07:33:00,-0.18383675275087702,-0.4063794906913012,0.9125110475466477
2012-01-11 07:34:00,-0.151725572022763,-0.4325916757877514,0.9095400222928489
2012-01-11 07:35:00,-0.14808390126909313,-0.4383108110762028,0.9076994910230207
